image,accuracy,coral_cover,coral_cover_pred,image_id,filename,DateTimeUTC,DateTimeLocal,latPhoto,lonPhoto,NorthPhoto_UTM,EastPhoto_UTM,Depth_WaterSurface,HoboTempPhoto,photo_tide
coco_train/train\GPAB3090_jpg.rf.125d5f6ed38bdc5cbae2b664e2362386.jpg,0.8867769241333008,0.6007637457919086,0.5696310706460056,GPAB3090,GPAB3090.JPG,2024-10-03 23:29:46.891,2024-10-04 11:29:46.891,7.18198188811,171.12081489287002,793868.1689682072,513338.90208848723,-1.713360244309154,31.786416015625,-0.65965545
coco_train/train\GPAB6706_jpg.rf.cb010cdced4c1802c4c01e3ba7e02cc2.jpg,0.8101978302001953,0.3888334104696739,0.3767156434419067,GPAB6706,GPAB6706.JPG,2024-10-04 01:30:26.123,2024-10-04 13:30:26.123,7.169099500050001,171.13535498519002,792444.4997021761,514944.664152283,-4.875002950148463,31.301113926757814,-0.13451693333333345
coco_train/train\GPAB3200_jpg.rf.06b39b4ef0f72de364bef81911229eb2.jpg,0.7928752899169922,0.4043282128886183,0.2193354240162236,GPAB3200,GPAB3200.JPG,2024-10-03 23:33:27.111,2024-10-04 11:33:27.111,7.18286926572,171.11915339727,793966.2184344176,513155.4343093257,-2.89453125,32.429921875,-0.6510963000000001
coco_train/train\GPAB3261_jpg.rf.8999c48d44cc28e7c338a83f1c9f0ff3.jpg,0.9837570190429688,0.9857937905565916,0.9973277539113886,GPAB3261,GPAB3261.JPG,2024-10-03 23:35:29.233,2024-10-04 11:35:29.233,7.182441730159999,171.11915499369,793918.9554361686,513155.6228559433,-1.8116942033028542,32.48898284277343,-0.6440511333333335
coco_train/train\GPAB6665_jpg.rf.1b65939da5c873cbe5254fc52cc442d4.jpg,0.9218244552612305,0.19157882405808846,0.26322056064356675,GPAB6665,GPAB6665.JPG,2024-10-04 01:29:04.000,2024-10-04 13:29:04.000,7.169316994,171.136450482,792468.5789498037,515065.6120043328,-1.6973860159705518,31.237291015625004,-0.1454666666666668
coco_train/train\GPAB6688_jpg.rf.57296e4a40af7ca9cfdf1f0f28a97d2c.jpg,0.9399623870849609,0.12051128911148537,0.16262389024490947,GPAB6688,GPAB6688.JPG,2024-10-04 01:29:50.000,2024-10-04 13:29:50.000,7.169201204,171.135858382,792455.759250491,515000.241415584,-2.1580067164138055,31.3273818359375,-0.13933333333333345
coco_train/train\GPAB6651_jpg.rf.5316b34793087787dd67e7e0da128a58.jpg,0.9122486114501953,0.4130497404570184,0.4408937189254172,GPAB6651,GPAB6651.JPG,2024-10-04 01:28:36.000,2024-10-04 13:28:36.000,7.169392521,171.136827706,792476.9406777832,515107.2592108031,-1.6215006189221755,31.271611328124997,-0.15000000000000013
coco_train/train\GPAB6743_jpg.rf.0ee30ee003eb99a660a748a583191988.jpg,0.8987960815429688,0.45723254014130355,0.5403746329622467,GPAB6743,GPAB6743.JPG,2024-10-04 01:31:40.197,2024-10-04 13:31:40.197,7.16891060314,171.13439135116002,792423.5863400948,514838.274384631,-1.813924515571169,31.24073591699219,-0.12330050000000012
coco_train/train\GPAB6714_jpg.rf.8e1aac5423a5e428027a8bd98ada5e69.jpg,0.907902717590332,0.4641738505885087,0.49546783990720594,GPAB6714,GPAB6714.JPG,2024-10-04 01:30:42.139,2024-10-04 13:30:42.139,7.169057979549999,171.13513705483,792439.9026208395,514920.60357514035,-5.252205352991271,31.271611328124997,-0.13238146666666678
coco_train/train\GPAB6713_jpg.rf.d991c480a6e4da69850a6e3da6da04bd.jpg,0.7731533050537109,0.31570335859948573,0.3295629346120682,GPAB6713,GPAB6713.JPG,2024-10-04 01:30:40.137,2024-10-04 13:30:40.137,7.1690614323099995,171.13516344986002,792440.2851731871,514923.517767007,-4.386167476909542,31.271611328124997,-0.1326484000000001
coco_train/train\GPAB3025_jpg.rf.0e7dd03ddf2d70bda47a0516e862f4c9.jpg,0.9095830917358398,0.11878484338122187,0.05449058328516313,GPAB3025,GPAB3025.JPG,2024-10-03 23:27:36.761,2024-10-04 11:27:36.761,7.181611070430001,171.11936024494,793827.133868634,513178.30811254133,-1.6505947402376657,31.545148508789058,-0.661
coco_train/train\GPAB6739_jpg.rf.4d32d55f2ea6573a4c99327645b6c1e2.jpg,0.9218006134033203,0.20157166094065368,0.2787931395386799,GPAB6739,GPAB6739.JPG,2024-10-04 01:31:32.189,2024-10-04 13:31:32.189,7.16892010284,171.13447748312998,792424.6392940213,514847.78400516923,-1.7793849382944296,31.271611328124997,-0.12463516666666678
coco_train/train\GPAB2989_jpg.rf.4f541ca61fc23dd272943a2aa4022b0e.jpg,0.7087059020996094,0.7168830645083855,0.43692231762376543,GPAB2989,GPAB2989.JPG,2024-10-03 23:26:24.689,2024-10-04 11:26:24.689,7.18162410047,171.11952957446,793828.579181038,513197.0030716784,-1.8704190997280674,31.493359157226553,-0.6604114833333334
coco_train/train\GPAB6725_jpg.rf.990d5f2625903257e8bc17df9fa2bf20.jpg,0.918431282043457,0.2114636764652224,0.1844041841823772,GPAB6725,GPAB6725.JPG,2024-10-04 01:31:04.161,2024-10-04 13:31:04.161,7.16900298417,171.13484529288002,792433.8135400076,514888.3916038072,-4.975761548808768,31.228710937500004,-0.1293065000000001
coco_train/train\GPAB6694_jpg.rf.67e4d8af87f25847383602bf3d39837a.jpg,0.851923942565918,0.21180166806536296,0.33819612346679523,GPAB6694,GPAB6694.JPG,2024-10-04 01:30:02.000,2024-10-04 13:30:02.000,7.169165298,171.135689272,792451.7844051031,514981.57097335777,-4.442040755610942,31.275901367187497,-0.13773333333333346
coco_train/train\GPAB3031_jpg.rf.fb95fce5eff83312342fb3c822f020f4.jpg,0.8951349258422852,0.17866600860726337,0.25851556393706443,GPAB3031,GPAB3031.JPG,2024-10-03 23:27:48.773,2024-10-04 11:27:48.773,7.18152035736,171.11949011228,793817.1094900925,513192.6491211966,-1.652272927941184,31.59668045800781,-0.661
coco_train/train\GPAB2952_jpg.rf.4c5df035af0e0688e303e300b81967a9.jpg,0.9394588470458984,0.16322881839288836,0.13479143421742462,GPAB2952,GPAB2952.JPG,2024-10-03 23:25:10.615,2024-10-04 11:25:10.615,7.18165717875,171.1196474574,793832.2393025958,513210.017337189,-1.933986998466123,31.443212890625,-0.6608230833333334
coco_train/train\GPAB4093_jpg.rf.885f17112c89b85f617b50199b5001d7.jpg,0.8734588623046875,0.38794906312953337,0.37065579972461365,GPAB4093,GPAB4093.JPG,2024-10-04 00:03:14.897,2024-10-04 12:03:14.897,7.17584147574,171.12690752943,793189.5426382795,514011.7654038577,-3.639501362200935,31.185810546874997,-0.5982551500000001
coco_train/train\GPAB3092_jpg.rf.3bad61d847234ef79c48d0ea084de422.jpg,0.79351806640625,0.8321602848347394,0.6592833425832928,GPAB3092,GPAB3092.JPG,2024-10-03 23:29:50.895,2024-10-04 11:29:50.895,7.18196865065,171.1208785949,793866.7074528929,513345.93568328663,-1.6549656534731565,31.786416015625,-0.6594552500000002
coco_train/train\GPAB3414_jpg.rf.79f5f83a7d2e3362e7ffb0a7840a4535.jpg,0.858281135559082,0.8529525294638416,0.9950943207809142,GPAB3414,GPAB3414.JPG,2024-10-03 23:40:35.539,2024-10-04 11:40:35.539,7.18250852007,171.11917022070998,793926.3393397228,513157.302117723,-2.0790131098393303,32.45103744726562,-0.6318153666666668
coco_train/train\GPAB3124_jpg.rf.92bf37e1d4aa0722678a51604b6e4ba1.jpg,0.8925266265869141,0.465817718825556,0.3945302972981796,GPAB3124,GPAB3124.JPG,2024-10-03 23:30:54.959,2024-10-04 11:30:54.959,7.18194740729,171.12084499048,793864.3580711955,513342.2261082077,-2.273749828539728,32.00932215527344,-0.6580840166666668
coco_train/train\GPAB6736_jpg.rf.5f196747695b52b1c60eac92e55965fc.jpg,0.843684196472168,0.39697977619578934,0.3327872976611365,GPAB6736,GPAB6736.JPG,2024-10-04 01:31:26.183,2024-10-04 13:31:26.183,7.16894337818,171.13455720401998,792427.2149066468,514856.5853244711,-1.8184826048314324,31.271611328124997,-0.12563616666666677
coco_train/train\GPAB2911_jpg.rf.a892723d63b47464304a3bf61c90205b.jpg,0.9753923416137695,0.20827388073889572,0.21063694132965127,GPAB2911,GPAB2911.JPG,2024-10-03 23:23:48.533,2024-10-04 11:23:48.533,7.1818067895199995,171.11958187100998,793848.7765287331,513202.7717598418,-1.9182161260255344,31.424049286132806,-0.6601911166666667
coco_train/train\GPAB6738_jpg.rf.7f615b6ddeadc841aab14743084008fa.jpg,0.8565473556518555,0.21831472779193545,0.23143206656898196,GPAB6738,GPAB6738.JPG,2024-10-04 01:31:30.187,2024-10-04 13:31:30.187,7.1689292051199995,171.13450362028,792425.6463748636,514850.6695425962,-1.7343474034941393,31.271611328124997,-0.12496883333333345
coco_train/train\GPAB3068_jpg.rf.f079ef9d00e8ebeea16a9fd4dca0c364.jpg,0.7542018890380859,0.7365701150131644,0.5039666002846043,GPAB3068,GPAB3068.JPG,2024-10-03 23:29:02.847,2024-10-04 11:29:02.847,7.18220460289,171.12017676875,793892.7710360206,513268.4416743356,-2.3103211573301174,31.57125768652343,-0.6618576500000001
coco_train/train\GPAB5916_jpg.rf.d72c77ea11466eba34b333085f39bc94.jpg,0.8055591583251953,0.3385744436101344,0.4013006915384955,GPAB5916,GPAB5916.JPG,2024-10-04 01:04:04.543,2024-10-04 13:04:04.543,7.16932066661,171.13322219640003,792468.8802615869,514709.1735353877,-1.8700283448927062,31.52239414160156,-0.30209140000000007
coco_train/train\GPAB3120_jpg.rf.5603d780549b726b1d30303f98c1122b.jpg,0.5866966247558594,0.5384993557035123,0.28354038519519975,GPAB3120,GPAB3120.JPG,2024-10-03 23:30:46.951,2024-10-04 11:30:46.951,7.181898669340001,171.12092381255002,793858.9725015343,513350.93011153804,-1.793066161387885,32.000917968749995,-0.6582174833333334
coco_train/train\GPAB6884_jpg.rf.fc4d3d0c8326c5b6c3cf32a04a8006f7.jpg,0.8210086822509766,0.07194804147310566,0.18740866065067224,GPAB6884,GPAB6884.JPG,2024-10-04 01:36:22.479,2024-10-04 13:36:22.479,7.1688979698,171.13539749561,792422.2223936402,514949.3643442677,-1.8049468223718568,31.057109375000003,-0.08537745000000012
coco_train/train\GPAB6208_jpg.rf.c473a27a0a8d6f6587dc146ae5eb3014.jpg,0.9617185592651367,0.06422416524716595,0.08859892879707637,GPAB6208,GPAB6208.JPG,2024-10-04 01:13:49.127,2024-10-04 13:13:49.127,7.16988627398,171.13720448762,792531.5363234461,515148.8437423909,-4.449550425318252,31.469497959960933,-0.23572486666666675
coco_train/train\GPAB4410_jpg.rf.9548ace7ba62af809617e4b4a701449f.jpg,0.8813095092773438,0.5076000099861154,0.42934535251947775,GPAB4410,GPAB4410.JPG,2024-10-04 00:13:49.531,2024-10-04 12:13:49.531,7.17058381995,171.13335149097998,792608.523015039,514723.4085186233,-1.653111735781542,31.342529963867186,-0.5486979333333334
coco_train/train\GPAB3102_jpg.rf.a6765907f9771f066375b21716880e39.jpg,0.8251829147338867,0.5041125512028468,0.41792949418404796,GPAB3102,GPAB3102.JPG,2024-10-03 23:30:10.915,2024-10-04 11:30:10.915,7.181838991549999,171.12094180095002,793852.3757869997,513352.9179147675,-3.0662345305877095,31.906172456054684,-0.6588180833333332
coco_train/train\GPAB6680_jpg.rf.838f9dbec7aa1cd9ac863c3ff99e066c.jpg,0.9554719924926758,0.2457323759465205,0.21544467980096904,GPAB6680,GPAB6680.JPG,2024-10-04 01:29:34.000,2024-10-04 13:29:34.000,7.169237045,171.136054161,792459.7277897578,515021.8564096563,-1.8008656237559215,31.318801757812505,-0.1414666666666668
coco_train/train\GPAB3150_jpg.rf.6c8b56def24a487f2d90b80b7048e1f4.jpg,0.8708200454711914,0.5426896833825278,0.4613729372430256,GPAB3150,GPAB3150.JPG,2024-10-03 23:31:47.000,2024-10-04 11:31:47.000,7.18225485,171.120184701,793898.3259648548,513269.3160003807,-1.724583198465142,32.129619140625,-0.6572166666666668
coco_train/train\GPAB6596_jpg.rf.2ff0ce0a9390ffcde484219f10b26580.jpg,0.8947076797485352,0.18717245061193763,0.21108439611847374,GPAB6596,GPAB6596.JPG,2024-10-04 01:26:45.903,2024-10-04 13:26:45.903,7.1696563614599995,171.13821500741,792506.1535042853,515260.4238040547,-3.3996716807427534,31.25915734472656,-0.16240970000000013
coco_train/train\GPAB6017_jpg.rf.2a7ce631b79425a164d63b2137dcb999.jpg,0.8603992462158203,0.2813280765397342,0.26738400262711653,GPAB6017,GPAB6017.JPG,2024-10-04 01:07:26.745,2024-10-04 13:07:26.745,7.16981470915,171.135546364,792523.5706129366,514965.77115095983,-2.977653953488237,31.443212890625,-0.27477125000000013
coco_train/train\GPAB7062_jpg.rf.2c7208719da7236acf8888944147a4c5.jpg,0.7742033004760742,0.2793510177195937,0.4136402655538549,GPAB7062,GPAB7062.JPG,2024-10-04 01:42:18.835,2024-10-04 13:42:18.835,7.16903530485,171.1368833331,792437.4531053411,515113.4128299322,-1.66770584331926,31.228710937500004,-0.04048866666666682
coco_train/train\GPAB6033_jpg.rf.48634e5136cd5e5e2238da211896211a.jpg,0.9204397201538086,0.2955621318820179,0.30259754226335306,GPAB6033,GPAB6033.JPG,2024-10-04 01:07:58.777,2024-10-04 13:07:58.777,7.1698890748699995,171.13588483674,792531.802616167,515003.1398034479,-2.971095751825236,31.467996446289057,-0.2721019166666668
coco_train/train\GPAB6689_jpg.rf.a04eec44b5731bb373922f7f4ba9573a.jpg,0.9139289855957031,0.22610965907017744,0.2417283277289461,GPAB6689,GPAB6689.JPG,2024-10-04 01:29:52.000,2024-10-04 13:29:52.000,7.169194708,171.135831447,792455.0402530708,514997.26770597394,-2.5813878782837634,31.318801757812505,-0.13906666666666678
coco_train/train\GPAB7050_jpg.rf.5d195395bfbe8803ccd8968785d9d541.jpg,0.9608802795410156,0.3888055645707987,0.388970719557231,GPAB7050,GPAB7050.JPG,2024-10-04 01:41:54.811,2024-10-04 13:41:54.811,7.1690949939,171.1371846255,792444.061518298,515146.6768870659,-1.9374079819466339,31.185810546874997,-0.04360538333333347
coco_train/train\GPAB6687_jpg.rf.f4a6a527a7155e2ece923d872127b126.jpg,0.8479595184326172,0.24509672128943796,0.39340589910566653,GPAB6687,GPAB6687.JPG,2024-10-04 01:29:48.000,2024-10-04 13:29:48.000,7.169205732,171.13588757,792456.2607639667,515003.4639456292,-1.784811701638932,31.3359619140625,-0.13960000000000014
coco_train/train\GPAB3267_jpg.rf.e3a20dea0057ae4369291cfe9aaf4c33.jpg,0.9782533645629883,0.9760870942900544,0.9972547784522673,GPAB3267,GPAB3267.JPG,2024-10-03 23:35:41.245,2024-10-04 11:35:41.245,7.182465398350001,171.11912089695,793921.5709198124,513151.8576295826,-1.655565244657487,32.43745089355468,-0.6432503333333335
coco_train/train\GPAB6677_jpg.rf.460b45c3c5f61adb8b6a2efef9d2635a.jpg,0.9397697448730469,0.4723567040441847,0.4510517107944147,GPAB6677,GPAB6677.JPG,2024-10-04 01:29:28.000,2024-10-04 13:29:28.000,7.169248465,171.136124449,792460.9925442482,515029.61660783255,-1.9682982752584204,31.314511718750005,-0.1422666666666668
coco_train/train\GPAB6742_jpg.rf.530e1cc831ea0cbdda9366292822c5e5.jpg,0.7936563491821289,0.49893129360523736,0.6858185638045563,GPAB6742,GPAB6742.JPG,2024-10-04 01:31:38.195,2024-10-04 13:31:38.195,7.16892056225,171.13441745895,792424.6881399691,514841.15665289,-1.774308732500588,31.249324575195317,-0.12363416666666677
coco_train/train\GPAB3215_jpg.rf.006beb5ee5b8d23dc7a38e00e61556ec.jpg,0.9650125503540039,0.015937456190719443,0.04992001505598946,GPAB3215,GPAB3215.JPG,2024-10-03 23:33:57.141,2024-10-04 11:33:57.141,7.18285863753,171.11925683887,793965.0464841718,513166.8553644935,-1.6747238569426015,32.47282226562499,-0.6500953000000002
coco_train/train\GPAB2943_jpg.rf.785d4f902aaf6a01200939a608fa2ac6.jpg,0.756190299987793,0.35245418389431615,0.18886720962968795,GPAB2943,GPAB2943.JPG,2024-10-03 23:24:52.597,2024-10-04 11:24:52.597,7.18179962841,171.11943696119002,793847.980712926,513186.77276855626,-2.0122669070364005,31.444941776367184,-0.6608766166666667
coco_train/train\GPAB6652_jpg.rf.4816dc93a41128594dc78c8a75e9e630.jpg,0.8914699554443359,0.44101854536865087,0.3720817017877067,GPAB6652,GPAB6652.JPG,2024-10-04 01:28:38.000,2024-10-04 13:28:38.000,7.169385318,171.136800788,792476.1435174012,515104.28740411816,-1.8328344906516505,31.271611328124997,-0.14966666666666678
coco_train/train\GPAB3212_jpg.rf.18fffd5daee83a4157cdafc4403a2b74.jpg,0.009197235107421875,0.0,0.9975860486285415,GPAB3212,GPAB3212.JPG,2024-10-03 23:33:51.135,2024-10-04 11:33:51.135,7.182889294899999,171.11920356309997,793968.4340534005,513160.9724273522,-1.6721551395966445,32.46482134277343,-0.6502955000000001
coco_train/train\GPAB6711_jpg.rf.4345af58599cc6228f08d77fef12edc7.jpg,0.849513053894043,0.20024465982873813,0.223686105664624,GPAB6711,GPAB6711.JPG,2024-10-04 01:30:36.133,2024-10-04 13:30:36.133,7.16907513498,171.13521506870998,792441.8016491574,514929.2166147285,-5.75203190290056,31.271611328124997,-0.13318226666666677
coco_train/train\GPAB3121_jpg.rf.1b45c081583cecc29304e3ac5124201e.jpg,0.8942880630493164,0.12491670235422672,0.10954480597169704,GPAB3121,GPAB3121.JPG,2024-10-03 23:30:48.953,2024-10-04 11:30:48.953,7.18191316151,171.12090398872,793860.5739992075,513348.74098058394,-1.7339945180051872,32.000917968749995,-0.6581841166666668
coco_train/train\GPAB6678_jpg.rf.82cfe60ae6e10f7bf4f03fd25a99d0c4.jpg,0.9340229034423828,0.20733576200782375,0.19959460212051322,GPAB6678,GPAB6678.JPG,2024-10-04 01:29:30.000,2024-10-04 13:29:30.000,7.169246621,171.136106414,792460.788104023,515027.62540487305,-1.9896147615126378,31.314511718750005,-0.14200000000000013
coco_train/train\GPAB3122_jpg.rf.dfef5ccb273d37124bbe24778f8a3383.jpg,0.40153026580810547,0.7374083725896494,0.13740318749123814,GPAB3122,GPAB3122.JPG,2024-10-03 23:30:50.955,2024-10-04 11:30:50.955,7.181925151,171.12088413050003,793861.8988306188,513346.54812583,-1.9617614046598515,32.000917968749995,-0.6581507500000001
coco_train/train\GPAB6679_jpg.rf.2ea0641fa4b8b5262fa83d8b36690699.jpg,0.944666862487793,0.127700332038339,0.18239447844631407,GPAB6679,GPAB6679.JPG,2024-10-04 01:29:32.000,2024-10-04 13:29:32.000,7.16924275,171.13608002,792460.3593102391,515024.7113422863,-1.9534847085259996,31.314511718750005,-0.14173333333333346
coco_train/train\GPAB4628_jpg.rf.a32dd5456b0963e5b59d0ca007cce0b1.jpg,0.839019775390625,0.21332263026599554,0.08227983015922093,GPAB4628,GPAB4628.JPG,2024-10-04 00:21:05.967,2024-10-04 12:21:05.967,7.1708208102,171.13555926371,792634.7931323395,514967.162573959,-1.7523282070788608,31.786416015625,-0.5206022000000001
coco_train/train\GPAB3145_jpg.rf.d9128aab05116feac9fb4af5f6406429.jpg,0.8630886077880859,0.22893841831453576,0.23312106436627536,GPAB3145,GPAB3145.JPG,2024-10-03 23:31:37.000,2024-10-04 11:31:37.000,7.182193582,171.120312998,793891.5566491956,513283.4827750855,-3.6717042176352543,32.078138671875,-0.6573833333333334
coco_train/train\GPAB3228_jpg.rf.92aef0621bb3c3054cd3952cab4294ff.jpg,0.7186679840087891,0.4483727432819368,0.20706018362930004,GPAB3228,GPAB3228.JPG,2024-10-03 23:34:23.167,2024-10-04 11:34:23.167,7.18264550066,171.11943199017998,793941.4897439154,513186.19955971866,-3.3084672087825417,32.474255138671865,-0.6484555333333335
coco_train/train\GPAB3224_jpg.rf.3496e1b9cc1114642afead4714dc1e93.jpg,0.8854818344116211,0.4271186408128698,0.3312394497650382,GPAB3224,GPAB3224.JPG,2024-10-03 23:34:15.159,2024-10-04 11:34:15.159,7.18274942123,171.11941347125003,793952.9773842017,513184.15193248907,-1.928564232694475,32.47282226562499,-0.6489894
coco_train/train\GPAB6667_jpg.rf.c0797ceef0cde7f53784487b37dc0d16.jpg,0.8536005020141602,0.30103145050247443,0.2914975908496456,GPAB6667,GPAB6667.JPG,2024-10-04 01:29:08.000,2024-10-04 13:29:08.000,7.169304405,171.136396833,792467.1855053433,515059.68897586135,-2.1451059800927315,31.271611328125005,-0.14493333333333347
coco_train/train\GPAB4624_jpg.rf.171cc1916947444aa4cda7c4944883bc.jpg,0.9574689865112305,0.5645266293211554,0.5764245097681493,GPAB4624,GPAB4624.JPG,2024-10-04 00:20:57.959,2024-10-04 12:20:57.959,7.1708466954,171.13567124569,792637.6583333114,514979.52573416475,-1.8794506351652993,31.764789928710933,-0.5211020500000001
coco_train/train\GPAB3281_jpg.rf.55f02dc1fe6c46a6329e2a014ae50f24.jpg,0.747096061706543,0.7457170126919687,0.9957376570652727,GPAB3281,GPAB3281.JPG,2024-10-03 23:36:09.273,2024-10-04 11:36:09.273,7.18250513721,171.11905637659,793925.9621054482,513144.7329372932,-5.81895489286899,32.387021484375005,-0.6415363500000002
coco_train/train\GPAB3273_jpg.rf.7792a8041112c3f484a16677ed8557f4.jpg,0.8270158767700195,0.8191533694497842,0.6770538270827292,GPAB3273,GPAB3273.JPG,2024-10-03 23:35:53.257,2024-10-04 11:35:53.257,7.182487038800001,171.11909244636,793923.9624038818,513148.715840834,-1.6873049813618488,32.428819334960934,-0.6424495333333334
coco_train/train\GPAB5669_jpg.rf.9ff6ca653fa1cc1ec05bc94ed09c74df.jpg,0.8273334503173828,0.13454082112754767,0.2744405374834605,GPAB5669,GPAB5669.JPG,2024-10-04 00:55:50.000,2024-10-04 12:55:50.000,7.171255075,171.137531274,792682.8648593429,515184.879184978,-3.6558090733231414,32.387021484375005,-0.3600000000000001
coco_train/train\GPAB3260_jpg.rf.2a852c74755eedf1b0bbf6519188576e.jpg,0.14589500427246094,0.9302220182323423,0.07468078037651496,GPAB3260,GPAB3260.JPG,2024-10-03 23:35:27.231,2024-10-04 11:35:27.231,7.182438264689999,171.11916138718,793918.5725202152,513156.3288467623,-1.7303938332222044,32.497571500976555,-0.6441846000000002
coco_train/train\GPAB3277_jpg.rf.723ca0b955fa1ca90899447e24f64111.jpg,0.8925924301147461,0.8783806361539629,0.9844859935128658,GPAB3277,GPAB3277.JPG,2024-10-03 23:36:01.265,2024-10-04 11:36:01.265,7.18249735635,171.11907440550002,793925.1024669898,513146.7236929025,-3.9501746289606583,32.39446470214844,-0.6419367500000001
coco_train/train\GPAB6715_jpg.rf.a898d0fb7c3a95601530c5917ce4fd7a.jpg,0.8778038024902344,0.0,0.12303278326480682,GPAB6715,GPAB6715.JPG,2024-10-04 01:30:44.141,2024-10-04 13:30:44.141,7.1690539837900005,171.13511138252,792439.4600647765,514917.7691972076,-5.927349385907954,31.271611328124997,-0.13211453333333345
coco_train/train\GPAB3162_jpg.rf.8427e11d3cb16eaac10a9b2e994311b9.jpg,0.998896598815918,0.9987200488551494,0.9987094866176451,GPAB3162,GPAB3162.JPG,2024-10-03 23:32:11.000,2024-10-04 11:32:11.000,7.182380693,171.119915287,793912.2298185714,513239.56693853124,-2.9892691937973934,32.198259765625004,-0.6560833333333334
coco_train/train\GPAB6659_jpg.rf.1642ff06a30f006b30706269e90791fb.jpg,0.9777956008911133,0.04700483750477701,0.06279730298066342,GPAB6659,GPAB6659.JPG,2024-10-04 01:28:52.000,2024-10-04 13:28:52.000,7.169348461,171.136615332,792472.0629654609,515083.8122293788,-1.7988772642900017,31.271611328124997,-0.14733333333333345
coco_train/train\GPAB6675_jpg.rf.ff620a925e7b59025304d2d058117d72.jpg,0.9478826522827148,0.15439590722898738,0.11512646839106397,GPAB6675,GPAB6675.JPG,2024-10-04 01:29:24.000,2024-10-04 13:29:24.000,7.169259636,171.136174611,792462.2291144083,515035.1546809448,-1.9256653027499862,31.314511718750005,-0.14280000000000015
coco_train/train\GPAB6656_jpg.rf.5d4becc71a2154b3949645d8d64ed72e.jpg,0.9434938430786133,0.4510805168966994,0.44651859049821113,GPAB6656,GPAB6656.JPG,2024-10-04 01:28:46.000,2024-10-04 13:28:46.000,7.169364156,171.136693708,792473.8005865643,515092.4652880094,-1.8482284700818785,31.271611328124997,-0.14833333333333346
coco_train/train\GPAB3197_jpg.rf.3dc14b4a19e5446b09d9de6a624b0993.jpg,0.8976325988769531,0.20145451612469586,0.2194852157481041,GPAB3197,GPAB3197.JPG,2024-10-03 23:33:21.105,2024-10-04 11:33:21.105,7.18281844515,171.11920238335,793960.6017472934,513160.8442113252,-2.6103847825225492,32.40553300292969,-0.6512965000000002
coco_train/train\GPAB6650_jpg.rf.cedf38f1f3e5e78e3730578955f74765.jpg,0.9391460418701172,0.4274393487516395,0.40830441520731753,GPAB6650,GPAB6650.JPG,2024-10-04 01:28:34.000,2024-10-04 13:28:34.000,7.169395518,171.136846199,792477.2725976658,515109.3009431248,-1.6488130954096194,31.271611328124997,-0.15033333333333349
coco_train/train\GPAB2951_jpg.rf.42d2aa39a63a8cd50185c4c34c3d023a.jpg,0.9559669494628906,0.13266842447904165,0.15005194700445343,GPAB2951,GPAB2951.JPG,2024-10-03 23:25:08.613,2024-10-04 11:25:08.613,7.18167128111,171.1196227408,793833.7975727249,513207.28801999305,-1.819858265493361,31.443212890625,-0.66085645
coco_train/train\GPAB3144_jpg.rf.4bc949a594eacdf2d8492217745d9740.jpg,0.672480583190918,0.6341394561023808,0.34708952744549404,GPAB3144,GPAB3144.JPG,2024-10-03 23:31:34.999,2024-10-04 11:31:34.999,7.18218228506,171.12033840677,793890.308535768,513286.28843119123,-3.5832195820271897,32.06096993554688,-0.6574166833333335
coco_train/train\GPAB6822_jpg.rf.106375de053996d29e65d45e4eb95eea.jpg,0.8031778335571289,0.3028222298611738,0.354051962367708,GPAB6822,GPAB6822.JPG,2024-10-04 01:34:18.355,2024-10-04 13:34:18.355,7.16868527085,171.1340315693,792398.6647776446,514798.557735146,-5.710669226125269,31.057109375000003,-0.10224675000000011
coco_train/train\GPAB3709_jpg.rf.a45e2057dad709053cf0cfe214794ee1.jpg,0.8792018890380859,0.5014364643005974,0.5969440566289563,GPAB3709,GPAB3709.JPG,2024-10-03 23:50:26.129,2024-10-04 11:50:26.129,7.181876390779999,171.11954049554998,793856.4695913475,513198.2015727621,-1.7783400108252807,31.786416015625,-0.6205645166666667
coco_train/train\GPAB2991_jpg.rf.349d021fabfa3966b9f88f23b1096169.jpg,0.9602689743041992,0.41065115234011174,0.42101654814555917,GPAB2991,GPAB2991.JPG,2024-10-03 23:26:28.693,2024-10-04 11:26:28.693,7.1816533577,171.11948583327998,793831.8122391552,513192.1728520808,-1.8373921594233966,31.510536473632804,-0.6604782166666667
coco_train/train\GPAB6700_jpg.rf.f7961569fdb6334ea3abacfaa8f67f96.jpg,0.9536905288696289,0.012468241272231109,0.05873948337215756,GPAB6700,GPAB6700.JPG,2024-10-04 01:30:14.111,2024-10-04 13:30:14.111,7.169130419810001,171.1355234025,792447.9232942329,514963.25828189956,-5.20908849352362,31.314511718750005,-0.13611853333333346
coco_train/train\GPAB3097_jpg.rf.1d99e8ef816fb9dcb878d24c738e0e5f.jpg,0.6128463745117188,0.595198406830503,0.9846108199560994,GPAB3097,GPAB3097.JPG,2024-10-03 23:30:00.905,2024-10-04 11:30:00.905,7.1819479649,171.1209451833,793864.4226317973,513353.2881739402,-1.8466938043185603,31.854241533203126,-0.6589849166666667
coco_train/train\GPAB3152_jpg.rf.4b094425141a923f1581397e7fa15cee.jpg,0.8844985961914062,0.4535549610829558,0.3980398407598666,GPAB3152,GPAB3152.JPG,2024-10-03 23:31:51.000,2024-10-04 11:31:51.000,7.182276598,171.120133824,793900.7286819712,513263.6981497219,-1.6625186873860356,32.129619140625,-0.65715
coco_train/train\GPAB5743_jpg.rf.e977816285ab91f398c9cf38144e91de.jpg,0.9112367630004883,0.1665079130362976,0.21617059357854368,GPAB5743,GPAB5743.JPG,2024-10-04 00:58:18.197,2024-10-04 12:58:18.197,7.1703155787799995,171.13734979123,792578.9997574087,515164.87264582294,-2.3749683912438533,31.764120682617182,-0.3471803000000001
coco_train/train\GPAB3029_jpg.rf.5d51a10673dfbc7f88c36ffd7b48fa3a.jpg,0.9266996383666992,0.3673757448777949,0.36985787069132725,GPAB3029,GPAB3029.JPG,2024-10-03 23:27:44.769,2024-10-04 11:27:44.769,7.18155052254,171.1194474342,793820.4429509345,513187.9362494151,-1.6517135320400111,31.579503141601556,-0.661
coco_train/train\GPAB3272_jpg.rf.2b8771d36365460b06cf19eab013370a.jpg,0.9006891250610352,0.8995108723832057,0.998862158959754,GPAB3272,GPAB3272.JPG,2024-10-03 23:35:51.255,2024-10-04 11:35:51.255,7.18248412795,171.1190967639,793923.6407401916,513149.1926145262,-1.7338556565539767,32.429921875,-0.6425830000000001
coco_train/train\GPAB2910_jpg.rf.6a59ae7e8c4bd736c88f0483d80245eb.jpg,0.9175891876220703,0.16276311973928556,0.10450949929233008,GPAB2910,GPAB2910.JPG,2024-10-03 23:23:46.531,2024-10-04 11:23:46.531,7.181792219249999,171.11960475175,793847.1664791272,513205.29839603044,-1.9118225728934242,31.415460627929683,-0.6602244833333335
coco_train/train\GPAB3119_jpg.rf.a07bb269b747616a05385b7d94ce252b.jpg,0.8126316070556641,0.4730365280581038,0.32070217754929203,GPAB3119,GPAB3119.JPG,2024-10-03 23:30:44.949,2024-10-04 11:30:44.949,7.18188524309,171.12094256332,793857.4888076202,513353.0007371752,-1.8634344901203086,32.000917968749995,-0.6582508500000002
coco_train/train\GPAB2916_jpg.rf.7f634b0de0ff892d3d6e051ea3b40642.jpg,0.8710832595825195,0.22084486377594229,0.32741111877140056,GPAB2916,GPAB2916.JPG,2024-10-03 23:23:58.543,2024-10-04 11:23:58.543,7.181882009540001,171.11946999066,793857.0887021101,513190.4171109587,-1.9501838916860867,31.41943320410156,-0.6600242833333334
coco_train/train\GPAB6681_jpg.rf.0f833ea68a8c1dffcb4c3f6adea2c72d.jpg,0.8983602523803711,0.2641221916450781,0.3239130977506275,GPAB6681,GPAB6681.JPG,2024-10-04 01:29:36.000,2024-10-04 13:29:36.000,7.169234798,171.136029154,792459.4785710478,515019.0954339144,-1.9278687425933263,31.3273818359375,-0.14120000000000013
coco_train/train\GPAB3143_jpg.rf.dda8da8226fa5b640de9bb0a181d693d.jpg,0.8198833465576172,0.6392266137658602,0.4944778701920215,GPAB3143,GPAB3143.JPG,2024-10-03 23:31:32.997,2024-10-04 11:31:32.997,7.18217181787,171.12036375139002,793889.1521475344,513289.0869806836,-3.0438340468584912,32.043831229492184,-0.65745005
coco_train/train\GPAB2863_jpg.rf.e0d1f8749cb1c9db1972f58a2977121d.jpg,0.7182416915893555,0.4370029747101626,0.21381425441165455,GPAB2863,GPAB2863.JPG,2024-10-03 23:22:12.437,2024-10-04 11:22:12.437,,,,,,31.26919603613281,-0.6602072833333335
coco_train/train\GPAB6951_jpg.rf.fd609cc90f60eda0e6252f5f464ff693.jpg,0.8971319198608398,0.2694878082973097,0.3433745004541762,GPAB6951,GPAB6951.JPG,2024-10-04 01:38:36.613,2024-10-04 13:38:36.613,7.16919823084,171.1369354768,792455.4659062888,515119.16470169596,-1.8322469888263095,31.17390997851563,-0.06994891666666678
coco_train/train\GPAB6942_jpg.rf.ad7a548a4c1e9f9e656996478eed1274.jpg,0.7483797073364258,0.24086606506722383,0.45523435684615426,GPAB6942,GPAB6942.JPG,2024-10-04 01:38:18.595,2024-10-04 13:38:18.595,7.16915590665,171.13672765685,792450.7802281115,515096.2204717725,-1.7035846264442662,31.142910156250004,-0.07145041666666681
coco_train/train\GPAB3258_jpg.rf.c7ef61abe1c7481746e6bde8d974d808.jpg,0.519439697265625,0.8581683543841927,0.4080019511333281,GPAB3258,GPAB3258.JPG,2024-10-03 23:35:23.227,2024-10-04 11:35:23.227,7.1824323121199996,171.11917461084002,793917.9148573641,513157.7890131845,-1.9668606057813707,32.51474881738281,-0.6444515333333335
coco_train/train\GPAB3213_jpg.rf.aad7bced0969440a4a59c024517dbe40.jpg,0.013613700866699219,0.002871968397785387,0.9959844293415117,GPAB3213,GPAB3213.JPG,2024-10-03 23:33:53.137,2024-10-04 11:33:53.137,7.18288006807,171.11922162336,793967.4145679286,513162.96668446454,-1.6730113787119636,32.47282226562499,-0.6502287666666667
coco_train/train\GPAB6657_jpg.rf.e81b49fc4c8a81547b26c0fb3ee603b1.jpg,0.908146858215332,0.4150085554123786,0.4837120695648166,GPAB6657,GPAB6657.JPG,2024-10-04 01:28:48.000,2024-10-04 13:28:48.000,7.169360176,171.136669234,792473.3598024391,515089.7632194224,-1.7225939138536321,31.271611328124997,-0.14800000000000013
coco_train/train\GPAB2946_jpg.rf.4ae04bdc56ebbfb34e63f95e6dec2beb.jpg,0.9959993362426758,0.005404024788611219,0.008300958475043353,GPAB2946,GPAB2946.JPG,2024-10-03 23:24:58.603,2024-10-04 11:24:58.603,7.18175193193,171.11950449876997,793842.709923937,513194.23082997807,-1.8971346029124891,31.443212890625,-0.6609767166666667
coco_train/train\GPAB6722_jpg.rf.3905acae98248caaa1018f868607f294.jpg,0.9273204803466797,0.1952141541664186,0.20320880775383457,GPAB6722,GPAB6722.JPG,2024-10-04 01:30:58.155,2024-10-04 13:30:58.155,7.16901490135,171.13493014905,792435.1337086876,514897.76028052997,-5.862160784116668,31.249496176757813,-0.1302460000000001
coco_train/train\GPAB3192_jpg.rf.e3e951baa1d962ebeafb53b44cb70978.jpg,0.8319911956787109,0.383300718424191,0.42867801114988197,GPAB3192,GPAB3192.JPG,2024-10-03 23:33:11.000,2024-10-04 11:33:11.000,7.182740657,171.119294081,793952.005086007,513170.9705779962,-3.0689132061818776,32.301220703125004,-0.6516333333333334
coco_train/train\GPAB6691_jpg.rf.e53cc0d0f407655cd9ee813792227553.jpg,0.9122209548950195,0.24229580794395486,0.2655720987934084,GPAB6691,GPAB6691.JPG,2024-10-04 01:29:56.000,2024-10-04 13:29:56.000,7.169180876,171.135777268,792453.509388651,514991.2861969621,-3.150713330221463,31.3016416015625,-0.13853333333333345
coco_train/train\GPAB3190_jpg.rf.d4e76a4459f59060c22cf6bab4fc09c1.jpg,0.8570747375488281,0.3782318046254919,0.2931462601037404,GPAB3190,GPAB3190.JPG,2024-10-03 23:33:07.000,2024-10-04 11:33:07.000,7.182715335,171.119333808,793949.2069408701,513175.35747502244,-2.4663410285945595,32.301220703125004,-0.6517666666666667
coco_train/train\GPAB6911_jpg.rf.6054641356b5c6b94a2f979a7675620d.jpg,0.9466314315795898,0.08785093034108346,0.07385596564776283,GPAB6911,GPAB6911.JPG,2024-10-04 01:37:16.533,2024-10-04 13:37:16.533,7.169020167759999,171.13601692102,792435.7513046934,515017.7518070874,-1.9407512940689935,31.100009765624996,-0.07879560000000019
coco_train/train\GPAB3117_jpg.rf.74b472135e9c313bb3330ea9a51ede0e.jpg,0.9192876815795898,0.2471832432982603,0.19027678823481967,GPAB3117,GPAB3117.JPG,2024-10-03 23:30:40.945,2024-10-04 11:30:40.945,7.18185749815,171.12098008600003,793854.4227635316,513357.1443488932,-1.818136563724237,31.99210193847656,-0.6583175833333335
coco_train/train\GPAB6724_jpg.rf.abb977d8b1d48600b80c49827e043ca3.jpg,0.9351940155029297,0.12934612068220533,0.1747464582897241,GPAB6724,GPAB6724.JPG,2024-10-04 01:31:02.159,2024-10-04 13:31:02.159,7.16900642149,171.13487374687,792434.1944504175,514891.5331287893,-6.065637027945872,31.23231886035157,-0.12964016666666678
coco_train/train\GPAB2750_jpg.rf.6fa6e1b299c3217ba75c1aeb86c0384d.jpg,0.8560504913330078,0.2729320579271513,0.19484831666740282,GPAB2750,,,,,,,,,,
coco_train/train\GPAB6220_jpg.rf.3bc13f3d7e06c9294ec7edc12332c5da.jpg,0.9821434020996094,0.1301392486984443,0.14511266066603548,GPAB6220,GPAB6220.JPG,2024-10-04 01:14:13.151,2024-10-04 13:14:13.151,7.16981670387,171.13686720772,792523.8343950122,515111.6066558145,-4.899086617883359,31.44256509472656,-0.23346571666666677
coco_train/train\GPAB3265_jpg.rf.8995466d2b3f0f2c217c0f02097fd53f.jpg,0.7696533203125,0.7677027901590673,0.9992539219508261,GPAB3265,GPAB3265.JPG,2024-10-03 23:35:37.241,2024-10-04 11:35:37.241,7.18245681178,171.11913149964002,793920.6219991444,513153.0284960235,-1.6695312500000001,32.45462820996093,-0.6435172666666668
coco_train/train\GPAB3103_jpg.rf.0626b7b9a4d81eaa1cebe57af180ff38.jpg,0.7473955154418945,0.30260810450085746,0.14183068541239777,GPAB3103,GPAB3103.JPG,2024-10-03 23:30:12.917,2024-10-04 11:30:12.917,7.1818102564399995,171.12094493018998,793849.1992796991,513353.2642460624,-4.072380215829762,31.914761114257807,-0.6587847166666667
coco_train/train\GPAB3220_jpg.rf.c40e169919da8e837e5cb08ee3bd4133.jpg,0.9470043182373047,0.09688068320392992,0.1215041394368983,GPAB3220,GPAB3220.JPG,2024-10-03 23:34:07.151,2024-10-04 11:34:07.151,7.18280050351,171.11934450850998,793958.6224258172,513176.5364420406,-1.6790050525191966,32.47282226562499,-0.6495232666666668
coco_train/train\GPAB6734_jpg.rf.fb045e70502c763141742c68b0351ff1.jpg,0.9715356826782227,0.11383499480529956,0.12263525905327785,GPAB6734,GPAB6734.JPG,2024-10-04 01:31:22.179,2024-10-04 13:31:22.179,7.168952550799999,171.13460934606,792428.2306056579,514862.34208835557,-2.3450863266904434,31.268089206054686,-0.12630350000000012
coco_train/train\GPAB6731_jpg.rf.9aff60cc937711da4f513b555afdcc79.jpg,0.9330806732177734,0.11346723689946478,0.12547938155218802,GPAB6731,GPAB6731.JPG,2024-10-04 01:31:16.173,2024-10-04 13:31:16.173,7.16896810566,171.13468763357997,792429.9526936309,514870.9853967354,-4.649392276889026,31.242323231445315,-0.1273045000000001
coco_train/train\GPAB3022_jpg.rf.4a7028ccc8d0c43d90f9f26c5b803a76.jpg,0.8675603866577148,0.2627951905331625,0.20641684734494156,GPAB3022,GPAB3022.JPG,2024-10-03 23:27:30.755,2024-10-04 11:27:30.755,7.18165891345,171.119292086,793832.4208417427,513170.78144321777,-3.659645768708851,31.53864480957031,-0.661
coco_train/train\GPAB3262_jpg.rf.77bd56029fdd05e1a937a6123d894b5b.jpg,0.9566564559936523,0.9555051342076305,0.9963704311121268,GPAB3262,GPAB3262.JPG,2024-10-03 23:35:31.235,2024-10-04 11:35:31.235,7.182445456,171.11914905275,793919.3671484097,513154.9668227054,-1.881980884757716,32.4803941845703,-0.6439176666666668
coco_train/train\GPAB4087_jpg.rf.18a3baaf217c949f1b3ddd5cc3ff25e5.jpg,0.9027986526489258,0.26780841253411125,0.21923844347186508,GPAB4087,GPAB4087.JPG,2024-10-04 00:03:02.885,2024-10-04 12:03:02.885,7.175950583900001,171.12678973660002,793201.6006902149,513998.7566307257,-6.36859841827768,31.228217583007815,-0.5988557500000001
coco_train/train\GPAB6666_jpg.rf.3b9f9efbe0ccad9eaf54a918d77f1058.jpg,0.8796606063842773,0.18482859408937188,0.1443627418032236,GPAB6666,GPAB6666.JPG,2024-10-04 01:29:06.000,2024-10-04 13:29:06.000,7.169308918,171.136425875,792467.6853596184,515062.89538514696,-1.745175249458583,31.254451171875004,-0.14520000000000013
coco_train/train\GPAB3208_jpg.rf.88ac674c1a1d170840701939258f0f75.jpg,0.3769521713256836,0.7177299639155559,0.1177363012580585,GPAB3208,GPAB3208.JPG,2024-10-03 23:33:43.127,2024-10-04 11:33:43.127,7.18292720815,171.11913661727,793972.6233512487,513153.5800027163,-1.6661644212816213,32.43046670996094,-0.6505624333333335
coco_train/train\GPAB6151_jpg.rf.ba5d76d5c0fe110e28357ddc64a64e6f.jpg,0.8303155899047852,0.316763423163563,0.1718658480612533,GPAB6151,GPAB6151.JPG,2024-10-04 01:11:55.000,2024-10-04 13:11:55.000,7.170167099,171.138620319,792562.6278342648,515305.1575997621,-3.3232167180315555,31.408892578124995,-0.24633333333333343
coco_train/train\GPAB3147_jpg.rf.222d60f9bf3617419677a3560ff40a20.jpg,0.7738142013549805,0.4147464198815877,0.23802578338195163,GPAB3147,GPAB3147.JPG,2024-10-03 23:31:41.000,2024-10-04 11:31:41.000,7.182217117,171.120259045,793894.156824257,513277.5252565527,-3.339718710051053,32.112458984375,-0.6573166666666668
coco_train/train\GPAB3023_jpg.rf.2d06d6161234dba9738fbea660799947.jpg,0.858734130859375,0.2882012125448655,0.24929184998550094,GPAB3023,GPAB3023.JPG,2024-10-03 23:27:32.757,2024-10-04 11:27:32.757,7.18164363371,171.11931476459,793830.7323545158,513173.28578060964,-2.4121166927391693,31.530056151367187,-0.661
coco_train/train\GPAB6733_jpg.rf.56e37896c6d5df8d33caeaff2d89cdf2.jpg,0.9022579193115234,0.0931829398739829,0.18275263431805394,GPAB6733,GPAB6733.JPG,2024-10-04 01:31:20.177,2024-10-04 13:31:20.177,7.16895696415,171.13463376235,792428.7192815159,514865.0377752315,-2.1211390371408827,31.25950054785156,-0.1266371666666668
coco_train/train\GPAB3219_jpg.rf.ff338c196dc32a1235219d6a9764c2bc.jpg,0.1876354217529297,0.13606082312477075,0.8902199441929778,GPAB3219,GPAB3219.JPG,2024-10-03 23:34:05.149,2024-10-04 11:34:05.149,7.18281422578,171.11932803372002,793960.138916602,513174.7171030238,-1.6781488134038778,32.47282226562499,-0.6496567333333334
coco_train/train\GPAB2941_jpg.rf.18f7f408bdbb3d1b44d43910c2e6eba4.jpg,0.41890430450439453,0.4129537201160694,0.99082621662573,GPAB2941,GPAB2941.JPG,2024-10-03 23:24:48.593,2024-10-04 11:24:48.593,7.18182882747,171.11939410201998,793851.2073668182,513182.03993405536,-3.1361685678854676,31.462119092773435,-0.6608098833333333
coco_train/train\GPAB3125_jpg.rf.a045ca8067c98ff158a6793f5b0036c2.jpg,0.8988494873046875,0.48416336516727704,0.43482427317402916,GPAB3125,GPAB3125.JPG,2024-10-03 23:30:56.961,2024-10-04 11:30:56.961,7.181962799759999,171.12082182225998,793866.0589979307,513339.6677043583,-2.5934685258492784,32.01791081347656,-0.6580506500000002
coco_train/train\GPAB2986_jpg.rf.9b8fb396a045dfc7a3e3f8303d4eb2b7.jpg,0.9039831161499023,0.224968937419703,0.1653527883346808,GPAB2986,GPAB2986.JPG,2024-10-03 23:26:18.683,2024-10-04 11:26:18.683,7.18158056869,171.11959776963,793823.7688101891,513204.53362008586,-1.9871425792245294,31.48611328124999,-0.6603113833333334
coco_train/train\GPAB6931_jpg.rf.128f7a7f397fe6d4e864d6d33b1771d7.jpg,0.9078178405761719,0.17634711737334438,0.2621278491635668,GPAB6931,GPAB6931.JPG,2024-10-04 01:37:56.573,2024-10-04 13:37:56.573,7.16910506648,171.1364634008,792445.1512863929,515067.04534629226,-1.6888942146192907,31.11533807519531,-0.07345693333333352
coco_train/train\GPAB7183_jpg.rf.fab8bfb6e90da76e1104f286c677bd7f.jpg,0.02435779571533203,0.012093761942529906,0.9893628666296669,GPAB7183,GPAB7183.JPG,2024-10-04 01:46:21.000,2024-10-04 13:46:21.000,7.168413479,171.133674596,792368.6073435536,514759.15263881406,-1.7577722600134087,31.014208984374996,-0.003200000000000003
coco_train/train\GPAB3030_jpg.rf.858513a40e7d2ee5fd53fa98a19b3285.jpg,0.8556318283081055,0.4295220299468239,0.4658282810630604,GPAB3030,GPAB3030.JPG,2024-10-03 23:27:46.771,2024-10-04 11:27:46.771,7.18153632576,171.11946747662,793818.8741073374,513190.1495024488,-1.6519932299905977,31.588091799804683,-0.661
coco_train/train\GPAB2985_jpg.rf.dba8ba6e865affe21974c4920fc363dd.jpg,0.8668041229248047,0.3283617201467959,0.2524403569652195,GPAB2985,GPAB2985.JPG,2024-10-03 23:26:16.681,2024-10-04 11:26:16.681,7.181565685290001,171.11962067311998,793822.1241455423,513207.0627783834,-2.1936917121794934,31.48611328124999,-0.6602780166666667
coco_train/train\GPAB6701_jpg.rf.149875ae1fe458dc6e8531c3f26d32f6.jpg,0.9917926788330078,0.028854112455182507,0.031239257724356328,GPAB6701,GPAB6701.JPG,2024-10-04 01:30:16.113,2024-10-04 13:30:16.113,7.16912639746,171.13549590216,792447.4777367411,514960.22207084077,-5.248091899714451,31.314511718750005,-0.1358516000000001
coco_train/train\GPAB3153_jpg.rf.861109ea12d8895926392ecc8c013b29.jpg,0.7967529296875,0.592675952473772,0.4549558978574021,GPAB3153,GPAB3153.JPG,2024-10-03 23:31:53.000,2024-10-04 11:31:53.000,7.182285358,171.120110085,793901.6963922414,513261.0769239804,-2.48557480475799,32.129619140625,-0.6571166666666668
coco_train/train\GPAB3036_jpg.rf.73115f2d96e2a173cce8abbe17c95bd0.jpg,0.8170814514160156,0.39805808462464687,0.23111711985066916,GPAB3036,GPAB3036.JPG,2024-10-03 23:27:58.783,2024-10-04 11:27:58.783,7.18145090131,171.119602255,793809.4345179967,513205.0325815873,-9.191130577745062,31.590005157226557,-0.661
coco_train/train\GPAB6671_jpg.rf.f7066ac41f976d19e9ae069cb9ee4bba.jpg,0.9913930892944336,0.12367803995598428,0.12365787568438498,GPAB6671,GPAB6671.JPG,2024-10-04 01:29:16.000,2024-10-04 13:29:16.000,7.169283904,171.136286467,792464.9155492777,515047.5040233961,-1.7166508813415786,31.314511718750005,-0.1438666666666668
coco_train/train\GPAB3199_jpg.rf.12b7ef0103aaee8e8ecbbd351b47aecd.jpg,0.8020515441894531,0.32917501243463415,0.20526076243991528,GPAB3199,GPAB3199.JPG,2024-10-03 23:33:25.109,2024-10-04 11:33:25.109,7.18285244347,171.11917001387002,793964.3592515676,513157.2693935823,-2.8731678336494997,32.429921875,-0.6511630333333335
coco_train/train\GPAB2867_jpg.rf.a760f33822f6d3414eebcb42d8a10ffe.jpg,0.930150032043457,0.250126266748348,0.23030670817305937,GPAB2867,GPAB2867.JPG,2024-10-03 23:22:20.445,2024-10-04 11:22:20.445,,,,,,31.271611328124997,-0.66034075
coco_train/train\GPAB6728_jpg.rf.4800b71dc64fceae56a1c8a925e4e96b.jpg,0.9418811798095703,0.14477370886248542,0.13011908442684497,GPAB6728,GPAB6728.JPG,2024-10-04 01:31:10.167,2024-10-04 13:31:10.167,7.16898296277,171.13476440396,792431.597599309,514879.46121808334,-5.530522789442914,31.228710937500004,-0.1283055000000001
coco_train/train\GPAB4076_jpg.rf.84745450bdb0a4cac8743ffeda6c073c.jpg,0.38072967529296875,0.3638076290081291,0.9639386007531836,GPAB4076,GPAB4076.JPG,2024-10-04 00:02:40.863,2024-10-04 12:02:40.863,7.17613304455,171.12656933383,793221.7645618921,513974.4165268224,-4.259482329383644,31.185810546874997,-0.6005947500000001
coco_train/train\GPAB6668_jpg.rf.8a52d79d063cb9a4eb650e20d0cde86a.jpg,0.9491910934448242,0.09054142029447518,0.13528017775285517,GPAB6668,GPAB6668.JPG,2024-10-04 01:29:10.000,2024-10-04 13:29:10.000,7.169299547,171.136370858,792466.6476129234,515056.8212085205,-2.0173846455390065,31.288771484375005,-0.1446666666666668
coco_train/train\GPAB2987_jpg.rf.8edaf56f6842917821771008f1c445b3.jpg,0.9486513137817383,0.28567491737449663,0.27922715147976945,GPAB2987,GPAB2987.JPG,2024-10-03 23:26:20.685,2024-10-04 11:26:20.685,7.18159529225,171.11957497240002,793825.3958080882,513202.01619852294,-1.8851799596251315,31.48611328124999,-0.6603447500000001
coco_train/train\GPAB5096_jpg.rf.e6b7fbc62c0b41cc3946e299a644d3f2.jpg,0.8476619720458984,0.5183254820701217,0.49415332143961377,GPAB5096,GPAB5096.JPG,2024-10-04 00:36:42.903,2024-10-04 12:36:42.903,7.16985190807,171.13416803992,792527.6381594011,514813.58792731486,-3.5501123602095825,31.400728633789054,-0.44642475000000004
coco_train/train\GPAB4541_jpg.rf.e77dc1d8b513409bfb6fe75f8bc01f13.jpg,0.37476253509521484,0.35867918259804155,0.7841673980215969,GPAB4541,GPAB4541.JPG,2024-10-04 00:18:11.793,2024-10-04 12:18:11.793,7.171384496610001,171.1366600891,792697.143382749,515088.686897138,-1.8885746355968378,31.786416015625,-0.5336241500000002
coco_train/train\GPAB2944_jpg.rf.4c5671d6eb3325a6fb91a55ecd6b13f6.jpg,0.9105453491210938,0.2096949817849413,0.1560714621785479,GPAB2944,GPAB2944.JPG,2024-10-03 23:24:54.599,2024-10-04 11:24:54.599,7.18178445178,171.1194595016,793846.3036210738,513189.2618465898,-2.2780189666290656,31.443212890625,-0.6609099833333334
coco_train/train\GPAB6227_jpg.rf.7947fb31ec78b32776222ffff08dc447.jpg,0.9733686447143555,0.047146947609381575,0.05445889657264995,GPAB6227,GPAB6227.JPG,2024-10-04 01:14:27.165,2024-10-04 13:14:27.165,7.1697810722,171.13668296365,792519.8893368469,515091.26527093205,-5.18070224556714,31.38244448730468,-0.23183075000000009
coco_train/train\GPAB2909_jpg.rf.718211b27fd0ab996f522c68a9d720b7.jpg,0.8843898773193359,0.4183126153444346,0.35542505324327905,GPAB2909,GPAB2909.JPG,2024-10-03 23:23:44.529,2024-10-04 11:23:44.529,7.181777899069999,171.11962778518,793845.5840809033,513207.8418833558,-1.9054290197613137,31.406871969726552,-0.6602578500000001
coco_train/train\GPAB3196_jpg.rf.b987e9397cd4dc6740305db480e7d1a3.jpg,0.934178352355957,0.09289103803749786,0.06464857515416066,GPAB3196,GPAB3196.JPG,2024-10-03 23:33:19.103,2024-10-04 11:33:19.103,7.182800003970001,171.11921814572,793958.5635712167,513162.58502895833,-2.731530934999372,32.379767028320316,-0.6513632333333335
coco_train/train\GPAB3263_jpg.rf.d701924d1f6c7c918723e49532d90267.jpg,0.956146240234375,0.9344104255045389,0.9764135634492811,GPAB3263,GPAB3263.JPG,2024-10-03 23:35:33.237,2024-10-04 11:35:33.237,7.18244956257,171.11914331777,793919.8209553713,513154.33351812925,-1.9522675662125777,32.47180552636718,-0.6437842000000001
coco_train/train\GPAB5892_jpg.rf.546c74522ae889052219499406c99537.jpg,0.9563455581665039,0.5385636893319481,0.55500525231265,GPAB5892,GPAB5892.JPG,2024-10-04 01:03:16.495,2024-10-04 13:03:16.495,7.16952585635,171.1333894979,792491.5688643499,514727.6388749973,-2.0427544147317285,31.48611328124999,-0.3080755833333334
coco_train/train\GPAB3123_jpg.rf.0244cdd3ba695a837440d64823fca41d.jpg,0.8717050552368164,0.30744464907445995,0.2775371934790666,GPAB3123,GPAB3123.JPG,2024-10-03 23:30:52.957,2024-10-04 11:30:52.957,7.181936703470001,171.12086533271,793863.1753814731,513344.4723638048,-2.8563503442603,32.000917968749995,-0.6581173833333335
coco_train/train\GPAB3149_jpg.rf.b85de5970d00d2f79e110927d0172e6e.jpg,0.8976984024047852,0.3315880036026832,0.2781402012202265,GPAB3149,GPAB3149.JPG,2024-10-03 23:31:45.000,2024-10-04 11:31:45.000,7.182241211,171.120209606,793896.8189268685,513272.06610349886,-2.1266335270286083,32.129619140625,-0.6572500000000001
coco_train/train\GPAB3732_jpg.rf.17cb4bb5e9fdf6d4fc4f7156adfc86f8.jpg,0.6714725494384766,0.4735031869151161,0.19020861379274587,GPAB3732,GPAB3732.JPG,2024-10-03 23:51:12.175,2024-10-04 11:51:12.175,7.181966355499999,171.119545339,793866.4151174838,513198.73373386293,-13.710155610539246,31.747054907226556,-0.6197970833333335
coco_train/train\GPAB6655_jpg.rf.fb96f38ea0bf68f9bcb15a2ea4533c20.jpg,0.9288797378540039,0.07402976246488056,0.1428043316696209,GPAB6655,GPAB6655.JPG,2024-10-04 01:28:44.000,2024-10-04 13:28:44.000,7.16936744,171.13672111,792474.164525948,515095.4906629634,-1.7501634940298545,31.271611328124997,-0.1486666666666668
coco_train/train\GPAB3223_jpg.rf.665c44ab9c7d66a0223d88910b91bfc1.jpg,0.9354000091552734,0.1559437551250857,0.19965797554553957,GPAB3223,GPAB3223.JPG,2024-10-03 23:34:13.157,2024-10-04 11:34:13.157,7.18276496344,171.11939568099,793954.6950269346,513182.1873025557,-1.9734604813918935,32.47282226562499,-0.6491228666666669
coco_train/train\GPAB6583_jpg.rf.34fe1addfc3ac25bcef690a08010fba2.jpg,0.8538503646850586,0.16226957518680757,0.21974062985502849,GPAB6583,GPAB6583.JPG,2024-10-04 01:26:19.877,2024-10-04 13:26:19.877,7.169782253729999,171.13823878568002,792520.0713895583,515263.0449950028,-1.8056152078312664,31.301113926757814,-0.16501230000000006
coco_train/train\GPAB4862_jpg.rf.11a13aa47c9a9c8fb61cd72b53131a3d.jpg,0.8830757141113281,0.1390057669816774,0.21661132694349972,GPAB4862,GPAB4862.JPG,2024-10-04 00:28:54.435,2024-10-04 12:28:54.435,7.1707948108,171.13652719585002,792631.9506352632,515074.03347192757,-3.3193200529455305,31.620970659179687,-0.4845565000000001
coco_train/train\GPAB2753_jpg.rf.ecc3e09a60fddd4051f8cc1817f5abe0.jpg,0.8937044143676758,0.18804911632480226,0.2377233193079622,GPAB2753,GPAB2753.JPG,2024-10-03 23:18:32.217,2024-10-04 11:18:32.217,,,,,,29.931621916992185,-0.6659261000000001
coco_train/train\GPAB3100_jpg.rf.e7ec1e1b776eaf06f12dc677181b3f99.jpg,0.3106803894042969,0.29860789709692104,0.9898525703685068,GPAB3100,GPAB3100.JPG,2024-10-03 23:30:06.911,2024-10-04 11:30:06.911,7.18189891666,171.12094992168,793859.0006028657,513353.81275966554,-1.969628371338184,31.888995139648436,-0.6588848166666668
coco_train/train\GPAB2949_jpg.rf.7fbf6a8deca8c7aae18c53062828ddff.jpg,0.9987411499023438,0.0034826577662211964,0.0045081550075568005,GPAB2949,GPAB2949.JPG,2024-10-03 23:25:04.609,2024-10-04 11:25:04.609,7.1817043122,171.11957447253002,793837.447690738,513201.9578644839,-1.798862482697682,31.443212890625,-0.6609231833333334
coco_train/train\GPAB6717_jpg.rf.d75823f43240ef0ce9f9964a1c4519d3.jpg,0.955780029296875,0.04168723102301992,0.06353569940256144,GPAB6717,GPAB6717.JPG,2024-10-04 01:30:48.145,2024-10-04 13:30:48.145,7.1690417472000005,171.1350614461,792438.1057164291,514912.2560601711,-6.176634580516761,31.271611328124997,-0.1315806666666668
coco_train/train\GPAB6690_jpg.rf.637f5097d9a3bab3fa7b446bc3a42681.jpg,0.8641595840454102,0.2496672895186116,0.32116499559266637,GPAB6690,GPAB6690.JPG,2024-10-04 01:29:54.000,2024-10-04 13:29:54.000,7.169189223,171.135805456,792454.4330503186,514994.3981912784,-2.1617272627344906,31.310221679687505,-0.13880000000000012
coco_train/train\GPAB3098_jpg.rf.64f8658b6d719daf7a6ca2fc4cd9cecf.jpg,0.008356094360351562,0.0,0.9984329480357119,GPAB3098,GPAB3098.JPG,2024-10-03 23:30:02.907,2024-10-04 11:30:02.907,7.18193308361,171.12095030236,793862.7776895182,513353.85379293514,-2.1687322030721528,31.871418849609377,-0.65895155
coco_train/train\GPAB6357_jpg.rf.a5b69f96502a1649356ec4c0bc698158.jpg,0.8401718139648438,0.255055951052671,0.16465856126961936,GPAB6357,GPAB6357.JPG,2024-10-04 01:18:47.425,2024-10-04 13:18:47.425,7.16909412975,171.13327486775,792443.8388372533,514714.9963031027,-6.019362889462419,31.27654487304688,-0.2112575000000001
coco_train/train\GPAB5174_jpg.rf.46ca733d089fc887a9dc084787d33982.jpg,0.8674564361572266,0.32697614662690144,0.3613840756025756,GPAB5174,GPAB5174.JPG,2024-10-04 00:39:19.000,2024-10-04 12:39:19.000,7.170269569,171.136080145,792573.8717333142,515024.69149529695,-3.687099112672983,31.460373046875,-0.43410000000000004
coco_train/train\GPAB3671_jpg.rf.4e2585f33266214a8b05bf058c060fa6.jpg,0.8374166488647461,0.6072441586025583,0.666320673371447,GPAB3671,GPAB3671.JPG,2024-10-03 23:49:10.000,2024-10-04 11:49:10.000,7.181869566,171.119544941,793855.7152561134,513198.6925825554,-1.6247117974602123,31.816446289062497,-0.6193333333333335
coco_train/train\GPAB3207_jpg.rf.59b13473fdee7f43b0c8751b7481a7a2.jpg,0.9135112762451172,0.9175070046838723,0.9776214993384198,GPAB3207,GPAB3207.JPG,2024-10-03 23:33:41.125,2024-10-04 11:33:41.125,7.1829288039999994,171.11912720050003,793972.7994983876,513152.54027305415,-1.7181146972041004,32.429921875,-0.6506291666666668
coco_train/train\GPAB3032_jpg.rf.1d597c1e44f74b2246f4f867092f84fd.jpg,0.8369874954223633,0.4903451547175754,0.41616271991058584,GPAB3032,GPAB3032.JPG,2024-10-03 23:27:50.775,2024-10-04 11:27:50.775,7.181504749250001,171.119512943,793815.384707788,513195.17026592407,-1.6525526258917704,31.605269116210938,-0.661
coco_train/train\GPAB2754_jpg.rf.5222dd952d3f495dd28b9d48b00baaf6.jpg,0.8238430023193359,0.29704756655649933,0.29579546131052403,GPAB2754,GPAB2754.JPG,2024-10-03 23:18:34.219,2024-10-04 11:18:34.219,,,,,,29.95738789160156,-0.6658593666666667
coco_train/train\GPAB6704_jpg.rf.9790ef8bf24b48dda270de4b435b6865.jpg,0.9566183090209961,0.08874007869827144,0.053939426528115716,GPAB6704,GPAB6704.JPG,2024-10-04 01:30:22.119,2024-10-04 13:30:22.119,7.16910697445,171.135410916,792445.3278004432,514950.8392902045,-5.396656174994381,31.314511718750005,-0.13505080000000014
coco_train/train\GPAB3580_jpg.rf.6faa88328d805010559cf4cac7351afb.jpg,0.8498516082763672,0.8294150632870068,0.7205664047871901,GPAB3580,GPAB3580.JPG,2024-10-03 23:46:07.871,2024-10-04 11:46:07.871,7.18182117425,171.11960703218,793850.3674514771,513205.5493382917,-1.7004513139112614,32.000917968749995,-0.6213935500000001
coco_train/train\GPAB3154_jpg.rf.e44dadb333cb93a8771cdb05af5993c6.jpg,0.20588302612304688,0.1869775293198111,0.9766353704368733,GPAB3154,GPAB3154.JPG,2024-10-03 23:31:55.000,2024-10-04 11:31:55.000,7.182295179,171.120088121,793902.7814450376,513258.6516415335,-3.526171875,32.129619140625,-0.6570833333333334
coco_train/train\GPAB3211_jpg.rf.2bbee665257083af1512a10f8e4cb798.jpg,0.9885635375976562,0.0254415495378541,0.03460957169166716,GPAB3211,GPAB3211.JPG,2024-10-03 23:33:49.133,2024-10-04 11:33:49.133,7.18289899295,171.11918541537,793969.5056286976,513158.9684994189,-1.6712989004813255,32.45623268457031,-0.6503622333333334
coco_train/train\GPAB6112_jpg.rf.275e9e45ae9d2003a909da0c5f0de468.jpg,0.8958148956298828,0.42837746748271155,0.42328262819195617,GPAB6112,GPAB6112.JPG,2024-10-04 01:10:36.935,2024-10-04 13:10:36.935,7.1703035254500005,171.1378388206,792577.6834748478,515218.8671727564,-3.6052201031697777,31.443212890625,-0.25269091666666676
coco_train/train\GPAB2994_jpg.rf.399149a84f76c2e820ddc039f29be960.jpg,0.9264488220214844,0.06014906197728927,0.13042634951788187,GPAB2994,GPAB2994.JPG,2024-10-03 23:26:34.699,2024-10-04 11:26:34.699,7.18169822016,171.11941638227,793836.7696792112,513184.50361296936,-1.8536099372675652,31.53630244824219,-0.6605783166666668
coco_train/train\GPAB3191_jpg.rf.e826bca6abc790f4761354a9d8dccd08.jpg,0.8674688339233398,0.259004307472495,0.25367997956687144,GPAB3191,GPAB3191.JPG,2024-10-03 23:33:09.000,2024-10-04 11:33:09.000,7.18272835,171.119314667,793950.645168024,513173.24378584966,-2.164392240204076,32.301220703125004,-0.6517000000000002
coco_train/train\GPAB6699_jpg.rf.eeb4568c8aa8184f237f80378ad2a69c.jpg,0.9591026306152344,0.05565819063110329,0.08921345897915015,GPAB6699,GPAB6699.JPG,2024-10-04 01:30:12.109,2024-10-04 13:30:12.109,7.169136881590001,171.13555126348,792448.6385368854,514966.33423193963,-5.109011044839026,31.310689293945316,-0.1363854666666668
coco_train/train\GPAB6664_jpg.rf.c6ef7a66d43f9061b3dfc2c5107657e0.jpg,0.880558967590332,0.31258077711182336,0.3346933014289747,GPAB6664,GPAB6664.JPG,2024-10-04 01:29:02.000,2024-10-04 13:29:02.000,7.169321373,171.136478481,792469.0639568346,515068.7032591689,-2.03809107328962,31.233000976562504,-0.14573333333333346
coco_train/train\GPAB2908_jpg.rf.88dda92c5d3e1444f5a1b36c77499932.jpg,0.9205055236816406,0.4788966494662229,0.43700681552380055,GPAB2908,GPAB2908.JPG,2024-10-03 23:23:42.527,2024-10-04 11:23:42.527,7.18176264308,171.11965013168,793843.898211427,513210.3095553055,-1.899035466629203,31.40031249999999,-0.6602912166666668
coco_train/train\GPAB3115_jpg.rf.579f0cdc4939c117334ea9da5ff03dd0.jpg,0.9171857833862305,0.6422896626421342,0.5882484545526124,GPAB3115,GPAB3115.JPG,2024-10-03 23:30:36.941,2024-10-04 11:30:36.941,7.18183213901,171.1210261328,793851.6207128506,513362.22902216314,-1.8412103286384136,31.97492462207031,-0.6583843166666667
coco_train/train\GPAB2915_jpg.rf.a6786972f25a53ecff6281be316a127d.jpg,0.8287591934204102,0.5328792851477657,0.5750831056050913,GPAB2915,GPAB2915.JPG,2024-10-03 23:23:56.541,2024-10-04 11:23:56.541,7.181867538410001,171.119492745,793855.4896079496,513192.92978790746,-1.943790338553976,31.428021862304682,-0.6600576500000002
coco_train/train\GPAB3269_jpg.rf.c2d884cd6974e828bacc14f4aaf2636f.jpg,0.9982643127441406,0.9988948058756767,0.9992212750349034,GPAB3269,GPAB3269.JPG,2024-10-03 23:35:45.249,2024-10-04 11:35:45.249,7.18247463256,171.11911154853,793922.5914715718,513150.82522576326,-1.641390368766125,32.429921875,-0.6429834000000001
coco_train/train\GPAB3217_jpg.rf.2f1ef4bd35e7cb3d66255acbcc57cad6.jpg,0.9913825988769531,0.0,0.008676398008154047,GPAB3217,GPAB3217.JPG,2024-10-03 23:34:01.145,2024-10-04 11:34:01.145,7.1828394191000005,171.1192924677,793962.9229561161,513170.789614943,-1.6764363351732396,32.47282226562499,-0.6499236666666668
coco_train/train\GPAB3140_jpg.rf.3734bd1b93d5f65c2538d0366e470a65.jpg,0.8406658172607422,0.5192107896136717,0.42480551079940776,GPAB3140,GPAB3140.JPG,2024-10-03 23:31:26.991,2024-10-04 11:31:26.991,7.18213383554,171.12044317156,793884.955594556,513297.8566964489,-2.3918563590903603,32.06959720410156,-0.65755015
coco_train/train\GPAB3288_jpg.rf.7a58e4d38c7055a146449a1c5f7d18bb.jpg,0.3941659927368164,0.6530564234727485,0.04889163720442539,GPAB3288,GPAB3288.JPG,2024-10-03 23:36:23.287,2024-10-04 11:36:23.287,7.18261981584,171.11911451795,793938.641224611,513151.1489010602,-6.0440607003362805,32.345352334960936,-0.6408356500000001
coco_train/train\GPAB3256_jpg.rf.7d206d4c2dfb923b428f093deabfd85f.jpg,0.9041957855224609,0.9024586968503407,0.998517445935747,GPAB3256,GPAB3256.JPG,2024-10-03 23:35:19.223,2024-10-04 11:35:19.223,7.18242705814,171.11918836195,793917.3344371691,513159.3073941548,-2.633820758665392,32.51572265625,-0.6447184666666668
coco_train/train\GPAB6685_jpg.rf.42cdbc2507e32fe09d31984fc16f69b6.jpg,0.8960638046264648,0.2071312386816023,0.30172951838117384,GPAB6685,GPAB6685.JPG,2024-10-04 01:29:44.000,2024-10-04 13:29:44.000,7.169215276,171.135939388,792457.3175243745,515009.18491382233,-1.886973958010623,31.353122070312498,-0.14013333333333344
coco_train/train\GPAB6581_jpg.rf.0e33f8c4bc7b403d776dbb15f4bb9251.jpg,0.9733905792236328,0.3484578173040177,0.3637980269740342,GPAB6581,GPAB6581.JPG,2024-10-04 01:26:15.873,2024-10-04 13:26:15.873,7.16980528795,171.13823361642,792522.6175966216,515262.4734853891,-1.8772298854255633,31.28393661035156,-0.16541270000000005
coco_train/train\GPAB6199_jpg.rf.bfde89e764df96e5529e9f0eaca7fc63.jpg,0.8495702743530273,0.08962442603841198,0.21782406384968592,GPAB6199,GPAB6199.JPG,2024-10-04 01:13:31.109,2024-10-04 13:13:31.109,7.16993752231,171.13745053573,792537.2098326972,515176.0084413009,-3.04765625,31.40031249999999,-0.23692606666666677
coco_train/train\GPAB3198_jpg.rf.6a4a94373c659a065374d5d3634da775.jpg,0.9101696014404297,0.19648450327717423,0.17501627544779086,GPAB3198,GPAB3198.JPG,2024-10-03 23:33:23.107,2024-10-04 11:33:23.107,7.182835553159999,171.11918655065998,793962.4925426184,513159.09566828783,-2.8246587126076634,32.429921875,-0.6512297666666668
coco_train/train\GPAB3078_jpg.rf.2174b632f18eb5e71d5a552bdede8009.jpg,0.8426284790039062,0.5557494099550049,0.4651484570491413,GPAB3078,GPAB3078.JPG,2024-10-03 23:29:22.867,2024-10-04 11:29:22.867,7.18212274645,171.12045121957,793883.7299554158,513298.7455824094,-4.204579762379488,31.699474083984374,-0.6608566500000002
coco_train/train\GPAB2914_jpg.rf.3741dcaecd66e9fb2070d310620984d9.jpg,0.9631175994873047,0.3698137013344907,0.37086608427129203,GPAB2914,GPAB2914.JPG,2024-10-03 23:23:54.539,2024-10-04 11:23:54.539,7.18185321232,171.11951561188,793853.9065509804,513195.4548861475,-1.9373967854218659,31.436610520507806,-0.6600910166666668
coco_train/train\GPAB6744_jpg.rf.a8dbeb68f8cee29da713eb411b6cabde.jpg,0.9164161682128906,0.27635326267516513,0.3151032314685543,GPAB6744,GPAB6744.JPG,2024-10-04 01:31:42.199,2024-10-04 13:31:42.199,7.16890342456,171.13436713468002,792422.7919825062,514835.600847962,-1.9434682010566897,31.232147258789066,-0.12296683333333344
coco_train/train\GPAB6653_jpg.rf.6462868b079303442dc200bdaa83cf5b.jpg,0.9648427963256836,0.2843354336182577,0.2598569681001223,GPAB6653,GPAB6653.JPG,2024-10-04 01:28:40.000,2024-10-04 13:28:40.000,7.169379527,171.136773289,792475.5024313562,515101.2514020337,-1.7210257124804236,31.271611328124997,-0.14933333333333346
coco_train/train\GPAB6286_jpg.rf.b9de6c3dd697e300894bf557002032ac.jpg,0.951848030090332,0.1659164277360516,0.16407763820687774,GPAB6286,GPAB6286.JPG,2024-10-04 01:16:25.283,2024-10-04 13:16:25.283,7.169465885129999,171.13513194522002,792484.995452033,514920.0261446709,-5.384701594971069,31.43341873144531,-0.22231446666666677
coco_train/train\GPAB6203_jpg.rf.51578668f786e422636d911cb62b28bf.jpg,0.8977651596069336,0.2012442315780175,0.2544769483967484,GPAB6203,GPAB6203.JPG,2024-10-04 01:13:39.117,2024-10-04 13:13:39.117,7.16991384806,171.13734266319003,792534.5891352319,515164.09892051615,-3.117184197106855,31.426554668945307,-0.2363922000000001
coco_train/train\GPAB3116_jpg.rf.875191a63a6aeebad657f0fb148c4561.jpg,0.9069900512695312,0.43456213764323837,0.37352584771558006,GPAB3116,GPAB3116.JPG,2024-10-03 23:30:38.943,2024-10-04 11:30:38.943,7.181846042430001,171.12100138796,793853.156981673,513359.49658905994,-1.7954876005262008,31.983513280273435,-0.6583509500000001
coco_train/train\GPAB3160_jpg.rf.c692f2f8534baa6480662c80140f8c01.jpg,0.7737035751342773,0.337574871860855,0.34036426276542425,GPAB3160,GPAB3160.JPG,2024-10-03 23:32:07.000,2024-10-04 11:32:07.000,7.182357198,171.119957411,793909.6337191093,513244.21843755944,-1.9795973267046292,32.163939453125,-0.6564166666666668
coco_train/train\GPAB2950_jpg.rf.502dd1ed83690517b5d11f810ee8abd0.jpg,0.9643487930297852,0.21926436896392132,0.19287317825408135,GPAB2950,GPAB2950.JPG,2024-10-03 23:25:06.611,2024-10-04 11:25:06.611,7.1816871993,171.11959672775,793835.5565413483,513204.4155121492,-1.883458616841578,31.443212890625,-0.6608898166666668
coco_train/train\GPAB3091_jpg.rf.faf2ca9266200302fb94cdc9d1b5e21f.jpg,0.8424510955810547,0.667309682883222,0.5722937147005221,GPAB3091,GPAB3091.JPG,2024-10-03 23:29:48.893,2024-10-04 11:29:48.893,7.181975412649999,171.12084657587,793867.4540436959,513342.4003314678,-1.6327820544643443,31.786416015625,-0.6595553500000001
coco_train/train\GPAB3270_jpg.rf.e0b91e356fe900e9f8f67900f88a75b3.jpg,0.91888427734375,0.9177076871964557,0.9993038525281196,GPAB3270,GPAB3270.JPG,2024-10-03 23:35:47.251,2024-10-04 11:35:47.251,7.18247816041,171.1191061104,793922.9813109781,513150.22471244796,-1.6410218024824499,32.429921875,-0.6428499333333335
coco_train/train\GPAB3067_jpg.rf.85e7f8fb577eac71eb9aab2339aeb922.jpg,0.7607393264770508,0.5783814043166905,0.39882432694542014,GPAB3067,GPAB3067.JPG,2024-10-03 23:29:00.845,2024-10-04 11:29:00.845,7.182187386700001,171.12014592600002,793890.8669340626,513265.0368910774,-2.1882824372899274,31.562669028320304,-0.6619577500000001
coco_train/train\GPAB6730_jpg.rf.faeabf355c420e2ba8d4915690db7746.jpg,0.9475507736206055,0.06987784292224465,0.09327896021493193,GPAB6730,GPAB6730.JPG,2024-10-04 01:31:14.171,2024-10-04 13:31:14.171,7.168972473169999,171.13471396553,792430.4363645088,514873.89259509364,-5.655041727306826,31.23373457324219,-0.12763816666666677
coco_train/train\GPAB4591_jpg.rf.5ac7ba27479417886e5a0d0c916ff54a.jpg,0.9060468673706055,0.5462587594556031,0.5634339178411555,GPAB4591,GPAB4591.JPG,2024-10-04 00:19:51.893,2024-10-04 12:19:51.893,7.17101803052,171.13641941296999,792656.6235121574,515062.12575605826,-1.9551582476975398,31.79116508886719,-0.5245404666666669
coco_train/train\GPAB6953_jpg.rf.3c4797ae04ca57b08f99af0dc3792d45.jpg,0.9604959487915039,0.39169865744359283,0.4113569018460871,GPAB6953,GPAB6953.JPG,2024-10-04 01:38:40.617,2024-10-04 13:38:40.617,7.1692078537,171.13698826535,792456.5314295619,515124.99282467546,-1.784375,31.208264611328126,-0.0696152500000001
coco_train/train\GPAB3280_jpg.rf.9dcf0019e869d86acfed8f793c0121c8.jpg,0.6735506057739258,0.6508345127831879,0.9709250407606347,GPAB3280,GPAB3280.JPG,2024-10-03 23:36:07.271,2024-10-04 11:36:07.271,7.182503248130001,171.11906136012,793925.7534150813,513145.2832120824,-5.608960781852125,32.387021484375005,-0.6416364500000001
coco_train/train\GPAB6696_jpg.rf.7b1873494355502f46e4f7212e94cfcf.jpg,0.9119195938110352,0.14228582182849614,0.12884969551949885,GPAB6696,GPAB6696.JPG,2024-10-04 01:30:06.103,2024-10-04 13:30:06.103,7.16915249176,171.13563493517,792450.3669327501,514975.5720038356,-4.969298863172379,31.284923319335938,-0.13718626666666678
coco_train/train\GPAB3163_jpg.rf.0e42e962764a40f2e739c5cd3e6b899f.jpg,0.9639673233032227,0.9630696166675948,0.9988458355017927,GPAB3163,GPAB3163.JPG,2024-10-03 23:32:13.000,2024-10-04 11:32:13.000,7.182394336,171.119895117,793913.7374372673,513237.3396181467,-2.9300292523236817,32.215419921875004,-0.6559166666666667
coco_train/train\GPAB4668_jpg.rf.b51dd75e3f5f90910571442c1666adc0.jpg,0.9072275161743164,0.2097468327690538,0.25128043124655525,GPAB4668,GPAB4668.JPG,2024-10-04 00:22:26.000,2024-10-04 12:22:26.000,7.170562865,171.134480608,792606.242866083,514848.07582593476,-2.243036043501715,31.803576171874994,-0.5152666666666668
coco_train/train\GPAB6692_jpg.rf.6ad73c56d9ae12964e6c6e531ac3da38.jpg,0.9588603973388672,0.1352369685994281,0.13671760225686208,GPAB6692,GPAB6692.JPG,2024-10-04 01:29:58.000,2024-10-04 13:29:58.000,7.169179128,171.135748624,792453.3152161486,514988.12363938347,-4.142362470757451,31.2930615234375,-0.1382666666666668
coco_train/train\GPAB6727_jpg.rf.e012109ba11f86741fe0f7d1129d77e2.jpg,0.8875236511230469,0.17816766303773793,0.15654004144237915,GPAB6727,GPAB6727.JPG,2024-10-04 01:31:08.165,2024-10-04 13:31:08.165,7.1689874498,171.1347928018,792432.0945502974,514882.5965096066,-5.287109374999999,31.228710937500004,-0.12863916666666678
coco_train/train\GPAB3188_jpg.rf.6ef4c2c858b06742b682fe5136f161be.jpg,0.8770875930786133,0.36185745588345436,0.3165041682430006,GPAB3188,GPAB3188.JPG,2024-10-03 23:33:03.000,2024-10-04 11:33:03.000,7.1826883,171.119373082,793946.2194149835,513179.6944071611,-2.169791510272034,32.301220703125004,-0.6519
coco_train/train\GPAB6673_jpg.rf.cd25a2f71375986cca89454d261f329d.jpg,0.9180269241333008,0.12737962409956927,0.1666452221238547,GPAB6673,GPAB6673.JPG,2024-10-04 01:29:20.000,2024-10-04 13:29:20.000,7.169270139,171.136232473,792463.3920916267,515041.5429408045,-1.6390506364409452,31.314511718750005,-0.14333333333333348
coco_train/train\GPAB6031_jpg.rf.c8c7491ba0185bc1872720abe9f324f0.jpg,0.8667135238647461,0.3682178432679179,0.4232269363942057,GPAB6031,GPAB6031.JPG,2024-10-04 01:07:54.773,2024-10-04 13:07:54.773,7.1698779967299995,171.13583757304,792530.5764094872,514997.92173814046,-1.9154087324724822,31.45081912988281,-0.27243558333333345
coco_train/train\GPAB6368_jpg.rf.d2c256279e5c0d2c04d4f255540806c8.jpg,0.9787445068359375,0.058152799088959005,0.05450402613289599,GPAB6368,GPAB6368.JPG,2024-10-04 01:19:09.447,2024-10-04 13:19:09.447,7.16910351872,171.13324235378,792444.8757236064,514711.4060993047,-5.518205718165454,31.241126310546875,-0.2092127500000001
coco_train/train\GPAB3214_jpg.rf.a9331ffc6e7ef157654776be1e3f6aa5.jpg,0.010386466979980469,0.0,0.9963886749769071,GPAB3214,GPAB3214.JPG,2024-10-03 23:33:55.139,2024-10-04 11:33:55.139,7.18286993287,171.11923921322,793966.2946508654,513164.90903200005,-1.6738676178272827,32.47282226562499,-0.6501620333333336
coco_train/train\GPAB3266_jpg.rf.8a9ceca39439e1caada154d49866ef8d.jpg,0.9972934722900391,0.998427186815255,0.9980008565014412,GPAB3266,GPAB3266.JPG,2024-10-03 23:35:39.243,2024-10-04 11:35:39.243,7.18246118515,171.11912624191,793921.1053139324,513152.44787593227,-1.6626526826031682,32.446039551757806,-0.6433838000000002
coco_train/train\GPAB6705_jpg.rf.01585a7db7bb160584e50946bb0e8993.jpg,0.9020605087280273,0.2735331452614922,0.29931364660289633,GPAB6705,GPAB6705.JPG,2024-10-04 01:30:24.121,2024-10-04 13:30:24.121,7.16910373298,171.13538275394998,792444.9685465923,514947.7299933162,-5.325390625,31.30970258496094,-0.13478386666666678
coco_train/train\GPAB3226_jpg.rf.c75bfba17fbb447344c44f31fb1f214a.jpg,0.9892950057983398,0.0,0.01077828327152824,GPAB3226,GPAB3226.JPG,2024-10-03 23:34:19.163,2024-10-04 11:34:19.163,7.182704106459999,171.11943790926,793947.96864677,513186.8513834353,-1.8215662989806276,32.47282226562499,-0.6487224666666668
coco_train/train\GPAB6683_jpg.rf.a8e659241e83b43452b24e4ddccbe5bd.jpg,0.9621429443359375,0.04439308423096349,0.08153375211004699,GPAB6683,GPAB6683.JPG,2024-10-04 01:29:40.000,2024-10-04 13:29:40.000,7.169228426,171.135987579,792458.7728015991,515014.5053027857,-1.9074213503019746,31.3445419921875,-0.1406666666666668
coco_train/train\GPAB3024_jpg.rf.d47ec2fb405b0fe5f1d720bdbee28730.jpg,0.898228645324707,0.3013329543730544,0.26146434860760903,GPAB3024,GPAB3024.JPG,2024-10-03 23:27:34.759,2024-10-04 11:27:34.759,7.181627274650001,171.11933799093,793828.9245668937,513175.85062521865,-1.7310628325454875,31.536559850585938,-0.661
coco_train/train\GPAB2948_jpg.rf.4acdaada60495f5c29e1e122f2d83397.jpg,0.9904909133911133,0.028070586473038447,0.019617915859295634,GPAB2948,GPAB2948.JPG,2024-10-03 23:25:02.607,2024-10-04 11:25:02.607,7.181720565209999,171.11955040574998,793839.2437292718,513199.30023111496,-1.8316198561026176,31.443212890625,-0.6609565500000001
coco_train/train\GPAB3279_jpg.rf.e80fecf07458b621fb3eb07d30d469f8.jpg,0.7145204544067383,0.7095605533076127,0.9895241808024612,GPAB3279,GPAB3279.JPG,2024-10-03 23:36:05.269,2024-10-04 11:36:05.269,7.18250128355,171.1190655084,793925.5363544137,513145.74127094087,-4.931097308021999,32.387021484375005,-0.6417365500000002
coco_train/train\GPAB6710_jpg.rf.9e215ac6bc82835890363fb4d212536b.jpg,0.8079757690429688,0.24653606620026386,0.3794781486510102,GPAB6710,GPAB6710.JPG,2024-10-04 01:30:34.131,2024-10-04 13:30:34.131,7.169083018089999,171.13524108163,792442.6739542901,514932.08847297763,-4.707182664825742,31.271611328124997,-0.1334492000000001
coco_train/train\GPAB3077_jpg.rf.391aeefd68784db44a3aa0d96880ed5b.jpg,0.8476600646972656,0.5760932395918752,0.4802092475269961,GPAB3077,GPAB3077.JPG,2024-10-03 23:29:20.865,2024-10-04 11:29:20.865,7.1821353351,171.1204218756,793885.1207494766,513295.505410992,-2.818750234959402,31.682296767578126,-0.6609567500000001
coco_train/train\GPAB6682_jpg.rf.eb22232a2c018cc5851106de08352de7.jpg,0.9671449661254883,0.04016050760193039,0.05914853002460041,GPAB6682,GPAB6682.JPG,2024-10-04 01:29:38.000,2024-10-04 13:29:38.000,7.169234161,171.136014061,792459.4076584702,515017.4290206617,-1.9176450464476502,31.3359619140625,-0.14093333333333347
coco_train/train\GPAB5933_jpg.rf.4c244c05d951f1eeef907e6435a977a1.jpg,0.8910131454467773,0.3842513197995863,0.39482411954148366,GPAB5933,GPAB5933.JPG,2024-10-04 01:04:38.577,2024-10-04 13:04:38.577,7.16934218864,171.1335317404,792471.2694001879,514743.3499142105,-1.8681219561183209,31.48611328124999,-0.2952846
coco_train/train\GPAB5646_jpg.rf.dc801d7415daa5132f4b66050114462c.jpg,0.8987569808959961,0.31379639462823805,0.2923790575795577,GPAB5646,GPAB5646.JPG,2024-10-04 00:55:04.000,2024-10-04 12:55:04.000,7.171688183,171.137206679,792730.7332066474,515149.02614958794,-1.9212744834942654,32.511432617187495,-0.36460000000000015
coco_train/train\GPAB4073_jpg.rf.fdcf2e1d63bb3c1057b2777db9c017bf.jpg,0.8250722885131836,0.3481409501788859,0.40037889626538486,GPAB4073,GPAB4073.JPG,2024-10-04 00:02:34.857,2024-10-04 12:02:34.857,7.176162150150001,171.12652209925,793224.9806781523,513969.2004996764,-3.8304323253447063,31.185810546874997,-0.6010952500000001
coco_train/train\GPAB6695_jpg.rf.b95d2c9058d219316957c2f1e02a8d4e.jpg,0.8199729919433594,0.44109344123459115,0.3275244227737204,GPAB6695,GPAB6695.JPG,2024-10-04 01:30:04.101,2024-10-04 13:30:04.101,7.1691577851299995,171.13566134031,792450.9529636947,514978.48725087254,-4.524629945716737,31.276334661132815,-0.13745320000000014
coco_train/train\GPAB6469_jpg.rf.804de9a3f3b0bcff6cafd0268423db33.jpg,0.9155149459838867,0.13610883329524526,0.1975628117060318,GPAB6469,GPAB6469.JPG,2024-10-04 01:22:31.649,2024-10-04 13:22:31.649,7.16936857664,171.13576585459,792474.2588783926,514990.0198938942,-4.47350256348325,31.185810546874997,-0.18789006666666674
coco_train/train\GPAB6676_jpg.rf.6abe3e26a544322581b09d5a7e1da98c.jpg,0.7649526596069336,0.23226072211137208,0.3611152186479184,GPAB6676,GPAB6676.JPG,2024-10-04 01:29:26.000,2024-10-04 13:29:26.000,7.169253828,171.136146158,792461.5861219944,515032.013345638,-1.946981789004203,31.314511718750005,-0.14253333333333346
coco_train/train\GPAB3275_jpg.rf.1d25169dab7666cefd953b8af141cd76.jpg,0.8042430877685547,0.9128682620126247,0.7317335704395619,GPAB3275,GPAB3275.JPG,2024-10-03 23:35:57.261,2024-10-04 11:35:57.261,7.1824924914,171.11908363835,793924.564923179,513147.7432112376,-2.61394537594488,32.41164201855469,-0.6421826
coco_train/train\GPAB3221_jpg.rf.8d374c772359fb68a5172ca00d2a6e6e.jpg,0.9398889541625977,0.2295644709375234,0.26605892192201996,GPAB3221,GPAB3221.JPG,2024-10-03 23:34:09.153,2024-10-04 11:34:09.153,7.18278753202,171.11936130038998,793957.1889411682,513178.39076874073,-1.6798612916345157,32.47282226562499,-0.6493898000000001
coco_train/train\GPAB2907_jpg.rf.bf31d322ee0d726153fd605a1778f741.jpg,0.7587146759033203,0.3918599716163872,0.28275397860282725,GPAB2907,GPAB2907.JPG,2024-10-03 23:23:40.525,2024-10-04 11:23:40.525,7.1817482795,171.11967145875002,793842.3109664902,513212.6646484559,-1.7512347074613492,31.40031249999999,-0.6603245833333334
coco_train/train\GPAB3161_jpg.rf.f8abfc3136242b349fd3ba132abde642.jpg,0.9391708374023438,0.7806271280508063,0.8278614541704514,GPAB3161,GPAB3161.JPG,2024-10-03 23:32:09.000,2024-10-04 11:32:09.000,7.182367748,171.119936609,793910.799395506,513241.9214286669,-2.671297966794547,32.181099609375,-0.65625
coco_train/train\GPAB3257_jpg.rf.3ee28745ceb92561a0b0b7379c7e81aa.jpg,0.5620336532592773,0.9308663147201103,0.49802294117985957,GPAB3257,GPAB3257.JPG,2024-10-03 23:35:21.225,2024-10-04 11:35:21.225,7.182429365000001,171.1191813925,793917.5892549516,513158.53784612805,-2.2564008853274835,32.51572265625,-0.6445850000000001
coco_train/train\GPAB3676_jpg.rf.cf29c1b5e8ed14be8d55b94129a9427f.jpg,0.8823575973510742,0.5781557565154603,0.5793934587102932,GPAB3676,GPAB3676.JPG,2024-10-03 23:49:20.000,2024-10-04 11:49:20.000,7.181872391,171.119543633,793856.0275155021,513198.54808750324,-1.7041007584351475,31.7992861328125,-0.6196666666666668
coco_train/train\GPAB7185_jpg.rf.bbdd85b10b2ce4494aa5e4f51cb88e08.jpg,0.767059326171875,0.062263429884986836,0.29173668149860865,GPAB7185,GPAB7185.JPG,2024-10-04 01:46:25.000,2024-10-04 13:46:25.000,7.168397024,171.133619861,792366.7865233223,514753.1098086224,-2.577563361417647,31.005628906249996,-0.0026666666666666687
coco_train/train\GPAB6663_jpg.rf.86f74cdd128bbd44c7c2229648721c5d.jpg,0.9653120040893555,0.19159226690582132,0.19764634940265746,GPAB6663,GPAB6663.JPG,2024-10-04 01:29:00.000,2024-10-04 13:29:00.000,7.169326641,171.136505063,792469.6471943948,515071.63803228026,-1.8487729341234416,31.2415810546875,-0.14600000000000013
coco_train/train\GPAB3605_jpg.rf.bf13048d1dac93ecc93ebc3fdf76088c.jpg,0.8485851287841797,0.5807204598222088,0.5941594667414345,GPAB3605,GPAB3605.JPG,2024-10-03 23:46:57.921,2024-10-04 11:46:57.921,7.18187017132,171.11950278196,793855.7809588568,513194.0378721418,-1.8919838432644815,31.958017578125002,-0.62389605
coco_train/train\GPAB2995_jpg.rf.77053a52828cd1b35e1a6b481dda0977.jpg,0.7067604064941406,0.8345348678664088,0.5888764275824191,GPAB2995,GPAB2995.JPG,2024-10-03 23:26:36.701,2024-10-04 11:26:36.701,7.181713407969999,171.11939274595,793838.4479756963,513181.8935371008,-1.9125443441250336,31.54489110644531,-0.6606116833333334
coco_train/train\GPAB6661_jpg.rf.3c4167a579d558a7483fe8be14f117da.jpg,0.7648181915283203,0.4740303385869263,0.31888451249512695,GPAB6661,GPAB6661.JPG,2024-10-04 01:28:56.000,2024-10-04 13:28:56.000,7.16933892,171.136562202,792471.0064851146,515077.9464048741,-1.807229854026208,31.2587412109375,-0.14666666666666678
coco_train/train\GPAB6251_jpg.rf.8b3bf7684a9fedc046ef83653d618b39.jpg,0.9112377166748047,0.12776562587018434,0.1031959410281474,GPAB6251,GPAB6251.JPG,2024-10-04 01:15:15.213,2024-10-04 13:15:15.213,7.16964938331,171.13603216293,792505.3100971096,515019.41407268046,-4.564289446117615,31.376399822265622,-0.2269858000000001
coco_train/train\GPAB7090_jpg.rf.5a202a153d5630556c96afc11f25bef5.jpg,0.8176631927490234,0.1992105207567171,0.3466900828271461,GPAB7090,GPAB7090.JPG,2024-10-04 01:43:14.891,2024-10-04 13:43:14.891,7.1688887885199994,171.13613666112,792421.2315584876,515030.97675110056,-1.9150111052991516,31.228710937500004,-0.03152543333333348
coco_train/train\GPAB3204_jpg.rf.6183f6d5f541f47d27658919cb096075.jpg,0.9181747436523438,0.0938243557515224,0.13247638379714358,GPAB3204,GPAB3204.JPG,2024-10-03 23:33:35.119,2024-10-04 11:33:35.119,7.18290168692,171.11913126026,793969.8018858859,513152.98928112054,-1.688671875,32.429921875,-0.6508293666666668
coco_train/train\GPAB3203_jpg.rf.7e712af6a7413b28534183109cd92231.jpg,0.8347921371459961,0.019166620256835208,0.16415829529327491,GPAB3203,GPAB3203.JPG,2024-10-03 23:33:33.117,2024-10-04 11:33:33.117,7.18289944754,171.11912153702,793969.5540486408,513151.9158249665,-1.7444739212007425,32.429921875,-0.6508961000000002
coco_train/train\GPAB3216_jpg.rf.55b7a0b3177f516a9877b302a2d24331.jpg,0.015143394470214844,0.003925311537996209,0.9955244919083659,GPAB3216,GPAB3216.JPG,2024-10-03 23:33:59.143,2024-10-04 11:33:59.143,7.182848365330001,171.11927469186,793963.9114297905,513168.8267677318,-1.6755800960579208,32.47282226562499,-0.6500285666666668
coco_train/train\GPAB7095_jpg.rf.da1a17f02f4eb3d1397d87151efeb1a6.jpg,0.8958063125610352,0.47647021545044105,0.48388394597511536,GPAB7095,GPAB7095.JPG,2024-10-04 01:43:24.901,2024-10-04 13:43:24.901,7.16886371902,171.13599963206,792418.4557005992,515015.84803695057,-1.8013337541251049,31.220555573242194,-0.029189766666666804
coco_train/train\GPAB6726_jpg.rf.86e6d7ed436687c775be4fb138f7b9a2.jpg,0.8087692260742188,0.29636582213576124,0.1933782452474732,GPAB6726,GPAB6726.JPG,2024-10-04 01:31:06.163,2024-10-04 13:31:06.163,7.16899529134,171.13481892773,792432.9622609598,514885.4808480675,-4.774601687521754,31.228710937500004,-0.12897283333333345
coco_train/train\GPAB5827_jpg.rf.7cc4d07d38d46d7c26b93ba7539d1662.jpg,0.9450979232788086,0.3891963673584612,0.38704455151779354,GPAB5827,GPAB5827.JPG,2024-10-04 01:01:06.365,2024-10-04 13:01:06.365,7.16986579645,171.13510032055,792529.2036757899,514916.52142287034,-2.214113554476133,31.557478081054683,-0.3261513333333334
coco_train/train\GPAB3070_jpg.rf.94ac6f05bf5c9af60cc3fa812fa92778.jpg,0.8929157257080078,0.27797600643720366,0.22403754011249744,GPAB3070,GPAB3070.JPG,2024-10-03 23:29:06.851,2024-10-04 11:29:06.851,7.18221415116,171.12023974668,793893.8283985731,513275.39465628646,-3.0647223851466303,31.588435002929685,-0.6616574500000001
coco_train/train\GPAB3095_jpg.rf.c30fe8fea9a0ca71fd70d7ad21b1c91c.jpg,0.2638835906982422,0.929367437197896,0.18953071018564574,GPAB3095,GPAB3095.JPG,2024-10-03 23:29:56.901,2024-10-04 11:29:56.901,7.18195119901,171.1209391796,793864.779980085,513352.6252234937,-1.7343173051499134,31.819886900390625,-0.65915495
coco_train/train\GPAB3206_jpg.rf.4e643a6937100e965b0d605f248af3bf.jpg,0.40586090087890625,0.4012613231987064,0.9970675387874167,GPAB3206,GPAB3206.JPG,2024-10-03 23:33:39.123,2024-10-04 11:33:39.123,7.182924741420001,171.11913155712,793972.3505148317,513153.02139415086,-1.9570219370624313,32.429921875,-0.6506959000000001
coco_train/train\GPAB6674_jpg.rf.148aacfe1180e80f7909bfa5817c3478.jpg,0.9673252105712891,0.08808041895595163,0.08109397894850046,GPAB6674,GPAB6674.JPG,2024-10-04 01:29:22.000,2024-10-04 13:29:22.000,7.169265686,171.136202893,792462.8988539486,515038.2771279485,-1.9189663630036211,31.314511718750005,-0.1430666666666668
coco_train/train\GPAB6745_jpg.rf.2153b608d7e2146d34b9d9fc3febb368.jpg,0.9550533294677734,0.38336217144239837,0.40282357414594705,GPAB6745,GPAB6745.JPG,2024-10-04 01:31:44.201,2024-10-04 13:31:44.201,7.16889801106,171.13434034792,792422.1926674303,514832.64346658945,-1.7142084496488925,31.223558600585942,-0.12263316666666677
coco_train/train\GPAB6218_jpg.rf.cbf157f68419fd36fb92aad2909ab5ec.jpg,0.8990306854248047,0.14081094939151909,0.18061330112170962,GPAB6218,GPAB6218.JPG,2024-10-04 01:14:09.147,2024-10-04 13:14:09.147,7.1698291044,171.13692091455,792525.2070127099,515117.53606760164,-5.80390625,31.443212890625,-0.23393285000000008
coco_train/train\GPAB6709_jpg.rf.245c3530c4a8d14b6a624eff467c3c88.jpg,0.8974676132202148,0.10016073805074867,0.1354530143665634,GPAB6709,GPAB6709.JPG,2024-10-04 01:30:32.129,2024-10-04 13:30:32.129,7.16908899749,171.13526931727,792443.3358812565,514935.2058060701,-5.477429381032182,31.275347952148437,-0.13371613333333343
coco_train/train\GPAB6245_jpg.rf.47051ee1d535ca875a821dca928db358.jpg,0.9594154357910156,0.101657695166144,0.10715966070252322,GPAB6245,GPAB6245.JPG,2024-10-04 01:15:03.201,2024-10-04 13:15:03.201,7.16968251421,171.13619248458,792508.9778883075,515037.1142533368,-4.642708411159734,31.39945020214843,-0.2277866000000001
coco_train/train\GPAB6582_jpg.rf.a166616a1043774d17060f56687c0471.jpg,0.7771406173706055,0.31810770793684934,0.10356465913739167,GPAB6582,GPAB6582.JPG,2024-10-04 01:26:17.875,2024-10-04 13:26:17.875,7.169792986999999,171.13823540675,792521.2578150097,515262.671566876,-1.841422546628415,31.292525268554687,-0.16521250000000007
coco_train/train\GPAB7022_jpg.rf.dbd4d6ab4c43310a5cc493f0528c7535.jpg,0.9430408477783203,0.6826374099089151,0.7161062599501078,GPAB7022,GPAB7022.JPG,2024-10-04 01:40:58.755,2024-10-04 13:40:58.755,7.16933294775,171.13791411699998,792470.3908877452,515227.2129435688,-1.8893125268812017,31.16759933105469,-0.050186750000000044
coco_train/train\GPAB6712_jpg.rf.46682450c134719875ebb46291663bc3.jpg,0.8827457427978516,0.13970959608083378,0.17483959802044466,GPAB6712,GPAB6712.JPG,2024-10-04 01:30:38.135,2024-10-04 13:30:38.135,7.16906862945,171.135189385,792441.0816431044,514926.38105998107,-5.6933212707096175,31.271611328124997,-0.13291533333333344
coco_train/train\GPAB3209_jpg.rf.f6dac21895ad4908531149409119db3c.jpg,0.9544286727905273,0.9429015042546613,0.9870410947855194,GPAB3209,GPAB3209.JPG,2024-10-03 23:33:45.129,2024-10-04 11:33:45.129,7.182918915699999,171.11915110765997,793971.7070564969,513155.180091546,-1.6695864222506875,32.43905536816406,-0.6504957000000001
coco_train/train\GPAB7059_jpg.rf.9d98a90bf8301b908be647a4c522fe68.jpg,0.9297494888305664,0.5657720131432643,0.6079931172619608,GPAB7059,GPAB7059.JPG,2024-10-04 01:42:12.829,2024-10-04 13:42:12.829,7.16905271796,171.13696329635,792439.3807166718,515122.24108694406,-1.7366416851331024,31.227977340820317,-0.041289466666666816
coco_train/train\GPAB3093_jpg.rf.58bff31c4e825166db93db59fa417a42.jpg,0.47748661041259766,0.7421210509234276,0.27272657439752035,GPAB3093,GPAB3093.JPG,2024-10-03 23:29:52.897,2024-10-04 11:29:52.897,7.18196284038,171.1209099686,793866.0660550382,513349.399757903,-1.6814162040320757,31.786416015625,-0.65935515
coco_train/train\GPAB6672_jpg.rf.cfd673b99f828cebf1bf4d7528ea8aff.jpg,0.9446802139282227,0.11688940185088809,0.16860499728262435,GPAB6672,GPAB6672.JPG,2024-10-04 01:29:18.000,2024-10-04 13:29:18.000,7.169275155,171.136258655,792463.9474564865,515044.43355837814,-1.6778507588912617,31.314511718750005,-0.14360000000000012
coco_train/train\GPAB2870_jpg.rf.bf5e43594708726bc8b61ede51e9e0d6.jpg,0.9187707901000977,0.14889586209942715,0.10654801113067792,GPAB2870,GPAB2870.JPG,2024-10-03 23:22:26.451,2024-10-04 11:22:26.451,,,,,,31.271611328124997,-0.6604408500000001
coco_train/train\GPAB3099_jpg.rf.fd9c504343c7c4aa14009c61fb4860e5.jpg,0.35485267639160156,0.8168171945544944,0.18275071391123496,GPAB3099,GPAB3099.JPG,2024-10-03 23:30:04.909,2024-10-04 11:30:04.909,7.18191607192,171.12095479222,793860.897218229,513354.35000544717,-2.0691802872051688,31.880406481445313,-0.6589181833333334
coco_train/train\GPAB3205_jpg.rf.b2dcf1145d64430a21b33c0963363d7a.jpg,0.7213773727416992,0.5118892386163085,0.28324272213825774,GPAB3205,GPAB3205.JPG,2024-10-03 23:33:37.121,2024-10-04 11:33:37.121,7.18291238176,171.1191378104,793970.9843631607,513153.7121595843,-1.9111520310986594,32.429921875,-0.6507626333333334
coco_train/train\GPAB6686_jpg.rf.e32547c5fea709267189bd2183dcaa64.jpg,0.9686241149902344,0.07440616220140074,0.10228470799254114,GPAB6686,GPAB6686.JPG,2024-10-04 01:29:46.000,2024-10-04 13:29:46.000,7.169210696,171.135913342,792456.8103647573,515006.3092971581,-1.876750261864947,31.3445419921875,-0.1398666666666668
coco_train/train\GPAB6732_jpg.rf.e471efce5973afce8c168678effb0283.jpg,0.9268274307250977,0.12398626525043065,0.13469733428329458,GPAB6732,GPAB6732.JPG,2024-10-04 01:31:18.175,2024-10-04 13:31:18.175,7.16896310075,171.1346608905,792429.3985465459,514868.032825675,-3.679296875,31.250911889648435,-0.12697083333333342
coco_train/train\GPAB7080_jpg.rf.df00a769985bf2e3b51c4a8d6aca5a3c.jpg,0.9098644256591797,0.32859216896507354,0.3498472316375501,GPAB7080,GPAB7080.JPG,2024-10-04 01:42:54.871,2024-10-04 13:42:54.871,7.168944026329999,171.13641147815,792427.3469742186,515061.3177993175,-1.6781225130747026,31.228710937500004,-0.035683866666666814
coco_train/train\GPAB3028_jpg.rf.6408fbaff7ee716237710768afc67aaf.jpg,0.7932167053222656,0.30205406713358157,0.15871106135123664,GPAB3028,GPAB3028.JPG,2024-10-03 23:27:42.767,2024-10-04 11:27:42.767,7.1815659492799995,171.11942598263,793822.1477232475,513185.56737962645,-1.651433834089425,31.570914483398433,-0.661
coco_train/train\GPAB3080_jpg.rf.78f928f2c19bd787656114709b49bc5b.jpg,0.2953462600708008,0.29873464394697374,0.8976816848881267,GPAB3080,GPAB3080.JPG,2024-10-03 23:29:26.871,2024-10-04 11:29:26.871,7.18209165935,171.12050913623,793880.2950311012,513305.14094218216,-4.708335343403753,31.717221975585936,-0.6606564500000001
coco_train/train\GPAB2871_jpg.rf.158bcbc9f58f2bac1f263b486899dad6.jpg,0.9069643020629883,0.35291988254791895,0.3299508567895023,GPAB2871,GPAB2871.JPG,2024-10-03 23:22:28.453,2024-10-04 11:22:28.453,7.181823345210001,171.11973100054,793850.6110198823,513219.2363689625,-11.485707618568583,31.271611328124997,-0.6604742166666667
coco_train/train\GPAB6723_jpg.rf.a9391a805eef75647fdc4a53714dddc1.jpg,0.925262451171875,0.15178703456540232,0.14429360715774028,GPAB6723,GPAB6723.JPG,2024-10-04 01:31:00.157,2024-10-04 13:31:00.157,7.169009831650001,171.13490141795,792434.5723331526,514894.5882126477,-5.923800945880752,31.24090751855469,-0.12997383333333346
coco_train/train\GPAB3210_jpg.rf.5cd479b61a80836090325f6067951741.jpg,0.5755863189697266,0.5708658922306101,0.9975514813057998,GPAB3210,GPAB3210.JPG,2024-10-03 23:33:47.131,2024-10-04 11:33:47.131,7.182908817709999,171.11916812149997,793970.5912360761,513157.05884063494,-1.6704426613660064,32.447644026367186,-0.6504289666666667
coco_train/train\GPAB3104_jpg.rf.e80e02c3e101d1c16303a7ca427c6a49.jpg,0.8685874938964844,0.4624877334014438,0.40119794977368006,GPAB3104,GPAB3104.JPG,2024-10-03 23:30:14.919,2024-10-04 11:30:14.919,7.181783056,171.12095404865002,793846.1926010571,513354.27179026953,-5.6778910536273814,31.915117187499995,-0.6587513500000001
coco_train/train\GPAB3218_jpg.rf.7f693488a22da0d8f7d7290197305846.jpg,0.06288623809814453,0.06555404696930998,0.9760832534764164,GPAB3218,GPAB3218.JPG,2024-10-03 23:34:03.147,2024-10-04 11:34:03.147,7.18282839871,171.11931166958,793961.7052300284,513172.9099677462,-1.6772925742885585,32.47282226562499,-0.6497902000000002
coco_train/train\GPAB2990_jpg.rf.26380753fc33e784adf7e3cfce47a36f.jpg,0.34747886657714844,0.8728037747516434,0.22214497919239212,GPAB2990,GPAB2990.JPG,2024-10-03 23:26:26.691,2024-10-04 11:26:26.691,7.18163748061,171.11950655929,793830.0576611377,513194.46162700036,-1.8539056295757321,31.501947815429684,-0.6604448500000002
coco_train/train\GPAB3142_jpg.rf.13d3a59829dbccf728469ca35f2de966.jpg,0.7468643188476562,0.4829880761940609,0.25830431918697655,GPAB3142,GPAB3142.JPG,2024-10-03 23:31:30.995,2024-10-04 11:31:30.995,7.182161020200001,171.12039186505,793887.9593059864,513292.19126373314,-2.4418031363051345,32.052419887695315,-0.6574834166666668
coco_train/train\GPAB3148_jpg.rf.215b32be1c7c28f0b92ea81efb374979.jpg,0.49291038513183594,0.24348069895126584,0.5638967358845298,GPAB3148,GPAB3148.JPG,2024-10-03 23:31:43.000,2024-10-04 11:31:43.000,7.182228609,171.120232489,793895.4264683556,513274.5929320117,-2.528683855592075,32.129619140625,-0.6572833333333334
coco_train/train\GPAB6662_jpg.rf.2108d9d531e28867ea4da578a80bbdb8.jpg,0.973973274230957,0.11759803196709191,0.13102071542835633,GPAB6662,GPAB6662.JPG,2024-10-04 01:28:58.000,2024-10-04 13:28:58.000,7.169332731,171.13653283,792470.3213411965,515074.70361538697,-1.7130486748906493,31.2501611328125,-0.14633333333333348
coco_train/train\GPAB6798_jpg.rf.8586409eb79e92bd79db8bd31825a216.jpg,0.8774633407592773,0.10515667639032653,0.14986854815324077,GPAB6798,GPAB6798.JPG,2024-10-04 01:33:30.307,2024-10-04 13:33:30.307,7.1687081731,171.13343346163998,792401.1773320517,514732.51922610874,-2.3261127650775,31.068662450195312,-0.1079693000000001
coco_train/train\GPAB6428_jpg.rf.b16d2b18243733f492c9084c55db4346.jpg,0.9348220825195312,0.3570967673792016,0.3928854688577228,GPAB6428,GPAB6428.JPG,2024-10-04 01:21:09.567,2024-10-04 13:21:09.567,7.16915113478,171.13471969174,792450.1871680112,514874.51903676643,-1.9449270914314216,31.142910156250004,-0.19588385000000005
coco_train/train\GPAB6721_jpg.rf.6d79cc0bee61efd5fc70bf8565773f07.jpg,0.8945016860961914,0.24071819374216233,0.2355820657047989,GPAB6721,GPAB6721.JPG,2024-10-04 01:30:56.153,2024-10-04 13:30:56.153,7.169020021390001,171.13495599016,792435.7005555936,514900.6132597183,-5.318911086554553,31.258084834960936,-0.13051293333333344
coco_train/train\GPAB2996_jpg.rf.d08388c725e99d9745b5436805937c36.jpg,0.900242805480957,0.36226266172225924,0.3895103538733645,GPAB2996,GPAB2996.JPG,2024-10-03 23:26:38.703,2024-10-04 11:26:38.703,7.181728541769999,171.11937125129998,793840.1203632256,513179.51992041303,-1.7041323392946366,31.55347976464843,-0.6606450500000001
coco_train/train\GPAB3118_jpg.rf.dcc5421f468a6a26074826d75b8ef1f7.jpg,0.7315769195556641,0.6120893450068462,0.4265357973433092,GPAB3118,GPAB3118.JPG,2024-10-03 23:30:42.947,2024-10-04 11:30:42.947,7.181871725480001,171.12096148066001,793855.9950190149,513355.0897562573,-1.8407855269222724,32.00069059667968,-0.6582842166666668
coco_train/train\GPAB3074_jpg.rf.38770129f002645fcdacee0bd4225300.jpg,0.7836971282958984,0.2864133137963946,0.30525058428377466,GPAB3074,GPAB3074.JPG,2024-10-03 23:29:14.859,2024-10-04 11:29:14.859,7.1821703567699995,171.12034786485,793888.9901657362,513287.3330239746,-2.80073389696871,31.630764818359378,-0.6612570500000001
coco_train/train\GPAB2865_jpg.rf.a0aa2ad9cf1986ac821e09da15c74528.jpg,0.9224338531494141,0.2422794844859935,0.18957007852543484,GPAB2865,GPAB2865.JPG,2024-10-03 23:22:16.441,2024-10-04 11:22:16.441,,,,,,31.271611328124997,-0.6602740166666667
coco_train/train\GPAB2988_jpg.rf.83afaab24b357370faadb37c4a8f2e80.jpg,0.9543695449829102,0.1740839179371758,0.14125936438375106,GPAB2988,GPAB2988.JPG,2024-10-03 23:26:22.687,2024-10-04 11:26:22.687,7.181609474519999,171.11955204547002,793826.9629640498,513199.4844728102,-1.8869325698804025,31.48611328124999,-0.6603781166666668
coco_train/train\GPAB3481_jpg.rf.e4fc253b7043c340198c9e586f1f566a.jpg,0.7875232696533203,0.8208394866368491,0.695771072143923,GPAB3481,GPAB3481.JPG,2024-10-03 23:42:49.673,2024-10-04 11:42:49.673,7.18244700313,171.11902497977002,793919.5346201229,513141.26815300225,-17.5190337743286,32.20114696191406,-0.6271721166666668
coco_train/train\GPAB6737_jpg.rf.b1b33630159b660adb00a54e0dd9619a.jpg,0.939570426940918,0.33292268634187466,0.38540068328074617,GPAB6737,GPAB6737.JPG,2024-10-04 01:31:28.185,2024-10-04 13:31:28.185,7.1689391439,171.13452796425,792426.7458709519,514853.35706579685,-1.7868160917945692,31.271611328124997,-0.12530250000000012
coco_train/train\GPAB6669_jpg.rf.d5ef3890575d20c081d625d5d84fbdb6.jpg,0.9168643951416016,0.16641861411921502,0.21125051130831554,GPAB6669,GPAB6669.JPG,2024-10-04 01:29:12.000,2024-10-04 13:29:12.000,7.169295013,171.136342698,792466.1454664543,515053.7121823484,-1.8926867397628682,31.305931640625005,-0.14440000000000014
coco_train/train\GPAB6735_jpg.rf.20b7c5c450a55f6155703cf2bbbe373f.jpg,0.9301729202270508,0.13940713200684432,0.16693712396033974,GPAB6735,GPAB6735.JPG,2024-10-04 01:31:24.181,2024-10-04 13:31:24.181,7.16894498778,171.13458193565,792427.3936444817,514859.31591934856,-1.8501491178682958,31.271611328124997,-0.12596983333333345
coco_train/train\GPAB3271_jpg.rf.21bf1e78667a608bb741f6939825a79c.jpg,0.8904047012329102,0.8885098219206756,0.9980488666719157,GPAB3271,GPAB3271.JPG,2024-10-03 23:35:49.253,2024-10-04 11:35:49.253,7.1824812825399995,171.11910119791997,793923.3263140876,513149.6822466488,-1.7804063317461045,32.429921875,-0.6427164666666668
coco_train/train\GPAB4627_jpg.rf.2fb7bd47296ae69f79ff5f44a291d51e.jpg,0.9733285903930664,0.05988020502263199,0.06891091808888795,GPAB4627,GPAB4627.JPG,2024-10-04 00:21:03.965,2024-10-04 12:21:03.965,7.170826442700001,171.13558768425,792635.4167187954,514970.30032103317,-1.7841088141004704,31.786416015625,-0.5207356666666668
coco_train/train\GPAB6654_jpg.rf.c041357eb333cbca4f87f2517eb356e9.jpg,0.9229869842529297,0.5225359740207366,0.5656279826318408,GPAB6654,GPAB6654.JPG,2024-10-04 01:28:42.000,2024-10-04 13:28:42.000,7.16937377,171.136746127,792474.8651151975,515098.25260727387,-1.8815804031126966,31.271611328124997,-0.14900000000000013
coco_train/train\GPAB2868_jpg.rf.6445c69d124f351e333570e6fb451f09.jpg,0.8137102127075195,0.6183057018798862,0.45856530247367605,GPAB2868,GPAB2868.JPG,2024-10-03 23:22:22.447,2024-10-04 11:22:22.447,,,,,,31.271611328124997,-0.6603741166666668
coco_train/train\GPAB3072_jpg.rf.0ac2243c6b202e76c28f399d6eb11d70.jpg,0.9073457717895508,0.3561682506822245,0.3059889807056727,GPAB3072,GPAB3072.JPG,2024-10-03 23:29:10.855,2024-10-04 11:29:10.855,7.18219436635,171.12029780295,793891.6429168184,513281.805099224,-3.5758215988123316,31.605612319335933,-0.6614572500000001
coco_train/train\GPAB6647_jpg.rf.ed1c984301bcc115058546f7d8048b07.jpg,0.7517738342285156,0.17384194667798428,0.39450629221294237,GPAB6647,GPAB6647.JPG,2024-10-04 01:28:28.000,2024-10-04 13:28:28.000,7.169411472,171.136916949,792479.0386038743,515117.1119970958,-1.7071759994768791,31.271611328124997,-0.1513333333333335
coco_train/train\GPAB3405_jpg.rf.0a744a0303d7a1212bd37f5aef217427.jpg,0.9326181411743164,0.34006755991189175,0.3673094908425401,GPAB3405,GPAB3405.JPG,2024-10-03 23:40:17.521,2024-10-04 11:40:17.521,7.18240262892,171.11932467664,793914.6377613753,513174.3583036533,-7.294909925412178,32.51572265625,-0.6324159666666668
coco_train/train\GPAB4096_jpg.rf.8edbf446cf34a5eff495750e9f13b50a.jpg,0.9254512786865234,0.3580329657034546,0.33808377966788483,GPAB4096,GPAB4096.JPG,2024-10-04 00:03:20.903,2024-10-04 12:03:20.903,7.17579289564,171.12695962765,793184.1738151227,514017.51902503823,-3.305588967480523,31.185810546874997,-0.59795485
coco_train/train\GPAB3159_jpg.rf.ed9a35831ae623a1f7ac0a397fdfcda7.jpg,0.9759206771850586,0.34567034680626746,0.34023655571196204,GPAB3159,GPAB3159.JPG,2024-10-03 23:32:05.000,2024-10-04 11:32:05.000,7.182346786,171.119978339,793908.4833020279,513246.5293539517,-3.2424889104995978,32.146779296875,-0.6565833333333333
coco_train/train\GPAB6684_jpg.rf.0736c8590fcf6864ecebf96c7bd09b8f.jpg,0.862797737121582,0.186148873777421,0.254562406500193,GPAB6684,GPAB6684.JPG,2024-10-04 01:29:42.000,2024-10-04 13:29:42.000,7.169221467,171.135963626,792458.0027172841,515011.86085449054,-1.8971976541562987,31.353122070312498,-0.14040000000000014
coco_train/train\GPAB6743_jpg.rf.3e8eefe6b4a8d00eaf0033b44a38f0ee.jpg,0.8884620666503906,0.45723254014130355,0.5504222014391529,GPAB6743,GPAB6743.JPG,2024-10-04 01:31:40.197,2024-10-04 13:31:40.197,7.16891060314,171.13439135116002,792423.5863400948,514838.274384631,-1.813924515571169,31.24073591699219,-0.12330050000000012
coco_train/train\GPAB6213_jpg.rf.a18255c26a2019ef53cab4aad446882f.jpg,0.930903434753418,0.04384768869437301,0.10506737747324393,GPAB6213,GPAB6213.JPG,2024-10-04 01:13:59.137,2024-10-04 13:13:59.137,7.1698582679,171.1370606626,792528.4355734693,515132.9648158341,-5.565012490417702,31.459785311523433,-0.23505753333333343
coco_train/train\GPAB3415_jpg.rf.90f875249c32b02ae81d4b3bce2a27ef.jpg,0.6592750549316406,0.5799474960775691,0.3139096986305579,GPAB3415,GPAB3415.JPG,2024-10-03 23:40:37.541,2024-10-04 11:40:37.541,7.182523715170001,171.11914722647,793928.0184619031,513154.7629377739,-2.3298229964261026,32.43386013085937,-0.6317486333333334
coco_train/train\GPAB3155_jpg.rf.d0fa59781b378d4a698078e736ac7453.jpg,0.9822826385498047,0.6913378130023065,0.7039260797007239,GPAB3155,GPAB3155.JPG,2024-10-03 23:31:57.000,2024-10-04 11:31:57.000,7.182306964,171.120065409,793904.0835918672,513256.1437172398,-3.622143034822753,32.129619140625,-0.65705
coco_train/train\GPAB2942_jpg.rf.fa5fdb4faaa02afcbd2ae3923f5deedc.jpg,0.8698368072509766,0.26085846025622067,0.21365870145931715,GPAB2942,GPAB2942.JPG,2024-10-03 23:24:50.595,2024-10-04 11:24:50.595,7.181814178900001,171.11941556735,793849.5886195905,513184.4102991731,-1.7465148474437358,31.453530434570308,-0.66084325
coco_train/train\GPAB6741_jpg.rf.4813cc555ec276c90547ec3f17feecce.jpg,0.9503335952758789,0.37617984993941117,0.3995348774684429,GPAB6741,GPAB6741.JPG,2024-10-04 01:31:36.193,2024-10-04 13:31:36.193,7.1689250626500005,171.134435868,792425.1862436478,514843.18907118344,-1.7346929494300067,31.257913233398437,-0.12396783333333344
coco_train/train\GPAB3274_jpg.rf.6f8cbaf27e8d238f2d942b271ee4af69.jpg,0.8165140151977539,0.9194638992324133,0.8151349181810674,GPAB3274,GPAB3274.JPG,2024-10-03 23:35:55.259,2024-10-04 11:35:55.259,7.18248967291,171.11908783078002,793924.2534660709,513148.2061691525,-1.7780769382102024,32.42023067675781,-0.6423160666666669
coco_train/train\GPAB3222_jpg.rf.ef789681cc6f68d058b4fab3aa2fddd8.jpg,0.6325750350952148,0.7322002292965741,0.5273552349329682,GPAB3222,GPAB3222.JPG,2024-10-03 23:34:11.155,2024-10-04 11:34:11.155,7.18277562025,171.11937817575,793955.8726085277,513180.2542818626,-1.893687892520337,32.47282226562499,-0.6492563333333334
coco_train/train\GPAB2953_jpg.rf.525a5128fa0eaaf1e66a5fda8ef5249f.jpg,0.8795442581176758,0.2740756601878542,0.2709501980899634,GPAB2953,GPAB2953.JPG,2024-10-03 23:25:12.617,2024-10-04 11:25:12.617,7.1816409941999995,171.11967140085,793830.4508291548,513212.66135271476,-1.8271586887563156,31.443212890625,-0.6607897166666666
coco_train/train\GPAB3225_jpg.rf.83718ce0f906ef09e77f85fef62d54c7.jpg,0.9931058883666992,0.0056700011330400235,0.006734866714164729,GPAB3225,GPAB3225.JPG,2024-10-03 23:34:17.161,2024-10-04 11:34:17.161,7.18272886782,171.11942812206001,793950.7056749004,513185.7700873652,-1.8836679839970571,32.47282226562499,-0.6488559333333335
coco_train/train\GPAB7067_jpg.rf.a302de79c7c7c7514de83ec1b06bfd44.jpg,0.9119510650634766,0.27316250674542897,0.33667228065593413,GPAB7067,GPAB7067.JPG,2024-10-04 01:42:28.845,2024-10-04 13:42:28.845,7.16901003395,171.13674629140002,792434.6549579452,515098.2827357203,-2.140769632878274,31.228710937500004,-0.03915400000000015
coco_train/train\GPAB3268_jpg.rf.29fefe45e6a87e115961b6cbdb159bec.jpg,0.9939250946044922,0.9937807625167315,0.998771899839262,GPAB3268,GPAB3268.JPG,2024-10-03 23:35:43.247,2024-10-04 11:35:43.247,7.18246992732,171.119116197,793922.0714518355,513151.3385883042,-1.648477806711806,32.429921875,-0.6431168666666668
coco_train/train\GPAB3101_jpg.rf.b62e7eeebc3c25bf04dbff6c796cb5d3.jpg,0.8518476486206055,0.3870051831780044,0.36384027592405177,GPAB3101,GPAB3101.JPG,2024-10-03 23:30:08.913,2024-10-04 11:30:08.913,7.181867211749999,171.12094311030998,793855.4955015458,513353.0616552514,-1.8421058093688463,31.89758379785156,-0.6588514500000001
coco_train/train\GPAB4077_jpg.rf.9a5ffc9ad55a59ca7c25d9668bc0f0c0.jpg,0.8824663162231445,0.2248681160617065,0.2264188445680333,GPAB4077,GPAB4077.JPG,2024-10-04 00:02:42.865,2024-10-04 12:02:42.865,7.1761243938,171.1265882109,793220.8088171581,513976.5009959153,-5.048632712043547,31.185810546874997,-0.6004279166666667
coco_train/train\GPAB2752_jpg.rf.8037cefac4b3ec365fb847f303ee6663.jpg,0.8808307647705078,0.21248533289292004,0.21495113524849105,GPAB2752,GPAB2752.JPG,2024-10-03 23:18:30.215,2024-10-04 11:18:30.215,,,,,,29.90585594238281,-0.6659928333333334
coco_train/train\GPAB3227_jpg.rf.2b959500f6e4dec0055fc1e6488e6c59.jpg,0.8395366668701172,0.3264086664118927,0.296089283553828,GPAB3227,GPAB3227.JPG,2024-10-03 23:34:21.165,2024-10-04 11:34:21.165,7.1826749713,171.11943963055,793944.7478732975,513187.0422666777,-2.7444110312132333,32.47282226562499,-0.6485890000000001
coco_train/train\GPAB3114_jpg.rf.a0eef7d84c3db00e2182b17cfb131176.jpg,0.8845586776733398,0.3508448829800105,0.2970091584201197,GPAB3114,GPAB3114.JPG,2024-10-03 23:30:34.939,2024-10-04 11:30:34.939,7.1818119115800005,171.12105188884,793849.3853693068,513365.0732846164,-2.0632837024689312,31.966335963867188,-0.6584176833333334
coco_train/train\GPAB2912_jpg.rf.bf1be34d721f9328c589ea24f4d294f3.jpg,0.958003044128418,0.9285675877577906,0.9289449476977203,GPAB2912,GPAB2912.JPG,2024-10-03 23:23:50.535,2024-10-04 11:23:50.535,7.181822289299999,171.11955959135,793850.4893509048,513200.3114610261,-1.9246096791576446,31.432637944335934,-0.6601577500000002
coco_train/train\GPAB6720_jpg.rf.2fd4860f1fba2e49d2eaf75027641000.jpg,0.9605607986450195,0.1508450750206924,0.15771725082241422,GPAB6720,GPAB6720.JPG,2024-10-04 01:30:54.151,2024-10-04 13:30:54.151,7.169024922749999,171.13498138271,792436.2432135439,514903.4167199475,-6.1409680531797886,31.26667349316406,-0.13077986666666677
coco_train/train\GPAB2866_jpg.rf.5a98983bcb97a76879d7a1bebe213158.jpg,0.4812889099121094,0.633916688911379,0.2156271184487722,GPAB2866,GPAB2866.JPG,2024-10-03 23:22:18.443,2024-10-04 11:22:18.443,,,,,,31.271611328124997,-0.6603073833333335
coco_train/train\GPAB6658_jpg.rf.f6047019a05b50a74f0bc478b9487e2e.jpg,0.9864959716796875,0.12247394488048348,0.11553935585714478,GPAB6658,GPAB6658.JPG,2024-10-04 01:28:50.000,2024-10-04 13:28:50.000,7.169352921,171.136642627,792472.5569048367,515086.8257518125,-1.7350617072712096,31.271611328124997,-0.1476666666666668
coco_train/train\GPAB5767_jpg.rf.ff45ee3ec5f3fbc48cde27a5273de27d.jpg,0.9070644378662109,0.40390284277821414,0.34594496498138166,GPAB5767,GPAB5767.JPG,2024-10-04 00:59:06.245,2024-10-04 12:59:06.245,7.1701961792,171.1367495979,792565.7806295662,515098.6087502649,-5.0828520103574295,31.701752094726558,-0.3423755000000001
coco_train/train\GPAB3276_jpg.rf.a8a21ae6b31115095960af1c82759954.jpg,0.41265296936035156,0.8601895825611697,0.27728273957555166,GPAB3276,GPAB3276.JPG,2024-10-03 23:35:59.263,2024-10-04 11:35:59.263,7.18249511641,171.11907922421,793924.8549851738,513147.2557803745,-3.3994214865645342,32.403053360351564,-0.6420491333333335
coco_train/train\GPAB3264_jpg.rf.7edd339bc280e2edab14e6c55b7b5448.jpg,0.9286918640136719,0.9276179465858048,0.9992222352383129,GPAB3264,GPAB3264.JPG,2024-10-03 23:35:35.239,2024-10-04 11:35:35.239,7.182453370599999,171.11913733616,793920.2417523711,513153.6729922647,-2.0225542476674394,32.463216868164054,-0.6436507333333334
coco_train/train\GPAB3096_jpg.rf.a6470fed9e9e1c7e6665b90f39689d33.jpg,0.7079381942749023,0.3785697962256324,0.18445603516648967,GPAB3096,GPAB3096.JPG,2024-10-03 23:29:58.903,2024-10-04 11:29:58.903,7.18195057503,171.12094092804,793864.711051514,513352.8182833422,-1.7607678557088322,31.837064216796875,-0.6590548500000001
coco_train/train\GPAB3278_jpg.rf.67e2d52633a3ffb9fbefaa6b690632d9.jpg,0.8042593002319336,0.7382936801331994,0.9340551502430274,GPAB3278,GPAB3278.JPG,2024-10-03 23:36:03.267,2024-10-04 11:36:03.267,7.18249938968,171.11906971145999,793925.3271121432,513146.2053759038,-4.263808955096497,32.387021484375005,-0.6418366500000001
coco_train/train\GPAB6646_jpg.rf.49fc6a67b97d38d25bea008e6f33d9f7.jpg,0.9739475250244141,0.3064892466820171,0.309262314128625,GPAB6646,GPAB6646.JPG,2024-10-04 01:28:26.000,2024-10-04 13:28:26.000,7.169412688,171.136933902,792479.1735880836,515118.9837550301,-1.860344012859244,31.271611328124997,-0.15166666666666678
coco_train/train\GPAB6729_jpg.rf.fad7588f7ac2b1f450624a9539241113.jpg,0.8747739791870117,0.08115927278034579,0.14331996090051716,GPAB6729,GPAB6729.JPG,2024-10-04 01:31:12.169,2024-10-04 13:31:12.169,7.168977656619999,171.13474127202,792431.0102673694,514876.90736697085,-5.637044292964015,31.228710937500004,-0.12797183333333345
coco_train/train\GPAB6362_jpg.rf.409a2850d857b0bd69c899eb31575f58.jpg,0.9312658309936523,0.05768421982512775,0.0668628042164452,GPAB6362,GPAB6362.JPG,2024-10-04 01:18:57.435,2024-10-04 13:18:57.435,7.16911079815,171.13322103775,792445.6797643244,514709.05233993765,-5.852673824165668,31.209684614257814,-0.21025650000000007
coco_train/train\GPAB6740_jpg.rf.43588fe8737c9d3ec2b756b24d86e2c0.jpg,0.8506259918212891,0.3683810778475312,0.48124146619219815,GPAB6740,GPAB6740.JPG,2024-10-04 01:31:34.191,2024-10-04 13:31:34.191,7.16891572447,171.13445425826998,792424.1545245689,514845.21986392804,-1.739033733922689,31.266501891601564,-0.1243015000000001
coco_train/train\GPAB3201_jpg.rf.64c5d806908d0ba5fcd43bc8fbac2fe3.jpg,0.8679342269897461,0.3677799905131903,0.38156371045642307,GPAB3201,GPAB3201.JPG,2024-10-03 23:33:29.113,2024-10-04 11:33:29.113,7.18288475733,171.11913769114,793967.9305443658,513153.69978634216,-2.820654438377169,32.429921875,-0.6510295666666668
coco_train/train\GPAB2755_jpg.rf.415a644cf4ee8cdb38ffcd2059822280.jpg,0.8637580871582031,0.34998262031828825,0.3508775298959331,GPAB2755,GPAB2755.JPG,2024-10-03 23:18:36.221,2024-10-04 11:18:36.221,,,,,,29.983153866210934,-0.6657926333333334
coco_train/train\GPAB3026_jpg.rf.1228d6183b1611e5f8290b88f82e5802.jpg,0.9551200866699219,0.10700698836041427,0.13122139794093982,GPAB3026,GPAB3026.JPG,2024-10-03 23:27:38.763,2024-10-04 11:27:38.763,7.1815961039600005,171.11938063974998,793825.4799473536,513180.56029382243,-1.6508744381882519,31.553737166992185,-0.661
coco_train/train\GPAB6415_jpg.rf.0bf2e3c5d4735b766e74bcec33713a76.jpg,0.949671745300293,0.3240580884654605,0.3242165220280264,GPAB6415,GPAB6415.JPG,2024-10-04 01:20:43.541,2024-10-04 13:20:43.541,7.169084826520001,171.13439770222,792442.8465272264,514838.96997430245,-1.85755426732758,31.140589245117187,-0.1991945333333334
coco_train/train\GPAB3141_jpg.rf.deb6e80db7bd7689306dbd1b22440fe5.jpg,0.8474006652832031,0.5167152209524065,0.42419578163438143,GPAB3141,GPAB3141.JPG,2024-10-03 23:31:28.993,2024-10-04 11:31:28.993,7.18214828539,171.12041647082998,793886.5522166146,513294.90830559866,-2.4789721325142886,32.06100854589844,-0.6575167833333335
coco_train/train\GPAB3126_jpg.rf.76285c70c541f39744fa6fe1b09f9432.jpg,0.8655853271484375,0.5985197504239298,0.49703393166808457,GPAB3126,GPAB3126.JPG,2024-10-03 23:30:58.963,2024-10-04 11:30:58.963,7.181975081859999,171.12079520857998,793867.415980475,513336.72898523207,-3.8314897825617846,32.026499471679685,-0.6580172833333334
coco_train/train\GPAB6997_jpg.rf.c826182a13a0d7947e84cecc52a9bd70.jpg,0.9001379013061523,0.33060763592159365,0.35792446271818223,GPAB6997,GPAB6997.JPG,2024-10-04 01:40:08.705,2024-10-04 13:40:08.705,7.1694092757,171.13802445385,792478.8324242838,515239.39281355677,-2.099872347904135,31.228710937500004,-0.05769425000000015
coco_train/train\GPAB3128_jpg.rf.a46449772c1897c0cbd0221fb3dd1bcf.jpg,0.9388132095336914,0.2708695410035662,0.22915350387826158,GPAB3128,GPAB3128.JPG,2024-10-03 23:31:02.967,2024-10-04 11:31:02.967,7.18200171798,171.12074581036,793870.3591033138,513331.2742544917,-3.885745321346401,32.04367678808594,-0.6579505500000001
coco_train/train\GPAB6584_jpg.rf.fbd70af85d16529ea84b50563e90760c.jpg,0.9600839614868164,0.31940974376011816,0.3344417281356883,GPAB6584,GPAB6584.JPG,2024-10-04 01:26:21.879,2024-10-04 13:26:21.879,7.169759879630001,171.13824634002,792517.5982365229,515263.87982162,-1.769807869034118,31.30970258496094,-0.1648121000000001
coco_train/train\GPAB6670_jpg.rf.49b33c338c42f4e138b2648057f66f03.jpg,0.9361124038696289,0.04455247799693887,0.07979290332864114,GPAB6670,GPAB6670.JPG,2024-10-04 01:29:14.000,2024-10-04 13:29:14.000,7.169292674,171.136313448,792465.8859365169,515050.48273603263,-1.7696344102151915,31.314511718750005,-0.14413333333333345
coco_train/train\GPAB3202_jpg.rf.b3fcaab315619b91de7398386de9ccee.jpg,0.8553218841552734,0.15480303347461127,0.14751701000339912,GPAB3202,GPAB3202.JPG,2024-10-03 23:33:31.115,2024-10-04 11:33:31.115,7.1828977607999995,171.11912320435,793969.3676313786,513152.0999595012,-2.6260990850950483,32.429921875,-0.6509628333333335
coco_train/train\GPAB3065_jpg.rf.623b37a3e1def7e946fbe7642cf75b09.jpg,0.857945442199707,0.2972511296793113,0.39946958363659757,GPAB3065,GPAB3065.JPG,2024-10-03 23:28:56.841,2024-10-04 11:28:56.841,7.182134732220001,171.12010157259,793885.0448222712,513260.14145100187,-3.7961113456198454,31.545491711914057,-0.6619473500000002
coco_train/train\GPAB2992_jpg.rf.e4effd5df06ee1d3cc045935c76638eb.jpg,0.9915571212768555,0.108118903908604,0.10861916988494842,GPAB2992,GPAB2992.JPG,2024-10-03 23:26:30.695,2024-10-04 11:26:30.695,7.181668666649999,171.11946243695,793833.503933898,513189.58926902356,-1.8208786892710616,31.519125131835935,-0.6605115833333335
coco_train/train\GPAB3027_jpg.rf.747b37a57bb87ebb8bad757bc73c82cb.jpg,0.9418048858642578,0.18153701680163925,0.16406899637619232,GPAB3027,GPAB3027.JPG,2024-10-03 23:27:40.765,2024-10-04 11:27:40.765,7.1815813863499995,171.1194030899,793823.8535961721,513183.0393940944,-1.6511541361388384,31.562325825195305,-0.661
coco_train/train\GPAB3259_jpg.rf.839025428ad843c1b67707a3f6164648.jpg,0.8980636596679688,0.8972543943709035,0.9987094866176451,GPAB3259,GPAB3259.JPG,2024-10-03 23:35:25.229,2024-10-04 11:35:25.229,7.18243510712,171.11916807929998,793918.2236504618,513157.0677998219,-1.7209173324634972,32.506160159179686,-0.6443180666666668
coco_train/train\GPAB3412_jpg.rf.aabe456f2f3adad085609422103a52ae.jpg,0.9229230880737305,0.9272693927481598,0.9333081119904441,GPAB3412,GPAB3412.JPG,2024-10-03 23:40:31.535,2024-10-04 11:40:31.535,7.1824871547,171.11920221685,793923.9783674488,513160.8353551912,-1.740642492948766,32.479107172851556,-0.6319488333333334
coco_train/train\GPAB3127_jpg.rf.a33eb97ca070a71c354688a5df3fe396.jpg,0.9368419647216797,0.42914467000689427,0.38349275910608904,GPAB3127,GPAB3127.JPG,2024-10-03 23:31:00.965,2024-10-04 11:31:00.965,7.18198795975,171.1207688769,793868.83883457,513333.821383947,-3.6211313104343597,32.03508812988281,-0.6579839166666668
coco_train/train\GPAB3151_jpg.rf.2c56a82516e6b16eb781cce5002c00e2.jpg,0.9217309951782227,0.5585359202493456,0.5463538195931427,GPAB3151,GPAB3151.JPG,2024-10-03 23:31:49.000,2024-10-04 11:31:49.000,7.182267531,171.120159377,793899.7270862269,513266.51966430387,-1.719609892636461,32.129619140625,-0.6571833333333333
coco_train/train\GPAB3035_jpg.rf.d5c32d9742ccdb6a97e4a8d5755c24d6.jpg,0.49892711639404297,0.4894569665637969,0.9930077987720919,GPAB3035,GPAB3035.JPG,2024-10-03 23:27:56.781,2024-10-04 11:27:56.781,7.18146152717,171.11958317853,793810.6086320414,513202.9260793198,-6.007587007726488,31.598593815429684,-0.661
coco_train/train\GPAB3193_jpg.rf.b20fe77d2415b67a0fc966d613aaf1f4.jpg,0.9070158004760742,0.5259494971414744,0.49239902981047506,GPAB3193,GPAB3193.JPG,2024-10-03 23:33:13.000,2024-10-04 11:33:13.000,7.182755807,171.119273757,793953.6792985428,513168.72621528566,-2.9320769255961587,32.301220703125004,-0.6515666666666668
coco_train/train\GPAB5179_jpg.rf.f9eed0cac19d9f9bceeb29baf5d810fb.jpg,0.890324592590332,0.5597208112566566,0.5597774632578165,GPAB5179,GPAB5179.JPG,2024-10-04 00:39:29.000,2024-10-04 12:39:29.000,7.170298348,171.136218668,792577.0577203328,515039.984987883,-3.931021964245786,31.443212890625,-0.43310000000000004
coco_train/train\GPAB2869_jpg.rf.854568362cd06f0704ba47a3d0a0d686.jpg,0.8932323455810547,0.3884512495126968,0.47262652120225146,GPAB2869,GPAB2869.JPG,2024-10-03 23:22:24.449,2024-10-04 11:22:24.449,,,,,,31.271611328124997,-0.6604074833333334
coco_train/train\GPAB2864_jpg.rf.3d22d093a0caea49f240aa6619901423.jpg,0.7628297805786133,0.3602107070361785,0.15561920637267798,GPAB2864,GPAB2864.JPG,2024-10-03 23:22:14.439,2024-10-04 11:22:14.439,,,,,,31.271611328124997,-0.66024065
coco_train/train\GPAB3069_jpg.rf.b4e787e9b2ba7d152d6ea99e92e0ca40.jpg,0.8409309387207031,0.49780593520931476,0.4006199073211669,GPAB3069,GPAB3069.JPG,2024-10-03 23:29:04.849,2024-10-04 11:29:04.849,7.1822129296099995,171.12020825516998,793893.692446972,513271.91778134025,-2.704696373318395,31.579846344726555,-0.6617575500000001
coco_train/train\GPAB4356_jpg.rf.ab8b96243dec13600dff6a53412e9ddc.jpg,0.8516454696655273,0.6230779128250529,0.6127336414946142,GPAB4356,GPAB4356.JPG,2024-10-04 00:12:01.423,2024-10-04 12:12:01.423,7.17127096498,171.13230103928,792684.4517081422,514607.4054943818,,31.100009765624996,-0.5559051333333334
coco_train/train\GPAB6649_jpg.rf.a58e0e1bfc3624eeb9491a658021c1a4.jpg,0.9132461547851562,0.40263057326063956,0.391142699669498,GPAB6649,GPAB6649.JPG,2024-10-04 01:28:32.000,2024-10-04 13:28:32.000,7.16939763,171.136865104,792477.5066965263,515111.3881939303,-1.670838908403124,31.271611328124997,-0.15066666666666678
coco_train/train\GPAB3079_jpg.rf.e7c5099d099663c09dfc56f1c1dff4d2.jpg,0.8319911956787109,0.409738959101096,0.2887110805553048,GPAB3079,GPAB3079.JPG,2024-10-03 23:29:24.869,2024-10-04 11:29:24.869,7.1821073562999995,171.12048114737001,793882.0294793072,513302.0502948686,-4.475635194740176,31.708633317382812,-0.6607565500000001
coco_train/train\GPAB3033_jpg.rf.b0cd7079602c43998bfd2c3b473d35e1.jpg,0.8707761764526367,0.18468456357794835,0.24342692756033438,GPAB3033,GPAB3033.JPG,2024-10-03 23:27:52.777,2024-10-04 11:27:52.777,7.18149028518,171.1195379142,793813.786458155,513197.92770403624,-3.2874767756282726,31.61385777441406,-0.661
coco_train/train\GPAB6719_jpg.rf.dd248025fd19862bd137b864063d396f.jpg,0.9407882690429688,0.10138499739784876,0.13847573469963878,GPAB6719,GPAB6719.JPG,2024-10-04 01:30:52.149,2024-10-04 13:30:52.149,7.16902995546,171.13500939241,792436.800477056,514906.5091382736,-5.987450898668887,31.271611328124997,-0.13104680000000013
coco_train/train\GPAB6718_jpg.rf.7f7818197c5ceb86c0d72a23ee969dcf.jpg,0.9013271331787109,0.13390324606364612,0.19141558947847512,GPAB6718,GPAB6718.JPG,2024-10-04 01:30:50.147,2024-10-04 13:30:50.147,7.169036087529999,171.1350350276,792437.4791952916,514909.33934851486,-5.490395638486129,31.271611328124997,-0.13131373333333346
coco_train/train\GPAB6236_jpg.rf.46b13879c47d4fdd782cf071312ef0fe.jpg,0.0438690185546875,0.036125732875252295,0.9988026263483656,GPAB6236,GPAB6236.JPG,2024-10-04 01:14:45.183,2024-10-04 13:14:45.183,7.16973146544,171.13644152815,792514.3974964669,515064.60978276934,-4.994814940572395,31.39094734472656,-0.2297286500000001
coco_train/train\GPAB2913_jpg.rf.a426d17e675cf5b48b74ca8af4351b03.jpg,0.9711389541625977,0.21768387415190033,0.2036312972540103,GPAB2913,GPAB2913.JPG,2024-10-03 23:23:52.537,2024-10-04 11:23:52.537,7.1818379628199995,171.11953759440001,793852.2213878798,513197.88237080124,-1.9310032322897555,31.44122660253906,-0.6601243833333335
coco_train/train\GPAB2756_jpg.rf.e3eab669406113c45048b693e012a15e.jpg,0.9050159454345703,0.24998799745738137,0.2137806472923224,GPAB2756,GPAB2756.JPG,2024-10-03 23:18:38.223,2024-10-04 11:18:38.223,,,,,,30.00891984082031,-0.6657259000000001
coco_train/train\GPAB2751_jpg.rf.4de6e0d105f7e4cb8e7340d64f41d244.jpg,0.9440841674804688,0.13124732343299605,0.0990132949764078,GPAB2751,,,,,,,,,,
coco_train/train\GPAB3189_jpg.rf.cb7c692b5418f563afa01bc4fa3ee9b5.jpg,0.8604698181152344,0.17841827612761488,0.24690190369927967,GPAB3189,GPAB3189.JPG,2024-10-03 23:33:05.000,2024-10-04 11:33:05.000,7.182701076,171.119353707,793947.6312143448,513177.5548892039,-2.66484375,32.301220703125004,-0.6518333333333335
coco_train/train\GPAB6660_jpg.rf.31b6a04bb3b33417f99359b150249ea1.jpg,0.9646949768066406,0.12598732915580838,0.141609838628215,GPAB6660,GPAB6660.JPG,2024-10-04 01:28:54.000,2024-10-04 13:28:54.000,7.169344265,171.13658899,792471.5982421486,515080.9039199201,-1.8350247623610838,31.267321289062497,-0.14700000000000013
coco_train/train\GPAB3066_jpg.rf.e12db764904a5ff43af91282f16a52d8.jpg,0.8592567443847656,0.5562890442711383,0.5497519794593286,GPAB3066,GPAB3066.JPG,2024-10-03 23:28:58.843,2024-10-04 11:28:58.843,7.18216337228,171.12011810266,793888.2113914719,513261.9656711851,-2.7399758070910196,31.554080370117184,-0.6619807166666668
coco_train/train\GPAB6648_jpg.rf.c56ce6da35aa5d7bf1816fcefeee13f5.jpg,0.96612548828125,0.5424938018869917,0.5442164068036173,GPAB6648,GPAB6648.JPG,2024-10-04 01:28:30.000,2024-10-04 13:28:30.000,7.169404414,171.136891354,792478.257515874,515114.2862596791,-1.6583315514627772,31.271611328124997,-0.15100000000000013
