"","image","accuracy","coral_cover","coral_cover_pred","pct_bleached_true","pct_bleached_pred","cover_true__branching_acropora","cover_pred__branching_acropora","cover_true__finger-knob_porites","cover_pred__finger-knob_porites","cover_true__finger_acropora","cover_pred__finger_acropora","cover_true__mounding_","cover_pred__mounding_","cover_true__oddball","cover_pred__oddball","cover_true__pocillopora_","cover_pred__pocillopora_","cover_healthy_true__branching_acropora","cover_healthy_pred__branching_acropora","cover_healthy_true__finger-knob_porites","cover_healthy_pred__finger-knob_porites","cover_healthy_true__finger_acropora","cover_healthy_pred__finger_acropora","cover_healthy_true__mounding_","cover_healthy_pred__mounding_","cover_healthy_true__oddball","cover_healthy_pred__oddball","cover_healthy_true__pocillopora_","cover_healthy_pred__pocillopora_","image_id","filename","DateTimeUTC","DateTimeLocal","latPhoto","lonPhoto","NorthPhoto_UTM","EastPhoto_UTM","Depth_WaterSurface","HoboTempPhoto","photo_tide","big_mask"
"1","data/train\GPAB5767_jpg.rf.ff45ee3ec5f3fbc48cde27a5273de27d.jpg",0.946343421936035,0.403902842778214,0.39070484691477,0.258519404750702,0.0296693251498397,0.0747566364458647,0,0,0.0195948709774679,0.293350783429962,0.0792955179625252,0.0155159268939532,0.250282779904095,0.00655434847318055,0.0253743352991898,0.0138336505205263,0.0161573427714927,0.0747566364458647,0,0,0,0.07152555197293,0.0792955179625252,0,0.249186227610457,0,0.0163964334204558,0,0.0161573427714927,"GPAB5767","GPAB5767.JPG",2024-10-04 00:59:06.245,2024-10-04 12:59:06.245,7.1701961792,171.1367495979,792565.780629566,515098.608750265,-5.08285201035743,31.7017520947266,-0.3423755,FALSE
"2","data/train\GPAB4628_jpg.rf.a32dd5456b0963e5b59d0ca007cce0b1.jpg",0.862168312072754,0.213322630265996,0.137949543231238,0.00199722309173975,0.0498758456991529,0.211325407174256,0.0722178586311724,0,0,0,0,0,0.0598033887498728,0.00199722309173975,0.0044783887018626,0,0.0014499071483303,0.211325407174256,0.0355784169318428,0,0,0,0,0,0.0465669847500495,0,0.0044783887018626,0,0.0014499071483303,"GPAB4628","GPAB4628.JPG",2024-10-04 00:21:05.967,2024-10-04 12:21:05.967,7.1708208102,171.13555926371,792634.793132339,514967.162573959,-1.75232820707886,31.786416015625,-0.5206022,FALSE
"3","data/train\GPAB3115_jpg.rf.579f0cdc4939c117334ea9da5ff03dd0.jpg",0.891412734985352,0.642289662642134,0.635418447043822,0.62737866389616,0.00984208494727523,0.00760673140998189,0.00504106789982389,0.600147295203016,0.607942226481258,0.00137597148579955,0,0.0200874553265364,0.00458977229736347,0.0130059551815456,0.0178453803653766,9.50601375395364e-05,0,0,0.00504106789982389,0,0.600070478930257,0,0,0.00319171613314564,0.00458977229736347,0.0117452081048849,0.0158750429691026,0,0,"GPAB3115","GPAB3115.JPG",2024-10-03 23:30:36.941,2024-10-04 11:30:36.941,7.18183213901,171.1210261328,793851.620712851,513362.229022163,-1.84121032863841,31.9749246220703,-0.658384316666667,FALSE
"4","data/train\GPAB3141_jpg.rf.deb6e80db7bd7689306dbd1b22440fe5.jpg",0.80784797668457,0.516715220952407,0.487244657908331,0.506483293420878,0.0886171726618567,0.0157406144917739,0.0111690860591908,0.361370632754843,0.371315459466933,0.126585535879921,0.0280062528446026,0.0064909750481542,0.00211436790769756,0.00725625716551794,0.0746394916299069,0,0,0,0.0111690860591908,0,0.286859808381808,0.010258813226994,0.0238447312678718,0,0.00211436790769756,0,0.0746394916299069,0,0,"GPAB3141","GPAB3141.JPG",2024-10-03 23:31:28.993,2024-10-04 11:31:28.993,7.18214828539,171.12041647083,793886.552216615,513294.908305599,-2.47897213251429,32.0610085458984,-0.657516783333334,FALSE
"5","data/train\GPAB6690_jpg.rf.637f5097d9a3bab3fa7b446bc3a42681.jpg",0.879754066467285,0.249667289518612,0.305337002590629,0.202947632426453,0.0758695121974639,0.0132373642032328,0.0159547398520903,0,0.0259859848710351,0.23070039157095,0.208112566566101,0.00291229694098397,0.030925271209453,0,0.0232647684085397,0.00282203782049189,0.00109367168340941,0,0.0159547398520903,0,0.00559510526709978,0.0481676438336697,0.163329639750885,0,0.0282194180015094,0,0.0152749158381712,0,0.00109367168340941,"GPAB6690","GPAB6690.JPG",2024-10-04 01:29:54,2024-10-04 13:29:54,7.169189223,171.135805456,792454.433050319,514994.398191278,-2.16172726273449,31.3102216796875,-0.1388,FALSE
"6","data/train\GPAB2867_jpg.rf.a760f33822f6d3414eebcb42d8a10ffe.jpg",0.92180061340332,0.250126266748348,0.283047800846131,0.207111074410003,0.115326190700238,0.0184887166497351,0.00134236436646739,0,0,0.231637550098613,0.263566233870983,0,0,0,0.00342504556165178,0,0.0147141570470288,0.0184887166497351,0,0,0,0.0245264756886099,0.154826078356439,0,0,0,0.00096308401971873,0,0.0119324477697355,"GPAB2867","GPAB2867.JPG",2024-10-03 23:22:20.445,2024-10-04 11:22:20.445,NA,NA,NA,NA,NA,31.271611328125,-0.66034075,FALSE
"7","data/train\GPAB6583_jpg.rf.34fe1addfc3ac25bcef690a08010fba2.jpg",0.840813636779785,0.162269575186808,0.229851571756961,0.119075785014297,0.123928653045861,0.0234241621745151,0.0703445017792569,0.0177368773801042,0.00631717823103646,0.0777486302698364,0.106987784292224,0.013165348947521,0.00787654856804865,0,0.0187719766555347,0.0304182838092421,0.0195535822308598,0,0.0337492294367639,0.0136060823124771,0,0.0152461097358864,0.0457824985644959,0.00414615832217897,0.00097940747768007,0,0.0080196188760627,0.0104191671963789,0.0173921643560972,"GPAB6583","GPAB6583.JPG",2024-10-04 01:26:19.877,2024-10-04 13:26:19.877,7.16978225373,171.13823878568,792520.071389558,515263.044995003,-1.80561520783127,31.3011139267578,-0.1650123,FALSE
"8","data/train\GPAB3676_jpg.rf.cf29c1b5e8ed14be8d55b94129a9427f.jpg",0.866848945617676,0.57815575651546,0.580897137249555,0.413476070770832,0.151473048050499,0,0,0,0.00166595291546561,0.572013335304951,0.575182966759678,0.00268184812270631,0.00160065908362027,0.00366509641402434,0.00244755849079068,0,0,0,0,0,0,0.165789680885999,0.425375871624645,0,0.00160065908362027,0,0.00244755849079068,0,0,"GPAB3676","GPAB3676.JPG",2024-10-03 23:49:20,2024-10-04 11:49:20,7.181872391,171.119543633,793856.027515502,513198.548087503,-1.70410075843515,31.7992861328125,-0.619666666666667,FALSE
"9","data/train\GPAB6715_jpg.rf.a898d0fb7c3a95601530c5917ce4fd7a.jpg",0.882559776306152,0,0.118244248861679,0,0.0791476466374637,0,0,0,0.0812226462053721,0,0.00905183754126474,0,0.0188968030987684,0,0.00907296201627352,0,0,0,0,0,0.0233454254949368,0,0.00905183754126474,0,0.00669933918801358,0,0,0,0,"GPAB6715","GPAB6715.JPG",2024-10-04 01:30:44.141,2024-10-04 13:30:44.141,7.16905398379,171.13511138252,792439.460064776,514917.769197208,-5.92734938590795,31.271611328125,-0.132114533333333,FALSE
"10","data/train\GPAB3222_jpg.rf.ef789681cc6f68d058b4fab3aa2fddd8.jpg",0.851212501525879,0.732200229296574,0.718585505153412,0.732200229296574,0.00127130931416511,0,0,0,0.00127130931416511,0.732200229296574,0.657598185599637,0,0.0597160102396092,0,0,0,0,0,0,0,0,0,0.657598185599637,0,0.0597160102396092,0,0,0,0,"GPAB3222","GPAB3222.JPG",2024-10-03 23:34:11.155,2024-10-04 11:34:11.155,7.18277562025,171.11937817575,793955.872608528,513180.254281863,-1.89368789252034,32.472822265625,-0.649256333333333,FALSE
"11","data/train\GPAB6725_jpg.rf.990d5f2625903257e8bc17df9fa2bf20.jpg",0.89102840423584,0.211463676465222,0.198528776335979,0.18014088104424,0.041282025184215,0,0,0.143336284358479,0.134107769389868,0.0514822660032301,0.0197110555900162,0.0149666905437248,0.0428298730803133,0.00176965488369056,0,0,0.00188007827578194,0,0,0,0.115516310975317,0.0270162831294181,0.0154611952996123,0.00260887266358505,0.0262692448768347,0.00176965488369056,0,0,0,"GPAB6725","GPAB6725.JPG",2024-10-04 01:31:04.161,2024-10-04 13:31:04.161,7.16900298417,171.13484529288,792433.813540008,514888.391603807,-4.97576154880877,31.2287109375,-0.1293065,FALSE
"12","data/train\GPAB2988_jpg.rf.83afaab24b357370faadb37c4a8f2e80.jpg",0.183295249938965,0.174083917937176,0.960182285015258,0.157371577594998,0.819913850550101,0.00545395536590471,0.002959346908049,0,0,0.154452559230147,0.135247530836933,0.0141898859854472,0,0,0.821975407270276,0,0,0.00545395536590471,0.002959346908049,0,0,0.0112708676205967,0.135247530836933,0,0,0,0.0020615567201756,0,0,"GPAB2988","GPAB2988.JPG",2024-10-03 23:26:22.687,2024-10-04 11:26:22.687,7.18160947452,171.11955204547,793826.96296405,513199.48447281,-1.8869325698804,31.48611328125,-0.660378116666667,FALSE
"13","data/train\GPAB3224_jpg.rf.3496e1b9cc1114642afead4714dc1e93.jpg",0.886550903320312,0.42711864081287,0.33619121874778,0.342807980442577,0.0261482592472389,0,0,0,0,0.42711864081287,0.175027797888705,0,0.161163420859075,0,0,0,0,0,0,0,0,0.0843106603702928,0.165538107592712,0,0.144504851907828,0,0,0,0,"GPAB3224","GPAB3224.JPG",2024-10-03 23:34:15.159,2024-10-04 11:34:15.159,7.18274942123,171.11941347125,793952.977384202,513184.151932489,-1.92856423269447,32.472822265625,-0.6489894,FALSE
"14","data/train\GPAB6717_jpg.rf.d75823f43240ef0ce9f9964a1c4519d3.jpg",0.976412773132324,0.0416872310230199,0.0488724331362356,0.0397831476620007,0.00559222465687131,0,0,0.0293150100917378,0.0229843890129685,0.00531088505789066,0.0151596914290323,0.00706133587339141,0.00729850611553551,0,0.00342984657869923,0,0,0,0,0,0.0208220109347964,0,0.0151596914290323,0.00190408336101919,0.00729850611553551,0,0,0,0,"GPAB6717","GPAB6717.JPG",2024-10-04 01:30:48.145,2024-10-04 13:30:48.145,7.1690417472,171.1350614461,792438.105716429,514912.256060171,-6.17663458051676,31.271611328125,-0.131580666666667,FALSE
"15","data/train\GPAB4862_jpg.rf.11a13aa47c9a9c8fb61cd72b53131a3d.jpg",0.863463401794434,0.139005766981677,0.13381970836702,0.12140715889254,0.0202065205493132,0.0554527071014724,0.0057112898796481,0,0,0.0563053677290997,0.058105749121894,0.0141063482888215,0.0311105904674846,0,0.0259494971414744,0.0131759111850254,0.0129425817565193,0,0.00317347226836533,0,0,0.0111057126341644,0.058105749121894,0.00669069735732817,0.0267118986486097,0,0.0157886246622485,0,0.00983344311658981,"GPAB4862","GPAB4862.JPG",2024-10-04 00:28:54.435,2024-10-04 12:28:54.435,7.1707948108,171.13652719585,792631.950635263,515074.033471928,-3.31932005294553,31.6209706591797,-0.4845565,FALSE
"16","data/train\GPAB5096_jpg.rf.e6b7fbc62c0b41cc3946e299a644d3f2.jpg",0.83385181427002,0.518325482070122,0.501905043564429,0.171206188318933,0.0843701929816812,0.038279469122739,0.063037353833036,0.00968749219834729,0.0195170945012992,0.466893146644185,0.403874036675929,0.00366029539697689,0,0,0.0154765585541641,0,0,0,0.0529129690833706,0,0.0131461448793312,0.351363392821135,0.337668971794985,0,0,0,0.0138067648250605,0,0,"GPAB5096","GPAB5096.JPG",2024-10-04 00:36:42.903,2024-10-04 12:36:42.903,7.16985190807,171.13416803992,792527.638159401,514813.587927315,-3.55011236020958,31.4007286337891,-0.44642475,FALSE
"17","data/train\GPAB6696_jpg.rf.7b1873494355502f46e4f7212e94cfcf.jpg",0.917965888977051,0.142285821828496,0.12470353719732,0.121356268111837,0.0289270879143038,0,0,0.0966089456390442,0.06851147347054,0.0399098945120534,0.0242604993441811,0.00577274289785548,0.0118047407162733,0,0.0201268236663255,0,0,0,0,0,0.0649164719054084,0.0170772176377844,0.021947369330719,0.00385809729933189,0.00891260804688865,0,0,0,0,"GPAB6696","GPAB6696.JPG",2024-10-04 01:30:06.103,2024-10-04 13:30:06.103,7.16915249176,171.13563493517,792450.36693275,514975.572003836,-4.96929886317238,31.2849233193359,-0.137186266666667,FALSE
"18","data/train\GPAB3205_jpg.rf.b2dcf1145d64430a21b33c0963363d7a.jpg",0.71565055847168,0.511889238616309,0.257429573880931,0.507138152146151,0.0154323891973276,0,0.00112727880274157,0.491815226137505,0.242228593705291,0.0131038959293137,0.0108781444261152,0.0065793137618273,0.00118585121072047,0.00041768848312826,0.00200970573606312,0,0,0,0,0,0.23071959563914,0.0047741313519856,0.00808203209767957,0,0.00118585121072047,0,0.00200970573606312,0,0,"GPAB3205","GPAB3205.JPG",2024-10-03 23:33:37.121,2024-10-04 11:33:37.121,7.18291238176,171.1191378104,793970.984363161,513153.712159584,-1.91115203109866,32.429921875,-0.650762633333333,FALSE
"19","data/train\GPAB3605_jpg.rf.bf13048d1dac93ecc93ebc3fdf76088c.jpg",0.829301834106445,0.580720459822209,0.612637621153665,0.367345018368691,0.16546705254041,0.0652333390305402,0.0102492111928991,0,0.0676933801656543,0.515684922694024,0.532454875240771,0,0.00224015455434079,0,0,0,0,0.0587750108983087,0,0,0.0136387292283997,0.154862566086,0.433531839384855,0,0,0,0,0,0,"GPAB3605","GPAB3605.JPG",2024-10-03 23:46:57.921,2024-10-04 11:46:57.921,7.18187017132,171.11950278196,793855.780958857,513194.037872142,-1.89198384326448,31.958017578125,-0.62389605,FALSE
"20","data/train\GPAB6719_jpg.rf.dd248025fd19862bd137b864063d396f.jpg",0.949382781982422,0.101384997397849,0.129125273898023,0.100280763476935,0,0,0,0.0746999844447048,0.0712883817307858,0.0231860317289615,0.0229824686061495,0.00356523525943735,0.0348544235610872,0,0,0,0,0,0,0,0.0712883817307858,0.00080561066056233,0.0229824686061495,0.00038312116038661,0.0348544235610872,0,0,0,0,"GPAB6719","GPAB6719.JPG",2024-10-04 01:30:52.149,2024-10-04 13:30:52.149,7.16902995546,171.13500939241,792436.800477056,514906.509138274,-5.98745089866889,31.271611328125,-0.1310468,FALSE
"21","data/train\GPAB6672_jpg.rf.cfd673b99f828cebf1bf4d7528ea8aff.jpg",0.975277900695801,0.116889401850888,0.133436587206634,0.116889401850888,0.0144933102628461,0,0,0,0,0.100033991200696,0.105332393614263,0.0140151289649199,0.0136108833295245,0.00210764648383113,0.0144933102628461,0.00073263520144107,0,0,0,0,0,0,0.105332393614263,0,0.0136108833295245,0,0,0,0,"GPAB6672","GPAB6672.JPG",2024-10-04 01:29:18,2024-10-04 13:29:18,7.169275155,171.136258655,792463.947456487,515044.433558378,-1.67785075889126,31.31451171875,-0.1436,FALSE
"22","data/train\GPAB2868_jpg.rf.6445c69d124f351e333570e6fb451f09.jpg",0.796304702758789,0.618305701879886,0.50553749306253,0.0801136112674109,0.0293726222963073,0,0,0.00346633430825986,0,0.594914186621294,0.470450700276347,0.0192828048693835,0.0176494988698406,0.00067310259005267,0.00342600576506127,0,0.014011288151282,0,0,0,0,0.529088402087098,0.456757239453606,0.00943783931187983,0.015981625547556,0,0.00342600576506127,0,0,"GPAB2868","GPAB2868.JPG",2024-10-03 23:22:22.447,2024-10-04 11:22:22.447,NA,NA,NA,NA,NA,31.271611328125,-0.660374116666667,FALSE
"23","data/train\GPAB2910_jpg.rf.6a59ae7e8c4bd736c88f0483d80245eb.jpg",0.923415184020996,0.162763119739286,0.132488866441467,0.153261907002379,0.0265774701712811,0.0561114066403827,0.0250632293945149,0,0.00871768675476212,0.106651713098903,0.0725404869767612,0,0.00533104932948995,0,0.0208364139859388,0,0,0.00498345569525448,0.0250632293945149,0,0,0.00458017026326857,0.0725404869767612,0,0.00195017312467473,0,0.00635750677423505,0,0,"GPAB2910","GPAB2910.JPG",2024-10-03 23:23:46.531,2024-10-04 11:23:46.531,7.18179221925,171.11960475175,793847.166479127,513205.29839603,-1.91182257289342,31.4154606279297,-0.660224483333334,FALSE
"24","data/train\GPAB3096_jpg.rf.a6470fed9e9e1c7e6665b90f39689d33.jpg",0.698317527770996,0.378569796225632,0.347296931381944,0,0.144810196592046,0,0.0149542078994014,0,0.00265496242724058,0.378569796225632,0,0,0.220525116040582,0,0.10437699122182,0,0.00478565379289948,0,0.0149542078994014,0,0,0.378569796225632,0,0,0.106784221169413,0,0.0759626519281845,0,0.00478565379289948,"GPAB3096","GPAB3096.JPG",2024-10-03 23:29:58.903,2024-10-04 11:29:58.903,7.18195057503,171.12094092804,793864.711051514,513352.818283342,-1.76076785570883,31.8370642167969,-0.65905485,FALSE
"25","data/train\GPAB6730_jpg.rf.faeabf355c420e2ba8d4915690db7746.jpg",0.906515121459961,0.0698778429222447,0.142450016611519,0.0600357579749694,0.0463010084056206,0.00420088991651991,0.00356715566625634,0.0549783666171842,0.0923946128747914,0.0106985863885405,0.0114148981320203,0,0.035073349938451,0,0,0,0,0.00420088991651991,0,0,0.0529225711174655,0.0056517572682597,0.00815308714998185,0,0.035073349938451,0,0,0,0,"GPAB6730","GPAB6730.JPG",2024-10-04 01:31:14.171,2024-10-04 13:31:14.171,7.16897247317,171.13471396553,792430.436364509,514873.892595094,-5.65504172730683,31.2337345732422,-0.127638166666667,FALSE
"26","data/train\GPAB2994_jpg.rf.399149a84f76c2e820ddc039f29be960.jpg",0.92796802520752,0.0601490619772893,0.120512249314895,0.034282142329031,0.061605690549486,0,0.00250805130558857,0,0.0631285731569376,0.0601490619772893,0.0436978969624925,0,0,0,0,0,0.0111777278898762,0,0.00250805130558857,0,0.0535630267915955,0.0258669196482583,0,0,0,0,0,0,0.00283548066822475,"GPAB2994","GPAB2994.JPG",2024-10-03 23:26:34.699,2024-10-04 11:26:34.699,7.18169822016,171.11941638227,793836.769679211,513184.503612969,-1.85360993726757,31.5363024482422,-0.660578316666667,FALSE
"27","data/train\GPAB3207_jpg.rf.59b13473fdee7f43b0c8751b7481a7a2.jpg",0.15036678314209,0.917507004683872,0.0650086514327195,0.917494522039549,0.0181075158961674,0,0,0.917494522039549,0.0463547797965521,0.00238418506576433,0.016524140473918,0,0,0,0.00212973116224941,0,0,0,0,0,0.0315359605778888,0.00141437962217916,0.0142782246991203,0,0,0,0.00108695025954298,0,0,"GPAB3207","GPAB3207.JPG",2024-10-03 23:33:41.125,2024-10-04 11:33:41.125,7.182928804,171.1191272005,793972.799498388,513152.540273054,-1.7181146972041,32.429921875,-0.650629166666667,FALSE
"28","data/train\GPAB6691_jpg.rf.e53cc0d0f407655cd9ee813792227553.jpg",0.914482116699219,0.242295807943955,0.254329077071687,0.114898900183015,0.141015472717741,0.0507217849029138,0.0476356911448121,0.051691590346499,0.0716859059423148,0.136769453240975,0.0558243058209451,0,0.013766436281862,0.00051466902748678,0.0654167378817529,0.00299199382397167,0,0.0507217849029138,0,0,0.0615355957005932,0.0741958776547224,0.0316108564438291,0,0.0121475333334614,0,0.0080196188760627,0.00299199382397167,0,"GPAB6691","GPAB6691.JPG",2024-10-04 01:29:56,2024-10-04 13:29:56,7.169180876,171.135777268,792453.509388651,514991.286196962,-3.15071333022146,31.3016416015625,-0.138533333333333,FALSE
"29","data/train\GPAB3128_jpg.rf.a46449772c1897c0cbd0221fb3dd1bcf.jpg",0.878199577331543,0.270869541003566,0.374927744693436,0.269426355279102,0.176095544080058,0,0,0.214235783708421,0.370280360191503,0.049717412136587,0,0.00325604976158149,0.00351722508896284,0.00375535553451643,0.00113015941297004,0,0,0,0,0,0.197676115708352,0.00043977316154654,0,0.00101301459701223,0.00115608490502628,0,0,0,0,"GPAB3128","GPAB3128.JPG",2024-10-03 23:31:02.967,2024-10-04 11:31:02.967,7.18200171798,171.12074581036,793870.359103314,513331.274254492,-3.8857453213464,32.0436767880859,-0.65795055,FALSE
"30","data/train\GPAB3025_jpg.rf.0e7dd03ddf2d70bda47a0516e862f4c9.jpg",0.907975196838379,0.118784843381222,0.107576388982242,0.109496795801223,0.0175803642243573,0.0055240502147975,0.00278074907388381,0.0203649541118791,0.0167785943774329,0.068462503096656,0.0508802184654797,0.0237583129610177,0.00274906236137063,0.00068174442073808,0.0105382324191557,0,0.0238495322849192,0,0,0,0.0146315795538127,0.00466466816330371,0.0508802184654797,0.00426714395177474,0.00142590206309304,0.00068174442073808,0.00275002256478012,0,0.0203083021107191,"GPAB3025","GPAB3025.JPG",2024-10-03 23:27:36.761,2024-10-04 11:27:36.761,7.18161107043,171.11936024494,793827.133868634,513178.308112541,-1.65059474023767,31.5451485087891,-0.661,FALSE
"31","data/train\GPAB3069_jpg.rf.b4e787e9b2ba7d152d6ea99e92e0ca40.jpg",0.834400177001953,0.497805935209315,0.400844594918988,0.301032410705884,0.141398593878127,0.179402484622342,0.183228895209161,0.0989528021616099,0.0389285666275544,0.201156853067754,0.155066129208812,0.00894909577644928,0.00733787445532461,0.010061011324639,0.0162831294181359,0,0,0.144637359978338,0.075315474830188,0,0.0269260240089261,0.0468915335024572,0.133583498328286,0.00620771504235457,0.00733787445532461,0,0.0162831294181359,0,0,"GPAB3069","GPAB3069.JPG",2024-10-03 23:29:04.849,2024-10-04 11:29:04.849,7.18221292961,171.12020825517,793893.692446972,513271.91778134,-2.7046963733184,31.5798463447266,-0.66175755,FALSE
"32","data/train\GPAB6798_jpg.rf.8586409eb79e92bd79db8bd31825a216.jpg",0.876953125,0.105156676390327,0.181944143047263,0.0815097470248097,0.00658411477887475,0.0025743053408434,0.00455616517803131,0.0630815231898725,0.105645419925757,0.0363110521332839,0.0495820234558489,0.00287676941483283,0.00988337369388331,0.00031974773536025,0,0,0.0122771607937425,0,0.00455616517803131,0,0.101830531779852,0.0233271816301565,0.0468127968228789,0,0.00988337369388331,0.00031974773536025,0,0,0.0122771607937425,"GPAB6798","GPAB6798.JPG",2024-10-04 01:33:30.307,2024-10-04 13:33:30.307,7.1687081731,171.13343346164,792401.177332052,514732.519226109,-2.3261127650775,31.0686624501953,-0.1079693,FALSE
"33","data/train\GPAB2909_jpg.rf.718211b27fd0ab996f522c68a9d720b7.jpg",0.862269401550293,0.418312615344435,0.347898018716285,0.343525252389466,0.0765051668545465,0,0.00861686539676565,0,0,0.415780558953609,0.324137785348448,0,0.00163138559272396,0,0.00820013711704687,0.0431150534929319,0.00531184526130015,0,0,0,0,0.0749851648573234,0.257269219911546,0,0.00163138559272396,0,0.00718040109616821,0,0.00531184526130015,"GPAB2909","GPAB2909.JPG",2024-10-03 23:23:44.529,2024-10-04 11:23:44.529,7.18177789907,171.11962778518,793845.584080903,513207.841883356,-1.90542901976131,31.4068719697266,-0.66025785,FALSE
"34","data/train\GPAB3124_jpg.rf.92bf37e1d4aa0722678a51604b6e4ba1.jpg",0.891326904296875,0.465817718825556,0.392742398549709,0.458805353326049,0.100587068364562,0.0459870218907173,0.0384148578034771,0.358020483059131,0.296455121052844,0.0497769447479754,0.036348500066254,0.00727258062347927,0.0104902222486812,0.00292669999212633,0.0110336973784526,0.0031657906410894,0,0,0,0,0.247626857273445,0.00120217466868181,0.0270950198089963,0.00266168385110701,0.00942823727778492,0,0.00800521582492035,0.0031657906410894,0,"GPAB3124","GPAB3124.JPG",2024-10-03 23:30:54.959,2024-10-04 11:30:54.959,7.18194740729,171.12084499048,793864.358071196,513342.226108208,-2.27374982853973,32.0093221552734,-0.658084016666667,FALSE
"35","data/train\GPAB4591_jpg.rf.5ac7ba27479417886e5a0d0c916ff54a.jpg",0.953192710876465,0.546258759455603,0.567772116845233,0.466577239722463,0,0.546258759455603,0.0433867910578177,0,0,0,0.524385325787415,0,0,0,0,0,0,0.0801500989969715,0.0433867910578177,0,0,0,0.524385325787415,0,0,0,0,0,0,"GPAB4591","GPAB4591.JPG",2024-10-04 00:19:51.893,2024-10-04 12:19:51.893,7.17101803052,171.13641941297,792656.623512157,515062.125756058,-1.95515824769754,31.7911650888672,-0.524540466666667,FALSE
"36","data/train\GPAB2912_jpg.rf.bf1be34d721f9328c589ea24f4d294f3.jpg",0.0987138748168945,0.928567587757791,0.042225905135744,0.928567587757791,0.00462529982351461,0,0,0,0,0.928567587757791,0,0,0.00449663256664291,0,0.00452255805869915,0,0.0332067145104019,0,0,0,0,0,0,0,0.0033933588491386,0,0.00100053195268885,0,0.0332067145104019,"GPAB2912","GPAB2912.JPG",2024-10-03 23:23:50.535,2024-10-04 11:23:50.535,7.1818222893,171.11955959135,793850.489350905,513200.311461026,-1.92460967915764,31.4326379443359,-0.66015775,FALSE
"37","data/train\GPAB2996_jpg.rf.d08388c725e99d9745b5436805937c36.jpg",0.9241943359375,0.362262661722259,0.401308373165771,0.362262661722259,0.0478037267414729,0,0,0,0.00483462416678349,0.362262661722259,0.387951943739762,0,0,0,0.00500361996685377,0,0.00351818529237233,0,0,0,0,0,0.350565463787849,0,0,0,0.00099957174927936,0,0.00193961088717033,"GPAB2996","GPAB2996.JPG",2024-10-03 23:26:38.703,2024-10-04 11:26:38.703,7.18172854177,171.1193712513,793840.120363226,513179.519920413,-1.70413233929464,31.5534797646484,-0.66064505,FALSE
"38","data/train\GPAB2995_jpg.rf.77053a52828cd1b35e1a6b481dda0977.jpg",0.655137062072754,0.834534867866409,0.541529757663863,0.0998390699085694,0.0496386754570088,0,0,0,0.00177061508710005,0.826600707093791,0.523652690585974,0.00793416077261807,0.00595134073202067,0,0.010155111258769,0,0,0,0,0,0,0.73929037127225,0.483884906178525,0,0,0,0.00800617602832984,0,0,"GPAB2995","GPAB2995.JPG",2024-10-03 23:26:36.701,2024-10-04 11:26:36.701,7.18171340797,171.11939274595,793838.447975696,513181.893537101,-1.91254434412503,31.5448911064453,-0.660611683333333,FALSE
"39","data/train\GPAB3161_jpg.rf.f8abfc3136242b349fd3ba132abde642.jpg",0.462746620178223,0.780627128050806,0.280173912041527,0.780627128050806,0.0105660783180309,0,0.00650537809929655,0.768379733562758,0.258892923876994,0.00429306944383098,0.00098324829131803,0.00063661486049204,0,0,0.0137923617739182,0.00765570178386589,0,0,0.00650537809929655,0,0.248326845558963,0,0.00098324829131803,0,0,0,0.0137923617739182,0,0,"GPAB3161","GPAB3161.JPG",2024-10-03 23:32:09,2024-10-04 11:32:09,7.182367748,171.119936609,793910.799395506,513241.921428667,-2.67129796679455,32.181099609375,-0.65625,FALSE
"40","data/train\GPAB6695_jpg.rf.b95d2c9058d219316957c2f1e02a8d4e.jpg",0.844330787658691,0.441093441234591,0.317057245406867,0.439300741469073,0.0156916441178899,0,0,0.429658378830972,0.3106459672417,0.0114350624036196,0.00520238207261826,0,0.00120889609254824,0,0,0,0,0,0,0,0.296163219216359,0.00179942118938475,0.00520238207261826,0,0,0,0,0,0,"GPAB6695","GPAB6695.JPG",2024-10-04 01:30:04.101,2024-10-04 13:30:04.101,7.16915778513,171.13566134031,792450.952963695,514978.487250873,-4.52462994571674,31.2763346611328,-0.1374532,FALSE
"41","data/train\GPAB6670_jpg.rf.49b33c338c42f4e138b2648057f66f03.jpg",0.912070274353027,0.0445524779969389,0.103999631281891,0.0440992619876595,0.0662329107798196,0,0,0,0.0642827376551449,0.0350743101418605,0.0260263134142337,0.00461857839964818,0.00623172012759182,0,0,0.00485958945543023,0.00745886008492039,0,0,0,0,0,0.0260263134142337,0.00046761906042175,0.00428154700291709,0,0,0,0.00745886008492039,"GPAB6670","GPAB6670.JPG",2024-10-04 01:29:14,2024-10-04 13:29:14,7.169292674,171.136313448,792465.885936517,515050.482736033,-1.76963441021519,31.31451171875,-0.144133333333333,FALSE
"42","data/train\GPAB6689_jpg.rf.a04eec44b5731bb373922f7f4ba9573a.jpg",0.89254093170166,0.226109659070177,0.286926062417062,0.111319261872435,0.0927671717976736,0.00306688968991191,0,0,0.00735707852351442,0.138705223314507,0.149942483815772,0.0659390885365156,0.0799455756707501,0.00267128588520192,0.0337271447583456,0.0157319726610885,0.0159537796486808,0.00306688968991191,0,0,0,0.0591619728723333,0.0895178434599586,0.0447454788822464,0.0732126293634043,0.00071535154007024,0.0298335199328626,0.00743677540650211,0.00159489786316333,"GPAB6689","GPAB6689.JPG",2024-10-04 01:29:52,2024-10-04 13:29:52,7.169194708,171.135831447,792455.040253071,514997.267705974,-2.58138787828376,31.3188017578125,-0.139066666666667,FALSE
"43","data/train\GPAB6724_jpg.rf.abb977d8b1d48600b80c49827e043ca3.jpg",0.936283111572266,0.129346120682205,0.165856895124663,0.112511834507022,0.0463979889499792,0,0,0.0802864478811191,0.10556476283936,0.0331154951865003,0.0106361731669237,0.0159441776145859,0.0382401007829499,0,0.00999859810302214,0,0.00141726023240763,0,0,0,0.0806657282278678,0.0168342861751834,0.00638535267311027,0,0.032407825273706,0,0,0,0,"GPAB6724","GPAB6724.JPG",2024-10-04 01:31:02.159,2024-10-04 13:31:02.159,7.16900642149,171.13487374687,792434.194450418,514891.533128789,-6.06563702794587,31.2323188603516,-0.129640166666667,FALSE
"44","data/train\GPAB2991_jpg.rf.349d021fabfa3966b9f88f23b1096169.jpg",0.80935001373291,0.410651152340112,0.24288921365102,0.220345558003007,0.154341175634646,0,0.00381200753567635,0,0,0.398343265037265,0.147955822961536,0.0123078873028462,0.0257152075095588,0,0.00562679197961296,0,0.0597793836646355,0,0.00381200753567635,0,0,0.190307514743923,0.00920643029019267,0,0.0162207161965191,0,0.00562679197961296,0,0.0536820920143723,"GPAB2991","GPAB2991.JPG",2024-10-03 23:26:28.693,2024-10-04 11:26:28.693,7.1816533577,171.11948583328,793831.812239155,513192.172852081,-1.8373921594234,31.5105364736328,-0.660478216666667,FALSE
"45","data/train\GPAB3203_jpg.rf.7e712af6a7413b28534183109cd92231.jpg",0.807631492614746,0.0191666202568352,0.184372497469864,0.0180383812506841,0.0569218183179925,0,0.0370830556745141,0,0.127636958613313,0.0138701382500869,0.0117442479014754,0.0052964820067483,0.00202314858379599,0,0.00588508669676584,0,0,0,0.0236334865177839,0,0.0913719962436843,0.00112823900615106,0.0104220478066074,0,0.00202314858379599,0,0,0,0,"GPAB3203","GPAB3203.JPG",2024-10-03 23:33:33.117,2024-10-04 11:33:33.117,7.18289944754,171.11912153702,793969.554048641,513151.915824967,-1.74447392120074,32.429921875,-0.6508961,FALSE
"46","data/train\GPAB6709_jpg.rf.245c3530c4a8d14b6a624eff467c3c88.jpg",0.884371757507324,0.100160738050749,0.145923072343645,0.0768854074047046,0.0636634064560236,0.00790919548397132,0.00757312429064973,0.0223727394411232,0.0482511815302954,0.0668032716050568,0.0413233139308231,0.00308513355469222,0.0306554540513862,0,0.0181199985404908,0,0,0.00679439932555312,0,0,0.0262846081313865,0.0154996034359919,0.0253196037048488,0.00098132788449905,0.0306554540513862,0,0,0,0,"GPAB6709","GPAB6709.JPG",2024-10-04 01:30:32.129,2024-10-04 13:30:32.129,7.16908899749,171.13526931727,792443.335881256,514935.20580607,-5.47742938103218,31.2753479521484,-0.133716133333333,FALSE
"47","data/train\GPAB7059_jpg.rf.9d98a90bf8301b908be647a4c522fe68.jpg",0.916211128234863,0.565772013143264,0.619678792755457,0.473264096266153,0.12476018919848,0.0502848923515958,0.0503079372334235,0,0.0161679050089971,0.491792181255677,0.529157536732581,0,0,0,0,0.0236949395359913,0.0240454137804553,0.0502848923515958,0,0,0,0.0422287857459724,0.470873189776522,0,0,0,0,0,0.0240454137804553,"GPAB7059","GPAB7059.JPG",2024-10-04 01:42:12.829,2024-10-04 13:42:12.829,7.16905271796,171.13696329635,792439.380716672,515122.241086944,-1.7366416851331,31.2279773408203,-0.0412894666666668,FALSE
"48","data/train\GPAB4087_jpg.rf.18a3baaf217c949f1b3ddd5cc3ff25e5.jpg",0.898270606994629,0.267808412534111,0.254372286225114,0.189759238597104,0.141824924191941,0.0606742932422804,0.0588105384244598,0.0226972881935309,0.055440224457149,0.178981915528986,0.0301599890920893,0.00131643887441115,0.0804122345277624,0.00421913378130023,0.0295492997236535,0,0,0.0314533830846727,0,0,0.0215949746794361,0.0446696228128967,0.00544915434885726,0,0.0804122345277624,0.0040338145232686,0.00509099847711739,0,0,"GPAB4087","GPAB4087.JPG",2024-10-04 00:03:02.885,2024-10-04 12:03:02.885,7.1759505839,171.1267897366,793201.600690215,513998.756630726,-6.36859841827768,31.2282175830078,-0.59885575,FALSE
"49","data/train\GPAB3103_jpg.rf.0626b7b9a4d81eaa1cebe57af180ff38.jpg",0.751055717468262,0.302608104500857,0.169455737503433,0.197703961607227,0.0651373186895912,0.00287772961824232,0,0.167343290002554,0.117476086134087,0.0183600493928634,0.0134092406135316,0.111939553274966,0.0205541141835486,0.00242067279532496,0.0180162965722659,0,0,0.00287772961824232,0,0.00282779904094883,0.0836202741188693,0.00510348112144076,0.0116760734594016,0.094501299155213,0.0022977667589102,0,0.00672430447666033,0,0,"GPAB3103","GPAB3103.JPG",2024-10-03 23:30:12.917,2024-10-04 11:30:12.917,7.18181025644,171.12094493019,793849.199279699,513353.264246062,-4.07238021582976,31.9147611142578,-0.658784716666667,FALSE
"50","data/train\GPAB3101_jpg.rf.b62e7eeebc3c25bf04dbff6c796cb5d3.jpg",0.807571411132812,0.387005183178004,0.322544807892104,0.132666504072223,0.0575229056523334,0,0,0.0559251271789416,0.00666285145845295,0.324111859856392,0.29529423513077,0.00708726136544765,0.0113236788081187,0,0.00926404249476209,0,0,0,0,0.0559251271789416,0,0.192018597219635,0.262340054117064,0.00708726136544765,0,0,0.00268184812270631,0,0,"GPAB3101","GPAB3101.JPG",2024-10-03 23:30:08.913,2024-10-04 11:30:08.913,7.18186721175,171.12094311031,793855.495501546,513353.061655251,-1.84210580936885,31.8975837978516,-0.65885145,FALSE
"51","data/train\GPAB4093_jpg.rf.885f17112c89b85f617b50199b5001d7.jpg",0.883853912353516,0.387949063129533,0.39093145491941,0.133853315486353,0.236553791555203,0.16880183898157,0.163484232499813,0.0365511029856565,0.0870174737816459,0.180803421396789,0.0531645423766571,0.0022094280452371,0.0749813240436854,0,0.012283882217609,0,0,0.165436326031306,0,0.0118681141412997,0.0703982731701884,0.0783737226894145,0.0075164722894898,0.00023140902168715,0.0749813240436854,0,0.00148159386084348,0,0,"GPAB4093","GPAB4093.JPG",2024-10-04 00:03:14.897,2024-10-04 12:03:14.897,7.17584147574,171.12690752943,793189.542638279,514011.765403858,-3.63950136220094,31.185810546875,-0.59825515,FALSE
"52","data/train\GPAB6723_jpg.rf.a9391a805eef75647fdc4a53714dddc1.jpg",0.89893627166748,0.151787034565402,0.164082439223925,0.130782584982803,0.0263796682689261,0,0,0.122836901769271,0.13286046516094,0.0218292643113517,0.00779685168506096,0.00712086848477981,0.0098545675915986,0,0.0135705547863259,0,0,0,0,0.0026626440545165,0.113950219214438,0.0183418055280831,0.00160834071089619,0,0.00857365624333859,0,0.0135705547863259,0,0,"GPAB6723","GPAB6723.JPG",2024-10-04 01:31:00.157,2024-10-04 13:31:00.157,7.16900983165,171.13490141795,792434.572333153,514894.588212648,-5.92380094588075,31.2409075185547,-0.129973833333333,FALSE
"53","data/train\GPAB6911_jpg.rf.6054641356b5c6b94a2f979a7675620d.jpg",0.968321800231934,0.0878509303410835,0.0934306723536314,0.0755420828348277,0.0301215809557097,0.00367853926175721,0.00313986514903317,0,0.00632101904467442,0.0398397996631606,0.0440022814433009,0.0341611566994352,0.0290634367984514,0,0,0.0101714347167304,0.0109040699181715,0,0.00313986514903317,0,0,0,0.0355284863545493,0.0123088475062557,0.0137366699761678,0,0,0,0.0109040699181715,"GPAB6911","GPAB6911.JPG",2024-10-04 01:37:16.533,2024-10-04 13:37:16.533,7.16902016776,171.13601692102,792435.751304693,515017.751807087,-1.94075129406899,31.100009765625,-0.0787956000000002,FALSE
"54","data/train\GPAB6584_jpg.rf.fbd70af85d16529ea84b50563e90760c.jpg",0.955219268798828,0.319409743760118,0.341248610105565,0.142667982785473,0.165083931380024,0,0,0,0.0155380115723715,0.290645890425428,0.301462581833336,0.0172615766924065,0.0172961440151482,0,0.00112823900615106,0.0115349235582066,0.00582363367855846,0,0,0,0,0.176761925246244,0.154915377273522,0,0.0154256677734611,0,0,0,0.00582363367855846,"GPAB6584","GPAB6584.JPG",2024-10-04 01:26:21.879,2024-10-04 13:26:21.879,7.16975987963,171.13824634002,792517.598236523,515263.87982162,-1.76980786903412,31.3097025849609,-0.1648121,FALSE
"55","data/train\GPAB2953_jpg.rf.525a5128fa0eaaf1e66a5fda8ef5249f.jpg",0.851118087768555,0.274075660187854,0.34980882350117,0.152986328623856,0.18558523437605,0,0,0.00964140243469176,0.0830902418368307,0.221725370302445,0.228827034719035,0.0427127282643555,0.0314956320346902,0,0.00639591491061466,0,0,0,0,0,0.00524655142945481,0.0924896730123309,0.147565020173874,0.0289203664904373,0.00501610261117715,0,0.00639591491061466,0,0,"GPAB2953","GPAB2953.JPG",2024-10-03 23:25:12.617,2024-10-04 11:25:12.617,7.1816409942,171.11967140085,793830.450829155,513212.661352715,-1.82715868875632,31.443212890625,-0.660789716666667,FALSE
"56","data/train\GPAB3274_jpg.rf.6f8cbaf27e8d238f2d942b271ee4af69.jpg",0.826896667480469,0.919463899232413,0.834251607860609,0.919463899232413,0,0,0,0.919463899232413,0.834251607860609,0,0,0,0,0,0,0,0,0,0,0,0.834251607860609,0,0,0,0,0,0,0,0,"GPAB3274","GPAB3274.JPG",2024-10-03 23:35:55.259,2024-10-04 11:35:55.259,7.18248967291,171.11908783078,793924.253466071,513148.206169153,-1.7780769382102,32.4202306767578,-0.642316066666667,FALSE
"57","data/train\GPAB6721_jpg.rf.6d79cc0bee61efd5fc70bf8565773f07.jpg",0.913120269775391,0.240718193742162,0.208447677556013,0.225961787745116,0.0219089611943394,0,0.018296675967837,0.170620464239144,0.141463887709972,0.046364381830647,0.0124259923222135,0.0237775170292075,0.0362611215559904,0,0,0,0,0,0,0.00164482844045682,0.141463887709972,0.00315426820017552,0.0101109419019325,0.0100782949860098,0.0349638867497691,0,0,0,0,"GPAB6721","GPAB6721.JPG",2024-10-04 01:30:56.153,2024-10-04 13:30:56.153,7.16902002139,171.13495599016,792435.700555594,514900.613259718,-5.31891108655455,31.2580848349609,-0.130512933333333,FALSE
"58","data/train\GPAB6687_jpg.rf.f4a6a527a7155e2ece923d872127b126.jpg",0.8758544921875,0.245096721289438,0.364150421625317,0.18074484898881,0.170889321193802,0,0,0,0.0777515108800648,0.218194702365749,0.243027482941986,0,0.0137597148579955,0.00304864582513159,0.0048134996917747,0.0238533730985572,0.0247982132534956,0,0,0,0.0338740558799976,0.0643518723006282,0.134588831298022,0,0,0,0,0,0.0247982132534956,"GPAB6687","GPAB6687.JPG",2024-10-04 01:29:48,2024-10-04 13:29:48,7.169205732,171.13588757,792456.260763967,515003.463945629,-1.78481170163893,31.3359619140625,-0.1396,FALSE
"59","data/train\GPAB7022_jpg.rf.dbd4d6ab4c43310a5cc493f0528c7535.jpg",0.944406509399414,0.682637409908915,0.713452257726277,0.130021143679077,0.1359119915963,0.00304576521490312,0.0049709730509311,0,0.0106467354044281,0.675813244277668,0.679902750598687,0,0.0022785626907204,0.00378128102657266,0.0156532359815103,0,0,0,0.0049709730509311,0,0.0106467354044281,0.552616266229838,0.552887043591314,0,0,0,0.0090355140833034,0,0,"GPAB7022","GPAB7022.JPG",2024-10-04 01:40:58.755,2024-10-04 13:40:58.755,7.16933294775,171.137914117,792470.390887745,515227.212943569,-1.8893125268812,31.1675993310547,-0.05018675,FALSE
"60","data/train\GPAB3260_jpg.rf.2a852c74755eedf1b0bbf6519188576e.jpg",0.14952564239502,0.930222018232342,0.0767596207580614,0.930222018232342,0,0,0,0.929719831849179,0.0742496490456538,0.00047049967065023,0.00250997171240755,0.00060588835138835,0,0,0,0,0,0,0,0,0.0742496490456538,0,0.00250997171240755,0,0,0,0,0,0,"GPAB3260","GPAB3260.JPG",2024-10-03 23:35:27.231,2024-10-04 11:35:27.231,7.18243826469,171.11916138718,793918.572520215,513156.328846762,-1.7303938332222,32.4975715009766,-0.6441846,FALSE
"61","data/train\GPAB6718_jpg.rf.7f7818197c5ceb86c0d72a23ee969dcf.jpg",0.94174861907959,0.133903246063646,0.126403097232118,0.123071191401186,0.00974798501314518,0,0,0.0944772940699758,0.0956679462977437,0.0184339850553941,0.0197878718627754,0.0204801785210179,0.0109472790715985,0.00051754963771525,0,0,0,0,0,0,0.0883896044538075,0.00342312515483279,0.0173182286935664,0.0069345890233387,0.0109472790715985,0.00051754963771525,0,0,0,"GPAB6718","GPAB6718.JPG",2024-10-04 01:30:50.147,2024-10-04 13:30:50.147,7.16903608753,171.1350350276,792437.479195292,514909.339348515,-5.49039563848613,31.271611328125,-0.131313733333333,FALSE
"62","data/train\GPAB3030_jpg.rf.858513a40e7d2ee5fd53fa98a19b3285.jpg",0.847554206848145,0.429522029946824,0.512098562959577,0.429522029946824,0.0826283839968659,0,0,0,0.0170599339764136,0.429522029946824,0.490479583194904,0,0.00277594805683636,0,0,0,0.00178309773142342,0,0,0,0,0,0.429470178962711,0,0,0,0,0,0,"GPAB3030","GPAB3030.JPG",2024-10-03 23:27:46.771,2024-10-04 11:27:46.771,7.18153632576,171.11946747662,793818.874107337,513190.149502449,-1.6519932299906,31.5880917998047,-0.661,FALSE
"63","data/train\GPAB3204_jpg.rf.6183f6d5f541f47d27658919cb096075.jpg",0.920367240905762,0.0938243557515224,0.130491643349727,0.0919980488666719,0.0283903342083987,0,0.00445054280298738,0.0753077932029121,0.111134902817813,0.0137241873318444,0.00955306372101866,0.00479237521676592,0.00352490671623876,0,0.00182822729166946,0,0,0,0.00173220695072044,0,0.0889522836517688,0.00185319258031621,0.00606368453093103,0,0.00352490671623876,0,0.00182822729166946,0,0,"GPAB3204","GPAB3204.JPG",2024-10-03 23:33:35.119,2024-10-04 11:33:35.119,7.18290168692,171.11913126026,793969.801885886,513152.989281121,-1.688671875,32.429921875,-0.650829366666667,FALSE
"64","data/train\GPAB6679_jpg.rf.2ea0641fa4b8b5262fa83d8b36690699.jpg",0.943533897399902,0.127700332038339,0.183535200096789,0,0.0279860885730033,0,0,0,0.00301023768875198,0.127700332038339,0.162379998578899,0,0.0105516752668885,0,0.00155552952337423,0,0.00603775903887479,0,0,0,0,0.127700332038339,0.146601936154155,0,0.0029094163307555,0,0,0,0.00603775903887479,"GPAB6679","GPAB6679.JPG",2024-10-04 01:29:32,2024-10-04 13:29:32,7.16924275,171.13608002,792460.359310239,515024.711342286,-1.953484708526,31.31451171875,-0.141733333333333,FALSE
"65","data/train\GPAB6652_jpg.rf.4816dc93a41128594dc78c8a75e9e630.jpg",0.899940490722656,0.441018545368651,0.41016528941491,0.129710037774402,0.214297236726628,0,0,0.0117701733935317,0.0441559139888194,0.391725543139059,0.352829623427427,0.0157175696099462,0.0131797519986634,0,0,0.0218052592261145,0,0,0,0,0,0.297031243098538,0.182688300689618,0.00188295888601041,0.0131797519986634,0,0,0.0134246038680834,0,"GPAB6652","GPAB6652.JPG",2024-10-04 01:28:38,2024-10-04 13:28:38,7.169385318,171.136800788,792476.143517401,515104.287404118,-1.83283449065165,31.271611328125,-0.149666666666667,FALSE
"66","data/train\GPAB6734_jpg.rf.fb045e70502c763141742c68b0351ff1.jpg",0.945731163024902,0.1138349948053,0.148616442907265,0.028809943098346,0.100512172498622,0.0270306861805605,0.0391897419549357,0,0.0139459943194366,0.0855694870401346,0.0931397307205558,0.00123482158460448,0.0012127369061862,0,0,0,0.00112823900615106,0.0270306861805605,0,0,0.0110644238875563,0.0570447243544072,0.035911607514936,0.00123482158460448,0,0,0,0,0.00112823900615106,"GPAB6734","GPAB6734.JPG",2024-10-04 01:31:22.179,2024-10-04 13:31:22.179,7.1689525508,171.13460934606,792428.230605658,514862.342088356,-2.34508632669044,31.2680892060547,-0.1263035,FALSE
"67","data/train\GPAB6650_jpg.rf.cedf38f1f3e5e78e3730578955f74765.jpg",0.946577072143555,0.42743934875164,0.411553743545033,0.156305751810464,0.0184637513610883,0,0,0,0.00861686539676565,0.386884197548409,0.368878463213647,0.0268223220407011,0.0235605110586627,0,0,0.0137424311966247,0.0104979038759571,0,0,0,0.00572665313419994,0.27220038292912,0.356502401468727,0,0.0203630337050601,0,0,0,0.0104979038759571,"GPAB6650","GPAB6650.JPG",2024-10-04 01:28:34,2024-10-04 13:28:34,7.169395518,171.136846199,792477.272597666,515109.300943125,-1.64881309540962,31.271611328125,-0.150333333333333,FALSE
"68","data/train\GPAB3213_jpg.rf.aad7bced0969440a4a59c024517dbe40.jpg",0.0143613815307617,0.00287196839778538,0.995223948241195,0.00137693168920904,0,0,0,0,0.995223948241195,0.00149503670857634,0,0,0,0.00137693168920904,0,0,0,0,0,0,0.995223948241195,0.00149503670857634,0,0,0,0,0,0,0,"GPAB3213","GPAB3213.JPG",2024-10-03 23:33:53.137,2024-10-04 11:33:53.137,7.18288006807,171.11922162336,793967.414567929,513162.966684465,-1.67301137871196,32.472822265625,-0.650228766666667,TRUE
"69","data/train\GPAB3280_jpg.rf.9dcf0019e869d86acfed8f793c0121c8.jpg",0.625921249389648,0.650834512783188,0.326224307357271,0.650834512783188,0.0415566433593292,0,0,0.641773073207828,0.316745179298783,0,0,0,0,0.00906143957535964,0.00947912805848791,0,0,0,0,0,0.284667663997941,0,0,0,0,0,0,0,0,"GPAB3280","GPAB3280.JPG",2024-10-03 23:36:07.271,2024-10-04 11:36:07.271,7.18250324813,171.11906136012,793925.753415081,513145.283212082,-5.60896078185212,32.387021484375,-0.64163645,FALSE
"70","data/train\GPAB6655_jpg.rf.fb96f38ea0bf68f9bcb15a2ea4533c20.jpg",0.961941719055176,0.0740297624648806,0.0832390733653017,0.0659755762660762,0.0181488046427755,0.00805418619880435,0,0,0.0141389952047442,0.0599483794647058,0.0650902687225262,0,0.00400980943803135,0,0,0.0060271968013704,0,0.00805418619880435,0,0,0,0,0.0650902687225262,0,0,0,0,0,0,"GPAB6655","GPAB6655.JPG",2024-10-04 01:28:44,2024-10-04 13:28:44,7.16936744,171.13672111,792474.164525948,515095.490662963,-1.75016349402985,31.271611328125,-0.148666666666667,FALSE
"71","data/train\GPAB6469_jpg.rf.804de9a3f3b0bcff6cafd0268423db33.jpg",0.952821731567383,0.136108833295245,0.165554431050674,0.129765729572153,0.0111690860591908,0.0972753268052304,0.0306775387298045,0.00291133673757448,0.10134562905806,0.0325134476487499,0.0291517755121245,0.00358347912421767,0.00341352312073789,0,0.0009659646299472,0,0,0.00074031682871699,0.0306775387298045,0,0.092135357954229,0.00438812958137051,0.0291517755121245,0.00123866239824244,0.00242067279532496,0,0,0,0,"GPAB6469","GPAB6469.JPG",2024-10-04 01:22:31.649,2024-10-04 13:22:31.649,7.16936857664,171.13576585459,792474.258878393,514990.019893894,-4.47350256348325,31.185810546875,-0.187890066666667,FALSE
"72","data/train\GPAB3211_jpg.rf.2bbee665257083af1512a10f8e4cb798.jpg",0.033473014831543,0.0254415495378541,0.998583699971002,0.0254415495378541,0,0,0,0.0240790208997874,0.997481386456907,0,0,0,0,0.00136252863806668,0.00110231351409482,0,0,0,0,0,0.997481386456907,0,0,0,0,0,0.00110231351409482,0,0,"GPAB3211","GPAB3211.JPG",2024-10-03 23:33:49.133,2024-10-04 11:33:49.133,7.18289899295,171.11918541537,793969.505628698,513158.968499419,-1.67129890048133,32.4562326845703,-0.650362233333333,TRUE
"73","data/train\GPAB3196_jpg.rf.b987e9397cd4dc6740305db480e7d1a3.jpg",0.891532897949219,0.0928910380374979,0.0781711197700121,0.0857567267049852,0.0210255740576084,0,0,0.0478037267414729,0.034029608832335,0.0428346740973608,0.0337578712674493,0.00207403936449897,0.00240050852372566,0.00018819986826009,0.00798313114650207,0,0,0,0,0,0.0179942118938476,0.00564887665803123,0.0337578712674493,0.0014988775222143,0.00240050852372566,0,0.00299295402738116,0,0,"GPAB3196","GPAB3196.JPG",2024-10-03 23:33:19.103,2024-10-04 11:33:19.103,7.18280000397,171.11921814572,793958.563571217,513162.585028958,-2.73153093499937,32.3797670283203,-0.651363233333333,FALSE
"74","data/train\GPAB3117_jpg.rf.74b472135e9c313bb3330ea9a51ede0e.jpg",0.911941528320312,0.24718324329826,0.209981122400969,0.22868588481784,0.0165894343057633,0.10531895076653,0.108545234222418,0.014743923352723,0.010111902105342,0.0816028867555303,0.0714189693944765,0.0438572907284679,0.010803248560175,0.00102357683451662,0.00694323085402411,0.00067310259005267,0.00215853726453411,0.00190024254738123,0.108545234222418,0,0.010111902105342,0.0160632428373627,0.0621856534088181,0,0.00790823528056183,0,0.00248212581353233,0.00067310259005267,0.00215853726453411,"GPAB3117","GPAB3117.JPG",2024-10-03 23:30:40.945,2024-10-04 11:30:40.945,7.18185749815,171.120980086,793854.422763532,513357.144348893,-1.81813656372424,31.9921019384766,-0.658317583333333,FALSE
"75","data/train\GPAB3125_jpg.rf.a045ca8067c98ff158a6793f5b0036c2.jpg",0.910774230957031,0.484163365167277,0.439579200457825,0.406335038014453,0.0355438496091012,0.103182498180415,0.0949996447247385,0.283033397794989,0.269196866664234,0.0787990927998187,0.0470902956082216,0.0198349218298404,0.0199635890867121,0,0,0,0.00832880437391857,0.0317039961745496,0.070879335078343,0.00127611033121256,0.267149712995201,0.0320391071644617,0.0470902956082216,0.0132968968146212,0.0189160071669582,0,0,0,0,"GPAB3125","GPAB3125.JPG",2024-10-03 23:30:56.961,2024-10-04 11:30:56.961,7.18196279976,171.12082182226,793866.058997931,513339.667704358,-2.59346852584928,32.0179108134766,-0.65805065,FALSE
"76","data/train\GPAB2949_jpg.rf.7fbf6a8deca8c7aae18c53062828ddff.jpg",0.99813175201416,0.00348265776622119,0.00512172498622108,0,0.0013414041630579,0,0,0,0,0.00348265776622119,0,0,0,0,0.0013414041630579,0,0.00378032082316317,0,0,0,0,0.00348265776622119,0,0,0,0,0,0,0.00378032082316317,"GPAB2949","GPAB2949.JPG",2024-10-03 23:25:04.609,2024-10-04 11:25:04.609,7.1817043122,171.11957447253,793837.447690738,513201.957864484,-1.79886248269768,31.443212890625,-0.660923183333333,FALSE
"77","data/train\GPAB6660_jpg.rf.31b6a04bb3b33417f99359b150249ea1.jpg",0.965834617614746,0.125987329155808,0.137239952911625,0.114769272722734,0.00257046452720544,0,0,0.00574201638875179,0,0.117614355425053,0.124814920792821,0,0.00472996199514905,0,0.00769507012365499,0.00263095734200333,0,0,0,0,0,0.00945896378688861,0.124814920792821,0,0.00472996199514905,0,0.00512460559644955,0.00191656600534257,0,"GPAB6660","GPAB6660.JPG",2024-10-04 01:28:54,2024-10-04 13:28:54,7.169344265,171.13658899,792471.598242149,515080.90391992,-1.83502476236108,31.2673212890625,-0.147,FALSE
"78","data/train\GPAB3217_jpg.rf.2f1ef4bd35e7cb3d66255acbcc57cad6.jpg",0.0112705230712891,0,0.99549856641631,0,0,0,0,0,0.99549856641631,0,0,0,0,0,0,0,0,0,0,0,0.99549856641631,0,0,0,0,0,0,0,0,"GPAB3217","GPAB3217.JPG",2024-10-03 23:34:01.145,2024-10-04 11:34:01.145,7.1828394191,171.1192924677,793962.922956116,513170.789614943,-1.67643633517324,32.472822265625,-0.649923666666667,TRUE
"79","data/train\GPAB3160_jpg.rf.c692f2f8534baa6480662c80140f8c01.jpg",0.826512336730957,0.337574871860855,0.414927898325981,0.268007174639876,0.0759050397236151,0,0,0.323455080724301,0.399882471102678,0.00963084019718737,0.005720891913743,0.00448895093936699,0.00295358568759205,0,0.00637094962196791,0,0,0,0,0.066543056481085,0.326905091574599,0.00070478930256585,0.005720891913743,0.00231985143732848,0.00149407650516685,0,0.0049027986088573,0,0,"GPAB3160","GPAB3160.JPG",2024-10-03 23:32:07,2024-10-04 11:32:07,7.182357198,171.119957411,793909.633719109,513244.218437559,-1.97959732670463,32.163939453125,-0.656416666666667,FALSE
"80","data/train\GPAB2863_jpg.rf.e0d1f8749cb1c9db1972f58a2977121d.jpg",0.737934112548828,0.437002974710163,0.232529579066029,0.42604513340106,0.0335475867207709,0.0616652231608744,0.0582670632946883,0.321777605367921,0.123521526800237,0.00055499757068537,0,0.0531991096993987,0.0229594237243218,0,0.0277815652467819,0,0,0,0.0582670632946883,0,0.106225382785089,0,0,0.0110653840909658,0.0109376770375036,0,0.0235518692279773,0,0,"GPAB2863","GPAB2863.JPG",2024-10-03 23:22:12.437,2024-10-04 11:22:12.437,NA,NA,NA,NA,NA,31.2691960361328,-0.660207283333333,FALSE
"81","data/train\GPAB6743_jpg.rf.3e8eefe6b4a8d00eaf0033b44a38f0ee.jpg",0.836679458618164,0.457232540141304,0.60062931731458,0.0347612838303666,0.262092321637416,0,0,0,0.0212704259270284,0.439313224113396,0.563590430996902,0,0,0.0138662974364489,0.0140756217797178,0.00459265290759194,0.00169283861093133,0,0,0,0,0.405440128436808,0.337190790497059,0,0,0.0138662974364489,0.00134620518010535,0.00459265290759194,0,"GPAB6743","GPAB6743.JPG",2024-10-04 01:31:40.197,2024-10-04 13:31:40.197,7.16891060314,171.13439135116,792423.586340095,514838.274384631,-1.81392451557117,31.2407359169922,-0.1233005,FALSE
"82","data/train\GPAB3265_jpg.rf.8995466d2b3f0f2c217c0f02097fd53f.jpg",0.769488334655762,0.767702790159067,0.998509764308471,0.767702790159067,0,0,0,0.767702790159067,0.998509764308471,0,0,0,0,0,0,0,0,0,0,0,0.998509764308471,0,0,0,0,0,0,0,0,"GPAB3265","GPAB3265.JPG",2024-10-03 23:35:37.241,2024-10-04 11:35:37.241,7.18245681178,171.11913149964,793920.621999144,513153.028496024,-1.66953125,32.4546282099609,-0.643517266666667,FALSE
"83","data/train\GPAB7067_jpg.rf.a302de79c7c7c7514de83ec1b06bfd44.jpg",0.94113826751709,0.273162506745429,0.312873639151718,0.261000570360825,0.069104879177605,0.011541644982073,0.0121532945539183,0,0.0167718729535665,0.244181647440194,0.261266546705254,0.00475492728379579,0.00547507984091349,0,0.00626532724692398,0.0130386020974683,0.0109415178511416,0,0.0121532945539183,0,0,0.0115099582695598,0.21519886772814,0.00065965974231981,0.00547507984091349,0,0,0,0.0109415178511416,"GPAB7067","GPAB7067.JPG",2024-10-04 01:42:28.845,2024-10-04 13:42:28.845,7.16901003395,171.1367462914,792434.654957945,515098.28273572,-2.14076963287827,31.2287109375,-0.0391540000000001,FALSE
"84","data/train\GPAB6208_jpg.rf.c473a27a0a8d6f6587dc146ae5eb3014.jpg",0.981290817260742,0.064224165247166,0.0686161356421744,0.0196630454195417,0.0131951152532152,0,0,0,0.00583131530583438,0.0622038972735984,0.0566683246178871,0.00074991886281189,0.00140285718126527,0.00127899094144103,0.00471363853718771,0,0,0,0,0,0,0.0425475732779232,0.0507073818517715,0.00074991886281189,0,0.00127899094144103,0.00471363853718771,0,0,"GPAB6208","GPAB6208.JPG",2024-10-04 01:13:49.127,2024-10-04 13:13:49.127,7.16988627398,171.13720448762,792531.536323446,515148.843742391,-4.44955042531825,31.4694979599609,-0.235724866666667,FALSE
"85","data/train\GPAB6701_jpg.rf.149875ae1fe458dc6e8531c3f26d32f6.jpg",0.956404685974121,0.0288541124551825,0.0687534447297315,0.0288541124551825,0.0573587108693105,0,0,0.0238754577769755,0.0314937116278712,0.00497865467820703,0.00334438847525459,0,0.00525423305673073,0,0.028661111569875,0,0,0,0,0,0.00279611232843565,0,0.00334438847525459,0,0.00525423305673073,0,0,0,0,"GPAB6701","GPAB6701.JPG",2024-10-04 01:30:16.113,2024-10-04 13:30:16.113,7.16912639746,171.13549590216,792447.477736741,514960.222070841,-5.24809189971445,31.31451171875,-0.1358516,FALSE
"86","data/train\GPAB6227_jpg.rf.7947fb31ec78b32776222ffff08dc447.jpg",0.9769287109375,0.0471469476093816,0.0417525248548652,0.0421279643879759,0.012824476737152,0.00060684855479784,0,0.0248116561012285,0.0212358586042867,0.0157271716440411,0.0159220929361676,0.00600127130931416,0.00330021911841804,0,0.00129435419599287,0,0,0.00060684855479784,0,0,0.00970573606312761,0.00441213466660777,0.0159220929361676,0,0.00330021911841804,0,0,0,0,"GPAB6227","GPAB6227.JPG",2024-10-04 01:14:27.165,2024-10-04 13:14:27.165,7.1697810722,171.13668296365,792519.889336847,515091.265270932,-5.18070224556714,31.3824444873047,-0.23183075,FALSE
"87","data/train\GPAB2755_jpg.rf.415a644cf4ee8cdb38ffcd2059822280.jpg",0.83836841583252,0.349982620318288,0.369590934143489,0.20167248229865,0.0945464287154591,0.0776986996925429,0.0621789319849517,0,0.0248452632205606,0.253298778813304,0.263244565728804,0.0118594723106143,0,0.00035815587173986,0.0150867159699111,0.00710742563704695,0.00423545723926156,0,0.040892182599962,0,0.0188545541487509,0.146088227330078,0.200211052709406,0.00230448818277663,0,0,0.0150867159699111,0,0,"GPAB2755","GPAB2755.JPG",2024-10-03 23:18:36.221,2024-10-04 11:18:36.221,NA,NA,NA,NA,NA,29.9831538662109,-0.665792633333333,FALSE
"88","data/train\GPAB6745_jpg.rf.2153b608d7e2146d34b9d9fc3febb368.jpg",0.933147430419922,0.383362171442398,0.418895458813995,0.254679551316151,0.177734611300058,0.0693804575561287,0.0934345131672694,0,0.0125882666984174,0.300969997484267,0.292078513912387,0.00195017312467473,0,0,0.00500746078049173,0.0110740259216512,0.0157867042554295,0.0693804575561287,0,0,0,0.0574566516170786,0.230130030745713,0.00195017312467473,0,0,0,0,0.0110308167682242,"GPAB6745","GPAB6745.JPG",2024-10-04 01:31:44.201,2024-10-04 13:31:44.201,7.16889801106,171.13434034792,792422.19266743,514832.643466589,-1.71420844964889,31.2235586005859,-0.122633166666667,FALSE
"89","data/train\GPAB6735_jpg.rf.20b7c5c450a55f6155703cf2bbbe373f.jpg",0.959976196289062,0.139407132006844,0.150157569379497,0.0388354268968338,0.0512835038974656,0.0314908310176428,0.0305498316763423,0,0.00819821671022789,0.106399179602207,0.0967481751334203,0,0.00227760248731091,0,0.012383743372196,0.00166211210182765,0,0.0314908310176428,0,0,0,0.0696541155278334,0.0967481751334203,0,0,0,0.00212589034861144,0,0,"GPAB6735","GPAB6735.JPG",2024-10-04 01:31:24.181,2024-10-04 13:31:24.181,7.16894498778,171.13458193565,792427.393644482,514859.315919349,-1.8501491178683,31.271611328125,-0.125969833333333,FALSE
"90","data/train\GPAB6731_jpg.rf.9aff60cc937711da4f513b555afdcc79.jpg",0.939982414245606,0.113467236899465,0.132326592065263,0.0740787328387646,0.0699488979745469,0.0278362968411228,0.0288128237085744,0.0443806015866401,0.0730935641406276,0.0380144529817196,0.0179433211131446,0.00323588548998219,0.0074079693042174,0,0.00506891379869911,0,0,0.0278362968411228,0,0,0.0440272467319477,0.011388972639964,0.0109424780545511,0.00019876210576448,0.0074079693042174,0,0,0,0,"GPAB6731","GPAB6731.JPG",2024-10-04 01:31:16.173,2024-10-04 13:31:16.173,7.16896810566,171.13468763358,792429.952693631,514870.985396735,-4.64939227688903,31.2423232314453,-0.1273045,FALSE
"91","data/train\GPAB6727_jpg.rf.e012109ba11f86741fe0f7d1129d77e2.jpg",0.876235008239746,0.178167663037738,0.17885996969598,0.151669889749445,0.0612388928470607,0.0154573544859743,0.01593649598731,0.106330044956724,0.131665011916124,0.0434924134328616,0.0159192123259391,0.0115666102707197,0.00248980744080826,0.00143358369036896,0.01069954659195,0,0.0021498954338487,0.0117442479014754,0.0039656400811948,0,0.0991198775548612,0.0109299954102277,0.0104364508577497,0.00384849526523698,0.00248980744080826,0,0.00160930091430568,0,0,"GPAB6727","GPAB6727.JPG",2024-10-04 01:31:08.165,2024-10-04 13:31:08.165,7.1689874498,171.1347928018,792432.094550297,514882.596509607,-5.287109375,31.2287109375,-0.128639166666667,FALSE
"92","data/train\GPAB6415_jpg.rf.0bf2e3c5d4735b766e74bcec33713a76.jpg",0.930057525634766,0.324058088465461,0.365037649575686,0.106970500630854,0.178194548733204,0.0598869264464984,0.0537349032018943,0,0.0324347109691717,0.250774404049754,0.255715610794991,0,0,0.0126622023609481,0.0113822512160976,0.00079504842305794,0.0117701733935317,0.053270164751701,0.0484537844496978,0,0,0.154338295024418,0.127007065176687,0,0,0.0107293128976442,0.0113822512160976,0,0,"GPAB6415","GPAB6415.JPG",2024-10-04 01:20:43.541,2024-10-04 13:20:43.541,7.16908482652,171.13439770222,792442.846527226,514838.969974302,-1.85755426732758,31.1405892451172,-0.199194533333333,FALSE
"93","data/train\GPAB5174_jpg.rf.46ca733d089fc887a9dc084787d33982.jpg",0.895660400390625,0.326976146626901,0.392110584706264,0.181574464734609,0.209199516825644,0.202393595059177,0.21887164576944,0,0.0214327003032322,0.0827829767457938,0.112188245958024,0.0112305390773981,0.0261924286040755,0.0262154734859033,0.0134255640714929,0.0052868799726534,0,0.102129155040204,0.109914484284351,0,0,0.0470250017763763,0.040935391753389,0,0.0261924286040755,0,0.0058687632388045,0,0,"GPAB5174","GPAB5174.JPG",2024-10-04 00:39:19,2024-10-04 12:39:19,7.170269569,171.136080145,792573.871733314,515024.691495297,-3.68709911267298,31.460373046875,-0.4341,FALSE
"94","data/train\GPAB6714_jpg.rf.8e1aac5423a5e428027a8bd98ada5e69.jpg",0.817879676818848,0.464173850588509,0.414159735598389,0.333047512785108,0.160319402062133,0.00207499956790846,0.00170724166207369,0.101523266688815,0.0965878211640354,0.340847245080398,0.243157110402268,0.0198656483389441,0.0490913595135994,0,0.0236162028564131,0,0,0.00207499956790846,0,0,0.0831949040084652,0.124916702354227,0.0994885956641055,0.00432379595293467,0.0490913595135994,0,0.0220654743500863,0,0,"GPAB6714","GPAB6714.JPG",2024-10-04 01:30:42.139,2024-10-04 13:30:42.139,7.16905797955,171.13513705483,792439.90262084,514920.60357514,-5.25220535299127,31.271611328125,-0.132381466666667,FALSE
"95","data/train\GPAB3032_jpg.rf.1d597c1e44f74b2246f4f867092f84fd.jpg",0.800223350524902,0.490345154717575,0.401872972770552,0.470321072816065,0.064469017116586,0.0481244346802427,0.0432283574952518,0.0473562719526504,0.0254626740128629,0.381612680830307,0.303078604171508,0.00684721051307509,0.0154679167234787,0.00765954259750385,0.0106006456407725,0,0.00403477472667809,0,0.0432283574952518,0,0,0.0184627911576788,0.272259915540508,0.00230448818277663,0.0144923500594366,0,0.00742333255876925,0,0,"GPAB3032","GPAB3032.JPG",2024-10-03 23:27:50.775,2024-10-04 11:27:50.775,7.18150474925,171.119512943,793815.384707788,513195.170265924,-1.65255262589177,31.6052691162109,-0.661,FALSE
"96","data/train\GPAB6676_jpg.rf.6abe3e26a544322581b09d5a7e1da98c.jpg",0.786332130432129,0.232260722111372,0.348131348144791,0.137766144380025,0.00677999627441077,0,0.156964451349374,0,0,0.123116320961432,0.142951242791273,0.00375247492428796,0.0337242641481171,0.0914824196357756,0,0.0139536759467126,0.0144913898560271,0,0.156964451349374,0,0,0.00301407850238994,0.142951242791273,0,0.0269442678737064,0.0914824196357756,0,0,0.0144913898560271,"GPAB6676","GPAB6676.JPG",2024-10-04 01:29:26,2024-10-04 13:29:26,7.169253828,171.136146158,792461.586121994,515032.013345638,-1.9469817890042,31.31451171875,-0.142533333333333,FALSE
"97","data/train\GPAB6732_jpg.rf.e471efce5973afce8c168678effb0283.jpg",0.90601921081543,0.123986265250431,0.152275778100833,0.0740806532455835,0.0799110083480084,0.0325316915135302,0.0542054028725445,0.0249201590865009,0.0513891262725096,0.057516184228467,0.0318288226177834,0.00914593747539478,0.00561622974210856,0,0.00923619659588687,0,0,0.0325316915135302,0,0,0.0414721454592941,0.0152806770586281,0.0228067513822128,0.00229008513163428,0.00561622974210856,0,0.00246964316920896,0,0,"GPAB6732","GPAB6732.JPG",2024-10-04 01:31:18.175,2024-10-04 13:31:18.175,7.16896310075,171.1346608905,792429.398546546,514868.032825675,-3.679296875,31.2509118896484,-0.126970833333333,FALSE
"98","data/train\GPAB2911_jpg.rf.a892723d63b47464304a3bf61c90205b.jpg",0.966083526611328,0.208273880738896,0.213850742141215,0.0228883686720195,0.0348073735940222,0,0,0,0,0.176343276559706,0.192513101975522,0,0.00495753020319824,0.0319306041791893,0.0163801099624944,0,0,0,0,0,0,0.171116889401851,0.162653656550604,0,0.00304864582513159,0.0142686226650254,0.0133410661714578,0,0,"GPAB2911","GPAB2911.JPG",2024-10-03 23:23:48.533,2024-10-04 11:23:48.533,7.18180678952,171.11958187101,793848.776528733,513202.771759842,-1.91821612602553,31.4240492861328,-0.660191116666667,FALSE
"99","data/train\GPAB7080_jpg.rf.df00a769985bf2e3b51c4a8d6aca5a3c.jpg",0.879045486450195,0.328592168965074,0.411880212704259,0.293227877393547,0.0290259888654813,0.0253637730616854,0.0275011858512107,0,0,0.287237168321737,0.272854281450983,0.00865911434678322,0.100033991200696,0.00193192925989441,0.01149075420137,0.00544915434885726,0,0,0.0251861354309297,0,0,0.0356005016102611,0.246143343005782,0,0.100033991200696,0,0.01149075420137,0,0,"GPAB7080","GPAB7080.JPG",2024-10-04 01:42:54.871,2024-10-04 13:42:54.871,7.16894402633,171.13641147815,792427.346974219,515061.317799317,-1.6781225130747,31.2287109375,-0.0356838666666668,FALSE
"100","data/train\GPAB3268_jpg.rf.29fefe45e6a87e115961b6cbdb159bec.jpg",0.993925094604492,0.993780762516732,0.998771899839262,0.993780762516732,0,0,0,0.993780762516732,0.997145315263585,0,0,0,0.00162658457567651,0,0,0,0,0,0,0,0.997145315263585,0,0,0,0.00162658457567651,0,0,0,0,"GPAB3268","GPAB3268.JPG",2024-10-03 23:35:43.247,2024-10-04 11:35:43.247,7.18246992732,171.119116197,793922.071451835,513151.338588304,-1.64847780671181,32.429921875,-0.643116866666667,FALSE
"101","data/train\GPAB6251_jpg.rf.8b3bf7684a9fedc046ef83653d618b39.jpg",0.918024063110352,0.127765625870184,0.110702811283542,0.0817795641828765,0.0610190062662875,0.0518068147556378,0.0134457283430922,0,0.00851124302172172,0.0595652583043192,0.0541429896509276,0.00978639314952479,0.0217956571920195,0.00665324942435805,0.0128071930757812,0,0,0,0.0134457283430922,0,0,0.0447867676288545,0.0169466299740937,0.00124538382210887,0.0180787097938827,0,0.0012127369061862,0,0,"GPAB6251","GPAB6251.JPG",2024-10-04 01:15:15.213,2024-10-04 13:15:15.213,7.16964938331,171.13603216293,792505.31009711,515019.41407268,-4.56428944611762,31.3763998222656,-0.2269858,FALSE
"102","data/train\GPAB3092_jpg.rf.3bad61d847234ef79c48d0ea084de422.jpg",0.853998184204102,0.832160284834739,0.709404040151866,0.804067613683283,0.0246666653863955,0.164125648377352,0.129881914184701,0.582427701484282,0.533539905093495,0.0666640421106807,0.0223103262195063,0.0198147575582411,0.0184723931917737,0,0.00519950146238979,0,0,0,0.129881914184701,0.0276500173796817,0.5088732397071,0.0005127486206678,0.0223103262195063,0,0.0184723931917737,0,0.00519950146238979,0,0,"GPAB3092","GPAB3092.JPG",2024-10-03 23:29:50.895,2024-10-04 11:29:50.895,7.18196865065,171.1208785949,793866.707452893,513345.935683287,-1.65496565347316,31.786416015625,-0.65945525,FALSE
"103","data/train\GPAB2750_jpg.rf.6fa6e1b299c3217ba75c1aeb86c0384d.jpg",0.883481025695801,0.272932057927151,0.231348528872356,0.218723774444378,0.12476018919848,0,0,0.257195284249015,0.202687417302481,0.0106918649646741,0.0148745110164137,0.00406838184601025,0.0127159737518796,0.0009765268674516,0.00107062680158164,0,0,0,0,0.0434165573635119,0.0846332887158816,0.0105747201487163,0.0148745110164137,0.00024965288646746,0.00708053994158122,0,0,0,0,"GPAB2750",NA,NA,NA,NA,NA,NA,NA,NA,NA,NA,FALSE
"104","data/train\GPAB3154_jpg.rf.e44dadb333cb93a8771cdb05af5993c6.jpg",0.906450271606445,0.186977529319811,0.139989015272995,0.184477159641498,0.0202919786527578,0.0208239313416154,0.0229373390459035,0.120621712503577,0.0697482154619635,0.0421058797095577,0.0397812272551817,0.00051466902748678,0,0.00291133673757448,0.00752223350994674,0,0,0,0.0229373390459035,0,0.0654810715101887,0.00253685740787328,0.0302185615000682,0,0,0,0.00106006456407725,0,0,"GPAB3154","GPAB3154.JPG",2024-10-03 23:31:55,2024-10-04 11:31:55,7.182295179,171.120088121,793902.781445038,513258.651641533,-3.526171875,32.129619140625,-0.657083333333333,FALSE
"105","data/train\GPAB2754_jpg.rf.5222dd952d3f495dd28b9d48b00baaf6.jpg",0.782593727111816,0.297047566556499,0.374018432064649,0.19988362334677,0.101763317541188,0.0153344484495595,0.00859478071834737,0.010846457713602,0.0190974856113519,0.270020721189577,0.299831196240612,0,0,0,0.0319296439757798,0.00084593920376092,0.0145653255185578,0,0.00459073250077296,0,0,0.0963535315321198,0.263651691974428,0,0,0,0,0.00084593920376092,0.00401269004825982,"GPAB2754","GPAB2754.JPG",2024-10-03 23:18:34.219,2024-10-04 11:18:34.219,NA,NA,NA,NA,NA,29.9573878916016,-0.665859366666667,FALSE
"106","data/train\GPAB2985_jpg.rf.dba8ba6e865affe21974c4920fc363dd.jpg",0.865681648254395,0.328361720146796,0.293854890219944,0.326437472514177,0.0409248295158846,0.0393366530765877,0.0360412349752171,0.282636833786869,0.239453605851864,0.00017187641029875,0.00593597747746882,0.00622019768667794,0.00733979486214359,0,0.00508427705325096,0,0,0,0.0360412349752171,0,0.203713874747226,0,0.00593597747746882,0.00198185983718791,0.00622115789008743,0,0.00101781561405968,0,0,"GPAB2985","GPAB2985.JPG",2024-10-03 23:26:16.681,2024-10-04 11:26:16.681,7.18156568529,171.11962067312,793822.124145542,513207.062778383,-2.19369171217949,31.48611328125,-0.660278016666667,FALSE
"107","data/train\GPAB3191_jpg.rf.e826bca6abc790f4761354a9d8dccd08.jpg",0.901088714599609,0.259004307472495,0.23136005131327,0.247835221413304,0.0126074707666072,0.0180278190131797,0.0201450675311058,0.043700777572721,0.0279572824707186,0.170162447212818,0.137138171350219,0.0256873616106836,0.0263796682689261,0.00062221180934969,0.0197398616923009,0.00133372253578198,0,0,0.0201450675311058,0,0.0181180781336718,0.00778052822709962,0.136008011937249,0.00232369225096644,0.0247415612523357,0,0.0197398616923009,0.00133372253578198,0,"GPAB3191","GPAB3191.JPG",2024-10-03 23:33:09,2024-10-04 11:33:09,7.18272835,171.119314667,793950.645168024,513173.24378585,-2.16439224020408,32.301220703125,-0.6517,FALSE
"108","data/train\GPAB3215_jpg.rf.006beb5ee5b8d23dc7a38e00e61556ec.jpg",0.0288009643554688,0.0159374561907194,0.990518951534693,0.00705173383929651,0.00151424077676615,0,0,0,0.980707593096522,0.00994866752572865,0,0.00598878866499079,0.00602431619114193,0,0.00378704224702961,0,0,0,0,0,0.979193352319756,0.00888572235142292,0,0,0.00602431619114193,0,0.00378704224702961,0,0,"GPAB3215","GPAB3215.JPG",2024-10-03 23:33:57.141,2024-10-04 11:33:57.141,7.18285863753,171.11925683887,793965.046484172,513166.855364494,-1.6747238569426,32.472822265625,-0.6500953,TRUE
"109","data/train\GPAB6151_jpg.rf.ba5d76d5c0fe110e28357ddc64a64e6f.jpg",0.860810279846191,0.316763423163563,0.235502368821811,0.216590202468491,0.0500237170242144,0.0396467987778531,0,0.00152672342108952,0.0276125694467116,0.227169723634255,0.0532596025141966,0.041231134403512,0.154630196860903,0.00374671370383101,0,0.00420569093356736,0,0.0359836227706477,0,0,0.001972257803093,0.0590822759893456,0.0288761971336008,0.00804266375789047,0.154630196860903,0,0,0,0,"GPAB6151","GPAB6151.JPG",2024-10-04 01:11:55,2024-10-04 13:11:55,7.170167099,171.138620319,792562.627834265,515305.157599762,-3.32321671803156,31.408892578125,-0.246333333333333,FALSE
"110","data/train\GPAB3031_jpg.rf.fb95fce5eff83312342fb3c822f020f4.jpg",0.86750316619873,0.178666008607263,0.291796214109997,0.11264722318776,0.147947181130851,0,0.0154535136723363,0,0.0347785674917375,0.176472904019988,0.23371543027675,0.00154976830291729,0.00157281318474505,0.00064621689458694,0.00099765134246038,0,0.00527823814196799,0,0,0,0.0102693754644984,0.0660226262331412,0.132006844329903,0,0.00157281318474505,0,0,0,0,"GPAB3031","GPAB3031.JPG",2024-10-03 23:27:48.773,2024-10-04 11:27:48.773,7.18152035736,171.11949011228,793817.109490092,513192.649121197,-1.65227292794118,31.5966804580078,-0.661,FALSE
"111","data/train\GPAB3123_jpg.rf.0244cdd3ba695a837440d64823fca41d.jpg",0.864475250244141,0.30744464907446,0.262825917042266,0.284970128071931,0.0205781192687859,0,0,0.154496728586984,0.135429009281326,0.149759084964559,0.126237942245685,0.00057612204569415,0,0.00271257463181,0.00115896551525475,0,0,0,0,0,0.122722637563541,0.0290298296791192,0.118366194694684,0,0,0,0.00115896551525475,0,0,"GPAB3123","GPAB3123.JPG",2024-10-03 23:30:52.957,2024-10-04 11:30:52.957,7.18193670347,171.12086533271,793863.175381473,513344.472363805,-2.8563503442603,32.00091796875,-0.658117383333333,FALSE
"112","data/train\GPAB3142_jpg.rf.13d3a59829dbccf728469ca35f2de966.jpg",0.742094993591309,0.482988076194061,0.260118143427504,0.47234710201009,0.0400366413621061,0.0107677210340238,0.00981231864158103,0.378836732773471,0.188026071442974,0.0735669444215063,0.0520910349648469,0.00640359653789058,0.00727450103029825,0.0155178473007722,0.00291421734780295,0,0,0,0,0,0.160601701864523,0.00688177783581673,0.0492910818227733,0.00308033253764477,0.00727450103029825,0.00081617289806672,0.00291421734780295,0,0,"GPAB3142","GPAB3142.JPG",2024-10-03 23:31:30.995,2024-10-04 11:31:30.995,7.1821610202,171.12039186505,793887.959305986,513292.191263733,-2.44180313630513,32.0524198876953,-0.657483416666667,FALSE
"113","data/train\GPAB6728_jpg.rf.4800b71dc64fceae56a1c8a925e4e96b.jpg",0.940696716308594,0.144773708862485,0.133710245178339,0.110457959414122,0.0280264171162019,0.0201297042765539,0.0182140984746209,0.076255513968079,0.0812130441712772,0.0442116057865698,0.0244554206363076,0.00423545723926156,0.00643816386063223,0,0.00338951803550064,0,0,0.0201297042765539,0,0,0.0812130441712772,0.0142167716809129,0.0180326200302272,0,0.00643816386063223,0,0,0,0,"GPAB6728","GPAB6728.JPG",2024-10-04 01:31:10.167,2024-10-04 13:31:10.167,7.16898296277,171.13476440396,792431.597599309,514879.461218083,-5.53052278944291,31.2287109375,-0.1283055,FALSE
"114","data/train\GPAB4077_jpg.rf.9a5ffc9ad55a59ca7c25d9668bc0f0c0.jpg",0.844340324401855,0.224868116061707,0.231784461220265,0.154873128323504,0.0653888919828777,0.0595546960668148,0.0468675284172199,0.109051261419219,0.103629952969237,0.0401451443473786,0.026042636872195,0.0109328760204562,0.0377158297213682,0.005376178889736,0.0175285132402448,0,0,0.0491681757863586,0.0101282255633033,0,0.0957140360613992,0.0114408236240765,0.0146431019947266,0.00608480900593981,0.0362668827764474,0.00345673227416495,0.00964332284151074,0,0,"GPAB4077","GPAB4077.JPG",2024-10-04 00:02:42.865,2024-10-04 12:02:42.865,7.1761243938,171.1265882109,793220.808817158,513976.500995915,-5.04863271204355,31.185810546875,-0.600427916666667,FALSE
"115","data/train\GPAB3277_jpg.rf.723ca0b955fa1ca90899447e24f64111.jpg",0.892592430114746,0.878380636153963,0.984485993512866,0.878380636153963,0,0,0,0.878380636153963,0.984485993512866,0,0,0,0,0,0,0,0,0,0,0,0.984485993512866,0,0,0,0,0,0,0,0,"GPAB3277","GPAB3277.JPG",2024-10-03 23:36:01.265,2024-10-04 11:36:01.265,7.18249735635,171.1190744055,793925.10246699,513146.723692902,-3.95017462896066,32.3944647021484,-0.64193675,FALSE
"116","data/train\GPAB3078_jpg.rf.2174b632f18eb5e71d5a552bdede8009.jpg",0.862456321716309,0.555749409955005,0.504308432698383,0.51953341795926,0.0653485634396791,0.0205512335733202,0.0210303750746558,0.502993914230791,0.458483685183869,0.0321178438440399,0.016228397823795,0.00019012027507907,0.00669837898460409,0,0.00186759563145856,0,0,0.0205512335733202,0.0210303750746558,0.00393011255504366,0.395002717375649,0.0118508304799289,0.016228397823795,0,0.00669837898460409,0,0,0,0,"GPAB3078","GPAB3078.JPG",2024-10-03 23:29:22.867,2024-10-04 11:29:22.867,7.18212274645,171.12045121957,793883.729955416,513298.745582409,-4.20457976237949,31.6994740839844,-0.66085665,FALSE
"117","data/train\GPAB3067_jpg.rf.85e7f8fb577eac71eb9aab2339aeb922.jpg",0.763869285583496,0.57838140431669,0.492582428661688,0.519468124127415,0.0417650074991886,0.0341073853085037,0.0318509072962016,0.343116205737023,0.320075164722895,0.113592063342699,0.106419343873806,0.0714007255296962,0.0190024254738124,0.0167699525467475,0.0152345872949726,0,0,0,0.0318509072962016,0,0.281965651603636,0,0.106419343873806,0.0593050431803473,0.0172356512003503,0,0.0133458671885052,0,0,"GPAB3067","GPAB3067.JPG",2024-10-03 23:29:00.845,2024-10-04 11:29:00.845,7.1821873867,171.120145926,793890.866934063,513265.036891077,-2.18828243728993,31.5626690283203,-0.66195775,FALSE
"118","data/train\GPAB6942_jpg.rf.ad7a548a4c1e9f9e656996478eed1274.jpg",0.732817649841309,0.240866065067224,0.443208769345698,0.22506783837088,0.00224111475775028,0.0101339867837603,0.00969805443585169,0,0,0.208464961217384,0.422224484034698,0.0102271265144808,0.0112862308751486,0,0,0.0124077484574332,0,0,0.00969805443585169,0,0,0,0.422224484034698,0.00366605661743383,0.00904511611739831,0,0,0.0124077484574332,0,"GPAB6942","GPAB6942.JPG",2024-10-04 01:38:18.595,2024-10-04 13:38:18.595,7.16915590665,171.13672765685,792450.780228112,515096.220471772,-1.70358462644427,31.14291015625,-0.0714504166666668,FALSE
"119","data/train\GPAB3114_jpg.rf.a0eef7d84c3db00e2182b17cfb131176.jpg",0.902490615844727,0.35084488298001,0.337448125010802,0.324199238366656,0.0262461999950069,0.0493246889421055,0.0505316646278348,0.280470614895059,0.28007309068353,0.00285756534664303,0,0.0129541041974332,0.00485094762474482,0.00572761333760943,0.0019924220746923,0,0,0.0268568893634427,0.0262778867075201,0,0.28007309068353,0,0,0,0.00485094762474482,0,0,0,0,"GPAB3114","GPAB3114.JPG",2024-10-03 23:30:34.939,2024-10-04 11:30:34.939,7.18181191158,171.12105188884,793849.385369307,513365.073284616,-2.06328370246893,31.9663359638672,-0.658417683333333,FALSE
"120","data/train\GPAB3029_jpg.rf.5d51a10673dfbc7f88c36ffd7b48fa3a.jpg",0.940006256103516,0.367375744877795,0.36126308997298,0.328790931070838,0.0463778246783799,0.00137789189261853,0.00312546209789081,0,0,0.363098038688516,0.353725493208481,0.0028998142966606,0.00277402765001738,0,0.00163810701659039,0,0,0.00137789189261853,0,0,0,0.0372069219143383,0.310473130627992,0,0.00277402765001738,0,0.00163810701659039,0,0,"GPAB3029","GPAB3029.JPG",2024-10-03 23:27:44.769,2024-10-04 11:27:44.769,7.18155052254,171.1194474342,793820.442950935,513187.936249415,-1.65171353204001,31.5795031416016,-0.661,FALSE
"121","data/train\GPAB3219_jpg.rf.ff338c196dc32a1235219d6a9764c2bc.jpg",0.872578620910645,0.136060823124771,0.237603293881776,0.0795605341035445,0.0438976192716665,0,0,0,0.0109837668011592,0.0893430864394313,0.0840696493145108,0.0467177366853394,0.102584291456302,0,0.0399655863098039,0,0,0,0,0,0,0.00978255233588683,0.0746538946810492,0.0467177366853394,0.0829644551901875,0,0.0360873247388727,0,0,"GPAB3219","GPAB3219.JPG",2024-10-03 23:34:05.149,2024-10-04 11:34:05.149,7.18281422578,171.11932803372,793960.138916602,513174.717103024,-1.67814881340388,32.472822265625,-0.649656733333333,FALSE
"122","data/train\GPAB3405_jpg.rf.0a744a0303d7a1212bd37f5aef217427.jpg",0.886750221252441,0.340067559911892,0.266150141245922,0.340067559911892,0.00610209266731064,0,0,0.340067559911892,0.168502255517809,0,0.0480793051199966,0,0.00757792530769718,0,0.0419906553004188,0,0,0,0,0,0.168502255517809,0,0.0480793051199966,0,0.00757792530769718,0,0.0358885626331082,0,0,"GPAB3405","GPAB3405.JPG",2024-10-03 23:40:17.521,2024-10-04 11:40:17.521,7.18240262892,171.11932467664,793914.637761375,513174.358303653,-7.29490992541218,32.51572265625,-0.632415966666667,FALSE
"123","data/train\GPAB3414_jpg.rf.79f5f83a7d2e3362e7ffb0a7840a4535.jpg",0.856897354125977,0.852952529463842,0.996844771596415,0.852952529463842,0,0,0.0210236536507894,0.852952529463842,0.974271349642708,0,0,0,0.00154976830291729,0,0,0,0,0,0.0210236536507894,0,0.974271349642708,0,0,0,0.00154976830291729,0,0,0,0,"GPAB3414","GPAB3414.JPG",2024-10-03 23:40:35.539,2024-10-04 11:40:35.539,7.18250852007,171.11917022071,793926.339339723,513157.302117723,-2.07901310983933,32.4510374472656,-0.631815366666667,FALSE
"124","data/train\GPAB6656_jpg.rf.5d4becc71a2154b3949645d8d64ed72e.jpg",0.95033073425293,0.451080516896699,0.488384419355396,0.0999235678086046,0.143888401318935,0.0433685471930374,0.0246676255898049,0,0.0192866456830215,0.376609060863453,0.407516088208126,0,0,0,0,0.0313900096596463,0.0369140598744438,0.0163004130795068,0.0246676255898049,0,0,0.335043775673439,0.282914332572212,0,0,0,0,0,0.0369140598744438,"GPAB6656","GPAB6656.JPG",2024-10-04 01:28:46,2024-10-04 13:28:46,7.169364156,171.136693708,792473.800586564,515092.465288009,-1.84822847008188,31.271611328125,-0.148333333333333,FALSE
"125","data/train\GPAB2865_jpg.rf.a0aa2ad9cf1986ac821e09da15c74528.jpg",0.90923023223877,0.242279484485994,0.192307618445892,0.227663268186733,0.0251822946172917,0.00671470244256543,0,0.0526124254162002,0,0.153479873176334,0.149307789362098,0.0141908461888566,0.0144846684321607,0.00081713310147621,0.0203976010278017,0.0146162162992608,0.00811755962383071,0,0,0,0,0,0.149307789362098,0,0.0144846684321607,0,0.00333286603434071,0.0146162162992608,0,"GPAB2865","GPAB2865.JPG",2024-10-03 23:22:16.441,2024-10-04 11:22:16.441,NA,NA,NA,NA,NA,31.271611328125,-0.660274016666667,FALSE
"126","data/train\GPAB6368_jpg.rf.d2c256279e5c0d2c04d4f255540806c8.jpg",0.96644401550293,0.058152799088959,0.0614424559698726,0.0505220625937398,0.0151136016653768,0.00474916606333885,0.00501034139072021,0.0458209067008755,0.0377139093145492,0.00288157043188028,0.00438428876773255,0.00167075393251306,0.00636518840151097,0.00303040196035128,0.00796872809535972,0,0,0.00474916606333885,0,0,0.0377139093145492,0.00288157043188028,0.00438428876773255,0,0.00423065622221411,0,0,0,0,"GPAB6368","GPAB6368.JPG",2024-10-04 01:19:09.447,2024-10-04 13:19:09.447,7.16910351872,171.13324235378,792444.875723606,514711.406099305,-5.51820571816545,31.2411263105469,-0.20921275,FALSE
"127","data/train\GPAB3119_jpg.rf.a07bb269b747616a05385b7d94ce252b.jpg",0.820549011230469,0.473036528058104,0.35495263316581,0.446418729343624,0.0229008513163429,0.126308037094578,0.0676328873508564,0.153623903687757,0.143730927959779,0.127361380234789,0.0984765412705028,0.0664566381742308,0.0314706667460435,0,0.0124135096778902,0,0.00122810016073805,0,0.0676328873508564,0,0.132002043312855,0.0241491157486802,0.0968528373050547,0.00272025625908592,0.0297480618294179,0,0.00458785189054449,0,0.00122810016073805,"GPAB3119","GPAB3119.JPG",2024-10-03 23:30:44.949,2024-10-04 11:30:44.949,7.18188524309,171.12094256332,793857.48880762,513353.000737175,-1.86343449012031,32.00091796875,-0.65825085,FALSE
"128","data/train\GPAB3412_jpg.rf.aabe456f2f3adad085609422103a52ae.jpg",0.922900199890137,0.92726939274816,0.933331156872272,0.919341953399408,0,0,0.00369486271971854,0.92726939274816,0.927728369977896,0,0,0,0,0,0.00190792417465715,0,0,0,0.00369486271971854,0.00792743934875164,0.927728369977896,0,0,0,0,0,0.00190792417465715,0,0,"GPAB3412","GPAB3412.JPG",2024-10-03 23:40:31.535,2024-10-04 11:40:31.535,7.1824871547,171.11920221685,793923.978367449,513160.835355191,-1.74064249294877,32.4791071728516,-0.631948833333333,FALSE
"129","data/train\GPAB3200_jpg.rf.06b39b4ef0f72de364bef81911229eb2.jpg",0.780842781066895,0.404328212888618,0.211629791655064,0.384371345225773,0.0380567019317372,0,0,0.292213902593125,0.16725783189911,0.0774163998901527,0.0210899076860442,0.0320688734701559,0.0114581072854473,0.00392339113117722,0.0118239447844631,0,0,0,0,0,0.135641214234824,0.00071055052302279,0.0210899076860442,0.0194009098887508,0.00784294144871649,0,0.00899902635374277,0,0,"GPAB3200","GPAB3200.JPG",2024-10-03 23:33:27.111,2024-10-04 11:33:27.111,7.18286926572,171.11915339727,793966.218434418,513155.434309326,-2.89453125,32.429921875,-0.6510963,FALSE
"130","data/train\GPAB6658_jpg.rf.f6047019a05b50a74f0bc478b9487e2e.jpg",0.776080131530762,0.122473944880483,0.311356517764723,0.0915669175358108,0.20250209804445,0.0212790677577138,0,0,0.0589353648676936,0.0819437589658993,0.0806762904653722,0.00535409421131772,0,0,0.170046262600269,0.0138970239455526,0.00169859983138828,0,0,0,0,0.0149004365084699,0.0806762904653722,0.00535409421131772,0,0,0.0264795294235131,0.010652496624885,0.00169859983138828,"GPAB6658","GPAB6658.JPG",2024-10-04 01:28:50,2024-10-04 13:28:50,7.169352921,171.136642627,792472.556904837,515086.825751812,-1.73506170727121,31.271611328125,-0.147666666666667,FALSE
"131","data/train\GPAB2948_jpg.rf.4acdaada60495f5c29e1e122f2d83397.jpg",0.989414215087891,0.0280705864730384,0.0206117263881181,0.00818957487954248,0.0206117263881181,0,0,0,0.00141533982558865,0.019881011593496,0.0167382658342343,0.00818957487954248,0,0,0,0,0.00245812072829508,0,0,0,0,0.019881011593496,0,0,0,0,0,0,0,"GPAB2948","GPAB2948.JPG",2024-10-03 23:25:02.607,2024-10-04 11:25:02.607,7.18172056521,171.11955040575,793839.243729272,513199.300231115,-1.83161985610262,31.443212890625,-0.66095655,FALSE
"132","data/train\GPAB7062_jpg.rf.2c7208719da7236acf8888944147a4c5.jpg",0.813087463378906,0.279351017719594,0.403824106098636,0.122053375787127,0.258360971188137,0.0818602212692737,0.0837537423927885,0,0.00410390937216139,0.142896511196932,0.279774467423179,0.0072207296393668,0,0.0187729368589442,0.00956938717897999,0.0286246238403143,0.0266225997315271,0.0818602212692737,0,0,0,0.0617583628915949,0.124981035982663,0.0072207296393668,0,0.0065399454220382,0.00658795559251271,0,0.0138941433353241,"GPAB7062","GPAB7062.JPG",2024-10-04 01:42:18.835,2024-10-04 13:42:18.835,7.16903530485,171.1368833331,792437.453105341,515113.412829932,-1.66770584331926,31.2287109375,-0.0404886666666668,FALSE
"133","data/train\GPAB6651_jpg.rf.5316b34793087787dd67e7e0da128a58.jpg",0.905285835266113,0.413049740457018,0.35608183237537,0.119612538720202,0.209899505111163,0,0,0,0.00426042252790831,0.407438311731957,0.340718577823526,0.00447934890527209,0.00263767876586976,0,0.00846515325806619,0.00113207981978902,0,0,0,0,0,0.293438161940225,0.143544648498338,0,0.00263767876586976,0,0,0,0,"GPAB6651","GPAB6651.JPG",2024-10-04 01:28:36,2024-10-04 13:28:36,7.169392521,171.136827706,792476.940677783,515107.259210803,-1.62150061892218,31.271611328125,-0.15,FALSE
"134","data/train\GPAB2913_jpg.rf.a426d17e675cf5b48b74ca8af4351b03.jpg",0.987679481506348,0.2176838741519,0.222720141034677,0.0559606547050927,0,0,0,0,0,0.17895502983352,0.178890696205084,0,0.00128283175507899,0,0,0.0387288443183804,0.0425466130745137,0,0,0,0,0.160255068433697,0.178890696205084,0,0.00128283175507899,0,0,0.00149215609834787,0.0425466130745137,"GPAB2913","GPAB2913.JPG",2024-10-03 23:23:52.537,2024-10-04 11:23:52.537,7.18183796282,171.1195375944,793852.22138788,513197.882370801,-1.93100323228976,31.4412266025391,-0.660124383333333,FALSE
"135","data/train\GPAB6681_jpg.rf.0f833ea68a8c1dffcb4c3f6adea2c72d.jpg",0.958429336547852,0.264122191645078,0.304024404529856,0.256889939564797,0.0150089394937423,0,0,0,0.00699220122790812,0.238722891057242,0.261493154709894,0,0,0,0.0204590540460091,0.0254252260798928,0.0150799945460446,0,0,0,0,0.00751839269630878,0.261493154709894,0,0,0,0.0146229377231273,0,0.0128993726030922,"GPAB6681","GPAB6681.JPG",2024-10-04 01:29:36,2024-10-04 13:29:36,7.169234798,171.136029154,792459.478571048,515019.095433914,-1.92786874259333,31.3273818359375,-0.1412,FALSE
"136","data/train\GPAB6822_jpg.rf.106375de053996d29e65d45e4eb95eea.jpg",0.754672050476074,0.302822229861174,0.381027916953928,0.207909963646699,0.102439300741469,0.0834224722165143,0.0443777209764116,0.206189279136892,0.245595066858963,0.0018541527837257,0,0.0114936348115985,0.0164473242011588,0,0.0746078049173937,0,0,0.082468030027481,0,0,0.220012367419914,0.00131931948463962,0,0.0112747084342347,0.0108128505942699,0,0.0477633981982743,0,0,"GPAB6822","GPAB6822.JPG",2024-10-04 01:34:18.355,2024-10-04 13:34:18.355,7.16868527085,171.1340315693,792398.664777645,514798.557735146,-5.71066922612527,31.057109375,-0.10224675,FALSE
"137","data/train\GPAB2946_jpg.rf.4ae04bdc56ebbfb34e63f95e6dec2beb.jpg",0.994137763977051,0.00540402478861121,0.0101752755303683,0.00540402478861121,0.00184359054622131,0,0,0,0,0.00540402478861121,0,0,0.00314274575926164,0,0.00703252977110671,0,0,0,0,0,0,0,0,0,0.00129915521304033,0,0.00703252977110671,0,0,"GPAB2946","GPAB2946.JPG",2024-10-03 23:24:58.603,2024-10-04 11:24:58.603,7.18175193193,171.11950449877,793842.709923937,513194.230829978,-1.89713460291249,31.443212890625,-0.660976716666667,FALSE
"138","data/train\GPAB3266_jpg.rf.8a9ceca39439e1caada154d49866ef8d.jpg",0.997293472290039,0.998427186815255,0.998000856501441,0.998427186815255,0,0,0,0.998427186815255,0.998000856501441,0,0,0,0,0,0,0,0,0,0,0,0.998000856501441,0,0,0,0,0,0,0,0,"GPAB3266","GPAB3266.JPG",2024-10-03 23:35:39.243,2024-10-04 11:35:39.243,7.18246118515,171.11912624191,793921.105313932,513152.447875932,-1.66265268260317,32.4460395517578,-0.6433838,FALSE
"139","data/train\GPAB3415_jpg.rf.90f875249c32b02ae81d4b3bce2a27ef.jpg",0.72974681854248,0.579947496077569,0.356958498088235,0.579947496077569,0.0067771156641823,0,0.341673020012559,0.579947496077569,0,0,0,0,0.00691346454832991,0,0.00837201352734563,0,0,0,0.341673020012559,0,0,0,0,0,0.00691346454832991,0,0.00159489786316333,0,0,"GPAB3415","GPAB3415.JPG",2024-10-03 23:40:37.541,2024-10-04 11:40:37.541,7.18252371517,171.11914722647,793928.018461903,513154.762937774,-2.3298229964261,32.4338601308594,-0.631748633333333,FALSE
"140","data/train\GPAB3095_jpg.rf.c30fe8fea9a0ca71fd70d7ad21b1c91c.jpg",0.356924057006836,0.929367437197896,0.304614929626692,0,0.13159779767746,0,0,0,0,0.929367437197896,0,0,0.284748321084339,0,0.0198666085423536,0,0,0,0,0,0,0.929367437197896,0,0,0.16620256835208,0,0.00681456359715242,0,0,"GPAB3095","GPAB3095.JPG",2024-10-03 23:29:56.901,2024-10-04 11:29:56.901,7.18195119901,171.1209391796,793864.779980085,513352.625223494,-1.73431730514991,31.8198869003906,-0.65915495,FALSE
"141","data/train\GPAB3116_jpg.rf.875191a63a6aeebad657f0fb148c4561.jpg",0.914352416992188,0.434562137643238,0.414388264009848,0.427013978641235,0.0158039879168003,0.150203659143153,0.150870040309339,0.256978278278471,0.22687686159436,0.0214240584725468,0.0291757805973617,0.00468867324854097,0.00230640858959562,0.00126746850052715,0.0051591729191912,0,0,0,0.149620815673592,0,0.219331583202586,0.00337415478094879,0.0270354871976079,0.00293630202622123,0,0.00126746850052715,0.00259639001926168,0,0,"GPAB3116","GPAB3116.JPG",2024-10-03 23:30:38.943,2024-10-04 11:30:38.943,7.18184604243,171.12100138796,793853.156981673,513359.49658906,-1.7954876005262,31.9835132802734,-0.65835095,FALSE
"142","data/train\GPAB3077_jpg.rf.391aeefd68784db44a3aa0d96880ed5b.jpg",0.84515380859375,0.576093239591875,0.487506793439122,0.500072975459121,0.0839083351417164,0.0112756686376442,0.024366121719225,0.482944867040634,0.427774459741552,0.0680025656635102,0.0169082218377141,0.00758272632474463,0,0.00679439932555312,0.0184579901406314,0,0,0.010160872479226,0.0144635439571519,0.0471210221173253,0.360044591846337,0.0139661585910359,0.0159153715123012,0,0,0.0049815352884355,0.0131749509816159,0,0,"GPAB3077","GPAB3077.JPG",2024-10-03 23:29:20.865,2024-10-04 11:29:20.865,7.1821353351,171.1204218756,793885.120749477,513295.505410992,-2.8187502349594,31.6822967675781,-0.66095675,FALSE
"143","data/train\GPAB3216_jpg.rf.55b7a0b3177f516a9877b302a2d24331.jpg",0.0150518417358398,0.0039253115379962,0.995616671435677,0.0039253115379962,0.986812566374061,0,0,0,0.986812566374061,0.0039253115379962,0.00335014969571153,0,0.00387057994365526,0,0.00158337542224944,0,0,0,0,0,0,0,0.00335014969571153,0,0.00387057994365526,0,0.00158337542224944,0,0,"GPAB3216","GPAB3216.JPG",2024-10-03 23:33:59.143,2024-10-04 11:33:59.143,7.18284836533,171.11927469186,793963.911429791,513168.826767732,-1.67558009605792,32.472822265625,-0.650028566666667,TRUE
"144","data/train\GPAB6680_jpg.rf.838f9dbec7aa1cd9ac863c3ff99e066c.jpg",0.946847915649414,0.245732375946521,0.211787265014221,0.208503369353764,0.164146772852361,0,0,0,0.139350480005684,0.228378619726803,0.0724367850085362,0,0,0,0,0.0173537562197176,0,0,0,0,0,0.037235728016623,0.0476404921618596,0,0,0,0,0,0,"GPAB6680","GPAB6680.JPG",2024-10-04 01:29:34,2024-10-04 13:29:34,7.169237045,171.136054161,792459.727789758,515021.856409656,-1.80086562375592,31.3188017578125,-0.141466666666667,FALSE
"145","data/train\GPAB6596_jpg.rf.2ff0ce0a9390ffcde484219f10b26580.jpg",0.899023056030273,0.187172450611938,0.203046533377631,0.133398179070254,0.0639533878856897,0.0614453365801011,0.0722985157175696,0,0.0337741947254106,0.102297190636865,0.0839928330417516,0.0185396074304381,0.00347497613894527,0.00053483329908607,0.00826351054207323,0.00454848355075539,0.0012425032118804,0.028608300382353,0.0296779669805252,0,0.0228931696890669,0.0217639704795064,0.0761882997294147,0.00363340970151116,0.00347497613894527,0,0.00685873295398897,0,0,"GPAB6596","GPAB6596.JPG",2024-10-04 01:26:45.903,2024-10-04 13:26:45.903,7.16965636146,171.13821500741,792506.153504285,515260.423804055,-3.39967168074275,31.2591573447266,-0.1624097,FALSE
"146","data/train\GPAB3262_jpg.rf.77bd56029fdd05e1a937a6123d894b5b.jpg",0.956656455993652,0.95550513420763,0.996370431112127,0.95550513420763,0,0,0,0.95550513420763,0.996370431112127,0,0,0,0,0,0,0,0,0,0,0,0.996370431112127,0,0,0,0,0,0,0,0,"GPAB3262","GPAB3262.JPG",2024-10-03 23:35:31.235,2024-10-04 11:35:31.235,7.182445456,171.11914905275,793919.36714841,513154.966822705,-1.88198088475772,32.4803941845703,-0.643917666666667,FALSE
"147","data/train\GPAB2944_jpg.rf.4c5671d6eb3325a6fb91a55ecd6b13f6.jpg",0.881537437438965,0.209694981784941,0.154722376388214,0,0.0466687663114554,0,0.00702196753360231,0,0,0.142097621960236,0.124564307702944,0,0.00622595890713488,0,0.00753951717131757,0.0677068230133872,0.00937062507321551,0,0.00702196753360231,0,0,0.142097621960236,0.0824200198570065,0,0.00170148044161675,0,0.00753951717131757,0.0677068230133872,0.00937062507321551,"GPAB2944","GPAB2944.JPG",2024-10-03 23:24:54.599,2024-10-04 11:24:54.599,7.18178445178,171.1194595016,793846.303621074,513189.26184659,-2.27801896662907,31.443212890625,-0.660909983333333,FALSE
"148","data/train\GPAB5743_jpg.rf.e977816285ab91f398c9cf38144e91de.jpg",0.900885581970215,0.166507913036298,0.224186371640968,0.142620932818408,0.122429775523647,0.0695091248130004,0.106041983933877,0,0.0381162345431256,0.0427232905018599,0.0473572321560599,0.0257766605277662,0.0245024706033726,0.00405589920168688,0.00816845040453369,0.0247319592182408,0,0,0.0465218551898034,0,0.0127111727348321,0.0176715835482589,0.0231313001346205,0.00370446475381344,0.0193922680580654,0,0,0.00277978887047432,0,"GPAB5743","GPAB5743.JPG",2024-10-04 00:58:18.197,2024-10-04 12:58:18.197,7.17031557878,171.13734979123,792578.999757409,515164.872645823,-2.37496839124385,31.7641206826172,-0.3471803,FALSE
"149","data/train\GPAB5669_jpg.rf.9ff6ca653fa1cc1ec05bc94ed09c74df.jpg",0.920415878295898,0.134540821127548,0.168714460471306,0.119200611457531,0.0328207127397868,0.0765320525500122,0.0747998455992918,0,0.00131643887441115,0.0149839742050956,0.0254943607253761,0.00953097904260038,0.0384369424818954,0.0246205756227399,0.0286668727903319,0.00887996113096598,0,0,0.0747998455992918,0,0,0.0122185883857636,0.0254943607253761,0.00226223923275906,0.0133948375623892,0,0.0222047038444624,0.00102069622428815,0,"GPAB5669","GPAB5669.JPG",2024-10-04 00:55:50,2024-10-04 12:55:50,7.171255075,171.137531274,792682.864859343,515184.879184978,-3.65580907332314,32.387021484375,-0.36,FALSE
"150","data/train\GPAB6684_jpg.rf.0736c8590fcf6864ecebf96c7bd09b8f.jpg",0.891706466674805,0.186148873777421,0.253779840721458,0.0451958142812973,0.100612993856619,0,0.0667610226550392,0,0.0140295320160623,0.157846878282695,0.144339696921396,0,0,0,0.00174372939163432,0.0284949963800331,0.0269058597373267,0,0.0667610226550392,0,0,0.140969382954085,0.0594999644724738,0,0,0,0,0,0.0269058597373267,"GPAB6684","GPAB6684.JPG",2024-10-04 01:29:42,2024-10-04 13:29:42,7.169221467,171.135963626,792458.002717284,515011.860854491,-1.8971976541563,31.3531220703125,-0.1404,FALSE
"151","data/train\GPAB6647_jpg.rf.ed1c984301bcc115058546f7d8048b07.jpg",0.778697967529297,0.173841946677984,0.36700798697196,0.0455270844575715,0.199009838244134,0.019881011593496,0.0602652465898376,0,0.0296866088112106,0.134034793930746,0.257984571451616,0.00235057794643217,0.00340680169687146,0,0,0.0176101305300515,0.0156647584224242,0.019881011593496,0.0212493014520196,0,0.0296866088112106,0.102025453071979,0.104110054673982,0.00152960403131799,0.001923287429209,0,0,0.00491336084636169,0.0110288963614052,"GPAB6647","GPAB6647.JPG",2024-10-04 01:28:28,2024-10-04 13:28:28,7.169411472,171.136916949,792479.038603874,515117.111997096,-1.70717599947688,31.271611328125,-0.151333333333333,FALSE
"152","data/train\GPAB4073_jpg.rf.fdcf2e1d63bb3c1057b2777db9c017bf.jpg",0.817182540893555,0.348140950178886,0.30458036230395,0.314684582782017,0.0547690422739153,0.217183608175556,0.153766013792362,0.00641607918221396,0.0235144212950071,0.102524758844914,0.10034605730878,0.0115637296604913,0.025944696124427,0.00944168012551779,0.00100917378337427,0.00178885895188036,0,0.00652554237089585,0.141452365269059,0,0.00848243691943701,0.0156100268280833,0.0806494047699065,0.00999571749279367,0.0192271130716331,0.00196841698945504,0,0,0,"GPAB4073","GPAB4073.JPG",2024-10-04 00:02:34.857,2024-10-04 12:02:34.857,7.17616215015,171.12652209925,793224.980678152,513969.200499676,-3.83043232534471,31.185810546875,-0.60109525,FALSE
"153","data/train\GPAB3150_jpg.rf.6c8b56def24a487f2d90b80b7048e1f4.jpg",0.865879058837891,0.542689683382528,0.506282610908295,0.530084133022739,0.0352337039078358,0.0686314988967263,0.0370100802153928,0,0.0332585654945144,0.473868064210722,0.430176888672096,0,0.00197513841332147,0.00239378709985923,0.00386193811296985,0,0,0,0.0370100802153928,0,0,0.0126055503597882,0.430176888672096,0,0,0,0.00386193811296985,0,0,"GPAB3150","GPAB3150.JPG",2024-10-03 23:31:47,2024-10-04 11:31:47,7.18225485,171.120184701,793898.325964855,513269.316000381,-1.72458319846514,32.129619140625,-0.657216666666667,FALSE
"154","data/train\GPAB3201_jpg.rf.64c5d806908d0ba5fcd43bc8fbac2fe3.jpg",0.860390663146973,0.36777999051319,0.33850818957488,0.36777999051319,0.0413530802365173,0,0.037439291139435,0.338648379272665,0.261832106513444,0.0300140381738467,0.0318989174666761,0,0.00096020340949026,0,0.00637767104583435,0,0,0,0.037439291139435,0,0.221439229686417,0,0.0318989174666761,0,0,0,0.00637767104583435,0,0,"GPAB3201","GPAB3201.JPG",2024-10-03 23:33:29.113,2024-10-04 11:33:29.113,7.18288475733,171.11913769114,793967.930544366,513153.699786342,-2.82065443837717,32.429921875,-0.651029566666667,FALSE
"155","data/train\GPAB6951_jpg.rf.fd609cc90f60eda0e6252f5f464ff693.jpg",0.846881866455078,0.26948780829731,0.270423046418153,0.117693092104631,0.114236359830466,0.0389420094752872,0.03605467782295,0,0.0149090783391554,0.20849184691285,0.200043977316155,0,0,0.00230544838618613,0.00672238406984135,0.0198502850843923,0.0126929288700518,0,0.03605467782295,0,0,0.153269588629655,0.103791267142031,0,0,0,0.00548276146818942,0,0.0108579801545159,"GPAB6951","GPAB6951.JPG",2024-10-04 01:38:36.613,2024-10-04 13:38:36.613,7.16919823084,171.1369354768,792455.465906289,515119.164701696,-1.83224698882631,31.1739099785156,-0.0699489166666668,FALSE
"156","data/train\GPAB3079_jpg.rf.e7c5099d099663c09dfc56f1c1dff4d2.jpg",0.838212013244629,0.409738959101096,0.289182540429365,0.387932739671572,0.0881524342116634,0.00272121646249541,0,0.291759726380436,0.26409914676325,0.0747931241754253,0.0048624700656587,0.0233819132244975,0.016770912750157,0.0171905216401042,0.00345001085029852,0,0,0.00272121646249541,0,0.00288061022847079,0.177746133740972,0,0.0048624700656587,0.00424505927335646,0.016770912750157,0.0119746967197531,0.00165058966091376,0,0,"GPAB3079","GPAB3079.JPG",2024-10-03 23:29:24.869,2024-10-04 11:29:24.869,7.1821073563,171.12048114737,793882.029479307,513302.050294869,-4.47563519474018,31.7086333173828,-0.66075655,FALSE
"157","data/train\GPAB4668_jpg.rf.b51dd75e3f5f90910571442c1666adc0.jpg",0.909429550170898,0.209746832769054,0.252838841380158,0.199353591064731,0.00984976657455115,0,0,0,0.00465122531557085,0.166421494729443,0.18330667168533,0.0124547984244982,0.0465650643432305,0.0305488714729328,0.0183158800360268,0.00032166814217923,0,0,0,0,0,0,0.18330667168533,0.0103932417043226,0.043943709035322,0,0.015738694084955,0,0,"GPAB4668","GPAB4668.JPG",2024-10-04 00:22:26,2024-10-04 12:22:26,7.170562865,171.134480608,792606.242866083,514848.075825935,-2.24303604350172,31.803576171875,-0.515266666666667,FALSE
"158","data/train\GPAB6722_jpg.rf.3905acae98248caaa1018f868607f294.jpg",0.910863876342773,0.195214154166419,0.213467620980829,0.189552794864064,0.0519229993681862,0,0.0203995214346207,0.167676480585647,0.173450183686912,0.0149186803732503,0.00453504070302252,0.012622834021159,0.0114773113536371,0,0.00360556380263595,0,0,0,0,0,0.148217958492327,0.00430267147792588,0.00184935176667825,0.00136540924829515,0.0114773113536371,0,0,0,0,"GPAB6722","GPAB6722.JPG",2024-10-04 01:30:58.155,2024-10-04 13:30:58.155,7.16901490135,171.13493014905,792435.133708688,514897.76028053,-5.86216078411667,31.2494961767578,-0.130246,FALSE
"159","data/train\GPAB3481_jpg.rf.e4fc253b7043c340198c9e586f1f566a.jpg",0.771561622619629,0.820839486636849,0.678674650437949,0.820839486636849,0.0276730622615095,0,0,0.820839486636849,0.559670880679363,0,0.108508746492857,0,0.0104950232657286,0,0,0,0,0,0,0,0.531997818417854,0,0.108508746492857,0,0.0104950232657286,0,0,0,0,"GPAB3481","GPAB3481.JPG",2024-10-03 23:42:49.673,2024-10-04 11:42:49.673,7.18244700313,171.11902497977,793919.534620123,513141.268153002,-17.5190337743286,32.2011469619141,-0.627172116666667,FALSE
"160","data/train\GPAB2987_jpg.rf.8edaf56f6842917821771008f1c445b3.jpg",0.940906524658203,0.285674917374497,0.27380104201274,0.190656068581568,0,0.00439101019159898,0,0,0,0.272473080697415,0.254777492063919,0.00881946831616809,0.0121120058073102,0,0.00691154414151093,0,0,0,0,0,0,0.0894189425087811,0.254777492063919,0.00559990628414723,0.0121120058073102,0,0.00691154414151093,0,0,"GPAB2987","GPAB2987.JPG",2024-10-03 23:26:20.685,2024-10-04 11:26:20.685,7.18159529225,171.1195749724,793825.395808088,513202.016198523,-1.88517995962513,31.48611328125,-0.66034475,FALSE
"161","data/train\GPAB3671_jpg.rf.4e2585f33266214a8b05bf058c060fa6.jpg",0.860608100891113,0.607244158602558,0.690842348043009,0.491300557110018,0.146594254526879,0,0,0,0.0263412601325465,0.607244158602558,0.440120755180777,0,0,0,0.203262579144766,0,0.0211177535849194,0,0,0,0,0.116423703197285,0.340985514371364,0,0,0,0.203262579144766,0,0,"GPAB3671","GPAB3671.JPG",2024-10-03 23:49:10,2024-10-04 11:49:10,7.181869566,171.119544941,793855.715256113,513198.692582555,-1.62471179746021,31.8164462890625,-0.619333333333334,FALSE
"162","data/train\GPAB6657_jpg.rf.e81b49fc4c8a81547b26c0fb3ee603b1.jpg",0.758427619934082,0.415008555412379,0.325182486657974,0.323158377870768,0.106620986589799,0.0199251809503325,0.0501351006197153,0,0.00200010370196822,0.376203855024648,0.245937859476151,0.0118316264117391,0.017017685026396,0,0.00255510127265359,0.00704981343247753,0.0075366365610891,0,0.0113918532501925,0,0.00200010370196822,0.0918837846609426,0.178060120255875,0,0.017017685026396,0,0.00255510127265359,0,0.0075366365610891,"GPAB6657","GPAB6657.JPG",2024-10-04 01:28:48,2024-10-04 13:28:48,7.169360176,171.136669234,792473.359802439,515089.763219422,-1.72259391385363,31.271611328125,-0.148,FALSE
"163","data/train\GPAB6031_jpg.rf.c8c7491ba0185bc1872720abe9f324f0.jpg",0.888444900512695,0.368217843267918,0.401381348624893,0.230748401741425,0.215589670515802,0.138650491720166,0.133886922605685,0.03532012221469,0.0545789219988362,0.192148224679916,0.160093754260903,0.0014201408426361,0.0232426837301214,0.00161602233817211,0.0295790660293477,0,0,0.0816441755021384,0.00211532811110705,0,0.0438284846261832,0.0571829936453738,0.106985863885405,0,0.0232426837301214,0,0.00961931775627348,0,0,"GPAB6031","GPAB6031.JPG",2024-10-04 01:07:54.773,2024-10-04 13:07:54.773,7.16987799673,171.13583757304,792530.576409487,514997.92173814,-1.91540873247248,31.4508191298828,-0.272435583333333,FALSE
"164","data/train\GPAB3066_jpg.rf.e12db764904a5ff43af91282f16a52d8.jpg",0.866287231445312,0.556289044271138,0.573732099407939,0.431193744082746,0.00869848268657232,0.105825938166741,0.104719783839008,0.423116513002114,0.444217943129072,0.00676175240963045,0.00607328656502593,0.0207951252393307,0.00996403078028049,0,0.00875705509455123,0,0,0.105825938166741,0.104719783839008,0,0.4355194604425,0,0.00607328656502593,0.019479646568329,0.00996403078028049,0,0.00875705509455123,0,0,"GPAB3066","GPAB3066.JPG",2024-10-03 23:28:58.843,2024-10-04 11:28:58.843,7.18216337228,171.12011810266,793888.211391472,513261.965671185,-2.73997580709102,31.5540803701172,-0.661980716666667,FALSE
"165","data/train\GPAB6744_jpg.rf.a8dbeb68f8cee29da713eb411b6cabde.jpg",0.839492797851562,0.276353262675165,0.240952483374078,0.0802893284913476,0.172707946451376,0,0,0,0.00224687597820722,0.262379422456853,0.200025733451374,0,0.0105372722157462,0.00311489986038642,0,0.0109088709352189,0.0281426017287502,0,0,0,0,0.196478742056717,0.0295646629782053,0,0.0105372722157462,0,0,0,0.0281426017287502,"GPAB6744","GPAB6744.JPG",2024-10-04 01:31:42.199,2024-10-04 13:31:42.199,7.16890342456,171.13436713468,792422.791982506,514835.600847962,-1.94346820105669,31.2321472587891,-0.122966833333333,FALSE
"166","data/train\GPAB6884_jpg.rf.fc4d3d0c8326c5b6c3cf32a04a8006f7.jpg",0.774120330810547,0.0719480414731057,0.193759446001041,0.069498562575496,0.0721083954424905,0.0266638884781352,0.0301167799386622,0.0260580001267469,0.0284162597004549,0.0197129759968352,0.119492513294016,0,0.0100802153928288,0,0.00565367767507868,0,0,0,0.00784486185553547,0,0.00471075792695924,0.00244947889760966,0.0974433624018912,0,0.0100802153928288,0,0.00157185298133556,0,0,"GPAB6884","GPAB6884.JPG",2024-10-04 01:36:22.479,2024-10-04 13:36:22.479,7.1688979698,171.13539749561,792422.22239364,514949.364344268,-1.80494682237186,31.057109375,-0.0853774500000001,FALSE
"167","data/train\GPAB6203_jpg.rf.51578668f786e422636d911cb62b28bf.jpg",0.92159366607666,0.201244231578017,0.209883181653201,0.114611799363577,0.0661522536934224,0.0247924520330387,0.0100254837984879,0,0,0.155100696531553,0.154306608311905,0.021402933997538,0.0286150218062194,0,0.0169360677365893,0,0,0,0.0100254837984879,0,0,0.0833821436733158,0.0967961853038948,0.00330213952523702,0.0251121997683989,0,0.0117970590889974,0,0,"GPAB6203","GPAB6203.JPG",2024-10-04 01:13:39.117,2024-10-04 13:13:39.117,7.16991384806,171.13734266319,792534.589135232,515164.098920516,-3.11718419710685,31.4265546689453,-0.2363922,FALSE
"168","data/train\GPAB7183_jpg.rf.fab8bfb6e90da76e1104f286c677bd7f.jpg",0.0250139236450195,0.0120937619425299,0.992744703037892,0.00188295888601041,0.00732443160759175,0,0,0,0.901056799872485,0.0116271030855176,0.0916879031654066,0.00046665885701226,0,0,0,0,0,0,0,0,0.901056799872485,0.0102108030565195,0.0843634715578148,0,0,0,0,0,0,"GPAB7183","GPAB7183.JPG",2024-10-04 01:46:21,2024-10-04 13:46:21,7.168413479,171.133674596,792368.607343554,514759.152638814,-1.75777226001341,31.014208984375,-0.0032,TRUE
"169","data/train\GPAB3188_jpg.rf.6ef4c2c858b06742b682fe5136f161be.jpg",0.883059501647949,0.361857455883454,0.334014437618465,0.313692692660013,0.0134726140385579,0.0021105270940596,0,0.0680121676976051,0.058991056665444,0.269068199407362,0.253760636653269,0.0231937133562374,0.0171828400128283,0,0.00407990428692414,0,0,0.0021105270940596,0,0,0.054750798409135,0.0464632827818245,0.245949381917065,0,0.0171828400128283,0,0.00265880324087854,0,0,"GPAB3188","GPAB3188.JPG",2024-10-03 23:33:03,2024-10-04 11:33:03,7.1826883,171.119373082,793946.219414984,513179.694407161,-2.16979151027203,32.301220703125,-0.6519,FALSE
"170","data/train\GPAB4356_jpg.rf.ab8b96243dec13600dff6a53412e9ddc.jpg",0.861897468566895,0.623077912825053,0.634271003969481,0.551083781588292,0.0551319991627026,0.0509090245677644,0.054750798409135,0.013813486248927,0.0119545324481538,0.554481941454478,0.452904903374731,0.00343464759574668,0.107385308503753,0.00092179527311065,0.00727546123370774,0,0,0,0.054750798409135,0,0.0119545324481538,0.0725808155199597,0.397772904212028,0,0.107385308503753,0,0.00727546123370774,0,0,"GPAB4356","GPAB4356.JPG",2024-10-04 00:12:01.423,2024-10-04 12:12:01.423,7.17127096498,171.13230103928,792684.451708142,514607.405494382,NA,31.100009765625,-0.555905133333333,FALSE
"171","data/train\GPAB3121_jpg.rf.1b45c081583cecc29304e3ac5124201e.jpg",0.868532180786133,0.124916702354227,0.148768155045965,0.113307843133489,0.0406300470691711,0,0,0.0642414489085368,0.0679411126453028,0.0495503367433357,0.0735707852351442,0.00269913178407713,0.00231985143732848,0.00842578491827708,0.00493640572818946,0,0,0,0,0,0.0337204233344792,0.00440829385296981,0.0720978332049861,0.00082193411852366,0.00231985143732848,0.00637863124924384,0,0,0,"GPAB3121","GPAB3121.JPG",2024-10-03 23:30:48.953,2024-10-04 11:30:48.953,7.18191316151,171.12090398872,793860.573999207,513348.740980584,-1.73399451800519,32.00091796875,-0.658184116666667,FALSE
"172","data/train\GPAB2869_jpg.rf.854568362cd06f0704ba47a3d0a0d686.jpg",0.863487243652344,0.388451249512697,0.501474872436977,0.255925895341669,0.125545635587443,0.0350397428191188,0.008631268447908,0,0.0539912775122282,0.353411506693578,0.421140414385383,0,0.00153920606541289,0,0.00374191268678356,0,0.012430793339261,0.0350397428191188,0.00614914263437566,0,0,0.0987338757842461,0.368240888149746,0,0.00153920606541289,0,0,0,0,"GPAB2869","GPAB2869.JPG",2024-10-03 23:22:24.449,2024-10-04 11:22:24.449,NA,NA,NA,NA,NA,31.271611328125,-0.660407483333333,FALSE
"173","data/train\GPAB3259_jpg.rf.839025428ad843c1b67707a3f6164648.jpg",0.297933578491211,0.897254394370903,0.218319528808983,0.897254394370903,0.00638919348674823,0,0,0.897254394370903,0.214766776193869,0,0,0,0,0,0.00355275261511398,0,0,0,0,0,0.208377582707121,0,0,0,0,0,0.00355275261511398,0,0,"GPAB3259","GPAB3259.JPG",2024-10-03 23:35:25.229,2024-10-04 11:35:25.229,7.18243510712,171.1191680793,793918.223650462,513157.067799822,-1.7209173324635,32.5061601591797,-0.644318066666667,FALSE
"174","data/train\GPAB6740_jpg.rf.43588fe8737c9d3ec2b756b24d86e2c0.jpg",0.798320770263672,0.368381077847531,0.434281758247667,0.300397716252211,0.18957968055953,0.052680599858274,0.0832006652289221,0,0,0.28896553445882,0.315644786191507,0,0,0,0.00167267433933204,0.0272121646249542,0.0337636324879062,0.0322685957793299,0.0513372752883971,0,0,0.0357147658159905,0.171426074899707,0,0,0,0,0,0.0219387275000336,"GPAB6740","GPAB6740.JPG",2024-10-04 01:31:34.191,2024-10-04 13:31:34.191,7.16891572447,171.13445425827,792424.154524569,514845.219863928,-1.73903373392269,31.2665018916016,-0.1243015,FALSE
"175","data/train\GPAB2864_jpg.rf.3d22d093a0caea49f240aa6619901423.jpg",0.764670372009277,0.360210707036179,0.169033248003257,0.350552981143525,0.0512047672178874,0,0,0.338671424154493,0.122821538514719,0.00089971059469237,0.00784678226235445,0.0202766153982059,0.0315378809847078,0.00061356997866428,0.00682704624147579,0,0,0,0,0.00670606061188002,0.0871759073442118,0,0,0.00256182269652003,0.0275837633444269,0.00061356997866428,0.00306881009673089,0,0,"GPAB2864","GPAB2864.JPG",2024-10-03 23:22:14.439,2024-10-04 11:22:14.439,NA,NA,NA,NA,NA,31.271611328125,-0.66024065,FALSE
"176","data/train\GPAB3228_jpg.rf.92aef0621bb3c3054cd3952cab4294ff.jpg",0.716713905334473,0.448372743281937,0.21193897715292,0.437043303253361,0.0148524263379954,0,0,0.00768834869978856,0.0127006104973277,0.418835926202607,0.183011889238616,0.0162552835192607,0.0137193863147969,0,0.00250709110217908,0.00564407564098378,0,0,0,0,0.008039783147662,0.0179634853847439,0.177566575703397,0.00300735707852351,0.0103932417043226,0,0.00108695025954298,0.00564407564098378,0,"GPAB3228","GPAB3228.JPG",2024-10-03 23:34:23.167,2024-10-04 11:34:23.167,7.18264550066,171.11943199018,793941.489743915,513186.199559719,-3.30846720878254,32.4742551386719,-0.648455533333334,FALSE
"177","data/train\GPAB6678_jpg.rf.82cfe60ae6e10f7bf4f03fd25a99d0c4.jpg",0.948243141174316,0.207335762007824,0.229277370118086,0.207335762007824,0.124261843628954,0.00823854525342648,0.00388018197775016,0,0.00575833984671312,0.186296745102483,0.179841297580479,0,0.00714679397683605,0,0.00769314971683601,0.0130174776224595,0.024957607019471,0,0.00388018197775016,0,0,0,0.095590169821575,0,0.00554517468980628,0,0,0,0,"GPAB6678","GPAB6678.JPG",2024-10-04 01:29:30,2024-10-04 13:29:30,7.169246621,171.136106414,792460.788104023,515027.625404873,-1.98961476151264,31.31451171875,-0.142,FALSE
"178","data/train\GPAB2950_jpg.rf.502dd1ed83690517b5d11f810ee8abd0.jpg",0.956319808959961,0.219264368963921,0.220445419157594,0.204462833406629,0.0537781123553214,0,0,0,0.051987332996622,0.214643870157454,0.152176877149655,0,0.00223343313047435,0.00227760248731091,0.0109780055807022,0.00285852555005252,0.00306977030014038,0,0,0,0,0.0148015355572924,0.152176877149655,0,0.00223343313047435,0,0.00918722622200286,0,0.00306977030014038,"GPAB2950","GPAB2950.JPG",2024-10-03 23:25:06.611,2024-10-04 11:25:06.611,7.1816871993,171.11959672775,793835.556541348,513204.415512149,-1.88345861684158,31.443212890625,-0.660889816666667,FALSE
"179","data/train\GPAB3279_jpg.rf.e80fecf07458b621fb3eb07d30d469f8.jpg",0.733005523681641,0.709560553307613,0.960062259589071,0.709560553307613,0.953604891660249,0,0,0.698113968463079,0.960062259589071,0,0,0,0,0.0114581072854473,0,0,0,0,0,0,0.00645736792882204,0,0,0,0,0,0,0,0,"GPAB3279","GPAB3279.JPG",2024-10-03 23:36:05.269,2024-10-04 11:36:05.269,7.18250128355,171.1190655084,793925.536354414,513145.741270941,-4.931097308022,32.387021484375,-0.64173655,FALSE
"180","data/train\GPAB3202_jpg.rf.b3fcaab315619b91de7398386de9ccee.jpg",0.86053466796875,0.154803033474611,0.136897160294437,0.152547515665719,0.0208392945961672,0,0.00538097990678345,0.143311319069832,0.05775527487743,0.00639399450379568,0.0688513854774996,0.00517261576692406,0.00122329914369059,0,0.00368622088903313,0,0,0,0.00538097990678345,0,0.039164776666289,0.00121177670277671,0.067825888236164,0.00111863697205616,0,0,0.00368622088903313,0,0,"GPAB3202","GPAB3202.JPG",2024-10-03 23:33:31.115,2024-10-04 11:33:31.115,7.1828977608,171.11912320435,793969.367631379,513152.099959501,-2.62609908509505,32.429921875,-0.650962833333333,FALSE
"181","data/train\GPAB3227_jpg.rf.2b959500f6e4dec0055fc1e6488e6c59.jpg",0.890052795410156,0.326408666411893,0.326785066148413,0.28917293839527,0.056971748895286,0,0,0.00975086562337365,0.0256297494061142,0.272588305106554,0.251963135870703,0.0385944158410518,0.0329858677262191,0.00457152843258315,0.00586684283198552,0.00111287575159921,0.0103394703133912,0,0,0,0.00364781275265352,0.0366999345141275,0.237028132039491,0,0.0232705296289966,0,0.00586684283198552,0.00111287575159921,0,"GPAB3227","GPAB3227.JPG",2024-10-03 23:34:21.165,2024-10-04 11:34:21.165,7.1826749713,171.11943963055,793944.747873298,513187.042266678,-2.74441103121323,32.472822265625,-0.648589,FALSE
"182","data/train\GPAB3099_jpg.rf.fd9c504343c7c4aa14009c61fb4860e5.jpg",0.355330467224121,0.816817194554494,0.186571363277597,0.745527852620299,0.0637066156094507,0,0,0,0.010012040950755,0.816817194554494,0,0,0.0636787697105755,0,0.0765935055682196,0,0.0362870470480467,0,0,0,0,0.0713815214615064,0,0,0.011990059974305,0,0.0745876406457944,0,0.0362870470480467,"GPAB3099","GPAB3099.JPG",2024-10-03 23:30:04.909,2024-10-04 11:30:04.909,7.18191607192,171.12095479222,793860.897218229,513354.350005447,-2.06918028720517,31.8804064814453,-0.658918183333333,FALSE
"183","data/train\GPAB6357_jpg.rf.a5b69f96502a1649356ec4c0bc698158.jpg",0.847156524658203,0.255055951052671,0.175136300873977,0.253558993937276,0.0453667304881866,0,0,0.241975100005185,0.137287963082099,0.00793608117943705,0.0050209036282246,0.00182630688485048,0.0038072065186289,0.00335207010253052,0.0290202276450243,0,0,0,0,0,0.117404070878375,0,0.0050209036282246,0.00153056423472748,0.00280859497275902,0,0.00453600090643201,0,0,"GPAB6357","GPAB6357.JPG",2024-10-04 01:18:47.425,2024-10-04 13:18:47.425,7.16909412975,171.13327486775,792443.838837253,514714.996303103,-6.01936288946242,31.2765448730469,-0.2112575,FALSE
"184","data/train\GPAB6648_jpg.rf.c56ce6da35aa5d7bf1816fcefeee13f5.jpg",0.955016136169434,0.542493801886992,0.553944227545163,0.451170776017191,0.0295589017577484,0,0.00592733564678341,0,0.00119257263458691,0.512509530018839,0.529720215930543,0.00077680455827762,0.00109943290386635,0.00955018311079019,0.00781413534643178,0.0196572841990847,0.00819053508295197,0,0,0,0,0.0694899207448106,0.514414573583268,0.00077680455827762,0,0.00955018311079019,0.00178021712119495,0.0115070776593313,0.00819053508295197,"GPAB6648","GPAB6648.JPG",2024-10-04 01:28:30,2024-10-04 13:28:30,7.169404414,171.136891354,792478.257515874,515114.286259679,-1.65833155146278,31.271611328125,-0.151,FALSE
"185","data/train\GPAB6199_jpg.rf.bfde89e764df96e5529e9f0eaca7fc63.jpg",0.851390838623047,0.089624426038412,0.231120000460898,0.0677721168452325,0.037981806065797,0.00361228522650238,0,0,0.027180477912441,0.0812639349519802,0.118846296399429,0.00357771790376073,0.0838180760212243,0.00121561751641467,0.00127515012780307,0,0,0,0,0,0,0.0218523091931795,0.109320118373876,0,0.0838180760212243,0,0,0,0,"GPAB6199","GPAB6199.JPG",2024-10-04 01:13:31.109,2024-10-04 13:13:31.109,7.16993752231,171.13745053573,792537.209832697,515176.008441301,-3.04765625,31.4003125,-0.236926066666667,FALSE
"186","data/train\GPAB6661_jpg.rf.3c4167a579d558a7483fe8be14f117da.jpg",0.644152641296387,0.474030338586926,0.15252639119071,0.0426560762631956,0.0376092471429147,0.373287717270026,0.0422460694073432,0,0.0045177570416517,0.0910253628128583,0.100654282603227,0,0,0.00333286603434071,0,0.00638439246970078,0.00510828213848821,0.373287717270026,0.0091545793060802,0,0,0.0587980557801365,0.100654282603227,0,0,0,0,0,0.00510828213848821,"GPAB6661","GPAB6661.JPG",2024-10-04 01:28:56,2024-10-04 13:28:56,7.16933892,171.136562202,792471.006485115,515077.946404874,-1.80722985402621,31.2587412109375,-0.146666666666667,FALSE
"187","data/train\GPAB6931_jpg.rf.128f7a7f397fe6d4e864d6d33b1771d7.jpg",0.909567832946777,0.176347117373344,0.255922054528031,0.148770075452784,0.041231134403512,0,0,0.0108531791374685,0.0471795945253042,0.14614007831419,0.176230932760796,0,0.00203467102470987,0.007595208969068,0.0189640173374328,0.011933407973145,0.0115128388797883,0,0,0,0.0200912961401743,0.0187297277055171,0.16904669085099,0,0.00203467102470987,0,0.0158760031725121,0.00908448445718741,0.00764225893613303,"GPAB6931","GPAB6931.JPG",2024-10-04 01:37:56.573,2024-10-04 13:37:56.573,7.16910506648,171.1364634008,792445.151286393,515067.045346292,-1.68889421461929,31.1153380751953,-0.0734569333333335,FALSE
"188","data/train\GPAB3226_jpg.rf.c75bfba17fbb447344c44f31fb1f214a.jpg",0.983595848083496,0,0.0165164588466421,0,0.00320803959110698,0,0,0,0,0,0.00993522467799578,0,0.00495464959296977,0,0.00162658457567651,0,0,0,0,0,0,0,0.00835376966256531,0,0.00495464959296977,0,0,0,0,"GPAB3226","GPAB3226.JPG",2024-10-03 23:34:19.163,2024-10-04 11:34:19.163,7.18270410646,171.11943790926,793947.96864677,513186.851383435,-1.82156629898063,32.472822265625,-0.648722466666667,FALSE
"189","data/train\GPAB3221_jpg.rf.8d374c772359fb68a5172ca00d2a6e6e.jpg",0.941135406494141,0.229564470937523,0.265245629634182,0.186308267543396,0.0240415729668173,0,0,0,0.00326661199908588,0.222344701501566,0.243350111287575,0.00352202610601029,0.0103020223804211,0.00372654943223172,0.00832688396709959,0,0,0,0,0,0,0.0433128553952869,0.226972881935309,0,0.0103020223804211,0,0.00392915235163417,0,0,"GPAB3221","GPAB3221.JPG",2024-10-03 23:34:09.153,2024-10-04 11:34:09.153,7.18278753202,171.11936130039,793957.188941168,513178.390768741,-1.67986129163452,32.472822265625,-0.6493898,FALSE
"190","data/train\GPAB3162_jpg.rf.8427e11d3cb16eaac10a9b2e994311b9.jpg",0.998691558837891,0.998720048855149,0.998203459420844,0.998720048855149,0,0,0,0.998720048855149,0.998203459420844,0,0,0,0,0,0,0,0,0,0,0,0.998203459420844,0,0,0,0,0,0,0,0,"GPAB3162","GPAB3162.JPG",2024-10-03 23:32:11,2024-10-04 11:32:11,7.182380693,171.119915287,793912.229818571,513239.566938531,-2.98926919379739,32.198259765625,-0.656083333333333,FALSE
"191","data/train\GPAB6706_jpg.rf.cb010cdced4c1802c4c01e3ba7e02cc2.jpg",0.826651573181152,0.388833410469674,0.420885960481868,0.347094328462542,0.159146993699145,0.0866468352655827,0.050657451274478,0.124151420236863,0.164803551984452,0.163982578069338,0.0927863758658634,0,0.0459985443316312,0.0141610798831624,0.0666400370254435,0,0,0.0263057326063953,0.0249624080365184,0,0.133667036024912,0.0158567991043223,0.0571109783896621,0,0.0459985443316312,0,0,0,0,"GPAB6706","GPAB6706.JPG",2024-10-04 01:30:26.123,2024-10-04 13:30:26.123,7.16909950005,171.13535498519,792444.499702176,514944.664152283,-4.87500295014846,31.3011139267578,-0.134516933333333,FALSE
"192","data/train\GPAB6649_jpg.rf.a58e0e1bfc3624eeb9491a658021c1a4.jpg",0.907745361328125,0.40263057326064,0.392133629588092,0.178605515792465,0.0904185142580604,0.0234548886836187,0.0131759111850254,0,0.0111489217875915,0.331656178044757,0.348551917238148,0.00904031510035085,0.00407030225282923,0.016721942376273,0.00541746763634408,0.0217572490556399,0.00976910948815397,0.0234548886836187,0.00868984085588691,0,0,0.189137026787755,0.278478192820367,0.00904031510035085,0.00212685055202094,0,0.00541746763634408,0.00241587177827751,0.00700276346541251,"GPAB6649","GPAB6649.JPG",2024-10-04 01:28:32,2024-10-04 13:28:32,7.16939763,171.136865104,792477.506696526,515111.38819393,-1.67083890840312,31.271611328125,-0.150666666666667,FALSE
"193","data/train\GPAB4627_jpg.rf.2fb7bd47296ae69f79ff5f44a291d51e.jpg",0.968639373779297,0.059880205022632,0.0736322382533516,0.0529129690833706,0.00804842497834741,0,0.00248884723739877,0,0,0,0.01252681368021,0,0.00253973801810175,0.00157281318474505,0.00301983972284688,0.0583073918378869,0.0530569995947942,0,0,0,0,0,0.01252681368021,0,0,0,0,0.00696723593926137,0.0530569995947942,"GPAB4627","GPAB4627.JPG",2024-10-04 00:21:03.965,2024-10-04 12:21:03.965,7.1708264427,171.13558768425,792635.416718795,514970.300321033,-1.78410881410047,31.786416015625,-0.520735666666667,FALSE
"194","data/train\GPAB3144_jpg.rf.4bc949a594eacdf2d8492217745d9740.jpg",0.683930397033691,0.634139456102381,0.414956704428266,0.623134564826213,0.0549716451933178,0,0,0.29045288954012,0.20587337221517,0.305583774866868,0.196633334805645,0.00666093105163397,0.009469526024393,0.0330290768796462,0.00298047138305778,0,0,0,0,0.00135004599374331,0.191525052667157,0.00984784616773217,0.157043188028952,0,0.009469526024393,0,0.00194729251444626,0,0,"GPAB3144","GPAB3144.JPG",2024-10-03 23:31:34.999,2024-10-04 11:31:34.999,7.18218228506,171.12033840677,793890.308535768,513286.288431191,-3.58321958202719,32.0609699355469,-0.657416683333333,FALSE
"195","data/train\GPAB3151_jpg.rf.2c56a82516e6b16eb781cce5002c00e2.jpg",0.917754173278809,0.558535920249346,0.555544886628783,0.353052390618429,0.456946399525275,0.430607059799548,0.439259452722465,0,0.00516109332601018,0.112822940411697,0.0943735921017508,0.0139594371671695,0.0113572859274509,0.00195497414172218,0.00539346255110682,0,0,0.186529114327579,0,0,0,0.0197936330832323,0.0838612851746514,0,0.0113572859274509,0,0.00337991600140573,0,0,"GPAB3151","GPAB3151.JPG",2024-10-03 23:31:49,2024-10-04 11:31:49,7.182267531,171.120159377,793899.727086227,513266.519664304,-1.71960989263646,32.129619140625,-0.657183333333333,FALSE
"196","data/train\GPAB6726_jpg.rf.86e6d7ed436687c775be4fb138f7b9a2.jpg",0.800049781799316,0.296365822135761,0.221958699730951,0.267557799444234,0.0632044292262873,0,0,0.208070317616084,0.175360028268388,0.0797621768195375,0.0314264973892069,0.00883195096049147,0.0141082686956405,0,0,0,0.00106390537771521,0,0,0,0.129309632952645,0.0258842033096291,0.0179337190790497,0.00313890494562368,0.0115109184729693,0,0,0,0,"GPAB6726","GPAB6726.JPG",2024-10-04 01:31:06.163,2024-10-04 13:31:06.163,7.16899529134,171.13481892773,792432.96226096,514885.480848067,-4.77460168752175,31.2287109375,-0.128972833333333,FALSE
"197","data/train\GPAB3273_jpg.rf.7792a8041112c3f484a16677ed8557f4.jpg",0.895744323730469,0.819153369449784,0.726731870879527,0.819153369449784,0.0048922363713529,0,0,0.809003059208063,0.71804299022705,0.0101503102417216,0.00868888065247742,0,0,0,0,0,0,0,0,0,0.713150753855697,0,0.00868888065247742,0,0,0,0,0,0,"GPAB3273","GPAB3273.JPG",2024-10-03 23:35:53.257,2024-10-04 11:35:53.257,7.1824870388,171.11909244636,793923.962403882,513148.715840834,-1.68730498136185,32.4288193349609,-0.642449533333333,FALSE
"198","data/train\GPAB7090_jpg.rf.5a202a153d5630556c96afc11f25bef5.jpg",0.790701866149902,0.199210520756717,0.384000706709709,0.122540198915738,0.109395974443226,0.0399290985802432,0.0359740207365528,0,0.071811692588958,0.139140195459006,0.219056965027471,0.00784486185553547,0.032059271436061,0.00217486072249545,0.0143118318184524,0.0101215041394369,0.0107869251022137,0.0399290985802432,0,0,0.0226147107003148,0.0329167330807358,0.209610483884906,0.00402997370963064,0.0281435619321597,0,0.00344905064688903,0,0.0107869251022137,"GPAB7090","GPAB7090.JPG",2024-10-04 01:43:14.891,2024-10-04 13:43:14.891,7.16888878852,171.13613666112,792421.231558488,515030.976751101,-1.91501110529915,31.2287109375,-0.0315254333333335,FALSE
"199","data/train\GPAB6582_jpg.rf.a166616a1043774d17060f56687c0471.jpg",0.937150955200195,0.318107707936849,0.278775855877309,0.264293107851967,0.00153152443813697,0.232652485102444,0.188534019046595,0,0,0.0662569158650569,0.0684336969943713,0,0.00267032568179243,0,0.00338471701845318,0.0192607201909652,0.0157530971360973,0,0.188534019046595,0,0,0.0538760531030894,0.0684336969943713,0,0.00267032568179243,0,0.00185319258031621,0,0.0157530971360973,"GPAB6582","GPAB6582.JPG",2024-10-04 01:26:17.875,2024-10-04 13:26:17.875,7.169792987,171.13823540675,792521.25781501,515262.671566876,-1.84142254662842,31.2925252685547,-0.1652125,FALSE
"200","data/train\GPAB3149_jpg.rf.b85de5970d00d2f79e110927d0172e6e.jpg",0.89540958404541,0.331588003602683,0.280170071227889,0.330136176047534,0.0308638181912456,0.011093229989841,0.0102184846837954,0.0763966638692741,0.0720565444583781,0.215548381769194,0.16899003884983,0.00196361597240759,0.00106966659817215,0.0268741730248136,0.0278353366377133,0,0,0,0.0102184846837954,0,0.0656404652761641,0.00068750564119503,0.153664232230956,0.00077200354123017,0.00106966659817215,0,0.0187134042475558,0,0,"GPAB3149","GPAB3149.JPG",2024-10-03 23:31:45,2024-10-04 11:31:45,7.182241211,171.120209606,793896.818926868,513272.066103499,-2.12663352702861,32.129619140625,-0.65725,FALSE
"201","data/train\GPAB3269_jpg.rf.c2d884cd6974e828bacc14f4aaf2636f.jpg",0.998238563537598,0.998894805875677,0.999218394424675,0.998894805875677,0,0,0,0.998894805875677,0.999218394424675,0,0,0,0,0,0,0,0,0,0,0,0.999218394424675,0,0,0,0,0,0,0,0,"GPAB3269","GPAB3269.JPG",2024-10-03 23:35:45.249,2024-10-04 11:35:45.249,7.18247463256,171.11911154853,793922.591471572,513150.825225763,-1.64139036876613,32.429921875,-0.6429834,FALSE
"202","data/train\GPAB3036_jpg.rf.73115f2d96e2a173cce8abbe17c95bd0.jpg",0.80104923248291,0.398058084624647,0.239304774323393,0.351704265031504,0.0619158362507514,0,0,0.367814557835932,0.194361493538791,0.00956458616193254,0,0.00653130359135279,0,0.0141754829343048,0.0449432807846014,0,0,0,0,0.046712935668292,0.140502724097073,0,0,0,0,0,0.0368862139755686,0,0,"GPAB3036","GPAB3036.JPG",2024-10-03 23:27:58.783,2024-10-04 11:27:58.783,7.18145090131,171.119602255,793809.434517997,513205.032581587,-9.19113057774506,31.5900051572266,-0.661,FALSE
"203","data/train\GPAB6704_jpg.rf.9790ef8bf24b48dda270de4b435b6865.jpg",0.93195629119873,0.0887400786982714,0.0804256773754952,0.0700266744507156,0.0194066711092078,0,0,0.0500361996685378,0.0343666402290661,0.0331222166103667,0.021508556372582,0.00558166241936691,0.00894909577644928,0,0.0156013849973978,0,0,0,0,0,0.0255327688617557,0.0182861137303326,0.0176984692437246,0.00048202211156411,0.00894909577644928,0,0.0088386723843579,0,0,"GPAB6704","GPAB6704.JPG",2024-10-04 01:30:22.119,2024-10-04 13:30:22.119,7.16910697445,171.135410916,792445.327800443,514950.839290205,-5.39665617499438,31.31451171875,-0.1350508,FALSE
"204","data/train\GPAB6712_jpg.rf.46682450c134719875ebb46291663bc3.jpg",0.877753257751465,0.139709596080834,0.185055202094012,0.111063847765511,0.0321072816065355,0.0124634402551836,0.0127006104973277,0.049715491729768,0.089522644477006,0.0673016171745823,0.0400347209552872,0.0103029825838306,0.0084440287830574,0,0.0343531973813333,0,0,0.0124634402551836,0,0,0.0779521933926483,0.016322497757925,0.0376553369065703,0,0.0084440287830574,0,0.0288963614052001,0,0,"GPAB6712","GPAB6712.JPG",2024-10-04 01:30:38.135,2024-10-04 13:30:38.135,7.16906862945,171.135189385,792441.081643104,514926.381059981,-5.69332127070962,31.271611328125,-0.132915333333333,FALSE
"205","data/train\GPAB6683_jpg.rf.a8e659241e83b43452b24e4ddccbe5bd.jpg",0.996217727661133,0.0443930842309635,0.0440781375126507,0.0443930842309635,0,0,0,0,0,0.0151740944801747,0.0154592748927933,0,0,0,0,0.0292189897507888,0.0286188626198574,0,0,0,0,0,0.0154592748927933,0,0,0,0,0,0.0286188626198574,"GPAB6683","GPAB6683.JPG",2024-10-04 01:29:40,2024-10-04 13:29:40,7.169228426,171.135987579,792458.772801599,515014.505302786,-1.90742135030197,31.3445419921875,-0.140666666666667,FALSE
"206","data/train\GPAB3199_jpg.rf.12b7ef0103aaee8e8ecbbd351b47aecd.jpg",0.804924011230469,0.329175012434634,0.210776170824027,0.319163931687289,0.0254876393015096,0,0,0.110770025522207,0.0853899290025599,0.208443836742376,0.115097662288779,0.0113985746740589,0.00356715566625634,0,0.00672142386643186,0,0,0,0,0,0.0599022897010503,0.00224015455434079,0.115097662288779,0.00783814043166904,0.00356715566625634,0,0.00672142386643186,0,0,"GPAB3199","GPAB3199.JPG",2024-10-03 23:33:25.109,2024-10-04 11:33:25.109,7.18285244347,171.11917001387,793964.359251568,513157.269393582,-2.8731678336495,32.429921875,-0.651163033333333,FALSE
"207","data/train\GPAB6741_jpg.rf.4813cc555ec276c90547ec3f17feecce.jpg",0.945116996765137,0.376179849939411,0.403471711447353,0.376179849939411,0.342204972701417,0,0,0,0.00181286403711762,0.376179849939411,0.397230389285666,0,0,0,0.00293630202622123,0,0.00149215609834787,0,0,0,0,0,0.0583304367197147,0,0,0,0.00293630202622123,0,0,"GPAB6741","GPAB6741.JPG",2024-10-04 01:31:36.193,2024-10-04 13:31:36.193,7.16892506265,171.134435868,792425.186243648,514843.189071183,-1.73469294943001,31.2579132333984,-0.123967833333333,FALSE
"208","data/train\GPAB4624_jpg.rf.171cc1916947444aa4cda7c4944883bc.jpg",0.964981079101562,0.564526629321155,0.573704253509063,0.0192203916477667,0.553162621969838,0.537143548489312,0.539711132406289,0,0.00463490185760951,0.0243017880907891,0.0250526671570105,0,0,0,0,0.00360940461627391,0.00430555208815435,0.537143548489312,0,0,0,0.0086908010592964,0.0162360794510709,0,0,0,0,0,0.00430555208815435,"GPAB4624","GPAB4624.JPG",2024-10-04 00:20:57.959,2024-10-04 12:20:57.959,7.1708466954,171.13567124569,792637.658333311,514979.525734165,-1.8794506351653,31.7647899287109,-0.52110205,FALSE
"209","data/train\GPAB3023_jpg.rf.2d06d6161234dba9738fbea660799947.jpg",0.874204635620117,0.288201212544866,0.233867142415449,0.277641855650701,0.0361218920616143,0,0,0.225468243192638,0.167725450959531,0,0.00871192553430518,0.060030956957922,0.0467590254319475,0.00289117246597519,0.0106707404896653,0,0,0,0,0,0.151822562091553,0,0.00871192553430518,0.0105593568941645,0.0372107627279763,0,0,0,0,"GPAB3023","GPAB3023.JPG",2024-10-03 23:27:32.757,2024-10-04 11:27:32.757,7.18164363371,171.11931476459,793830.732354516,513173.28578061,-2.41211669273917,31.5300561513672,-0.661,FALSE
"210","data/train\GPAB6692_jpg.rf.6ad73c56d9ae12964e6c6e531ac3da38.jpg",0.92853832244873,0.135236968599428,0.0951244711679722,0.134136575492152,0.00416536239036877,0,0,0.0441549537854099,0.0402142789928618,0.0871173349362329,0.0318489868893826,0.00396467987778531,0.0188958428953589,0,0.00416536239036877,0,0,0,0,0,0.0402142789928618,0.00110039310727584,0.0318489868893826,0,0.0188958428953589,0,0,0,0,"GPAB6692","GPAB6692.JPG",2024-10-04 01:29:58,2024-10-04 13:29:58,7.169179128,171.135748624,792453.315216149,514988.123639383,-4.14236247075745,31.2930615234375,-0.138266666666667,FALSE
"211","data/train\GPAB6213_jpg.rf.a18255c26a2019ef53cab4aad446882f.jpg",0.939626693725586,0.043847688694373,0.09633432746393,0.0407731173771852,0.0398273170188373,0.0205185866573975,0.0205569947937771,0,0.01938362622738,0.0155562554371518,0.00506603318847064,0.00777956802369013,0.0115003562354649,0,0.0155015238428109,0,0.0243257931760264,0,0.0205569947937771,0,0.01938362622738,0.00307457131718783,0.00506603318847064,0,0.0115003562354649,0,0,0,0,"GPAB6213","GPAB6213.JPG",2024-10-04 01:13:59.137,2024-10-04 13:13:59.137,7.1698582679,171.1370606626,792528.435573469,515132.964815834,-5.5650124904177,31.4597853115234,-0.235057533333333,FALSE
"212","data/train\GPAB2915_jpg.rf.a6786972f25a53ecff6281be316a127d.jpg",0.805540084838867,0.532879285147766,0.56282226826931,0.173900519085963,0.314288018773897,0.103863282397743,0.0636384411673769,0,0.0198541258980302,0.329037703347077,0.445532461596665,0,0.00100341256291732,0,0.0283010352913161,0.100028229980239,0.00449279175300495,0.0946347674291322,0,0,0,0.221413304194361,0.246532225386626,0,0,0,0.0020020241087872,0.0430171127451639,0,"GPAB2915","GPAB2915.JPG",2024-10-03 23:23:56.541,2024-10-04 11:23:56.541,7.18186753841,171.119492745,793855.48960795,513192.929787907,-1.94379033855398,31.4280218623047,-0.66005765,FALSE
"213","data/train\GPAB3288_jpg.rf.7a58e4d38c7055a146449a1c5f7d18bb.jpg",0.390897750854492,0.653056423472749,0.0441203864626682,0.653056423472749,0.00560470730119468,0,0,0.653056423472749,0.0412512986751113,0,0,0,0,0,0.00286908778755691,0,0,0,0,0,0.0356465913739167,0,0,0,0,0,0.00286908778755691,0,0,"GPAB3288","GPAB3288.JPG",2024-10-03 23:36:23.287,2024-10-04 11:36:23.287,7.18261981584,171.11911451795,793938.641224611,513151.14890106,-6.04406070033628,32.3453523349609,-0.64083565,FALSE
"214","data/train\GPAB6694_jpg.rf.67e4d8af87f25847383602bf3d39837a.jpg",0.881205558776855,0.211801668065363,0.295380653437624,0.208457279590108,0.0264584049485043,0,0.0840149177201698,0.196914674404626,0.0517098342112793,0.00787846897486763,0.156068581568319,0.00701716651655486,0.00221230865546557,0,0.00137501128239006,0,0,0,0.0840149177201698,0,0.0266264405451651,0.00334438847525459,0.156068581568319,0,0.00221230865546557,0,0,0,0,"GPAB6694","GPAB6694.JPG",2024-10-04 01:30:02,2024-10-04 13:30:02,7.169165298,171.135689272,792451.784405103,514981.570973358,-4.44204075561094,31.2759013671875,-0.137733333333333,FALSE
"215","data/train\GPAB5179_jpg.rf.f9eed0cac19d9f9bceeb29baf5d810fb.jpg",0.905353546142578,0.559720811256657,0.567947834069169,0.391298252621835,0.14483996289774,0,0,0.342908801800573,0.0731502161417875,0.173638383555172,0.244248861678858,0.0254156240457979,0.0101234245462559,0,0.231550171588349,0.0178741864676613,0.00887516011391853,0,0,0,0.0616364170585897,0.125810651728462,0.214691880327929,0.0248539050512461,0.0101234245462559,0,0.136656149238655,0.0178741864676613,0,"GPAB5179","GPAB5179.JPG",2024-10-04 00:39:29,2024-10-04 12:39:29,7.170298348,171.136218668,792577.057720333,515039.984987883,-3.93102196424579,31.443212890625,-0.4331,FALSE
"216","data/train\GPAB3102_jpg.rf.a6765907f9771f066375b21716880e39.jpg",0.849756240844727,0.504112551202847,0.492866648870897,0.472122414412269,0.0960721919331391,0.00398388394597511,0.00460705595873429,0.258096915250527,0.286543901460085,0.196145551473624,0.150132604090851,0.0444439750116665,0.0383476435648128,0.00189832214056225,0.0132354437964138,0,0,0,0.00460705595873429,0.00250997171240755,0.245952262527294,0.014647903011774,0.136682074730711,0.0150569496642169,0.00279995314207361,0,0.00675311057894504,0,0,"GPAB3102","GPAB3102.JPG",2024-10-03 23:30:10.915,2024-10-04 11:30:10.915,7.18183899155,171.12094180095,793852.375787,513352.917914768,-3.06623453058771,31.9061724560547,-0.658818083333333,FALSE
"217","data/train\GPAB3163_jpg.rf.0e42e962764a40f2e739c5cd3e6b899f.jpg",0.96380615234375,0.963069616667595,0.99926544439174,0.963069616667595,0,0,0,0.963069616667595,0.99926544439174,0,0,0,0,0,0,0,0,0,0,0,0.99926544439174,0,0,0,0,0,0,0,0,"GPAB3163","GPAB3163.JPG",2024-10-03 23:32:13,2024-10-04 11:32:13,7.182394336,171.119895117,793913.737437267,513237.339618147,-2.93002925232368,32.215419921875,-0.655916666666667,FALSE
"218","data/train\GPAB3126_jpg.rf.76285c70c541f39744fa6fe1b09f9432.jpg",0.843963623046875,0.59851975042393,0.463063855447138,0.299493204640471,0.0123376536085404,0.326335690952771,0.293613879164162,0.2193431056435,0.156203970249058,0.0545654791511034,0.00600991313999957,0.00038792217743406,0,0,0.00723609289391864,0,0,0.297408603038468,0.281276225555622,0,0.156203970249058,0.00162082335521956,0.00600991313999957,0,0,0,0.00723609289391864,0,0,"GPAB3126","GPAB3126.JPG",2024-10-03 23:30:58.963,2024-10-04 11:30:58.963,7.18197508186,171.12079520858,793867.415980475,513336.728985232,-3.83148978256178,32.0264994716797,-0.658017283333333,FALSE
"219","data/train\GPAB6733_jpg.rf.56e37896c6d5df8d33caeaff2d89cdf2.jpg",0.896981239318848,0.0931829398739829,0.187913727644064,0.0735525413703639,0.103167134925863,0,0.0494015052148647,0,0,0.0845545520363034,0.129603455195949,0.00535409421131772,0.00260311144312811,0,0.00630565579012258,0.0032742936263618,0,0,0.0039848441493846,0,0,0.0202132419731796,0.0781586371256887,0,0.00260311144312811,0,0,0,0,"GPAB6733","GPAB6733.JPG",2024-10-04 01:31:20.177,2024-10-04 13:31:20.177,7.16895696415,171.13463376235,792428.719281516,514865.037775232,-2.12113903714088,31.2595005478516,-0.126637166666667,FALSE
"220","data/train\GPAB3155_jpg.rf.d0fa59781b378d4a698078e736ac7453.jpg",0.98289966583252,0.691337813002306,0.700130395623009,0.691337813002306,0.00176581407005259,0,0,0.691337813002306,0.698364581552956,0,0,0,0,0,0.00176581407005259,0,0,0,0,0,0.698364581552956,0,0,0,0,0,0,0,0,"GPAB3155","GPAB3155.JPG",2024-10-03 23:31:57,2024-10-04 11:31:57,7.182306964,171.120065409,793904.083591867,513256.14371724,-3.62214303482275,32.129619140625,-0.65705,FALSE
"221","data/train\GPAB5933_jpg.rf.4c244c05d951f1eeef907e6435a977a1.jpg",0.922117233276367,0.384251319799586,0.438462483892588,0.10354833567943,0.308012129289469,0,0,0,0.00165443047455172,0.382242574266933,0.391953111347108,0,0,0,0.0370350455040396,0.00200874553265363,0.00781989656688873,0,0,0,0,0.280784601409963,0.127269200707478,0,0,0,0.00099381052882242,0,0.00218734336681882,"GPAB5933","GPAB5933.JPG",2024-10-04 01:04:38.577,2024-10-04 13:04:38.577,7.16934218864,171.1335317404,792471.269400188,514743.34991421,-1.86812195611832,31.48611328125,-0.2952846,FALSE
"222","data/train\GPAB6997_jpg.rf.c826182a13a0d7947e84cecc52a9bd70.jpg",0.86984920501709,0.330607635921594,0.379638502620395,0.268160807185394,0.190939328587368,0,0,0,0.0530099496277291,0.296810396314355,0.296892013604162,0.020813369104111,0.0143771256502978,0.00677999627441077,0.0136953812295597,0.00639303430038619,0.00166403250864663,0,0,0,0,0.0457229659531075,0.181879809418827,0.0102712958713174,0.00681936461419987,0.00677999627441077,0,0,0,"GPAB6997","GPAB6997.JPG",2024-10-04 01:40:08.705,2024-10-04 13:40:08.705,7.1694092757,171.13802445385,792478.832424284,515239.392813557,-2.09987234790413,31.2287109375,-0.0576942500000001,FALSE
"223","data/train\GPAB3028_jpg.rf.6408fbaff7ee716237710768afc67aaf.jpg",0.83406925201416,0.302054067133582,0.212575592013412,0.297927112879592,0.0360662002638639,0,0.0360268319240748,0,0.0105622375043929,0.153292633511483,0.158562229822766,0,0.00484902721792584,0,0.00257526554425289,0.164997513073169,0,0,0.0170061625854821,0,0,0.00413463588126508,0.15465420194614,0,0.00484902721792584,0,0,0,0,"GPAB3028","GPAB3028.JPG",2024-10-03 23:27:42.767,2024-10-04 11:27:42.767,7.18156594928,171.11942598263,793822.147723248,513185.567379627,-1.65143383408943,31.5709144833984,-0.661,FALSE
"224","data/train\GPAB2951_jpg.rf.42d2aa39a63a8cd50185c4c34c3d023a.jpg",0.97346019744873,0.132668424479042,0.146077665092573,0.0500102741764815,0.103001019736021,0,0,0,0.0120063834322663,0.124455804717671,0.125695427319323,0,0,0.00834032681483245,0.00248212581353233,0,0.00589372852745125,0,0,0,0,0.0826581503025601,0.04059451954302,0,0,0,0.00248212581353233,0,0,"GPAB2951","GPAB2951.JPG",2024-10-03 23:25:08.613,2024-10-04 11:25:08.613,7.18167128111,171.1196227408,793833.797572725,513207.288019993,-1.81985826549336,31.443212890625,-0.66085645,FALSE
"225","data/train\GPAB6713_jpg.rf.d991c480a6e4da69850a6e3da6da04bd.jpg",0.768220901489258,0.315703358599486,0.304576521490313,0.26794188080803,0.0870923696475861,0.0346383777939519,0.0251419660740931,0.0757254816860404,0.120604428842206,0.189176395127544,0.122830180345404,0.016672972002389,0.0273830808318434,0,0.00861686539676565,0,0,0.00959723307785521,0,0,0.0970410371733148,0.0285161208550419,0.0942554870823835,0.0101330265803508,0.026187627587028,0,0,0,0,"GPAB6713","GPAB6713.JPG",2024-10-04 01:30:40.137,2024-10-04 13:30:40.137,7.16906143231,171.13516344986,792440.285173187,514923.517767007,-4.38616747690954,31.271611328125,-0.1326484,FALSE
"226","data/train\GPAB6685_jpg.rf.42cdbc2507e32fe09d31984fc16f69b6.jpg",0.887639045715332,0.207131238681602,0.310217716521068,0.0729706581042128,0.184183337398194,0.01045469472253,0.0103845998736372,0,0.0939971923652306,0.157634673329198,0.164362818619496,0.0084238645114581,0.00819341569318044,0,0,0.0306199265252351,0.0332796899695231,0,0.0103845998736372,0,0.0178789874847088,0.127218309926775,0.0691653719924029,0.00309857640242509,0,0,0,0.00405205838804892,0.0286054197721245,"GPAB6685","GPAB6685.JPG",2024-10-04 01:29:44,2024-10-04 13:29:44,7.169215276,171.135939388,792457.317524374,515009.184913822,-1.88697395801062,31.3531220703125,-0.140133333333333,FALSE
"227","data/train\GPAB6739_jpg.rf.4d32d55f2ea6573a4c99327645b6c1e2.jpg",0.910946846008301,0.201571660940654,0.289723134948908,0.0309195099889961,0.171659404328213,0,0.011345763486537,0,0,0.190172126063185,0.2626674834797,0,0,0,0.0133295437305439,0.0113995348774684,0.00238034425212637,0,0,0,0,0.170653111155067,0.104734186890151,0,0,0,0.0133295437305439,0,0,"GPAB6739","GPAB6739.JPG",2024-10-04 01:31:32.189,2024-10-04 13:31:32.189,7.16892010284,171.13447748313,792424.639294021,514847.784005169,-1.77938493829443,31.271611328125,-0.124635166666667,FALSE
"228","data/train\GPAB6742_jpg.rf.530e1cc831ea0cbdda9366292822c5e5.jpg",0.844517707824707,0.498931293605237,0.44248957699199,0.0241241504600334,0.35593108044008,0.141786516055561,0.0448338175959195,0,0,0.35434866522124,0.390462875655579,0.00280667456594004,0.00557110018186252,0,0.00162178355862906,0,0,0.131473931437636,0.0310414558220013,0,0,0.340537099379132,0.0526978835196448,0.00280667456594004,0.00281915721026342,0,0,0,0,"GPAB6742","GPAB6742.JPG",2024-10-04 01:31:38.195,2024-10-04 13:31:38.195,7.16892056225,171.13441745895,792424.688139969,514841.15665289,-1.77430873250059,31.2493245751953,-0.123634166666667,FALSE
"229","data/train\GPAB6720_jpg.rf.2fd4860f1fba2e49d2eaf75027641000.jpg",0.953826904296875,0.150845075020692,0.161119251502238,0.123341968762663,0.015090556783549,0,0,0.0963026407514168,0.0918232918461447,0.0546230913556728,0.0129973133508602,0,0.0495109684035466,0,0.00678767790168669,0,0,0,0,0,0.0860121408119096,0.0275463154114568,0.010505585503233,0,0.0495109684035466,0,0,0,0,"GPAB6720","GPAB6720.JPG",2024-10-04 01:30:54.151,2024-10-04 13:30:54.151,7.16902492275,171.13498138271,792436.243213544,514903.416719947,-6.14096805317979,31.2666734931641,-0.130779866666667,FALSE
"230","data/train\GPAB3098_jpg.rf.64f8658b6d719daf7a6ca2fc4cd9cecf.jpg",0.920756340026856,0,0.0797861819047747,0,0.0347804878985564,0,0,0,0,0,0,0,0.0477720400289597,0,0.0108743036124773,0,0.0211398382633377,0,0,0,0,0,0,0,0.0145883704003856,0,0.00927748534249495,0,0.0211398382633377,"GPAB3098","GPAB3098.JPG",2024-10-03 23:30:02.907,2024-10-04 11:30:02.907,7.18193308361,171.12095030236,793862.777689518,513353.853792935,-2.16873220307215,31.8714188496094,-0.65895155,FALSE
"231","data/train\GPAB3220_jpg.rf.c40e169919da8e837e5cb08ee3bd4133.jpg",0.931042671203613,0.0968806832039299,0.153451067074049,0.0715466764479387,0.0589075189688184,0,0,0,0.0480956285779579,0.0842645706066373,0.0854859493435089,0.0112132554160273,0.0184877564463256,0,0.00138173270625649,0.00140285718126527,0,0,0,0,0.0320775153008413,0.0246186552159209,0.0425965436518072,0,0.0184877564463256,0,0.00138173270625649,0.00140285718126527,0,"GPAB3220","GPAB3220.JPG",2024-10-03 23:34:07.151,2024-10-04 11:34:07.151,7.18280050351,171.11934450851,793958.622425817,513176.536442041,-1.6790050525192,32.472822265625,-0.649523266666667,FALSE
"232","data/train\GPAB3210_jpg.rf.5cd479b61a80836090325f6067951741.jpg",0.575586318969727,0.57086589223061,0.9975514813058,0.57086589223061,0,0,0,0.507210167401862,0.984288191610511,0.0629202090170782,0.013263289695289,0.00091603405265371,0,0,0,0,0,0,0,0,0.984288191610511,0,0.013263289695289,0,0,0,0,0,0,"GPAB3210","GPAB3210.JPG",2024-10-03 23:33:47.131,2024-10-04 11:33:47.131,7.18290881771,171.1191681215,793970.591236076,513157.058840635,-1.67044266136601,32.4476440263672,-0.650428966666667,FALSE
"233","data/train\GPAB4541_jpg.rf.e77dc1d8b513409bfb6fe75f8bc01f13.jpg",0.894219398498535,0.358679182598042,0.28741960696954,0.268766695536783,0.0305901602195409,0.136410337165825,0.141514778490675,0,0,0.0990613051468823,0.115314668259324,0.0902764041534559,0.0305901602195409,0.00485766904861125,0,0.0286601513664655,0,0,0.141514778490675,0,0,0,0.115314668259324,0.0902764041534559,0,0,0,0,0,"GPAB4541","GPAB4541.JPG",2024-10-04 00:18:11.793,2024-10-04 12:18:11.793,7.17138449661,171.1366600891,792697.143382749,515088.686897138,-1.88857463559684,31.786416015625,-0.53362415,FALSE
"234","data/train\GPAB3256_jpg.rf.7d206d4c2dfb923b428f093deabfd85f.jpg",0.449728965759277,0.902458696850341,0.376026217393893,0.902458696850341,0.166656744564769,0,0,0.902458696850341,0.37267894830841,0,0,0,0,0,0.00334726908548306,0,0,0,0,0,0.206022203743641,0,0,0,0,0,0.00334726908548306,0,0,"GPAB3256","GPAB3256.JPG",2024-10-03 23:35:19.223,2024-10-04 11:35:19.223,7.18242705814,171.11918836195,793917.334437169,513159.307394155,-2.63382075866539,32.51572265625,-0.644718466666667,FALSE
"235","data/train\GPAB6665_jpg.rf.1b65939da5c873cbe5254fc52cc442d4.jpg",0.95734691619873,0.191578824058088,0.21418105211408,0.175530944475278,0.0133919569521607,0,0.00869944288998181,0,0.00278555009093126,0.178098528392255,0.172691622993415,0.0134802956658338,0.0266274007485746,0,0.00337703539117726,0,0,0,0,0,0,0.0160478795828108,0.172691622993415,0,0.0247204367773269,0,0.00337703539117726,0,0,"GPAB6665","GPAB6665.JPG",2024-10-04 01:29:04,2024-10-04 13:29:04,7.169316994,171.136450482,792468.578949804,515065.612004333,-1.69738601597055,31.237291015625,-0.145466666666667,FALSE
"236","data/train\GPAB2942_jpg.rf.fa5fdb4faaa02afcbd2ae3923f5deedc.jpg",0.818820953369141,0.260858460256221,0.23373463434494,0.20080541861988,0.0615634415994684,0.0158049481202098,0.00985264718477962,0.025453071978768,0.0374287289019306,0.183775250949161,0.159894031951729,0.034476103417748,0.0137885209602802,0.00140477758808425,0.0127707053462205,0,0,0.0158049481202098,0,0.0013999765710368,0.0116971979344104,0.0285430065505077,0.15084891583433,0.0143646430059744,0.00122329914369059,0,0.00840177983303983,0,0,"GPAB2942","GPAB2942.JPG",2024-10-03 23:24:50.595,2024-10-04 11:24:50.595,7.1818141789,171.11941556735,793849.588619591,513184.410299173,-1.74651484744374,31.4535304345703,-0.66084325,FALSE
"237","data/train\GPAB2908_jpg.rf.88dda92c5d3e1444f5a1b36c77499932.jpg",0.896612167358398,0.478896649466223,0.4424703729238,0.394326734175368,0.00498057508502601,0.0431870687486437,0.0414193342717721,0,0,0.421343017304786,0.368265853438392,0,0.00242931462601037,0.0145998928412995,0.0248366213898752,0,0.00551924919775005,0,0.0414193342717721,0,0,0.0877510691864965,0.368265853438392,0,0.00242931462601037,0.00068558523437605,0.02367861607803,0,0.0016966794245693,"GPAB2908","GPAB2908.JPG",2024-10-03 23:23:42.527,2024-10-04 11:23:42.527,7.18176264308,171.11965013168,793843.898211427,513210.309555306,-1.8990354666292,31.4003125,-0.660291216666667,FALSE
"238","data/train\GPAB3258_jpg.rf.c7ef61abe1c7481746e6bde8d974d808.jpg",0.440794944763184,0.858168354384193,0.404430954653434,0.858168354384193,0.0700977295030179,0,0,0.858168354384193,0.399280423564928,0,0.00515053108850578,0,0,0,0,0,0,0,0,0,0.32918269406191,0,0.00515053108850578,0,0,0,0,0,0,"GPAB3258","GPAB3258.JPG",2024-10-03 23:35:23.227,2024-10-04 11:35:23.227,7.18243231212,171.11917461084,793917.914857364,513157.789013184,-1.96686060578137,32.5147488173828,-0.644451533333333,FALSE
"239","data/train\GPAB6663_jpg.rf.86f74cdd128bbd44c7c2229648721c5d.jpg",0.973837852478027,0.191592266905821,0.199453452219318,0.130592464707724,0.00971533809722251,0,0,0,0,0.171647881887299,0.178820601356191,0.00175045081550075,0.0057804245251314,0.00968461158811882,0.00971533809722251,0.00850932261490274,0.00513708824077292,0,0,0,0,0.0492565145000317,0.178820601356191,0,0.0057804245251314,0.00968461158811882,0,0.0043305173768011,0.00513708824077292,"GPAB6663","GPAB6663.JPG",2024-10-04 01:29:00,2024-10-04 13:29:00,7.169326641,171.136505063,792469.647194395,515071.63803228,-1.84877293412344,31.2415810546875,-0.146,FALSE
"240","data/train\GPAB2941_jpg.rf.18f7f408bdbb3d1b44d43910c2e6eba4.jpg",0.794922828674316,0.412953720116069,0.278537725431755,0.327828807254529,0.10518836310284,0.0827896981696603,0.0797564155990805,0.327828807254529,0.178507575044697,0,0.00472035996105415,0.00233521469188032,0.0112939125024245,0,0.00425946232449882,0,0,0.0827896981696603,0.00705557465293447,0,0.154968188461044,0,0.00256854412038646,0.00233521469188032,0.00875705509455123,0,0,0,0,"GPAB2941","GPAB2941.JPG",2024-10-03 23:24:48.593,2024-10-04 11:24:48.593,7.18182882747,171.11939410202,793851.207366818,513182.039934055,-3.13616856788547,31.4621190927734,-0.660809883333333,FALSE
"241","data/train\GPAB3090_jpg.rf.125d5f6ed38bdc5cbae2b664e2362386.jpg",0.873956680297852,0.600763745791909,0.578177841193878,0.441256675814204,0.0213232371145503,0.143771256502978,0.14414285522245,0.368005638314421,0.375469299416388,0.0781451942779558,0.0585656865550398,0.0116443867468885,0,0.00060780875820733,0,0,0,0.143771256502978,0.14414285522245,0,0.355452899142154,0.00463298145079053,0.0572588497147236,0.0116443867468885,0,0,0,0,0,"GPAB3090","GPAB3090.JPG",2024-10-03 23:29:46.891,2024-10-04 11:29:46.891,7.18198188811,171.12081489287,793868.168968207,513338.902088487,-1.71336024430915,31.786416015625,-0.65965545,FALSE
"242","data/train\GPAB3120_jpg.rf.5603d780549b726b1d30303f98c1122b.jpg",0.646603584289551,0.538499355703512,0.352681752102365,0.504627220230334,0.0249835325115272,0.216504744365046,0.032255152931597,0.00763073649521914,0.0636970135753558,0.311511110513651,0.239951951421389,0.00327525382977129,0.00984112474386574,0,0.00693650943015768,0,0,0,0.032255152931597,0,0.0538837347303653,0.0341237087664651,0.22972098409327,0,0.00984112474386574,0,0.00199722309173975,0,0,"GPAB3120","GPAB3120.JPG",2024-10-03 23:30:46.951,2024-10-04 11:30:46.951,7.18189866934,171.12092381255,793858.972501534,513350.930111538,-1.79306616138789,32.00091796875,-0.658217483333333,FALSE
"243","data/train\GPAB2986_jpg.rf.9b8fb396a045dfc7a3e3f8303d4eb2b7.jpg",0.905796051025391,0.224968937419703,0.196095620896331,0.192730107946067,0.0266552466474498,0.0110490606330045,0.00991794101662496,0.0138691780466774,0.0214624666089264,0.173518358128986,0.135410765416546,0.0224562771377489,0.0129579450110711,0.0041922480858345,0.0126862074461854,0,0.00366029539697689,0.00196745678604555,0.00789383222941948,0,0.00894237435258285,0.0133775539010184,0.134036714337565,0.0181804913552887,0.0113726491820027,0,0.00719480414731056,0,0,"GPAB2986","GPAB2986.JPG",2024-10-03 23:26:18.683,2024-10-04 11:26:18.683,7.18158056869,171.11959776963,793823.768810189,513204.533620086,-1.98714257922453,31.48611328125,-0.660311383333333,FALSE
"244","data/train\GPAB6581_jpg.rf.0e33f8c4bc7b403d776dbb15f4bb9251.jpg",0.971421241760254,0.348457817304018,0.367676288544965,0.118563996597039,0.238789145092496,0,0,0,0,0.316017345114389,0.332325439821172,0,0,0.0013020358232688,0,0.0311384363663599,0.0353508487237936,0,0,0,0,0.230784889470986,0.0960222613558456,0,0,0,0,0,0.0328648820966233,"GPAB6581","GPAB6581.JPG",2024-10-04 01:26:15.873,2024-10-04 13:26:15.873,7.16980528795,171.13823361642,792522.617596622,515262.473485389,-1.87722988542556,31.2839366103516,-0.1654127,FALSE
"245","data/train\GPAB3271_jpg.rf.21bf1e78667a608bb741f6939825a79c.jpg",0.89040470123291,0.888509821920676,0.998048866671916,0.800308417335128,0,0,0,0.888509821920676,0.998048866671916,0,0,0,0,0,0,0,0,0,0,0.0919567601200638,0.998048866671916,0,0,0,0,0,0,0,0,"GPAB3271","GPAB3271.JPG",2024-10-03 23:35:49.253,2024-10-04 11:35:49.253,7.18248128254,171.11910119792,793923.326314088,513149.682246649,-1.7804063317461,32.429921875,-0.642716466666667,FALSE
"246","data/train\GPAB6664_jpg.rf.c6ef7a66d43f9061b3dfc2c5107657e0.jpg",0.846146583557129,0.312580777111823,0.330416555443105,0.173318635819812,0.0346911889814738,0,0,0,0,0.237088624854289,0.244443782970985,0.0752972309654077,0.0268021577691018,0,0.0138019638080131,0.00023524983532511,0.0453686508950056,0,0,0,0,0.0824142586365496,0.219165468012744,0.0576899810455847,0.0268021577691018,0,0.00438908978478,0,0.0453686508950056,"GPAB6664","GPAB6664.JPG",2024-10-04 01:29:02,2024-10-04 13:29:02,7.169321373,171.136478481,792469.063956835,515068.703259169,-2.03809107328962,31.2330009765625,-0.145733333333333,FALSE
"247","data/train\GPAB3153_jpg.rf.861109ea12d8895926392ecc8c013b29.jpg",0.739919662475586,0.592675952473772,0.400013058766369,0.471128603883447,0.0491172850056556,0.00329253749114212,0,0.0985341534750722,0.0245024706033726,0.425907824313503,0.321694067671295,0.0170781778411939,0.0515744455305412,0.0485910935372549,0.00224207496115977,0,0,0,0,0,0,0.109983618929834,0.297079253269013,0.015290279092723,0.0515744455305412,0,0.00224207496115977,0,0,"GPAB3153","GPAB3153.JPG",2024-10-03 23:31:53,2024-10-04 11:31:53,7.182285358,171.120110085,793901.696392241,513261.07692398,-2.48557480475799,32.129619140625,-0.657116666666667,FALSE
"248","data/train\GPAB6736_jpg.rf.5f196747695b52b1c60eac92e55965fc.jpg",0.883896827697754,0.396979776195789,0.378448810596037,0.141472529540658,0.234076466758718,0.00071535154007024,0.0159393765975384,0,0,0.381696218526933,0.290467292591263,0.00635750677423505,0.00135484701079076,0.0010350992754305,0.00802730050333862,0.00721976943595731,0.0626599938931063,0.00071535154007024,0.0159393765975384,0,0,0.252285764216292,0.120854081728673,0.00259254920562371,0.00135484701079076,0,0,0,0.0062240385003159,"GPAB6736","GPAB6736.JPG",2024-10-04 01:31:26.183,2024-10-04 13:31:26.183,7.16894337818,171.13455720402,792427.214906647,514856.585324471,-1.81848260483143,31.271611328125,-0.125636166666667,FALSE
"249","data/train\GPAB4096_jpg.rf.8edbf446cf34a5eff495750e9f13b50a.jpg",0.907529830932617,0.358032965703455,0.332374410195056,0.232857968632075,0.157900649673627,0.227106350209228,0.225308849426663,0.0114052960979254,0.0413530802365173,0.10989624041957,0.0532759259721579,0.00470115589286434,0.00624324256850571,0.00541074621247765,0.00271929605567643,0,0.00347401593553578,0.0843048991498359,0.139084503661256,0.0114052960979254,0.00281531639662546,0.0282578261378891,0.0246196154193304,0.00156225094724066,0.00624324256850571,0.00183974973258335,0,0,0.00171108247571165,"GPAB4096","GPAB4096.JPG",2024-10-04 00:03:20.903,2024-10-04 12:03:20.903,7.17579289564,171.12695962765,793184.173815123,514017.519025038,-3.30558896748052,31.185810546875,-0.59795485,FALSE
"250","data/train\GPAB6669_jpg.rf.d5ef3890575d20c081d625d5d84fbdb6.jpg",0.887760162353516,0.166418614119215,0.156449782321887,0.11688556103725,0.0302224023137061,0,0,0,0.0117730540037601,0.119613498923612,0.0894679128826651,0.0424841998528968,0.0424544335472026,0,0.0127543818882592,0.00432091534270619,0,0,0,0,0.00968269118129984,0.0454060988279757,0.068066899291946,0,0.0391033236480816,0,0.00937446588685347,0.00432091534270619,0,"GPAB6669","GPAB6669.JPG",2024-10-04 01:29:12,2024-10-04 13:29:12,7.169295013,171.136342698,792466.145466454,515053.712182348,-1.89268673976287,31.305931640625,-0.1444,FALSE
"251","data/train\GPAB6662_jpg.rf.2108d9d531e28867ea4da578a80bbdb8.jpg",0.978431701660156,0.117598031967092,0.124115892710712,0.0545722005749698,0.0135071813612996,0.00675119017212606,0.00617314771961292,0,0.00850452159785528,0.0963045611582358,0.0965474926208368,0,0,0.00097172585040414,0.00101109419019325,0.0135705547863259,0.0118796365822136,0.00087570550945512,0.00617314771961292,0,0,0.0622288625622452,0.0925559270475858,0,0,0,0,0,0.0118796365822136,"GPAB6662","GPAB6662.JPG",2024-10-04 01:28:58,2024-10-04 13:28:58,7.169332731,171.13653283,792470.321341197,515074.703615387,-1.71304867489065,31.2501611328125,-0.146333333333333,FALSE
"252","data/train\GPAB6700_jpg.rf.f7961569fdb6334ea3abacfaa8f67f96.jpg",0.964251518249512,0.0124682412722311,0.0235249835325115,0.0124682412722311,0.0235249835325115,0,0,0,0.0235249835325115,0,0,0.0124682412722311,0,0,0,0,0,0,0,0,0,0,0,0,0,0,0,0,0,"GPAB6700","GPAB6700.JPG",2024-10-04 01:30:14.111,2024-10-04 13:30:14.111,7.16913041981,171.1355234025,792447.923294233,514963.258281899,-5.20908849352362,31.31451171875,-0.136118533333333,FALSE
"253","data/train\GPAB3093_jpg.rf.58bff31c4e825166db93db59fa417a42.jpg",0.546662330627441,0.742121050923428,0.360602470027251,0.165498739252923,0.0745271478309965,0.608754558565687,0.134588831298022,0,0.0257708993073093,0.165376793419918,0.160225302128003,0,0.0263748672518786,0.00192520783602798,0.0136425700420377,0,0,0.608754558565687,0.0927441269158458,0,0.0157905450690674,0.00180326200302272,0.15904425193433,0,0.018496398277011,0,0,0,0,"GPAB3093","GPAB3093.JPG",2024-10-03 23:29:52.897,2024-10-04 11:29:52.897,7.18196284038,171.1209099686,793866.066055038,513349.399757903,-1.68141620403208,31.786416015625,-0.65935515,FALSE
"254","data/train\GPAB3709_jpg.rf.a45e2057dad709053cf0cfe214794ee1.jpg",0.854300498962402,0.501436464300597,0.602982775871241,0.438600753183554,0.166414773305577,0,0,0,0.0120150252629517,0.499877093963585,0.588419370759502,0,0,0.00156033054042168,0,0,0.00254837984878716,0,0,0,0,0.0628510743715949,0.434019622716876,0,0,0,0,0,0.00254837984878716,"GPAB3709","GPAB3709.JPG",2024-10-03 23:50:26.129,2024-10-04 11:50:26.129,7.18187639078,171.11954049555,793856.469591348,513198.201572762,-1.77834001082528,31.786416015625,-0.620564516666667,FALSE
"255","data/train\GPAB6286_jpg.rf.b9de6c3dd697e300894bf557002032ac.jpg",0.910833358764648,0.165916427736052,0.187442267770004,0.117586509526178,0.074580919221928,0.00665324942435805,0.00618947117757425,0.0350877529895933,0.135246570633523,0.111992364462488,0.0417429228207703,0,0.00133564294260096,0.0122224291994016,0.00292766019553582,0,0,0.00665324942435805,0,0,0.0876127998955299,0.0417429228207703,0.0239129057099456,0,0.00133564294260096,0,0,0,0,"GPAB6286","GPAB6286.JPG",2024-10-04 01:16:25.283,2024-10-04 13:16:25.283,7.16946588513,171.13513194522,792484.995452033,514920.026144671,-5.38470159497107,31.4334187314453,-0.222314466666667,FALSE
"256","data/train\GPAB3257_jpg.rf.3ee28745ceb92561a0b0b7379c7e81aa.jpg",0.567764282226562,0.93086631472011,0.506116495718453,0.93086631472011,0.0623536890054789,0,0.0115589286434438,0.93086631472011,0.474897402265696,0,0,0,0,0,0.0196601648093132,0,0,0,0.0115589286434438,0,0.419908473411007,0,0,0,0,0,0.0122954046585229,0,0,"GPAB3257","GPAB3257.JPG",2024-10-03 23:35:21.225,2024-10-04 11:35:21.225,7.182429365,171.1191813925,793917.589254952,513158.537846128,-2.25640088532748,32.51572265625,-0.644585,FALSE
"257","data/train\GPAB6699_jpg.rf.eeb4568c8aa8184f237f80378ad2a69c.jpg",0.950176239013672,0.0556581906311033,0.0760202641327539,0.0556581906311033,0.0244851869420018,0,0,0.0160824469055525,0.0303107410273792,0.0192079090034433,0.0210553403633026,0.0203678347221075,0,0,0.0176629417175735,0,0.00699124102449863,0,0,0,0.0244717440942689,0,0.0180710281666068,0,0,0,0.00899230492987634,0,0,"GPAB6699","GPAB6699.JPG",2024-10-04 01:30:12.109,2024-10-04 13:30:12.109,7.16913688159,171.13555126348,792448.638536885,514966.33423194,-5.10901104483903,31.3106892939453,-0.136385466666667,FALSE
"258","data/train\GPAB3278_jpg.rf.67e2d52633a3ffb9fbefaa6b690632d9.jpg",0.804049491882324,0.738293680133199,0.934266394993115,0.738293680133199,0.909650620387423,0,0.00621155585599253,0.738293680133199,0.928054839137123,0,0,0,0,0.00152576321768003,0,0,0,0,0.00621155585599253,0,0.0184042187496999,0,0,0,0,0,0,0,0,"GPAB3278","GPAB3278.JPG",2024-10-03 23:36:03.267,2024-10-04 11:36:03.267,7.18249938968,171.11906971146,793925.327112143,513146.205375904,-4.2638089550965,32.387021484375,-0.64183665,FALSE
"259","data/train\GPAB6668_jpg.rf.8a52d79d063cb9a4eb650e20d0cde86a.jpg",0.928554534912109,0.0905414202944752,0.156058019330815,0.0240252495088559,0.0821751679875865,0,0,0,0.00797833012945462,0.0877222630842118,0.130375458737179,0,0.0150550292573979,0,0,0.00281915721026342,0.00264920120678364,0,0,0,0,0.066543056481085,0.056178620879047,0,0.0150550292573979,0,0,0,0.00264920120678364,"GPAB6668","GPAB6668.JPG",2024-10-04 01:29:10,2024-10-04 13:29:10,7.169299547,171.136370858,792466.647612923,515056.821208521,-2.01738464553901,31.288771484375,-0.144666666666667,FALSE
"260","data/train\GPAB6677_jpg.rf.460b45c3c5f61adb8b6a2efef9d2635a.jpg",0.931963920593262,0.472356704044185,0.465647762822076,0.350319651715019,0.0828434695605917,0.035760855579646,0.0282069353571861,0.0110778667352892,0.0111892503307901,0.415505940778495,0.389410492718778,0,0.00447742849845311,0,0.00799081277377799,0.0100715735621434,0.0243728431430914,0.035760855579646,0.0207557568995416,0.0110221749375388,0,0.0759165621645289,0.32520745194662,0,0.00447742849845311,0,0.00799081277377799,0,0.0243728431430914,"GPAB6677","GPAB6677.JPG",2024-10-04 01:29:28,2024-10-04 13:29:28,7.169248465,171.136124449,792460.992544248,515029.616607833,-1.96829827525842,31.31451171875,-0.142266666666667,FALSE
"261","data/train\GPAB3104_jpg.rf.e80e02c3e101d1c16303a7ca427c6a49.jpg",0.869845390319824,0.462487733401444,0.414073317291535,0.460880352893957,0.0547546392227729,0,0,0.373798545483875,0.361822888560713,0.0508581337870615,0.0151481689881184,0.0380115723714912,0.0110413790057286,0,0.0260608807369753,0,0,0,0,0,0.332239981717727,0.00017475702052722,0,0.00147103162333908,0.00490183840544781,0,0.0221768579455872,0,0,"GPAB3104","GPAB3104.JPG",2024-10-03 23:30:14.919,2024-10-04 11:30:14.919,7.181783056,171.12095404865,793846.192601057,513354.27179027,-5.67789105362738,31.9151171875,-0.65875135,FALSE
"262","data/train\GPAB3267_jpg.rf.e3a20dea0057ae4369291cfe9aaf4c33.jpg",0.977981567382812,0.976087094290054,0.997109787737434,0.976087094290054,0,0,0,0.976087094290054,0.993680901362145,0,0,0,0,0,0.00342888637528974,0,0,0,0,0,0.993680901362145,0,0,0,0,0,0.00342888637528974,0,0,"GPAB3267","GPAB3267.JPG",2024-10-03 23:35:41.245,2024-10-04 11:35:41.245,7.18246539835,171.11912089695,793921.570919812,513151.857629583,-1.65556524465749,32.4374508935547,-0.643250333333333,FALSE
"263","data/train\GPAB3276_jpg.rf.a8a21ae6b31115095960af1c82759954.jpg",0.71336555480957,0.86018958256117,0.590070920623825,0.86018958256117,0.0107110690328639,0,0,0.86018958256117,0.590070920623825,0,0,0,0,0,0,0,0,0,0,0,0.579359851590961,0,0,0,0,0,0,0,0,"GPAB3276","GPAB3276.JPG",2024-10-03 23:35:59.263,2024-10-04 11:35:59.263,7.18249511641,171.11907922421,793924.854985174,513147.255780375,-3.39942148656453,32.4030533603516,-0.642049133333333,FALSE
"264","data/train\GPAB2752_jpg.rf.8037cefac4b3ec365fb847f303ee6663.jpg",0.758063316345215,0.21248533289292,0.133133162929235,0.19451512608431,0.0158145501543047,0.00357771790376073,0.0264689671860087,0.197485035229863,0.0501475832640386,0.00341736393437585,0.0455904578825978,0.00334054766161663,0.00853524810695897,0,0.00239090648963076,0.00473092219855854,0,0.00357771790376073,0.0264689671860087,0.00972782074154588,0.0386385851978883,0,0.0455904578825978,0,0.00662060250843538,0,0,0.00473092219855854,0,"GPAB2752","GPAB2752.JPG",2024-10-03 23:18:30.215,2024-10-04 11:18:30.215,NA,NA,NA,NA,NA,29.9058559423828,-0.665992833333333,FALSE
"265","data/train\GPAB3097_jpg.rf.1d99e8ef816fb9dcb878d24c738e0e5f.jpg",0.286249160766602,0.595198406830503,0.526238518367731,0.595198406830503,0.0979839569214342,0,0,0,0.316319809188378,0.595198406830503,0,0,0.116006974917567,0,0.0327083689408764,0,0.0612033653209096,0,0,0,0.306375942679697,0,0,0,0.0510760999610157,0,0.0142282941218268,0,0.056574224683757,"GPAB3097","GPAB3097.JPG",2024-10-03 23:30:00.905,2024-10-04 11:30:00.905,7.1819479649,171.1209451833,793864.422631797,513353.28817394,-1.84669380431856,31.8542415332031,-0.658984916666667,FALSE
"266","data/train\GPAB6112_jpg.rf.275e9e45ae9d2003a909da0c5f0de468.jpg",0.843755722045898,0.428377467482711,0.371915586597865,0.348298423538042,0.021107191347415,0.258796903536045,0.0362688031832663,0,0.123198898454649,0.148526183786773,0.0566625633974301,0.0104201273997884,0.140422067010676,0.00762881608840016,0.0153632545518443,0.00324644772748659,0,0.00782373738052669,0.0362688031832663,0,0.106632509030713,0.0653485634396791,0.0566625633974301,0.00105814415725827,0.135881265087196,0.0049911373225304,0.0153632545518443,0.00324644772748659,0,"GPAB6112","GPAB6112.JPG",2024-10-04 01:10:36.935,2024-10-04 13:10:36.935,7.17030352545,171.1378388206,792577.683474848,515218.867172756,-3.60522010316978,31.443212890625,-0.252690916666667,FALSE
"267","data/train\GPAB3080_jpg.rf.78f928f2c19bd787656114709b49bc5b.jpg",0.289514541625977,0.298734643946974,0.890594423522679,0.298734643946974,0.651871532465437,0,0,0.272271437981422,0.874897978387742,0.0152336270915631,0.0156964451349374,0.00925924147771463,0,0.00197129759968351,0,0,0,0,0,0,0.223026445922304,0,0.0156964451349374,0,0,0,0,0,0,"GPAB3080","GPAB3080.JPG",2024-10-03 23:29:26.871,2024-10-04 11:29:26.871,7.18209165935,171.12050913623,793880.295031101,513305.140942182,-4.70833534340375,31.7172219755859,-0.66065645,FALSE
"268","data/train\GPAB3189_jpg.rf.cb7c692b5418f563afa01bc4fa3ee9b5.jpg",0.873871803283691,0.178418276127615,0.241164688327575,0.167259752305928,0.00856981542970062,0,0.00587260405244247,0.0319171613314565,0.0218897571261496,0.12888426284224,0.194405662895628,0.0178463405687861,0.0154467922484699,0,0.00354987200488551,0,0,0,0.00587260405244247,0,0.0218897571261496,0.00206443733040407,0.189385719470813,0.00909408649128231,0.0154467922484699,0,0,0,0,"GPAB3189","GPAB3189.JPG",2024-10-03 23:33:05,2024-10-04 11:33:05,7.182701076,171.119353707,793947.631214345,513177.554889204,-2.66484375,32.301220703125,-0.651833333333333,FALSE
"269","data/train\GPAB3732_jpg.rf.17cb4bb5e9fdf6d4fc4f7156adfc86f8.jpg",0.669622421264648,0.473503186915116,0.171688210430498,0.459416042694484,0.0540767356156728,0,0,0.442442527024925,0.151891696737037,0,0.00688945946309266,0.0171338696389443,0.00636806901173944,0.0140929054410886,0.00653898521862871,0,0,0,0,0,0.108433850626917,0,0.00688945946309266,0.0141639604933909,0.0022881647248153,0,0,0,0,"GPAB3732","GPAB3732.JPG",2024-10-03 23:51:12.175,2024-10-04 11:51:12.175,7.1819663555,171.119545339,793866.415117484,513198.733733863,-13.7101556105392,31.7470549072266,-0.619797083333333,FALSE
"270","data/train\GPAB3118_jpg.rf.dcc5421f468a6a26074826d75b8ef1f7.jpg",0.731106758117676,0.612089345006846,0.439134626279231,0.607344019757145,0.0179212364347263,0.266449724709682,0.0671441438154259,0.0248836713569403,0.0214864716941637,0.314663458307008,0.281965651603636,0.00240819015100158,0.00116472673571169,0.00535793502495568,0.067373632430294,0,0,0.00474532524970089,0.0671441438154259,0,0.00618947117757425,0,0.281965651603636,0,0.00116472673571169,0,0.0647493965121571,0,0,"GPAB3118","GPAB3118.JPG",2024-10-03 23:30:42.947,2024-10-04 11:30:42.947,7.18187172548,171.12096148066,793855.995019015,513355.089756257,-1.84078552692227,32.0006905966797,-0.658284216666667,FALSE
"271","data/train\GPAB3027_jpg.rf.747b37a57bb87ebb8bad757bc73c82cb.jpg",0.943354606628418,0.181537016801639,0.189306022587825,0.132531115391485,0.00230160757254816,0.0136963414329692,0.0153171647881887,0,0.0151270445131096,0.13487593211746,0.131342383570536,0,0.00363052909128269,0.0209084292416505,0.00386577892660781,0.0120995231629868,0.0200231216981005,0.0136963414329692,0.0153171647881887,0,0.0128254369405615,0.023277251052863,0.131342383570536,0,0.00363052909128269,0,0.00386577892660781,0.0120995231629868,0.0200231216981005,"GPAB3027","GPAB3027.JPG",2024-10-03 23:27:40.765,2024-10-04 11:27:40.765,7.18158138635,171.1194030899,793823.853596172,513183.039394094,-1.65115413613884,31.5623258251953,-0.661,FALSE
"272","data/train\GPAB6666_jpg.rf.3b9f9efbe0ccad9eaf54a918d77f1058.jpg",0.926388740539551,0.184828594089372,0.177389898276051,0.110474282872084,0.102562206777884,0.00706517668702938,0,0,0.0417592462787317,0.138072449267653,0.134421755904771,0,0,0.0396909681346896,0.00120889609254824,0,0,0,0,0,0,0.0743610326411547,0.074827691498167,0,0,0,0,0,0,"GPAB6666","GPAB6666.JPG",2024-10-04 01:29:06,2024-10-04 13:29:06,7.169308918,171.136425875,792467.685359618,515062.895385147,-1.74517524945858,31.254451171875,-0.1452,FALSE
"273","data/train\GPAB3159_jpg.rf.ed9a35831ae623a1f7ac0a397fdfcda7.jpg",0.97606372833252,0.345670346806267,0.338627254797656,0.344080249960152,0.00109751249704737,0,0,0.334393717965214,0.327172028122437,0.0099035379654826,0.00102837785156407,0.00141630002899814,0,0,0.0104268488236548,0,0,0,0,0,0.327172028122437,0.00162370396544804,0.00102837785156407,0,0,0,0.00932933632660743,0,0,"GPAB3159","GPAB3159.JPG",2024-10-03 23:32:05,2024-10-04 11:32:05,7.182346786,171.119978339,793908.483302028,513246.529353952,-3.2424889104996,32.146779296875,-0.656583333333333,FALSE
"274","data/train\GPAB3143_jpg.rf.dda8da8226fa5b640de9bb0a181d693d.jpg",0.83115291595459,0.63922661376586,0.51173560607079,0.621483975165299,0.0107177904567303,0.0883223902151432,0.0890732692813646,0.254628660535448,0.237374765470317,0.285018138242405,0.152181678166703,0.0117663325798937,0.00309569579219661,0.0037880024504391,0.0300101973602088,0.00056075879114231,0,0,0.0890732692813646,0,0.234265626830388,0.0069048227176445,0.146696036088285,0.00757216408724024,0.00097268605381363,0.0037880024504391,0.0300101973602088,0,0,"GPAB3143","GPAB3143.JPG",2024-10-03 23:31:32.997,2024-10-04 11:31:32.997,7.18217181787,171.12036375139,793889.152147534,513289.086980684,-3.04383404685849,32.0438312294922,-0.65745005,FALSE
"275","data/train\GPAB3127_jpg.rf.a33eb97ca070a71c354688a5df3fe396.jpg",0.93231201171875,0.429144670006894,0.378088734317478,0.424471360012905,0.00751551208608031,0.132312189014121,0.129735963266458,0.237538000049931,0.200030534468422,0.0557426885311384,0.0448568624777473,0.00160546010066772,0,0.00272601747954286,0.00346537410485037,0,0,0,0.129735963266458,0,0.193548201250953,0.00333862725479765,0.0438236836091358,0.0013414041630579,0,0,0.00346537410485037,0,0,"GPAB3127","GPAB3127.JPG",2024-10-03 23:31:00.965,2024-10-04 11:31:00.965,7.18198795975,171.1207688769,793868.83883457,513333.821383947,-3.62113131043436,32.0350881298828,-0.657983916666667,FALSE
"276","data/train\GPAB6245_jpg.rf.47051ee1d535ca875a821dca928db358.jpg",0.949187278747559,0.101657695166144,0.109417098918235,0.0728343092200652,0.0179730874188388,0,0,0,0.0189889826260795,0.0947192653291673,0.0550868696024566,0,0.00335879152639695,0.00697875838017525,0.0319824551633018,0,0,0,0,0,0.00736283974397136,0.0288742767267818,0.0510357714178171,0,0.00335879152639695,0,0.0296866088112106,0,0,"GPAB6245","GPAB6245.JPG",2024-10-04 01:15:03.201,2024-10-04 13:15:03.201,7.16968251421,171.13619248458,792508.977888308,515037.114253337,-4.64270841115973,31.3994502021484,-0.2277866,FALSE
"277","data/train\GPAB3065_jpg.rf.623b37a3e1def7e946fbe7642cf75b09.jpg",0.915657043457031,0.297251129679311,0.345708754942647,0.297251129679311,0.00328677627068518,0,0,0.295006174107923,0.300000192040682,0.00205579549971866,0.0139258300478373,0.00018916007166958,0.00270105219089611,0,0.0290816806632317,0,0,0,0,0,0.296713415769997,0,0.0139258300478373,0,0.00270105219089611,0,0.0290816806632317,0,0,"GPAB3065","GPAB3065.JPG",2024-10-03 23:28:56.841,2024-10-04 11:28:56.841,7.18213473222,171.12010157259,793885.044822271,513260.141451002,-3.79611134561985,31.5454917119141,-0.66194735,FALSE
"278","data/train\GPAB3070_jpg.rf.94ac6f05bf5c9af60cc3fa812fa92778.jpg",0.90593433380127,0.277976006437204,0.225281003527787,0.202962035477596,0.0350743101418605,0.0410083672125103,0.0345750043689255,0.0146373407742696,0.0207999262563782,0.198430835588211,0.1669736116899,0.00961835755286399,0,0.0137213067216159,0.00293246121258327,0.00100053195268885,0,0.0210390169053412,0.0189476938794714,0,0.0142657420547969,0.0514188925782038,0.156993257451659,0.0019031231576097,0,0.00088818815377849,0,0,0,"GPAB3070","GPAB3070.JPG",2024-10-03 23:29:06.851,2024-10-04 11:29:06.851,7.18221415116,171.12023974668,793893.828398573,513275.394656286,-3.06472238514663,31.5884350029297,-0.66165745,FALSE
"279","data/train\GPAB3122_jpg.rf.dfef5ccb273d37124bbe24778f8a3383.jpg",0.393032073974609,0.737408372589649,0.128447370290922,0.10204273673335,0.0164098762681886,0,0,0,0,0.737408372589649,0.125573481486318,0,0.00188775990305786,0,0.0009861289015465,0,0,0,0,0,0,0.635569198979112,0.111051365121187,0,0,0,0.0009861289015465,0,0,"GPAB3122","GPAB3122.JPG",2024-10-03 23:30:50.955,2024-10-04 11:30:50.955,7.181925151,171.1208841305,793861.898830619,513346.54812583,-1.96176140465985,32.00091796875,-0.65815075,FALSE
"280","data/train\GPAB6659_jpg.rf.1642ff06a30f006b30706269e90791fb.jpg",0.961064338684082,0.047004837504777,0.0775517885708909,0.0343858442972559,0.0312354169107184,0.0071707990620733,0,0,0.0262577224359208,0.0202334062447789,0.0433714278032658,0.00215661685771513,0.00115608490502628,0,0.0067665534266779,0.0174440153402097,0,0.00154208667564136,0,0,0,0.0110769065318797,0.0433714278032658,0,0.00115608490502628,0,0.00178885895188036,0,0,"GPAB6659","GPAB6659.JPG",2024-10-04 01:28:52,2024-10-04 13:28:52,7.169348461,171.136615332,792472.062965461,515083.812229379,-1.79887726429,31.271611328125,-0.147333333333333,FALSE
"281","data/train\GPAB3263_jpg.rf.d701924d1f6c7c918723e49532d90267.jpg",0.969948768615723,0.934410425504539,0.961656197248825,0.934410425504539,0,0,0,0.934410425504539,0.961656197248825,0,0,0,0,0,0,0,0,0,0,0,0.961656197248825,0,0,0,0,0,0,0,0,"GPAB3263","GPAB3263.JPG",2024-10-03 23:35:33.237,2024-10-04 11:35:33.237,7.18244956257,171.11914331777,793919.820955371,513154.333518129,-1.95226756621258,32.4718055263672,-0.6437842,FALSE
"282","data/train\GPAB3212_jpg.rf.18fffd5daee83a4157cdafc4403a2b74.jpg",0.009368896484375,0,0.997413212014833,0,0,0,0,0,0.997413212014833,0,0,0,0,0,0,0,0,0,0,0,0.997413212014833,0,0,0,0,0,0,0,0,"GPAB3212","GPAB3212.JPG",2024-10-03 23:33:51.135,2024-10-04 11:33:51.135,7.1828892949,171.1192035631,793968.434053401,513160.972427352,-1.67215513959664,32.4648213427734,-0.6502955,TRUE
"283","data/train\GPAB3270_jpg.rf.e0b91e356fe900e9f8f67900f88a75b3.jpg",0.91888427734375,0.917707687196456,0.99930385252812,0.917170933490551,0.00121081649936722,0,0,0.917170933490551,0.997928841245729,0.00124346341528989,0,0,0,0,0.00137501128239006,0,0,0,0,0,0.996718024746362,0.00124346341528989,0,0,0,0,0.00137501128239006,0,0,"GPAB3270","GPAB3270.JPG",2024-10-03 23:35:47.251,2024-10-04 11:35:47.251,7.18247816041,171.1191061104,793922.981310978,513150.224712448,-1.64102180248245,32.429921875,-0.642849933333334,FALSE
"284","data/train\GPAB2952_jpg.rf.4c5df035af0e0688e303e300b81967a9.jpg",0.971540451049805,0.163228818392888,0.175536705695735,0.108712309615669,0.149632338114506,0.0529926659663583,0.0979897181418912,0,0.00233617489528981,0.107042515886565,0.0665670615663222,0.00319363653996462,0.00637863124924384,0,0.00226511984298753,0,0,0.0332307195956391,0,0,0,0.0191723814772921,0.0201901970913518,0.00319363653996462,0.00344905064688903,0,0.00226511984298753,0,0,"GPAB2952","GPAB2952.JPG",2024-10-03 23:25:10.615,2024-10-04 11:25:10.615,7.18165717875,171.1196474574,793832.239302596,513210.017337189,-1.93398699846612,31.443212890625,-0.660823083333333,FALSE
"285","data/train\GPAB3148_jpg.rf.215b32be1c7c28f0b92ea81efb374979.jpg",0.512260437011719,0.243480698951266,0.554035446869065,0.220958167778262,0.0320045398417201,0,0,0.0714228102081145,0.456703468062674,0.147775304720552,0.0712970235614713,0.0142436573763786,0.0122003445209833,0.0107024272021785,0.0138346107239358,0,0,0,0,0,0.450183686912235,0.0215210390169053,0.0501341404163058,0,0.0122003445209833,0.00131739907782064,0.00951273517782006,0,0,"GPAB3148","GPAB3148.JPG",2024-10-03 23:31:43,2024-10-04 11:31:43,7.182228609,171.120232489,793895.426468356,513274.592932012,-2.52868385559207,32.129619140625,-0.657283333333333,FALSE
"286","data/train\GPAB7050_jpg.rf.5d195395bfbe8803ccd8968785d9d541.jpg",0.962689399719238,0.388805564570799,0.407522809631992,0.14018777737876,0.211226506223078,0,0,0,0.00830671969550029,0.388805564570799,0.382813895295579,0,0.00428634801996455,0,0.00131739907782064,0,0.0107984475431275,0,0,0,0,0.248633150446591,0.191035348928317,0,0.00428634801996455,0,0,0,0.00097460646063262,"GPAB7050","GPAB7050.JPG",2024-10-04 01:41:54.811,2024-10-04 13:41:54.811,7.1690949939,171.1371846255,792444.061518298,515146.676887066,-1.93740798194663,31.185810546875,-0.0436053833333335,FALSE
"287","data/train\GPAB2943_jpg.rf.785d4f902aaf6a01200939a608fa2ac6.jpg",0.832857131958008,0.352454183894316,0.33163121275611,0.323684569339169,0.0400587260405244,0,0.00506315257824217,0,0.0378896265384859,0.325879594333264,0.258050825486871,0.00183590891894538,0.00574585720238975,0,0.00521582492035112,0.0248222183387329,0.0196659260297701,0,0.00506315257824217,0,0.00873689082295193,0.0161410193135314,0.249221755136608,0,0.00574585720238975,0,0.00313890494562368,0.0126593217507197,0.0196659260297701,"GPAB2943","GPAB2943.JPG",2024-10-03 23:24:52.597,2024-10-04 11:24:52.597,7.18179962841,171.11943696119,793847.980712926,513186.772768556,-2.0122669070364,31.4449417763672,-0.660876616666667,FALSE
"288","data/train\GPAB2992_jpg.rf.e4effd5df06ee1d3cc045935c76638eb.jpg",0.991223335266113,0.108118903908604,0.10893603701008,0.0191214906965892,0.0863117242756706,0,0.0128955317894543,0,0,0.108118903908604,0.0928497492908898,2.11244750087859e-05,0.00319075592973615,0,0,0,0,0,0.0128955317894543,0,0,0.0889974132120148,0.00653802501521922,2.11244750087859e-05,0.00319075592973615,0,0,0,0,"GPAB2992","GPAB2992.JPG",2024-10-03 23:26:30.695,2024-10-04 11:26:30.695,7.18166866665,171.11946243695,793833.503933898,513189.589269024,-1.82087868927106,31.5191251318359,-0.660511583333333,FALSE
"289","data/train\GPAB3193_jpg.rf.b20fe77d2415b67a0fc966d613aaf1f4.jpg",0.902503967285156,0.525949497141474,0.485617113129245,0.524871188712617,0.0133679518669235,0,0,0.204581898629406,0.192136702239002,0.107808758207339,0.0574508903966216,0.211744055860794,0.211528010093658,0.00223343313047435,0.0245015103999631,0,0,0,0,0,0.184809390021182,0.00107830842885756,0.0560691576903651,0,0.211528010093658,0,0.0198426034571163,0,0,"GPAB3193","GPAB3193.JPG",2024-10-03 23:33:13,2024-10-04 11:33:13,7.182755807,171.119273757,793953.679298543,513168.726215286,-2.93207692559616,32.301220703125,-0.651566666666667,FALSE
"290","data/train\GPAB2756_jpg.rf.e3eab669406113c45048b693e012a15e.jpg",0.919189453125,0.249987997457381,0.217204732650565,0.209526946188281,0.0685988519808036,0.0140967462547266,0.00950697395736312,0.018300516781475,0.00926020168112412,0.183960570207193,0.15736773678136,0.033684895808328,0.0223007241854114,0.00015939376597538,0.00180902322347966,0,0.0169600728218266,0,0,0,0,0.0406406093066755,0.132926719196195,0,0.0137165057045685,0,0,0,0.0019626557689981,"GPAB2756","GPAB2756.JPG",2024-10-03 23:18:38.223,2024-10-04 11:18:38.223,NA,NA,NA,NA,NA,30.0089198408203,-0.6657259,FALSE
"291","data/train\GPAB3091_jpg.rf.faf2ca9266200302fb94cdc9d1b5e21f.jpg",0.871526718139648,0.667309682883222,0.610031629100309,0.60322858794407,0.0610574144026671,0.417901648285173,0.412305582814663,0.149835901237318,0.134240277460377,0.081435811362279,0.0463893471192938,0.0186721155009477,0.0170964217059742,0,0,0,0,0,0.388052765097758,0,0.124265684442592,0.0537963562201017,0.0355563322534246,0.0104796600111768,0.00109943290386635,0,0,0,0,"GPAB3091","GPAB3091.JPG",2024-10-03 23:29:48.893,2024-10-04 11:29:48.893,7.18197541265,171.12084657587,793867.454043696,513342.400331468,-1.63278205446434,31.786416015625,-0.65955535,FALSE
"292","data/train\GPAB6729_jpg.rf.fad7588f7ac2b1f450624a9539241113.jpg",0.869529724121094,0.0811592727803458,0.176517073376824,0.0716417365854783,0.131227159161397,0.00668973715391868,0.00521102390330367,0.0423997019528617,0.135337789957425,0.0289693368643213,0.0160670836510006,0.00310049680924407,0.00452255805869915,0,0.0153786178063961,0,0,0.00668973715391868,0,0,0.0248481438307891,0.00282779904094883,0.0101282255633033,0,0.00452255805869915,0,0.00579098676263579,0,0,"GPAB6729","GPAB6729.JPG",2024-10-04 01:31:12.169,2024-10-04 13:31:12.169,7.16897765662,171.13474127202,792431.010267369,514876.907366971,-5.63704429296402,31.2287109375,-0.127971833333333,FALSE
"293","data/train\GPAB6236_jpg.rf.46b13879c47d4fdd782cf071312ef0fe.jpg",0.0439643859863281,0.0361257328752523,0.998706606007417,0.035271151840806,0.988601425325941,0.0268722526179946,0,0,0.98579667116682,0.00925348025725769,0.0101051806814756,0,0.00108214924249553,0,0.00172260491662553,0,0,0,0,0,0,0.00085458103444633,0.0101051806814756,0,0,0,0,0,0,"GPAB6236","GPAB6236.JPG",2024-10-04 01:14:45.183,2024-10-04 13:14:45.183,7.16973146544,171.13644152815,792514.397496467,515064.609782769,-4.99481494057239,31.3909473447266,-0.22972865,TRUE
"294","data/train\GPAB2916_jpg.rf.7f634b0de0ff892d3d6e051ea3b40642.jpg",0.869051933288574,0.220844863775942,0.340802115520152,0.214122479706101,0.0513459171190825,0.00072015255711769,0,0,0.0298565648146903,0.10773002152776,0.173787215083643,0.112394689691064,0.136030096615667,0,0,0,0.00112823900615106,0,0,0,0,0.00672238406984135,0.155996566312608,0,0.133459632088462,0,0,0,0,"GPAB2916","GPAB2916.JPG",2024-10-03 23:23:58.543,2024-10-04 11:23:58.543,7.18188200954,171.11946999066,793857.08870211,513190.417110959,-1.95018389168609,31.4194332041016,-0.660024283333333,FALSE
"295","data/train\GPAB6362_jpg.rf.409a2850d857b0bd69c899eb31575f58.jpg",0.96485424041748,0.0576842198251278,0.0440790977160602,0.0482041315632303,0.00694035024379564,0.0094800882618974,0.00579290716945477,0.0440090028671674,0.0255836596424587,0.00419512869606297,0.00440157242910338,0,0.00540018397497325,0,0.00290077450007009,0,0,0.0094800882618974,0,0,0.0255836596424587,0,0.00440157242910338,0,0.00540018397497325,0,0.00175333142572922,0,0,"GPAB6362","GPAB6362.JPG",2024-10-04 01:18:57.435,2024-10-04 13:18:57.435,7.16911079815,171.13322103775,792445.679764324,514709.052339938,-5.85267382416567,31.2096846142578,-0.2102565,FALSE
"296","data/train\GPAB6682_jpg.rf.eb22232a2c018cc5851106de08352de7.jpg",0.977784156799316,0.0401605076019304,0.048436500788327,0.0114638685059043,0.010456615129349,0.00563447360688888,0,0,0.010456615129349,0.0221643753012638,0.0249057560353585,0,0,0,0,0.0123616586937777,0.0130741296236195,0.00563447360688888,0,0,0,0.0221643753012638,0.0249057560353585,0,0,0,0,0.00124826443233734,0.0130741296236195,"GPAB6682","GPAB6682.JPG",2024-10-04 01:29:38,2024-10-04 13:29:38,7.169234161,171.136014061,792459.40765847,515017.429020662,-1.91764504644765,31.3359619140625,-0.140933333333333,FALSE
"297","data/train\GPAB3026_jpg.rf.1228d6183b1611e5f8290b88f82e5802.jpg",0.945646286010742,0.107006988360414,0.147592866072749,0.107006988360414,0.0286332656709997,0,0.0139354320819322,0,0.00935814242889213,0.0912222045118038,0.102069622428815,0.0159480184282238,0.0168899779729338,0,0,0,0.00533969116017537,0,0,0,0,0,0.102069622428815,0,0.0168899779729338,0,0,0,0,"GPAB3026","GPAB3026.JPG",2024-10-03 23:27:38.763,2024-10-04 11:27:38.763,7.18159610396,171.11938063975,793825.479947354,513180.560293822,-1.65087443818825,31.5537371669922,-0.661,FALSE
"298","data/train\GPAB5916_jpg.rf.d72c77ea11466eba34b333085f39bc94.jpg",0.811036109924316,0.338574443610134,0.404470322993223,0.136256704620307,0.101860298085546,0,0,0,0.0106112078782769,0.338574443610134,0.391469168828725,0,0.00238994628622127,0,0,0,0,0,0,0,0,0.202507859264907,0.300220078621455,0,0.00238994628622127,0,0,0,0,"GPAB5916","GPAB5916.JPG",2024-10-04 01:04:04.543,2024-10-04 13:04:04.543,7.16932066661,171.1332221964,792468.880261587,514709.173535388,-1.87002834489271,31.5223941416016,-0.3020914,FALSE
"299","data/train\GPAB4410_jpg.rf.9548ace7ba62af809617e4b4a701449f.jpg",0.882342338562012,0.507600009986115,0.440169725554661,0.152943119470429,0.00845267061374281,0,0.0523781357842845,0.123722209312821,0.00475204667356732,0.368639372564684,0.0290557551711755,0.0121081649936723,0.00976334826769703,0.00336743335708236,0.344220439657937,0,0,0,0.0523781357842845,0,0,0.354448526375827,0.0266926945804199,0.00036199668537783,0.00842578491827708,0,0.344220439657937,0,0,"GPAB4410","GPAB4410.JPG",2024-10-04 00:13:49.531,2024-10-04 12:13:49.531,7.17058381995,171.13335149098,792608.523015039,514723.408518623,-1.65311173578154,31.3425299638672,-0.548697933333333,FALSE
"300","data/train\GPAB2990_jpg.rf.26380753fc33e784adf7e3cfce47a36f.jpg",0.402692794799805,0.872803774751643,0.287557876260507,0.792716088976289,0.123088475062557,0,0.00233617489528981,0,0.00904799672762678,0.872803774751643,0.162074653894681,0,0.0626177449430887,0,0.0438284846261832,0,0.00765282117363742,0,0,0,0,0.0803575029334214,0.0841944757577445,0,0.0329416983693826,0,0.0396804058971853,0,0.00765282117363742,"GPAB2990","GPAB2990.JPG",2024-10-03 23:26:26.691,2024-10-04 11:26:26.691,7.18163748061,171.11950655929,793830.057661138,513194.461627,-1.85390562957573,31.5019478154297,-0.66044485,FALSE
"301","data/train\GPAB3281_jpg.rf.55f02dc1fe6c46a6329e2a014ae50f24.jpg",0.489384651184082,0.745717012691969,0.308546962588555,0.632150874841326,0.0790804323987994,0,0,0.730477624379949,0.289461959621526,0,0.00119929405845334,0,0,0.015241308718839,0.0178857089085752,0,0,0,0,0.113566137850642,0.21158082128118,0,0,0,0,0,0.0178857089085752,0,0,"GPAB3281","GPAB3281.JPG",2024-10-03 23:36:09.273,2024-10-04 11:36:09.273,7.18250513721,171.11905637659,793925.962105448,513144.732937293,-5.81895489286899,32.387021484375,-0.64153635,FALSE
"302","data/train\GPAB3264_jpg.rf.7edd339bc280e2edab14e6c55b7b5448.jpg",0.928706169128418,0.927617946585805,0.999196309746257,0.927617946585805,0,0,0,0.927617946585805,0.999196309746257,0,0,0,0,0,0,0,0,0,0,0,0.999196309746257,0,0,0,0,0,0,0,0,"GPAB3264","GPAB3264.JPG",2024-10-03 23:35:35.239,2024-10-04 11:35:35.239,7.1824533706,171.11913733616,793920.241752371,513153.672992265,-2.02255424766744,32.4632168681641,-0.643650733333333,FALSE
"303","data/train\GPAB2871_jpg.rf.158bcbc9f58f2bac1f263b486899dad6.jpg",0.913790702819824,0.352919882547919,0.338571562999906,0.352919882547919,0.0512383743372196,0,0,0.352919882547919,0.328330033434283,0,0.00132796131532503,0,0.00486823128611565,0,0.00404533696418249,0,0,0,0,0,0.283493335228135,0,0.00132796131532503,0,0,0,0.00251189211922653,0,0,"GPAB2871","GPAB2871.JPG",2024-10-03 23:22:28.453,2024-10-04 11:22:28.453,7.18182334521,171.11973100054,793850.611019882,513219.236368963,-11.4857076185686,31.271611328125,-0.660474216666667,FALSE
"304","data/train\GPAB3209_jpg.rf.f6dac21895ad4908531149409119db3c.jpg",0.946876525878906,0.942901504254661,0.995061673864992,0.942901504254661,0,0,0,0.942901504254661,0.995061673864992,0,0,0,0,0,0,0,0,0,0,0,0.995061673864992,0,0,0,0,0,0,0,0,"GPAB3209","GPAB3209.JPG",2024-10-03 23:33:45.129,2024-10-04 11:33:45.129,7.1829189157,171.11915110766,793971.707056497,513155.180091546,-1.66958642225069,32.4390553681641,-0.6504957,FALSE
"305","data/train\GPAB2753_jpg.rf.ecc3e09a60fddd4051f8cc1817f5abe0.jpg",0.831803321838379,0.188049116324802,0.281589251867116,0.0859612500312066,0.0269423474668874,0.00257622574766238,0.00229392594527224,0.0291921040553231,0.0423776172744434,0.147085878672538,0.226433247619176,0.00886171726618566,0.00452543866892762,0.00071631174347973,0.00108983086977145,0,0.00486919148952514,0,0.00229392594527224,0,0.0239436322190493,0.0932587959433326,0.223591045527084,0.00886171726618566,0.00205963631335662,0.00071631174347973,0.00108983086977145,0,0.00166883352569408,"GPAB2753","GPAB2753.JPG",2024-10-03 23:18:32.217,2024-10-04 11:18:32.217,NA,NA,NA,NA,NA,29.9316219169922,-0.6659261,FALSE
"306","data/train\GPAB6705_jpg.rf.01585a7db7bb160584e50946bb0e8993.jpg",0.892112731933594,0.273533145261492,0.324185795518923,0.249211192899104,0.0381700059340571,0.00268184812270631,0.00220366682478016,0.167656316314048,0.191789108604767,0.0859420459630168,0.0888466612767249,0.00266456446133548,0.00096212381630924,0.014600853044709,0.0403842349963416,0,0,0.00268184812270631,0,0,0.164800671374224,0.0210630219905785,0.0877126610501169,0.00066926177641471,0,0.00018531925803162,0.0335024571605249,0,0,"GPAB6705","GPAB6705.JPG",2024-10-04 01:30:24.121,2024-10-04 13:30:24.121,7.16910373298,171.13538275395,792444.968546592,514947.729993316,-5.325390625,31.3097025849609,-0.134783866666667,FALSE
"307","data/train\GPAB3068_jpg.rf.f079ef9d00e8ebeea16a9fd4dca0c364.jpg",0.751979827880859,0.736570115013164,0.533197112476307,0.734896480470423,0.277972165623566,0,0,0.288763891742827,0.220975451439633,0.432347908580954,0.0219387275000336,0.00141437962217916,0.00471267833377822,0.0140996268649551,0.285570255202862,0,0,0,0,0,0.19214150325605,0.00167747535637949,0.0203303867891374,0,0.00471267833377822,0,0.0380403784737759,0,0,"GPAB3068","GPAB3068.JPG",2024-10-03 23:29:02.847,2024-10-04 11:29:02.847,7.18220460289,171.12017676875,793892.771036021,513268.441674336,-2.31032115733012,31.5712576865234,-0.66185765,FALSE
"308","data/train\GPAB3208_jpg.rf.88ac674c1a1d170840701939258f0f75.jpg",0.84565544128418,0.717729963915556,0.836109601457973,0.717486072249545,0.00450335399050935,0,0,0.717486072249545,0.836109601457973,0.00235345855666064,0,0,0,0,0,0,0,0,0,0,0.831606247467463,0.00152192240404207,0,0,0,0,0,0,0,"GPAB3208","GPAB3208.JPG",2024-10-03 23:33:43.127,2024-10-04 11:33:43.127,7.18292720815,171.11913661727,793972.623351249,513153.580002716,-1.66616442128162,32.4304667099609,-0.650562433333334,FALSE
"309","data/train\GPAB6673_jpg.rf.cd25a2f71375986cca89454d261f329d.jpg",0.929306983947754,0.127379624099569,0.132279542098198,0.127379624099569,0.0216132185442164,0.0550868696024566,0.044932718547097,0,0.0195603036547262,0.0722927544971127,0.0526143458230191,0,0.00700756448245996,0,0,0,0.00816460959089573,0,0.044932718547097,0,0.00744829784741599,0,0.0526143458230191,0,0.00567096133644951,0,0,0,0,"GPAB6673","GPAB6673.JPG",2024-10-04 01:29:20,2024-10-04 13:29:20,7.169270139,171.136232473,792463.392091627,515041.542940805,-1.63905063644095,31.31451171875,-0.143333333333333,FALSE
"310","data/train\GPAB3024_jpg.rf.d47ec2fb405b0fe5f1d720bdbee28730.jpg",0.883380889892578,0.301332954373054,0.293582192451649,0.286342258744092,0.00514476986804884,0.00732155099736328,0.00622883951736335,0.283815963573723,0.237344038961214,0.00026501614101931,0.0027817092772933,0.00993042366094833,0.0460715197907525,0,0.00115608490502628,0,0,0.00732155099736328,0.00622883951736335,0,0.237344038961214,0.00026501614101931,0.0027817092772933,0.00740412849057944,0.0409267499227036,0,0.00115608490502628,0,0,"GPAB3024","GPAB3024.JPG",2024-10-03 23:27:34.759,2024-10-04 11:27:34.759,7.18162727465,171.11933799093,793828.924566894,513175.850625219,-1.73106283254549,31.5365598505859,-0.661,FALSE
"311","data/train\GPAB6218_jpg.rf.cbf157f68419fd36fb92aad2909ab5ec.jpg",0.880485534667969,0.140810949391519,0.144680569131765,0.124285848714192,0.0670750091699426,0,0,0.109586094718305,0.0369572690278709,0.0196726474536366,0.0596007858304703,0.00874553265363734,0,0.00285180412618609,0.0481225142734237,0,0,0,0,0,0.018004774131352,0.0106198497089623,0.0596007858304703,0.00595038052861118,0,0,0,0,0,"GPAB6218","GPAB6218.JPG",2024-10-04 01:14:09.147,2024-10-04 13:14:09.147,7.1698291044,171.13692091455,792525.20701271,515117.536067602,-5.80390625,31.443212890625,-0.23393285,FALSE
"312","data/train\GPAB3100_jpg.rf.e7ec1e1b776eaf06f12dc677181b3f99.jpg",0.783770561218262,0.298607897096921,0.136395934114683,0.179213324550673,0.0407423908680815,0.0380941498647073,0.00769891093729295,0,0,0.260523349266309,0.00599262947862875,0,0.105984371729307,0,0.0125412167313524,0,0.00417880523810164,0,0.00769891093729295,0,0,0.119546284684948,0.00599262947862875,0,0.0785177532008381,0,0.00344424962984158,0,0,"GPAB3100","GPAB3100.JPG",2024-10-03 23:30:06.911,2024-10-04 11:30:06.911,7.18189891666,171.12094992168,793859.000602866,513353.812759666,-1.96962837133818,31.8889951396484,-0.658884816666667,FALSE
"313","data/train\GPAB3147_jpg.rf.222d60f9bf3617419677a3560ff40a20.jpg",0.779358863830566,0.414746419881588,0.229706581042128,0.406226535029181,0.00186567522463958,0,0,0.0546586188818239,0.136878916429656,0.328969528905003,0.05958254196569,0.00288541124551825,0.00318211409905074,0.0283308015970103,0.0300630085477307,0,0,0,0,0,0.136878916429656,0.00569880723532473,0.05958254196569,0.00288541124551825,0.00318211409905074,0,0.0281973333230912,0,0,"GPAB3147","GPAB3147.JPG",2024-10-03 23:31:41,2024-10-04 11:31:41,7.182217117,171.120259045,793894.156824257,513277.525256553,-3.33971871005105,32.112458984375,-0.657316666666667,FALSE
"314","data/train\GPAB3033_jpg.rf.b0cd7079602c43998bfd2c3b473d35e1.jpg",0.826556205749512,0.184684563577948,0.293442002753863,0.116462111333665,0.106953216969483,0.0415547229525103,0.0342178087005951,0.0117346458673805,0.054502105726077,0.11362663066544,0.158699538910323,0.0194153129398932,0.0390946818173962,0.00063277404685408,0.00692786759947227,0,0,0.0327861454170451,0,0,0.00917570378108898,0.0325028854112455,0.144186064375877,0.0051486106816868,0.0272227268624585,0,0.00590429076495564,0,0,"GPAB3033","GPAB3033.JPG",2024-10-03 23:27:52.777,2024-10-04 11:27:52.777,7.18149028518,171.1195379142,793813.786458155,513197.927704036,-3.28747677562827,31.6138577744141,-0.661,FALSE
"315","data/train\GPAB6711_jpg.rf.4345af58599cc6228f08d77fef12edc7.jpg",0.860232353210449,0.200244659828738,0.236262849922128,0.187916608254293,0.0330828482705776,0,0,0.114865293063683,0.0947547928553185,0.0739058962250563,0.107032913852471,0.0115186001002452,0.0032944578979611,0,0.0311806853163774,0,0,0,0,0,0.0914392104823486,0.00718712252003464,0.0802461193379205,0.00515533210555324,0.0032944578979611,0,0.0282002139333196,0,0,"GPAB6711","GPAB6711.JPG",2024-10-04 01:30:36.133,2024-10-04 13:30:36.133,7.16907513498,171.13521506871,792441.801649157,514929.216614729,-5.75203190290056,31.271611328125,-0.133182266666667,FALSE
"316","data/train\GPAB6033_jpg.rf.48634e5136cd5e5e2238da211896211a.jpg",0.89286994934082,0.295562131882018,0.304371037960682,0.211879444541532,0.111260689464456,0.0529091282697327,0.0692316260276577,0.00573817557511383,0.0115157194900168,0.202186191122727,0.137132410129762,0.027278418660209,0.0520238207261826,0.0109578413091029,0.0344674615870626,0,0,0.0324654374782754,0,0.00444382137912095,0,0.0503338627254798,0.118509265002698,0,0.0520238207261826,0,0.0225772627673446,0,0,"GPAB6033","GPAB6033.JPG",2024-10-04 01:07:58.777,2024-10-04 13:07:58.777,7.16988907487,171.13588483674,792531.802616167,515003.139803448,-2.97109575182524,31.4679964462891,-0.272101916666667,FALSE
"317","data/train\GPAB2870_jpg.rf.bf5e43594708726bc8b61ede51e9e0d6.jpg",0.895556449890137,0.148895862099427,0.141653047781642,0.107626319559535,0.0745530733230527,0.0110634636841468,0.00714679397683605,0.0940922525027702,0.0781836024143355,0.0036794994651667,0.010109981698523,0.0380125325749007,0.0376610981270272,0.00142590206309304,0.00753855696790808,0.00069518726847095,0.00101301459701223,0.00470307629968332,0,0.00938694853117684,0.0503722708618594,0.00262711652836536,0.010109981698523,0.0243421166339877,0.00525519326014022,0,0.00136252863806668,0.00024389166601052,0,"GPAB2870","GPAB2870.JPG",2024-10-03 23:22:26.451,2024-10-04 11:22:26.451,NA,NA,NA,NA,NA,31.271611328125,-0.66044085,FALSE
"318","data/train\GPAB2751_jpg.rf.4de6e0d105f7e4cb8e7340d64f41d244.jpg",0.946667671203613,0.131247323432996,0.0908275609105033,0.0781519157018223,0.0557935793118414,0.0520766319137046,0.051891312655673,0.0698279123449512,0.0288713961165533,0.00411639201648477,0.0024062697441826,0.00447742849845311,0.00423929805289952,0.0007489586594024,0,0,0.00341928434119483,0.0520766319137046,0,0,0.0249691294603849,0.00101877581746917,0.0024062697441826,0,0.00423929805289952,0,0,0,0.00341928434119483,"GPAB2751",NA,NA,NA,NA,NA,NA,NA,NA,NA,NA,FALSE
"319","data/train\GPAB6743_jpg.rf.0ee30ee003eb99a660a748a583191988.jpg",0.805977821350098,0.457232540141304,0.444716288698598,0.0347612838303666,0.267887149213689,0,0,0,0.021649706273777,0.439313224113396,0.379738363774982,0,0.00154112647223187,0.0138662974364489,0.0392502347697336,0.00459265290759194,0.00253685740787328,0,0,0,0,0.405440128436808,0.141563748864559,0,0,0.0138662974364489,0.035265390620349,0.00459265290759194,0,"GPAB6743","GPAB6743.JPG",2024-10-04 01:31:40.197,2024-10-04 13:31:40.197,7.16891060314,171.13439135116,792423.586340095,514838.274384631,-1.81392451557117,31.2407359169922,-0.1233005,FALSE
"320","data/train\GPAB6738_jpg.rf.7f615b6ddeadc841aab14743084008fa.jpg",0.811416625976562,0.218314727791935,0.24642948362181,0.205614117294608,0.0575430699239327,0.0655684500204523,0.00970861667335608,0.00891548865711712,0.0605667504604175,0.127231752774508,0.141292011299674,0,0.00362860868446371,0,0.018202576033707,0.0174661000186279,0.0130309204701924,0,0.00970861667335608,0,0.0374143258507882,0.0148082569811589,0.116106836072154,0,0.00362860868446371,0,0.00899710594692379,0,0.0130309204701924,"GPAB6738","GPAB6738.JPG",2024-10-04 01:31:30.187,2024-10-04 13:31:30.187,7.16892920512,171.13450362028,792425.646374864,514850.669542596,-1.73434740349414,31.271611328125,-0.124968833333333,FALSE
"321","data/train\GPAB2907_jpg.rf.bf31d322ee0d726153fd605a1778f741.jpg",0.720318794250488,0.391859971616387,0.339105436095582,0.391859971616387,0.0610276480969729,0.053072362849346,0.0560710780971841,0,0.0610276480969729,0.313274043973475,0.183202969717105,0.0133103396623541,0.0276893857194708,0.0125873064950079,0.0111143544648498,0,0,0,0.0560710780971841,0,0,0,0.183202969717105,0,0.0276893857194708,0,0.0111143544648498,0,0,"GPAB2907","GPAB2907.JPG",2024-10-03 23:23:40.525,2024-10-04 11:23:40.525,7.1817482795,171.11967145875,793842.31096649,513212.664648456,-1.75123470746135,31.4003125,-0.660324583333333,FALSE
"322","data/train\GPAB2914_jpg.rf.3741dcaecd66e9fb2070d310620984d9.jpg",0.894888877868652,0.369813701334491,0.300557110018186,0.289808593052352,0,0,0,0,0,0.343889169481663,0.25064957760652,0,0,0.00612225693890993,0.0122368322505439,0.0198022749139178,0.0376707001611221,0,0,0,0,0.0800051082821385,0.25064957760652,0,0,0,0.0122368322505439,0,0.0376707001611221,"GPAB2914","GPAB2914.JPG",2024-10-03 23:23:54.539,2024-10-04 11:23:54.539,7.18185321232,171.11951561188,793853.90655098,513195.454886148,-1.93739678542187,31.4366105205078,-0.660091016666667,FALSE
"323","data/train\GPAB6710_jpg.rf.9e215ac6bc82835890363fb4d212536b.jpg",0.838147163391113,0.246536066200264,0.34014533638806,0.203915517463219,0.116202856413103,0.0479083889131073,0.0510799407746537,0.0743351071490985,0.146405094455209,0.118160711165053,0.0809710729120857,0.00506699339188013,0.0316108564438291,0.00121945833005263,0.0300783718022826,0,0,0,0.0510799407746537,0,0.0896493913270587,0.0391926225651642,0.0500467619060422,0.00225455760548314,0.0316108564438291,0.00121945833005263,0.00155552952337423,0,0,"GPAB6710","GPAB6710.JPG",2024-10-04 01:30:34.131,2024-10-04 13:30:34.131,7.16908301809,171.13524108163,792442.67395429,514932.088472978,-4.70718266482574,31.271611328125,-0.1334492,FALSE
"324","data/train\GPAB6686_jpg.rf.e32547c5fea709267189bd2183dcaa64.jpg",0.975184440612793,0.0744061622014007,0.0956794687386576,0.0387864565229498,0.0659333273160586,0,0,0,0.0138989443523716,0.0547277535273072,0.0593857002667445,0,0.00257046452720544,0.00673486671416472,0.0075760049008782,0.0129435419599288,0.0122483546914578,0,0,0,0.00557494099550048,0.0378368153509639,0.0055730205886815,0,0,0,0.00634982514695913,0,0.0122483546914578,"GPAB6686","GPAB6686.JPG",2024-10-04 01:29:46,2024-10-04 13:29:46,7.169210696,171.135913342,792456.810364757,515006.309297158,-1.87675026186495,31.3445419921875,-0.139866666666667,FALSE
"325","data/train\GPAB6654_jpg.rf.c041357eb333cbca4f87f2517eb356e9.jpg",0.954621315002441,0.522535974020737,0.54223262655961,0.446925716743835,0.0514323354259366,0.315654388225602,0.330637402227288,0,0.00197321800650249,0.192755073234714,0.19777309625271,0.00429402964724047,0.00241203096463954,0.00295742650123002,0.00714871438365503,0.00688753905627368,0.0022881647248153,0,0.330637402227288,0,0,0.0788759090725779,0.149559362655385,0,0.00241203096463954,0,0.00590333056154615,0,0.0022881647248153,"GPAB6654","GPAB6654.JPG",2024-10-04 01:28:42,2024-10-04 13:28:42,7.16937377,171.136746127,792474.865115197,515098.252607274,-1.8815804031127,31.271611328125,-0.149,FALSE
"326","data/train\GPAB6667_jpg.rf.c0797ceef0cde7f53784487b37dc0d16.jpg",0.906893730163574,0.301031450502474,0.372419693387847,0.231855516272567,0.0106352129635142,0.022932538028856,0.024362280905587,0,0,0.275065629903039,0.327621403318079,0,0.00415768076309285,0,0.00317731308200329,0.00314082535244266,0.0131010153190852,0,0.024362280905587,0,0,0.0750158913664271,0.320019472925144,0,0.0011243981925131,0,0.00317731308200329,0,0.0131010153190852,"GPAB6667","GPAB6667.JPG",2024-10-04 01:29:08,2024-10-04 13:29:08,7.169304405,171.136396833,792467.185505343,515059.688975861,-2.14510598009273,31.271611328125,-0.144933333333333,FALSE
"327","data/train\GPAB3152_jpg.rf.4b094425141a923f1581397e7fa15cee.jpg",0.902165412902832,0.453554961082956,0.412524509192027,0.429941638836771,0.145960520276615,0.176634218192782,0.147034987891835,0,0.00868888065247742,0.235419791328595,0.21116697361169,0.00783622002485006,0.00683280746193273,0.0380634233556036,0.0372251657791186,0.00068462503096656,0.00157569379497352,0,0.0282971944776782,0,0,0.0238869802178894,0.198010266494854,0,0.00683280746193273,0,0.0334237204809467,0,0,"GPAB3152","GPAB3152.JPG",2024-10-03 23:31:51,2024-10-04 11:31:51,7.182276598,171.120133824,793900.728681971,513263.698149722,-1.66251868738604,32.129619140625,-0.65715,FALSE
"328","data/train\GPAB6653_jpg.rf.6462868b079303442dc200bdaa83cf5b.jpg",0.293400764465332,0.284335433618258,0.971429147550617,0.0823422433808378,0.891952151143698,0.0104172467895599,0,0,0,0.24384941706051,0.233120104162866,0.00806474843630874,0,0,0.736965718817874,0.0222191068956048,0.00134332456987688,0.0104172467895599,0,0,0,0.162515387259637,0.078133671837042,0.00806474843630874,0,0,0,0.02121089331564,0.00134332456987688,"GPAB6653","GPAB6653.JPG",2024-10-04 01:28:40,2024-10-04 13:28:40,7.169379527,171.136773289,792475.502431356,515101.251402034,-1.72102571248042,31.271611328125,-0.149333333333333,FALSE
"329","data/train\GPAB6428_jpg.rf.b16d2b18243733f492c9084c55db4346.jpg",0.946516036987305,0.357096767379202,0.384353101360992,0.237580248999948,0.107318094265089,0.0108272536454122,0.00423353683244258,0.0031369845388047,0.0285910167209822,0.338744399613614,0.346296399429255,0.00122906036414754,0.00161218152453415,0.00202314858379599,0.0036199668537783,0.00129051338235491,0,0.00557398079209099,0,0,0.00744637744059701,0.114515779022628,0.26803694094557,0,0,0.00067886381050961,0.00155168870973627,0,0,"GPAB6428","GPAB6428.JPG",2024-10-04 01:21:09.567,2024-10-04 13:21:09.567,7.16915113478,171.13471969174,792450.187168011,514874.519036766,-1.94492709143142,31.14291015625,-0.19588385,FALSE
"330","data/train\GPAB3225_jpg.rf.83718ce0f906ef09e77f85fef62d54c7.jpg",0.991180419921875,0.00567000113304002,0.00867351739792557,0.00567000113304002,0.00426906435859372,0,0,0,0,0,0,0.00567000113304002,0.00424025825630901,0,0.00443325914161656,0,0,0,0,0,0,0,0,0,0.00277498785342687,0,0.00162946518590498,0,0,"GPAB3225","GPAB3225.JPG",2024-10-03 23:34:17.161,2024-10-04 11:34:17.161,7.18272886782,171.11942812206,793950.7056749,513185.770087365,-1.88366798399706,32.472822265625,-0.648855933333333,FALSE
"331","data/train\GPAB3192_jpg.rf.e3e951baa1d962ebeafb53b44cb70978.jpg",0.846037864685059,0.383300718424191,0.395736312780499,0.358270135945599,0.00703925119497314,0.0167008179012642,0.014847625320948,0.234560409277101,0.203015806868527,0.0461300921987314,0.116127960547162,0.0860131010153191,0.0449711266834766,0,0.0167737933603855,0,0,0,0.014847625320948,0,0.200041096705926,0,0.116127960547162,0.0250305824785923,0.0425610161256561,0,0.0151193628858337,0,0,"GPAB3192","GPAB3192.JPG",2024-10-03 23:33:11,2024-10-04 11:33:11,7.182740657,171.119294081,793952.005086007,513170.970577996,-3.06891320618188,32.301220703125,-0.651633333333333,FALSE
"332","data/train\GPAB6017_jpg.rf.2a7ce631b79425a164d63b2137dcb999.jpg",0.875522613525391,0.281328076539734,0.245489444483919,0.228146250501706,0.0477374727062181,0.0382506630204542,0,0.00954538209374273,0.0211782463997173,0.20027826694807,0.192752192624486,0.0174296122890673,0.0256364708299806,0.0162764079942695,0.00416728279718775,0.00158433562565893,0.0017552518325482,0.00983248291318032,0,0,0.0124183106949376,0.0426224691438634,0.163948010746597,0.00213645258611584,0.0181843321689267,0.000542514926362,0.00320131816724054,0,0,"GPAB6017","GPAB6017.JPG",2024-10-04 01:07:26.745,2024-10-04 13:07:26.745,7.16981470915,171.135546364,792523.570612937,514965.77115096,-2.97765395348824,31.443212890625,-0.27477125,FALSE
"333","data/train\GPAB3035_jpg.rf.d5c32d9742ccdb6a97e4a8d5755c24d6.jpg",0.611003875732422,0.489456966563797,0.248603384140896,0.489456966563797,0.0396880875244612,0,0,0.489456966563797,0.202529943943325,0,0,0,0.0365050132220009,0,0.0095684269755705,0,0,0,0,0,0.167359613460515,0,0,0,0.0355400087954632,0,0.00601567436045651,0,0,"GPAB3035","GPAB3035.JPG",2024-10-03 23:27:56.781,2024-10-04 11:27:56.781,7.18146152717,171.11958317853,793810.608632041,513202.92607932,-6.00758700772649,31.5985938154297,-0.661,FALSE
"334","data/train\GPAB3197_jpg.rf.3dc14b4a19e5446b09d9de6a624b0993.jpg",0.878463745117188,0.201454516124696,0.234583454158929,0.190943169401006,0.0456029405269212,0,0,0.149641940148601,0.179246931670005,0.0402430850951465,0.0363081715230554,0.0117567305457988,0.00918914662882185,0,0.00983920433704676,0,0,0,0,0.00560854811483264,0.140776382068777,0.0049220026770471,0.0342658188710697,0,0.00653706481180973,0,0.00740124788035097,0,0,"GPAB3197","GPAB3197.JPG",2024-10-03 23:33:21.105,2024-10-04 11:33:21.105,7.18281844515,171.11920238335,793960.601747293,513160.844211325,-2.61038478252255,32.4055330029297,-0.6512965,FALSE
"335","data/train\GPAB2989_jpg.rf.4f541ca61fc23dd272943a2aa4022b0e.jpg",0.745378494262695,0.716883064508385,0.478806390345731,0.44457993981445,0.13137118967282,0.110910215219992,0.046262600269241,0,0.00152288260745156,0.606135123664597,0.423920203255858,0,0,0,0.00102741764815458,0,0.00607328656502593,0,0.0353604507578886,0,0,0.27429074575158,0.304974045701842,0,0,0,0.00102741764815458,0,0.00607328656502593,"GPAB2989","GPAB2989.JPG",2024-10-03 23:26:24.689,2024-10-04 11:26:24.689,7.18162410047,171.11952957446,793828.579181038,513197.003071678,-1.87041909972807,31.4933591572266,-0.660411483333333,FALSE
"336","data/train\GPAB6646_jpg.rf.49fc6a67b97d38d25bea008e6f33d9f7.jpg",0.959228515625,0.306489246682017,0.317660253148027,0.12005039147493,0.18206320827004,0,0.0107005067953595,0,0.00604448046274122,0.260930475511932,0.254226335306871,0.0185597717020374,0.018202576033707,0,0.00504202810323338,0.0272889808977134,0.0234443264461143,0,0.00619523239803119,0,0,0.187123480238054,0.0872277583283243,0,0.0171914818435137,0,0.0015382458620034,0,0.0234443264461143,"GPAB6646","GPAB6646.JPG",2024-10-04 01:28:26,2024-10-04 13:28:26,7.169412688,171.136933902,792479.173588084,515118.98375503,-1.86034401285924,31.271611328125,-0.151666666666667,FALSE
"337","data/train\GPAB5646_jpg.rf.dc801d7415daa5132f4b66050114462c.jpg",0.842620849609375,0.313796394628238,0.259857928303532,0.279835920441386,0.0381719263408761,0.0689185997161639,0.0966108660458632,0.0104278090270643,0.0378934673521239,0.145939395801607,0.0968038669311707,0.0451679683824221,0.0154151055359567,0.0260397562619665,0.0131346224384173,0.0176965488369056,0,0,0.0966108660458632,0,0.00769218951342652,0.0132575284748321,0.0952569792384819,0.0115560480332153,0.0154151055359567,0,0.00671086162892747,0.00916898235722255,0,"GPAB5646","GPAB5646.JPG",2024-10-04 00:55:04,2024-10-04 12:55:04,7.171688183,171.137206679,792730.733206647,515149.026149588,-1.92127448349427,32.5114326171875,-0.3646,FALSE
"338","data/train\GPAB3072_jpg.rf.0ac2243c6b202e76c28f399d6eb11d70.jpg",0.904363632202148,0.356168250682225,0.278631825365885,0.356168250682225,0.00131835928123013,0,0,0.0461185697578175,0.105402488463156,0.304274057416323,0.0804496824607325,0,0.0870645237487109,0.00591005198541259,0.00571513069328606,0,0,0,0,0,0.105402488463156,0,0.0804496824607325,0,0.0870645237487109,0,0.00439677141205593,0,0,"GPAB3072","GPAB3072.JPG",2024-10-03 23:29:10.855,2024-10-04 11:29:10.855,7.18219436635,171.12029780295,793891.642916818,513281.805099224,-3.57582159881233,31.6056123193359,-0.66145725,FALSE
"339","data/train\GPAB3223_jpg.rf.665c44ab9c7d66a0223d88910b91bfc1.jpg",0.84725284576416,0.155943755125086,0.0996537506505378,0.153404977310393,0.068309830754547,0,0,0,0.0216890746135661,0.150337127417072,0.0519498850636519,0,0.0260147909733198,0.00560662770801366,0,0,0,0,0,0,0,0.00253877781469226,0.0295848272498046,0,0.00175909264618616,0,0,0,0,"GPAB3223","GPAB3223.JPG",2024-10-03 23:34:13.157,2024-10-04 11:34:13.157,7.18276496344,171.11939568099,793954.695026935,513182.187302556,-1.97346048139189,32.472822265625,-0.649122866666667,FALSE
"340","data/train\GPAB6675_jpg.rf.ff620a925e7b59025304d2d058117d72.jpg",0.939377784729004,0.154395907228987,0.178538301553801,0.140915611563154,0.0113486440967654,0,0,0,0,0.103017343193982,0.105896033015634,0.0473457097151461,0.0624266644646002,0,0.0102156040735669,0.00408662571079057,0,0,0,0,0,0,0.105896033015634,0.0134802956658338,0.0596920051543719,0,0.00160161928702976,0,0,"GPAB6675","GPAB6675.JPG",2024-10-04 01:29:24,2024-10-04 13:29:24,7.169259636,171.136174611,792462.229114408,515035.154680945,-1.92566530274999,31.31451171875,-0.1428,FALSE
"341","data/train\GPAB3206_jpg.rf.4e643a6937100e965b0d605f248af3bf.jpg",0.405860900878906,0.401261323198706,0.997067538787417,0.388594319820711,0,0,0,0.361651012150414,0.991195894938384,0.0152470699392959,0.00587164384903297,0.00203851183834783,0,0,0,0.0406041215771149,0,0,0,0.00547315943409451,0.991195894938384,0.00494312715205589,0.00587164384903297,0,0,0,0,0.00225071679184518,0,"GPAB3206","GPAB3206.JPG",2024-10-03 23:33:39.123,2024-10-04 11:33:39.123,7.18292474142,171.11913155712,793972.350514832,513153.021394151,-1.95702193706243,32.429921875,-0.6506959,FALSE
"342","data/train\GPAB3074_jpg.rf.38770129f002645fcdacee0bd4225300.jpg",0.796125411987305,0.286413313796395,0.302331565918924,0.279351977923003,0.0200816941060794,0,0,0.186048052419425,0.1404143853834,0.0916571766563029,0.082569811588887,0.00230352797936714,0.00805706680903282,0.00237170242144095,0.0687198376103994,0.00426906435859372,0.00257046452720544,0,0,0,0.128899626096792,0.00707381851771479,0.082569811588887,0,0.00602047537750397,0,0.0647599587496615,0,0,"GPAB3074","GPAB3074.JPG",2024-10-03 23:29:14.859,2024-10-04 11:29:14.859,7.18217035677,171.12034786485,793888.990165736,513287.333023975,-2.80073389696871,31.6307648183594,-0.66125705,FALSE
"343","data/train\GPAB7185_jpg.rf.bbdd85b10b2ce4494aa5e4f51cb88e08.jpg",0.732583045959473,0.0622634298849868,0.329963339433826,0.00169571922115981,0.0807002955506094,0,0.0301791931602791,0,0.0159912275816509,0.0567643449588361,0.268213618372916,0,0.00399060536984154,0,0.011588694949138,0.00550100533296973,0,0,0.0301791931602791,0,0,0.0567643449588361,0.20523291654104,0,0.00399060536984154,0,0.00986032881205554,0.00380528611180992,0,"GPAB7185","GPAB7185.JPG",2024-10-04 01:46:25,2024-10-04 13:46:25,7.168397024,171.133619861,792366.786523322,514753.109808622,-2.57756336141765,31.00562890625,-0.00266666666666666,FALSE
"344","data/train\GPAB4076_jpg.rf.84745450bdb0a4cac8743ffeda6c073c.jpg",0.894661903381348,0.363807629008129,0.359641306414351,0.296689410684759,0.0557522905652333,0.192680177368774,0.180346364573871,0.12483508506442,0.141441803031554,0.0380221346089956,0.0245322369090668,0.00855925319219623,0.00897598147191501,0.00061741079230224,0.00434492042794345,0,0,0.0551608052649873,0.166723958803433,0,0.108033445805159,0.0111354789398586,0.018394616715605,0.00158721623588741,0.00897598147191501,0,0.00176101305300514,0,0,"GPAB4076","GPAB4076.JPG",2024-10-04 00:02:40.863,2024-10-04 12:02:40.863,7.17613304455,171.12656933383,793221.764561892,513974.416526822,-4.25948232938364,31.185810546875,-0.60059475,FALSE
"345","data/train\GPAB3022_jpg.rf.4a7028ccc8d0c43d90f9f26c5b803a76.jpg",0.851844787597656,0.262795190533163,0.206717391012112,0.262795190533163,0.0132133591179956,0,0.00404341655736351,0.216803367625398,0.145008958697811,0,0.00544051251817185,0.0460167881964115,0.0522245032387661,0,0,0,0,0,0.00404341655736351,0,0.131795599579815,0,0.00544051251817185,0,0.0522245032387661,0,0,0,0,"GPAB3022","GPAB3022.JPG",2024-10-03 23:27:30.755,2024-10-04 11:27:30.755,7.18165891345,171.119292086,793832.420841743,513170.781443218,-3.65964576870885,31.5386448095703,-0.661,FALSE
"346","data/train\GPAB6220_jpg.rf.3bc13f3d7e06c9294ec7edc12332c5da.jpg",0.986161231994629,0.130139248698444,0.140986666615456,0.0885009880493084,0.0082961574579959,0,0,0,0,0.130139248698444,0.00693362881992921,0,0.12238560616681,0,0.0116674316287162,0,0,0,0,0,0,0.0500592445503655,0.00693362881992921,0,0.12238560616681,0,0.00337127417072032,0,0,"GPAB6220","GPAB6220.JPG",2024-10-04 01:14:13.151,2024-10-04 13:14:13.151,7.16981670387,171.13686720772,792523.834395012,515111.606655815,-4.89908661788336,31.4425650947266,-0.233465716666667,FALSE
"347","data/train\GPAB3198_jpg.rf.6a4a94373c659a065374d5d3634da775.jpg",0.911901473999023,0.196484503277174,0.181317130220866,0.192836690524521,0.00228624431799632,0,0.0160987703635138,0.121607841405123,0.0926922759317334,0.0654628276454084,0.0650653034338794,0.00951081477100108,0.00625860582305755,0,0.00120217466868181,0,0,0,0.0160987703635138,0,0.0915093053312414,0,0.0650653034338794,0.0036593351935674,0.00515533210555324,0,0.00120217466868181,0,0,"GPAB3198","GPAB3198.JPG",2024-10-03 23:33:23.107,2024-10-04 11:33:23.107,7.18283555316,171.11918655066,793962.492542618,513159.095668288,-2.82465871260766,32.429921875,-0.651229766666667,FALSE
"348","data/train\GPAB6688_jpg.rf.57296e4a40af7ca9cfdf1f0f28a97d2c.jpg",0.903609275817871,0.120511289111485,0.176968368979285,0.0683338358397843,0.114516739226038,0.0249163182728629,0,0,0.0640599704641431,0.0785119919803811,0.0732827242122971,0.0108733434090678,0.0113611267410888,0.00211340770428807,0.0253868179435131,0.00420473073015787,0.00287772961824232,0.00506507298506115,0,0,0,0.0463326951181338,0.0482127733939158,0,0.0113611267410888,0,0,0.00134812558692433,0.00287772961824232,"GPAB6688","GPAB6688.JPG",2024-10-04 01:29:50,2024-10-04 13:29:50,7.169201204,171.135858382,792455.759250491,515000.241415584,-2.15800671641381,31.3273818359375,-0.139333333333333,FALSE
"349","data/train\GPAB3218_jpg.rf.7f693488a22da0d8f7d7290197305846.jpg",0.929924964904785,0.06555404696931,0.114713580924983,0.0461925054203482,0.0349312398338464,0.00132892151873452,0.00174084878140585,0,0.0165039762023187,0.0405724348646017,0.0539586305963055,0.00427866639268862,0.032403984460068,0.0013414041630579,0.0101061408848851,0.0180326200302272,0,0.00132892151873452,0.00174084878140585,0,0,0,0.0355313669647778,0,0.032403984460068,0,0.0101061408848851,0.0180326200302272,0,"GPAB3218","GPAB3218.JPG",2024-10-03 23:34:03.147,2024-10-04 11:34:03.147,7.18282839871,171.11931166958,793961.705230028,513172.909967746,-1.67729257428856,32.472822265625,-0.6497902,FALSE
"350","data/train\GPAB6737_jpg.rf.b1b33630159b660adb00a54e0dd9619a.jpg",0.802191734313965,0.332922686341875,0.466681901894097,0.193600052235065,0.180646908241042,0,0,0,0.0410093274159198,0.327422641212314,0.411287767200604,0,0.00136156843465719,0,0.00434780103817192,0.00550004512956024,0.00867543780474455,0,0,0,0,0.144152457256545,0.275329685840648,0,0.00136156843465719,0,0.00326661199908588,0,0.00607712737866389,"GPAB6737","GPAB6737.JPG",2024-10-04 01:31:28.185,2024-10-04 13:31:28.185,7.1689391439,171.13452796425,792426.745870952,514853.357065797,-1.78681609179457,31.271611328125,-0.1253025,FALSE
"351","data/train\GPAB3261_jpg.rf.8999c48d44cc28e7c338a83f1c9f0ff3.jpg",0.983148574829102,0.985793790556592,0.996144783310897,0.985793790556592,0,0,0,0.985793790556592,0.996144783310897,0,0,0,0,0,0,0,0,0,0,0,0.996144783310897,0,0,0,0,0,0,0,0,"GPAB3261","GPAB3261.JPG",2024-10-03 23:35:29.233,2024-10-04 11:35:29.233,7.18244173016,171.11915499369,793918.955436169,513155.622855943,-1.81169420330285,32.4889828427734,-0.644051133333334,FALSE
"352","data/train\GPAB6674_jpg.rf.148aacfe1180e80f7909bfa5817c3478.jpg",0.964899063110352,0.0880804189559516,0.0839553851087814,0.0858441052152488,0.0097758309120204,0,0,0,0.00421241235743379,0.0622739921224912,0.0625466898907865,0,0.0010552635470298,0.0109242341897708,0.00210380567019317,0.0148831528470991,0.0140372136433382,0,0,0,0,0,0.0625466898907865,0,0,0,0.00210380567019317,0.00223631374070283,0.0095290586357814,"GPAB6674","GPAB6674.JPG",2024-10-04 01:29:22,2024-10-04 13:29:22,7.169265686,171.136202893,792462.898853949,515038.277127948,-1.91896636300362,31.31451171875,-0.143066666666667,FALSE
"353","data/train\GPAB3272_jpg.rf.2b8771d36365460b06cf19eab013370a.jpg",0.603072166442871,0.899510872383206,0.519857006508259,0.890417746095333,0.0445505575901199,0,0.00201546695652006,0.890417746095333,0.508629348041089,0.00909312628787282,0.00921219151064961,0,0,0,0,0,0,0,0.00201546695652006,0,0.473290981961619,0.00909312628787282,0,0,0,0,0,0,0,"GPAB3272","GPAB3272.JPG",2024-10-03 23:35:51.255,2024-10-04 11:35:51.255,7.18248412795,171.1190967639,793923.640740192,513149.192614526,-1.73385565655398,32.429921875,-0.642583,FALSE
"354","data/train\GPAB2866_jpg.rf.5a98983bcb97a76879d7a1bebe213158.jpg",0.523334503173828,0.633916688911379,0.238789145092496,0.632136471790184,0.0134486089533207,0.307229563510734,0.105209487577848,0,0,0.105316070156302,0.117843844039921,0,0.00727642143711723,0.225752463401847,0.00845939203760924,0,0,0,0.101064289459079,0,0,0.00187623746214398,0.112658745628674,0,0.0062835711117043,0,0.00533392993971843,0,0,"GPAB2866","GPAB2866.JPG",2024-10-03 23:22:18.443,2024-10-04 11:22:18.443,NA,NA,NA,NA,NA,31.271611328125,-0.660307383333333,FALSE
"355","data/train\GPAB3275_jpg.rf.1d25169dab7666cefd953b8af141cd76.jpg",0.815117835998535,0.912868262012625,0.740336032785185,0.912868262012625,0,0,0,0.912868262012625,0.739043598996011,0,0,0,0.00129243378917389,0,0,0,0,0,0,0,0.739043598996011,0,0,0,0.00129243378917389,0,0,0,0,"GPAB3275","GPAB3275.JPG",2024-10-03 23:35:57.261,2024-10-04 11:35:57.261,7.1824924914,171.11908363835,793924.564923179,513147.743211238,-2.61394537594488,32.4116420185547,-0.6421826,FALSE
"356","data/train\GPAB3580_jpg.rf.6faa88328d805010559cf4cac7351afb.jpg",0.731095314025879,0.829415063287007,0.587644486608043,0.60769257359479,0.241863716409684,0.0334746112616497,0.0299324208840401,0,0,0.796023989721983,0.543222596274795,0,0,0,0,0,0.0144894694492081,0,0.0299324208840401,0,0,0.221928933425257,0.315848349314319,0,0,0,0,0,0,"GPAB3580","GPAB3580.JPG",2024-10-03 23:46:07.871,2024-10-04 11:46:07.871,7.18182117425,171.11960703218,793850.367451477,513205.549338292,-1.70045131391126,32.00091796875,-0.62139355,FALSE
"357","data/train\GPAB3145_jpg.rf.d9128aab05116feac9fb4af5f6406429.jpg",0.922080993652344,0.228938418314536,0.191976348269617,0.190961413265786,0.0396708038630903,0,0,0.123147047470536,0.097025673918763,0.0918636203893433,0.0771196970366202,0.00905759876172168,0.00304576521490312,0.00585628059448113,0.0147852120993311,0,0,0,0,0.0136867393988742,0.0662367515934576,0.0229094931470283,0.0703272181178861,0.00168515698365541,0.00193480987012288,0.00042633031381367,0.0138067648250605,0,0,"GPAB3145","GPAB3145.JPG",2024-10-03 23:31:37,2024-10-04 11:31:37,7.182193582,171.120312998,793891.556649196,513283.482775085,-3.67170421763525,32.078138671875,-0.657383333333333,FALSE
"358","data/train\GPAB7095_jpg.rf.da1a17f02f4eb3d1397d87151efeb1a6.jpg",0.903223991394043,0.476470215450441,0.474710162600845,0.198754424137209,0.140829193256299,0.00173412735753942,0.00202026797356752,0,0.0413588414569742,0.408236240765244,0.382449017999973,0.0523589317160947,0.0277806050433724,0,0.00205579549971866,0.0144808276185227,0.0190456346272394,0,0.00202026797356752,0,0,0.258192935591476,0.31563902497105,0.0126746850052715,0.0162216763999286,0,0,0.00735707852351442,0,"GPAB7095","GPAB7095.JPG",2024-10-04 01:43:24.901,2024-10-04 13:43:24.901,7.16886371902,171.13599963206,792418.455700599,515015.848036951,-1.8013337541251,31.2205555732422,-0.0291897666666668,FALSE
"359","data/train\GPAB5827_jpg.rf.7cc4d07d38d46d7c26b93ba7539d1662.jpg",0.953520774841309,0.389196367358461,0.38185177147927,0.175990881908423,0.198469243724591,0.00929476900386577,0,0,0.0067963197323721,0.364633403940291,0.365381402396284,0.00742333255876925,0.00260983286699454,0,0,0.00787846897486763,0.00706421648361989,0.00929476900386577,0,0,0,0.195485891731304,0.178847487051657,0.0016861171870649,0.00260983286699454,0,0,0.00787846897486763,0.00192520783602798,"GPAB5827","GPAB5827.JPG",2024-10-04 01:01:06.365,2024-10-04 13:01:06.365,7.16986579645,171.13510032055,792529.20367579,514916.52142287,-2.21411355447613,31.5574780810547,-0.326151333333333,FALSE
"360","data/train\GPAB6953_jpg.rf.3c4797ae04ca57b08f99af0dc3792d45.jpg",0.929823875427246,0.391698657443593,0.442749792115962,0.256898581395483,0.082219337344423,0,0,0,0.0294763242645322,0.348061253295898,0.354870055672594,0.00144222552105438,0,0.00269529097043917,0.0165740710512115,0.0397735456279058,0.0418293411276245,0,0,0,0,0.136365207605579,0.303481889603494,0.00048586292520207,0,0,0.0152192240404207,0,0.0418293411276245,"GPAB6953","GPAB6953.JPG",2024-10-04 01:38:40.617,2024-10-04 13:38:40.617,7.1692078537,171.13698826535,792456.531429562,515124.992824675,-1.784375,31.2082646113281,-0.0696152500000001,FALSE
"361","data/train\GPAB6671_jpg.rf.f7066ac41f976d19e9ae069cb9ee4bba.jpg",0.989005088806152,0.123678039955984,0.126062225021749,0.112700994578692,0.0128878501621783,0,0,0,0,0.0823153576853721,0.0818342957772174,0.021114872974691,0.021011171006466,0,0.00240434933736362,0.0202506899061497,0.0208124089007015,0,0,0,0,0.0109770453772927,0.0713507949524027,0,0.021011171006466,0,0,0,0.0208124089007015,"GPAB6671","GPAB6671.JPG",2024-10-04 01:29:16,2024-10-04 13:29:16,7.169283904,171.136286467,792464.915549278,515047.504023396,-1.71665088134158,31.31451171875,-0.143866666666667,FALSE
"362","data/train\GPAB3140_jpg.rf.3734bd1b93d5f65c2538d0366e470a65.jpg",0.846537590026855,0.519210789613672,0.434873243547913,0.516479010913672,0.00370926577086089,0,0,0.340400750494985,0.266922144787152,0.158849330642203,0.00322916406611576,0.0191704610704732,0.00965292487560564,0.00086034225490327,0.15506900981904,0,0,0,0,0,0.263212879016291,0.00069806787869942,0.00322916406611576,0.00214893523043921,0.00965292487560564,0,0.15506900981904,0,0,"GPAB3140","GPAB3140.JPG",2024-10-03 23:31:26.991,2024-10-04 11:31:26.991,7.18213383554,171.12044317156,793884.955594556,513297.856696449,-2.39185635909036,32.0695972041016,-0.65755015,FALSE
"363","data/train\GPAB5892_jpg.rf.546c74522ae889052219499406c99537.jpg",0.872883796691895,0.538563689331948,0.579215821079538,0.421279643879759,0.119047939115422,0,0.00907584262650199,0,0.0670874918142659,0.538499355703512,0.500400404821757,0,0.00112151758228463,6.43336284358478e-05,0.00153056423472748,0,0,0,0,0,0,0.117858247091064,0.457515800147103,0,0.00112151758228463,0,0.00153056423472748,0,0,"GPAB5892","GPAB5892.JPG",2024-10-04 01:03:16.495,2024-10-04 13:03:16.495,7.16952585635,171.1333894979,792491.56886435,514727.638874997,-2.04275441473173,31.48611328125,-0.308075583333333,FALSE
"364","data/train\GPAB3190_jpg.rf.d4e76a4459f59060c22cf6bab4fc09c1.jpg",0.88044548034668,0.378231804625492,0.335122512353017,0.36830810238841,0.0275175093091721,0,0,0.147092600096404,0.160593060033838,0.166845904636438,0.108549075036056,0.0637383023219639,0.0457479312417542,0.00096212381630924,0.0187479715702975,0,0.00148447447107195,0,0,0,0.144472204991905,0.00828751562731048,0.100388306258798,0.0018243864780315,0.0457479312417542,0,0.0169965605513872,0,0,"GPAB3190","GPAB3190.JPG",2024-10-03 23:33:07,2024-10-04 11:33:07,7.182715335,171.119333808,793949.20694087,513175.357475022,-2.46634102859456,32.301220703125,-0.651766666666667,FALSE
"365","data/train\GPAB3214_jpg.rf.a9331ffc6e7ef157654776be1e3f6aa5.jpg",0.0103864669799805,0,0.996388674976907,0,0,0,0,0,0.996388674976907,0,0,0,0,0,0,0,0,0,0,0,0.996388674976907,0,0,0,0,0,0,0,0,"GPAB3214","GPAB3214.JPG",2024-10-03 23:33:55.139,2024-10-04 11:33:55.139,7.18286993287,171.11923921322,793966.294650865,513164.909032,-1.67386761782728,32.472822265625,-0.650162033333334,TRUE
