image,accuracy,coral_cover,coral_cover_pred,pct_bleached_true,pct_bleached_pred,cover_true__branching_acropora,cover_pred__branching_acropora,cover_true__finger-knob_porites,cover_pred__finger-knob_porites,cover_true__finger_acropora,cover_pred__finger_acropora,cover_true__mounding_,cover_pred__mounding_,cover_true__oddball,cover_pred__oddball,cover_true__pocillopora_,cover_pred__pocillopora_,cover_healthy_true__branching_acropora,cover_healthy_pred__branching_acropora,cover_healthy_true__finger-knob_porites,cover_healthy_pred__finger-knob_porites,cover_healthy_true__finger_acropora,cover_healthy_pred__finger_acropora,cover_healthy_true__mounding_,cover_healthy_pred__mounding_,cover_healthy_true__oddball,cover_healthy_pred__oddball,cover_healthy_true__pocillopora_,cover_healthy_pred__pocillopora_,image_id,filename,DateTimeUTC,DateTimeLocal,latPhoto,lonPhoto,NorthPhoto_UTM,EastPhoto_UTM,Depth_WaterSurface,HoboTempPhoto,photo_tide
data/train\GPAB2756_jpg.rf.e3eab669406113c45048b693e012a15e.jpg,0.21726322174072266,0.24998799745738137,0.9359275468915335,0.20952694618828052,0.9359275468915335,0.014096746254726601,0.0,0.018300516781474988,0.0,0.1839605702071927,0.016275447790860015,0.033684895808328036,0.0,0.00015939376597538422,0.9196520991006735,0.0,0.0,0.0,0.0,0.0,0.0,0.040640609306675526,0.0,0.0,0.0,0.0,0.0,0.0,0.0,GPAB2756,GPAB2756.JPG,2024-10-03 23:18:38.223,2024-10-04 11:18:38.223,,,,,,30.00891984082031,-0.6657259000000001
data/train\GPAB3080_jpg.rf.78f928f2c19bd787656114709b49bc5b.jpg,0.2949657440185547,0.29873464394697374,0.9081469418481611,0.29873464394697374,0.6623367894254719,0.0,0.010465256960034414,0.272271437981422,0.8843511809541733,0.015233627091563076,0.0,0.009259241477714638,0.0,0.001971297599683517,0.013330503933953368,0.0,0.0,0.0,0.0,0.0,0.23247964848873584,0.0,0.0,0.0,0.0,0.0,0.013330503933953368,0.0,0.0,GPAB3080,GPAB3080.JPG,2024-10-03 23:29:26.871,2024-10-04 11:29:26.871,7.18209165935,171.12050913623,793880.2950311012,513305.14094218216,-4.708335343403753,31.717221975585936,-0.6606564500000001
data/train\GPAB3204_jpg.rf.6183f6d5f541f47d27658919cb096075.jpg,0.10074043273925781,0.0938243557515224,0.9991463791689632,0.09199804886667191,0.0,0.0,0.0,0.0753077932029121,0.9981852155560634,0.013724187331844377,0.0,0.00479237521676592,0.0009611636128997567,0.0,0.0,0.0,0.0,0.0,0.0,0.0,0.9981852155560634,0.0018531925803162142,0.0,0.0,0.0009611636128997567,0.0,0.0,0.0,0.0,GPAB3204,GPAB3204.JPG,2024-10-03 23:33:35.119,2024-10-04 11:33:35.119,7.18290168692,171.11913126026,793969.8018858859,513152.98928112054,-1.688671875,32.429921875,-0.6508293666666668
data/train\GPAB3101_jpg.rf.b62e7eeebc3c25bf04dbff6c796cb5d3.jpg,0.6656894683837891,0.3870051831780044,0.6707376090551023,0.13266650407222266,0.5458833199224924,0.0,0.0018819986826009221,0.05592512717894159,0.10301638299057272,0.32411185985639196,0.3727250380720652,0.007087261365447657,0.023907144489488653,0.0,0.09492570906220774,0.0,0.074281335758167,0.0,0.0,0.05592512717894159,0.03547567516702738,0.19201859721963502,0.0,0.007087261365447657,0.0013894143335324155,0.0,0.08263702582755131,0.0,0.005352173804498745,GPAB3101,GPAB3101.JPG,2024-10-03 23:30:08.913,2024-10-04 11:30:08.913,7.181867211749999,171.12094311030998,793855.4955015458,513353.0616552514,-1.8421058093688463,31.89758379785156,-0.6588514500000001
data/train\GPAB6691_jpg.rf.e53cc0d0f407655cd9ee813792227553.jpg,0.6301059722900391,0.24229580794395486,0.5714957856672358,0.11489890018301477,0.3566147452676375,0.05072178490291383,0.05922630650076912,0.051691590346499006,0.19149528636146282,0.13676945324097456,0.13226609925046523,0.0,0.033502457160524884,0.0005146690274867827,0.12709924470399808,0.00299199382397167,0.027906391690015613,0.05072178490291383,0.006461208742460003,0.0,0.1313519856046305,0.07419587765472238,0.0,0.0,0.013331464137362858,0.0,0.06136371929029446,0.00299199382397167,0.0023726626248504485,GPAB6691,GPAB6691.JPG,2024-10-04 01:29:56.000,2024-10-04 13:29:56.000,7.169180876,171.135777268,792453.509388651,514991.2861969621,-3.150713330221463,31.3016416015625,-0.13853333333333345
data/train\GPAB6251_jpg.rf.8b3bf7684a9fedc046ef83653d618b39.jpg,0.7678461074829102,0.12776562587018434,0.2936858944198739,0.0817795641828765,0.12054969724786499,0.05180681475563784,0.04199257570723782,0.0,0.02915177551212449,0.059565258304319184,0.041041014128432966,0.009786393149524796,0.017966365994972373,0.006653249424358056,0.15547325545443547,0.0,0.008060907622670787,0.0,0.029900734171526895,0.0,0.011774014207169647,0.044786767628854494,0.0010792686322670594,0.0012453838221088756,0.013500459937433146,0.0,0.11550190792417465,0.0,0.0013798122994375128,GPAB6251,GPAB6251.JPG,2024-10-04 01:15:15.213,2024-10-04 13:15:15.213,7.16964938331,171.13603216293,792505.3100971096,515019.41407268046,-4.564289446117615,31.376399822265622,-0.2269858000000001
data/train\GPAB3072_jpg.rf.0ac2243c6b202e76c28f399d6eb11d70.jpg,0.865849494934082,0.3561682506822245,0.395629730202046,0.3561682506822245,0.053801157237149115,0.0,0.0,0.046118569757817494,0.140031264223013,0.3042740574163231,0.04792759298129716,0.0,0.05841301421293087,0.00591005198541259,0.14364835046656282,0.0,0.005609508318242137,0.0,0.0,0.0,0.140031264223013,0.0,0.0,0.0,0.053857809238309046,0.0,0.1423299911853327,0.0,0.005609508318242137,GPAB3072,GPAB3072.JPG,2024-10-03 23:29:10.855,2024-10-04 11:29:10.855,7.18219436635,171.12029780295,793891.6429168184,513281.805099224,-3.5758215988123316,31.605612319335933,-0.6614572500000001
data/train\GPAB3096_jpg.rf.a6470fed9e9e1c7e6665b90f39689d33.jpg,0.5023822784423828,0.3785697962256324,0.6937469633567175,0.0,0.18575999139657745,0.0,0.041096705926183405,0.0,0.008645671499050359,0.3785697962256324,0.01946140270354872,0.0,0.3035020538750929,0.0,0.2035727248460314,0.0,0.11746840450681072,0.0,0.031016490533354587,0.0,0.008645671499050359,0.3785697962256324,0.0,0.0,0.18291778930448627,0.0,0.1679386161164381,0.0,0.11746840450681072,GPAB3096,GPAB3096.JPG,2024-10-03 23:29:58.903,2024-10-04 11:29:58.903,7.18195057503,171.12094092804,793864.711051514,513352.8182833422,-1.7607678557088322,31.837064216796875,-0.6590548500000001
data/train\GPAB6672_jpg.rf.cfd673b99f828cebf1bf4d7528ea8aff.jpg,0.7123069763183594,0.11688940185088809,0.40407087837487493,0.11688940185088809,0.29876537045607743,0.0,0.01621207436583366,0.0,0.012273319980104586,0.10003399120069595,0.11869074344709184,0.014015128964919929,0.052528887719574514,0.002107646483831135,0.11036193907317327,0.0007326352014410733,0.09400391378909709,0.0,0.0,0.0,0.006034878428646325,0.0,0.0,0.0,0.0010206962242881531,0.0,0.059859080547623206,0.0,0.03839085271823983,GPAB6672,GPAB6672.JPG,2024-10-04 01:29:18.000,2024-10-04 13:29:18.000,7.169275155,171.136258655,792463.9474564865,515044.43355837814,-1.6778507588912617,31.314511718750005,-0.14360000000000012
data/train\GPAB3414_jpg.rf.79f5f83a7d2e3362e7ffb0a7840a4535.jpg,0.858281135559082,0.8529525294638416,0.9950943207809142,0.8529525294638416,0.0,0.0,0.0,0.8529525294638416,0.9950943207809142,0.0,0.0,0.0,0.0,0.0,0.0,0.0,0.0,0.0,0.0,0.0,0.9950943207809142,0.0,0.0,0.0,0.0,0.0,0.0,0.0,0.0,GPAB3414,GPAB3414.JPG,2024-10-03 23:40:35.539,2024-10-04 11:40:35.539,7.18250852007,171.11917022070998,793926.3393397228,513157.302117723,-2.0790131098393303,32.45103744726562,-0.6318153666666668
data/train\GPAB3035_jpg.rf.d5c32d9742ccdb6a97e4a8d5755c24d6.jpg,0.5450410842895508,0.4894569665637969,0.43113517167476756,0.4894569665637969,0.03828715075001488,0.0,0.01192956715950707,0.4894569665637969,0.3596451472279888,0.0,0.0,0.0,0.029816236271491752,0.0,0.029744221015779983,0.0,0.0,0.0,0.0,0.0,0.35221701365217206,0.0,0.0,0.0,0.029816236271491752,0.0,0.010814771001088871,0.0,0.0,GPAB3035,GPAB3035.JPG,2024-10-03 23:27:56.781,2024-10-04 11:27:56.781,7.18146152717,171.11958317853,793810.6086320414,513202.9260793198,-6.007587007726488,31.598593815429684,-0.661
data/train\GPAB7183_jpg.rf.fab8bfb6e90da76e1104f286c677bd7f.jpg,0.02435779571533203,0.012093761942529906,0.9893628666296669,0.0018829588860104125,0.0844335664067076,0.0,0.0,0.0,0.9049293002229593,0.011627103085517636,0.0844335664067076,0.0004666588570122695,0.0,0.0,0.0,0.0,0.0,0.0,0.0,0.0,0.9049293002229593,0.010210803056519493,0.0,0.0,0.0,0.0,0.0,0.0,0.0,GPAB7183,GPAB7183.JPG,2024-10-04 01:46:21.000,2024-10-04 13:46:21.000,7.168413479,171.133674596,792368.6073435536,514759.15263881406,-1.7577722600134087,31.014208984374996,-0.003200000000000003
data/train\GPAB6220_jpg.rf.3bc13f3d7e06c9294ec7edc12332c5da.jpg,0.22565460205078125,0.1301392486984443,0.9072741169489345,0.08850098804930837,0.7503903226859578,0.0,0.0,0.0,0.0047097977235497565,0.1301392486984443,0.7477852908360108,0.0,0.12494166764287347,0.0,0.005867803035395018,0.0,0.02396955771110552,0.0,0.0,0.0,0.0047097977235497565,0.05005924455036555,0.0,0.0,0.12233663579292638,0.0,0.005867803035395018,0.0,0.02396955771110552,GPAB6220,GPAB6220.JPG,2024-10-04 01:14:13.151,2024-10-04 13:14:13.151,7.16981670387,171.13686720772,792523.8343950122,515111.6066558145,-4.899086617883359,31.44256509472656,-0.23346571666666677
data/train\GPAB3212_jpg.rf.18fffd5daee83a4157cdafc4403a2b74.jpg,0.009368896484375,0.0,0.9974132120148332,0.0,0.0,0.0,0.0,0.0,0.9974132120148332,0.0,0.0,0.0,0.0,0.0,0.0,0.0,0.0,0.0,0.0,0.0,0.9974132120148332,0.0,0.0,0.0,0.0,0.0,0.0,0.0,0.0,GPAB3212,GPAB3212.JPG,2024-10-03 23:33:51.135,2024-10-04 11:33:51.135,7.182889294899999,171.11920356309997,793968.4340534005,513160.9724273522,-1.6721551395966445,32.46482134277343,-0.6502955000000001
data/train\GPAB2996_jpg.rf.d08388c725e99d9745b5436805937c36.jpg,0.6585874557495117,0.36226266172225924,0.6506434323046995,0.36226266172225924,0.5368574078732838,0.0,0.03444345650182535,0.0,0.027986088573003304,0.36226266172225924,0.394540859535684,0.0,0.0013990163676273182,0.0,0.09874155741152206,0.0,0.09353245391503737,0.0,0.0083259237636901,0.0,0.018200655626888,0.0,0.0,0.0,0.0013990163676273182,0.0,0.07158796519454681,0.0,0.01427246347866332,GPAB2996,GPAB2996.JPG,2024-10-03 23:26:38.703,2024-10-04 11:26:38.703,7.181728541769999,171.11937125129998,793840.1203632256,513179.51992041303,-1.7041323392946366,31.55347976464843,-0.6606450500000001
data/train\GPAB6704_jpg.rf.9790ef8bf24b48dda270de4b435b6865.jpg,0.07918262481689453,0.08874007869827144,0.9596416904957146,0.07002667445071564,0.9596416904957146,0.0,0.0,0.050036199668537784,0.0,0.03312221661036674,0.0,0.005581662419366919,0.0,0.0,0.9596416904957146,0.0,0.0,0.0,0.0,0.0,0.0,0.018286113730332634,0.0,0.0004820221115641137,0.0,0.0,0.0,0.0,0.0,GPAB6704,GPAB6704.JPG,2024-10-04 01:30:22.119,2024-10-04 13:30:22.119,7.16910697445,171.135410916,792445.3278004432,514950.8392902045,-5.396656174994381,31.314511718750005,-0.13505080000000014
data/train\GPAB6675_jpg.rf.ff620a925e7b59025304d2d058117d72.jpg,0.15890979766845703,0.15439590722898738,0.9602859869834826,0.14091561156315355,0.9602859869834826,0.0,0.0,0.0,0.0,0.10301734319398222,0.06844041841823773,0.04734570971514605,0.0,0.0,0.0,0.004086625710790574,0.8918455685652449,0.0,0.0,0.0,0.0,0.0,0.0,0.01348029566583385,0.0,0.0,0.0,0.0,0.0,GPAB6675,GPAB6675.JPG,2024-10-04 01:29:24.000,2024-10-04 13:29:24.000,7.169259636,171.136174611,792462.2291144083,515035.1546809448,-1.9256653027499862,31.314511718750005,-0.14280000000000015
data/train\GPAB3224_jpg.rf.3496e1b9cc1114642afead4714dc1e93.jpg,0.6713161468505859,0.4271186408128698,0.5941594667414345,0.34280798044257693,0.252641039477803,0.0,0.042358413206253616,0.0,0.001308757247135233,0.4271186408128698,0.11682314781563326,0.0,0.15525720968730017,0.0,0.07638226081813171,0.0,0.20202967796698051,0.0,0.042358413206253616,0.0,0.001308757247135233,0.08431066037029285,0.0,0.0,0.13312932211559697,0.0,0.06771642504748206,0.0,0.09700550964716366,GPAB3224,GPAB3224.JPG,2024-10-03 23:34:15.159,2024-10-04 11:34:15.159,7.18274942123,171.11941347125003,793952.9773842017,513184.15193248907,-1.928564232694475,32.47282226562499,-0.6489894
data/train\GPAB3102_jpg.rf.a6765907f9771f066375b21716880e39.jpg,0.7005395889282227,0.5041125512028468,0.6396308594012555,0.4721224144122691,0.40839083351417166,0.003983883945975116,0.01106250348073736,0.2580969152505267,0.406732562225982,0.19614555147362417,0.09883949815929007,0.04444397501166647,0.05043564428688573,0.0018983221405622567,0.07112322674435352,0.0,0.0014374245040069287,0.0,0.01106250348073736,0.0025099717124075563,0.17069343969826567,0.014647903011774014,0.0,0.015056949664216867,0.004760688504252741,0.0,0.04472339420382814,0.0,0.0,GPAB3102,GPAB3102.JPG,2024-10-03 23:30:10.915,2024-10-04 11:30:10.915,7.181838991549999,171.12094180095002,793852.3757869997,513352.9179147675,-3.0662345305877095,31.906172456054684,-0.6588180833333332
data/train\GPAB3481_jpg.rf.e4fc253b7043c340198c9e586f1f566a.jpg,0.7690668106079102,0.8208394866368491,0.785787261173407,0.8208394866368491,0.02847291170161487,0.0,0.0,0.8208394866368491,0.7419635775642712,0.0,0.0,0.0,0.008286555423900999,0.0,0.02965972311574484,0.0,0.00587740506948992,0.0,0.0,0.0,0.719588917716329,0.0,0.0,0.0,0.002188303570228317,0.0,0.02965972311574484,0.0,0.00587740506948992,GPAB3481,GPAB3481.JPG,2024-10-03 23:42:49.673,2024-10-04 11:42:49.673,7.18244700313,171.11902497977002,793919.5346201229,513141.26815300225,-17.5190337743286,32.20114696191406,-0.6271721166666668
data/train\GPAB6718_jpg.rf.7f7818197c5ceb86c0d72a23ee969dcf.jpg,0.7843904495239258,0.13390324606364612,0.3193694152169195,0.12307119140118643,0.048441301805374454,0.0,0.0038974656391209915,0.09447729406997578,0.18407099359928408,0.018433985055394134,0.020346710247098745,0.020480178521017894,0.03440984938249319,0.0005175496377152536,0.07388189113981906,0.0,0.0027625052091034964,0.0,0.0020413924485763063,0.0,0.18055376851032123,0.0034231251548327997,0.0,0.006934589023338704,0.02154696450896158,0.0005175496377152536,0.0640234827345825,0.0,0.0027625052091034964,GPAB6718,GPAB6718.JPG,2024-10-04 01:30:50.147,2024-10-04 13:30:50.147,7.169036087529999,171.1350350276,792437.4791952916,514909.33934851486,-5.490395638486129,31.271611328124997,-0.13131373333333346
data/train\GPAB6710_jpg.rf.9e215ac6bc82835890363fb4d212536b.jpg,0.6595792770385742,0.24653606620026386,0.5554786325935286,0.2039155174632194,0.2793673411775551,0.04790838891310735,0.06846634391029395,0.07433510714909847,0.23865183600493928,0.11816071116505321,0.15249470447819666,0.005066993391880136,0.057002475404389664,0.0012194583300526383,0.03752186863265114,0.0,0.0013414041630579023,0.0,0.06378919310266687,0.0,0.1988533250883867,0.039192622565164204,0.0,0.0022545576054831457,0.00277402765001738,0.0012194583300526383,0.010694745574902588,0.0,0.0,GPAB6710,GPAB6710.JPG,2024-10-04 01:30:34.131,2024-10-04 13:30:34.131,7.169083018089999,171.13524108163,792442.6739542901,514932.08847297763,-4.707182664825742,31.271611328124997,-0.1334492000000001
data/train\GPAB6931_jpg.rf.128f7a7f397fe6d4e864d6d33b1771d7.jpg,0.675806999206543,0.17634711737334438,0.49110659602130113,0.14877007545278392,0.3172396840546701,0.0,0.033525502042352655,0.010853179137468482,0.1216731352369686,0.14614007831419007,0.22179450494792816,0.0,0.021530641051000245,0.007595208969068007,0.0810699738632632,0.011933407973145032,0.011512838879788293,0.0,0.029330373346289677,0.0,0.07736646931285923,0.018729727705517136,0.0,0.0,0.0025320563908258326,0.0,0.06058883513883581,0.00908448445718741,0.004049177777820453,GPAB6931,GPAB6931.JPG,2024-10-04 01:37:56.573,2024-10-04 13:37:56.573,7.16910506648,171.1364634008,792445.1512863929,515067.04534629226,-1.6888942146192907,31.11533807519531,-0.07345693333333352
data/train\GPAB2994_jpg.rf.399149a84f76c2e820ddc039f29be960.jpg,0.7878751754760742,0.06014906197728927,0.26390710608135226,0.034282142329030985,0.18991287114262284,0.0,0.0405935593396105,0.0,0.06622426894913419,0.06014906197728927,0.040818246937431225,0.0,0.0020596363133566216,0.0,0.05697847031915241,0.0,0.05723292422266733,0.0,0.024103025985024666,0.0,0.012661242157538654,0.025866919648258286,0.0,0.0,0.0,0.0,0.0372299667961661,0.0,0.0,GPAB2994,GPAB2994.JPG,2024-10-03 23:26:34.699,2024-10-04 11:26:34.699,7.18169822016,171.11941638227,793836.7696792112,513184.50361296936,-1.8536099372675652,31.53630244824219,-0.6605783166666668
data/train\GPAB3068_jpg.rf.f079ef9d00e8ebeea16a9fd4dca0c364.jpg,0.8729190826416016,0.7365701150131644,0.7350337895579799,0.7348964804704229,0.032167774421333416,0.0,0.04329173092027815,0.2887638917428268,0.24545967817822528,0.4323479085809538,0.0099832348484703,0.0014143796221791625,0.15804756079527887,0.014099626864955072,0.2709857256161145,0.0,0.007265859199612846,0.0,0.04329173092027815,0.0,0.23781453863186378,0.0016774753563794955,0.0,0.0,0.14607766509257322,0.0,0.26841622129231857,0.0,0.007265859199612846,GPAB3068,GPAB3068.JPG,2024-10-03 23:29:02.847,2024-10-04 11:29:02.847,7.18220460289,171.12017676875,793892.7710360206,513268.4416743356,-2.3103211573301174,31.57125768652343,-0.6618576500000001
data/train\GPAB6362_jpg.rf.409a2850d857b0bd69c899eb31575f58.jpg,0.8709239959716797,0.05768421982512775,0.1604298254542242,0.048204131563230355,0.04655450210572608,0.0094800882618974,0.012034229331141509,0.04400900286716738,0.046179062572615386,0.004195128696062974,0.015003178273285412,0.0,0.0646745006462169,0.0,0.015075193528997183,0.0,0.007463661101967841,0.0094800882618974,0.0034874587832686476,0.0,0.046179062572615386,0.0,0.0,0.0,0.04376127038751889,0.0,0.012983870503127383,0.0,0.007463661101967841,GPAB6362,GPAB6362.JPG,2024-10-04 01:18:57.435,2024-10-04 13:18:57.435,7.16911079815,171.13322103775,792445.6797643244,514709.05233993765,-5.852673824165668,31.209684614257814,-0.21025650000000007
data/train\GPAB3121_jpg.rf.1b45c081583cecc29304e3ac5124201e.jpg,0.7093038558959961,0.12491670235422672,0.3649339476074612,0.11330784313348939,0.13473670262308368,0.0,0.029541618096377537,0.06424144890853678,0.19541867749264005,0.049550336743335706,0.02721024421813517,0.0026991317840771387,0.0320909581485742,0.008425784918277088,0.06519205028393214,0.0,0.015480399367802076,0.0,0.025864999241439306,0.0,0.1470061817895503,0.0044082938529698135,0.0,0.0008219341185236681,0.001023576834516624,0.00637863124924384,0.05630248711887126,0.0,0.0,GPAB3121,GPAB3121.JPG,2024-10-03 23:30:48.953,2024-10-04 11:30:48.953,7.18191316151,171.12090398872,793860.5739992075,513348.74098058394,-1.7339945180051872,32.000917968749995,-0.6581841166666668
data/train\GPAB2943_jpg.rf.785d4f902aaf6a01200939a608fa2ac6.jpg,0.664402961730957,0.35245418389431615,0.5024600411351141,0.32368456933916884,0.26946188280525346,0.0,0.11235628155468455,0.0,0.04437388016277368,0.3258795943332636,0.21212141580072322,0.0018359089189453894,0.029242994836026062,0.0,0.056372581967764054,0.02482221833873288,0.047992886813142496,0.0,0.09729741148364869,0.0,0.03694766699377596,0.016141019313531377,0.0,0.0,0.020765358933636503,0.0,0.051435216036165105,0.012659321750719672,0.026552504882634338,GPAB2943,GPAB2943.JPG,2024-10-03 23:24:52.597,2024-10-04 11:24:52.597,7.18179962841,171.11943696119002,793847.980712926,513186.77276855626,-2.0122669070364005,31.444941776367184,-0.6608766166666667
data/train\GPAB6208_jpg.rf.c473a27a0a8d6f6587dc146ae5eb3014.jpg,0.03953075408935547,0.06422416524716595,0.9509518496398277,0.019663045419541676,0.9509518496398277,0.0,0.0,0.0,0.0,0.06220389727359844,0.007664343614551306,0.0007499188628118981,0.0,0.001278990941441035,0.9432875060252764,0.0,0.0,0.0,0.0,0.0,0.0,0.0425475732779232,0.0,0.0007499188628118981,0.0,0.001278990941441035,0.0,0.0,0.0,GPAB6208,GPAB6208.JPG,2024-10-04 01:13:49.127,2024-10-04 13:13:49.127,7.16988627398,171.13720448762,792531.5363234461,515148.8437423909,-4.449550425318252,31.469497959960933,-0.23572486666666675
data/train\GPAB4862_jpg.rf.11a13aa47c9a9c8fb61cd72b53131a3d.jpg,0.16167354583740234,0.1390057669816774,0.9282612828701632,0.1214071588925398,0.9125811611931872,0.055452707101472376,0.0,0.0,0.0,0.056305367729099734,0.0,0.014106348288821504,0.013211438711176575,0.0,0.9150498441589866,0.013175911185025436,0.0,0.0,0.0,0.0,0.0,0.01110571263416442,0.0,0.006690697357328176,0.013211438711176575,0.0,0.002468682965799475,0.0,0.0,GPAB4862,GPAB4862.JPG,2024-10-04 00:28:54.435,2024-10-04 12:28:54.435,7.1707948108,171.13652719585002,792631.9506352632,515074.03347192757,-3.3193200529455305,31.620970659179687,-0.4845565000000001
data/train\GPAB3036_jpg.rf.73115f2d96e2a173cce8abbe17c95bd0.jpg,0.5885477066040039,0.39805808462464687,0.5704942935111375,0.35170426503150426,0.06534088181240313,0.0,0.0028969336864321338,0.367814557835932,0.52959346908049,0.009564586161932544,0.0,0.006531303591352792,0.010999130055711001,0.014175482934304803,0.027004760688504253,0.0,0.0,0.0,0.0012713093141651127,0.046712935668291974,0.4876959535107917,0.0,0.0,0.0,0.006678214713004803,0.0,0.009507934160772618,0.0,0.0,GPAB3036,GPAB3036.JPG,2024-10-03 23:27:58.783,2024-10-04 11:27:58.783,7.18145090131,171.119602255,793809.4345179967,513205.0325815873,-9.191130577745062,31.590005157226557,-0.661
data/train\GPAB6112_jpg.rf.275e9e45ae9d2003a909da0c5f0de468.jpg,0.34130859375,0.42837746748271155,0.852626060304615,0.3482984235380423,0.708043431920618,0.25879690353604506,0.07843421550421241,0.0,0.0,0.1485261837867734,0.0,0.01042012739978837,0.07130182457851872,0.007628816088400167,0.7028900202218838,0.003246447727486591,0.0,0.00782373738052669,0.07843421550421241,0.0,0.0,0.06534856343967906,0.0,0.0010581441572582737,0.06614841287978446,0.004991137322530405,0.0,0.003246447727486591,0.0,GPAB6112,GPAB6112.JPG,2024-10-04 01:10:36.935,2024-10-04 13:10:36.935,7.1703035254500005,171.1378388206,792577.6834748478,515218.8671727564,-3.6052201031697777,31.443212890625,-0.25269091666666676
data/train\GPAB6017_jpg.rf.2a7ce631b79425a164d63b2137dcb999.jpg,0.6995306015014648,0.2813280765397342,0.45873813908738426,0.22814625050170628,0.27075527679783684,0.038250663020454254,0.03705616997904836,0.009545382093742739,0.10974260787405204,0.20027826694807027,0.14235111566034148,0.017429612289067316,0.031447621864215715,0.016276407994269507,0.12161264242217071,0.0015843356256589397,0.016527981287555955,0.009832482913180328,0.008448829800104854,0.0,0.07921390067271851,0.04262246914386344,0.0,0.002136452586115843,0.014544201043549065,0.0005425149263620006,0.07456747637419511,0.0,0.01120845439897988,GPAB6017,GPAB6017.JPG,2024-10-04 01:07:26.745,2024-10-04 13:07:26.745,7.16981470915,171.135546364,792523.5706129366,514965.77115095983,-2.977653953488237,31.443212890625,-0.27477125000000013
data/train\GPAB3090_jpg.rf.125d5f6ed38bdc5cbae2b664e2362386.jpg,0.6702566146850586,0.6007637457919086,0.7983860901093287,0.44125667581420447,0.20646005649836863,0.1437712565029776,0.1498762297805167,0.3680056383144205,0.5607376666673068,0.07814519427795584,0.02317162867781911,0.01164438674688846,0.0013173990778206455,0.0006078087582073386,0.05036170862435498,0.0,0.012921457281510515,0.1437712565029776,0.1498762297805167,0.0,0.3808521997299908,0.0046329814507905355,0.0,0.01164438674688846,0.0,0.0,0.05036170862435498,0.0,0.010835895476097656,GPAB3090,GPAB3090.JPG,2024-10-03 23:29:46.891,2024-10-04 11:29:46.891,7.18198188811,171.12081489287002,793868.1689682072,513338.90208848723,-1.713360244309154,31.786416015625,-0.65965545
data/train\GPAB5767_jpg.rf.ff45ee3ec5f3fbc48cde27a5273de27d.jpg,0.42737865447998047,0.40390284277821414,0.9578125030006357,0.2585194047507024,0.8110915016237039,0.0747566364458647,0.5928123013579196,0.0,0.0020106659394726178,0.2933507834299618,0.21626853432631168,0.015515926893953215,0.12663450625380482,0.006554348473180559,0.0039205105209487575,0.013833650520526269,0.016165984602178125,0.0747566364458647,0.0,0.0,0.0,0.07152555197292995,0.0,0.0,0.12663450625380482,0.0,0.0039205105209487575,0.0,0.016165984602178125,GPAB5767,GPAB5767.JPG,2024-10-04 00:59:06.245,2024-10-04 12:59:06.245,7.1701961792,171.1367495979,792565.7806295662,515098.6087502649,-5.0828520103574295,31.701752094726558,-0.3423755000000001
data/train\GPAB3065_jpg.rf.623b37a3e1def7e946fbe7642cf75b09.jpg,0.2531147003173828,0.2972511296793113,0.9309296881451367,0.2972511296793113,0.8881190191330132,0.0,0.0,0.295006174107923,0.04281066901212353,0.0020557954997186606,0.0,0.00018916007166958247,0.0,0.0,0.8881190191330132,0.0,0.0,0.0,0.0,0.0,0.04281066901212353,0.0,0.0,0.0,0.0,0.0,0.0,0.0,0.0,GPAB3065,GPAB3065.JPG,2024-10-03 23:28:56.841,2024-10-04 11:28:56.841,7.182134732220001,171.12010157259,793885.0448222712,513260.14145100187,-3.7961113456198454,31.545491711914057,-0.6619473500000002
data/train\GPAB3103_jpg.rf.0626b7b9a4d81eaa1cebe57af180ff38.jpg,0.29738712310791016,0.30260810450085746,0.9719707022735696,0.19770396160722686,0.0640522888368672,0.0028777296182423283,0.0,0.16734329000255413,0.9719707022735696,0.018360049392863384,0.0,0.11193955327496577,0.0,0.0024206727953249617,0.0,0.0,0.0,0.0028777296182423283,0.0,0.002827799040948835,0.9079184134367024,0.005103481121440766,0.0,0.09450129915521303,0.0,0.0,0.0,0.0,0.0,GPAB3103,GPAB3103.JPG,2024-10-03 23:30:12.917,2024-10-04 11:30:12.917,7.1818102564399995,171.12094493018998,793849.1992796991,513353.2642460624,-4.072380215829762,31.914761114257807,-0.6587847166666667
data/train\GPAB6739_jpg.rf.4d32d55f2ea6573a4c99327645b6c1e2.jpg,0.23515796661376953,0.20157166094065368,0.937017377761305,0.03091950998899607,0.9236090973511829,0.0,0.0,0.0,0.0,0.19017212606318523,0.17657276517457457,0.0,0.0,0.0,0.7470363321766083,0.011399534877468443,0.01340828041012208,0.0,0.0,0.0,0.0,0.1706531111550671,0.0,0.0,0.0,0.0,0.0,0.0,0.01340828041012208,GPAB6739,GPAB6739.JPG,2024-10-04 01:31:32.189,2024-10-04 13:31:32.189,7.16892010284,171.13447748312998,792424.6392940213,514847.78400516923,-1.7793849382944296,31.271611328124997,-0.12463516666666678
data/train\GPAB2944_jpg.rf.4c5671d6eb3325a6fb91a55ecd6b13f6.jpg,0.7341794967651367,0.2096949817849413,0.44397789227669987,0.0,0.2347937387056074,0.0,0.06335614136498675,0.0,0.04033526462245762,0.14209762196023606,0.13561912955640523,0.0,0.04166226573437317,0.0,0.07913996501018776,0.06770682301338715,0.08386512598828937,0.0,0.0547892065455146,0.0,0.04033526462245762,0.14209762196023606,0.0,0.0,0.030373154248996108,0.0,0.06358755038667391,0.06770682301338715,0.020098977767450257,GPAB2944,GPAB2944.JPG,2024-10-03 23:24:54.599,2024-10-04 11:24:54.599,7.18178445178,171.1194595016,793846.3036210738,513189.2618465898,-2.2780189666290656,31.443212890625,-0.6609099833333334
data/train\GPAB7185_jpg.rf.bbdd85b10b2ce4494aa5e4f51cb88e08.jpg,0.07177925109863281,0.062263429884986836,0.9958788069664678,0.0016957192211598106,0.06298070183187607,0.0,0.0,0.0,0.9328981051345917,0.05676434495883608,0.06298070183187607,0.0,0.0,0.0,0.0,0.005501005332969737,0.0,0.0,0.0,0.0,0.9328981051345917,0.05676434495883608,0.0,0.0,0.0,0.0,0.0,0.0038052861118099256,0.0,GPAB7185,GPAB7185.JPG,2024-10-04 01:46:25.000,2024-10-04 13:46:25.000,7.168397024,171.133619861,792366.7865233223,514753.1098086224,-2.577563361417647,31.005628906249996,-0.0026666666666666687
data/train\GPAB6658_jpg.rf.f6047019a05b50a74f0bc478b9487e2e.jpg,0.5478515625,0.12247394488048348,0.5755939338189402,0.09156691753581078,0.3016018113277117,0.021279067757713793,0.11255312325363005,0.0,0.016171745822635065,0.08194375896589934,0.09416330755507246,0.005354094211317726,0.00832496356028061,0.0,0.10971092116153885,0.013897023945552625,0.23466987246578316,0.0,0.025614386151562345,0.0,0.00724281431778508,0.014900436508469955,0.0,0.005354094211317726,0.0,0.0,0.0923053139577088,0.010652496624885016,0.1488296080641723,GPAB6658,GPAB6658.JPG,2024-10-04 01:28:50.000,2024-10-04 13:28:50.000,7.169352921,171.136642627,792472.5569048367,515086.8257518125,-1.7350617072712096,31.271611328124997,-0.1476666666666668
data/train\GPAB6711_jpg.rf.4345af58599cc6228f08d77fef12edc7.jpg,0.6843795776367188,0.20024465982873813,0.45437209418443203,0.1879166082542926,0.23757256737267224,0.0,0.05215056757623535,0.11486529306368261,0.24142106263790922,0.07390589622505632,0.06102956850379184,0.011518600100245236,0.06059555656270224,0.0,0.03917533890379338,0.0,0.0,0.0,0.0,0.0,0.1686981370133449,0.0071871225200346445,0.0,0.00515533210555324,0.013071249013390997,0.0,0.0350301407850239,0.0,0.0,GPAB6711,GPAB6711.JPG,2024-10-04 01:30:36.133,2024-10-04 13:30:36.133,7.16907513498,171.13521506870998,792441.8016491574,514929.2166147285,-5.75203190290056,31.271611328124997,-0.13318226666666677
data/train\GPAB3155_jpg.rf.d0fa59781b378d4a698078e736ac7453.jpg,0.9465608596801758,0.6913378130023065,0.7398924188100007,0.6913378130023065,0.03084461412305583,0.0,0.003147546776309093,0.6913378130023065,0.7221190537003359,0.0,0.0,0.0,0.007956245451036348,0.0,0.006669572882319391,0.0,0.0,0.0,0.003147546776309093,0.0,0.7042765539451877,0.0,0.0,0.0,0.0016237039654480405,0.0,0.0,0.0,0.0,GPAB3155,GPAB3155.JPG,2024-10-03 23:31:57.000,2024-10-04 11:31:57.000,7.182306964,171.120065409,793904.0835918672,513256.1437172398,-3.622143034822753,32.129619140625,-0.65705
data/train\GPAB6713_jpg.rf.d991c480a6e4da69850a6e3da6da04bd.jpg,0.6995820999145508,0.31570335859948573,0.4847750147391223,0.2679418808080304,0.24180130318806736,0.03463837779395187,0.0527574161310332,0.07572548168604037,0.1845626177449431,0.1891763951275438,0.17215294888069088,0.016672972002388986,0.029500329349769455,0.0,0.0367863528209816,0.0,0.00901534981170411,0.009597233077855212,0.02418080246119338,0.0,0.16677869039777388,0.028516120855041932,0.0,0.010133026580350781,0.011830666208329572,0.0,0.0367863528209816,0.0,0.0033971996627765624,GPAB6713,GPAB6713.JPG,2024-10-04 01:30:40.137,2024-10-04 13:30:40.137,7.1690614323099995,171.13516344986002,792440.2851731871,514923.517767007,-4.386167476909542,31.271611328124997,-0.1326484000000001
data/train\GPAB6679_jpg.rf.2ea0641fa4b8b5262fa83d8b36690699.jpg,0.7316474914550781,0.127700332038339,0.39692600480485785,0.0,0.3193002805714363,0.0,0.006958594108575961,0.0,0.020673179406325435,0.127700332038339,0.1778824826251193,0.0,0.07461740695148861,0.0,0.060965234875355996,0.0,0.05582910683799256,0.0,0.004339159207486514,0.0,0.012391424999471889,0.127700332038339,0.0,0.0,0.0068001605460100666,0.0,0.04054554916913599,0.0,0.013549430311317149,GPAB6679,GPAB6679.JPG,2024-10-04 01:29:32.000,2024-10-04 13:29:32.000,7.16924275,171.13608002,792460.3593102391,515024.7113422863,-1.9534847085259996,31.314511718750005,-0.14173333333333346
data/train\GPAB3257_jpg.rf.3ee28745ceb92561a0b0b7379c7e81aa.jpg,0.5959329605102539,0.9308663147201103,0.6078010765800628,0.9308663147201103,0.06546954906927484,0.0,0.015162572039260797,0.9308663147201103,0.5568354000111384,0.0,0.0,0.0,0.0,0.0,0.0,0.0,0.035803104529663565,0.0,0.015162572039260797,0.0,0.5271689554715271,0.0,0.0,0.0,0.0,0.0,0.0,0.0,0.0,GPAB3257,GPAB3257.JPG,2024-10-03 23:35:21.225,2024-10-04 11:35:21.225,7.182429365000001,171.1191813925,793917.5892549516,513158.53784612805,-2.2564008853274835,32.51572265625,-0.6445850000000001
data/train\GPAB6655_jpg.rf.fb96f38ea0bf68f9bcb15a2ea4533c20.jpg,0.7411117553710938,0.07402976246488056,0.33336534011364966,0.06597557626607621,0.25694659156595734,0.008054186198804355,0.0526095448059717,0.0,0.06912888426284224,0.059948379464705805,0.08912512026547705,0.0,0.021208012705411516,0.0,0.06398699500502186,0.006027196801370403,0.03730678306892532,0.008054186198804355,0.009583790230122348,0.0,0.013815406655745953,0.0,0.0,0.0,0.0,0.0,0.04029973709630648,0.0,0.01271981456551756,GPAB6655,GPAB6655.JPG,2024-10-04 01:28:44.000,2024-10-04 13:28:44.000,7.16936744,171.13672111,792474.164525948,515095.4906629634,-1.7501634940298545,31.271611328124997,-0.1486666666666668
data/train\GPAB3125_jpg.rf.a045ca8067c98ff158a6793f5b0036c2.jpg,0.5602865219116211,0.48416336516727704,0.8470789652079896,0.406335038014453,0.4471456033246083,0.10318249818041454,0.09495547536790194,0.2830333977949889,0.28521786055157927,0.07879909279981871,0.029439836534971568,0.019834921829840434,0.021645865460139076,0.0,0.41473105662703585,0.0,0.0010888706663619622,0.031703996174549616,0.0790362630419628,0.001276110331212564,0.28521786055157927,0.03203910716446172,0.0,0.01329689681462121,0.011718322409419212,0.0,0.022872045214058147,0.0,0.0010888706663619622,GPAB3125,GPAB3125.JPG,2024-10-03 23:30:56.961,2024-10-04 11:30:56.961,7.181962799759999,171.12082182225998,793866.0589979307,513339.6677043583,-2.5934685258492784,32.01791081347656,-0.6580506500000002
data/train\GPAB6706_jpg.rf.cb010cdced4c1802c4c01e3ba7e02cc2.jpg,0.6583595275878906,0.3888334104696739,0.5972090727699756,0.3470943284625415,0.31596261352004806,0.08664683526558266,0.07873571937479236,0.12415142023686297,0.26178697695319775,0.16398257806933822,0.09799932017598609,0.0,0.13208750141630002,0.01416107988316245,0.02659955484969936,0.0,0.0,0.02630573260639534,0.012734217616659913,0.0,0.24873493200799657,0.01585679910432226,0.0,0.0,0.0031197008774338755,0.0,0.01665760874783714,0.0,0.0,GPAB6706,GPAB6706.JPG,2024-10-04 01:30:26.123,2024-10-04 13:30:26.123,7.169099500050001,171.13535498519002,792444.4997021761,514944.664152283,-4.875002950148463,31.301113926757814,-0.13451693333333345
data/train\GPAB7050_jpg.rf.5d195395bfbe8803ccd8968785d9d541.jpg,0.7221393585205078,0.3888055645707987,0.6490187681358419,0.14018777737875993,0.437458111126261,0.0,0.011350564503584439,0.0,0.09069889365363158,0.3888055645707987,0.38491866116918205,0.0,0.017888589518803663,0.0,0.11123764458262839,0.0,0.032924414708011746,0.0,0.010072533765552895,0.0,0.056100844402878304,0.2486331504465906,0.00781797616006975,0.0,0.006563950507275461,0.0,0.10397754660347248,0.0,0.02702780557033202,GPAB7050,GPAB7050.JPG,2024-10-04 01:41:54.811,2024-10-04 13:41:54.811,7.1690949939,171.1371846255,792444.061518298,515146.6768870659,-1.9374079819466339,31.185810546874997,-0.04360538333333347
data/train\GPAB6673_jpg.rf.cd25a2f71375986cca89454d261f329d.jpg,0.1274862289428711,0.12737962409956927,0.9853684204461873,0.12737962409956927,0.981209779479685,0.05508686960245658,0.0,0.0,0.0085726960399291,0.07229275449711267,0.0,0.0,0.001336603146010451,0.0,0.0010859900561334913,0.0,0.9743731312041143,0.0,0.0,0.0,0.0,0.0,0.0,0.0,0.0,0.0,0.0010859900561334913,0.0,0.0030726509103688525,GPAB6673,GPAB6673.JPG,2024-10-04 01:29:20.000,2024-10-04 13:29:20.000,7.169270139,171.136232473,792463.3920916267,515041.5429408045,-1.6390506364409452,31.314511718750005,-0.14333333333333348
data/train\GPAB6688_jpg.rf.57296e4a40af7ca9cfdf1f0f28a97d2c.jpg,0.7125978469848633,0.12051128911148537,0.4030597841846817,0.0683338358397843,0.2508550611361511,0.024916318272862923,0.08006560109693638,0.0,0.12037494022733776,0.07851199198038113,0.08219533225918578,0.010873343409067777,0.024238414665762795,0.0021134077042880765,0.068560443844424,0.004204730730157876,0.027625052091034965,0.005065072985061155,0.03982251600178982,0.0,0.06917113321285981,0.04633269511813382,0.0,0.0,0.00266648486815447,0.0,0.03358791526396952,0.0013481255869243342,0.00695667370175698,GPAB6688,GPAB6688.JPG,2024-10-04 01:29:50.000,2024-10-04 13:29:50.000,7.169201204,171.135858382,792455.759250491,515000.241415584,-2.1580067164138055,31.3273818359375,-0.13933333333333345
data/train\GPAB6678_jpg.rf.82cfe60ae6e10f7bf4f03fd25a99d0c4.jpg,0.6403274536132812,0.20733576200782375,0.49943155958158175,0.20733576200782375,0.34302114559948377,0.008238545253426486,0.024556241994304073,0.0,0.04812155407001419,0.1862967451024825,0.14799519130132527,0.0,0.07763244565728804,0.0,0.0900363533010833,0.013017477622459542,0.11108977325756689,0.0,0.0038801819777501668,0.0,0.0232714898324061,0.0,0.008199176913637385,0.0,0.005852439780843174,0.0,0.06696746638807966,0.0,0.04823965908938149,GPAB6678,GPAB6678.JPG,2024-10-04 01:29:30.000,2024-10-04 13:29:30.000,7.169246621,171.136106414,792460.788104023,515027.62540487305,-1.9896147615126378,31.314511718750005,-0.14200000000000013
data/train\GPAB6686_jpg.rf.e32547c5fea709267189bd2183dcaa64.jpg,0.6842470169067383,0.07440616220140074,0.3886951411787073,0.03878645652294982,0.2552748774300348,0.0,0.009200669069735733,0.0,0.13729468450596574,0.05472775352730722,0.08163937448509093,0.0,0.08637029668364947,0.006734866714164729,0.04693378245247473,0.012943541959928792,0.0272563339817907,0.0,0.006349825146959131,0.0,0.07366680557609324,0.03783681535096395,0.0,0.0,0.0012261797539190702,0.0,0.027492544020525308,0.0,0.02468490925117577,GPAB6686,GPAB6686.JPG,2024-10-04 01:29:46.000,2024-10-04 13:29:46.000,7.169210696,171.135913342,792456.8103647573,515006.3092971581,-1.876750261864947,31.3445419921875,-0.1398666666666668
data/train\GPAB3147_jpg.rf.222d60f9bf3617419677a3560ff40a20.jpg,0.3239622116088867,0.4147464198815877,0.7469067047163271,0.4062265350291806,0.5690933567366911,0.0,0.49462862212731146,0.054658618881823925,0.07499956790846574,0.32896952890500325,0.0027961123284356557,0.0028854112455182507,0.003369353763901345,0.028330801597010312,0.13129053258642312,0.0,0.03982251600178982,0.0,0.012845601212160784,0.0,0.07499956790846574,0.005698807235324731,0.0,0.0028854112455182507,0.0,0.0,0.056239113693844905,0.0,0.033729065165164586,GPAB3147,GPAB3147.JPG,2024-10-03 23:31:41.000,2024-10-04 11:31:41.000,7.182217117,171.120259045,793894.156824257,513277.5252565527,-3.339718710051053,32.112458984375,-0.6573166666666668
data/train\GPAB3122_jpg.rf.dfef5ccb273d37124bbe24778f8a3383.jpg,0.7718105316162109,0.7374083725896494,0.8997960527958243,0.1020427367333496,0.1357199509144017,0.0,0.06667556455159461,0.0,0.5458439515827033,0.7374083725896494,0.10668339981141604,0.0,0.003740952483374078,0.0,0.019334655853496006,0.0,0.15751752851324025,0.0,0.06667556455159461,0.0,0.5458439515827033,0.6355691989791117,0.0,0.0,0.0,0.0,0.019334655853496006,0.0,0.13222192989362866,GPAB3122,GPAB3122.JPG,2024-10-03 23:30:50.955,2024-10-04 11:30:50.955,7.181925151,171.12088413050003,793861.8988306188,513346.54812583,-1.9617614046598515,32.000917968749995,-0.6581507500000001
data/train\GPAB3118_jpg.rf.dcc5421f468a6a26074826d75b8ef1f7.jpg,0.7488613128662109,0.6120893450068462,0.7475452399836381,0.6073440197571454,0.2929561398286613,0.2664497247096825,0.32266291291147114,0.024883671356940255,0.1649399008686,0.31466345830700776,0.22325497433376287,0.002408190151001588,0.0011647267357116932,0.005357935024955686,0.032323327373670836,0.0,0.003199397760421568,0.004745325249700897,0.30458996433804536,0.0,0.10489838167317364,0.0,0.010435490654340216,0.0,0.0011647267357116932,0.0,0.032323327373670836,0.0,0.0011772093800350666,GPAB3118,GPAB3118.JPG,2024-10-03 23:30:42.947,2024-10-04 11:30:42.947,7.181871725480001,171.12096148066001,793855.9950190149,513355.0897562573,-1.8407855269222724,32.00069059667968,-0.6582842166666668
data/train\GPAB3197_jpg.rf.3dc14b4a19e5446b09d9de6a624b0993.jpg,0.6907587051391602,0.20145451612469586,0.43269550221518926,0.19094316940100592,0.09015925933749805,0.0,0.008082992301089062,0.14964194014860108,0.30270796565544444,0.040243085095146555,0.023042961420947413,0.011756730545798823,0.03395087215275684,0.0,0.060267166996656574,0.0,0.004643543688294928,0.0,0.008082992301089062,0.0056085481148326465,0.26437760575200253,0.004922002677047106,0.005222546344217559,0.0,0.008345127831879906,0.0,0.05186442696020725,0.0,0.004643543688294928,GPAB3197,GPAB3197.JPG,2024-10-03 23:33:21.105,2024-10-04 11:33:21.105,7.18281844515,171.11920238335,793960.6017472934,513160.8442113252,-2.6103847825225492,32.40553300292969,-0.6512965000000002
data/train\GPAB4627_jpg.rf.2fb7bd47296ae69f79ff5f44a291d51e.jpg,0.02437305450439453,0.05988020502263199,0.9474855153315679,0.05291296908337062,0.9474855153315679,0.0,0.0,0.0,0.0,0.0,0.0,0.0,0.0009736462572231302,0.0015728131847450564,0.0,0.05830739183788694,0.9465118690743447,0.0,0.0,0.0,0.0,0.0,0.0,0.0,0.0,0.0,0.0,0.006967235939261373,0.0,GPAB4627,GPAB4627.JPG,2024-10-04 00:21:03.965,2024-10-04 12:21:03.965,7.170826442700001,171.13558768425,792635.4167187954,514970.30032103317,-1.7841088141004704,31.786416015625,-0.5207356666666668
data/train\GPAB6664_jpg.rf.c6ef7a66d43f9061b3dfc2c5107657e0.jpg,0.7504291534423828,0.31258077711182336,0.5090652803889976,0.17331863581981208,0.2807269892053933,0.0,0.0011359206334269852,0.0,0.10410909447057265,0.23708862485428914,0.16105875868744035,0.07529723096540772,0.10844825367805916,0.0,0.09446097061201444,0.00023524983532511527,0.03985228230748402,0.0,0.0,0.0,0.09972000468579263,0.08241425863654957,0.0,0.0576899810455847,0.005774663304674462,0.0,0.09116363210382487,0.0,0.03167999108931236,GPAB6664,GPAB6664.JPG,2024-10-04 01:29:02.000,2024-10-04 13:29:02.000,7.169321373,171.136478481,792469.0639568346,515068.7032591689,-2.03809107328962,31.233000976562504,-0.14573333333333346
data/train\GPAB6665_jpg.rf.1b65939da5c873cbe5254fc52cc442d4.jpg,0.6271514892578125,0.19157882405808846,0.5604448046274123,0.17553094447527764,0.29570424198662243,0.0,0.024211528970297068,0.0,0.09313012868646094,0.17809852839225462,0.18370035508322083,0.01348029566583385,0.10287715349619664,0.0,0.12762255556217028,0.0,0.02890308282906651,0.0,0.015404543298452344,0.0,0.08805641387071438,0.01604787958281082,0.005862041814938076,0.0,0.04875816893050624,0.0,0.0960145797285697,0.0,0.010644814997609093,GPAB6665,GPAB6665.JPG,2024-10-04 01:29:04.000,2024-10-04 13:29:04.000,7.169316994,171.136450482,792468.5789498037,515065.6120043328,-1.6973860159705518,31.237291015625004,-0.1454666666666668
data/train\GPAB6033_jpg.rf.48634e5136cd5e5e2238da211896211a.jpg,0.5973081588745117,0.2955621318820179,0.5912980605811535,0.21187944454153168,0.3340403631105213,0.05290912826973266,0.0858748317243525,0.005738175575113832,0.13633928211352292,0.20218619112272743,0.1441947062065628,0.02727841866020898,0.03943651423117473,0.01095784130910292,0.18545272630554058,0.0,0.0,0.0324654374782754,0.0,0.004443821379120953,0.10672372835461465,0.05033386272547977,0.004642583484885438,0.0,0.033455407193459866,0.0,0.11243597843767224,0.0,0.0,GPAB6033,GPAB6033.JPG,2024-10-04 01:07:58.777,2024-10-04 13:07:58.777,7.1698890748699995,171.13588483674,792531.802616167,515003.1398034479,-2.971095751825236,31.467996446289057,-0.2721019166666668
data/train\GPAB3288_jpg.rf.7a58e4d38c7055a146449a1c5f7d18bb.jpg,0.6567792892456055,0.6530564234727485,0.9968313287486821,0.6530564234727485,0.9729270648694219,0.0,0.0,0.6530564234727485,0.9896739725343416,0.0,0.0,0.0,0.005448194145447772,0.0,0.0017091620688926743,0.0,0.0,0.0,0.0,0.0,0.022195101810367508,0.0,0.0,0.0,0.0,0.0,0.0017091620688926743,0.0,0.0,GPAB3288,GPAB3288.JPG,2024-10-03 23:36:23.287,2024-10-04 11:36:23.287,7.18261981584,171.11911451795,793938.641224611,513151.1489010602,-6.0440607003362805,32.345352334960936,-0.6408356500000001
data/train\GPAB6712_jpg.rf.46682450c134719875ebb46291663bc3.jpg,0.6844854354858398,0.13970959608083378,0.40337473090299447,0.11106384776551065,0.1451328249376348,0.012463440255183658,0.09193179483141709,0.04971549172976803,0.13517263497099224,0.06730161717458226,0.05517136750249173,0.010302982583830559,0.0555093591026323,0.0,0.06097867772308886,0.0,0.00461089677237226,0.012463440255183658,0.06602070582632225,0.0,0.1326232949187956,0.01632249775792504,0.0,0.0,0.009620277959682979,0.0,0.04889163720442539,0.0,0.0010859900561334913,GPAB6712,GPAB6712.JPG,2024-10-04 01:30:38.135,2024-10-04 13:30:38.135,7.16906862945,171.135189385,792441.0816431044,514926.38105998107,-5.6933212707096175,31.271611328124997,-0.13291533333333344
data/train\GPAB3199_jpg.rf.12b7ef0103aaee8e8ecbbd351b47aecd.jpg,0.6880474090576172,0.32917501243463415,0.4304438252199346,0.3191639316872886,0.07945011071145311,0.0,0.016823723937678958,0.11077002552220662,0.2447961776222675,0.20844383674237552,0.014103467678593034,0.011398574674058953,0.02886851550632486,0.0,0.11427668837366507,0.0,0.011575252101405161,0.0,0.0012684287039366419,0.0,0.2384549943059938,0.0022401545543407914,0.005827474492196427,0.007838140431669045,0.007669144631598758,0.0,0.0861984202733507,0.0,0.011575252101405161,GPAB3199,GPAB3199.JPG,2024-10-03 23:33:25.109,2024-10-04 11:33:25.109,7.18285244347,171.11917001387002,793964.3592515676,513157.2693935823,-2.8731678336494997,32.429921875,-0.6511630333333335
data/train\GPAB3210_jpg.rf.5cd479b61a80836090325f6067951741.jpg,0.5738554000854492,0.5708658922306101,0.9992942504940246,0.5708658922306101,0.0017427691882248336,0.0,0.0,0.5072101674018624,0.9975514813057998,0.06292020901707818,0.0,0.0009160340526537142,0.0017427691882248336,0.0,0.0,0.0,0.0,0.0,0.0,0.0,0.9975514813057998,0.0,0.0,0.0,0.0,0.0,0.0,0.0,0.0,GPAB3210,GPAB3210.JPG,2024-10-03 23:33:47.131,2024-10-04 11:33:47.131,7.182908817709999,171.11916812149997,793970.5912360761,513157.05884063494,-1.6704426613660064,32.447644026367186,-0.6504289666666667
data/train\GPAB3025_jpg.rf.0e7dd03ddf2d70bda47a0516e862f4c9.jpg,0.1336956024169922,0.11878484338122187,0.9899159437935332,0.10949679580122253,0.869148280371714,0.005524050214797503,0.0,0.02036495411187906,0.0,0.068462503096656,0.0,0.02375831296101766,0.0,0.0006817444207380892,0.869148280371714,0.0,0.12076766342181927,0.0,0.0,0.0,0.0,0.004664668163303715,0.0,0.004267143951774744,0.0,0.0006817444207380892,0.0,0.0,0.12076766342181927,GPAB3025,GPAB3025.JPG,2024-10-03 23:27:36.761,2024-10-04 11:27:36.761,7.181611070430001,171.11936024494,793827.133868634,513178.30811254133,-1.6505947402376657,31.545148508789058,-0.661
data/train\GPAB3162_jpg.rf.8427e11d3cb16eaac10a9b2e994311b9.jpg,0.9986915588378906,0.9987200488551494,0.9982034594208438,0.9987200488551494,0.0,0.0,0.0,0.9987200488551494,0.9982034594208438,0.0,0.0,0.0,0.0,0.0,0.0,0.0,0.0,0.0,0.0,0.0,0.9982034594208438,0.0,0.0,0.0,0.0,0.0,0.0,0.0,0.0,GPAB3162,GPAB3162.JPG,2024-10-03 23:32:11.000,2024-10-04 11:32:11.000,7.182380693,171.119915287,793912.2298185714,513239.56693853124,-2.9892691937973934,32.198259765625004,-0.6560833333333334
data/train\GPAB3217_jpg.rf.2f1ef4bd35e7cb3d66255acbcc57cad6.jpg,0.009939193725585938,0.0,0.996839010375958,0.0,0.0,0.0,0.0,0.0,0.9954985664163096,0.0,0.0,0.0,0.0,0.0,0.001340443959648412,0.0,0.0,0.0,0.0,0.0,0.9954985664163096,0.0,0.0,0.0,0.0,0.0,0.001340443959648412,0.0,0.0,GPAB3217,GPAB3217.JPG,2024-10-03 23:34:01.145,2024-10-04 11:34:01.145,7.1828394191000005,171.1192924677,793962.9229561161,513170.789614943,-1.6764363351732396,32.47282226562499,-0.6499236666666668
data/train\GPAB3258_jpg.rf.c7ef61abe1c7481746e6bde8d974d808.jpg,0.671391487121582,0.8581683543841927,0.6647132928639603,0.8581683543841927,0.0026799277158873337,0.0,0.0026799277158873337,0.8581683543841927,0.662033365148073,0.0,0.0,0.0,0.0,0.0,0.0,0.0,0.0,0.0,0.0,0.0,0.662033365148073,0.0,0.0,0.0,0.0,0.0,0.0,0.0,0.0,GPAB3258,GPAB3258.JPG,2024-10-03 23:35:23.227,2024-10-04 11:35:23.227,7.1824323121199996,171.11917461084002,793917.9148573641,513157.7890131845,-1.9668606057813707,32.51474881738281,-0.6444515333333335
data/train\GPAB6649_jpg.rf.a58e0e1bfc3624eeb9491a658021c1a4.jpg,0.6167936325073242,0.40263057326063956,0.7079358891387552,0.17860551579246547,0.5056642399125831,0.023454888683618738,0.06032093838758803,0.0,0.011921885532231148,0.331656178044757,0.36363383219101136,0.009040315100350858,0.07706016442523184,0.01672194237627299,0.08469186112386048,0.021757249055639947,0.11030720747883231,0.023454888683618738,0.05742784551479385,0.0,0.00948104846530689,0.1891370267877547,0.0,0.009040315100350858,0.00843154613873403,0.0,0.07215928622319352,0.00241587177827751,0.05477192288414378,GPAB6649,GPAB6649.JPG,2024-10-04 01:28:32.000,2024-10-04 13:28:32.000,7.16939763,171.136865104,792477.5066965263,515111.3881939303,-1.670838908403124,31.271611328124997,-0.15066666666666678
data/train\GPAB6656_jpg.rf.5d4becc71a2154b3949645d8d64ed72e.jpg,0.7530765533447266,0.4510805168966994,0.6874499493972803,0.09992356780860458,0.4880301042972943,0.04336854719303737,0.02958674765662358,0.0,0.10372501310677654,0.3766090608634533,0.41693568365522554,0.0,0.004404453039331852,0.0,0.05752866687279033,0.0313900096596463,0.0752693850665325,0.016300413079506762,0.024667625589804943,0.0,0.06467642105303588,0.3350437756734387,0.008565974616062667,0.0,0.0,0.0,0.053538061502948785,0.0,0.04797176233813371,GPAB6656,GPAB6656.JPG,2024-10-04 01:28:46.000,2024-10-04 13:28:46.000,7.169364156,171.136693708,792473.8005865643,515092.4652880094,-1.8482284700818785,31.271611328124997,-0.14833333333333346
data/train\GPAB5179_jpg.rf.f9eed0cac19d9f9bceeb29baf5d810fb.jpg,0.7663211822509766,0.5597208112566566,0.759350940903321,0.39129825262183543,0.25138317301137075,0.0,0.08071085778811384,0.3429088018005734,0.3414329691601869,0.17363838355517233,0.17578059736174512,0.025415624045797863,0.06237961449753516,0.0,0.04969628766157823,0.01787418646766131,0.049350614434161735,0.0,0.06012409668864252,0.0,0.3414329691601869,0.12581065172846215,0.0,0.024853905051246055,0.01842150241107076,0.0,0.04848739156902998,0.01787418646766131,0.03950180806302007,GPAB5179,GPAB5179.JPG,2024-10-04 00:39:29.000,2024-10-04 12:39:29.000,7.170298348,171.136218668,792577.0577203328,515039.984987883,-3.931021964245786,31.443212890625,-0.43310000000000004
data/train\GPAB3221_jpg.rf.8d374c772359fb68a5172ca00d2a6e6e.jpg,0.6726531982421875,0.2295644709375234,0.5382775487159199,0.18630826754339638,0.22784186602089787,0.0,0.012824476737151999,0.0,0.17365950803018113,0.2223447015015661,0.21212525661436119,0.003522026106010297,0.011342882876308517,0.003726549432231724,0.09911315613099479,0.0,0.029212268326922374,0.0,0.005804429610368661,0.0,0.13673296551141395,0.04331285539528694,0.04179093299124487,0.0,0.004390049988189498,0.0,0.0963400886843869,0.0,0.02537721590941825,GPAB3221,GPAB3221.JPG,2024-10-03 23:34:09.153,2024-10-04 11:34:09.153,7.18278753202,171.11936130038998,793957.1889411682,513178.39076874073,-1.6798612916345157,32.47282226562499,-0.6493898000000001
data/train\GPAB3023_jpg.rf.2d06d6161234dba9738fbea660799947.jpg,0.7562274932861328,0.2882012125448655,0.46809340090604795,0.27764185565070104,0.09317237763647851,0.0,0.0,0.22546824319263792,0.2756955233396643,0.0,0.008244306473883427,0.06003095695792197,0.14020026002308328,0.002891172465975192,0.042524528396095426,0.0,0.0014287826733215163,0.0,0.0,0.0,0.2756955233396643,0.0,0.0,0.01055935689416446,0.06710957649268422,0.0,0.030687140763899425,0.0,0.0014287826733215163,GPAB3023,GPAB3023.JPG,2024-10-03 23:27:32.757,2024-10-04 11:27:32.757,7.18164363371,171.11931476459,793830.7323545158,513173.28578060964,-2.4121166927391693,31.530056151367187,-0.661
data/train\GPAB6227_jpg.rf.7947fb31ec78b32776222ffff08dc447.jpg,0.5514593124389648,0.047146947609381575,0.48719184672080934,0.04212796438797595,0.14547369714800384,0.0006068485547978484,0.0516819883124041,0.024811656101228485,0.30521409655421405,0.015727171644041072,0.037286618797326025,0.006001271309314165,0.05559193659584846,0.0,0.0374172064610167,0.0,0.0,0.0006068485547978484,0.0,0.0,0.2953921758785381,0.004412134666607774,0.0,0.0,0.008908767233250691,0.0,0.0374172064610167,0.0,0.0,GPAB6227,GPAB6227.JPG,2024-10-04 01:14:27.165,2024-10-04 13:14:27.165,7.1697810722,171.13668296365,792519.8893368469,515091.26527093205,-5.18070224556714,31.38244448730468,-0.23183075000000009
data/train\GPAB6731_jpg.rf.9aff60cc937711da4f513b555afdcc79.jpg,0.12504291534423828,0.11346723689946478,0.9665781999258724,0.07407873283876457,0.9293386310956113,0.027836296841122824,0.9232471006658051,0.04438060158664012,0.0388872778809463,0.03801445298171965,0.004443821379120953,0.003235885489982198,0.0,0.0,0.0,0.0,0.0,0.027836296841122824,0.0,0.0,0.037239568830261,0.01138897263996405,0.0,0.00019876210576448515,0.0,0.0,0.0,0.0,0.0,GPAB6731,GPAB6731.JPG,2024-10-04 01:31:16.173,2024-10-04 13:31:16.173,7.16896810566,171.13468763357997,792429.9526936309,514870.9853967354,-4.649392276889026,31.242323231445315,-0.1273045000000001
data/train\GPAB6677_jpg.rf.460b45c3c5f61adb8b6a2efef9d2635a.jpg,0.6273031234741211,0.4723567040441847,0.5312565413857272,0.35031965171501933,0.32680619062342164,0.03576085557964599,0.034612452301895635,0.011077866735289203,0.03554096899887272,0.4155059407784945,0.22511104752430755,0.0,0.02191664282161533,0.0,0.10999610157415747,0.010071573562143405,0.10407932816487844,0.03576085557964599,0.023864895539471083,0.011022174937538768,0.010426848823654803,0.07591656216452894,0.03291097186027888,0.0,0.0033904782389101305,0.0,0.0923754088066016,0.0,0.041481747493389,GPAB6677,GPAB6677.JPG,2024-10-04 01:29:28.000,2024-10-04 13:29:28.000,7.169248465,171.136124449,792460.9925442482,515029.61660783255,-1.9682982752584204,31.314511718750005,-0.1422666666666668
data/train\GPAB6740_jpg.rf.43588fe8737c9d3ec2b756b24d86e2c0.jpg,0.5719890594482422,0.3683810778475312,0.6613084115739079,0.30039771625221084,0.3239409436495027,0.052680599858273974,0.13058478308044777,0.0,0.13200396371967438,0.2889655344588198,0.23483886826585343,0.0,0.03142073616874999,0.0,0.04960506833767665,0.02721216462495415,0.0828549920015056,0.032268595779329896,0.08195912222045118,0.0,0.10506929788006292,0.03571476581599046,0.0,0.0,0.028176208848082376,0.0,0.039307846974303035,0.0,0.0828549920015056,GPAB6740,GPAB6740.JPG,2024-10-04 01:31:34.191,2024-10-04 13:31:34.191,7.16891572447,171.13445425826998,792424.1545245689,514845.21986392804,-1.739033733922689,31.266501891601564,-0.1243015000000001
data/train\GPAB3405_jpg.rf.0a744a0303d7a1212bd37f5aef217427.jpg,0.8915586471557617,0.34006755991189175,0.41515450633062106,0.34006755991189175,0.005061232171423194,0.0,0.0,0.34006755991189175,0.38104424041188883,0.0,0.0,0.0,0.029816236271491752,0.0,0.004294029647240472,0.0,0.0,0.0,0.0,0.0,0.38104424041188883,0.0,0.0,0.0,0.024755004100068558,0.0,0.004294029647240472,0.0,0.0,GPAB3405,GPAB3405.JPG,2024-10-03 23:40:17.521,2024-10-04 11:40:17.521,7.18240262892,171.11932467664,793914.6377613753,513174.3583036533,-7.294909925412178,32.51572265625,-0.6324159666666668
data/train\GPAB4076_jpg.rf.84745450bdb0a4cac8743ffeda6c073c.jpg,0.3744325637817383,0.3638076290081291,0.9606787101779641,0.29668941068475946,0.010062931731457992,0.1926801773687738,0.1740964005814992,0.12483508506442005,0.7821212045559731,0.03802213460899557,0.002673206292020902,0.008559253192196236,0.0,0.0006174107923022413,0.001787898748470876,0.0,0.0,0.05516080526498734,0.16670667514206208,0.0,0.7821212045559731,0.01113547893985862,0.0,0.0015872162358874103,0.0,0.0,0.001787898748470876,0.0,0.0,GPAB4076,GPAB4076.JPG,2024-10-04 00:02:40.863,2024-10-04 12:02:40.863,7.17613304455,171.12656933383,793221.7645618921,513974.4165268224,-4.259482329383644,31.185810546874997,-0.6005947500000001
data/train\GPAB3201_jpg.rf.64c5d806908d0ba5fcd43bc8fbac2fe3.jpg,0.6877727508544922,0.3677799905131903,0.5533892299744778,0.3677799905131903,0.16856370853601627,0.0,0.13509197788459507,0.3386483792726651,0.3668831605287264,0.03001403817384675,0.005571100181862526,0.0,0.009377346497081942,0.0,0.029602110911175424,0.0,0.006863533971036425,0.0,0.007297545912126025,0.0,0.3437048104270409,0.0,0.0,0.0,0.005190859631704381,0.0,0.02310633484597377,0.0,0.005525970621616483,GPAB3201,GPAB3201.JPG,2024-10-03 23:33:29.113,2024-10-04 11:33:29.113,7.18288475733,171.11913769114,793967.9305443658,513153.69978634216,-2.820654438377169,32.429921875,-0.6510295666666668
data/train\GPAB6203_jpg.rf.51578668f786e422636d911cb62b28bf.jpg,0.6528024673461914,0.2012442315780175,0.5322484315077306,0.11461179936357718,0.16227245579703603,0.02479245203303868,0.04529855604611281,0.0,0.17900111959717546,0.15510069653155326,0.06979910624266644,0.021402933997538037,0.050284892351595764,0.0,0.1700616258548211,0.0,0.017803131415359028,0.0,0.02443909717834626,0.0,0.14401610837239762,0.08338214367331576,0.0,0.003302139525237026,0.030514304150191178,0.0,0.15486640689963763,0.0,0.01614005911012189,GPAB6203,GPAB6203.JPG,2024-10-04 01:13:39.117,2024-10-04 13:13:39.117,7.16991384806,171.13734266319003,792534.5891352319,515164.09892051615,-3.117184197106855,31.426554668945307,-0.2363922000000001
data/train\GPAB2949_jpg.rf.7fbf6a8deca8c7aae18c53062828ddff.jpg,0.6903486251831055,0.0034826577662211964,0.31501201214465274,0.0,0.19726610885249932,0.0,0.005348332990860784,0.0,0.03326528691838079,0.0034826577662211964,0.00767682625887468,0.0,0.00674062793462167,0.0,0.11078346836993949,0.0,0.1511974696719753,0.0,0.005348332990860784,0.0,0.03326528691838079,0.0034826577662211964,0.0,0.0,0.0,0.0,0.0775085794174638,0.0,0.0016237039654480405,GPAB2949,GPAB2949.JPG,2024-10-03 23:25:04.609,2024-10-04 11:25:04.609,7.1817043122,171.11957447253002,793837.447690738,513201.9578644839,-1.798862482697682,31.443212890625,-0.6609231833333334
data/train\GPAB2869_jpg.rf.854568362cd06f0704ba47a3d0a0d686.jpg,0.7019462585449219,0.3884512495126968,0.6138839651791835,0.25592589534166915,0.5182140984746209,0.0350397428191188,0.00933701795388335,0.0,0.02657170895082414,0.35341150669357796,0.4384163941289323,0.0,0.0027951521250261656,0.0,0.0822443026330698,0.0,0.05451938938744784,0.0350397428191188,0.0025858277817572876,0.0,0.0092630822913526,0.09873387578424614,0.010075414375781366,0.0,0.001539206065412897,0.0,0.049902731394618635,0.0,0.02230360479563991,GPAB2869,GPAB2869.JPG,2024-10-03 23:22:24.449,2024-10-04 11:22:24.449,,,,,,31.271611328124997,-0.6604074833333334
data/train\GPAB3191_jpg.rf.e826bca6abc790f4761354a9d8dccd08.jpg,0.7054233551025391,0.259004307472495,0.4473040368871742,0.2478352214133042,0.15225753423605257,0.018027819013179753,0.04550115896551526,0.043700777572721006,0.1802609064704267,0.17016244721281756,0.03193060417918932,0.025687361610683607,0.03631201233669341,0.0006222118093496926,0.12913871674575542,0.00133372253578198,0.024160638189594085,0.0,0.030538309235428433,0.0,0.10419071176037932,0.007780528227099629,0.0020490740758522287,0.0023236922509664447,0.01513376593697609,0.0,0.11997165479535185,0.00133372253578198,0.023162986847133697,GPAB3191,GPAB3191.JPG,2024-10-03 23:33:09.000,2024-10-04 11:33:09.000,7.18272835,171.119314667,793950.645168024,513173.24378584966,-2.164392240204076,32.301220703125004,-0.6517000000000002
data/train\GPAB6717_jpg.rf.d75823f43240ef0ce9f9964a1c4519d3.jpg,0.05169391632080078,0.04168723102301992,0.9652502386105473,0.039783147662000716,0.9652502386105473,0.0,0.0,0.029315010091737835,0.0,0.005310885057890663,0.0,0.007061335873391419,0.0,0.0,0.9652502386105473,0.0,0.0,0.0,0.0,0.0,0.0,0.0,0.0,0.0019040833610191983,0.0,0.0,0.0,0.0,0.0,GPAB6717,GPAB6717.JPG,2024-10-04 01:30:48.145,2024-10-04 13:30:48.145,7.1690417472000005,171.1350614461,792438.1057164291,514912.2560601711,-6.176634580516761,31.271611328124997,-0.1315806666666668
data/train\GPAB6245_jpg.rf.47051ee1d535ca875a821dca928db358.jpg,0.7517929077148438,0.101657695166144,0.3209278253505223,0.07283430922006517,0.13140479679215245,0.0,0.01892272859082468,0.0,0.06840873170572453,0.09471926532916733,0.036098847179786564,0.0,0.03777440212934708,0.0069787583801752566,0.1515133765936976,0.0,0.008209739151141779,0.0,0.00288253063528978,0.0,0.04494616139482988,0.028874276726781802,0.0,0.0,0.015022382341475219,0.0,0.12667195418677493,0.0,0.0,GPAB6245,GPAB6245.JPG,2024-10-04 01:15:03.201,2024-10-04 13:15:03.201,7.16968251421,171.13619248458,792508.9778883075,515037.1142533368,-4.642708411159734,31.39945020214843,-0.2277866000000001
data/train\GPAB3278_jpg.rf.67e2d52633a3ffb9fbefaa6b690632d9.jpg,0.3115882873535156,0.7382936801331994,0.31759399911277203,0.7382936801331994,0.16570806359619222,0.0,0.009390789344814805,0.7382936801331994,0.2917184376338284,0.0,0.0,0.0,0.0,0.0015257632176800334,0.016484772134128894,0.0,0.0,0.0,0.009390789344814805,0.0,0.13175911185025435,0.0,0.0,0.0,0.0,0.0,0.010736034321510669,0.0,0.0,GPAB3278,GPAB3278.JPG,2024-10-03 23:36:03.267,2024-10-04 11:36:03.267,7.18249938968,171.11906971145999,793925.3271121432,513146.2053759038,-4.263808955096497,32.387021484375005,-0.6418366500000001
data/train\GPAB3203_jpg.rf.7e712af6a7413b28534183109cd92231.jpg,0.6245899200439453,0.019166620256835208,0.3726923911561425,0.018038381250684146,0.13169477822181852,0.0,0.10066484484073106,0.0,0.23757928879653867,0.013870138250086898,0.005518288994340561,0.005296482006748309,0.013754913840948067,0.0,0.014104427882002524,0.0,0.001070626801581647,0.0,0.04378719587957513,0.0,0.18969298456184958,0.001128239006151063,0.0,0.0,0.0020231485837959914,0.0,0.005494283909103305,0.0,0.0,GPAB3203,GPAB3203.JPG,2024-10-03 23:33:33.117,2024-10-04 11:33:33.117,7.18289944754,171.11912153702,793969.5540486408,513151.9158249665,-1.7444739212007425,32.429921875,-0.6508961000000002
data/train\GPAB5933_jpg.rf.4c244c05d951f1eeef907e6435a977a1.jpg,0.4326972961425781,0.3842513197995863,0.9010519988554375,0.10354833567943034,0.891479731066229,0.0,0.0,0.0,0.5061136151082245,0.3822425742669327,0.38253063528977976,0.0,0.0,0.0,0.009572267789208467,0.0020087455326536375,0.002835480668224757,0.0,0.0,0.0,0.0,0.2807846014099627,0.0,0.0,0.0,0.0,0.009572267789208467,0.0,0.0,GPAB5933,GPAB5933.JPG,2024-10-04 01:04:38.577,2024-10-04 13:04:38.577,7.16934218864,171.1335317404,792471.2694001879,514743.3499142105,-1.8681219561183209,31.48611328124999,-0.2952846
data/train\GPAB3412_jpg.rf.aabe456f2f3adad085609422103a52ae.jpg,0.9172677993774414,0.9272693927481598,0.9482047076852761,0.9193419533994082,0.9215801875469299,0.0,0.0022872045214058145,0.9272693927481598,0.9310401115372281,0.0,0.0,0.0,0.0,0.0,0.014877391626642188,0.0,0.0,0.0,0.0022872045214058145,0.00792743934875164,0.009459923990298104,0.0,0.0,0.0,0.0,0.0,0.014877391626642188,0.0,0.0,GPAB3412,GPAB3412.JPG,2024-10-03 23:40:31.535,2024-10-04 11:40:31.535,7.1824871547,171.11920221685,793923.9783674488,513160.8353551912,-1.740642492948766,32.479107172851556,-0.6319488333333334
data/train\GPAB3033_jpg.rf.b0cd7079602c43998bfd2c3b473d35e1.jpg,0.6693048477172852,0.18468456357794835,0.4770117701733935,0.11646211133366492,0.22254346360733057,0.04155472295251026,0.03985900373135045,0.011734645867380546,0.2055353806150295,0.11362663066544017,0.11614044319148568,0.019415312939893188,0.043926425373951215,0.0006327740468540856,0.06420592138238565,0.0,0.007344595879191048,0.032786145417045144,0.0057621806603510885,0.0,0.15388699942195755,0.03250288541124552,0.008743612246818366,0.005148610681686808,0.03752474924287961,0.0,0.04235169178238718,0.0,0.00619907321166916,GPAB3033,GPAB3033.JPG,2024-10-03 23:27:52.777,2024-10-04 11:27:52.777,7.18149028518,171.1195379142,793813.786458155,513197.92770403624,-3.2874767756282726,31.61385777441406,-0.661
data/train\GPAB2863_jpg.rf.e0d1f8749cb1c9db1972f58a2977121d.jpg,0.7103824615478516,0.4370029747101626,0.5467311795330723,0.4260451334010597,0.12282057831130946,0.0616652231608744,0.058267063294688344,0.32177760536792116,0.31778219898103216,0.000554997570685374,0.0,0.05319910969939872,0.07968344013995925,0.0,0.08336678041876391,0.0,0.007631696698628638,0.0,0.058267063294688344,0.0,0.28991229502057714,0.0,0.0,0.01106538409096583,0.02216245489444484,0.0,0.05157540573395068,0.0,0.001993382278101793,GPAB2863,GPAB2863.JPG,2024-10-03 23:22:12.437,2024-10-04 11:22:12.437,,,,,,31.26919603613281,-0.6602072833333335
data/train\GPAB6669_jpg.rf.d5ef3890575d20c081d625d5d84fbdb6.jpg,0.2825965881347656,0.16641861411921502,0.8073313450721401,0.11688556103725013,0.6736998365733797,0.0,0.03805478152491824,0.0,0.661387148253486,0.11961349892361198,0.0414222148820006,0.04248419985289684,0.020597323336975705,0.0,0.0265957140360614,0.004320915342706199,0.019274163038698118,0.0,0.03805478152491824,0.0,0.040774077580594675,0.04540609882797572,0.0,0.0,0.019127251917046107,0.0,0.0265957140360614,0.004320915342706199,0.009079683440139959,GPAB6669,GPAB6669.JPG,2024-10-04 01:29:12.000,2024-10-04 13:29:12.000,7.169295013,171.136342698,792466.1454664543,515053.7121823484,-1.8926867397628682,31.305931640625005,-0.14440000000000014
data/train\GPAB3196_jpg.rf.b987e9397cd4dc6740305db480e7d1a3.jpg,0.7551946640014648,0.09289103803749786,0.2905306660162889,0.08575672670498519,0.1144235994953171,0.0,0.010711069032863922,0.047803726741472916,0.15783343543496253,0.04283467409736078,0.014578768366290715,0.0020740393644989755,0.013915267810332942,0.00018819986826009222,0.08409269419633855,0.0,0.009399431175500218,0.0,0.0,0.0,0.12047000036487729,0.005648876658031238,0.0,0.0014988775222143059,0.002400508523725666,0.0,0.051194204980383046,0.0,0.002042352651985797,GPAB3196,GPAB3196.JPG,2024-10-03 23:33:19.103,2024-10-04 11:33:19.103,7.182800003970001,171.11921814572,793958.5635712167,513162.58502895833,-2.731530934999372,32.379767028320316,-0.6513632333333335
data/train\GPAB2913_jpg.rf.a426d17e675cf5b48b74ca8af4351b03.jpg,0.9200448989868164,0.21768387415190033,0.29104437484036616,0.055960654705092726,0.2527908312096835,0.0,0.02570368506864494,0.0,0.0,0.17895502983351994,0.1801226371794601,0.0,0.001282831755078996,0.0,0.020391839807344787,0.038728844318380404,0.06354338102983736,0.0,0.019077321339752613,0.0,0.0,0.160255068433697,0.0,0.0,0.001282831755078996,0.0,0.017893390535851116,0.001492156098347874,0.0,GPAB2913,GPAB2913.JPG,2024-10-03 23:23:52.537,2024-10-04 11:23:52.537,7.1818379628199995,171.11953759440001,793852.2213878798,513197.88237080124,-1.9310032322897555,31.44122660253906,-0.6601243833333335
data/train\GPAB4073_jpg.rf.fdcf2e1d63bb3c1057b2777db9c017bf.jpg,0.6790266036987305,0.3481409501788859,0.5779512331892388,0.31468458278201655,0.12128905387317249,0.2171836081755559,0.22925624564307703,0.00641607918221396,0.10471594302537049,0.1025247588449137,0.09354781716958921,0.011563729660491278,0.0316761502756744,0.00944168012551779,0.045606781340559184,0.0017888589518803664,0.07314829573496849,0.006525542370895851,0.2273540826888768,0.0,0.09163317157106561,0.01561002682808326,0.0027941919216166755,0.009995717492793673,0.026642764003126422,0.0019684169894550463,0.0369140598744438,0.0,0.07132390925693699,GPAB4073,GPAB4073.JPG,2024-10-04 00:02:34.857,2024-10-04 12:02:34.857,7.176162150150001,171.12652209925,793224.9806781523,513969.2004996764,-3.8304323253447063,31.185810546874997,-0.6010952500000001
data/train\GPAB3192_jpg.rf.e3e951baa1d962ebeafb53b44cb70978.jpg,0.7116594314575195,0.383300718424191,0.6068139874751067,0.3582701359455987,0.1307873859998502,0.016700817901264205,0.01484762532094799,0.23456040927710126,0.29541522076036586,0.046130092198731376,0.03642723674583224,0.08601310101531909,0.12944790224361127,0.0,0.12406308152318987,0.0,0.006612920881159464,0.0,0.01484762532094799,0.0,0.29541522076036586,0.0,0.003619966853778304,0.025030582478592266,0.049902731394618635,0.0,0.10994521079345448,0.0,0.002295846352091227,GPAB3192,GPAB3192.JPG,2024-10-03 23:33:11.000,2024-10-04 11:33:11.000,7.182740657,171.119294081,793952.005086007,513170.9705779962,-3.0689132061818776,32.301220703125004,-0.6516333333333334
data/train\GPAB2867_jpg.rf.a760f33822f6d3414eebcb42d8a10ffe.jpg,0.6954193115234375,0.250126266748348,0.4727993578159597,0.207111074410003,0.27365317068767847,0.01848871664973508,0.1094612682750714,0.0,0.009003827370790227,0.2316375500986129,0.18175786358582202,0.0,0.01052382936801332,0.0,0.0966454333686048,0.0,0.06540713584765796,0.01848871664973508,0.06247275422825571,0.0,0.0017427691882248336,0.024526475688609876,0.021492232914620633,0.0,0.0,0.0,0.079559573900135,0.0,0.03387885689704507,GPAB2867,GPAB2867.JPG,2024-10-03 23:22:20.445,2024-10-04 11:22:20.445,,,,,,31.271611328124997,-0.66034075
data/train\GPAB6660_jpg.rf.31b6a04bb3b33417f99359b150249ea1.jpg,0.780329704284668,0.12598732915580838,0.3438181144293607,0.11476927272273359,0.2170366970539039,0.0,0.005085237256660451,0.005742016388751793,0.04259366304157873,0.11761435542505325,0.13599072827587796,0.0,0.012462480051774168,0.0,0.10332364808160961,0.00263095734200333,0.0443623577218598,0.0,0.005085237256660451,0.0,0.007758443548681352,0.009458963786888614,0.0,0.0,0.00659755762660762,0.0,0.08780003956038047,0.0019165660053425718,0.01954013938312692,GPAB6660,GPAB6660.JPG,2024-10-04 01:28:54.000,2024-10-04 13:28:54.000,7.169344265,171.13658899,792471.5982421486,515080.9039199201,-1.8350247623610838,31.267321289062497,-0.14700000000000013
data/train\GPAB2754_jpg.rf.5222dd952d3f495dd28b9d48b00baaf6.jpg,0.6449880599975586,0.29704756655649933,0.5820618639852666,0.1998836233467698,0.29866358889467143,0.015334448449559555,0.11399726918150341,0.01084645771360205,0.11699214361570355,0.2700207211895768,0.20845919999692736,0.0,0.0067300656971172775,0.0,0.05653293593714893,0.0008459392037609247,0.07935024955686612,0.0,0.09438799515289319,0.0,0.10902149511352485,0.09635353153211977,0.0,0.0,0.004515836634832723,0.0,0.04623187376013735,0.0008459392037609247,0.029241074429207082,GPAB2754,GPAB2754.JPG,2024-10-03 23:18:34.219,2024-10-04 11:18:34.219,,,,,,29.95738789160156,-0.6658593666666667
data/train\GPAB3116_jpg.rf.875191a63a6aeebad657f0fb148c4561.jpg,0.739109992980957,0.43456213764323837,0.5943774329153888,0.42701397864123536,0.03775903887479524,0.1502036591431529,0.17940824584279935,0.25697827827847053,0.3112720198646881,0.021424058472546824,0.013798122994375129,0.004688673248540971,0.016209193755605186,0.0012674685005271517,0.0679593565100831,0.0,0.00573049394783791,0.0,0.17739277888627927,0.0,0.3112720198646881,0.0033741547809487964,0.0,0.002936302026221235,0.007061335873391419,0.0012674685005271517,0.05908899741321202,0.0,0.0018032620030227202,GPAB3116,GPAB3116.JPG,2024-10-03 23:30:38.943,2024-10-04 11:30:38.943,7.181846042430001,171.12100138796,793853.156981673,513359.49658905994,-1.7954876005262008,31.983513280273435,-0.6583509500000001
data/train\GPAB2915_jpg.rf.a6786972f25a53ecff6281be316a127d.jpg,0.6861791610717773,0.5328792851477657,0.7626934089717565,0.17390051908596316,0.5139363922853417,0.10386328239774313,0.11865329551412171,0.0,0.006047361072969698,0.32903770334707705,0.3139298629021572,0.0,0.0,0.0,0.10731329324804166,0.10002822998023901,0.2167495962344663,0.09463476742913218,0.05206991048983817,0.0,0.006047361072969698,0.22141330419436053,0.0,0.0,0.0,0.0,0.09337498055588096,0.043017112745163934,0.09726476456772602,GPAB2915,GPAB2915.JPG,2024-10-03 23:23:56.541,2024-10-04 11:23:56.541,7.181867538410001,171.119492745,793855.4896079496,513192.92978790746,-1.943790338553976,31.428021862304682,-0.6600576500000002
data/train\GPAB3276_jpg.rf.a8a21ae6b31115095960af1c82759954.jpg,0.6458749771118164,0.8601895825611697,0.7560372789371701,0.8601895825611697,0.15375833216508586,0.0,0.0016400274234093751,0.8601895825611697,0.7313638921269081,0.0,0.0,0.0,0.0,0.0,0.02303335938685251,0.0,0.0,0.0,0.0016400274234093751,0.0,0.5776055599618223,0.0,0.0,0.0,0.0,0.0,0.02303335938685251,0.0,0.0,GPAB3276,GPAB3276.JPG,2024-10-03 23:35:59.263,2024-10-04 11:35:59.263,7.18249511641,171.11907922421,793924.8549851738,513147.2557803745,-3.3994214865645342,32.403053360351564,-0.6420491333333335
data/train\GPAB3123_jpg.rf.0244cdd3ba695a837440d64823fca41d.jpg,0.680781364440918,0.30744464907445995,0.4596628149707234,0.2849701280719308,0.15194066711092077,0.0,0.001473912233567559,0.15449672858698388,0.26750018723966484,0.1497590849645589,0.07259041755405465,0.0005761220456941598,0.002281443300948873,0.0027125746318100025,0.11044835738002738,0.0,0.0053684972624600796,0.0,0.001473912233567559,0.0,0.1945151260843097,0.029029829679119226,0.004569608025764178,0.0,0.0,0.0,0.10275520766319136,0.0,0.0044082938529698135,GPAB3123,GPAB3123.JPG,2024-10-03 23:30:52.957,2024-10-04 11:30:52.957,7.181936703470001,171.12086533271,793863.1753814731,513344.4723638048,-2.8563503442603,32.000917968749995,-0.6581173833333335
data/train\GPAB2986_jpg.rf.9b8fb396a045dfc7a3e3f8303d4eb2b7.jpg,0.708683967590332,0.224968937419703,0.46049819193697994,0.1927301079460673,0.15980377283123656,0.011049060633004495,0.06428081724832589,0.013869178046677408,0.043555786857887975,0.17351835812898606,0.11138551590768989,0.02245627713774886,0.05052110239033037,0.0041922480858345035,0.18511089389176202,0.0,0.005644075640983786,0.0019674567860455557,0.06225670846112041,0.0,0.04042360333613072,0.013377553901018392,0.0018579935973636655,0.018180491355288705,0.017458418391352024,0.0,0.17305361967879276,0.0,0.005644075640983786,GPAB2986,GPAB2986.JPG,2024-10-03 23:26:18.683,2024-10-04 11:26:18.683,7.18158056869,171.11959776963,793823.7688101891,513204.53362008586,-1.9871425792245294,31.48611328124999,-0.6603113833333334
data/train\GPAB3124_jpg.rf.92bf37e1d4aa0722678a51604b6e4ba1.jpg,0.6858320236206055,0.465817718825556,0.6442302337327139,0.4588053533260486,0.38062367131853214,0.04598702189071733,0.04046297167591983,0.35802048305913126,0.521257943282705,0.049776944747975414,0.026606276273565793,0.007272580623479278,0.004959450610017226,0.002926699992126332,0.05094359189050608,0.0031657906410894085,0.0,0.0,0.04046297167591983,0.0,0.18339116958536497,0.0012021746686818136,0.0011916124311774207,0.0026616838511070184,0.0038974656391209915,0.0,0.034663343082598615,0.0031657906410894085,0.0,GPAB3124,GPAB3124.JPG,2024-10-03 23:30:54.959,2024-10-04 11:30:54.959,7.18194740729,171.12084499048,793864.3580711955,513342.2261082077,-2.273749828539728,32.00932215527344,-0.6580840166666668
data/train\GPAB7080_jpg.rf.df00a769985bf2e3b51c4a8d6aca5a3c.jpg,0.673100471496582,0.32859216896507354,0.6357295529484966,0.29322787739354705,0.3398620763822608,0.02536377306168539,0.051523554749838205,0.0,0.07273636847229717,0.2872371683217373,0.300881658770594,0.008659114346783223,0.10849914445876215,0.001931929259894416,0.04613873402941679,0.005449154348857262,0.055950092467588336,0.0,0.04920850432955717,0.0,0.047242967950330596,0.03560050161026112,0.0,0.0,0.10158471970702274,0.0,0.04613873402941679,0.0,0.05169255054990849,GPAB7080,GPAB7080.JPG,2024-10-04 01:42:54.871,2024-10-04 13:42:54.871,7.168944026329999,171.13641147815,792427.3469742186,515061.3177993175,-1.6781225130747026,31.228710937500004,-0.035683866666666814
data/train\GPAB2908_jpg.rf.88dda92c5d3e1444f5a1b36c77499932.jpg,0.726618766784668,0.4788966494662229,0.6158533423720481,0.39432673417536773,0.24432087693456983,0.04318706874864371,0.10072149684189098,0.0,0.013426524274902395,0.42134301730478585,0.23338800091411366,0.0,0.006143381413918725,0.0145998928412995,0.1552524086702527,0.0,0.10692153025696964,0.0,0.0967644985913816,0.0,0.013426524274902395,0.08775106918649647,0.0,0.0,0.0009938105288224257,0.0006855852343760502,0.15342610178540222,0.0,0.10692153025696964,GPAB2908,GPAB2908.JPG,2024-10-03 23:23:42.527,2024-10-04 11:23:42.527,7.18176264308,171.11965013168,793843.898211427,513210.3095553055,-1.899035466629203,31.40031249999999,-0.6602912166666668
data/train\GPAB2989_jpg.rf.4f541ca61fc23dd272943a2aa4022b0e.jpg,0.6538610458374023,0.7168830645083855,0.6164621113336649,0.4445799398144503,0.3916621697140322,0.1109102152199922,0.2172421805835348,0.0,0.02418656368165032,0.6061351236645971,0.29708405428605994,0.0,0.0,0.0,0.05306084040843212,0.0,0.024888472373987707,0.0,0.15048019772508608,0.0,0.0037035045504039575,0.27429074575158,0.0,0.0,0.0,0.0,0.05306084040843212,0.0,0.01755539893571054,GPAB2989,GPAB2989.JPG,2024-10-03 23:26:24.689,2024-10-04 11:26:24.689,7.18162410047,171.11952957446,793828.579181038,513197.0030716784,-1.8704190997280674,31.493359157226553,-0.6604114833333334
data/train\GPAB2912_jpg.rf.bf1be34d721f9328c589ea24f4d294f3.jpg,0.09721565246582031,0.9285675877577906,0.10450757888551111,0.9285675877577906,0.022440913883197015,0.0,0.036849726246007956,0.0,0.015224985260877665,0.9285675877577906,0.002057715906537641,0.0,0.023519222312054586,0.0,0.008877080520737513,0.0,0.017978848639295747,0.0,0.036849726246007956,0.0,0.015224985260877665,0.0,0.0,0.0,0.009819040065447465,0.0,0.007095903196133069,0.0,0.013077010233847938,GPAB2912,GPAB2912.JPG,2024-10-03 23:23:50.535,2024-10-04 11:23:50.535,7.181822289299999,171.11955959135,793850.4893509048,513200.3114610261,-1.9246096791576446,31.432637944335934,-0.6601577500000002
data/train\GPAB2864_jpg.rf.3d22d093a0caea49f240aa6619901423.jpg,0.6458206176757812,0.3602107070361785,0.44173197650190216,0.35055298114352546,0.15334640490241452,0.0,0.014214851274093904,0.33867142415449286,0.20721669678504695,0.0008997105946923796,0.021312674877045953,0.020276615398205956,0.11613084115739078,0.0006135699786642803,0.06986632048133076,0.0,0.012990591926993814,0.0,0.0024389166601052766,0.00670606061188002,0.17767123787503145,0.0,0.0,0.002561822696520031,0.050651690054021044,0.0006135699786642803,0.04646616339205297,0.0,0.011157563618276896,GPAB2864,GPAB2864.JPG,2024-10-03 23:22:14.439,2024-10-04 11:22:14.439,,,,,,31.271611328124997,-0.66024065
data/train\GPAB3069_jpg.rf.b4e787e9b2ba7d152d6ea99e92e0ca40.jpg,0.7428741455078125,0.49780593520931476,0.6483101380196381,0.30103241070588393,0.16442043082406577,0.1794024846223424,0.2322184731613545,0.09895280216160991,0.20344021677552174,0.20115685306775388,0.036344659252616075,0.008949095776449282,0.007580805917925653,0.010061011324639012,0.16139579008417143,0.0,0.007330192828048694,0.14463735997833782,0.1131887779107126,0.0,0.20344021677552174,0.04689153350245716,0.0,0.006207715042354572,0.002980471383057787,0.0,0.16009183385408365,0.0,0.004188407272196542,GPAB3069,GPAB3069.JPG,2024-10-03 23:29:04.849,2024-10-04 11:29:04.849,7.1822129296099995,171.12020825516998,793893.692446972,513271.91778134025,-2.704696373318395,31.579846344726555,-0.6617575500000001
data/train\GPAB6652_jpg.rf.4816dc93a41128594dc78c8a75e9e630.jpg,0.7074260711669922,0.44101854536865087,0.6924497285504961,0.12971003777440213,0.5273792400182055,0.0,0.007117987874551345,0.011770173393531686,0.09081027724913246,0.39172554313905855,0.4142528753291097,0.01571756960994617,0.013672336347731904,0.0,0.1238729612481108,0.02180525922611446,0.04272329050185991,0.0,0.0,0.0,0.020765358933636503,0.297031243098538,0.0,0.0018829588860104125,0.013672336347731904,0.0,0.1156949088094822,0.013424603868083414,0.014937884441440074,GPAB6652,GPAB6652.JPG,2024-10-04 01:28:38.000,2024-10-04 13:28:38.000,7.169385318,171.136800788,792476.1435174012,515104.28740411816,-1.8328344906516505,31.271611328124997,-0.14966666666666678
data/train\GPAB6428_jpg.rf.b16d2b18243733f492c9084c55db4346.jpg,0.5753984451293945,0.3570967673792016,0.5659573324012959,0.23758024899994815,0.409590127572625,0.010827253645412245,0.03901786554463697,0.0031369845388047003,0.17749360024427574,0.33874439961361413,0.2753556113327047,0.001229060364147541,0.014623897926536757,0.0020231485837959914,0.05079091954839713,0.001290513382354918,0.008675437804744557,0.005573980792090996,0.03067177750934758,0.0,0.0737196167636152,0.11451577902262815,0.0,0.0,0.009853607388189113,0.0006788638105096183,0.04212220316751901,0.0,0.0,GPAB6428,GPAB6428.JPG,2024-10-04 01:21:09.567,2024-10-04 13:21:09.567,7.16915113478,171.13471969174,792450.1871680112,514874.51903676643,-1.9449270914314216,31.142910156250004,-0.19588385000000005
data/train\GPAB3261_jpg.rf.8999c48d44cc28e7c338a83f1c9f0ff3.jpg,0.9837570190429688,0.9857937905565916,0.9973277539113886,0.9857937905565916,0.0,0.0,0.0,0.9857937905565916,0.9973277539113886,0.0,0.0,0.0,0.0,0.0,0.0,0.0,0.0,0.0,0.0,0.0,0.9973277539113886,0.0,0.0,0.0,0.0,0.0,0.0,0.0,0.0,GPAB3261,GPAB3261.JPG,2024-10-03 23:35:29.233,2024-10-04 11:35:29.233,7.182441730159999,171.11915499369,793918.9554361686,513155.6228559433,-1.8116942033028542,32.48898284277343,-0.6440511333333335
data/train\GPAB3268_jpg.rf.29fefe45e6a87e115961b6cbdb159bec.jpg,0.9939250946044922,0.9937807625167315,0.998771899839262,0.9937807625167315,0.0,0.0,0.0,0.9937807625167315,0.998771899839262,0.0,0.0,0.0,0.0,0.0,0.0,0.0,0.0,0.0,0.0,0.0,0.998771899839262,0.0,0.0,0.0,0.0,0.0,0.0,0.0,0.0,GPAB3268,GPAB3268.JPG,2024-10-03 23:35:43.247,2024-10-04 11:35:43.247,7.18246992732,171.119116197,793922.0714518355,513151.3385883042,-1.648477806711806,32.429921875,-0.6431168666666668
data/train\GPAB4093_jpg.rf.885f17112c89b85f617b50199b5001d7.jpg,0.7426700592041016,0.38794906312953337,0.5953606812067068,0.13385331548635263,0.3609443024410291,0.16880183898156986,0.21886300393875438,0.03655110298565648,0.15424803590392588,0.1808034213967887,0.11614524420853313,0.002209428045237103,0.06374982476287777,0.0,0.04087297853177217,0.0,0.0014815938608434811,0.16543632603130648,0.08188422635451094,0.011868114141299693,0.13713529073999037,0.07837372268941453,0.0,0.0002314090216871542,0.0015651315574691342,0.0,0.012350136252863807,0.0,0.0014815938608434811,GPAB4093,GPAB4093.JPG,2024-10-04 00:03:14.897,2024-10-04 12:03:14.897,7.17584147574,171.12690752943,793189.5426382795,514011.7654038577,-3.639501362200935,31.185810546874997,-0.5982551500000001
data/train\GPAB6680_jpg.rf.838f9dbec7aa1cd9ac863c3ff99e066c.jpg,0.2582511901855469,0.2457323759465205,0.9775091555395095,0.2085033693537639,0.9755657038387012,0.0,0.0,0.0,0.0,0.22837861972680293,0.21266873174413267,0.0,0.0,0.0,0.004020371675535745,0.017353756219717586,0.760820052119841,0.0,0.0,0.0,0.0,0.03723572801662304,0.0,0.0,0.0,0.0,0.0019434517008082993,0.0,0.0,GPAB6680,GPAB6680.JPG,2024-10-04 01:29:34.000,2024-10-04 13:29:34.000,7.169237045,171.136054161,792459.7277897578,515021.8564096563,-1.8008656237559215,31.318801757812505,-0.1414666666666668
data/train\GPAB3152_jpg.rf.4b094425141a923f1581397e7fa15cee.jpg,0.6998500823974609,0.4535549610829558,0.653112115270499,0.42994163883677117,0.34809966143227783,0.17663421819278197,0.1885877904375263,0.0,0.042973903591736876,0.23541979132859506,0.19711343651039037,0.007836220024850064,0.01826786986555232,0.03806342335560365,0.16246929749598155,0.00068462503096656,0.043699817369311514,0.0,0.1412343990951043,0.0,0.015447752451879406,0.023886980217889358,0.0,0.0,0.00911329055947212,0.0,0.13236019918459527,0.0,0.006856812547169993,GPAB3152,GPAB3152.JPG,2024-10-03 23:31:51.000,2024-10-04 11:31:51.000,7.182276598,171.120133824,793900.7286819712,513263.6981497219,-1.6625186873860356,32.129619140625,-0.65715
data/train\GPAB6667_jpg.rf.c0797ceef0cde7f53784487b37dc0d16.jpg,0.2893657684326172,0.30103145050247443,0.878267332151643,0.23185551627256717,0.16246641688575308,0.022932538028856034,0.05163973936238653,0.0,0.6458376142402007,0.2750656299030387,0.1524390126804462,0.0,0.0,0.0,0.020282376618662896,0.0031408253524426613,0.008068589249946708,0.0,0.05163973936238653,0.0,0.6458376142402007,0.07501589136642707,0.0,0.0,0.0,0.0,0.015157771022213346,0.0,0.0031657906410894085,GPAB6667,GPAB6667.JPG,2024-10-04 01:29:08.000,2024-10-04 13:29:08.000,7.169304405,171.136396833,792467.1855053433,515059.68897586135,-2.1451059800927315,31.271611328125005,-0.14493333333333347
data/train\GPAB2985_jpg.rf.dba8ba6e865affe21974c4920fc363dd.jpg,0.7597675323486328,0.3283617201467959,0.4843736497139554,0.32643747251417743,0.060685815683194325,0.03933665307658774,0.045818986294056535,0.28263683378686943,0.30363456194560257,0.00017187641029875768,0.0010168554106501921,0.006220197686677946,0.0642491305358127,0.0,0.06399371642888829,0.0,0.00566039909894512,0.0,0.045818986294056535,0.0,0.30363456194560257,0.0,0.0,0.00198185983718791,0.017955803757467984,0.0,0.050618082934688884,0.0,0.00566039909894512,GPAB2985,GPAB2985.JPG,2024-10-03 23:26:16.681,2024-10-04 11:26:16.681,7.181565685290001,171.11962067311998,793822.1241455423,513207.0627783834,-2.1936917121794934,31.48611328124999,-0.6602780166666667
data/train\GPAB6911_jpg.rf.6054641356b5c6b94a2f979a7675620d.jpg,0.09347915649414062,0.08785093034108346,0.9691064155030602,0.07554208283482773,0.9425049402465419,0.0036785392617572107,0.003053446842179047,0.0,0.0,0.03983979966316065,0.03551216289658801,0.03416115669943521,0.03552272513409241,0.0,0.0,0.010171434716730392,0.8950180806302007,0.0,0.003053446842179047,0.0,0.0,0.0,0.0,0.012308847506255726,0.023548028414339294,0.0,0.0,0.0,0.0,GPAB6911,GPAB6911.JPG,2024-10-04 01:37:16.533,2024-10-04 13:37:16.533,7.169020167759999,171.13601692102,792435.7513046934,515017.7518070874,-1.9407512940689935,31.100009765624996,-0.07879560000000019
data/train\GPAB6683_jpg.rf.a8e659241e83b43452b24e4ddccbe5bd.jpg,0.6469736099243164,0.04439308423096349,0.3989280289136451,0.04439308423096349,0.18863964142163875,0.0,0.0,0.0,0.010719710863549335,0.01517409448017468,0.01545927489279329,0.0,0.029500329349769455,0.0,0.05390677961219305,0.029218989750788807,0.28934193419533993,0.0,0.0,0.0,0.0,0.0,0.0,0.0,0.007142953163198092,0.0,0.04688193146836226,0.0,0.15626350286044596,GPAB6683,GPAB6683.JPG,2024-10-04 01:29:40.000,2024-10-04 13:29:40.000,7.169228426,171.135987579,792458.7728015991,515014.5053027857,-1.9074213503019746,31.3445419921875,-0.1406666666666668
data/train\GPAB3127_jpg.rf.a33eb97ca070a71c354688a5df3fe396.jpg,0.49919605255126953,0.42914467000689427,0.8777161753945956,0.42447136001290514,0.414369059941658,0.13231218901412076,0.12973596326645837,0.2375380000499306,0.7035218340653284,0.05574268853113844,0.010536312012336693,0.0016054601006677254,0.012468241272231109,0.002726017479542866,0.018627946144111167,0.0,0.002825878634129854,0.0,0.12973596326645837,0.0,0.29889787852658706,0.0033386272547976563,0.006099212057082172,0.0013414041630579023,0.008809866282073194,0.0,0.018627946144111167,0.0,0.0011762491766255764,GPAB3127,GPAB3127.JPG,2024-10-03 23:31:00.965,2024-10-04 11:31:00.965,7.18198795975,171.1207688769,793868.83883457,513333.821383947,-3.6211313104343597,32.03508812988281,-0.6579839166666668
data/train\GPAB3267_jpg.rf.e3a20dea0057ae4369291cfe9aaf4c33.jpg,0.9779815673828125,0.9760870942900544,0.9971097877374343,0.9760870942900544,0.0,0.0,0.0,0.9760870942900544,0.9971097877374343,0.0,0.0,0.0,0.0,0.0,0.0,0.0,0.0,0.0,0.0,0.0,0.9971097877374343,0.0,0.0,0.0,0.0,0.0,0.0,0.0,0.0,GPAB3267,GPAB3267.JPG,2024-10-03 23:35:41.245,2024-10-04 11:35:41.245,7.182465398350001,171.11912089695,793921.5709198124,513151.8576295826,-1.655565244657487,32.43745089355468,-0.6432503333333335
data/train\GPAB6709_jpg.rf.245c3530c4a8d14b6a624eff467c3c88.jpg,0.6010417938232422,0.10016073805074867,0.47270813849205817,0.0768854074047046,0.2444005738175575,0.007909195483971324,0.027409966527309145,0.022372739441123207,0.20758061387724375,0.06680327160505682,0.08588251335162841,0.003085133554692226,0.07683355642059214,0.0,0.0750014883152847,0.0,0.0,0.006794399325553125,0.012232031233496504,0.0,0.1493730831939438,0.01549960343599188,0.0,0.0009813278844990523,0.007478064153110195,0.0,0.05922438609395014,0.0,0.0,GPAB6709,GPAB6709.JPG,2024-10-04 01:30:32.129,2024-10-04 13:30:32.129,7.16908899749,171.13526931727,792443.3358812565,514935.2058060701,-5.477429381032182,31.275347952148437,-0.13371613333333343
data/train\GPAB3274_jpg.rf.6f8cbaf27e8d238f2d942b271ee4af69.jpg,0.8132362365722656,0.9194638992324133,0.8230921238355133,0.9194638992324133,0.0025310961874163425,0.0,0.0,0.9194638992324133,0.8146951450195209,0.0,0.0025310961874163425,0.0,0.0,0.0,0.005865882628576038,0.0,0.0,0.0,0.0,0.0,0.8146951450195209,0.0,0.0,0.0,0.0,0.0,0.005865882628576038,0.0,0.0,GPAB3274,GPAB3274.JPG,2024-10-03 23:35:55.259,2024-10-04 11:35:55.259,7.18248967291,171.11908783078002,793924.2534660709,513148.2061691525,-1.7780769382102024,32.42023067675781,-0.6423160666666669
data/train\GPAB3078_jpg.rf.2174b632f18eb5e71d5a552bdede8009.jpg,0.7698535919189453,0.5557494099550049,0.6632729877497249,0.5195334179592604,0.13179655978322447,0.02055123357332017,0.0,0.5029939142307907,0.5629662987807337,0.03211784384403992,0.004849987421335336,0.00019012027507907275,0.029062476595041895,0.0,0.049973786446920916,0.0,0.016420438505693045,0.02055123357332017,0.0,0.003930112555043661,0.5021988658077328,0.011850830479928869,0.0,0.0,0.0,0.0,0.02747141954551652,0.0,0.001806142613251191,GPAB3078,GPAB3078.JPG,2024-10-03 23:29:22.867,2024-10-04 11:29:22.867,7.18212274645,171.12045121957,793883.7299554158,513298.7455824094,-4.204579762379488,31.699474083984374,-0.6608566500000002
data/train\GPAB3160_jpg.rf.c692f2f8534baa6480662c80140f8c01.jpg,0.28669071197509766,0.337574871860855,0.8075973214165689,0.2680071746398757,0.5506430482233357,0.0,0.0,0.3234550807243006,0.7936878148266929,0.009630840197187372,0.002576225747662385,0.004488950939366996,0.0018877599030578639,0.0,0.00944552093915575,0.0,0.0,0.0,0.0,0.06654305648108495,0.2475087522540775,0.0007047893025658556,0.0,0.0023198514373284837,0.0,0.0,0.00944552093915575,0.0,0.0,GPAB3160,GPAB3160.JPG,2024-10-03 23:32:07.000,2024-10-04 11:32:07.000,7.182357198,171.119957411,793909.6337191093,513244.21843755944,-1.9795973267046292,32.163939453125,-0.6564166666666668
data/train\GPAB6951_jpg.rf.fd609cc90f60eda0e6252f5f464ff693.jpg,0.6002063751220703,0.2694878082973097,0.6532311804932757,0.11769309210463144,0.3935192031079864,0.03894200947528725,0.07373690042498603,0.0,0.11685099371450848,0.20849184691285003,0.2983323187183973,0.0,0.00955306372101866,0.00230544838618613,0.11105712634164422,0.019850285084392277,0.043700777572721006,0.0,0.04182838092421499,0.0,0.09652060692537107,0.1532695886296553,0.007918797518066227,0.0,0.0,0.0,0.08884474086990587,0.0,0.024599451147731134,GPAB6951,GPAB6951.JPG,2024-10-04 01:38:36.613,2024-10-04 13:38:36.613,7.16919823084,171.1369354768,792455.4659062888,515119.16470169596,-1.8322469888263095,31.17390997851563,-0.06994891666666678
data/train\GPAB5174_jpg.rf.46ca733d089fc887a9dc084787d33982.jpg,0.4514179229736328,0.32697614662690144,0.8357284007044052,0.1815744647346094,0.5996057404800633,0.20239359505917734,0.6985547018280353,0.0,0.013864377029629957,0.08278297674579382,0.07554304303823722,0.011230539077398157,0.005426109467029496,0.026215473485903255,0.03706865262337174,0.005286879972653407,0.005271516718101563,0.10212915504020371,0.17691459758835312,0.0,0.013864377029629957,0.04702500177637631,0.0,0.0,0.005426109467029496,0.0,0.034646059421227796,0.0,0.005271516718101563,GPAB5174,GPAB5174.JPG,2024-10-04 00:39:19.000,2024-10-04 12:39:19.000,7.170269569,171.136080145,792573.8717333142,515024.69149529695,-3.687099112672983,31.460373046875,-0.43410000000000004
data/train\GPAB3189_jpg.rf.cb7c692b5418f563afa01bc4fa3ee9b5.jpg,0.6972103118896484,0.17841827612761488,0.42154369981736933,0.1672597523059285,0.1765698845643461,0.0,0.010946318868189036,0.03191716133145646,0.15932271092308195,0.1288842628422405,0.11378218361777759,0.017846340568786093,0.028168527220806455,0.0,0.07055862713957324,0.0,0.03876533204794103,0.0,0.0009717258504041497,0.0,0.1298991978460717,0.0020644373304040727,0.019181023307977562,0.009094086491282313,0.02213364879216013,0.0,0.05367729099732487,0.0,0.019110928459084773,GPAB3189,GPAB3189.JPG,2024-10-03 23:33:05.000,2024-10-04 11:33:05.000,7.182701076,171.119353707,793947.6312143448,513177.5548892039,-2.66484375,32.301220703125004,-0.6518333333333335
data/train\GPAB3140_jpg.rf.3734bd1b93d5f65c2538d0366e470a65.jpg,0.8388557434082031,0.5192107896136717,0.5624295450748287,0.516479010913672,0.03208423672470776,0.0,0.0032762140331807892,0.34040075049498486,0.3267831457415939,0.15884933064220325,0.01644060277729234,0.01917046107047317,0.019659204605903716,0.0008603422549032787,0.19627037791685792,0.0,0.0,0.0,0.0032762140331807892,0.0,0.3213282301722797,0.0006980678786994237,0.0,0.002148935230439216,0.010931915817046682,0.0,0.19480894832761372,0.0,0.0,GPAB3140,GPAB3140.JPG,2024-10-03 23:31:26.991,2024-10-04 11:31:26.991,7.18213383554,171.12044317156,793884.955594556,513297.8566964489,-2.3918563590903603,32.06959720410156,-0.65755015
data/train\GPAB3159_jpg.rf.ed9a35831ae623a1f7ac0a397fdfcda7.jpg,0.3538694381713867,0.34567034680626746,0.9849824186755722,0.3440802499601516,0.6545389775370014,0.0,0.0,0.3343937179652138,0.9816572342685075,0.009903537965482608,0.0,0.001416300028998143,0.0,0.0,0.0033251844070647926,0.0,0.0,0.0,0.0,0.0,0.327118256731506,0.0016237039654480405,0.0,0.0,0.0,0.0,0.0033251844070647926,0.0,0.0,GPAB3159,GPAB3159.JPG,2024-10-03 23:32:05.000,2024-10-04 11:32:05.000,7.182346786,171.119978339,793908.4833020279,513246.5293539517,-3.2424889104995978,32.146779296875,-0.6565833333333333
data/train\GPAB6415_jpg.rf.0bf2e3c5d4735b766e74bcec33713a76.jpg,0.6826696395874023,0.3240580884654605,0.6141902700668109,0.10697050063085364,0.37750397044109824,0.05988692644649843,0.09371201195261204,0.0,0.08610336013581117,0.2507744040497539,0.2812272551817377,0.0,0.003341507865026127,0.012662202360948144,0.10128321583644279,0.0007950484230579406,0.048522919095181125,0.053270164751701,0.07708320930705961,0.0,0.044853981867518815,0.15433829502441798,0.02180045820906701,0.0,0.0,0.010729312897644236,0.07996670014575888,0.0,0.012981950096308401,GPAB6415,GPAB6415.JPG,2024-10-04 01:20:43.541,2024-10-04 13:20:43.541,7.169084826520001,171.13439770222,792442.8465272264,514838.96997430245,-1.85755426732758,31.140589245117187,-0.1991945333333334
data/train\GPAB6725_jpg.rf.990d5f2625903257e8bc17df9fa2bf20.jpg,0.6959848403930664,0.2114636764652224,0.46971134365103906,0.18014088104424042,0.17090468444835355,0.0,0.03312509722059521,0.1433362843584785,0.27699755916293306,0.05148226600323012,0.03447226260411006,0.014966690543724783,0.0913383891243521,0.0017696548836905611,0.033778035539048595,0.0,0.0,0.0,0.006787677901686693,0.0,0.23805458948423633,0.027016283129418135,0.0,0.002608872663585054,0.03672874061641218,0.0017696548836905611,0.017235651200350283,0.0,0.0,GPAB6725,GPAB6725.JPG,2024-10-04 01:31:04.161,2024-10-04 13:31:04.161,7.16900298417,171.13484529288002,792433.8135400076,514888.3916038072,-4.975761548808768,31.228710937500004,-0.1293065000000001
data/train\GPAB7059_jpg.rf.9d98a90bf8301b908be647a4c522fe68.jpg,0.7729949951171875,0.5657720131432643,0.769611674537134,0.473264096266153,0.6274209128461773,0.050284892351595764,0.05907363415866017,0.0,0.024414131889699514,0.4917921812556772,0.5393500959243206,0.0,0.008531407293321016,0.0,0.061628735431313766,0.023694939535991305,0.07661366983981886,0.050284892351595764,0.0,0.0,0.024414131889699514,0.04222878574597243,0.0,0.0,0.0019482527178557505,0.0,0.05854360187662155,0.0,0.057284775206779805,GPAB7059,GPAB7059.JPG,2024-10-04 01:42:12.829,2024-10-04 13:42:12.829,7.16905271796,171.13696329635,792439.3807166718,515122.24108694406,-1.7366416851331024,31.227977340820317,-0.041289466666666816
data/train\GPAB6701_jpg.rf.149875ae1fe458dc6e8531c3f26d32f6.jpg,0.8548040390014648,0.028854112455182507,0.17115145672459253,0.028854112455182507,0.018426303428118213,0.0,0.023909064896307633,0.023875457776975473,0.03646180406857389,0.004978654678207031,0.0052974422101577994,0.0,0.022042429468258556,0.0,0.08344071608129466,0.0,0.0,0.0,0.023909064896307633,0.0,0.03646180406857389,0.0,0.0,0.0,0.008913568250298144,0.0,0.08344071608129466,0.0,0.0,GPAB6701,GPAB6701.JPG,2024-10-04 01:30:16.113,2024-10-04 13:30:16.113,7.16912639746,171.13549590216,792447.4777367411,514960.22207084077,-5.248091899714451,31.314511718750005,-0.1358516000000001
data/train\GPAB3022_jpg.rf.4a7028ccc8d0c43d90f9f26c5b803a76.jpg,0.6014909744262695,0.2627951905331625,0.5387221228945139,0.2627951905331625,0.06186686587686736,0.0,0.0,0.21680336762539776,0.37719862575688035,0.0,0.01918006310456807,0.04601678819641153,0.08583066236751594,0.0,0.05400664076678004,0.0,0.0025061308987695953,0.0,0.0,0.0,0.3706125905711866,0.0,0.0,0.0,0.06613208942182312,0.0,0.0376044461258673,0.0,0.0025061308987695953,GPAB3022,GPAB3022.JPG,2024-10-03 23:27:30.755,2024-10-04 11:27:30.755,7.18165891345,171.119292086,793832.4208417427,513170.78144321777,-3.659645768708851,31.53864480957031,-0.661
data/train\GPAB2988_jpg.rf.83afaab24b357370faadb37c4a8f2e80.jpg,0.19603347778320312,0.1740839179371758,0.9720398369190529,0.15737157759499773,0.9567140303001788,0.0054539553659047136,0.0,0.0,0.0,0.1544525592301473,0.1260833494967574,0.014189885985447157,0.01326424989869854,0.0,0.8306306808034214,0.0,0.002061556720175602,0.0054539553659047136,0.0,0.0,0.0,0.011270867620596748,0.0,0.0,0.01326424989869854,0.0,0.0,0.0,0.002061556720175602,GPAB2988,GPAB2988.JPG,2024-10-03 23:26:22.687,2024-10-04 11:26:22.687,7.181609474519999,171.11955204547002,793826.9629640498,513199.4844728102,-1.8869325698804025,31.48611328124999,-0.6603781166666668
data/train\GPAB6581_jpg.rf.0e33f8c4bc7b403d776dbb15f4bb9251.jpg,0.7536239624023438,0.3484578173040177,0.5886219736789041,0.11856399659703912,0.4783205274205288,0.0,0.030841733512827357,0.0,0.050339623945936704,0.31601734511438906,0.3325866151485531,0.0,0.020159470582248144,0.0013020358232688012,0.08429241650551253,0.03113843636635985,0.07040211398382633,0.0,0.009383107717538884,0.0,0.01813824240527113,0.23078488947098552,0.01092135357954229,0.0,0.0,0.0,0.03878645652294982,0.0,0.033072286033073245,GPAB6581,GPAB6581.JPG,2024-10-04 01:26:15.873,2024-10-04 13:26:15.873,7.16980528795,171.13823361642,792522.6175966216,515262.4734853891,-1.8772298854255633,31.28393661035156,-0.16541270000000005
data/train\GPAB4668_jpg.rf.b51dd75e3f5f90910571442c1666adc0.jpg,0.7144842147827148,0.2097468327690538,0.42918499855009284,0.19935359106473116,0.2087222957311277,0.0,0.009847846167732172,0.0,0.051657023023757354,0.16642149472944348,0.12489173706557997,0.012454798424498245,0.0742822959615765,0.030548871472932827,0.11115218647918375,0.00032166814217923925,0.0573539098522631,0.0,0.0,0.0,0.040481215540700145,0.0,0.0,0.010393241704322643,0.03159453298586773,0.0,0.09712553507334994,0.0,0.051261419219047366,GPAB4668,GPAB4668.JPG,2024-10-04 00:22:26.000,2024-10-04 12:22:26.000,7.170562865,171.134480608,792606.242866083,514848.07582593476,-2.243036043501715,31.803576171874994,-0.5152666666666668
data/train\GPAB3256_jpg.rf.7d206d4c2dfb923b428f093deabfd85f.jpg,0.47198963165283203,0.9024586968503407,0.4364498975462962,0.9024586968503407,0.11851886703679307,0.0,0.001175288973216086,0.9024586968503407,0.4288450865431333,0.0,0.002897893889841624,0.0,0.0,0.0,0.0035316281401051998,0.0,0.0,0.0,0.001175288973216086,0.0,0.3146192889501712,0.0,0.0,0.0,0.0,0.0,0.002136452586115843,0.0,0.0,GPAB3256,GPAB3256.JPG,2024-10-03 23:35:19.223,2024-10-04 11:35:19.223,7.18242705814,171.11918836195,793917.3344371691,513159.3073941548,-2.633820758665392,32.51572265625,-0.6447184666666668
data/train\GPAB4410_jpg.rf.9548ace7ba62af809617e4b4a701449f.jpg,0.6663217544555664,0.5076000099861154,0.642551798172925,0.15294311947042863,0.4162404963867546,0.0,0.006251884399191125,0.12372220931282082,0.49887176099384895,0.3686393725646841,0.02170059705448002,0.01210816499367226,0.052031502353458554,0.0033674333570823645,0.062441067515742535,0.0,0.0012549858562037781,0.0,0.006251884399191125,0.0,0.1546513213359118,0.35444852637582747,0.0,0.00036199668537783045,0.019739861692300898,0.0,0.044413248502562785,0.0,0.0012549858562037781,GPAB4410,GPAB4410.JPG,2024-10-04 00:13:49.531,2024-10-04 12:13:49.531,7.17058381995,171.13335149097998,792608.523015039,514723.4085186233,-1.653111735781542,31.342529963867186,-0.5486979333333334
data/train\GPAB2911_jpg.rf.a892723d63b47464304a3bf61c90205b.jpg,0.14995384216308594,0.20827388073889572,0.9068602692794442,0.02288836867201948,0.9033151982916061,0.0,0.0018291874950789576,0.0,0.0,0.1763432765597064,0.08031717439022283,0.0,0.0,0.03193060417918932,0.8247139073941424,0.0,0.0,0.0,0.0018291874950789576,0.0,0.0,0.17111688940185088,0.0,0.0,0.0,0.01426862266502536,0.0017158834927591062,0.0,0.0,GPAB2911,GPAB2911.JPG,2024-10-03 23:23:48.533,2024-10-04 11:23:48.533,7.1818067895199995,171.11958187100998,793848.7765287331,513202.7717598418,-1.9182161260255344,31.424049286132806,-0.6601911166666667
data/train\GPAB2755_jpg.rf.415a644cf4ee8cdb38ffcd2059822280.jpg,0.6279592514038086,0.34998262031828825,0.6428302571616771,0.20167248229865015,0.40200740124788037,0.07769869969254287,0.0911415474254066,0.0,0.07721475717415978,0.2532987788133038,0.2401603155612485,0.01185947231061428,0.023439525429066892,0.0003581558717398694,0.1268726366993584,0.007107425637046952,0.08400147487243698,0.0,0.08360683127113648,0.0,0.06661123092315877,0.1460882273300776,0.0,0.0023044881827766392,0.0,0.0,0.06328028529563703,0.0,0.02732450842386451,GPAB2755,GPAB2755.JPG,2024-10-03 23:18:36.221,2024-10-04 11:18:36.221,,,,,,29.983153866210934,-0.6657926333333334
data/train\GPAB3198_jpg.rf.6a4a94373c659a065374d5d3634da775.jpg,0.7560586929321289,0.19648450327717423,0.3695448443798334,0.1928366905245207,0.10973396604336663,0.0,0.03064297140706287,0.12160784140512326,0.1936163756930268,0.06546282764540841,0.014541320433320595,0.009510814771001089,0.03633505721852117,0.0,0.0876780937273752,0.0,0.006731025900526768,0.0,0.029141213274620097,0.0,0.15058389969331104,0.0,0.0,0.0036593351935674053,0.018722046078241215,0.0,0.05691221628389758,0.0,0.004451503006396875,GPAB3198,GPAB3198.JPG,2024-10-03 23:33:23.107,2024-10-04 11:33:23.107,7.182835553159999,171.11918655065998,793962.4925426184,513159.09566828783,-2.8246587126076634,32.429921875,-0.6512297666666668
data/train\GPAB2950_jpg.rf.502dd1ed83690517b5d11f810ee8abd0.jpg,0.7467470169067383,0.21926436896392132,0.42884700694995226,0.20446283340662885,0.2752595909917557,0.0,0.01564075333718695,0.0,0.0,0.21464387015745415,0.13789385143348767,0.0,0.0,0.0022776024873109118,0.1997434336489842,0.0028585255500525233,0.07556896853029346,0.0,0.014131313577468252,0.0,0.0,0.014801535557292456,0.0,0.0,0.0,0.0,0.0722495453436856,0.0,0.06720655703704273,GPAB2950,GPAB2950.JPG,2024-10-03 23:25:06.611,2024-10-04 11:25:06.611,7.1816871993,171.11959672775,793835.5565413483,513204.4155121492,-1.883458616841578,31.443212890625,-0.6608898166666668
data/train\GPAB3027_jpg.rf.747b37a57bb87ebb8bad757bc73c82cb.jpg,0.6461801528930664,0.18153701680163925,0.4955513776038316,0.13253111539148454,0.20621136381531063,0.01369634143296916,0.06199553313373905,0.0,0.10822644669046691,0.13487593211745977,0.10107773230681187,0.0,0.030376034859224577,0.020908429241650553,0.1234187850354219,0.012099523162986847,0.07045684557816728,0.01369634143296916,0.05298498433908239,0.0,0.10822644669046691,0.02327725105286304,0.020894986393917687,0.0,0.006388233283338742,0.0,0.08117751664512611,0.012099523162986847,0.01966784643658913,GPAB3027,GPAB3027.JPG,2024-10-03 23:27:40.765,2024-10-04 11:27:40.765,7.1815813863499995,171.1194030899,793823.8535961721,513183.0393940944,-1.6511541361388384,31.562325825195305,-0.661
data/train\GPAB6650_jpg.rf.cedf38f1f3e5e78e3730578955f74765.jpg,0.7997245788574219,0.4274393487516395,0.5739663890398542,0.15630575181046352,0.46202683576488845,0.0,0.0,0.0,0.028412418886816983,0.38688419754840864,0.38008979822285555,0.0268223220407011,0.042988306642879226,0.0,0.08104212796438798,0.013742431196624693,0.041433737322914485,0.0,0.0,0.0,0.01935097931145734,0.2722003829291197,0.0,0.0,0.02361524265300361,0.0,0.052751654910576255,0.0,0.01622167639992856,GPAB6650,GPAB6650.JPG,2024-10-04 01:28:34.000,2024-10-04 13:28:34.000,7.169395518,171.136846199,792477.2725976658,515109.3009431248,-1.6488130954096194,31.271611328124997,-0.15033333333333349
data/train\GPAB7067_jpg.rf.a302de79c7c7c7514de83ec1b06bfd44.jpg,0.6494560241699219,0.27316250674542897,0.6158725464402379,0.26100057036082525,0.34577500897790187,0.011541644982073003,0.052759336537852176,0.0,0.08892827856653153,0.24418164744019374,0.2536415714304918,0.004754927283795799,0.00554805530003476,0.0,0.14258060427520966,0.013038602097468328,0.07241470033011793,0.0,0.027047969841931314,0.0,0.03272949341588522,0.011509958269559823,0.026214513282493763,0.000659659742319813,0.003708305567451409,0.0,0.13060398714863758,0.0,0.04979326820593675,GPAB7067,GPAB7067.JPG,2024-10-04 01:42:28.845,2024-10-04 13:42:28.845,7.16901003395,171.13674629140002,792434.6549579452,515098.2827357203,-2.140769632878274,31.228710937500004,-0.03915400000000015
data/train\GPAB6681_jpg.rf.0f833ea68a8c1dffcb4c3f6adea2c72d.jpg,0.272125244140625,0.2641221916450781,0.9716192678256962,0.2568899395647974,0.9443475705893537,0.0,0.0,0.0,0.0,0.23872289105724157,0.231674998031583,0.0,0.0,0.0,0.003300219118418046,0.025425226079892765,0.7366440506756952,0.0,0.0,0.0,0.0,0.007518392696308786,0.0,0.0,0.0,0.0,0.0,0.0,0.027271697236342547,GPAB6681,GPAB6681.JPG,2024-10-04 01:29:36.000,2024-10-04 13:29:36.000,7.169234798,171.136029154,792459.4785710478,515019.0954339144,-1.9278687425933263,31.3273818359375,-0.14120000000000013
data/train\GPAB2991_jpg.rf.349d021fabfa3966b9f88f23b1096169.jpg,0.7812538146972656,0.41065115234011174,0.3900279035110798,0.22034555800300737,0.20792628710466024,0.0,0.04026420957015534,0.0,0.0,0.39834326503726547,0.144817878219322,0.012307887302846234,0.033752110046992356,0.0,0.04056091242368783,0.0,0.13063279325092228,0.0,0.03310493294899591,0.0,0.0,0.19030751474392335,0.0,0.0,0.017759922261931967,0.0,0.020530109098311385,0.0,0.11070665209718027,GPAB2991,GPAB2991.JPG,2024-10-03 23:26:28.693,2024-10-04 11:26:28.693,7.1816533577,171.11948583327998,793831.8122391552,513192.1728520808,-1.8373921594233966,31.510536473632804,-0.6604782166666667
data/train\GPAB6729_jpg.rf.fad7588f7ac2b1f450624a9539241113.jpg,0.656865119934082,0.08115927278034579,0.41061946562759855,0.07164173658547827,0.20517146352283266,0.006689737153918686,0.04701924055591936,0.0423997019528617,0.14539015945137818,0.02896933686432134,0.10522581103580983,0.00310049680924407,0.05418235799071675,0.0,0.058801896593774425,0.0,0.0,0.006689737153918686,0.011045219819366535,0.0,0.1358073294246653,0.002827799040948835,0.0,0.0,0.007551999815640946,0.0,0.05104345304509307,0.0,0.0,GPAB6729,GPAB6729.JPG,2024-10-04 01:31:12.169,2024-10-04 13:31:12.169,7.168977656619999,171.13474127202,792431.0102673694,514876.90736697085,-5.637044292964015,31.228710937500004,-0.12797183333333345
data/train\GPAB6733_jpg.rf.56e37896c6d5df8d33caeaff2d89cdf2.jpg,0.09617424011230469,0.0931829398739829,0.958420311758843,0.07355254137036389,0.9570472208832719,0.0,0.0,0.0,0.0,0.08455455203630337,0.022171096725130252,0.005354094211317726,0.001373090875571081,0.0,0.9348761241581417,0.0032742936263618085,0.0,0.0,0.0,0.0,0.0,0.0202132419731796,0.0,0.0,0.001373090875571081,0.0,0.0,0.0,0.0,GPAB6733,GPAB6733.JPG,2024-10-04 01:31:20.177,2024-10-04 13:31:20.177,7.16895696415,171.13463376235,792428.7192815159,514865.0377752315,-2.1211390371408827,31.25950054785156,-0.1266371666666668
data/train\GPAB6648_jpg.rf.c56ce6da35aa5d7bf1816fcefeee13f5.jpg,0.8275222778320312,0.5424938018869917,0.7014170681917258,0.45117077601719147,0.6112395649894473,0.0,0.0011925726345869108,0.0,0.0,0.5125095300188391,0.5212800279611233,0.0007768045582776255,0.006868334988083875,0.00955018311079019,0.10947471112280426,0.019657284199084735,0.06260142148512741,0.0,0.0011925726345869108,0.0,0.0,0.06948992074481058,0.0,0.0007768045582776255,0.0,0.00955018311079019,0.08079439548473949,0.011507077659331353,0.008190535082951972,GPAB6648,GPAB6648.JPG,2024-10-04 01:28:30.000,2024-10-04 13:28:30.000,7.169404414,171.136891354,792478.257515874,515114.2862596791,-1.6583315514627772,31.271611328124997,-0.15100000000000013
data/train\GPAB6705_jpg.rf.01585a7db7bb160584e50946bb0e8993.jpg,0.7340631484985352,0.2735331452614922,0.5010658257845342,0.24921119289910373,0.13034665263489417,0.002681848122706314,0.019206948800033798,0.16765631631404798,0.28817624725621876,0.0859420459630168,0.051853864722702855,0.0026645644613354892,0.0637565461867442,0.01460085304470899,0.07807221881883458,0.0,0.0,0.002681848122706314,0.017003281975253637,0.0,0.28817624725621876,0.021063021990578485,0.0,0.0006692617764147157,0.005490443095465343,0.0001853192580316214,0.06004920082270228,0.0,0.0,GPAB6705,GPAB6705.JPG,2024-10-04 01:30:24.121,2024-10-04 13:30:24.121,7.16910373298,171.13538275394998,792444.9685465923,514947.7299933162,-5.325390625,31.30970258496094,-0.13478386666666678
data/train\GPAB2752_jpg.rf.8037cefac4b3ec365fb847f303ee6663.jpg,0.5573968887329102,0.21248533289292004,0.38651547943916437,0.1945151260843097,0.07207574852656787,0.0035777179037607327,0.10763016037317345,0.1974850352298631,0.07840444919851822,0.003417363934375858,0.027636574531948847,0.003340547661616637,0.0416296188184505,0.0,0.12118631210835704,0.004730922198558542,0.010028364408716342,0.0035777179037607327,0.1048830184186218,0.009727820741545889,0.06689545113236788,0.0,0.0,0.0,0.027057571876026216,0.0,0.11560368948558063,0.004730922198558542,0.0,GPAB2752,GPAB2752.JPG,2024-10-03 23:18:30.215,2024-10-04 11:18:30.215,,,,,,29.90585594238281,-0.6659928333333334
data/train\GPAB3153_jpg.rf.861109ea12d8895926392ecc8c013b29.jpg,0.7245492935180664,0.592675952473772,0.6975445678412515,0.4711286038834467,0.3603480161237356,0.0032925374911421234,0.0013817327062564933,0.09853415347507216,0.20865892230610134,0.42590782431350255,0.30433551043453044,0.01707817784119388,0.013634888414761783,0.04859109353725493,0.1574531948848044,0.0,0.012080319094797043,0.0,0.0013817327062564933,0.0,0.17837794758441627,0.10998361892983409,0.03660967539363539,0.015290279092723003,0.012124488451633594,0.0,0.10431745861043204,0.0,0.0043852489711420466,GPAB3153,GPAB3153.JPG,2024-10-03 23:31:53.000,2024-10-04 11:31:53.000,7.182285358,171.120110085,793901.6963922414,513261.0769239804,-2.48557480475799,32.129619140625,-0.6571166666666668
data/train\GPAB3142_jpg.rf.13d3a59829dbccf728469ca35f2de966.jpg,0.4875659942626953,0.4829880761940609,0.9875000720152557,0.47234710201008984,0.0,0.010767721034023847,0.0,0.37883673277347074,0.9875000720152557,0.07356694442150626,0.0,0.006403596537890586,0.0,0.015517847300772195,0.0,0.0,0.0,0.0,0.0,0.0,0.9875000720152557,0.006881777835816739,0.0,0.0030803325376447745,0.0,0.0008161728980667264,0.0,0.0,0.0,GPAB3142,GPAB3142.JPG,2024-10-03 23:31:30.995,2024-10-04 11:31:30.995,7.182161020200001,171.12039186505,793887.9593059864,513292.19126373314,-2.4418031363051345,32.052419887695315,-0.6574834166666668
data/train\GPAB2992_jpg.rf.e4effd5df06ee1d3cc045935c76638eb.jpg,0.8495082855224609,0.108118903908604,0.25220702753671337,0.019121490696589166,0.15028815704318804,0.0,0.0427348129427738,0.0,0.0,0.108118903908604,0.09625847139458023,2.1124475008785862e-05,0.004594573314410925,0.0,0.06654497688790394,0.0,0.04207419299704449,0.0,0.03821513549430312,0.0,0.0,0.08899741321201483,0.0,2.1124475008785862e-05,0.0,0.0,0.06370373499922223,0.0,0.0,GPAB2992,GPAB2992.JPG,2024-10-03 23:26:30.695,2024-10-04 11:26:30.695,7.181668666649999,171.11946243695,793833.503933898,513189.58926902356,-1.8208786892710616,31.519125131835935,-0.6605115833333335
data/train\GPAB6218_jpg.rf.cbf157f68419fd36fb92aad2909ab5ec.jpg,0.7400941848754883,0.14081094939151909,0.3745196582444025,0.12428584871419161,0.10845977611897305,0.0,0.001420140842636104,0.10958609471830513,0.1669236811126069,0.019672647453636578,0.020238207261826346,0.008745532653637346,0.08576824914589906,0.0028518041261860914,0.10016937988143408,0.0,0.0,0.0,0.0,0.0,0.1669236811126069,0.010619849708962346,0.0,0.005950380528611181,0.002086522008822349,0.0,0.0970496790040002,0.0,0.0,GPAB6218,GPAB6218.JPG,2024-10-04 01:14:09.147,2024-10-04 13:14:09.147,7.1698291044,171.13692091455,792525.2070127099,515117.53606760164,-5.80390625,31.443212890625,-0.23393285000000008
data/train\GPAB3259_jpg.rf.839025428ad843c1b67707a3f6164648.jpg,0.8969078063964844,0.8972543943709035,1.000013442847733,0.8972543943709035,0.0,0.0,0.0,0.8972543943709035,0.9987094866176451,0.0,0.0,0.0,0.0,0.0,0.0013039562300877817,0.0,0.0,0.0,0.0,0.0,0.9987094866176451,0.0,0.0,0.0,0.0,0.0,0.0013039562300877817,0.0,0.0,GPAB3259,GPAB3259.JPG,2024-10-03 23:35:25.229,2024-10-04 11:35:25.229,7.18243510712,171.11916807929998,793918.2236504618,513157.0677998219,-1.7209173324634972,32.506160159179686,-0.6443180666666668
data/train\GPAB2865_jpg.rf.a0aa2ad9cf1986ac821e09da15c74528.jpg,0.6734180450439453,0.2422794844859935,0.4818732800356427,0.2276632681867327,0.21271290110096924,0.006714702442565433,0.08929219565872834,0.05261242541620017,0.07512919536874692,0.1534798731763337,0.11236300297855098,0.014190846188856647,0.05399319791904717,0.0008171331014762167,0.10275424745978189,0.014616216299260836,0.048341440650787465,0.0,0.050110135331068534,0.0,0.07512919536874692,0.0,0.0,0.0,0.02800337223437413,0.0,0.08347624360744581,0.014616216299260836,0.03244143239303814,GPAB2865,GPAB2865.JPG,2024-10-03 23:22:16.441,2024-10-04 11:22:16.441,,,,,,31.271611328124997,-0.6602740166666667
data/train\GPAB3218_jpg.rf.7f693488a22da0d8f7d7290197305846.jpg,0.059769630432128906,0.06555404696930998,0.9792211982186306,0.046192505420348244,0.003137944742214191,0.0013289215187345287,0.0,0.0,0.9760832534764164,0.040572434864601714,0.001737007967767892,0.004278666392688627,0.0014009367744462987,0.0013414041630579023,0.0,0.018032620030227202,0.0,0.0013289215187345287,0.0,0.0,0.9760832534764164,0.0,0.0,0.0,0.0,0.0,0.0,0.018032620030227202,0.0,GPAB3218,GPAB3218.JPG,2024-10-03 23:34:03.147,2024-10-04 11:34:03.147,7.18282839871,171.11931166958,793961.7052300284,513172.9099677462,-1.6772925742885585,32.47282226562499,-0.6497902000000002
data/train\GPAB3119_jpg.rf.a07bb269b747616a05385b7d94ce252b.jpg,0.6653509140014648,0.4730365280581038,0.5903532204262151,0.44641872934362414,0.14464984262266117,0.1263080370945781,0.10842328838941241,0.15362390368775722,0.22244744326638155,0.12736138023478893,0.05419292022822115,0.06645663817423082,0.05743840775229825,0.0,0.08627235593588145,0.0,0.06157880485402028,0.0,0.09464725007345556,0.0,0.21236722787355272,0.0241491157486802,0.0103087438042875,0.002720256259085925,0.02249852608776643,0.0,0.0830921622436497,0.0,0.022789467720841984,GPAB3119,GPAB3119.JPG,2024-10-03 23:30:44.949,2024-10-04 11:30:44.949,7.18188524309,171.12094256332,793857.4888076202,513353.0007371752,-1.8634344901203086,32.000917968749995,-0.6582508500000002
data/train\GPAB4087_jpg.rf.18a3baaf217c949f1b3ddd5cc3ff25e5.jpg,0.7815322875976562,0.26780841253411125,0.38244133637269717,0.18975923859710442,0.2373373175373471,0.06067429324228044,0.09007476143746292,0.022697288193530916,0.10915592359085349,0.17898191552898565,0.028239582273108736,0.0013164388744111553,0.10195151740944802,0.004219133781300231,0.04820509176663985,0.0,0.004814459895184196,0.03145338308467266,0.0009765268674516009,0.0,0.09346235906614457,0.04466962281289669,0.0,0.0,0.0303145818410172,0.004033814523268609,0.019083082560209554,0.0,0.0012674685005271517,GPAB4087,GPAB4087.JPG,2024-10-04 00:03:02.885,2024-10-04 12:03:02.885,7.175950583900001,171.12678973660002,793201.6006902149,513998.7566307257,-6.36859841827768,31.228217583007815,-0.5988557500000001
data/train\GPAB3207_jpg.rf.59b13473fdee7f43b0c8751b7481a7a2.jpg,0.9116506576538086,0.9175070046838723,0.9794948561903354,0.9174945220395488,0.0018733568519155098,0.0,0.0,0.9174945220395488,0.9776214993384198,0.0023841850657643315,0.0,0.0,0.0018733568519155098,0.0,0.0,0.0,0.0,0.0,0.0,0.0,0.9776214993384198,0.0014143796221791625,0.0,0.0,0.0,0.0,0.0,0.0,0.0,GPAB3207,GPAB3207.JPG,2024-10-03 23:33:41.125,2024-10-04 11:33:41.125,7.1829288039999994,171.11912720050003,793972.7994983876,513152.54027305415,-1.7181146972041004,32.429921875,-0.6506291666666668
data/train\GPAB6662_jpg.rf.2108d9d531e28867ea4da578a80bbdb8.jpg,0.6757659912109375,0.11759803196709191,0.430897041229214,0.0545722005749698,0.24917950618659057,0.006751190172126063,0.050826447074548274,0.0,0.15133285835271343,0.09630456115823575,0.10066772545095953,0.0,0.017507388765236026,0.0009717258504041497,0.05265563456962723,0.013570554786325935,0.057906987016129494,0.000875705509455123,0.0481993305461829,0.0,0.06559533571591807,0.062228862562245184,0.0,0.0,0.0,0.0,0.046014867789592545,0.0,0.02190800099092992,GPAB6662,GPAB6662.JPG,2024-10-04 01:28:58.000,2024-10-04 13:28:58.000,7.169332731,171.13653283,792470.3213411965,515074.70361538697,-1.7130486748906493,31.2501611328125,-0.14633333333333348
data/train\GPAB3154_jpg.rf.e44dadb333cb93a8771cdb05af5993c6.jpg,0.2068939208984375,0.1869775293198111,0.9813557303979275,0.18447715964149847,0.0017350875609489114,0.020823931341615406,0.0,0.12062171250357676,0.9766353704368733,0.042105879709557675,0.0,0.0005146690274867827,0.0017350875609489114,0.0029113367375744876,0.002985272400105238,0.0,0.0,0.0,0.0,0.0,0.9766353704368733,0.0025368574078732838,0.0,0.0,0.0,0.0,0.002985272400105238,0.0,0.0,GPAB3154,GPAB3154.JPG,2024-10-03 23:31:55.000,2024-10-04 11:31:55.000,7.182295179,171.120088121,793902.7814450376,513258.6516415335,-3.526171875,32.129619140625,-0.6570833333333334
data/train\GPAB6647_jpg.rf.ed1c984301bcc115058546f7d8048b07.jpg,0.5044050216674805,0.17384194667798428,0.6444923692635047,0.04552708445757149,0.49401985316569463,0.019881011593495965,0.05338154834720187,0.0,0.07133159088421291,0.1340347939307463,0.2980970688830722,0.002350577946432172,0.03679499465166701,0.0,0.09797915590438679,0.017610130530051487,0.08690801059296402,0.019881011593495965,0.033139500271737565,0.0,0.013967118794445415,0.10202545307197877,0.0,0.0015296040313179944,0.0,0.0,0.06569135605686709,0.004913360846361693,0.03767454097476009,GPAB6647,GPAB6647.JPG,2024-10-04 01:28:28.000,2024-10-04 13:28:28.000,7.169411472,171.136916949,792479.0386038743,515117.1119970958,-1.7071759994768791,31.271611328124997,-0.1513333333333335
data/train\GPAB3026_jpg.rf.1228d6183b1611e5f8290b88f82e5802.jpg,0.6845827102661133,0.10700698836041427,0.41086431749701857,0.10700698836041427,0.14041438538339962,0.0,0.0881524342116634,0.0,0.0767375360796431,0.09122220451180378,0.08958697810544186,0.015948018428223836,0.0429518189133186,0.0,0.09869258703763806,0.0,0.01474296314931355,0.0,0.08323619275507324,0.0,0.06664003702544347,0.0,0.0,0.0,0.021253142265657558,0.0,0.09554792087155743,0.0,0.003772639195887257,GPAB3026,GPAB3026.JPG,2024-10-03 23:27:38.763,2024-10-04 11:27:38.763,7.1815961039600005,171.11938063974998,793825.4799473536,513180.56029382243,-1.6508744381882519,31.553737166992185,-0.661
data/train\GPAB2750_jpg.rf.6fa6e1b299c3217ba75c1aeb86c0384d.jpg,0.6951398849487305,0.2729320579271513,0.48998315803219755,0.2187237744443783,0.14700906239977876,0.0,0.027042208621474374,0.25719528424901533,0.26305156484349645,0.010691864964674117,0.01838693508832911,0.004068381846010259,0.09265866881240122,0.0009765268674516009,0.07779856084712986,0.0,0.011045219819366535,0.0,0.027042208621474374,0.04341655736351189,0.21699156749365786,0.010574720148716304,0.0,0.00024965288646746926,0.028061944642353037,0.0,0.06147030186874788,0.0,0.00940807300618563,GPAB2750,,,,,,,,,,
data/train\GPAB6741_jpg.rf.4813cc555ec276c90547ec3f17feecce.jpg,0.7194156646728516,0.37617984993941117,0.6408387952903943,0.37617984993941117,0.5714775418024555,0.0,0.01592497354639607,0.0,0.023691098722353345,0.37617984993941117,0.4263504780852776,0.0,0.0,0.0,0.0735928699135625,0.0,0.10127937502280483,0.0,0.0010014921560983479,0.0,0.0,0.0,0.0,0.0,0.0,0.0,0.02943887633156208,0.0,0.03892088500027846,GPAB6741,GPAB6741.JPG,2024-10-04 01:31:36.193,2024-10-04 13:31:36.193,7.1689250626500005,171.134435868,792425.1862436478,514843.18907118344,-1.7346929494300067,31.257913233398437,-0.12396783333333344
data/train\GPAB2914_jpg.rf.3741dcaecd66e9fb2070d310620984d9.jpg,0.8101396560668945,0.3698137013344907,0.5442989842968334,0.28980859305235224,0.3972832004731882,0.0,0.020378396959611925,0.0,0.027367717577291572,0.343889169481663,0.24930913364687177,0.0,0.017347034795851153,0.006122256938909939,0.10255932616765535,0.019802274913917766,0.12733737514955168,0.0,0.015369975975710694,0.0,0.027367717577291572,0.08000510828213848,0.0,0.0,0.014712236640209863,0.0,0.046871369230857864,0.0,0.042694484399575204,GPAB2914,GPAB2914.JPG,2024-10-03 23:23:54.539,2024-10-04 11:23:54.539,7.18185321232,171.11951561188,793853.9065509804,513195.4548861475,-1.9373967854218659,31.436610520507806,-0.6600910166666668
data/train\GPAB3114_jpg.rf.a0eef7d84c3db00e2182b17cfb131176.jpg,0.47127819061279297,0.3508448829800105,0.7735235432273972,0.3241992383666556,0.4773699260451334,0.049324688942105496,0.5024139513714585,0.28047061489505937,0.2443928921902816,0.0028575653466430327,0.0012338613811949924,0.012954104197433184,0.0,0.005727613337609439,0.02548283828446218,0.0,0.0,0.026856889363442753,0.026277886707520123,0.0,0.2443928921902816,0.0,0.0,0.0,0.0,0.0,0.02548283828446218,0.0,0.0,GPAB3114,GPAB3114.JPG,2024-10-03 23:30:34.939,2024-10-04 11:30:34.939,7.1818119115800005,171.12105188884,793849.3853693068,513365.0732846164,-2.0632837024689312,31.966335963867188,-0.6584176833333334
data/train\GPAB6659_jpg.rf.1642ff06a30f006b30706269e90791fb.jpg,0.05119037628173828,0.04700483750477701,0.9890171934022504,0.034385844297255934,0.9641892138430606,0.0071707990620733094,0.0,0.0,0.0,0.020233406244778894,0.0,0.0021566168577151386,0.0011368808368364754,0.0,0.00104470130952541,0.01744401534020967,0.9868356112558885,0.001542086675641368,0.0,0.0,0.0,0.011076906531879713,0.0,0.0,0.0011368808368364754,0.0,0.00104470130952541,0.0,0.022646397412827934,GPAB6659,GPAB6659.JPG,2024-10-04 01:28:52.000,2024-10-04 13:28:52.000,7.169348461,171.136615332,792472.0629654609,515083.8122293788,-1.7988772642900017,31.271611328124997,-0.14733333333333345
data/train\GPAB6726_jpg.rf.86e6d7ed436687c775be4fb138f7b9a2.jpg,0.5665626525878906,0.29636582213576124,0.5704654874088527,0.26755779944423425,0.30177848875505786,0.0,0.02176589088632536,0.2080703176160838,0.2506851051326713,0.07976217681953746,0.08697522483162833,0.008831950960491471,0.19301144754504795,0.0,0.018027819013179753,0.0,0.0,0.0,0.0,0.0,0.24907196340472765,0.025884203309629112,0.0,0.003138904945623681,0.01613621829648393,0.0,0.0034788169525832354,0.0,0.0,GPAB6726,GPAB6726.JPG,2024-10-04 01:31:06.163,2024-10-04 13:31:06.163,7.16899529134,171.13481892773,792432.9622609598,514885.4808480675,-4.774601687521754,31.228710937500004,-0.12897283333333345
data/train\GPAB3193_jpg.rf.b20fe77d2415b67a0fc966d613aaf1f4.jpg,0.8361663818359375,0.5259494971414744,0.5868820851009078,0.5248711887126168,0.043851529508010974,0.0,0.0038609779095603613,0.20458189862940565,0.24206055810862973,0.10780875820733864,0.02281923402653618,0.21174405586079356,0.22791388127660964,0.0022334331304743596,0.08378062808825422,0.0,0.006446805691317649,0.0,0.0,0.0,0.23753127862606416,0.0010783084288575693,0.009812318641581032,0.0,0.20964025019060037,0.0,0.0806253996846692,0.0,0.005421308449982044,GPAB3193,GPAB3193.JPG,2024-10-03 23:33:13.000,2024-10-04 11:33:13.000,7.182755807,171.119273757,793953.6792985428,513168.72621528566,-2.9320769255961587,32.301220703125004,-0.6515666666666668
data/train\GPAB6738_jpg.rf.7f615b6ddeadc841aab14743084008fa.jpg,0.453887939453125,0.21831472779193545,0.6437328483665979,0.20561411729460768,0.309902769802755,0.06556845002045233,0.0994674711890967,0.008915488657117124,0.14147348974406737,0.12723175277450774,0.1975426474344325,0.0,0.0036852606856236426,0.0,0.13151714059106281,0.017466100018627945,0.07004683872231493,0.0,0.08049097120734057,0.0,0.07102144518294756,0.014808256981158889,0.0,0.0,0.0011695277527591446,0.0,0.11431509651004469,0.0,0.06683303791075101,GPAB6738,GPAB6738.JPG,2024-10-04 01:31:30.187,2024-10-04 13:31:30.187,7.1689292051199995,171.13450362028,792425.6463748636,514850.6695425962,-1.7343474034941393,31.271611328124997,-0.12496883333333345
data/train\GPAB3219_jpg.rf.ff338c196dc32a1235219d6a9764c2bc.jpg,0.6846466064453125,0.13606082312477075,0.4359477111631328,0.0795605341035445,0.057889703354758675,0.0,0.01920982941026227,0.0,0.11574003836972824,0.08934308643943133,0.06943518915046963,0.04671773668533942,0.10605158596797146,0.0,0.09988035865517751,0.0,0.025630709609523683,0.0,0.01808543121774917,0.0,0.11021598815493074,0.009782552335886834,0.039493166232334655,0.04671773668533942,0.08475235393865836,0.0,0.09988035865517751,0.0,0.025630709609523683,GPAB3219,GPAB3219.JPG,2024-10-03 23:34:05.149,2024-10-04 11:34:05.149,7.18281422578,171.11932803372002,793960.138916602,513174.7171030238,-1.6781488134038778,32.47282226562499,-0.6496567333333334
data/train\GPAB3120_jpg.rf.5603d780549b726b1d30303f98c1122b.jpg,0.5438089370727539,0.5384993557035123,0.49808919521511436,0.5046272202303336,0.18641100930821186,0.2165047443650463,0.049131688056797955,0.007630736495219147,0.13943497790571954,0.3115111105136512,0.16867605233492663,0.0032752538297712987,0.001520962200632582,0.0,0.06671301248456472,0.0,0.07261250223247293,0.0,0.04783829406421456,0.0,0.1314796926580927,0.03412370876646509,0.014373284836659799,0.0,0.001520962200632582,0.0,0.06418959792442432,0.0,0.052276354222878574,GPAB3120,GPAB3120.JPG,2024-10-03 23:30:46.951,2024-10-04 11:30:46.951,7.181898669340001,171.12092381255002,793858.9725015343,513350.93011153804,-1.793066161387885,32.000917968749995,-0.6582174833333334
data/train\GPAB3275_jpg.rf.1d25169dab7666cefd953b8af141cd76.jpg,0.79595947265625,0.9128682620126247,0.8493450452543867,0.9128682620126247,0.20184339850553942,0.0,0.0,0.9128682620126247,0.8345502311209607,0.0,0.0,0.0,0.0,0.0,0.013502380344252126,0.0,0.0012924337891738987,0.0,0.0,0.0,0.6327068326154213,0.0,0.0,0.0,0.0,0.0,0.013502380344252126,0.0,0.0012924337891738987,GPAB3275,GPAB3275.JPG,2024-10-03 23:35:57.261,2024-10-04 11:35:57.261,7.1824924914,171.11908363835,793924.564923179,513147.7432112376,-2.61394537594488,32.41164201855469,-0.6421826
data/train\GPAB6715_jpg.rf.a898d0fb7c3a95601530c5917ce4fd7a.jpg,0.02170276641845703,0.0,0.9849949013198956,0.0,0.983372157557857,0.0,0.0,0.0,0.0,0.0,0.0,0.0,0.0,0.0,0.9849949013198956,0.0,0.0,0.0,0.0,0.0,0.0,0.0,0.0,0.0,0.0,0.0,0.0016227437620385502,0.0,0.0,GPAB6715,GPAB6715.JPG,2024-10-04 01:30:44.141,2024-10-04 13:30:44.141,7.1690539837900005,171.13511138252,792439.4600647765,514917.7691972076,-5.927349385907954,31.271611328124997,-0.13211453333333345
data/train\GPAB3266_jpg.rf.8a9ceca39439e1caada154d49866ef8d.jpg,0.9972934722900391,0.998427186815255,0.9980008565014412,0.998427186815255,0.0,0.0,0.0,0.998427186815255,0.9980008565014412,0.0,0.0,0.0,0.0,0.0,0.0,0.0,0.0,0.0,0.0,0.0,0.9980008565014412,0.0,0.0,0.0,0.0,0.0,0.0,0.0,0.0,GPAB3266,GPAB3266.JPG,2024-10-03 23:35:39.243,2024-10-04 11:35:39.243,7.18246118515,171.11912624191,793921.1053139324,513152.44787593227,-1.6626526826031682,32.446039551757806,-0.6433838000000002
data/train\GPAB6736_jpg.rf.5f196747695b52b1c60eac92e55965fc.jpg,0.6687602996826172,0.39697977619578934,0.6598277779164738,0.1414725295406579,0.42180679555156964,0.0007153515400702485,0.07859072865995932,0.0,0.07229275449711267,0.38169621852693275,0.36181424673002727,0.006357506774235054,0.02165450729082449,0.0010350992754305072,0.08158368268734048,0.007219769435957313,0.04389185805120957,0.0007153515400702485,0.06423760809489883,0.0,0.05710425696579564,0.25228576421629156,0.0,0.0025925492056237194,0.001354847010790766,0.0,0.08158368268734048,0.0,0.033740587606078475,GPAB6736,GPAB6736.JPG,2024-10-04 01:31:26.183,2024-10-04 13:31:26.183,7.16894337818,171.13455720401998,792427.2149066468,514856.5853244711,-1.8184826048314324,31.271611328124997,-0.12563616666666677
data/train\GPAB3208_jpg.rf.88ac674c1a1d170840701939258f0f75.jpg,0.8441886901855469,0.7177299639155559,0.8375863943017688,0.7174860722495453,0.006508258709525026,0.0,0.0,0.7174860722495453,0.8344974199334387,0.002353458556660643,0.0,0.0,0.0,0.0,0.003088974368330187,0.0,0.0,0.0,0.0,0.0,0.8279891612239136,0.0015219224040420724,0.0,0.0,0.0,0.0,0.003088974368330187,0.0,0.0,GPAB3208,GPAB3208.JPG,2024-10-03 23:33:43.127,2024-10-04 11:33:43.127,7.18292720815,171.11913661727,793972.6233512487,513153.5800027163,-1.6661644212816213,32.43046670996094,-0.6505624333333335
data/train\GPAB3066_jpg.rf.e12db764904a5ff43af91282f16a52d8.jpg,0.7294397354125977,0.5562890442711383,0.7394411232075403,0.43119374408274647,0.13881180589296035,0.10582593816674124,0.10563389748484318,0.4231165130021144,0.5726816368779563,0.0067617524096304565,0.0,0.0207951252393307,0.030693862187765857,0.0,0.030431726656975015,0.0,0.0,0.10582593816674124,0.10563389748484318,0.0,0.4531824021600736,0.0,0.0,0.019479646568329036,0.011381291012688128,0.0,0.030431726656975015,0.0,0.0,GPAB3066,GPAB3066.JPG,2024-10-03 23:28:58.843,2024-10-04 11:28:58.843,7.18216337228,171.12011810266,793888.2113914719,513261.9656711851,-2.7399758070910196,31.554080370117184,-0.6619807166666668
data/train\GPAB6685_jpg.rf.42cdbc2507e32fe09d31984fc16f69b6.jpg,0.5659990310668945,0.2071312386816023,0.6366119798818182,0.0729706581042128,0.3990384523057364,0.01045469472253002,0.07315885797247289,0.0,0.13824336547454213,0.15763467332919806,0.22740689387639879,0.008423864511458106,0.029490727315674554,0.0,0.10457287271735645,0.030619926525235104,0.06373926252537337,0.0,0.03383756815043699,0.0,0.06976645932674377,0.12721830992677488,0.0,0.00309857640242509,0.0,0.0,0.09009780631929068,0.0040520583880489245,0.043871693779610275,GPAB6685,GPAB6685.JPG,2024-10-04 01:29:44.000,2024-10-04 13:29:44.000,7.169215276,171.135939388,792457.3175243745,515009.18491382233,-1.886973958010623,31.353122070312498,-0.14013333333333344
data/train\GPAB2987_jpg.rf.8edaf56f6842917821771008f1c445b3.jpg,0.6671981811523438,0.28567491737449663,0.5632447577694859,0.19065606858156833,0.2087501416300029,0.004391010191598988,0.16125656058979534,0.0,0.06393418381749989,0.27247308069741494,0.17095557522905652,0.008819468316168097,0.027951521250261655,0.0,0.11190978696927158,0.0,0.0272371299136009,0.0,0.1413937928610797,0.0,0.06393418381749989,0.08941894250878106,0.0,0.0055999062841472335,0.018466631971316805,0.0,0.10445092688435118,0.0,0.02624908060523541,GPAB2987,GPAB2987.JPG,2024-10-03 23:26:20.685,2024-10-04 11:26:20.685,7.18159529225,171.11957497240002,793825.3958080882,513202.01619852294,-1.8851799596251315,31.48611328124999,-0.6603447500000001
data/train\GPAB7022_jpg.rf.dbd4d6ab4c43310a5cc493f0528c7535.jpg,0.8268251419067383,0.6826374099089151,0.8453256337822604,0.13002114367907697,0.720775729130459,0.003045765214903125,0.05545462750829136,0.0,0.021031335278065305,0.6758132442776678,0.6799353975146095,0.0,0.0022785626907204024,0.003781281026572669,0.039059154291245055,0.0,0.04756655649932882,0.0,0.04883690561008444,0.0,0.021031335278065305,0.5526162662298382,0.0,0.0,0.0,0.0,0.03160797583360059,0.0,0.0230736879300511,GPAB7022,GPAB7022.JPG,2024-10-04 01:40:58.755,2024-10-04 13:40:58.755,7.16933294775,171.13791411699998,792470.3908877452,515227.2129435688,-1.8893125268812017,31.16759933105469,-0.050186750000000044
data/train\GPAB3188_jpg.rf.6ef4c2c858b06742b682fe5136f161be.jpg,0.7478322982788086,0.36185745588345436,0.5096874921983473,0.3136926926600131,0.1950662828413571,0.0021105270940596057,0.021254102469067046,0.06801216769760506,0.17642009283246562,0.26906819940736243,0.16699953718195662,0.023193713356237385,0.036644242716377035,0.0,0.10589699321904353,0.0,0.002472523779437436,0.0021105270940596057,0.005096759697574334,0.0,0.1468477482269844,0.0464632827818245,0.04515356533127978,0.0,0.01206975685729265,0.0,0.10298085546442158,0.0,0.002472523779437436,GPAB3188,GPAB3188.JPG,2024-10-03 23:33:03.000,2024-10-04 11:33:03.000,7.1826883,171.119373082,793946.2194149835,513179.6944071611,-2.169791510272034,32.301220703125004,-0.6519
data/train\GPAB6727_jpg.rf.e012109ba11f86741fe0f7d1129d77e2.jpg,0.7602596282958984,0.17816766303773793,0.35811554319667077,0.1516698897494445,0.12994240699949877,0.015457354485974309,0.025456912792405945,0.10633004495672363,0.2124690094349587,0.043492413432861615,0.046448879730682145,0.011566610270719748,0.056676966448572466,0.0014335836903689677,0.013581117023830329,0.0,0.0034826577662211964,0.01174424790147545,0.005901410154727177,0.0,0.19780478296522336,0.010929995410227702,0.0,0.0038484952652369877,0.012535455510895428,0.0,0.011931487566326051,0.0,0.0,GPAB6727,GPAB6727.JPG,2024-10-04 01:31:08.165,2024-10-04 13:31:08.165,7.1689874498,171.1347928018,792432.0945502974,514882.5965096066,-5.287109374999999,31.228710937500004,-0.12863916666666678
data/train\GPAB3161_jpg.rf.f8abfc3136242b349fd3ba132abde642.jpg,0.7860383987426758,0.7806271280508063,0.9836669400045706,0.7806271280508063,0.153398255886527,0.0,0.0,0.7683797335627579,0.9797733151790875,0.004293069443830982,0.0,0.0006366148604920466,0.0014326234869594776,0.0,0.002461001338523553,0.007655701783865894,0.0,0.0,0.0,0.0,0.82780768277952,0.0,0.0,0.0,0.0,0.0,0.002461001338523553,0.0,0.0,GPAB3161,GPAB3161.JPG,2024-10-03 23:32:09.000,2024-10-04 11:32:09.000,7.182367748,171.119936609,793910.799395506,513241.9214286669,-2.671297966794547,32.181099609375,-0.65625
data/train\GPAB6884_jpg.rf.fc4d3d0c8326c5b6c3cf32a04a8006f7.jpg,0.6160898208618164,0.07194804147310566,0.4357719939391961,0.069498562575496,0.21714712044599527,0.02666388847813521,0.0898587156703276,0.02605800012674685,0.14181340175102694,0.01971297599683517,0.09107817400038024,0.0,0.027431091002317932,0.0,0.07372633818748163,0.0,0.011864273327661733,0.0,0.06246219199075132,0.0,0.08131290532586423,0.0024494788976096695,0.0,0.0,0.0022833637077678535,0.0,0.06257645619648067,0.0,0.009989956272336733,GPAB6884,GPAB6884.JPG,2024-10-04 01:36:22.479,2024-10-04 13:36:22.479,7.1688979698,171.13539749561,792422.2223936402,514949.3643442677,-1.8049468223718568,31.057109375000003,-0.08537745000000012
data/train\GPAB3209_jpg.rf.f6dac21895ad4908531149409119db3c.jpg,0.9544286727905273,0.9429015042546613,0.9870410947855194,0.9429015042546613,0.0,0.0,0.0,0.9429015042546613,0.9870410947855194,0.0,0.0,0.0,0.0,0.0,0.0,0.0,0.0,0.0,0.0,0.0,0.9870410947855194,0.0,0.0,0.0,0.0,0.0,0.0,0.0,0.0,GPAB3209,GPAB3209.JPG,2024-10-03 23:33:45.129,2024-10-04 11:33:45.129,7.182918915699999,171.11915110765997,793971.7070564969,513155.180091546,-1.6695864222506875,32.43905536816406,-0.6504957000000001
data/train\GPAB3145_jpg.rf.d9128aab05116feac9fb4af5f6406429.jpg,0.32230281829833984,0.22893841831453576,0.8298826823474285,0.19096141326578622,0.6592823823798833,0.0,0.6140942497258619,0.12314704747053616,0.14018393656512196,0.09186362038934327,0.03833035990344195,0.009057598761721682,0.004656026332618302,0.005856280594481135,0.02588132269940064,0.0,0.006736787120983709,0.0,0.04594189233047129,0.013686739398874258,0.09335193567405319,0.022909493147028268,0.0,0.0016851569836554175,0.0,0.00042633031381367827,0.02588132269940064,0.0,0.005425149263620005,GPAB3145,GPAB3145.JPG,2024-10-03 23:31:37.000,2024-10-04 11:31:37.000,7.182193582,171.120312998,793891.5566491956,513283.4827750855,-3.6717042176352543,32.078138671875,-0.6573833333333334
data/train\GPAB3228_jpg.rf.92aef0621bb3c3054cd3952cab4294ff.jpg,0.598820686340332,0.4483727432819368,0.3339020938195547,0.4370433032533612,0.14071012803352262,0.0,0.007466541712196312,0.007688348699788563,0.13098422769879572,0.41883592620260673,0.08253620446955483,0.01625528351926072,0.027842058061579765,0.0,0.07658294333071518,0.005644075640983786,0.008490118546712935,0.0,0.001755251832548207,0.0,0.08792006498656675,0.017963485384743905,0.017102182926431134,0.0030073570785235145,0.013719386314796926,0.0,0.07269507972568909,0.005644075640983786,0.0,GPAB3228,GPAB3228.JPG,2024-10-03 23:34:23.167,2024-10-04 11:34:23.167,7.18264550066,171.11943199017998,793941.4897439154,513186.19955971866,-3.3084672087825417,32.474255138671865,-0.6484555333333335
data/train\GPAB3262_jpg.rf.77bd56029fdd05e1a937a6123d894b5b.jpg,0.9544382095336914,0.9555051342076305,0.9986115458698771,0.9555051342076305,0.001019736020878663,0.0,0.0,0.9555051342076305,0.9963704311121268,0.0,0.0,0.0,0.001019736020878663,0.0,0.0012213787368716188,0.0,0.0,0.0,0.0,0.0,0.9963704311121268,0.0,0.0,0.0,0.0,0.0,0.0012213787368716188,0.0,0.0,GPAB3262,GPAB3262.JPG,2024-10-03 23:35:31.235,2024-10-04 11:35:31.235,7.182445456,171.11914905275,793919.3671484097,513154.9668227054,-1.881980884757716,32.4803941845703,-0.6439176666666668
data/train\GPAB6657_jpg.rf.e81b49fc4c8a81547b26c0fb3ee603b1.jpg,0.7105979919433594,0.4150085554123786,0.6940955171943625,0.3231583778707681,0.2303249520378397,0.019925180950332518,0.08353385581201522,0.0,0.02947728446794169,0.3762038550246484,0.1631644847644525,0.011831626411739063,0.013146144879331238,0.0,0.3837740987050697,0.007049813432477536,0.020999648565552125,0.0,0.037260693305269786,0.0,0.01351294258175652,0.09188378466094257,0.0,0.0,0.013146144879331238,0.0,0.3802520725990594,0.0,0.019598711791105828,GPAB6657,GPAB6657.JPG,2024-10-04 01:28:48.000,2024-10-04 13:28:48.000,7.169360176,171.136669234,792473.3598024391,515089.7632194224,-1.7225939138536321,31.271611328124997,-0.14800000000000013
data/train\GPAB6670_jpg.rf.49b33c338c42f4e138b2648057f66f03.jpg,0.05246257781982422,0.04455247799693887,0.9967910002054835,0.04409926198765947,0.9967910002054835,0.0,0.0,0.0,0.0,0.03507431014186045,0.024889432577397196,0.004618578399648182,0.0012021746686818136,0.0,0.0,0.004859589455430239,0.9706993929594046,0.0,0.0,0.0,0.0,0.0,0.0,0.00046761906042175973,0.0,0.0,0.0,0.0,0.0,GPAB6670,GPAB6670.JPG,2024-10-04 01:29:14.000,2024-10-04 13:29:14.000,7.169292674,171.136313448,792465.8859365169,515050.48273603263,-1.7696344102151915,31.314511718750005,-0.14413333333333345
data/train\GPAB3220_jpg.rf.c40e169919da8e837e5cb08ee3bd4133.jpg,0.7087774276733398,0.09688068320392992,0.37031300710742565,0.07154667644793873,0.1836744295911646,0.0,0.0016371468131809043,0.0,0.15457738567338106,0.0842645706066373,0.08165857855328072,0.01121325541602733,0.058464865197043345,0.0,0.057567075009169945,0.0014028571812652792,0.016407955861369672,0.0,0.0016371468131809043,0.0,0.1136717602256862,0.02461865521592094,0.0,0.0,0.00937062507321551,0.0,0.05406329276793996,0.0014028571812652792,0.00789575263623846,GPAB3220,GPAB3220.JPG,2024-10-03 23:34:07.151,2024-10-04 11:34:07.151,7.18280050351,171.11934450850998,793958.6224258172,513176.5364420406,-1.6790050525191966,32.47282226562499,-0.6495232666666668
data/train\GPAB3092_jpg.rf.3bad61d847234ef79c48d0ea084de422.jpg,0.8305511474609375,0.8321602848347394,0.7799636274948485,0.8040676136832826,0.13317445167584302,0.16412564837735225,0.13318117309970945,0.5824277014842825,0.5638237604254085,0.06666404211068072,0.012586346291598412,0.019814757558241136,0.0034845781730401767,0.0,0.053104049561859185,0.0,0.013783719943232775,0.0,0.13318117309970945,0.027650017379681712,0.4514463543957152,0.0005127486206678022,0.0022872045214058145,0.0,0.001175288973216086,0.0,0.053104049561859185,0.0,0.005595105267099783,GPAB3092,GPAB3092.JPG,2024-10-03 23:29:50.895,2024-10-04 11:29:50.895,7.18196865065,171.1208785949,793866.7074528929,513345.93568328663,-1.6549656534731565,31.786416015625,-0.6594552500000002
data/train\GPAB4077_jpg.rf.9a5ffc9ad55a59ca7c25d9668bc0f0c0.jpg,0.7576131820678711,0.2248681160617065,0.37574967881195953,0.15487312832350406,0.16476418364466328,0.059554696066814794,0.055689877343616474,0.10905126141921904,0.20182707504757808,0.04014514434737855,0.002147975027029726,0.010932876020456173,0.04267239972115693,0.005376178889736002,0.07204118120382622,0.0,0.0013711704687521004,0.049168175786358584,0.01977538921845204,0.0,0.10855003523946513,0.011440823624076524,0.0,0.006084809005939818,0.03350437756734387,0.003456732274164959,0.047784522673283106,0.0,0.0013711704687521004,GPAB4077,GPAB4077.JPG,2024-10-04 00:02:42.865,2024-10-04 12:02:42.865,7.1761243938,171.1265882109,793220.8088171581,513976.5009959153,-5.048632712043547,31.185810546874997,-0.6004279166666667
data/train\GPAB6596_jpg.rf.2ff0ce0a9390ffcde484219f10b26580.jpg,0.6608047485351562,0.18717245061193763,0.4769791232574709,0.13339817907025425,0.2391040918108092,0.06144533658010113,0.16511849870276518,0.0,0.13288639065299593,0.10229719063686452,0.057800404437676076,0.018539607430438063,0.022059713129629382,0.0005348332990860784,0.08285691240832457,0.004548483550755392,0.0162572039260797,0.028608300382352996,0.03939810609479512,0.0,0.10273024237454462,0.02176397047950638,0.0,0.003633409701511168,0.013011716402002601,0.0,0.0751003892664622,0.0,0.007634577308857108,GPAB6596,GPAB6596.JPG,2024-10-04 01:26:45.903,2024-10-04 13:26:45.903,7.1696563614599995,171.13821500741,792506.1535042853,515260.4238040547,-3.3996716807427534,31.25915734472656,-0.16240970000000013
data/train\GPAB3272_jpg.rf.2b8771d36365460b06cf19eab013370a.jpg,0.9006834030151367,0.8995108723832057,0.9987872630938138,0.8904177460953329,0.0,0.0,0.0,0.8904177460953329,0.9987872630938138,0.009093126287872823,0.0,0.0,0.0,0.0,0.0,0.0,0.0,0.0,0.0,0.0,0.9987872630938138,0.009093126287872823,0.0,0.0,0.0,0.0,0.0,0.0,0.0,GPAB3272,GPAB3272.JPG,2024-10-03 23:35:51.255,2024-10-04 11:35:51.255,7.18248412795,171.1190967639,793923.6407401916,513149.1926145262,-1.7338556565539767,32.429921875,-0.6425830000000001
data/train\GPAB6199_jpg.rf.bfde89e764df96e5529e9f0eaca7fc63.jpg,0.09044933319091797,0.08962442603841198,0.9506858732953989,0.06777211684523249,0.918571870264997,0.003612285226502382,0.0,0.0,0.0,0.08126393495198023,0.03687085072101674,0.0035777179037607327,0.03031842265465516,0.0012156175164146773,0.883496599919727,0.0,0.0,0.0,0.0,0.0,0.0,0.021852309193179483,0.0,0.0,0.03031842265465516,0.0,0.0017955803757467982,0.0,0.0,GPAB6199,GPAB6199.JPG,2024-10-04 01:13:31.109,2024-10-04 13:13:31.109,7.16993752231,171.13745053573,792537.2098326972,515176.0084413009,-3.04765625,31.40031249999999,-0.23692606666666677
data/train\GPAB6676_jpg.rf.6abe3e26a544322581b09d5a7e1da98c.jpg,0.6075716018676758,0.23226072211137208,0.6183345079821709,0.13776614438002546,0.35033597517298065,0.0,0.16103763421243156,0.0,0.05075347161542701,0.12311632096143248,0.12435402315626543,0.0037524749242879613,0.02080184666319713,0.09148241963577564,0.1697466791365083,0.01395367594671255,0.09164085319834153,0.0,0.16103763421243156,0.0,0.03265843836358294,0.0030140785023899464,0.0,0.0,0.0038120075356763575,0.09148241963577564,0.030143665634127934,0.0,0.040346787063371505,GPAB6676,GPAB6676.JPG,2024-10-04 01:29:26.000,2024-10-04 13:29:26.000,7.169253828,171.136146158,792461.5861219944,515032.013345638,-1.946981789004203,31.314511718750005,-0.14253333333333346
data/train\GPAB3732_jpg.rf.17cb4bb5e9fdf6d4fc4f7156adfc86f8.jpg,0.5792369842529297,0.4735031869151161,0.4483266535182813,0.4594160426944844,0.11590519335616056,0.0,0.0,0.442442527024925,0.3500008641830685,0.0,0.0,0.017133869638944314,0.03946628053686893,0.01409290544108864,0.05885950879834384,0.0,0.0,0.0,0.0,0.0,0.2772059233027925,0.0,0.0,0.01416396049339092,0.02514868749795957,0.0,0.030066849361368712,0.0,0.0,GPAB3732,GPAB3732.JPG,2024-10-03 23:51:12.175,2024-10-04 11:51:12.175,7.181966355499999,171.119545339,793866.4151174838,513198.73373386293,-13.710155610539246,31.747054907226556,-0.6197970833333335
data/train\GPAB6720_jpg.rf.2fd4860f1fba2e49d2eaf75027641000.jpg,0.1545543670654297,0.1508450750206924,0.9446913234099512,0.12334196876266268,0.8903188451441554,0.0,0.0,0.09630264075141678,0.05104729385873103,0.05462309135567279,0.0,0.0,0.0,0.0,0.8936440295512201,0.0,0.0,0.0,0.0,0.0,0.04880041788052381,0.027546315411456763,0.0,0.0,0.0,0.0,0.005572060385272016,0.0,0.0,GPAB6720,GPAB6720.JPG,2024-10-04 01:30:54.151,2024-10-04 13:30:54.151,7.169024922749999,171.13498138271,792436.2432135439,514903.4167199475,-6.1409680531797886,31.26667349316406,-0.13077986666666677
data/train\GPAB3030_jpg.rf.858513a40e7d2ee5fd53fa98a19b3285.jpg,0.6797914505004883,0.4295220299468239,0.7168792236947475,0.4295220299468239,0.6125214365411169,0.0,0.02228152011722163,0.0,0.031699195157502164,0.4295220299468239,0.514896595694832,0.0,0.027953441657080635,0.0,0.05990613051468823,0.0,0.06014234055342284,0.0,0.018967858151070723,0.0,0.031699195157502164,0.0,0.0,0.0,0.0027000919874866293,0.0,0.05099064185757111,0.0,0.0,GPAB3030,GPAB3030.JPG,2024-10-03 23:27:46.771,2024-10-04 11:27:46.771,7.18153632576,171.11946747662,793818.8741073374,513190.1495024488,-1.6519932299905977,31.588091799804683,-0.661
data/train\GPAB6661_jpg.rf.3c4167a579d558a7483fe8be14f117da.jpg,0.5363502502441406,0.4740303385869263,0.3836348692106936,0.0426560762631956,0.32124373227224456,0.37328771727002646,0.1652567679937318,0.0,0.016520299660280034,0.09102536281285828,0.09107337298333279,0.0,0.0010802288356765498,0.0033328660343407146,0.030480697030859018,0.006384392469700782,0.07922350270681341,0.37328771727002646,0.009174743577679495,0.0,0.009201629273145223,0.058798055780136464,0.0,0.0,0.0,0.0,0.030480697030859018,0.0,0.013534067056765305,GPAB6661,GPAB6661.JPG,2024-10-04 01:28:56.000,2024-10-04 13:28:56.000,7.16933892,171.136562202,792471.0064851146,515077.9464048741,-1.807229854026208,31.2587412109375,-0.14666666666666678
data/train\GPAB6696_jpg.rf.7b1873494355502f46e4f7212e94cfcf.jpg,0.8454256057739258,0.14228582182849614,0.24933217852869952,0.12135626811183681,0.0874908540625246,0.0,0.012992512333812795,0.09660894563904418,0.09385604246403557,0.039909894512053436,0.02916329795303837,0.005772742897855482,0.0631151303092047,0.0,0.04712198232073483,0.0,0.0030832131478732453,0.0,0.0,0.0,0.09026104089890402,0.01707721763778439,0.0,0.0038580972993318904,0.04231520405282655,0.0,0.02926507951444434,0.0,0.0,GPAB6696,GPAB6696.JPG,2024-10-04 01:30:06.103,2024-10-04 13:30:06.103,7.16915249176,171.13563493517,792450.3669327501,514975.5720038356,-4.969298863172379,31.284923319335938,-0.13718626666666678
data/train\GPAB3117_jpg.rf.74b472135e9c313bb3330ea9a51ede0e.jpg,0.7601690292358398,0.2471832432982603,0.4149835901237318,0.2286858848178398,0.10097883135563437,0.10531895076653038,0.1420832189090937,0.01474392335272304,0.10388248646593294,0.08160288675553029,0.06312185173307114,0.04385729072846792,0.030438448080841445,0.001023576834516624,0.06061668103771103,0.0006731025900526767,0.014840903897081557,0.0019002425473812372,0.12741707203253938,0.0,0.10388248646593294,0.016063242837362667,0.0,0.0,0.02460905318182604,0.0,0.04801977250860822,0.0006731025900526767,0.010076374579190856,GPAB3117,GPAB3117.JPG,2024-10-03 23:30:40.945,2024-10-04 11:30:40.945,7.18185749815,171.12098008600003,793854.4227635316,513357.1443488932,-1.818136563724237,31.99210193847656,-0.6583175833333335
data/train\GPAB3226_jpg.rf.c75bfba17fbb447344c44f31fb1f214a.jpg,0.008754730224609375,0.0,0.998031583010545,0.0,0.998031583010545,0.0,0.0,0.0,0.9949147627433396,0.0,0.0,0.0,0.0,0.0,0.0031168202672054047,0.0,0.0,0.0,0.0,0.0,0.0,0.0,0.0,0.0,0.0,0.0,0.0,0.0,0.0,GPAB3226,GPAB3226.JPG,2024-10-03 23:34:19.163,2024-10-04 11:34:19.163,7.182704106459999,171.11943790926,793947.96864677,513186.8513834353,-1.8215662989806276,32.47282226562499,-0.6487224666666668
data/train\GPAB6663_jpg.rf.86f74cdd128bbd44c7c2229648721c5d.jpg,0.6913652420043945,0.19159226690582132,0.4517699429447134,0.13059246470772368,0.21129756127538057,0.0,0.015636912523548988,0.0,0.08185157943858827,0.17164788188729901,0.17211454074431126,0.0017504508155007556,0.018909285743091815,0.009684611588118827,0.0641607918221396,0.008509322614902741,0.09909683267303346,0.0,0.0,0.0,0.07939345871029319,0.049256514500031684,0.0,0.0,0.0049421669486464015,0.009684611588118827,0.06280594481134884,0.0043305173768011015,0.0933308111990444,GPAB6663,GPAB6663.JPG,2024-10-04 01:29:00.000,2024-10-04 13:29:00.000,7.169326641,171.136505063,792469.6471943948,515071.63803228026,-1.8487729341234416,31.2415810546875,-0.14600000000000013
data/train\GPAB6469_jpg.rf.804de9a3f3b0bcff6cafd0268423db33.jpg,0.6712865829467773,0.13610883329524526,0.45425014835142674,0.12976572957215257,0.206372677988105,0.09727532680523042,0.1296716296380225,0.0029113367375744876,0.10274656583250596,0.03251344764874991,0.050897502126850555,0.0035834791242176744,0.12602861790241646,0.0,0.04490583285163129,0.0,0.0,0.0007403168287169954,0.12289835478747818,0.0,0.07465965590150618,0.004388129581370518,0.0,0.0012386623982424438,0.011375529792231186,0.0,0.038943929882106224,0.0,0.0,GPAB6469,GPAB6469.JPG,2024-10-04 01:22:31.649,2024-10-04 13:22:31.649,7.16936857664,171.13576585459,792474.2588783926,514990.0198938942,-4.47350256348325,31.185810546874997,-0.18789006666666674
data/train\GPAB5646_jpg.rf.dc801d7415daa5132f4b66050114462c.jpg,0.7282686233520508,0.31379639462823805,0.49985020826811954,0.2798359204413863,0.1928184466597404,0.06891859971616388,0.08463616932611004,0.010427809027064293,0.13756642207085149,0.14593939580160661,0.08643270990526633,0.04516796838242213,0.054483861861296695,0.026039756261966536,0.09103208423672471,0.01769654883690561,0.04569896086787025,0.0,0.07464429264695432,0.0,0.11598393003573877,0.013257528474832109,0.0,0.011556048033215357,0.013377553901018392,0.0,0.07747305189131265,0.009168982357222554,0.02555293313335497,GPAB5646,GPAB5646.JPG,2024-10-04 00:55:04.000,2024-10-04 12:55:04.000,7.171688183,171.137206679,792730.7332066474,515149.02614958794,-1.9212744834942654,32.511432617187495,-0.36460000000000015
data/train\GPAB2952_jpg.rf.4c5df035af0e0688e303e300b81967a9.jpg,0.616419792175293,0.16322881839288836,0.5112324594842171,0.10871230961566898,0.3678942547189197,0.052992665966358314,0.06767513630087398,0.0,0.017141551266220235,0.10704251588656541,0.14828709313781033,0.003193636539964626,0.03856080872171961,0.0,0.1883688640601625,0.0,0.0511990059974305,0.03323071959563914,0.013053005148610682,0.0,0.014805376370930419,0.01917238147729215,0.0,0.003193636539964626,0.003449050646889037,0.0,0.11087180708361259,0.0,0.0011589655152547515,GPAB2952,GPAB2952.JPG,2024-10-03 23:25:10.615,2024-10-04 11:25:10.615,7.18165717875,171.1196474574,793832.2393025958,513210.017337189,-1.933986998466123,31.443212890625,-0.6608230833333334
data/train\GPAB6684_jpg.rf.0736c8590fcf6864ecebf96c7bd09b8f.jpg,0.7092123031616211,0.186148873777421,0.44151401032794785,0.04519581428129735,0.24310333901133616,0.0,0.006302775179894108,0.0,0.14151861930431342,0.15784687828269542,0.14766296092164163,0.0,0.013629127194304841,0.0,0.05044332591416165,0.028494996380033145,0.0819572018136322,0.0,0.0,0.0,0.10034221649514233,0.14096938295408498,0.0,0.0,0.0,0.0,0.03862706275697444,0.0,0.05944139206449494,GPAB6684,GPAB6684.JPG,2024-10-04 01:29:42.000,2024-10-04 13:29:42.000,7.169221467,171.135963626,792458.0027172841,515011.86085449054,-1.8971976541562987,31.353122070312498,-0.14040000000000014
data/train\GPAB2941_jpg.rf.18f7f408bdbb3d1b44d43910c2e6eba4.jpg,0.7044849395751953,0.4129537201160694,0.5054001839749732,0.3278288072545288,0.16587321858262455,0.08278969816966027,0.08156927963619813,0.3278288072545288,0.2642892670383294,0.0,0.002151815840667687,0.0023352146918803277,0.06742836402463498,0.0,0.08833295245264756,0.0,0.0016285049824954919,0.08278969816966027,0.0088684386900521,0.0,0.2609976897505968,0.0,0.0,0.0023352146918803277,0.006481373014059298,0.0,0.061550958955145056,0.0,0.0016285049824954919,GPAB2941,GPAB2941.JPG,2024-10-03 23:24:48.593,2024-10-04 11:24:48.593,7.18182882747,171.11939410201998,793851.2073668182,513182.03993405536,-3.1361685678854676,31.462119092773435,-0.6608098833333333
data/train\GPAB6721_jpg.rf.6d79cc0bee61efd5fc70bf8565773f07.jpg,0.7050790786743164,0.24071819374216233,0.49681692569753977,0.22596178774511594,0.1426055695638564,0.0,0.04191671963788809,0.17062046423914443,0.3002786510294341,0.046364381830647006,0.019760025963900193,0.023777517029207468,0.09434862681310409,0.0,0.04051290225321332,0.0,0.0,0.0,0.022759701415147784,0.0016448284404568265,0.2777714831109822,0.003154268200175525,0.0,0.010078294986009836,0.01626488555335562,0.0,0.03741528605419772,0.0,0.0,GPAB6721,GPAB6721.JPG,2024-10-04 01:30:56.153,2024-10-04 13:30:56.153,7.169020021390001,171.13495599016,792435.7005555936,514900.6132597183,-5.318911086554553,31.258084834960936,-0.13051293333333344
data/train\GPAB4356_jpg.rf.ab8b96243dec13600dff6a53412e9ddc.jpg,0.7060518264770508,0.6230779128250529,0.8541095745722774,0.5510837815882916,0.3388701862602574,0.05090902456776444,0.15893766935587636,0.013813486248926973,0.10180076547415805,0.5544819414544777,0.34838964286194385,0.0034346475957466828,0.0024024289305446464,0.0009217952731106557,0.24257906794975448,0.0,0.0,0.0,0.15893766935587636,0.0,0.10180076547415805,0.07258081551995975,0.009519456601686502,0.0,0.0024024289305446464,0.0,0.24257906794975448,0.0,0.0,GPAB4356,GPAB4356.JPG,2024-10-04 00:12:01.423,2024-10-04 12:12:01.423,7.17127096498,171.13230103928,792684.4517081422,514607.4054943818,,31.100009765624996,-0.5559051333333334
data/train\GPAB2866_jpg.rf.5a98983bcb97a76879d7a1bebe213158.jpg,0.4965019226074219,0.633916688911379,0.47242199787603006,0.6321364717901841,0.2233001038940089,0.3072295635107341,0.2557828250336551,0.0,0.03013118298980456,0.10531607015630191,0.10140804227967652,0.0,0.01556969828488467,0.22575246340184704,0.039957904682527946,0.0,0.029572344605481225,0.0,0.18080822241383615,0.0,0.007831419007802614,0.0018762374621439806,0.0,0.0,0.006527462777714831,0.0,0.038547365873986744,0.0,0.015407423908680815,GPAB2866,GPAB2866.JPG,2024-10-03 23:22:18.443,2024-10-04 11:22:18.443,,,,,,31.271611328124997,-0.6603073833333335
data/train\GPAB3202_jpg.rf.b3fcaab315619b91de7398386de9ccee.jpg,0.2373046875,0.15480303347461127,0.9226604163826065,0.1525475156657186,0.0,0.0,0.0,0.14331131906983174,0.9226604163826065,0.006393994503795684,0.0,0.005172615766924065,0.0,0.0,0.0,0.0,0.0,0.0,0.0,0.0,0.9226604163826065,0.0012117767027767163,0.0,0.0011186369720561603,0.0,0.0,0.0,0.0,0.0,GPAB3202,GPAB3202.JPG,2024-10-03 23:33:31.115,2024-10-04 11:33:31.115,7.1828977607999995,171.11912320435,793969.3676313786,513152.0999595012,-2.6260990850950483,32.429921875,-0.6509628333333335
data/train\GPAB2948_jpg.rf.4acdaada60495f5c29e1e122f2d83397.jpg,0.9059991836547852,0.028070586473038447,0.11963462339862076,0.008189574879542482,0.060738626870716295,0.0,0.012380862761967495,0.0,0.00720824699504343,0.019881011593495965,0.019078281543162105,0.008189574879542482,0.018626025737292187,0.0,0.042639752805234264,0.0,0.019701453555921285,0.0,0.00893661313212591,0.0,0.00720824699504343,0.019881011593495965,0.0,0.0,0.0074732631360627435,0.0,0.03117108328228252,0.0,0.0041067899823898696,GPAB2948,GPAB2948.JPG,2024-10-03 23:25:02.607,2024-10-04 11:25:02.607,7.181720565209999,171.11955040574998,793839.2437292718,513199.30023111496,-1.8316198561026176,31.443212890625,-0.6609565500000001
data/train\GPAB3097_jpg.rf.1d99e8ef816fb9dcb878d24c738e0e5f.jpg,0.6472873687744141,0.595198406830503,0.4075727402092859,0.595198406830503,0.273993082694638,0.0,0.0056930460148677895,0.0,0.0,0.595198406830503,0.005951340732020671,0.0,0.15889830101608723,0.0,0.1795685998121842,0.0,0.05746145263412601,0.0,0.0056930460148677895,0.0,0.0,0.0,0.0,0.0,0.02251869035936573,0.0,0.04790646850628837,0.0,0.05746145263412601,GPAB3097,GPAB3097.JPG,2024-10-03 23:30:00.905,2024-10-04 11:30:00.905,7.1819479649,171.1209451833,793864.4226317973,513353.2881739402,-1.8466938043185603,31.854241533203126,-0.6589849166666667
data/train\GPAB6735_jpg.rf.20b7c5c450a55f6155703cf2bbbe373f.jpg,0.12778377532958984,0.13940713200684432,0.9336557056246795,0.03883542689683383,0.917334168070164,0.03149083101764278,0.0015862560324779202,0.0,0.0,0.10639917960220693,0.09159956445173345,0.0,0.015165452649489267,0.0,0.823759465205109,0.0016621121018276512,0.0015449672858698386,0.03149083101764278,0.0,0.0,0.0,0.06965411552783342,0.0,0.0,0.008199176913637385,0.0,0.008122360640878163,0.0,0.0,GPAB6735,GPAB6735.JPG,2024-10-04 01:31:24.181,2024-10-04 13:31:24.181,7.16894498778,171.13458193565,792427.3936444817,514859.31591934856,-1.8501491178682958,31.271611328124997,-0.12596983333333345
data/train\GPAB3277_jpg.rf.723ca0b955fa1ca90899447e24f64111.jpg,0.8925924301147461,0.8783806361539629,0.9844859935128658,0.8783806361539629,0.0,0.0,0.0,0.8783806361539629,0.9844859935128658,0.0,0.0,0.0,0.0,0.0,0.0,0.0,0.0,0.0,0.0,0.0,0.9844859935128658,0.0,0.0,0.0,0.0,0.0,0.0,0.0,0.0,GPAB3277,GPAB3277.JPG,2024-10-03 23:36:01.265,2024-10-04 11:36:01.265,7.18249735635,171.11907440550002,793925.1024669898,513146.7236929025,-3.9501746289606583,32.39446470214844,-0.6419367500000001
data/train\GPAB6728_jpg.rf.4800b71dc64fceae56a1c8a925e4e96b.jpg,0.730097770690918,0.14477370886248542,0.3833064796446479,0.11045795941412229,0.21698964708683888,0.020129704276553945,0.03440600856885523,0.076255513968079,0.15848157273636848,0.044211605786569824,0.09695269845964169,0.004235457239261565,0.06340511173887076,0.0,0.03006108814091177,0.0,0.0,0.020129704276553945,0.007250495945061002,0.0,0.12395361833450798,0.014216771680912885,0.0,0.0,0.01228964343806592,0.0,0.02282307484017414,0.0,0.0,GPAB6728,GPAB6728.JPG,2024-10-04 01:31:10.167,2024-10-04 13:31:10.167,7.16898296277,171.13476440396,792431.597599309,514879.46121808334,-5.530522789442914,31.228710937500004,-0.1283055000000001
data/train\GPAB3070_jpg.rf.94ac6f05bf5c9af60cc3fa812fa92778.jpg,0.5981922149658203,0.27797600643720366,0.570140938656445,0.2029620354775956,0.2920285833350937,0.0410083672125103,0.2031953649061017,0.014637340774269621,0.16020321744958452,0.198430835588211,0.08789317929110102,0.009618357552863999,0.008347048238698886,0.013721306721615907,0.0650393779418232,0.0010005319526888575,0.045462750829135645,0.021039016905341226,0.017169397165095454,0.0,0.16020321744958452,0.05141889257820376,0.0,0.001903123157609708,0.008347048238698886,0.0008881881537784965,0.06095275223103262,0.0,0.031439940236939794,GPAB3070,GPAB3070.JPG,2024-10-03 23:29:06.851,2024-10-04 11:29:06.851,7.18221415116,171.12023974668,793893.8283985731,513275.39465628646,-3.0647223851466303,31.588435002929685,-0.6616574500000001
data/train\GPAB6687_jpg.rf.f4a6a527a7155e2ece923d872127b126.jpg,0.6111946105957031,0.24509672128943796,0.6309429389521877,0.1807448489888098,0.40392972847367986,0.0,0.007547198798593494,0.0,0.12022994951250474,0.21819470236574917,0.2576619431060276,0.0,0.05154179861461852,0.003048645825131596,0.16285529926659664,0.023853373098557198,0.03110674965384667,0.0,0.0,0.0,0.05068721758017218,0.06435187230062817,0.0,0.0,0.027359075746606162,0.0,0.12063515535130963,0.0,0.0283317618004198,GPAB6687,GPAB6687.JPG,2024-10-04 01:29:48.000,2024-10-04 13:29:48.000,7.169205732,171.13588757,792456.2607639667,515003.4639456292,-1.784811701638932,31.3359619140625,-0.13960000000000014
data/train\GPAB2995_jpg.rf.77053a52828cd1b35e1a6b481dda0977.jpg,0.6655664443969727,0.8345348678664088,0.6303754587371789,0.09983906990856943,0.5530867659004883,0.0,0.1302957618541912,0.0,0.0,0.8266007070937907,0.33158992400950216,0.007934160772618071,0.002200786214551691,0.0,0.029825838305586657,0.0,0.13646314835334716,0.0,0.010136867393988742,0.0,0.0,0.7392903712722503,0.02930252744741446,0.0,0.0011560849050262808,0.0,0.028663031976693943,0.0,0.008030181113567098,GPAB2995,GPAB2995.JPG,2024-10-03 23:26:36.701,2024-10-04 11:26:36.701,7.181713407969999,171.11939274595,793838.4479756963,513181.8935371008,-1.9125443441250336,31.54489110644531,-0.6606116833333334
data/train\GPAB5096_jpg.rf.e6b7fbc62c0b41cc3946e299a644d3f2.jpg,0.775904655456543,0.5183254820701217,0.6968532213864185,0.17120618831893347,0.5098641696256935,0.03827946912273896,0.07492851285616345,0.009687492198347298,0.06813315332720084,0.46689314664418513,0.4020515706047169,0.0036602953969768954,0.0849962456046689,0.0,0.05374546543939868,0.0,0.012998273554269737,0.0,0.07271524399728839,0.0,0.04666876631145542,0.3513633928211352,0.0,0.0,0.009951548135957122,0.0,0.046324053287448416,0.0,0.011329440028575654,GPAB5096,GPAB5096.JPG,2024-10-04 00:36:42.903,2024-10-04 12:36:42.903,7.16985190807,171.13416803992,792527.6381594011,514813.58792731486,-3.5501123602095825,31.400728633789054,-0.44642475000000004
data/train\GPAB5916_jpg.rf.d72c77ea11466eba34b333085f39bc94.jpg,0.5543489456176758,0.3385744436101344,0.6779823437797063,0.13625670462030676,0.4746659932440088,0.0,0.009821920675675935,0.0,0.1089379574168992,0.3385744436101344,0.4100231793103051,0.0,0.0033818364082247184,0.0,0.08378446890189217,0.0,0.062032981066709174,0.0,0.009821920675675935,0.0,0.08154527455096088,0.20250785926490666,0.004586891687135003,0.0,0.0,0.0,0.0746567752912777,0.0,0.032705488330647965,GPAB5916,GPAB5916.JPG,2024-10-04 01:04:04.543,2024-10-04 13:04:04.543,7.16932066661,171.13322219640003,792468.8802615869,514709.1735353877,-1.8700283448927062,31.52239414160156,-0.30209140000000007
data/train\GPAB3215_jpg.rf.006beb5ee5b8d23dc7a38e00e61556ec.jpg,0.021738052368164062,0.015937456190719443,0.9902424129527599,0.007051733839296517,0.0,0.0,0.0,0.0,0.9902424129527599,0.009948667525728651,0.0,0.005988788664990792,0.0,0.0,0.0,0.0,0.0,0.0,0.0,0.0,0.9902424129527599,0.008885722351422926,0.0,0.0,0.0,0.0,0.0,0.0,0.0,GPAB3215,GPAB3215.JPG,2024-10-03 23:33:57.141,2024-10-04 11:33:57.141,7.18285863753,171.11925683887,793965.0464841718,513166.8553644935,-1.6747238569426015,32.47282226562499,-0.6500953000000002
data/train\GPAB4624_jpg.rf.171cc1916947444aa4cda7c4944883bc.jpg,0.611699104309082,0.5645266293211554,0.9308163841428169,0.019220391647766663,0.3599994622860907,0.537143548489312,0.8581491503160029,0.0,0.01982243918551706,0.024301788090789152,0.025063229394514934,0.0,0.010246330582670634,0.0,0.0031561886069945057,0.0036094046162739113,0.01437904605711674,0.537143548489312,0.539711132406289,0.0,0.015400702484814384,0.0086908010592964,0.0,0.0,0.0,0.0,0.0031561886069945057,0.0,0.012548898358628291,GPAB4624,GPAB4624.JPG,2024-10-04 00:20:57.959,2024-10-04 12:20:57.959,7.1708466954,171.13567124569,792637.6583333114,514979.52573416475,-1.8794506351652993,31.764789928710933,-0.5211020500000001
data/train\GPAB6682_jpg.rf.eb22232a2c018cc5851106de08352de7.jpg,0.7688188552856445,0.04016050760193039,0.2654117448240235,0.011463868505904291,0.13835955008709044,0.005634473606888883,0.027944799826395222,0.0,0.0184570299372219,0.02216437530126382,0.03694286597672851,0.0,0.04153935969795842,0.0,0.0812965818679029,0.01236165869377769,0.05923110751781657,0.005634473606888883,0.016560628203478624,0.0,0.006400715927662116,0.02216437530126382,0.0,0.0,0.0015142407767661501,0.0,0.072457909483545,0.0012482644323373463,0.030118700345481187,GPAB6682,GPAB6682.JPG,2024-10-04 01:29:38.000,2024-10-04 13:29:38.000,7.169234161,171.136014061,792459.4076584702,515017.4290206617,-1.9176450464476502,31.3359619140625,-0.14093333333333347
data/train\GPAB2753_jpg.rf.ecc3e09a60fddd4051f8cc1817f5abe0.jpg,0.5430784225463867,0.18804911632480226,0.6114498495361257,0.08596125003120661,0.24640547853657319,0.002576225747662385,0.04642487464544489,0.02919210405532308,0.2186844061045892,0.147085878672538,0.20294283140940578,0.008861717266185669,0.035376774215849886,0.0007163117434797388,0.08801608532751579,0.0,0.020004877833320212,0.0,0.04642487464544489,0.0,0.2071024325793176,0.09325879594333264,0.0,0.008861717266185669,0.015545693199647413,0.0007163117434797388,0.0828549920015056,0.0,0.013116378573637039,GPAB2753,GPAB2753.JPG,2024-10-03 23:18:32.217,2024-10-04 11:18:32.217,,,,,,29.931621916992185,-0.6659261000000001
data/train\GPAB6737_jpg.rf.b1b33630159b660adb00a54e0dd9619a.jpg,0.6943845748901367,0.33292268634187466,0.6321499146379169,0.1936000522350655,0.3892981489198672,0.0,0.07819032383820189,0.0,0.15724867155858296,0.3274226412123144,0.33166289946862343,0.0,0.008124281047697144,0.0,0.03250192520783603,0.005500045129560246,0.024421813516975435,0.0,0.059870602988537094,0.0,0.13544917355292546,0.1441524572565452,0.0,0.0,0.006202914025307121,0.0,0.027075815740806534,0.0,0.014253259410473515,GPAB6737,GPAB6737.JPG,2024-10-04 01:31:28.185,2024-10-04 13:31:28.185,7.1689391439,171.13452796425,792426.7458709519,514853.35706579685,-1.7868160917945692,31.271611328124997,-0.12530250000000012
data/train\GPAB3024_jpg.rf.d47ec2fb405b0fe5f1d720bdbee28730.jpg,0.7808370590209961,0.3013329543730544,0.4627037791685791,0.28634225874409236,0.0841282217224897,0.007321550997363282,0.01394311370920816,0.28381596357372346,0.2846158130138288,0.00026501614101931355,0.0,0.009930423660948335,0.10594116257588007,0.0,0.05449826491243905,0.0,0.003705424957222938,0.007321550997363282,0.007714274191844801,0.0,0.2846158130138288,0.00026501614101931355,0.0,0.0074041284905794445,0.05039819635391561,0.0,0.034467461587062605,0.0,0.0013798122994375128,GPAB3024,GPAB3024.JPG,2024-10-03 23:27:34.759,2024-10-04 11:27:34.759,7.181627274650001,171.11933799093,793828.9245668937,513175.85062521865,-1.7310628325454875,31.536559850585938,-0.661
data/train\GPAB2868_jpg.rf.6445c69d124f351e333570e6fb451f09.jpg,0.7700443267822266,0.6183057018798862,0.7580709897584704,0.08011361126741089,0.6442369551565804,0.0,0.01571564920312719,0.003466334308259862,0.03830155380115724,0.5949141866212938,0.5565636624462527,0.01928280486938353,0.008823309129806058,0.0006731025900526767,0.05714938652604168,0.0,0.08151742865208565,0.0,0.0016189029484005892,0.0,0.03830155380115724,0.5290884020870982,0.0,0.00943783931187983,0.0009621238163092469,0.0,0.054123785582737845,0.0,0.018827668453285144,GPAB2868,GPAB2868.JPG,2024-10-03 23:22:22.447,2024-10-04 11:22:22.447,,,,,,31.271611328124997,-0.6603741166666668
data/train\GPAB3206_jpg.rf.4e643a6937100e965b0d605f248af3bf.jpg,0.40417003631591797,0.4012613231987064,0.9987930243142707,0.3885943198207108,0.0017254855268540087,0.0,0.0,0.36165101215041395,0.9970675387874167,0.01524706993929594,0.0,0.0020385118383478354,0.0017254855268540087,0.0,0.0,0.0406041215771149,0.0,0.0,0.0,0.005473159434094518,0.9970675387874167,0.004943127152055892,0.0,0.0,0.0,0.0,0.0,0.0022507167918451843,0.0,GPAB3206,GPAB3206.JPG,2024-10-03 23:33:39.123,2024-10-04 11:33:39.123,7.182924741420001,171.11913155712,793972.3505148317,513153.02139415086,-1.9570219370624313,32.429921875,-0.6506959000000001
data/train\GPAB6798_jpg.rf.8586409eb79e92bd79db8bd31825a216.jpg,0.11550235748291016,0.10515667639032653,0.9948110607751146,0.08150974702480973,0.0,0.002574305340843404,0.0,0.06308152318987255,0.9948110607751146,0.036311052133283915,0.0,0.002876769414832838,0.0,0.00031974773536025874,0.0,0.0,0.0,0.0,0.0,0.0,0.9948110607751146,0.023327181630156534,0.0,0.0,0.0,0.00031974773536025874,0.0,0.0,0.0,GPAB6798,GPAB6798.JPG,2024-10-04 01:33:30.307,2024-10-04 13:33:30.307,7.1687081731,171.13343346163998,792401.1773320517,514732.51922610874,-2.3261127650775,31.068662450195312,-0.1079693000000001
data/train\GPAB3216_jpg.rf.55b7a0b3177f516a9877b302a2d24331.jpg,0.014036178588867188,0.003925311537996209,0.996639288066784,0.003925311537996209,0.001235781788013973,0.0,0.0,0.0,0.9954035062787701,0.003925311537996209,0.0,0.0,0.001235781788013973,0.0,0.0,0.0,0.0,0.0,0.0,0.0,0.9954035062787701,0.0,0.0,0.0,0.0,0.0,0.0,0.0,0.0,GPAB3216,GPAB3216.JPG,2024-10-03 23:33:59.143,2024-10-04 11:33:59.143,7.182848365330001,171.11927469186,793963.9114297905,513168.8267677318,-1.6755800960579208,32.47282226562499,-0.6500285666666668
data/train\GPAB6689_jpg.rf.a04eec44b5731bb373922f7f4ba9573a.jpg,0.7741336822509766,0.22610965907017744,0.4204394658964555,0.11131926187243506,0.2831467017973087,0.0030668896899119107,0.007324431607591752,0.0,0.037004318994935885,0.13870522331450694,0.16755261434582303,0.06593908853651557,0.065749928464846,0.002671285885201921,0.10518644269602072,0.015731972661088525,0.03762172978723813,0.0030668896899119107,0.0,0.0,0.017783927347169225,0.059161972872333275,0.0,0.04474547888224641,0.035480476184074836,0.0007153515400702485,0.06514211970663865,0.007436775406502114,0.01888624086126405,GPAB6689,GPAB6689.JPG,2024-10-04 01:29:52.000,2024-10-04 13:29:52.000,7.169194708,171.135831447,792455.0402530708,514997.26770597394,-2.5813878782837634,31.318801757812505,-0.13906666666666678
data/train\GPAB4591_jpg.rf.5ac7ba27479417886e5a0d0c916ff54a.jpg,0.7918109893798828,0.5462587594556031,0.6788013972880015,0.4665772397224628,0.09752305928487891,0.5462587594556031,0.5372818177802786,0.0,0.05628136264386248,0.0,0.013654092482951588,0.0,0.07002667445071564,0.0,0.0,0.0,0.0015574499301932122,0.08015009899697152,0.5372818177802786,0.0,0.042805867995076075,0.0,0.0,0.0,0.0011906522277679303,0.0,0.0,0.0,0.0,GPAB4591,GPAB4591.JPG,2024-10-04 00:19:51.893,2024-10-04 12:19:51.893,7.17101803052,171.13641941296999,792656.6235121574,515062.12575605826,-1.9551582476975398,31.79116508886719,-0.5245404666666669
data/train\GPAB3225_jpg.rf.83718ce0f906ef09e77f85fef62d54c7.jpg,0.013372421264648438,0.0056700011330400235,0.9990522792348331,0.0056700011330400235,0.0026972113772581584,0.0,0.0,0.0,0.9951557737991216,0.0,0.0,0.0056700011330400235,0.0024312350328293546,0.0,0.0014652704028821466,0.0,0.0,0.0,0.0,0.0,0.9951557737991216,0.0,0.0,0.0,0.0011992940584533427,0.0,0.0,0.0,0.0,GPAB3225,GPAB3225.JPG,2024-10-03 23:34:17.161,2024-10-04 11:34:17.161,7.18272886782,171.11942812206001,793950.7056749004,513185.7700873652,-1.8836679839970571,32.47282226562499,-0.6488559333333335
data/train\GPAB2907_jpg.rf.bf31d322ee0d726153fd605a1778f741.jpg,0.5978946685791016,0.3918599716163872,0.6285193855466342,0.3918599716163872,0.14567053884694933,0.05307236284934601,0.250022564780123,0.0,0.060563869850189064,0.31327404397347536,0.13262041430856714,0.013310339662354074,0.02436324110899653,0.012587306495007902,0.15906825701956703,0.0,0.001881038479191432,0.0,0.23740549197942093,0.0,0.050306977030014036,0.0,0.016743066851281775,0.0,0.01744401534020967,0.0,0.15906825701956703,0.0,0.001881038479191432,GPAB2907,GPAB2907.JPG,2024-10-03 23:23:40.525,2024-10-04 11:23:40.525,7.1817482795,171.11967145875002,793842.3109664902,513212.6646484559,-1.7512347074613492,31.40031249999999,-0.6603245833333334
data/train\GPAB3273_jpg.rf.7792a8041112c3f484a16677ed8557f4.jpg,0.8675136566162109,0.8191533694497842,0.8149284744480271,0.8191533694497842,0.00868888065247742,0.0,0.012811994092828625,0.8090030592080626,0.7795939491821947,0.010150310241721605,0.00868888065247742,0.0,0.0,0.0,0.013833650520526269,0.0,0.0,0.0,0.012811994092828625,0.0,0.7795939491821947,0.0,0.0,0.0,0.0,0.0,0.013833650520526269,0.0,0.0,GPAB3273,GPAB3273.JPG,2024-10-03 23:35:53.257,2024-10-04 11:35:53.257,7.182487038800001,171.11909244636,793923.9624038818,513148.715840834,-1.6873049813618488,32.428819334960934,-0.6424495333333334
data/train\GPAB3222_jpg.rf.ef789681cc6f68d058b4fab3aa2fddd8.jpg,0.6304569244384766,0.7322002292965741,0.6693337916704275,0.7322002292965741,0.002966068331915433,0.0,0.021279067757713793,0.0,0.45693487708436153,0.7322002292965741,0.0,0.0,0.07032529771106712,0.0,0.00835761047620328,0.0,0.11243693864108173,0.0,0.021279067757713793,0.0,0.45693487708436153,0.0,0.0,0.0,0.06735922937915167,0.0,0.00835761047620328,0.0,0.11243693864108173,GPAB3222,GPAB3222.JPG,2024-10-03 23:34:11.155,2024-10-04 11:34:11.155,7.18277562025,171.11937817575,793955.8726085277,513180.2542818626,-1.893687892520337,32.47282226562499,-0.6492563333333334
data/train\GPAB6730_jpg.rf.faeabf355c420e2ba8d4915690db7746.jpg,0.6309690475463867,0.06987784292224465,0.4355031369845388,0.06003575797496942,0.21853365416929924,0.004200889916519916,0.051134672368994646,0.054978366617184186,0.14413325318835543,0.010698586388540548,0.02941103043268686,0.0,0.1119664389704315,0.0,0.09885774202407038,0.0,0.0,0.004200889916519916,0.02031886434822353,0.0,0.13015269154617715,0.005651757268259708,0.0,0.0,0.012208026148259247,0.0,0.05428990077257966,0.0,0.0,GPAB6730,GPAB6730.JPG,2024-10-04 01:31:14.171,2024-10-04 13:31:14.171,7.168972473169999,171.13471396553,792430.4363645088,514873.89259509364,-5.655041727306826,31.23373457324219,-0.12763816666666677
data/train\GPAB3150_jpg.rf.6c8b56def24a487f2d90b80b7048e1f4.jpg,0.7199001312255859,0.5426896833825278,0.6968618632171039,0.5300841330227395,0.2589937452349906,0.06863149889672628,0.08323811316189221,0.0,0.19432308540241164,0.4738680642107224,0.23509236196595887,0.0,0.005183178004428458,0.0023937870998592342,0.16177122961728213,0.0,0.017253895065130597,0.0,0.08141276648045122,0.0,0.19432308540241164,0.012605550359788217,0.0,0.0,0.003084173351282736,0.0,0.14598548556526214,0.0,0.013062607182705584,GPAB3150,GPAB3150.JPG,2024-10-03 23:31:47.000,2024-10-04 11:31:47.000,7.18225485,171.120184701,793898.3259648548,513269.3160003807,-1.724583198465142,32.129619140625,-0.6572166666666668
data/train\GPAB6724_jpg.rf.abb977d8b1d48600b80c49827e043ca3.jpg,0.7115545272827148,0.12934612068220533,0.4016434841556835,0.11251183450702197,0.12998177533928787,0.0,0.02439876863514767,0.08028644788111913,0.20880199261411536,0.03311549518650031,0.04672925912625331,0.015944177614585876,0.08060427520966042,0.0,0.04110918857050678,0.0,0.0,0.0,0.021164803551984454,0.0,0.18976596002097085,0.01683428617518335,0.0,0.0,0.030435567470612976,0.0,0.030295377772827394,0.0,0.0,GPAB6724,GPAB6724.JPG,2024-10-04 01:31:02.159,2024-10-04 13:31:02.159,7.16900642149,171.13487374687,792434.1944504175,514891.5331287893,-6.065637027945872,31.23231886035157,-0.12964016666666678
data/train\GPAB6584_jpg.rf.fbd70af85d16529ea84b50563e90760c.jpg,0.6757926940917969,0.31940974376011816,0.6314259212671612,0.14266798278547327,0.4084666895835214,0.0,0.0,0.0,0.14196607409313589,0.2906458904254277,0.3236970519834922,0.017261576692406518,0.02734851350910177,0.0,0.12097986837531663,0.01153492355820657,0.017434413306114768,0.0,0.0,0.0,0.10071381521461506,0.17676192524624418,0.01520962200632582,0.0,0.013017477622459542,0.0,0.08677838313268282,0.0,0.007239933707556608,GPAB6584,GPAB6584.JPG,2024-10-04 01:26:21.879,2024-10-04 13:26:21.879,7.169759879630001,171.13824634002,792517.5982365229,515263.87982162,-1.769807869034118,31.30970258496094,-0.1648121000000001
data/train\GPAB3032_jpg.rf.1d597c1e44f74b2246f4f867092f84fd.jpg,0.6647930145263672,0.4903451547175754,0.6700952329741533,0.47032107281606533,0.3899059576780745,0.04812443468024266,0.04929588283982079,0.04735627195265045,0.19371527664420432,0.3816126808303071,0.2792146688354461,0.00684721051307509,0.017526592833425832,0.0076595425975038555,0.0997334475335255,0.0,0.030609364287730714,0.0,0.047669298264144275,0.0,0.1448946944920812,0.01846279115767884,0.0,0.0023044881827766392,0.0,0.0,0.08143101034523154,0.0,0.006194272194621708,GPAB3032,GPAB3032.JPG,2024-10-03 23:27:50.775,2024-10-04 11:27:50.775,7.181504749250001,171.119512943,793815.384707788,513195.17026592407,-1.6525526258917704,31.605269116210938,-0.661
data/train\GPAB3098_jpg.rf.64f8658b6d719daf7a6ca2fc4cd9cecf.jpg,0.6377649307250977,0.0,0.36471502123009736,0.0,0.089869277907832,0.0,0.03636002250716792,0.0,0.0,0.0,0.0,0.0,0.10705595873429827,0.0,0.13269723058132635,0.0,0.08860180940730485,0.0,0.02843162295500679,0.0,0.0,0.0,0.0,0.0,0.047676979891420196,0.0,0.11409136911563346,0.0,0.08464577136020494,GPAB3098,GPAB3098.JPG,2024-10-03 23:30:02.907,2024-10-04 11:30:02.907,7.18193308361,171.12095030236,793862.7776895182,513353.85379293514,-2.1687322030721528,31.871418849609377,-0.65895155
data/train\GPAB2916_jpg.rf.7f634b0de0ff892d3d6e051ea3b40642.jpg,0.5970668792724609,0.22084486377594229,0.6164256236041042,0.21412247970610093,0.35360738818911397,0.0007201525571176998,0.0013414041630579023,0.0,0.1379111350948585,0.10773002152776044,0.19787967883116359,0.11239468969106416,0.15084891583433035,0.0,0.0622375043929306,0.0,0.06620698528776336,0.0,0.0,0.0,0.054728713730716715,0.0067223840698413554,0.0,0.0,0.12794518390775902,0.0,0.054108422328186,0.0,0.026035915448328575,GPAB2916,GPAB2916.JPG,2024-10-03 23:23:58.543,2024-10-04 11:23:58.543,7.181882009540001,171.11946999066,793857.0887021101,513190.4171109587,-1.9501838916860867,31.41943320410156,-0.6600242833333334
data/train\GPAB6666_jpg.rf.3b9f9efbe0ccad9eaf54a918d77f1058.jpg,0.14459514617919922,0.18482859408937188,0.9249005709369473,0.11047428287208362,0.05643883600301888,0.007065176687029381,0.0,0.0,0.864857131334702,0.13807244926765286,0.05643883600301888,0.0,0.0,0.039690968134689655,0.00360460359922646,0.0,0.0,0.0,0.0,0.0,0.864857131334702,0.0743610326411547,0.0,0.0,0.0,0.0,0.00360460359922646,0.0,0.0,GPAB6666,GPAB6666.JPG,2024-10-04 01:29:06.000,2024-10-04 13:29:06.000,7.169308918,171.136425875,792467.6853596184,515062.89538514696,-1.745175249458583,31.254451171875004,-0.14520000000000013
data/train\GPAB3281_jpg.rf.55f02dc1fe6c46a6329e2a014ae50f24.jpg,0.7457084655761719,0.7457170126919687,0.9972038876715643,0.6321508748413264,0.001466230606291637,0.0,0.0,0.7304776243799487,0.9957376570652727,0.0,0.0,0.0,0.001466230606291637,0.015241308718838999,0.0,0.0,0.0,0.0,0.0,0.11356613785064228,0.9957376570652727,0.0,0.0,0.0,0.0,0.0,0.0,0.0,0.0,GPAB3281,GPAB3281.JPG,2024-10-03 23:36:09.273,2024-10-04 11:36:09.273,7.18250513721,171.11905637659,793925.9621054482,513144.7329372932,-5.81895489286899,32.387021484375005,-0.6415363500000002
data/train\GPAB6653_jpg.rf.6462868b079303442dc200bdaa83cf5b.jpg,0.746800422668457,0.2843354336182577,0.4975034711353253,0.0823422433808378,0.4263091893386695,0.0104172467895599,0.029359179448574385,0.0,0.06497312390656837,0.2438494170605101,0.23002728898089772,0.008064748436308748,0.04231616425623604,0.0,0.08053418036076762,0.022219106895604766,0.05029353418228118,0.0104172467895599,0.0016477090506852971,0.0,0.009039354896941368,0.16251538725963707,0.0,0.008064748436308748,0.0,0.0,0.053267284141472526,0.021210893315639984,0.007239933707556608,GPAB6653,GPAB6653.JPG,2024-10-04 01:28:40.000,2024-10-04 13:28:40.000,7.169379527,171.136773289,792475.5024313562,515101.2514020337,-1.7210257124804236,31.271611328124997,-0.14933333333333346
data/train\GPAB3029_jpg.rf.5d51a10673dfbc7f88c36ffd7b48fa3a.jpg,0.7320938110351562,0.3673757448777949,0.568113949259011,0.32879093107083807,0.4182223562239425,0.0013778918926185323,0.03865394845244016,0.0,0.022351614966114423,0.36309803868851576,0.3305039339533687,0.0028998142966606046,0.01740272659360159,0.0,0.10442116057865698,0.0,0.05478056471482919,0.0013778918926185323,0.027881426401368866,0.0,0.020714468152933516,0.03720692191433833,0.005863962221757057,0.0,0.005994549885447733,0.0,0.07411041955127774,0.0,0.015326766822283632,GPAB3029,GPAB3029.JPG,2024-10-03 23:27:44.769,2024-10-04 11:27:44.769,7.18155052254,171.1194474342,793820.4429509345,513187.9362494151,-1.6517135320400111,31.579503141601556,-0.661
data/train\GPAB3091_jpg.rf.faf2ca9266200302fb94cdc9d1b5e21f.jpg,0.8167476654052734,0.667309682883222,0.7114463928038516,0.6032285879440701,0.07296201627352739,0.41790164828517273,0.42571194281796654,0.1498359012373181,0.16061226410202736,0.08143581136227898,0.043092008611104175,0.01867211550094772,0.011824904987872632,0.0,0.06432690701198142,0.0,0.005878365272899411,0.0,0.42571194281796654,0.0,0.1562001294354196,0.05379635622010167,0.0,0.010479660011176768,0.0,0.0,0.05168870973627053,0.0,0.004883594540667495,GPAB3091,GPAB3091.JPG,2024-10-03 23:29:48.893,2024-10-04 11:29:48.893,7.181975412649999,171.12084657587,793867.4540436959,513342.4003314678,-1.6327820544643443,31.786416015625,-0.6595553500000001
data/train\GPAB6699_jpg.rf.eeb4568c8aa8184f237f80378ad2a69c.jpg,0.11768150329589844,0.05565819063110329,0.8798065382170559,0.05565819063110329,0.8528718723774444,0.0,0.0,0.016082446905552474,0.010722591473777805,0.01920790900344329,0.0,0.02036783472210753,0.0024014687271351563,0.0,0.866682478016143,0.0,0.0,0.0,0.0,0.0,0.010722591473777805,0.0,0.0,0.0,0.0,0.0,0.01621207436583366,0.0,0.0,GPAB6699,GPAB6699.JPG,2024-10-04 01:30:12.109,2024-10-04 13:30:12.109,7.169136881590001,171.13555126348,792448.6385368854,514966.33423193963,-5.109011044839026,31.310689293945316,-0.1363854666666668
data/train\GPAB3079_jpg.rf.e7c5099d099663c09dfc56f1c1dff4d2.jpg,0.7634334564208984,0.409738959101096,0.391581512627635,0.38793273967157205,0.12466993007798773,0.002721216462495415,0.006821285021018852,0.29175972638043646,0.2991965017869385,0.07479312417542532,0.006493855658382672,0.023381913224497477,0.02176012966586842,0.01719052164010424,0.05501965536379227,0.0,0.0022900851316342854,0.002721216462495415,0.0,0.002880610228470799,0.20016784355597889,0.0,0.0,0.0042450592733564675,0.009433998498241867,0.011974696719753113,0.05501965536379227,0.0,0.0022900851316342854,GPAB3079,GPAB3079.JPG,2024-10-03 23:29:24.869,2024-10-04 11:29:24.869,7.1821073562999995,171.12048114737001,793882.0294793072,513302.0502948686,-4.475635194740176,31.708633317382812,-0.6607565500000001
data/train\GPAB3676_jpg.rf.cf29c1b5e8ed14be8d55b94129a9427f.jpg,0.755620002746582,0.5781557565154603,0.7516750748478558,0.4134760707708321,0.6898418160903206,0.0,0.004224895001757172,0.0,0.003731350449279175,0.572013335304951,0.5982768189613288,0.002681848122706314,0.008155967760210324,0.003665096414024347,0.09168502255517809,0.0,0.04560102012010224,0.0,0.0024926880510367315,0.0,0.003731350449279175,0.16578968088599888,0.0,0.0,0.001340443959648412,0.0,0.03715987194727331,0.0,0.017108904350297566,GPAB3676,GPAB3676.JPG,2024-10-03 23:49:20.000,2024-10-04 11:49:20.000,7.181872391,171.119543633,793856.0275155021,513198.54808750324,-1.7041007584351475,31.7992861328125,-0.6196666666666668
data/train\GPAB6151_jpg.rf.ba5d76d5c0fe110e28357ddc64a64e6f.jpg,0.7163629531860352,0.316763423163563,0.3935748949057368,0.21659020246849092,0.17586509526178026,0.0396467987778531,0.059603666440698796,0.0015267234210895235,0.07331633133162929,0.2271697236342547,0.03204294797809968,0.04123113440351204,0.10536984154723336,0.0037467137038310195,0.10816595387566902,0.004205690933567367,0.015076153732406674,0.03598362277064773,0.02786030192636008,0.0,0.06922970562083872,0.05908227598934558,0.0,0.008042663757890471,0.023651730382564243,0.0,0.08687536367704135,0.0,0.01009269803715219,GPAB6151,GPAB6151.JPG,2024-10-04 01:11:55.000,2024-10-04 13:11:55.000,7.170167099,171.138620319,792562.6278342648,515305.1575997621,-3.3232167180315555,31.408892578124995,-0.24633333333333343
data/train\GPAB3143_jpg.rf.dda8da8226fa5b640de9bb0a181d693d.jpg,0.7726621627807617,0.6392266137658602,0.6612047096056829,0.621483975165299,0.3641475410150886,0.08832239021514318,0.13730428654006063,0.2546286605354478,0.36085308311712755,0.2850181382424053,0.04425001392294944,0.011766332579893724,0.03469118898147384,0.003788002450439101,0.07279974189732352,0.0005607587911423156,0.011306395146747887,0.0,0.09236388636568771,0.0,0.1519473885347872,0.006904822717644506,0.006082888599120838,0.007572164087240241,0.0020260291940244622,0.003788002450439101,0.03782913372368803,0.0,0.006807842173285989,GPAB3143,GPAB3143.JPG,2024-10-03 23:31:32.997,2024-10-04 11:31:32.997,7.18217181787,171.12036375139002,793889.1521475344,513289.0869806836,-3.0438340468584912,32.043831229492184,-0.65745005
data/train\GPAB3709_jpg.rf.a45e2057dad709053cf0cfe214794ee1.jpg,0.6746292114257812,0.5014364643005974,0.8118759878092575,0.4386007531835544,0.7527168955471527,0.0,0.04823293766551506,0.0,0.06207234940649827,0.49987709396358526,0.6072902483662139,0.0,0.020629010049488885,0.0015603305404216828,0.06004824061929279,0.0,0.013603201702248604,0.0,0.0027471419545516524,0.0,0.0,0.06285107437159487,0.0,0.0,0.01052382936801332,0.0,0.04453231372533958,0.0,0.0013558072142002562,GPAB3709,GPAB3709.JPG,2024-10-03 23:50:26.129,2024-10-04 11:50:26.129,7.181876390779999,171.11954049554998,793856.4695913475,513198.2015727621,-1.7783400108252807,31.786416015625,-0.6205645166666667
data/train\GPAB3100_jpg.rf.e7ec1e1b776eaf06f12dc677181b3f99.jpg,0.5747089385986328,0.29860789709692104,0.44330286927982826,0.17921332455067282,0.24602235737618658,0.03809414986470734,0.029358219245164897,0.0,0.0,0.2605233492663086,0.010697626185131058,0.0,0.1657877604791799,0.0,0.1700001728366137,0.0,0.06745909053373866,0.0,0.0226396759889615,0.0,0.0,0.11954628468494766,0.0,0.0,0.05851479577433683,0.0,0.10041711236108257,0.0,0.015708927779260758,GPAB3100,GPAB3100.JPG,2024-10-03 23:30:06.911,2024-10-04 11:30:06.911,7.18189891666,171.12094992168,793859.0006028657,513353.81275966554,-1.969628371338184,31.888995139648436,-0.6588848166666668
data/train\GPAB3279_jpg.rf.e80fecf07458b621fb3eb07d30d469f8.jpg,0.7139368057250977,0.7095605533076127,0.993685702379192,0.7095605533076127,0.0017504508155007556,0.0,0.0,0.6981139684630793,0.9896336439911431,0.0,0.0,0.0,0.0,0.011458107285447348,0.0040520583880489245,0.0,0.0,0.0,0.0,0.0,0.9896336439911431,0.0,0.0,0.0,0.0,0.0,0.002301607572548169,0.0,0.0,GPAB3279,GPAB3279.JPG,2024-10-03 23:36:05.269,2024-10-04 11:36:05.269,7.18250128355,171.1190655084,793925.5363544137,513145.74127094087,-4.931097308021999,32.387021484375005,-0.6417365500000002
data/train\GPAB2871_jpg.rf.158bcbc9f58f2bac1f263b486899dad6.jpg,0.7506084442138672,0.35291988254791895,0.5531510995289242,0.35291988254791895,0.1827055843509889,0.0,0.002303527979367149,0.35291988254791895,0.4431722816161376,0.0,0.0040443767607730025,0.0,0.03103281399131592,0.0,0.06372581967764052,0.0,0.008872279503690062,0.0,0.0,0.0,0.3426908356266191,0.0,0.0,0.0,0.008310560509138256,0.0,0.019444119042177896,0.0,0.0,GPAB2871,GPAB2871.JPG,2024-10-03 23:22:28.453,2024-10-04 11:22:28.453,7.181823345210001,171.11973100054,793850.6110198823,513219.2363689625,-11.485707618568583,31.271611328124997,-0.6604742166666667
data/train\GPAB4541_jpg.rf.e77dc1d8b513409bfb6fe75f8bc01f13.jpg,0.8100252151489258,0.35867918259804155,0.4306089802063669,0.2687666955367825,0.10401019351939515,0.1364103371658252,0.23465354900782182,0.0,0.024058856628188116,0.09906130514688231,0.0,0.09027640415345586,0.06419727955170024,0.004857669048611258,0.04757519833001423,0.02866015136646547,0.06012409668864252,0.0,0.22924664360898211,0.0,0.014481787821932199,0.0,0.0,0.09027640415345586,0.00356715566625634,0.0,0.035658113814830535,0.0,0.04364508577497057,GPAB4541,GPAB4541.JPG,2024-10-04 00:18:11.793,2024-10-04 12:18:11.793,7.171384496610001,171.1366600891,792697.143382749,515088.686897138,-1.8885746355968378,31.786416015625,-0.5336241500000002
data/train\GPAB2942_jpg.rf.fa5fdb4faaa02afcbd2ae3923f5deedc.jpg,0.6471319198608398,0.26085846025622067,0.5331308584410521,0.20080541861988044,0.23382873427906967,0.015804948120209786,0.058486949875461616,0.02545307197876798,0.1099250465218552,0.18377525094916106,0.06076167175254406,0.03447610341774802,0.13769893014136114,0.0014047775880842597,0.1529844082170367,0.0,0.013273851932793443,0.015804948120209786,0.04379295710003207,0.0013999765710368084,0.057836892167236705,0.02854300655050766,0.0,0.014364643005974386,0.09902001640027423,0.0,0.09051837541264741,0.0,0.008133883081792047,GPAB2942,GPAB2942.JPG,2024-10-03 23:24:50.595,2024-10-04 11:24:50.595,7.181814178900001,171.11941556735,793849.5886195905,513184.4102991731,-1.7465148474437358,31.453530434570308,-0.66084325
data/train\GPAB3095_jpg.rf.c30fe8fea9a0ca71fd70d7ad21b1c91c.jpg,0.6431465148925781,0.929367437197896,0.6419209445328898,0.0,0.20241856034782407,0.0,0.08037286618797326,0.0,0.0,0.929367437197896,0.0,0.0,0.3202239962513659,0.0,0.2413240820935507,0.0,0.0,0.0,0.08037286618797326,0.0,0.0,0.929367437197896,0.0,0.0,0.16583192983601647,0.0,0.19329758816107603,0.0,0.0,GPAB3095,GPAB3095.JPG,2024-10-03 23:29:56.901,2024-10-04 11:29:56.901,7.18195119901,171.1209391796,793864.779980085,513352.6252234937,-1.7343173051499134,31.819886900390625,-0.65915495
data/train\GPAB2953_jpg.rf.525a5128fa0eaaf1e66a5fda8ef5249f.jpg,0.5908069610595703,0.2740756601878542,0.6262609871275131,0.15298632862385567,0.4950271065422499,0.0,0.011864273327661733,0.009641402434691766,0.1399025969661413,0.22172537030244488,0.23552349329681999,0.04271272826435552,0.11134134655085333,0.0,0.09706888307219001,0.0,0.03056039391384671,0.0,0.0,0.0,0.06373158089809745,0.09248967301233094,0.0,0.028920366490437333,0.0,0.0,0.057451850600031114,0.0,0.010050449087134618,GPAB2953,GPAB2953.JPG,2024-10-03 23:25:12.617,2024-10-04 11:25:12.617,7.1816409941999995,171.11967140085,793830.4508291548,513212.66135271476,-1.8271586887563156,31.443212890625,-0.6607897166666666
data/train\GPAB2990_jpg.rf.26380753fc33e784adf7e3cfce47a36f.jpg,0.41002750396728516,0.8728037747516434,0.4368992727419376,0.7927160889762888,0.12258436827257486,0.0,0.10215219992203148,0.0,0.009609715722178586,0.8728037747516434,0.08108341671099606,0.0,0.10335245418389431,0.0,0.10493582960614377,0.0,0.035765656596693444,0.0,0.09177336126885119,0.0,0.009609715722178586,0.08035750293342142,0.0035191454957818266,0.0,0.0759885774202407,0.0,0.10493582960614377,0.0,0.028488274956166713,GPAB2990,GPAB2990.JPG,2024-10-03 23:26:26.691,2024-10-04 11:26:26.691,7.18163748061,171.11950655929,793830.0576611377,513194.46162700036,-1.8539056295757321,31.501947815429684,-0.6604448500000002
data/train\GPAB3115_jpg.rf.579f0cdc4939c117334ea9da5ff03dd0.jpg,0.8602781295776367,0.6422896626421342,0.7198500930437104,0.6273786638961598,0.39860155975441836,0.007606731409981891,0.006019515174094481,0.6001472952030158,0.641666490629375,0.0013759714857995518,0.0,0.020087455326536375,0.022111564113741856,0.013005955181545658,0.046223231929451936,9.506013753953637e-05,0.0038292911970471827,0.0,0.006019515174094481,0.0,0.2768640908890139,0.0,0.0,0.0031917161331456454,0.008692721466115381,0.01174520810488494,0.02584291456302103,0.0,0.0038292911970471827,GPAB3115,GPAB3115.JPG,2024-10-03 23:30:36.941,2024-10-04 11:30:36.941,7.18183213901,171.1210261328,793851.6207128506,513362.22902216314,-1.8412103286384136,31.97492462207031,-0.6583843166666667
data/train\GPAB3205_jpg.rf.b2dcf1145d64430a21b33c0963363d7a.jpg,0.6840009689331055,0.5118892386163085,0.35342398933790137,0.5071381521461507,0.03213896831904871,0.0,0.008093554538593456,0.49181522613750495,0.3188998757496788,0.013103895929313665,0.008098355555640906,0.006579313761827306,0.001185851210720479,0.0004176884831282659,0.01600659083620274,0.0,0.0011397614470649462,0.0,0.008093554538593456,0.0,0.29647336491762416,0.004774131351985605,0.0,0.0,0.001185851210720479,0.0,0.014392488904849603,0.0,0.0011397614470649462,GPAB3205,GPAB3205.JPG,2024-10-03 23:33:37.121,2024-10-04 11:33:37.121,7.18291238176,171.1191378104,793970.9843631607,513153.7121595843,-1.9111520310986594,32.429921875,-0.6507626333333334
data/train\GPAB6651_jpg.rf.5316b34793087787dd67e7e0da128a58.jpg,0.7242832183837891,0.4130497404570184,0.6577114896019572,0.11961253872020249,0.5769612634740543,0.0,0.057934832915004716,0.0,0.014716077453847823,0.4074383117319573,0.4179035686919917,0.004479348905272093,0.07591176114748148,0.0,0.07305131519060998,0.001132079819789024,0.018193934203021567,0.0,0.0,0.0,0.0065601096936375005,0.29343816194022543,0.0,0.0,0.0026376787658697618,0.0,0.07155243766839567,0.0,0.0,GPAB6651,GPAB6651.JPG,2024-10-04 01:28:36.000,2024-10-04 13:28:36.000,7.169392521,171.136827706,792476.9406777832,515107.2592108031,-1.6215006189221755,31.271611328124997,-0.15000000000000013
data/train\GPAB4628_jpg.rf.a32dd5456b0963e5b59d0ca007cce0b1.jpg,0.7181711196899414,0.21332263026599554,0.39448516773793363,0.001997223091739754,0.22211425268328844,0.2113254071742558,0.177813347979636,0.0,0.005394422754516317,0.0,0.002406269744182608,0.0,0.07648884339658513,0.001997223091739754,0.09435630844038001,0.0,0.03802597542263353,0.2113254071742558,0.060355505710329674,0.0,0.005394422754516317,0.0,0.0,0.0,0.025291757805973616,0.0,0.058051977730962524,0.0,0.02327725105286304,GPAB4628,GPAB4628.JPG,2024-10-04 00:21:05.967,2024-10-04 12:21:05.967,7.1708208102,171.13555926371,792634.7931323395,514967.162573959,-1.7523282070788608,31.786416015625,-0.5206022000000001
data/train\GPAB3093_jpg.rf.58bff31c4e825166db93db59fa417a42.jpg,0.6565685272216797,0.7421210509234276,0.5688062559172535,0.16549873925292333,0.2005039147493005,0.6087545585656866,0.30563754625779926,0.0,0.11866289754821661,0.16537679341991807,0.027243851337467328,0.0,0.05930888399398528,0.0019252078360279842,0.040632927679399605,0.0,0.017320149100385426,0.6087545585656866,0.19405038763411642,0.0,0.11866289754821661,0.0018032620030227202,0.0,0.0,0.013008835791774129,0.0,0.040632927679399605,0.0,0.0019472925144462603,GPAB3093,GPAB3093.JPG,2024-10-03 23:29:52.897,2024-10-04 11:29:52.897,7.18196284038,171.1209099686,793866.0660550382,513349.399757903,-1.6814162040320757,31.786416015625,-0.65935515
data/train\GPAB5827_jpg.rf.7cc4d07d38d46d7c26b93ba7539d1662.jpg,0.6499214172363281,0.3891963673584612,0.7025203419092301,0.1759908819084235,0.408800840370024,0.009294769003865779,0.007790130261194531,0.0,0.09912851938554663,0.3646334039402907,0.3188086564257772,0.00742333255876925,0.05466726071250934,0.0,0.12443948125971006,0.007878468974867636,0.09768629386449225,0.009294769003865779,0.002609832866994544,0.0,0.0935679814411885,0.19548589173130437,0.005299362616976781,0.0016861171870649078,0.0019252078360279842,0.0,0.12070236958997393,0.007878468974867636,0.06961474718804432,GPAB5827,GPAB5827.JPG,2024-10-04 01:01:06.365,2024-10-04 13:01:06.365,7.16986579645,171.13510032055,792529.2036757899,514916.52142287034,-2.214113554476133,31.557478081054683,-0.3261513333333334
data/train\GPAB3028_jpg.rf.6408fbaff7ee716237710768afc67aaf.jpg,0.6324405670166016,0.30205406713358157,0.479776195789316,0.2979271128795924,0.18890657796947705,0.0,0.08385936476783241,0.0,0.13089300837489415,0.15329263351148306,0.07059991588618132,0.0,0.027850699892265178,0.0,0.11921885532231148,0.16499751307316943,0.047354351545831466,0.0,0.03876437184453155,0.0,0.13089300837489415,0.004134635881265087,0.0,0.0,0.003916669707310797,0.0,0.09039642957964215,0.0,0.026899138313460323,GPAB3028,GPAB3028.JPG,2024-10-03 23:27:42.767,2024-10-04 11:27:42.767,7.1815659492799995,171.11942598263,793822.1477232475,513185.56737962645,-1.651433834089425,31.570914483398433,-0.661
data/train\GPAB3415_jpg.rf.90f875249c32b02ae81d4b3bce2a27ef.jpg,0.5872230529785156,0.5799474960775691,0.9946919955523378,0.5799474960775691,0.0,0.0,0.023237882713073938,0.5799474960775691,0.9714541128392639,0.0,0.0,0.0,0.0,0.0,0.0,0.0,0.0,0.0,0.023237882713073938,0.0,0.9714541128392639,0.0,0.0,0.0,0.0,0.0,0.0,0.0,0.0,GPAB3415,GPAB3415.JPG,2024-10-03 23:40:37.541,2024-10-04 11:40:37.541,7.182523715170001,171.11914722647,793928.0184619031,513154.7629377739,-2.3298229964261026,32.43386013085937,-0.6317486333333334
data/train\GPAB6674_jpg.rf.148aacfe1180e80f7909bfa5817c3478.jpg,0.6712503433227539,0.08808041895595163,0.38943737841424325,0.0858441052152488,0.13113882044772365,0.0,0.011159484025095876,0.0,0.07597417436909835,0.062273992122491226,0.069892245973387,0.0,0.01232229035398859,0.010924234189770761,0.13075185847369908,0.014883152847099129,0.08933732521897439,0.0,0.011159484025095876,0.0,0.07358902909992453,0.0,0.0,0.0,0.002309289199824091,0.0,0.10325451343612631,0.0022363137407028304,0.06798624220554883,GPAB6674,GPAB6674.JPG,2024-10-04 01:29:22.000,2024-10-04 13:29:22.000,7.169265686,171.136202893,792462.8988539486,515038.2771279485,-1.9189663630036211,31.314511718750005,-0.1430666666666668
data/train\GPAB6953_jpg.rf.3c4797ae04ca57b08f99af0dc3792d45.jpg,0.6956977844238281,0.39169865744359283,0.6800496617203389,0.25689858139548283,0.4591750316387023,0.0,0.03742200747806415,0.0,0.05060367988354653,0.3480612532958982,0.3940425139661586,0.00144222552105438,0.0,0.0026952909704391777,0.11606362691872646,0.03977354562790582,0.0819178334738431,0.0,0.026290369351843496,0.0,0.04959930711721971,0.13636520760557916,0.0,0.00048586292520207483,0.0,0.0,0.08770017840579349,0.0,0.057284775206779805,GPAB6953,GPAB6953.JPG,2024-10-04 01:38:40.617,2024-10-04 13:38:40.617,7.1692078537,171.13698826535,792456.5314295619,515124.99282467546,-1.784375,31.208264611328126,-0.0696152500000001
data/train\GPAB6213_jpg.rf.a18255c26a2019ef53cab4aad446882f.jpg,0.03366279602050781,0.04384768869437301,0.9648901623319884,0.040773117377185183,0.9648901623319884,0.020518586657397503,0.0,0.0,0.0,0.015556255437151806,0.0,0.007779568023690138,0.0,0.0,0.9648901623319884,0.0,0.0,0.0,0.0,0.0,0.0,0.003074571317187833,0.0,0.0,0.0,0.0,0.0,0.0,0.0,GPAB6213,GPAB6213.JPG,2024-10-04 01:13:59.137,2024-10-04 13:13:59.137,7.1698582679,171.1370606626,792528.4355734693,515132.9648158341,-5.565012490417702,31.459785311523433,-0.23505753333333343
data/train\GPAB3270_jpg.rf.e0b91e356fe900e9f8f67900f88a75b3.jpg,0.91888427734375,0.9177076871964557,0.9993038525281196,0.9171709334905507,0.0,0.0,0.0,0.9171709334905507,0.9993038525281196,0.001243463415289895,0.0,0.0,0.0,0.0,0.0,0.0,0.0,0.0,0.0,0.0,0.9993038525281196,0.001243463415289895,0.0,0.0,0.0,0.0,0.0,0.0,0.0,GPAB3270,GPAB3270.JPG,2024-10-03 23:35:47.251,2024-10-04 11:35:47.251,7.18247816041,171.1191061104,793922.9813109781,513150.22471244796,-1.6410218024824499,32.429921875,-0.6428499333333335
data/train\GPAB7095_jpg.rf.da1a17f02f4eb3d1397d87151efeb1a6.jpg,0.7000560760498047,0.47647021545044105,0.7279398067686659,0.19875442413720923,0.5805841109380612,0.001734127357539421,0.015189457734726524,0.0,0.14419950722361025,0.40823624076524373,0.415013356429426,0.052358931716094737,0.03134199948917179,0.0,0.057682299418308776,0.014480827618522709,0.06451318647342252,0.0,0.0,0.0,0.08001567051964288,0.2581929355914757,0.0,0.012674685005271517,0.007291784691669083,0.0,0.04711622110027788,0.0073570785235144215,0.012932019519014909,GPAB7095,GPAB7095.JPG,2024-10-04 01:43:24.901,2024-10-04 13:43:24.901,7.16886371902,171.13599963206,792418.4557005992,515015.84803695057,-1.8013337541251049,31.220555573242194,-0.029189766666666804
data/train\GPAB3104_jpg.rf.e80e02c3e101d1c16303a7ca427c6a49.jpg,0.7782297134399414,0.4624877334014438,0.596573418112893,0.46088035289395707,0.11738102599654711,0.0,0.0,0.3737985454838753,0.4922098697388055,0.05085813378706145,0.0,0.03801157237149118,0.04487606654593709,0.0,0.059487481828150474,0.0,0.0,0.0,0.0,0.0,0.4043003669897431,0.00017475702052722848,0.0,0.001471031623339088,0.029146014291667546,0.0,0.04574601083493527,0.0,0.0,GPAB3104,GPAB3104.JPG,2024-10-03 23:30:14.919,2024-10-04 11:30:14.919,7.181783056,171.12095404865002,793846.1926010571,513354.27179026953,-5.6778910536273814,31.915117187499995,-0.6587513500000001
data/train\GPAB6668_jpg.rf.8a52d79d063cb9a4eb650e20d0cde86a.jpg,0.5132637023925781,0.09054142029447518,0.5746951834276574,0.024025249508855956,0.2504296910257469,0.0,0.0366279192584157,0.0,0.16332771934406584,0.08772226308421176,0.11034561561521193,0.0,0.08410133602702397,0.0,0.11238412745355976,0.002819157210263422,0.06790846572938011,0.0,0.02422305141121095,0.0,0.13361326463398007,0.06654305648108495,0.0,0.0,0.026289409148434004,0.0,0.09363423547644333,0.0,0.046505531731842076,GPAB6668,GPAB6668.JPG,2024-10-04 01:29:10.000,2024-10-04 13:29:10.000,7.169299547,171.136370858,792466.6476129234,515056.8212085205,-2.0173846455390065,31.288771484375005,-0.1446666666666668
data/train\GPAB3605_jpg.rf.bf13048d1dac93ecc93ebc3fdf76088c.jpg,0.7110195159912109,0.5807204598222088,0.747012327091371,0.3673450183686912,0.6402626732447002,0.06523333903054022,0.02152103901690534,0.0,0.10327083689408764,0.5156849226940236,0.5233886346483639,0.0,0.004580170263268571,0.0,0.04784885630171896,0.0,0.04640278996702662,0.0587750108983087,0.00857365624333859,0.0,0.035097355023688215,0.15486256608599966,0.02522838438094726,0.0,0.0,0.0,0.03412658937669356,0.0,0.003723668822003253,GPAB3605,GPAB3605.JPG,2024-10-03 23:46:57.921,2024-10-04 11:46:57.921,7.18187017132,171.11950278196,793855.7809588568,513194.0378721418,-1.8919838432644815,31.958017578125002,-0.62389605
data/train\GPAB3260_jpg.rf.2a852c74755eedf1b0bbf6519188576e.jpg,0.1449871063232422,0.9302220182323423,0.15027759480568365,0.9302220182323423,0.0012953143994023694,0.0,0.037494982937185416,0.929719831849179,0.10243161911419316,0.00047049967065023054,0.0,0.0006058883513883581,0.0012953143994023694,0.0,0.009055678354902702,0.0,0.0,0.0,0.037494982937185416,0.0,0.10243161911419316,0.0,0.0,0.0,0.0,0.0,0.009055678354902702,0.0,0.0,GPAB3260,GPAB3260.JPG,2024-10-03 23:35:27.231,2024-10-04 11:35:27.231,7.182438264689999,171.11916138718,793918.5725202152,513156.3288467623,-1.7303938332222044,32.497571500976555,-0.6441846000000002
data/train\GPAB6695_jpg.rf.b95d2c9058d219316957c2f1e02a8d4e.jpg,0.3640737533569336,0.44109344123459115,0.7982247759365344,0.43930074146907283,0.5035690760730753,0.0,0.011394733860420992,0.4296583788309716,0.28271557046644763,0.011435062403619583,0.008602462345623297,0.0,0.0,0.0,0.4955120092640425,0.0,0.0,0.0,0.011394733860420992,0.0,0.27927996266729144,0.0017994211893847592,0.0,0.0,0.0,0.0,0.003981003335746644,0.0,0.0,GPAB6695,GPAB6695.JPG,2024-10-04 01:30:04.101,2024-10-04 13:30:04.101,7.1691577851299995,171.13566134031,792450.9529636947,514978.48725087254,-4.524629945716737,31.276334661132815,-0.13745320000000014
data/train\GPAB3099_jpg.rf.fd9c504343c7c4aa14009c61fb4860e5.jpg,0.57489013671875,0.8168171945544944,0.5312219740629855,0.7455278526202991,0.1861200676751363,0.0,0.01420236862977053,0.0,0.025346489400314563,0.8168171945544944,0.015020461934656238,0.0,0.18760838295984622,0.0,0.2355830259082084,0.0,0.053461245230189566,0.0,0.01420236862977053,0.0,0.025346489400314563,0.0713815214615064,0.0,0.0,0.07179920994463466,0.0,0.18609414218308007,0.0,0.04765969623004938,GPAB3099,GPAB3099.JPG,2024-10-03 23:30:04.909,2024-10-04 11:30:04.909,7.18191607192,171.12095479222,793860.897218229,513354.35000544717,-2.0691802872051688,31.880406481445313,-0.6589181833333334
data/train\GPAB6368_jpg.rf.d2c256279e5c0d2c04d4f255540806c8.jpg,0.09639263153076172,0.058152799088959005,0.967931126529844,0.050522062593739855,0.9561571123226744,0.004749166063338858,0.0,0.04582090670087551,0.011774014207169647,0.0028815704318802893,0.0,0.0016707539325130636,0.0,0.003030401960351281,0.9561571123226744,0.0,0.0,0.004749166063338858,0.0,0.0,0.011774014207169647,0.0028815704318802893,0.0,0.0,0.0,0.0,0.0,0.0,0.0,GPAB6368,GPAB6368.JPG,2024-10-04 01:19:09.447,2024-10-04 13:19:09.447,7.16910351872,171.13324235378,792444.8757236064,514711.4060993047,-5.518205718165454,31.241126310546875,-0.2092127500000001
data/train\GPAB6745_jpg.rf.2153b608d7e2146d34b9d9fc3febb368.jpg,0.7224645614624023,0.38336217144239837,0.6382817736109218,0.25467955131615083,0.5104998242827761,0.06938045755612869,0.10610055634185546,0.0,0.044683065660629545,0.30096999748426706,0.30739663890398544,0.0019501731246747312,0.00854100932741592,0.0,0.08328996414600469,0.011074025921651243,0.0882705392310307,0.06938045755612869,0.0038052861118099256,0.0,0.0068232054278378335,0.05745665161707856,0.0044553438200348365,0.0019501731246747312,0.0,0.0,0.06917113321285981,0.0,0.04352698075560327,GPAB6745,GPAB6745.JPG,2024-10-04 01:31:44.201,2024-10-04 13:31:44.201,7.16889801106,171.13434034792,792422.1926674303,514832.64346658945,-1.7142084496488925,31.223558600585942,-0.12263316666666677
data/train\GPAB3264_jpg.rf.7edd339bc280e2edab14e6c55b7b5448.jpg,0.9286918640136719,0.9276179465858048,0.9992222352383129,0.9276179465858048,0.0,0.0,0.0,0.9276179465858048,0.9992222352383129,0.0,0.0,0.0,0.0,0.0,0.0,0.0,0.0,0.0,0.0,0.0,0.9992222352383129,0.0,0.0,0.0,0.0,0.0,0.0,0.0,0.0,GPAB3264,GPAB3264.JPG,2024-10-03 23:35:35.239,2024-10-04 11:35:35.239,7.182453370599999,171.11913733616,793920.2417523711,513153.6729922647,-2.0225542476674394,32.463216868164054,-0.6436507333333334
data/train\GPAB6743_jpg.rf.3e8eefe6b4a8d00eaf0033b44a38f0ee.jpg,0.7269611358642578,0.45723254014130355,0.7156232776351342,0.03476128383036663,0.6320654167378817,0.0,0.00421721337448125,0.0,0.03431766985518212,0.4393132241133962,0.5473005801549,0.0,0.004101028761932928,0.013866297436448937,0.06893876398776316,0.004592652907591944,0.05674802150087475,0.0,0.00421721337448125,0.0,0.023763113978065114,0.40544012843680804,0.005869723442213998,0.0,0.0,0.013866297436448937,0.047850776708537934,0.004592652907591944,0.0018570333939541752,GPAB6743,GPAB6743.JPG,2024-10-04 01:31:40.197,2024-10-04 13:31:40.197,7.16891060314,171.13439135116002,792423.5863400948,514838.274384631,-1.813924515571169,31.24073591699219,-0.12330050000000012
data/train\GPAB2910_jpg.rf.6a59ae7e8c4bd736c88f0483d80245eb.jpg,0.7563571929931641,0.16276311973928556,0.3254004528319279,0.15326190700237938,0.10891875334870939,0.0561114066403827,0.12885737714677478,0.0,0.0627694570817882,0.10665171309890287,0.04126090070920624,0.0,0.026116572534725758,0.0,0.027878545791140394,0.0,0.038517599568292545,0.004983455695254483,0.0776170824027362,0.0,0.0627694570817882,0.004580170263268571,0.0010005319526888575,0.0,0.0201930777015803,0.0,0.021750527631773514,0.0,0.03315102271265145,GPAB2910,GPAB2910.JPG,2024-10-03 23:23:46.531,2024-10-04 11:23:46.531,7.181792219249999,171.11960475175,793847.1664791272,513205.29839603044,-1.9118225728934242,31.415460627929683,-0.6602244833333335
data/train\GPAB3077_jpg.rf.391aeefd68784db44a3aa0d96880ed5b.jpg,0.8142356872558594,0.5760932395918752,0.6364650687601662,0.5000729754591212,0.1449446250693747,0.011275668637644199,0.05131519060997882,0.4829448670406339,0.4927975142254135,0.06800256566351016,0.011581973525271594,0.007582726324744634,0.003766877975430315,0.006794399325553125,0.07700351242407191,0.0,0.0,0.010160872479225999,0.011191170737609056,0.047121022117325335,0.4291456302103038,0.013966158591035924,0.0,0.0,0.001734127357539421,0.0049815352884355025,0.04944951538533923,0.0,0.0,GPAB3077,GPAB3077.JPG,2024-10-03 23:29:20.865,2024-10-04 11:29:20.865,7.1821353351,171.1204218756,793885.1207494766,513295.505410992,-2.818750234959402,31.682296767578126,-0.6609567500000001
data/train\GPAB6714_jpg.rf.8e1aac5423a5e428027a8bd98ada5e69.jpg,0.6789426803588867,0.4641738505885087,0.576059632472543,0.3330475127851084,0.31304455535860715,0.0020749995679084656,0.007967767891950231,0.10152326668881535,0.22973922795805063,0.3408472450803978,0.22008150206539753,0.019865648338944122,0.028000491624145658,0.0,0.08364235879728761,0.0,0.006628284135711309,0.0020749995679084656,0.0010888706663619622,0.0,0.17377569264272943,0.12491670235422672,0.0,0.00432379595293467,0.011322718604709221,0.0,0.07682779520013519,0.0,0.0,GPAB6714,GPAB6714.JPG,2024-10-04 01:30:42.139,2024-10-04 13:30:42.139,7.169057979549999,171.13513705483,792439.9026208395,514920.60357514035,-5.252205352991271,31.271611328124997,-0.13238146666666678
data/train\GPAB3151_jpg.rf.2c56a82516e6b16eb781cce5002c00e2.jpg,0.7741107940673828,0.5585359202493456,0.7344605481225143,0.35305239061842864,0.32843373540250764,0.43060705979954794,0.45553682092014375,0.0,0.04602350962027796,0.11282294041169681,0.09406440660389496,0.013959437167169493,0.020587721302880804,0.0019549741417221825,0.10069269073960628,0.0,0.01755539893571054,0.18652911432757915,0.2549042389139715,0.0,0.03158781156200129,0.019793633083232353,0.0,0.0,0.012344375032406865,0.0,0.10069269073960628,0.0,0.0064976964720206325,GPAB3151,GPAB3151.JPG,2024-10-03 23:31:49.000,2024-10-04 11:31:49.000,7.182267531,171.120159377,793899.7270862269,513266.51966430387,-1.719609892636461,32.129619140625,-0.6571833333333333
data/train\GPAB3074_jpg.rf.38770129f002645fcdacee0bd4225300.jpg,0.7003269195556641,0.2864133137963946,0.4552324364393353,0.2793519779230032,0.05127294165996125,0.0,0.0033808762048152283,0.18604805241942454,0.2840483327988201,0.09165717665630287,0.040568594050963754,0.002303527979367149,0.012199384317573834,0.002371702421440958,0.10695129656266383,0.0042690643585937245,0.008083952504498552,0.0,0.0033808762048152283,0.0,0.2840483327988201,0.007073818517714793,0.0,0.0,0.008839632587767392,0.0,0.10207730405609124,0.0,0.005613349131880097,GPAB3074,GPAB3074.JPG,2024-10-03 23:29:14.859,2024-10-04 11:29:14.859,7.1821703567699995,171.12034786485,793888.9901657362,513287.3330239746,-2.80073389696871,31.630764818359378,-0.6612570500000001
data/train\GPAB3211_jpg.rf.2bbee665257083af1512a10f8e4cb798.jpg,0.03347301483154297,0.0254415495378541,0.9985836999710018,0.0254415495378541,0.0,0.0,0.0,0.02407902089978741,0.9985836999710018,0.0,0.0,0.0,0.0,0.001362528638066688,0.0,0.0,0.0,0.0,0.0,0.0,0.9985836999710018,0.0,0.0,0.0,0.0,0.0,0.0,0.0,0.0,GPAB3211,GPAB3211.JPG,2024-10-03 23:33:49.133,2024-10-04 11:33:49.133,7.18289899295,171.11918541537,793969.5056286976,513158.9684994189,-1.6712989004813255,32.45623268457031,-0.6503622333333334
data/train\GPAB6031_jpg.rf.c8c7491ba0185bc1872720abe9f324f0.jpg,0.6436576843261719,0.3682178432679179,0.6892637736378074,0.2307484017414249,0.31576193100746464,0.138650491720166,0.13227858189478858,0.03532012221468996,0.12504632981450792,0.19214822467991619,0.21337352104669854,0.001420140842636104,0.03604987680590256,0.0016160223381721183,0.15602825302512083,0.0,0.026487211050788998,0.08164417550213837,0.05235989191950423,0.0,0.12120551617654685,0.05718299364537384,0.02072310998361893,0.0,0.008840592791176882,0.0,0.1481113759138736,0.0,0.022261355845622336,GPAB6031,GPAB6031.JPG,2024-10-04 01:07:54.773,2024-10-04 13:07:54.773,7.1698779967299995,171.13583757304,792530.5764094872,514997.92173814046,-1.9154087324724822,31.45081912988281,-0.27243558333333345
data/train\GPAB3149_jpg.rf.b85de5970d00d2f79e110927d0172e6e.jpg,0.7559318542480469,0.3315880036026832,0.48112624178305935,0.3301361760475339,0.20542783783316657,0.011093229989841047,0.025571176998135284,0.07639666386927407,0.20284489066163777,0.215548381769194,0.11247246616723287,0.0019636159724075947,0.004244099069946977,0.026874173024813576,0.11613948298807619,0.0,0.019854125898030237,0.0,0.023888900624708338,0.0,0.12219740629855029,0.0006875056411950307,0.0033866374252721695,0.0007720035412301742,0.0,0.0,0.10637133370333171,0.0,0.019854125898030237,GPAB3149,GPAB3149.JPG,2024-10-03 23:31:45.000,2024-10-04 11:31:45.000,7.182241211,171.120209606,793896.8189268685,513272.06610349886,-2.1266335270286083,32.129619140625,-0.6572500000000001
data/train\GPAB3144_jpg.rf.4bc949a594eacdf2d8492217745d9740.jpg,0.6014003753662109,0.6341394561023808,0.9542405463173319,0.6231345648262128,0.0,0.0,0.0,0.29045288954012016,0.9542405463173319,0.3055837748668678,0.0,0.0066609310516339785,0.0,0.03302907687964619,0.0,0.0,0.0,0.0,0.0,0.0013500459937433147,0.9542405463173319,0.009847846167732172,0.0,0.0,0.0,0.0,0.0,0.0,0.0,GPAB3144,GPAB3144.JPG,2024-10-03 23:31:34.999,2024-10-04 11:31:34.999,7.18218228506,171.12033840677,793890.308535768,513286.28843119123,-3.5832195820271897,32.06096993554688,-0.6574166833333335
data/train\GPAB6690_jpg.rf.637f5097d9a3bab3fa7b446bc3a42681.jpg,0.6549854278564453,0.2496672895186116,0.5581672021401014,0.20294763242645322,0.3278364888818047,0.013237364203232812,0.049928656886674874,0.0,0.11889526677331326,0.2307003915709504,0.19540619484831667,0.0029122969409839782,0.08672845255538933,0.0,0.0846697764454422,0.002822037820491893,0.022538854630965024,0.0,0.015954739852090265,0.0,0.07631120576582943,0.04816764383366973,0.0,0.0,0.06025948536938065,0.0,0.06813507373401982,0.0,0.009670208536976473,GPAB6690,GPAB6690.JPG,2024-10-04 01:29:54.000,2024-10-04 13:29:54.000,7.169189223,171.135805456,792454.4330503186,514994.3981912784,-2.1617272627344906,31.310221679687505,-0.13880000000000012
data/train\GPAB3200_jpg.rf.06b39b4ef0f72de364bef81911229eb2.jpg,0.579463005065918,0.4043282128886183,0.5204753775039704,0.38437134522577265,0.22868780522465879,0.0,0.18346318484107674,0.29221390259312535,0.24429591164592307,0.07741639989015273,0.007487666187205097,0.03206887347015592,0.027772923416096464,0.003923391131177229,0.05381460008488198,0.0,0.0036410913287870904,0.0,0.001726445730263499,0.0,0.2206979526542903,0.0007105505230227972,0.0,0.019400909888750834,0.016734425020596362,0.0,0.0510309704007697,0.0,0.0015977784733918034,GPAB3200,GPAB3200.JPG,2024-10-03 23:33:27.111,2024-10-04 11:33:27.111,7.18286926572,171.11915339727,793966.2184344176,513155.4343093257,-2.89453125,32.429921875,-0.6510963000000001
data/train\GPAB5892_jpg.rf.546c74522ae889052219499406c99537.jpg,0.7425975799560547,0.5385636893319481,0.7350558742363983,0.42127964387975947,0.30393414540936353,0.0,0.3487593211745976,0.0,0.08176612133514363,0.5384993557035123,0.2365288262665563,0.0,0.01196989570270566,6.433362843584784e-05,0.03118068531637742,0.0,0.024851024441017586,0.0,0.2922311862544962,0.0,0.08176612133514363,0.11785824709106377,0.0,0.0,0.0030198397228468877,0.0,0.029253557073530456,0.0,0.024851024441017586,GPAB5892,GPAB5892.JPG,2024-10-04 01:03:16.495,2024-10-04 13:03:16.495,7.16952585635,171.1333894979,792491.5688643499,514727.6388749973,-2.0427544147317285,31.48611328124999,-0.3080755833333334
data/train\GPAB3280_jpg.rf.9dcf0019e869d86acfed8f793c0121c8.jpg,0.6669206619262695,0.6508345127831879,0.9781400091795446,0.6508345127831879,0.00180230179961323,0.0,0.0,0.6417730732078284,0.9745373259871372,0.0,0.0,0.0,0.00180230179961323,0.009061439575359645,0.0018003813927942496,0.0,0.0,0.0,0.0,0.0,0.9745373259871372,0.0,0.0,0.0,0.0,0.0,0.0018003813927942496,0.0,0.0,GPAB3280,GPAB3280.JPG,2024-10-03 23:36:07.271,2024-10-04 11:36:07.271,7.182503248130001,171.11906136012,793925.7534150813,513145.2832120824,-5.608960781852125,32.387021484375005,-0.6416364500000001
data/train\GPAB7062_jpg.rf.2c7208719da7236acf8888944147a4c5.jpg,0.5303430557250977,0.2793510177195937,0.7444092156482429,0.12205337578712674,0.5762353496964797,0.08186022126927368,0.0969911065960213,0.0,0.04661403471711447,0.14289651119693195,0.34138687939653134,0.007220729639366804,0.017970206808610337,0.018772936858944198,0.09211039266558228,0.028624623840314334,0.1493365954643832,0.08186022126927368,0.0010120543936027408,0.0,0.0168294851581359,0.061758362891594955,0.0,0.007220729639366804,0.0,0.006539945422038205,0.08607647444034544,0.0,0.06425585195967914,GPAB7062,GPAB7062.JPG,2024-10-04 01:42:18.835,2024-10-04 13:42:18.835,7.16903530485,171.1368833331,792437.4531053411,515113.4128299322,-1.66770584331926,31.228710937500004,-0.04048866666666682
data/train\GPAB5669_jpg.rf.9ff6ca653fa1cc1ec05bc94ed09c74df.jpg,0.5969610214233398,0.13454082112754767,0.5169946401445682,0.11920061145753116,0.26588224449467374,0.07653205255001219,0.09260969843851721,0.0,0.13704983263654572,0.014983974205095608,0.013393877358979726,0.009530979042600385,0.1384210031052978,0.02462057562273992,0.11905658094610762,0.008879961130965983,0.016463647659120107,0.0,0.09260969843851721,0.0,0.011711600985552779,0.01221858838576364,0.0,0.0022622392327590678,0.025143886480912116,0.0,0.10713469541387648,0.0010206962242881531,0.014512514331035887,GPAB5669,GPAB5669.JPG,2024-10-04 00:55:50.000,2024-10-04 12:55:50.000,7.171255075,171.137531274,792682.8648593429,515184.879184978,-3.6558090733231414,32.387021484375005,-0.3600000000000001
data/train\GPAB3128_jpg.rf.a46449772c1897c0cbd0221fb3dd1bcf.jpg,0.11020183563232422,0.2708695410035662,0.8283357946547396,0.2694263552791023,0.8283357946547396,0.0,0.0,0.21423578370842078,0.8251882478784306,0.049717412136587015,0.0,0.0032560497615814936,0.003147546776309093,0.003755355534516432,0.0,0.0,0.0,0.0,0.0,0.0,0.0,0.000439773161546542,0.0,0.0010130145970122311,0.0,0.0,0.0,0.0,0.0,GPAB3128,GPAB3128.JPG,2024-10-03 23:31:02.967,2024-10-04 11:31:02.967,7.18200171798,171.12074581036,793870.3591033138,513331.2742544917,-3.885745321346401,32.04367678808594,-0.6579505500000001
data/train\GPAB4096_jpg.rf.8edbf446cf34a5eff495750e9f13b50a.jpg,0.8090915679931641,0.3580329657034546,0.4756329180773655,0.23285796863207503,0.210072341724871,0.2271063502092283,0.2318516754589292,0.011405296097925385,0.09573708094322701,0.10989624041957048,0.04302767498266833,0.004701155892864344,0.020276615398205956,0.005410746212477651,0.08016258164129489,0.0,0.0045772896530401,0.0843048991498359,0.14600564983686143,0.011405296097925385,0.03440600856885523,0.02825782613788905,0.0,0.0015622509472406636,0.0059407784945162785,0.0018397497325833504,0.07597705497932682,0.0,0.0032310844729347464,GPAB4096,GPAB4096.JPG,2024-10-04 00:03:20.903,2024-10-04 12:03:20.903,7.17579289564,171.12695962765,793184.1738151227,514017.51902503823,-3.305588967480523,31.185810546874997,-0.59795485
data/train\GPAB6822_jpg.rf.106375de053996d29e65d45e4eb95eea.jpg,0.6319379806518555,0.3028222298611738,0.557857056438836,0.20790996364669892,0.20632466781763048,0.08342247221651435,0.06381415839131362,0.20618927913689236,0.36949875461617787,0.0018541527837257045,0.0,0.011493634811598489,0.05550071727194689,0.0,0.06674469919707791,0.0,0.002298726962319698,0.08246803002748102,0.0,0.0,0.3053754107270084,0.001319319484639626,0.0,0.011274708434234709,0.02807922830372386,0.0,0.018077749590473247,0.0,0.0,GPAB6822,GPAB6822.JPG,2024-10-04 01:34:18.355,2024-10-04 13:34:18.355,7.16868527085,171.1340315693,792398.6647776446,514798.557735146,-5.710669226125269,31.057109375000003,-0.10224675000000011
data/train\GPAB6692_jpg.rf.6ad73c56d9ae12964e6c6e531ac3da38.jpg,0.09127235412597656,0.1352369685994281,0.9379939046287565,0.13413657549215227,0.9091974043781434,0.0,0.0,0.0441549537854099,0.022219106895604766,0.08711733493623289,0.0,0.00396467987778531,0.0047021160962738345,0.0,0.9110726816368779,0.0,0.0,0.0,0.0,0.0,0.022219106895604766,0.0011003931072758454,0.0,0.0,0.0047021160962738345,0.0,0.0018752772587344903,0.0,0.0,GPAB6692,GPAB6692.JPG,2024-10-04 01:29:58.000,2024-10-04 13:29:58.000,7.169179128,171.135748624,792453.3152161486,514988.12363938347,-4.142362470757451,31.2930615234375,-0.1382666666666668
data/train\GPAB3126_jpg.rf.76285c70c541f39744fa6fe1b09f9432.jpg,0.8316946029663086,0.5985197504239298,0.6174175137261078,0.299493204640471,0.22421709815007212,0.32633569095277143,0.31883266151101447,0.21934310564349951,0.2337672812608623,0.05456547915110337,0.0028066745659400486,0.0003879221774340676,0.0055461348932157786,0.0,0.056464761495075115,0.0,0.0,0.29740860303846767,0.3064950079024741,0.0,0.07032721811788609,0.0016208233552195697,0.0013865337233039446,0.0,0.0,0.0,0.014991655832371529,0.0,0.0,GPAB3126,GPAB3126.JPG,2024-10-03 23:30:58.963,2024-10-04 11:30:58.963,7.181975081859999,171.12079520857998,793867.415980475,513336.72898523207,-3.8314897825617846,32.026499471679685,-0.6580172833333334
data/train\GPAB6723_jpg.rf.a9391a805eef75647fdc4a53714dddc1.jpg,0.7248287200927734,0.15178703456540232,0.41119558767329273,0.13078258498280276,0.12350040232522858,0.0,0.01503198437557012,0.1228369017692708,0.2791080862569927,0.021829264311351716,0.020438889774409812,0.007120868484779816,0.03862034133310801,0.0,0.05799628593321209,0.0,0.0,0.0,0.003464413901440881,0.002662644054516509,0.23401885455414875,0.01834180552808307,0.0,0.0,0.007481904966748156,0.0,0.04273001192572635,0.0,0.0,GPAB6723,GPAB6723.JPG,2024-10-04 01:31:00.157,2024-10-04 13:31:00.157,7.169009831650001,171.13490141795,792434.5723331526,514894.5882126477,-5.923800945880752,31.24090751855469,-0.12997383333333346
data/train\GPAB6357_jpg.rf.a5b69f96502a1649356ec4c0bc698158.jpg,0.6322355270385742,0.255055951052671,0.39536183345079823,0.25355899393727566,0.07390205541141835,0.0,0.0023294534714233864,0.2419751000051851,0.22376484234420219,0.007936081179437051,0.0015574499301932122,0.0018263068848504867,0.1325253541710276,0.00335207010253052,0.03518473353395183,0.0,0.0,0.0,0.0,0.0,0.21077905143425582,0.0,0.0,0.0015305642347274847,0.08024515913451105,0.0,0.030435567470612976,0.0,0.0,GPAB6357,GPAB6357.JPG,2024-10-04 01:18:47.425,2024-10-04 13:18:47.425,7.16909412975,171.13327486775,792443.8388372533,514714.9963031027,-6.019362889462419,31.27654487304688,-0.2112575000000001
data/train\GPAB2951_jpg.rf.42d2aa39a63a8cd50185c4c34c3d023a.jpg,0.15145015716552734,0.13266842447904165,0.9866166848785247,0.050010274176481545,0.9866166848785247,0.0,0.0,0.0,0.0,0.1244558047176714,0.051304628372474424,0.0,0.0015152009801756405,0.008340326814832454,0.9337968555258745,0.0,0.0,0.0,0.0,0.0,0.0,0.08265815030256009,0.0,0.0,0.0,0.0,0.0,0.0,0.0,GPAB2951,GPAB2951.JPG,2024-10-03 23:25:08.613,2024-10-04 11:25:08.613,7.18167128111,171.1196227408,793833.7975727249,513207.28801999305,-1.819858265493361,31.443212890625,-0.66085645
data/train\GPAB6700_jpg.rf.f7961569fdb6334ea3abacfaa8f67f96.jpg,0.0785970687866211,0.012468241272231109,0.9156250060012713,0.012468241272231109,0.9156250060012713,0.0,0.0,0.0,0.0,0.0,0.0,0.012468241272231109,0.0,0.0,0.9156250060012713,0.0,0.0,0.0,0.0,0.0,0.0,0.0,0.0,0.0,0.0,0.0,0.0,0.0,0.0,GPAB6700,GPAB6700.JPG,2024-10-04 01:30:14.111,2024-10-04 13:30:14.111,7.169130419810001,171.1355234025,792447.9232942329,514963.25828189956,-5.20908849352362,31.314511718750005,-0.13611853333333346
data/train\GPAB6236_jpg.rf.46b13879c47d4fdd782cf071312ef0fe.jpg,0.043964385986328125,0.036125732875252295,0.9987066060074166,0.03527115184080595,0.9908012513370833,0.026872252617994596,0.0,0.0,0.007905354670333363,0.009253480257257697,0.9890786464204577,0.0,0.0,0.0,0.001722604916625538,0.0,0.0,0.0,0.0,0.0,0.007905354670333363,0.0008545810344463371,0.0,0.0,0.0,0.0,0.0,0.0,0.0,GPAB6236,GPAB6236.JPG,2024-10-04 01:14:45.183,2024-10-04 13:14:45.183,7.16973146544,171.13644152815,792514.3974964669,515064.60978276934,-4.994814940572395,31.39094734472656,-0.2297286500000001
data/train\GPAB3227_jpg.rf.2b959500f6e4dec0055fc1e6488e6c59.jpg,0.7376241683959961,0.3264086664118927,0.5217188409192604,0.28917293839526964,0.25461617789112445,0.0,0.0017466100018627946,0.009750865623373656,0.26429406805537686,0.2725883051065538,0.1174799269477246,0.03859441584105177,0.038555047501262665,0.004571528432583159,0.08743612246818366,0.0011128757515992188,0.012207065944849757,0.0,0.0,0.0,0.13050892701109804,0.03669993451412747,0.007740199683901038,0.0,0.03298490752280963,0.0,0.08743612246818366,0.0011128757515992188,0.00843250634214352,GPAB3227,GPAB3227.JPG,2024-10-03 23:34:21.165,2024-10-04 11:34:21.165,7.1826749713,171.11943963055,793944.7478732975,513187.0422666777,-2.7444110312132333,32.47282226562499,-0.6485890000000001
data/train\GPAB6742_jpg.rf.530e1cc831ea0cbdda9366292822c5e5.jpg,0.7441797256469727,0.49893129360523736,0.5498345569525448,0.024124150460033453,0.4610397466599324,0.14178651605556122,0.07033393954175253,0.0,0.002771147039788909,0.3543486652212405,0.38255368017160757,0.0028066745659400486,0.022510048528680316,0.0,0.06765881284291264,0.0,0.004006928827802882,0.13147393143763575,0.05297634250839698,0.0,0.002771147039788909,0.34053709937913246,0.0,0.0028066745659400486,0.002819157210263422,0.0,0.027623131684215985,0.0,0.0026050318499470926,GPAB6742,GPAB6742.JPG,2024-10-04 01:31:38.195,2024-10-04 13:31:38.195,7.16892056225,171.13441745895,792424.6881399691,514841.15665289,-1.774308732500588,31.249324575195317,-0.12363416666666677
data/train\GPAB3141_jpg.rf.deb6e80db7bd7689306dbd1b22440fe5.jpg,0.7057027816772461,0.5167152209524065,0.6610846841794966,0.5064832934208783,0.08929507626895682,0.015740614491773938,0.06194944337008352,0.36137063275484277,0.4334684659598289,0.1265855358799208,0.013125020404322452,0.006490975048154201,0.00576410106717007,0.007256257165517943,0.125581163113594,0.0,0.02119649026449763,0.0,0.06074054727753527,0.0,0.4012690048259823,0.010258813226994007,0.0,0.0,0.0015363254551844262,0.0,0.10627051234533523,0.0,0.0019732180065024974,GPAB3141,GPAB3141.JPG,2024-10-03 23:31:28.993,2024-10-04 11:31:28.993,7.18214828539,171.12041647082998,793886.5522166146,513294.90830559866,-2.4789721325142886,32.06100854589844,-0.6575167833333335
data/train\GPAB3263_jpg.rf.d701924d1f6c7c918723e49532d90267.jpg,0.954249382019043,0.9344104255045389,0.9783234080307572,0.9344104255045389,0.0,0.0,0.0,0.9344104255045389,0.9764135634492811,0.0,0.0,0.0,0.0,0.0,0.00190984458147614,0.0,0.0,0.0,0.0,0.0,0.9764135634492811,0.0,0.0,0.0,0.0,0.0,0.00190984458147614,0.0,0.0,GPAB3263,GPAB3263.JPG,2024-10-03 23:35:33.237,2024-10-04 11:35:33.237,7.18244956257,171.11914331777,793919.8209553713,513154.33351812925,-1.9522675662125777,32.47180552636718,-0.6437842000000001
data/train\GPAB2909_jpg.rf.718211b27fd0ab996f522c68a9d720b7.jpg,0.7720212936401367,0.4183126153444346,0.586523929229168,0.3435252523894662,0.3566742778790259,0.0,0.102840665766636,0.0,0.02346161010748517,0.4157805589536087,0.2951578862466225,0.0,0.017179959402599847,0.0,0.05962671132252657,0.043115053492931946,0.08825709638329783,0.0,0.07009484889278945,0.0,0.02036207350165059,0.07498516485732337,0.0,0.0,0.010193519395148669,0.0,0.05205166662505785,0.0,0.07714754293549546,GPAB2909,GPAB2909.JPG,2024-10-03 23:23:44.529,2024-10-04 11:23:44.529,7.181777899069999,171.11962778518,793845.5840809033,513207.8418833558,-1.9054290197613137,31.406871969726552,-0.6602578500000001
data/train\GPAB6694_jpg.rf.67e4d8af87f25847383602bf3d39837a.jpg,0.2341909408569336,0.21180166806536296,0.9576963183880873,0.20845727959010837,0.7765011340002266,0.0,0.0,0.19691467440462587,0.1779218509649084,0.007878468974867636,0.0,0.007017166516554867,0.0016861171870649078,0.0,0.778088350236114,0.0,0.0,0.0,0.0,0.0,0.1779218509649084,0.003344388475254598,0.0,0.0,0.0,0.0,0.0032733334229523184,0.0,0.0,GPAB6694,GPAB6694.JPG,2024-10-04 01:30:02.000,2024-10-04 13:30:02.000,7.169165298,171.135689272,792451.7844051031,514981.57097335777,-4.442040755610942,31.275901367187497,-0.13773333333333346
data/train\GPAB3190_jpg.rf.d4e76a4459f59060c22cf6bab4fc09c1.jpg,0.7796659469604492,0.3782318046254919,0.5302867359421419,0.36830810238840994,0.1302477516837167,0.0,0.025029622275182774,0.14709260009640443,0.3157139208369901,0.16684590463643817,0.042928774031490834,0.06373830232196388,0.05629480549159534,0.0009621238163092469,0.07672601363872923,0.0,0.013593599668153702,0.0,0.01221474757212568,0.0,0.2691306126289793,0.008287515627310489,0.0022728014702634606,0.0018243864780315062,0.0307389917480119,0.0,0.07497460261981899,0.0,0.010707228219225961,GPAB3190,GPAB3190.JPG,2024-10-03 23:33:07.000,2024-10-04 11:33:07.000,7.182715335,171.119333808,793949.2069408701,513175.35747502244,-2.4663410285945595,32.301220703125004,-0.6517666666666667
data/train\GPAB6286_jpg.rf.b9de6c3dd697e300894bf557002032ac.jpg,0.7297887802124023,0.1659164277360516,0.40080618678260804,0.11758650952617802,0.19786239516979276,0.006653249424358056,0.029711574099857314,0.03508775298959332,0.15084987603773983,0.11199236446248774,0.11340386347443843,0.0,0.050770755276797835,0.012222429199401601,0.05099256226439009,0.0,0.005077555629384529,0.006653249424358056,0.00897310086168654,0.0,0.14251531044336432,0.04174292282077035,0.0,0.0,0.006582194372055776,0.0,0.03979563030632409,0.0,0.005077555629384529,GPAB6286,GPAB6286.JPG,2024-10-04 01:16:25.283,2024-10-04 13:16:25.283,7.169465885129999,171.13513194522002,792484.995452033,514920.0261446709,-5.384701594971069,31.43341873144531,-0.22231446666666677
data/train\GPAB3265_jpg.rf.8995466d2b3f0f2c217c0f02097fd53f.jpg,0.7696533203125,0.7677027901590673,0.9992539219508261,0.7677027901590673,0.0,0.0,0.0,0.7677027901590673,0.9992539219508261,0.0,0.0,0.0,0.0,0.0,0.0,0.0,0.0,0.0,0.0,0.0,0.9992539219508261,0.0,0.0,0.0,0.0,0.0,0.0,0.0,0.0,GPAB3265,GPAB3265.JPG,2024-10-03 23:35:37.241,2024-10-04 11:35:37.241,7.18245681178,171.11913149964002,793920.6219991444,513153.0284960235,-1.6695312500000001,32.45462820996093,-0.6435172666666668
data/train\GPAB6942_jpg.rf.ad7a548a4c1e9f9e656996478eed1274.jpg,0.5375127792358398,0.24086606506722383,0.6223961684043148,0.22506783837088049,0.5084200236978201,0.010133986783760271,0.041329075151280044,0.0,0.03109522721293279,0.20846496121738428,0.40555727325276586,0.010227126514480827,0.02558654025268713,0.0,0.05477480349437225,0.012407748457433223,0.06405324904027669,0.0,0.014212930867274924,0.0,0.03109522721293279,0.0,0.0,0.003666056617433837,0.009079683440139959,0.0,0.049350614434161735,0.012407748457433223,0.01023768875198522,GPAB6942,GPAB6942.JPG,2024-10-04 01:38:18.595,2024-10-04 13:38:18.595,7.16915590665,171.13672765685,792450.7802281115,515096.2204717725,-1.7035846264442662,31.142910156250004,-0.07145041666666681
data/train\GPAB6654_jpg.rf.c041357eb333cbca4f87f2517eb356e9.jpg,0.7905673980712891,0.5225359740207366,0.7095932002235353,0.446925716743835,0.2934506445845488,0.3156543882256017,0.36665943313431515,0.0,0.0648915066167617,0.19275507323471405,0.19920667994307914,0.004294029647240472,0.002519573746502459,0.0029574265012300206,0.049027025885163514,0.006887539056273681,0.027288980897713373,0.0,0.3342026374867252,0.0,0.028782097199470735,0.07887590907257794,0.0,0.0,0.0,0.0,0.03864722702857373,0.0,0.014510593924216907,GPAB6654,GPAB6654.JPG,2024-10-04 01:28:42.000,2024-10-04 13:28:42.000,7.16937377,171.136746127,792474.8651151975,515098.25260727387,-1.8815804031126966,31.271611328124997,-0.14900000000000013
data/train\GPAB3269_jpg.rf.c2d884cd6974e828bacc14f4aaf2636f.jpg,0.9982643127441406,0.9988948058756767,0.9992212750349034,0.9988948058756767,0.0,0.0,0.0,0.9988948058756767,0.9992212750349034,0.0,0.0,0.0,0.0,0.0,0.0,0.0,0.0,0.0,0.0,0.0,0.9992212750349034,0.0,0.0,0.0,0.0,0.0,0.0,0.0,0.0,GPAB3269,GPAB3269.JPG,2024-10-03 23:35:45.249,2024-10-04 11:35:45.249,7.18247463256,171.11911154853,793922.5914715718,513150.82522576326,-1.641390368766125,32.429921875,-0.6429834000000001
data/train\GPAB2751_jpg.rf.4de6e0d105f7e4cb8e7340d64f41d244.jpg,0.0992422103881836,0.13124732343299605,0.9560610919817254,0.07815191570182227,0.0,0.052076631913704596,0.0,0.06982791234495116,0.9560610919817254,0.004116392016484772,0.0,0.004477428498453112,0.0,0.0007489586594024078,0.0,0.0,0.0,0.052076631913704596,0.0,0.0,0.9560610919817254,0.0010187758174691726,0.0,0.0,0.0,0.0,0.0,0.0,0.0,GPAB2751,,,,,,,,,,
data/train\GPAB2946_jpg.rf.4ae04bdc56ebbfb34e63f95e6dec2beb.jpg,0.8295345306396484,0.005404024788611219,0.17590542380497884,0.005404024788611219,0.09438127372902676,0.0,0.05732030273293094,0.0,0.01838213407128166,0.005404024788611219,0.0,0.0,0.026258682639330316,0.0,0.06451126606660355,0.0,0.009433038294832377,0.0,0.04022964224741369,0.0,0.0,0.0,0.0,0.0,0.005740095981932813,0.0,0.035554411846605585,0.0,0.0,GPAB2946,GPAB2946.JPG,2024-10-03 23:24:58.603,2024-10-04 11:24:58.603,7.18175193193,171.11950449876997,793842.709923937,513194.23082997807,-1.8971346029124891,31.443212890625,-0.6609767166666667
data/train\GPAB6583_jpg.rf.34fe1addfc3ac25bcef690a08010fba2.jpg,0.6489839553833008,0.16226957518680757,0.5003523946512829,0.11907578501429743,0.32095087023235,0.02342416217451505,0.023233081696026486,0.0177368773801042,0.10639341838175,0.07774863026983636,0.1856361251567532,0.013165348947521043,0.02316778786418115,0.0,0.09672320984477352,0.03041828380924215,0.06519877170779859,0.0,0.02176973169996332,0.013606082312477076,0.051631097531701114,0.01524610973588645,0.0,0.004146158322178971,0.0018320681053074284,0.0,0.06527270737032934,0.01041916719637888,0.03889591971163171,GPAB6583,GPAB6583.JPG,2024-10-04 01:26:19.877,2024-10-04 13:26:19.877,7.169782253729999,171.13823878568002,792520.0713895583,515263.0449950028,-1.8056152078312664,31.301113926757814,-0.16501230000000006
data/train\GPAB3031_jpg.rf.fb95fce5eff83312342fb3c822f020f4.jpg,0.5992240905761719,0.17866600860726337,0.5629682191875527,0.11264722318776009,0.3913798699116421,0.0,0.024660904165938514,0.0,0.099930289232471,0.17647290401998758,0.245041989695097,0.00154976830291729,0.014554763281053458,0.0006462168945869494,0.08023939791405411,0.0,0.09854087489893859,0.0,0.02195313055117596,0.0,0.06912696385602327,0.06602262623314123,0.0,0.0,0.0015728131847450564,0.0,0.055329801065057624,0.0,0.02360564061890871,GPAB3031,GPAB3031.JPG,2024-10-03 23:27:48.773,2024-10-04 11:27:48.773,7.18152035736,171.11949011228,793817.1094900925,513192.6491211966,-1.652272927941184,31.59668045800781,-0.661
data/train\GPAB6732_jpg.rf.e471efce5973afce8c168678effb0283.jpg,0.7048225402832031,0.12398626525043065,0.3919886388732589,0.07408065324558355,0.2298506115535515,0.03253169151353023,0.09613844596839395,0.024920159086500884,0.1415416641861412,0.05751618422846696,0.03992909858024324,0.009145937475394788,0.07414018585697194,0.0,0.035116559091878025,0.0,0.005122685189630572,0.03253169151353023,0.0,0.0,0.11333088801531717,0.0152806770586281,0.0,0.0022900851316342854,0.012711172734832146,0.0,0.03254609456467258,0.0,0.003549872004885515,GPAB6732,GPAB6732.JPG,2024-10-04 01:31:18.175,2024-10-04 13:31:18.175,7.16896310075,171.1346608905,792429.3985465459,514868.032825675,-3.679296875,31.250911889648435,-0.12697083333333342
data/train\GPAB6719_jpg.rf.dd248025fd19862bd137b864063d396f.jpg,0.7025671005249023,0.10138499739784876,0.38190746327702063,0.10028076347693496,0.08148958275321044,0.0,0.013661774110227511,0.07469998444470477,0.2123326605508111,0.023186031728961463,0.03774559602706237,0.003565235259437359,0.05041740042210542,0.0,0.06106701643676196,0.0,0.006683015730052254,0.0,0.006060803920702562,0.0,0.2123326605508111,0.0008056106605623336,0.0,0.0003831211603866163,0.022284400727450103,0.0,0.05305699959479416,0.0,0.006683015730052254,GPAB6719,GPAB6719.JPG,2024-10-04 01:30:52.149,2024-10-04 13:30:52.149,7.16902995546,171.13500939241,792436.800477056,514906.5091382736,-5.987450898668887,31.271611328124997,-0.13104680000000013
data/train\GPAB6671_jpg.rf.f7066ac41f976d19e9ae069cb9ee4bba.jpg,0.6998815536499023,0.12367803995598428,0.41847296931381944,0.11270099457869155,0.17732748505443394,0.0,0.018552090074761437,0.0,0.09526082005211985,0.08231535768537207,0.08080495772224389,0.02111487297469096,0.05821809292080434,0.0,0.10862877191904333,0.02025068990614972,0.05700823662484661,0.0,0.017283661370824797,0.0,0.05689301221570778,0.010977045377292726,0.0,0.0,0.022445714900244468,0.0,0.10289923817461491,0.0,0.04162385759799356,GPAB6671,GPAB6671.JPG,2024-10-04 01:29:16.000,2024-10-04 13:29:16.000,7.169283904,171.136286467,792464.9155492777,515047.5040233961,-1.7166508813415786,31.314511718750005,-0.1438666666666668
data/train\GPAB3163_jpg.rf.0e42e962764a40f2e739c5cd3e6b899f.jpg,0.9639673233032227,0.9630696166675948,0.9988458355017927,0.9630696166675948,0.0,0.0,0.0,0.9630696166675948,0.9988458355017927,0.0,0.0,0.0,0.0,0.0,0.0,0.0,0.0,0.0,0.0,0.0,0.9988458355017927,0.0,0.0,0.0,0.0,0.0,0.0,0.0,0.0,GPAB3163,GPAB3163.JPG,2024-10-03 23:32:13.000,2024-10-04 11:32:13.000,7.182394336,171.119895117,793913.7374372673,513237.3396181467,-2.9300292523236817,32.215419921875004,-0.6559166666666667
data/train\GPAB6734_jpg.rf.fb045e70502c763141742c68b0351ff1.jpg,0.11020278930664062,0.11383499480529956,0.9811003162910031,0.028809943098345954,0.9811003162910031,0.02703068618056049,0.02803697935370629,0.0,0.0,0.08556948704013458,0.034103544494865794,0.0012348215846044825,0.0,0.0,0.918959792442431,0.0,0.0,0.02703068618056049,0.0,0.0,0.0,0.05704472435440724,0.0,0.0012348215846044825,0.0,0.0,0.0,0.0,0.0,GPAB6734,GPAB6734.JPG,2024-10-04 01:31:22.179,2024-10-04 13:31:22.179,7.168952550799999,171.13460934606,792428.2306056579,514862.34208835557,-2.3450863266904434,31.268089206054686,-0.12630350000000012
data/train\GPAB2870_jpg.rf.bf5e43594708726bc8b61ede51e9e0d6.jpg,0.1533651351928711,0.14889586209942715,0.9969772796669246,0.10762631955953549,0.9969772796669246,0.01106346368414685,0.0,0.09409225250277019,0.9969772796669246,0.003679499465166701,0.0,0.03801253257490067,0.0,0.0014259020630930457,0.0,0.0006951872684709529,0.0,0.004703076299683325,0.0,0.009386948531176845,0.0,0.002627116528365369,0.0,0.024342116633987745,0.0,0.0,0.0,0.00024389166601052767,0.0,GPAB2870,GPAB2870.JPG,2024-10-03 23:22:26.451,2024-10-04 11:22:26.451,,,,,,31.271611328124997,-0.6604408500000001
data/train\GPAB6582_jpg.rf.a166616a1043774d17060f56687c0471.jpg,0.5648183822631836,0.31810770793684934,0.34301442417561734,0.26429310785196736,0.21555318278624144,0.2326524851024441,0.04816764383366973,0.0,0.019901175865095263,0.06625691586505686,0.07028016815082107,0.0,0.0443325914161656,0.0,0.11330112170962296,0.019260720190965253,0.04703172320024274,0.0,0.01121133500920835,0.0,0.004735723215605994,0.05387605310308936,0.0,0.0,0.005475079840913499,0.0,0.08678894537018722,0.0,0.019250157953460863,GPAB6582,GPAB6582.JPG,2024-10-04 01:26:17.875,2024-10-04 13:26:17.875,7.169792986999999,171.13823540675,792521.2578150097,515262.671566876,-1.841422546628415,31.292525268554687,-0.16521250000000007
data/train\GPAB3671_jpg.rf.4e2585f33266214a8b05bf058c060fa6.jpg,0.6154060363769531,0.6072441586025583,0.634010788845509,0.4913005571100182,0.5614655008517004,0.0,0.05238965822519843,0.0,0.025279275161650246,0.6072441586025583,0.4542155810286851,0.0,0.0,0.0,0.06140404783349305,0.0,0.0407222265964822,0.0,0.016645126103513767,0.0,0.005022824035043584,0.11642370319728532,0.0,0.0,0.0,0.0,0.035613944457993985,0.0,0.015263393397257276,GPAB3671,GPAB3671.JPG,2024-10-03 23:49:10.000,2024-10-04 11:49:10.000,7.181869566,171.119544941,793855.7152561134,513198.6925825554,-1.6247117974602123,31.816446289062497,-0.6193333333333335
data/train\GPAB7090_jpg.rf.5a202a153d5630556c96afc11f25bef5.jpg,0.5156478881835938,0.1992105207567171,0.6681354578153836,0.12254019891573831,0.4563635560557148,0.03992909858024324,0.0359672993126864,0.0,0.13072785338846182,0.13914019545900605,0.21574810407836797,0.007844861855535477,0.13866585497471784,0.0021748607224954535,0.08657482000987089,0.010121504139436898,0.0604515260512787,0.03992909858024324,0.0012684287039366419,0.0,0.05390773981560254,0.032916733080735824,0.016424279319331006,0.004029973709630649,0.03806054274537518,0.0,0.06597845687630467,0.0,0.036132454299118724,GPAB7090,GPAB7090.JPG,2024-10-04 01:43:14.891,2024-10-04 13:43:14.891,7.1688887885199994,171.13613666112,792421.2315584876,515030.97675110056,-1.9150111052991516,31.228710937500004,-0.03152543333333348
data/train\GPAB3067_jpg.rf.85e7f8fb577eac71eb9aab2339aeb922.jpg,0.7656040191650391,0.5783814043166905,0.6266412276776713,0.5194681241274152,0.09025143886480912,0.034107385308503754,0.03225323252477805,0.34311620573702334,0.406922682501061,0.11359206334269852,0.0236853375018964,0.07140072552969622,0.07971608705588192,0.016769952546747503,0.07120484403416019,0.0,0.012859044059893647,0.0,0.03225323252477805,0.0,0.4047161350660524,0.0,0.0,0.05930504318034732,0.01895825611697582,0.0,0.06760312104516221,0.0,0.012859044059893647,GPAB3067,GPAB3067.JPG,2024-10-03 23:29:00.845,2024-10-04 11:29:00.845,7.182187386700001,171.12014592600002,793890.8669340626,513265.0368910774,-2.1882824372899274,31.562669028320304,-0.6619577500000001
data/train\GPAB6743_jpg.rf.0ee30ee003eb99a660a748a583191988.jpg,0.7406044006347656,0.45723254014130355,0.7029793191389664,0.03476128383036663,0.6238105480264939,0.0,0.0030179193160279074,0.0,0.03288600657163213,0.4393132241133962,0.5096250789767305,0.0,0.0041451981187694805,0.013866297436448937,0.08472546824319264,0.004592652907591944,0.06857964791261381,0.0,0.0030179193160279074,0.0,0.03288600657163213,0.40544012843680804,0.0,0.0,0.0,0.013866297436448937,0.035766616800102936,0.004592652907591944,0.007498228424709491,GPAB6743,GPAB6743.JPG,2024-10-04 01:31:40.197,2024-10-04 13:31:40.197,7.16891060314,171.13439135116002,792423.5863400948,514838.274384631,-1.813924515571169,31.24073591699219,-0.12330050000000012
data/train\GPAB3223_jpg.rf.665c44ab9c7d66a0223d88910b91bfc1.jpg,0.6370639801025391,0.1559437551250857,0.515190417938136,0.15340497731039343,0.435043199551393,0.0,0.05908899741321202,0.0,0.006856812547169993,0.15033712741707203,0.19114673252381784,0.0,0.0911905177992906,0.005606627708013665,0.10349552449190837,0.0,0.0634118331627372,0.0,0.0014249418596835553,0.0,0.0038081667220383965,0.0025387778146922645,0.0,0.0,0.001759092646186168,0.0,0.06010585282386221,0.0,0.01304916433497272,GPAB3223,GPAB3223.JPG,2024-10-03 23:34:13.157,2024-10-04 11:34:13.157,7.18276496344,171.11939568099,793954.6950269346,513182.1873025557,-1.9734604813918935,32.47282226562499,-0.6491228666666669
data/train\GPAB3214_jpg.rf.a9331ffc6e7ef157654776be1e3f6aa5.jpg,0.010386466979980469,0.0,0.9963886749769071,0.0,0.0,0.0,0.0,0.0,0.9963886749769071,0.0,0.0,0.0,0.0,0.0,0.0,0.0,0.0,0.0,0.0,0.0,0.9963886749769071,0.0,0.0,0.0,0.0,0.0,0.0,0.0,0.0,GPAB3214,GPAB3214.JPG,2024-10-03 23:33:55.139,2024-10-04 11:33:55.139,7.18286993287,171.11923921322,793966.2946508654,513164.90903200005,-1.6738676178272827,32.47282226562499,-0.6501620333333336
data/train\GPAB6997_jpg.rf.c826182a13a0d7947e84cecc52a9bd70.jpg,0.6570158004760742,0.33060763592159365,0.6523151464406219,0.26816080718539415,0.5147938539300165,0.0,0.030147506447765895,0.0,0.10743427887763744,0.29681039631435524,0.38690148120977946,0.020813369104111013,0.016924545295675435,0.006779996274410771,0.08615137030628568,0.006393034300386194,0.02475596430347805,0.0,0.0,0.0,0.0692105015526489,0.04572296595310751,0.0,0.010271295871317379,0.006804001359648028,0.006779996274410771,0.05541333876168328,0.0,0.00609345083662523,GPAB6997,GPAB6997.JPG,2024-10-04 01:40:08.705,2024-10-04 13:40:08.705,7.1694092757,171.13802445385,792478.8324242838,515239.39281355677,-2.099872347904135,31.228710937500004,-0.05769425000000015
data/train\GPAB3148_jpg.rf.215b32be1c7c28f0b92ea81efb374979.jpg,0.4513425827026367,0.24348069895126584,0.6565189169673704,0.22095816777826216,0.4876402617130413,0.0,0.0031014570126535607,0.07142281020811449,0.49156365284421855,0.147775304720552,0.06778844030319382,0.014243657376378612,0.00814156470906797,0.010702427202178509,0.08449405922150548,0.0,0.0014297428767310067,0.0,0.0,0.0,0.09419787487781411,0.02152103901690534,0.0,0.0,0.006494815861792162,0.0013173990778206455,0.06675622163799179,0.0,0.0014297428767310067,GPAB3148,GPAB3148.JPG,2024-10-03 23:31:43.000,2024-10-04 11:31:43.000,7.182228609,171.120232489,793895.4264683556,513274.5929320117,-2.528683855592075,32.129619140625,-0.6572833333333334
data/train\GPAB5743_jpg.rf.e977816285ab91f398c9cf38144e91de.jpg,0.6343698501586914,0.1665079130362976,0.5143156726320904,0.14262093281840826,0.2970091584201197,0.06950912481300038,0.17774133272392423,0.0,0.12936052373334767,0.04272329050185991,0.06568271422618167,0.025776660527766202,0.03472575630421548,0.004055899201686885,0.0816720214010136,0.02473195921824079,0.025133324243407723,0.0,0.07557857056438835,0.0,0.08405332585654945,0.017671583548258863,0.0,0.003704464753813448,0.020421606113038986,0.0,0.026013830769910297,0.002779788870474321,0.011239180908083568,GPAB5743,GPAB5743.JPG,2024-10-04 00:58:18.197,2024-10-04 12:58:18.197,7.1703155787799995,171.13734979123,792578.9997574087,515164.87264582294,-2.3749683912438533,31.764120682617182,-0.3471803000000001
data/train\GPAB6646_jpg.rf.49fc6a67b97d38d25bea008e6f33d9f7.jpg,0.6890125274658203,0.3064892466820171,0.6000714391336661,0.12005039147493005,0.4681337294492465,0.0,0.04849795380653438,0.0,0.001329881722144019,0.26093047551193244,0.24754523998363814,0.018559771702037358,0.10139459943194366,0.0,0.10161160540248847,0.027288980897713373,0.09969215878691742,0.0,0.00821934118523668,0.0,0.001329881722144019,0.18712348023805364,0.0,0.0,0.013054925555429663,0.0,0.06336862400931013,0.0,0.04596493721229905,GPAB6646,GPAB6646.JPG,2024-10-04 01:28:26.000,2024-10-04 13:28:26.000,7.169412688,171.136933902,792479.1735880836,515118.9837550301,-1.860344012859244,31.271611328124997,-0.15166666666666678
data/train\GPAB3580_jpg.rf.6faa88328d805010559cf4cac7351afb.jpg,0.8437538146972656,0.8294150632870068,0.9034985971428188,0.6076925735947903,0.8278960214931931,0.03347461126164967,0.12500024005085236,0.0,0.0,0.7960239897219827,0.7682395438649724,0.0,0.0,0.0,0.008601502142213807,0.0,0.0016573110847801999,0.0,0.06534376242263161,0.0,0.0,0.2219289334252568,0.0,0.0,0.0,0.0,0.008601502142213807,0.0,0.0016573110847801999,GPAB3580,GPAB3580.JPG,2024-10-03 23:46:07.871,2024-10-04 11:46:07.871,7.18182117425,171.11960703218,793850.3674514771,513205.5493382917,-1.7004513139112614,32.000917968749995,-0.6213935500000001
data/train\GPAB6744_jpg.rf.a8dbeb68f8cee29da713eb411b6cabde.jpg,0.605290412902832,0.27635326267516513,0.6570748747414652,0.08028932849134761,0.37523308937765376,0.0,0.01701096360252956,0.0,0.07544894310410717,0.26237942245685325,0.28924207304075295,0.0,0.009482008668716381,0.0031148998603864244,0.08797959759795515,0.010908870935218917,0.17791128872740403,0.0,0.015836634832722966,0.0,0.0684721051307509,0.19647874205671728,0.0,0.0,0.007397407066713013,0.0,0.08029797032203302,0.0,0.10983766801159157,GPAB6744,GPAB6744.JPG,2024-10-04 01:31:42.199,2024-10-04 13:31:42.199,7.16890342456,171.13436713468002,792422.7919825062,514835.600847962,-1.9434682010566897,31.232147258789066,-0.12296683333333344
data/train\GPAB3213_jpg.rf.aad7bced0969440a4a59c024517dbe40.jpg,0.01161956787109375,0.002871968397785387,0.9979922146707558,0.0013769316892090421,0.002007785329244147,0.0,0.0,0.0,0.9959844293415117,0.0014950367085763449,0.0010504625299823515,0.0,0.0,0.0013769316892090421,0.0009573227992617957,0.0,0.0,0.0,0.0,0.0,0.9959844293415117,0.0014950367085763449,0.0,0.0,0.0,0.0,0.0,0.0,0.0,GPAB3213,GPAB3213.JPG,2024-10-03 23:33:53.137,2024-10-04 11:33:53.137,7.18288006807,171.11922162336,793967.4145679286,513162.96668446454,-1.6730113787119636,32.47282226562499,-0.6502287666666667
data/train\GPAB3271_jpg.rf.21bf1e78667a608bb741f6939825a79c.jpg,0.8904047012329102,0.8885098219206756,0.9980488666719157,0.8003084173351283,0.0,0.0,0.0,0.8885098219206756,0.9980488666719157,0.0,0.0,0.0,0.0,0.0,0.0,0.0,0.0,0.0,0.0,0.09195676012006383,0.9980488666719157,0.0,0.0,0.0,0.0,0.0,0.0,0.0,0.0,GPAB3271,GPAB3271.JPG,2024-10-03 23:35:49.253,2024-10-04 11:35:49.253,7.1824812825399995,171.11910119791997,793923.3263140876,513149.6822466488,-1.7804063317461045,32.429921875,-0.6427164666666668
data/train\GPAB6722_jpg.rf.3905acae98248caaa1018f868607f294.jpg,0.6839942932128906,0.1952141541664186,0.41798134516816043,0.189552794864064,0.13247734400055308,0.0,0.045496357948467805,0.16767648058564727,0.2348926396567849,0.01491868037325027,0.03045669194562176,0.012622834021159043,0.0615759242437918,0.0,0.03890936255936458,0.0,0.006650368814129585,0.0,0.038091269254478866,0.0,0.2045953414771385,0.004302671477925884,0.0036843004822141525,0.001365409248295159,0.011696237731000935,0.0,0.026255802029101844,0.0,0.0011810501936730276,GPAB6722,GPAB6722.JPG,2024-10-04 01:30:58.155,2024-10-04 13:30:58.155,7.16901490135,171.13493014905,792435.1337086876,514897.76028052997,-5.862160784116668,31.249496176757813,-0.1302460000000001
