image,accuracy,coral_cover,coral_cover_pred,pct_bleached_true,pct_bleached_pred,cover_true__branching_acropora,cover_pred__branching_acropora,cover_true__finger-knob_porites,cover_pred__finger-knob_porites,cover_true__finger_acropora,cover_pred__finger_acropora,cover_true__mounding_,cover_pred__mounding_,cover_true__oddball,cover_pred__oddball,cover_true__pocillopora_,cover_pred__pocillopora_,cover_healthy_true__branching_acropora,cover_healthy_pred__branching_acropora,cover_healthy_true__finger-knob_porites,cover_healthy_pred__finger-knob_porites,cover_healthy_true__finger_acropora,cover_healthy_pred__finger_acropora,cover_healthy_true__mounding_,cover_healthy_pred__mounding_,cover_healthy_true__oddball,cover_healthy_pred__oddball,cover_healthy_true__pocillopora_,cover_healthy_pred__pocillopora_,image_id,filename,DateTimeUTC,DateTimeLocal,latPhoto,lonPhoto,NorthPhoto_UTM,EastPhoto_UTM,Depth_WaterSurface,HoboTempPhoto,photo_tide
data/train\GPAB6203_jpg.rf.51578668f786e422636d911cb62b28bf.jpg,0.9448366165161133,0.2012442315780175,0.21267161235436116,0.08663243221444031,0.08285787261173407,0.02479245203303868,0.023042961420947413,0.0,0.0057785041183124235,0.15510069653155326,0.15686747080501534,0.021402933997538037,0.024486147145411283,0.0,0.0024965288646746926,0.0,0.0,0.02479245203303868,0.0,0.0,0.0057785041183124235,0.07171855285823749,0.09935704779700531,0.01810079447230101,0.022181658962634646,0.0,0.0024965288646746926,0.0,0.0,GPAB6203,GPAB6203.JPG,2024-10-04 01:13:39.117,2024-10-04 13:13:39.117,7.16991384806,171.13734266319003,792534.5891352319,515164.09892051615,-3.117184197106855,31.426554668945307,-0.2363922000000001
data/train\GPAB6583_jpg.rf.34fe1addfc3ac25bcef690a08010fba2.jpg,0.9471187591552734,0.16226957518680757,0.13807052886083387,0.043417517566921374,0.04523518262108645,0.02342416217451505,0.02176973169996332,0.0177368773801042,0.01463253975722217,0.07774863026983636,0.06961282678122534,0.013165348947521043,0.004482229515500564,0.0,0.008019618876062706,0.03041828380924215,0.019553582230859786,0.02342416217451505,0.02176973169996332,0.004130795067627126,0.0013846133164849641,0.06250252053394992,0.04426921799113924,0.009019190625342073,0.0,0.0,0.008019618876062706,0.019999116612863268,0.017392164356097195,GPAB6583,GPAB6583.JPG,2024-10-04 01:26:19.877,2024-10-04 13:26:19.877,7.169782253729999,171.13823878568002,792520.0713895583,515263.0449950028,-1.8056152078312664,31.301113926757814,-0.16501230000000006
data/train\GPAB2943_jpg.rf.785d4f902aaf6a01200939a608fa2ac6.jpg,0.861454963684082,0.35245418389431615,0.29991665434405623,0.028800341064251053,0.023553789634796235,0.0,0.0,0.0,0.0,0.3258795943332636,0.26932361351428685,0.0018359089189453894,0.002223831096379457,0.0,0.0,0.02482221833873288,0.02836920973338992,0.0,0.0,0.0,0.0,0.30976930152883586,0.26060496655611526,0.0018359089189453894,0.0,0.0,0.0,0.012162896588013205,0.015757898153144764,GPAB2943,GPAB2943.JPG,2024-10-03 23:24:52.597,2024-10-04 11:24:52.597,7.18179962841,171.11943696119002,793847.980712926,513186.77276855626,-2.0122669070364005,31.444941776367184,-0.6608766166666667
data/train\GPAB4073_jpg.rf.fdcf2e1d63bb3c1057b2777db9c017bf.jpg,0.8401222229003906,0.3481409501788859,0.2759528578534077,0.03409970368122783,0.04038903601338908,0.2171836081755559,0.1526973073975991,0.00641607918221396,0.009964030780280495,0.1025247588449137,0.10627531336238269,0.011563729660491278,0.003304059932056007,0.00944168012551779,0.00371214638108937,0.0017888589518803664,0.0,0.21091732072522243,0.1466701105962287,0.00641607918221396,0.009964030780280495,0.08718838998853518,0.0779608352233337,0.001568012167697605,0.0009688452401756788,0.0074732631360627435,0.0,0.0017888589518803664,0.0,GPAB4073,GPAB4073.JPG,2024-10-04 00:02:34.857,2024-10-04 12:02:34.857,7.176162150150001,171.12652209925,793224.9806781523,513969.2004996764,-3.8304323253447063,31.185810546874997,-0.6010952500000001
data/train\GPAB6648_jpg.rf.c56ce6da35aa5d7bf1816fcefeee13f5.jpg,0.9683303833007812,0.5424938018869917,0.551832740247694,0.09132398607320975,0.084788841668219,0.0,0.0,0.0,0.0,0.5125095300188391,0.5297202159305427,0.0007768045582776255,0.0,0.00955018311079019,0.00774980171799594,0.019657284199084735,0.014362722599155405,0.0,0.0,0.0,0.0,0.4430205694774381,0.4588533634965231,0.0,0.0,0.0,0.0,0.008150206539753381,0.008190535082951972,GPAB6648,GPAB6648.JPG,2024-10-04 01:28:30.000,2024-10-04 13:28:30.000,7.169404414,171.136891354,792478.257515874,515114.2862596791,-1.6583315514627772,31.271611328124997,-0.15100000000000013
data/train\GPAB6715_jpg.rf.a898d0fb7c3a95601530c5917ce4fd7a.jpg,0.9303302764892578,0.0,0.07014669987690192,0.0,0.002194064790685259,0.0,0.0,0.0,0.02612905517904913,0.0,0.04029493607925903,0.0,0.003722708618593763,0.0,0.0,0.0,0.0,0.0,0.0,0.0,0.02612905517904913,0.0,0.04029493607925903,0.0,0.0015286438279085042,0.0,0.0,0.0,0.0,GPAB6715,GPAB6715.JPG,2024-10-04 01:30:44.141,2024-10-04 13:30:44.141,7.1690539837900005,171.13511138252,792439.4600647765,514917.7691972076,-5.927349385907954,31.271611328124997,-0.13211453333333345
data/train\GPAB3262_jpg.rf.77bd56029fdd05e1a937a6123d894b5b.jpg,0.9558286666870117,0.9555051342076305,0.9949512504729002,0.0,0.0,0.0,0.0,0.9555051342076305,0.9949512504729002,0.0,0.0,0.0,0.0,0.0,0.0,0.0,0.0,0.0,0.0,0.9555051342076305,0.9949512504729002,0.0,0.0,0.0,0.0,0.0,0.0,0.0,0.0,GPAB3262,GPAB3262.JPG,2024-10-03 23:35:31.235,2024-10-04 11:35:31.235,7.182445456,171.11914905275,793919.3671484097,513154.9668227054,-1.881980884757716,32.4803941845703,-0.6439176666666668
data/train\GPAB6649_jpg.rf.a58e0e1bfc3624eeb9491a658021c1a4.jpg,0.9321470260620117,0.40263057326063956,0.39736001674594745,0.22404810235000183,0.2912392961324927,0.023454888683618738,0.020962200632582008,0.0,0.002786510294340753,0.331656178044757,0.3502850843922777,0.009040315100350858,0.0019434517008082993,0.01672194237627299,0.0,0.021757249055639947,0.021382769725938743,0.0,0.0,0.0,0.002786510294340753,0.14254219613883004,0.08195144059317526,0.0,0.0,0.01672194237627299,0.0,0.019341377277362435,0.021382769725938743,GPAB6649,GPAB6649.JPG,2024-10-04 01:28:32.000,2024-10-04 13:28:32.000,7.16939763,171.136865104,792477.5066965263,515111.3881939303,-1.670838908403124,31.271611328124997,-0.15066666666666678
data/train\GPAB6695_jpg.rf.b95d2c9058d219316957c2f1e02a8d4e.jpg,0.8617897033691406,0.44109344123459115,0.3189017961564978,0.0017994211893847592,0.007988892366959016,0.0,0.0,0.4296583788309716,0.3136994140838795,0.011435062403619583,0.005202382072618263,0.0,0.0,0.0,0.0,0.0,0.0,0.0,0.0,0.4296583788309716,0.30571052171692054,0.009642362638101256,0.005202382072618263,0.0,0.0,0.0,0.0,0.0,0.0,GPAB6695,GPAB6695.JPG,2024-10-04 01:30:04.101,2024-10-04 13:30:04.101,7.1691577851299995,171.13566134031,792450.9529636947,514978.48725087254,-4.524629945716737,31.276334661132815,-0.13745320000000014
data/train\GPAB4668_jpg.rf.b51dd75e3f5f90910571442c1666adc0.jpg,0.9294834136962891,0.2097468327690538,0.24130295761854192,0.010393241704322643,0.013059726572477113,0.0,0.0,0.0,0.0,0.16642149472944348,0.1920781298310234,0.012454798424498245,0.024444858398803202,0.030548871472932827,0.024779969388715305,0.00032166814217923925,0.0,0.0,0.0,0.0,0.0,0.16642149472944348,0.1920781298310234,0.002061556720175602,0.011385131826326089,0.030548871472932827,0.024779969388715305,0.00032166814217923925,0.0,GPAB4668,GPAB4668.JPG,2024-10-04 00:22:26.000,2024-10-04 12:22:26.000,7.170562865,171.134480608,792606.242866083,514848.07582593476,-2.243036043501715,31.803576171874994,-0.5152666666666668
data/train\GPAB3114_jpg.rf.a0eef7d84c3db00e2182b17cfb131176.jpg,0.92236328125,0.3508448829800105,0.3242683730121389,0.026856889363442753,0.024203847343021147,0.049324688942105496,0.050481734050541266,0.28047061489505937,0.26473672182715186,0.0028575653466430327,0.0,0.012954104197433184,0.003877301367521696,0.005727613337609439,0.005172615766924065,0.0,0.0,0.022467799578662743,0.026277886707520123,0.28047061489505937,0.26473672182715186,0.0028575653466430327,0.0,0.012954104197433184,0.003877301367521696,0.005727613337609439,0.005172615766924065,0.0,0.0,GPAB3114,GPAB3114.JPG,2024-10-03 23:30:34.939,2024-10-04 11:30:34.939,7.1818119115800005,171.12105188884,793849.3853693068,513365.0732846164,-2.0632837024689312,31.966335963867188,-0.6584176833333334
data/train\GPAB3260_jpg.rf.2a852c74755eedf1b0bbf6519188576e.jpg,0.15326404571533203,0.9302220182323423,0.08280506142421211,0.0,0.0,0.0,0.0,0.929719831849179,0.08280506142421211,0.00047049967065023054,0.0,0.0006058883513883581,0.0,0.0,0.0,0.0,0.0,0.0,0.0,0.929719831849179,0.08280506142421211,0.00047049967065023054,0.0,0.0006058883513883581,0.0,0.0,0.0,0.0,0.0,GPAB3260,GPAB3260.JPG,2024-10-03 23:35:27.231,2024-10-04 11:35:27.231,7.182438264689999,171.11916138718,793918.5725202152,513156.3288467623,-1.7303938332222044,32.497571500976555,-0.6441846000000002
data/train\GPAB6673_jpg.rf.cd25a2f71375986cca89454d261f329d.jpg,0.9513311386108398,0.12737962409956927,0.12015793425679296,0.0,0.001336603146010451,0.05508686960245658,0.04493271854709702,0.0,0.007448297847415996,0.07229275449711267,0.06644031471626949,0.0,0.001336603146010451,0.0,0.0,0.0,0.0,0.05508686960245658,0.04493271854709702,0.0,0.007448297847415996,0.07229275449711267,0.06644031471626949,0.0,0.0,0.0,0.0,0.0,0.0,GPAB6673,GPAB6673.JPG,2024-10-04 01:29:20.000,2024-10-04 13:29:20.000,7.169270139,171.136232473,792463.3920916267,515041.5429408045,-1.6390506364409452,31.314511718750005,-0.14333333333333348
data/train\GPAB3189_jpg.rf.cb7c692b5418f563afa01bc4fa3ee9b5.jpg,0.8504056930541992,0.17841827612761488,0.22795805063344618,0.011158523821686386,0.0027567439886465547,0.0,0.0,0.03191716133145646,0.04452655250488263,0.1288842628422405,0.1717554246691619,0.017846340568786093,0.01167607345940164,0.0,0.0,0.0,0.0,0.0,0.0,0.03191716133145646,0.04452655250488263,0.12681982551183643,0.16899868068051535,0.008752254077503779,0.01167607345940164,0.0,0.0,0.0,0.0,GPAB3189,GPAB3189.JPG,2024-10-03 23:33:05.000,2024-10-04 11:33:05.000,7.182701076,171.119353707,793947.6312143448,513177.5548892039,-2.66484375,32.301220703125004,-0.6518333333333335
data/train\GPAB4093_jpg.rf.885f17112c89b85f617b50199b5001d7.jpg,0.911168098449707,0.38794906312953337,0.36522969025758417,0.255598465979033,0.16147356656034015,0.16880183898156986,0.16348327229640328,0.03655110298565648,0.03674410387096402,0.1808034213967887,0.16500231409021687,0.002209428045237103,0.0,0.0,0.0,0.0,0.0,0.003365512950263384,0.028637106484637704,0.02468298884435679,0.03674410387096402,0.10382679466818251,0.13837491334164229,0.001978019023549949,0.0,0.0,0.0,0.0,0.0,GPAB4093,GPAB4093.JPG,2024-10-04 00:03:14.897,2024-10-04 12:03:14.897,7.17584147574,171.12690752943,793189.5426382795,514011.7654038577,-3.639501362200935,31.185810546874997,-0.5982551500000001
data/train\GPAB6655_jpg.rf.fb96f38ea0bf68f9bcb15a2ea4533c20.jpg,0.9828948974609375,0.07402976246488056,0.07278725925300016,0.008054186198804355,0.0012972348062213499,0.008054186198804355,0.0,0.0,0.0,0.059948379464705805,0.06509026872252618,0.0,0.0012972348062213499,0.0,0.0,0.006027196801370403,0.006399755724252626,0.0,0.0,0.0,0.0,0.059948379464705805,0.06509026872252618,0.0,0.0,0.0,0.0,0.006027196801370403,0.006399755724252626,GPAB6655,GPAB6655.JPG,2024-10-04 01:28:44.000,2024-10-04 13:28:44.000,7.16936744,171.13672111,792474.164525948,515095.4906629634,-1.7501634940298545,31.271611328124997,-0.1486666666666668
data/train\GPAB6931_jpg.rf.128f7a7f397fe6d4e864d6d33b1771d7.jpg,0.9416399002075195,0.17634711737334438,0.22350174661000186,0.027814212162704546,0.06601206399563683,0.0,0.0,0.010853179137468482,0.02771819182175552,0.14614007831419007,0.17610418591074334,0.0,0.0,0.007595208969068007,0.008166529997714715,0.011933407973145032,0.011512838879788293,0.0,0.0,0.010853179137468482,0.02771819182175552,0.1274727638302898,0.11493058689552794,0.0,0.0,0.007595208969068007,0.008166529997714715,0.0028489235159576205,0.006674373899366842,GPAB6931,GPAB6931.JPG,2024-10-04 01:37:56.573,2024-10-04 13:37:56.573,7.16910506648,171.1364634008,792445.1512863929,515067.04534629226,-1.6888942146192907,31.11533807519531,-0.07345693333333352
data/train\GPAB3162_jpg.rf.8427e11d3cb16eaac10a9b2e994311b9.jpg,0.14287948608398438,0.9987200488551494,0.135888946714472,0.0,0.0,0.0,0.0,0.9987200488551494,0.135888946714472,0.0,0.0,0.0,0.0,0.0,0.0,0.0,0.0,0.0,0.0,0.9987200488551494,0.135888946714472,0.0,0.0,0.0,0.0,0.0,0.0,0.0,0.0,GPAB3162,GPAB3162.JPG,2024-10-03 23:32:11.000,2024-10-04 11:32:11.000,7.182380693,171.119915287,793912.2298185714,513239.56693853124,-2.9892691937973934,32.198259765625004,-0.6560833333333334
data/train\GPAB3261_jpg.rf.8999c48d44cc28e7c338a83f1c9f0ff3.jpg,0.0822286605834961,0.9857937905565916,0.06855276221714808,0.0,0.0,0.0,0.0,0.9857937905565916,0.06478396383489879,0.0,0.0,0.0,0.0,0.0,0.003768798382249296,0.0,0.0,0.0,0.0,0.9857937905565916,0.06478396383489879,0.0,0.0,0.0,0.0,0.0,0.003768798382249296,0.0,0.0,GPAB3261,GPAB3261.JPG,2024-10-03 23:35:29.233,2024-10-04 11:35:29.233,7.182441730159999,171.11915499369,793918.9554361686,513155.6228559433,-1.8116942033028542,32.48898284277343,-0.6440511333333335
data/train\GPAB3605_jpg.rf.bf13048d1dac93ecc93ebc3fdf76088c.jpg,0.900634765625,0.5807204598222088,0.5445976075571849,0.21363757698430835,0.19137238032504805,0.06523333903054022,0.011248782942178471,0.0,0.0,0.5156849226940236,0.5333488246150064,0.0,0.0,0.0,0.0,0.0,0.0,0.006458328132231532,0.0,0.0,0.0,0.36108449213881466,0.35322522723213684,0.0,0.0,0.0,0.0,0.0,0.0,GPAB3605,GPAB3605.JPG,2024-10-03 23:46:57.921,2024-10-04 11:46:57.921,7.18187017132,171.11950278196,793855.7809588568,513194.0378721418,-1.8919838432644815,31.958017578125002,-0.62389605
data/train\GPAB3128_jpg.rf.a46449772c1897c0cbd0221fb3dd1bcf.jpg,0.9356479644775391,0.2708695410035662,0.2299283880297202,0.0014527877585587732,0.001629465185904982,0.0,0.0,0.21423578370842078,0.20454060988279757,0.049717412136587015,0.012259877132371722,0.0032560497615814936,0.002785550090931263,0.003755355534516432,0.01034235092361966,0.0,0.0,0.0,0.0,0.21423578370842078,0.20454060988279757,0.04927763897504047,0.012259877132371722,0.0022430351645692623,0.0011560849050262808,0.003755355534516432,0.01034235092361966,0.0,0.0,GPAB3128,GPAB3128.JPG,2024-10-03 23:31:02.967,2024-10-04 11:31:02.967,7.18200171798,171.12074581036,793870.3591033138,513331.2742544917,-3.885745321346401,32.04367678808594,-0.6579505500000001
data/train\GPAB3266_jpg.rf.8a9ceca39439e1caada154d49866ef8d.jpg,0.9961090087890625,0.998427186815255,0.9967065023054484,0.0,0.0,0.0,0.0,0.998427186815255,0.9967065023054484,0.0,0.0,0.0,0.0,0.0,0.0,0.0,0.0,0.0,0.0,0.998427186815255,0.9967065023054484,0.0,0.0,0.0,0.0,0.0,0.0,0.0,0.0,GPAB3266,GPAB3266.JPG,2024-10-03 23:35:39.243,2024-10-04 11:35:39.243,7.18246118515,171.11912624191,793921.1053139324,513152.44787593227,-1.6626526826031682,32.446039551757806,-0.6433838000000002
data/train\GPAB6722_jpg.rf.3905acae98248caaa1018f868607f294.jpg,0.9081153869628906,0.1952141541664186,0.14182492419194082,0.005668080726221042,0.0011464828709313781,0.0,0.0,0.16767648058564727,0.12075326037067692,0.01491868037325027,0.006423760809489882,0.012622834021159043,0.00800425562151086,0.0,0.006643647390263153,0.0,0.0,0.0,0.0,0.16767648058564727,0.12075326037067692,0.010622730319190818,0.006423760809489882,0.011257424772863884,0.006857772750579483,0.0,0.006643647390263153,0.0,0.0,GPAB6722,GPAB6722.JPG,2024-10-04 01:30:58.155,2024-10-04 13:30:58.155,7.16901490135,171.13493014905,792435.1337086876,514897.76028052997,-5.862160784116668,31.249496176757813,-0.1302460000000001
data/train\GPAB3122_jpg.rf.dfef5ccb273d37124bbe24778f8a3383.jpg,0.4128551483154297,0.7374083725896494,0.15185520900747615,0.6355691989791117,0.01452211636513079,0.0,0.0,0.0,0.0,0.7374083725896494,0.15086908010592964,0.0,0.0,0.0,0.0009861289015465036,0.0,0.0,0.0,0.0,0.0,0.0,0.1020427367333496,0.13634696374079885,0.0,0.0,0.0,0.0009861289015465036,0.0,0.0,GPAB3122,GPAB3122.JPG,2024-10-03 23:30:50.955,2024-10-04 11:30:50.955,7.181925151,171.12088413050003,793861.8988306188,513346.54812583,-1.9617614046598515,32.000917968749995,-0.6581507500000001
data/train\GPAB3203_jpg.rf.7e712af6a7413b28534183109cd92231.jpg,0.8535146713256836,0.019166620256835208,0.1369749367706055,0.001128239006151063,0.0013222000948680968,0.0,0.024635938877291767,0.0,0.10193615415489617,0.013870138250086898,0.00789383222941948,0.005296482006748309,0.000980367681089562,0.0,0.0015286438279085042,0.0,0.0,0.0,0.024635938877291767,0.0,0.10193615415489617,0.012741899243935836,0.006571632134551383,0.005296482006748309,0.000980367681089562,0.0,0.0015286438279085042,0.0,0.0,GPAB3203,GPAB3203.JPG,2024-10-03 23:33:33.117,2024-10-04 11:33:33.117,7.18289944754,171.11912153702,793969.5540486408,513151.9158249665,-1.7444739212007425,32.429921875,-0.6508961000000002
data/train\GPAB6721_jpg.rf.6d79cc0bee61efd5fc70bf8565773f07.jpg,0.9276752471923828,0.24071819374216233,0.20790228201942298,0.014877391626642188,0.002315050420281032,0.0,0.0,0.17062046423914443,0.15643057825369727,0.046364381830647006,0.04099012334772998,0.023777517029207468,0.0012972348062213499,0.0,0.009184345611774399,0.0,0.0,0.0,0.0,0.1689756357986876,0.15643057825369727,0.04321011363047148,0.03867507292744895,0.013779879129594814,0.0012972348062213499,0.0,0.009184345611774399,0.0,0.0,GPAB6721,GPAB6721.JPG,2024-10-04 01:30:56.153,2024-10-04 13:30:56.153,7.169020021390001,171.13495599016,792435.7005555936,514900.6132597183,-5.318911086554553,31.258084834960936,-0.13051293333333344
data/train\GPAB3200_jpg.rf.06b39b4ef0f72de364bef81911229eb2.jpg,0.7747564315795898,0.4043282128886183,0.20594730787770082,0.02011146041177363,0.001917526208752062,0.0,0.0,0.29221390259312535,0.15201268236663254,0.07741639989015273,0.03849071387282682,0.03206887347015592,0.015443911638241445,0.003923391131177229,0.0,0.0,0.0,0.0,0.0,0.29221390259312535,0.15201268236663254,0.07670584936712993,0.03849071387282682,0.012730376803021953,0.013526385429489383,0.003923391131177229,0.0,0.0,0.0,GPAB3200,GPAB3200.JPG,2024-10-03 23:33:27.111,2024-10-04 11:33:27.111,7.18286926572,171.11915339727,793966.2184344176,513155.4343093257,-2.89453125,32.429921875,-0.6510963000000001
data/train\GPAB7062_jpg.rf.2c7208719da7236acf8888944147a4c5.jpg,0.8727273941040039,0.2793510177195937,0.3436587206633853,0.15737925922227364,0.2822105034730557,0.08186022126927368,0.0,0.0,0.001570892777926076,0.14289651119693195,0.30981155047885345,0.007220729639366804,0.0,0.018772936858944198,0.002981431586467277,0.028624623840314334,0.029294845820138537,0.0,0.0,0.0,0.001570892777926076,0.08121304417127724,0.030582478592264987,0.0,0.0,0.012232991436905994,0.0,0.028624623840314334,0.029294845820138537,GPAB7062,GPAB7062.JPG,2024-10-04 01:42:18.835,2024-10-04 13:42:18.835,7.16903530485,171.1368833331,792437.4531053411,515113.4128299322,-1.66770584331926,31.228710937500004,-0.04048866666666682
data/train\GPAB6031_jpg.rf.c8c7491ba0185bc1872720abe9f324f0.jpg,0.9149017333984375,0.3682178432679179,0.3729516460767049,0.13874459165429603,0.18487948487007488,0.138650491720166,0.13177159449457773,0.03532012221468996,0.03467006450646505,0.19214822467991619,0.19808900317443248,0.001420140842636104,0.0,0.0016160223381721183,0.008420983901229636,0.0,0.0,0.057006316218027625,0.0,0.03532012221468996,0.03467006450646505,0.1354059643994984,0.14498111279893533,0.001420140842636104,0.0,0.0016160223381721183,0.008420983901229636,0.0,0.0,GPAB6031,GPAB6031.JPG,2024-10-04 01:07:54.773,2024-10-04 13:07:54.773,7.1698779967299995,171.13583757304,792530.5764094872,514997.92173814046,-1.9154087324724822,31.45081912988281,-0.27243558333333345
data/train\GPAB2986_jpg.rf.9b8fb396a045dfc7a3e3f8303d4eb2b7.jpg,0.929290771484375,0.224968937419703,0.1770720709475095,0.033525502042352655,0.0036094046162739113,0.011049060633004495,0.009917941016624961,0.013869178046677408,0.008942374352582851,0.17351835812898606,0.14759286607274885,0.02245627713774886,0.005231188174902972,0.0041922480858345035,0.0016227437620385502,0.0,0.0037649575686113344,0.00908160384695894,0.00789383222941948,0.013869178046677408,0.008942374352582851,0.1613986706943999,0.14759286607274885,0.004275785782460156,0.0036458923458345415,0.0041922480858345035,0.0016227437620385502,0.0,0.0037649575686113344,GPAB2986,GPAB2986.JPG,2024-10-03 23:26:18.683,2024-10-04 11:26:18.683,7.18158056869,171.11959776963,793823.7688101891,513204.53362008586,-1.9871425792245294,31.48611328124999,-0.6603113833333334
data/train\GPAB6675_jpg.rf.ff620a925e7b59025304d2d058117d72.jpg,0.9620952606201172,0.15439590722898738,0.143288274188004,0.01348029566583385,0.016893818786571747,0.0,0.0,0.0,0.0,0.10301734319398222,0.09612020210361363,0.04734570971514605,0.04555012933939926,0.0,0.0,0.004086625710790574,0.001617942744991099,0.0,0.0,0.0,0.0,0.10301734319398222,0.09612020210361363,0.033865414049312204,0.02865631055282751,0.0,0.0,0.004086625710790574,0.001617942744991099,GPAB6675,GPAB6675.JPG,2024-10-04 01:29:24.000,2024-10-04 13:29:24.000,7.169259636,171.136174611,792462.2291144083,515035.1546809448,-1.9256653027499862,31.314511718750005,-0.14280000000000015
data/train\GPAB4087_jpg.rf.18a3baaf217c949f1b3ddd5cc3ff25e5.jpg,0.9152441024780273,0.26780841253411125,0.21129948168219956,0.08015682042083795,0.06501153204294798,0.06067429324228044,0.05552472235718415,0.022697288193530916,0.02307752874368906,0.17898191552898565,0.1283129418135938,0.0013164388744111553,0.0,0.004219133781300231,0.004384288767732556,0.0,0.0,0.03117492409592048,0.0,0.022697288193530916,0.02307752874368906,0.13438718858202922,0.12321042089556251,0.0013164388744111553,0.0,0.0001853192580316214,0.0,0.0,0.0,GPAB4087,GPAB4087.JPG,2024-10-04 00:03:02.885,2024-10-04 12:03:02.885,7.175950583900001,171.12678973660002,793201.6006902149,513998.7566307257,-6.36859841827768,31.228217583007815,-0.5988557500000001
data/train\GPAB6681_jpg.rf.0f833ea68a8c1dffcb4c3f6adea2c72d.jpg,0.9732341766357422,0.2641221916450781,0.288298193089224,0.007518392696308786,0.231674998031583,0.0,0.0,0.0,0.0,0.23872289105724157,0.2622497949965721,0.0,0.0,0.0,0.0,0.025425226079892765,0.02604839809265195,0.0,0.0,0.0,0.0,0.23146471348490463,0.030574796964989062,0.0,0.0,0.0,0.0,0.025425226079892765,0.02604839809265195,GPAB6681,GPAB6681.JPG,2024-10-04 01:29:36.000,2024-10-04 13:29:36.000,7.169234798,171.136029154,792459.4785710478,515019.0954339144,-1.9278687425933263,31.3273818359375,-0.14120000000000013
data/train\GPAB6582_jpg.rf.a166616a1043774d17060f56687c0471.jpg,0.9328546524047852,0.31810770793684934,0.26625768402778444,0.05387605310308936,0.05871163747328234,0.2326524851024441,0.1793151061120788,0.0,0.0,0.06625691586505686,0.06895700785254348,0.0,0.0022324729270648694,0.0,0.0,0.019260720190965253,0.01575309713609731,0.2326524851024441,0.1793151061120788,0.0,0.0,0.012380862761967495,0.012477843306326012,0.0,0.0,0.0,0.0,0.019260720190965253,0.01575309713609731,GPAB6582,GPAB6582.JPG,2024-10-04 01:26:17.875,2024-10-04 13:26:17.875,7.169792986999999,171.13823540675,792521.2578150097,515262.671566876,-1.841422546628415,31.292525268554687,-0.16521250000000007
data/train\GPAB2910_jpg.rf.6a59ae7e8c4bd736c88f0483d80245eb.jpg,0.9543170928955078,0.16276311973928556,0.14189213843060514,0.009563625958523054,0.002447558490790689,0.0561114066403827,0.027510787885305622,0.0,0.0,0.10665171309890287,0.08029412950839505,0.0,0.0,0.0,0.0011704879561686347,0.0,0.032916733080735824,0.05112795094512822,0.025063229394514934,0.0,0.0,0.10213395605725117,0.08029412950839505,0.0,0.0,0.0,0.0011704879561686347,0.0,0.032916733080735824,GPAB2910,GPAB2910.JPG,2024-10-03 23:23:46.531,2024-10-04 11:23:46.531,7.181792219249999,171.11960475175,793847.1664791272,513205.29839603044,-1.9118225728934242,31.415460627929683,-0.6602244833333335
data/train\GPAB2752_jpg.rf.8037cefac4b3ec365fb847f303ee6663.jpg,0.9383811950683594,0.21248533289292004,0.2133360731137284,0.018036460843865166,0.1670907565058582,0.0035777179037607327,0.0,0.1974850352298631,0.17782583062395937,0.003417363934375858,0.024052135204321683,0.003340547661616637,0.005296482006748309,0.0,0.0,0.004730922198558542,0.00616162527869904,0.0,0.0,0.1877572144883172,0.01689669939680022,0.003417363934375858,0.024052135204321683,0.003340547661616637,0.005296482006748309,0.0,0.0,0.0,0.0,GPAB2752,GPAB2752.JPG,2024-10-03 23:18:30.215,2024-10-04 11:18:30.215,,,,,,29.90585594238281,-0.6659928333333334
data/train\GPAB3124_jpg.rf.92bf37e1d4aa0722678a51604b6e4ba1.jpg,0.8495779037475586,0.465817718825556,0.3823232313533299,0.00702964916087824,0.008520845055816625,0.04598702189071733,0.0,0.35802048305913126,0.32458908095090866,0.049776944747975414,0.04058971852597254,0.007272580623479278,0.003737111669736117,0.002926699992126332,0.008971180454867559,0.0031657906410894085,0.004436139751845031,0.04598702189071733,0.0,0.35802048305913126,0.32458908095090866,0.048574770079293596,0.03908700019012028,0.00461089677237226,0.0011551247016167905,0.002926699992126332,0.008971180454867559,0.0,0.0,GPAB3124,GPAB3124.JPG,2024-10-03 23:30:54.959,2024-10-04 11:30:54.959,7.18194740729,171.12084499048,793864.3580711955,513342.2261082077,-2.273749828539728,32.00932215527344,-0.6580840166666668
data/train\GPAB3117_jpg.rf.74b472135e9c313bb3330ea9a51ede0e.jpg,0.9411602020263672,0.2471832432982603,0.21094324621727867,0.01863658797479658,0.02999771471588541,0.10531895076653038,0.10315945329858678,0.01474392335272304,0.010371157025904368,0.08160288675553029,0.06927771579131323,0.04385729072846792,0.02710366163968175,0.001023576834516624,0.0010312584617925462,0.0006731025900526767,0.0,0.10341870821914914,0.10114014552842875,0.01474392335272304,0.0,0.06564238568298308,0.05309060671412632,0.04385729072846792,0.025683520797045646,0.001023576834516624,0.0010312584617925462,0.0,0.0,GPAB3117,GPAB3117.JPG,2024-10-03 23:30:40.945,2024-10-04 11:30:40.945,7.18185749815,171.12098008600003,793854.4227635316,513357.1443488932,-1.818136563724237,31.99210193847656,-0.6583175833333335
data/train\GPAB6709_jpg.rf.245c3530c4a8d14b6a624eff467c3c88.jpg,0.9271488189697266,0.10016073805074867,0.10106140884885054,0.02327533064604406,0.009672128943795454,0.007909195483971324,0.007573124290649731,0.022372739441123207,0.024169280020279495,0.06680327160505682,0.05762564741714885,0.003085133554692226,0.0,0.0,0.011693357120772465,0.0,0.0,0.0011147961584181993,0.0,0.022372739441123207,0.024169280020279495,0.05130366816906493,0.055526642764003126,0.002103805670193174,0.0,0.0,0.011693357120772465,0.0,0.0,GPAB6709,GPAB6709.JPG,2024-10-04 01:30:32.129,2024-10-04 13:30:32.129,7.16908899749,171.13526931727,792443.3358812565,514935.2058060701,-5.477429381032182,31.275347952148437,-0.13371613333333343
data/train\GPAB4096_jpg.rf.8edbf446cf34a5eff495750e9f13b50a.jpg,0.9107475280761719,0.3580329657034546,0.30029401428398594,0.12737002206547435,0.09363519567985282,0.2271063502092283,0.13899040372712557,0.011405296097925385,0.08683503513384275,0.10989624041957048,0.0717079906207331,0.004701155892864344,0.0,0.005410746212477651,0.002760584802284516,0.0,0.0,0.14280145105939243,0.13899040372712557,0.0,0.0009890095117749745,0.08362027411886934,0.06391882056294805,0.003141785555852152,0.0,0.003570996479894301,0.002760584802284516,0.0,0.0,GPAB4096,GPAB4096.JPG,2024-10-04 00:03:20.903,2024-10-04 12:03:20.903,7.17579289564,171.12695962765,793184.1738151227,514017.51902503823,-3.305588967480523,31.185810546874997,-0.59795485
data/train\GPAB3202_jpg.rf.b3fcaab315619b91de7398386de9ccee.jpg,0.8792581558227539,0.15480303347461127,0.1171160098555278,0.0023304136748328766,0.0,0.0,0.0,0.14331131906983174,0.07813847285408941,0.006393994503795684,0.011976617126572093,0.005172615766924065,0.0,0.0,0.027000919874866292,0.0,0.0,0.0,0.0,0.14331131906983174,0.07813847285408941,0.0051822178010189675,0.011976617126572093,0.004053978794867905,0.0,0.0,0.027000919874866292,0.0,0.0,GPAB3202,GPAB3202.JPG,2024-10-03 23:33:31.115,2024-10-04 11:33:31.115,7.1828977607999995,171.11912320435,793969.3676313786,513152.0999595012,-2.6260990850950483,32.429921875,-0.6509628333333335
data/train\GPAB6704_jpg.rf.9790ef8bf24b48dda270de4b435b6865.jpg,0.9557209014892578,0.08874007869827144,0.051879790214759094,0.01876813584189675,0.00587260405244247,0.0,0.0,0.050036199668537784,0.02533208634917221,0.03312221661036674,0.022963264537959722,0.005581662419366919,0.0,0.0,0.0035844393276271646,0.0,0.0,0.0,0.0,0.050036199668537784,0.02533208634917221,0.014890834474375052,0.017090660485517252,0.005099640307802805,0.0,0.0,0.0035844393276271646,0.0,0.0,GPAB6704,GPAB6704.JPG,2024-10-04 01:30:22.119,2024-10-04 13:30:22.119,7.16910697445,171.135410916,792445.3278004432,514950.8392902045,-5.396656174994381,31.314511718750005,-0.13505080000000014
data/train\GPAB2912_jpg.rf.bf1be34d721f9328c589ea24f4d294f3.jpg,0.9555931091308594,0.9285675877577906,0.9252126370450316,0.0,0.026152100060876895,0.0,0.0,0.0,0.0,0.9285675877577906,0.8990605369841547,0.0,0.0,0.0,0.0,0.0,0.026152100060876895,0.0,0.0,0.0,0.0,0.9285675877577906,0.8990605369841547,0.0,0.0,0.0,0.0,0.0,0.0,GPAB2912,GPAB2912.JPG,2024-10-03 23:23:50.535,2024-10-04 11:23:50.535,7.181822289299999,171.11955959135,793850.4893509048,513200.3114610261,-1.9246096791576446,31.432637944335934,-0.6601577500000002
data/train\GPAB6033_jpg.rf.48634e5136cd5e5e2238da211896211a.jpg,0.9469194412231445,0.2955621318820179,0.2955803757467982,0.08722199710786734,0.07675289933419495,0.05290912826973266,0.04534176519953987,0.005738175575113832,0.01084837812042103,0.20218619112272743,0.20450988337369388,0.02727841866020898,0.027011482112370686,0.01095784130910292,0.007868866940772733,0.0,0.0,0.020448491808504714,0.0,0.0012943541959928792,0.006332541485588307,0.15191954263591198,0.17909329912448654,0.02727841866020898,0.025532768861755675,0.01095784130910292,0.007868866940772733,0.0,0.0,GPAB6033,GPAB6033.JPG,2024-10-04 01:07:58.777,2024-10-04 13:07:58.777,7.1698890748699995,171.13588483674,792531.802616167,515003.1398034479,-2.971095751825236,31.467996446289057,-0.2721019166666668
data/train\GPAB6661_jpg.rf.3c4167a579d558a7483fe8be14f117da.jpg,0.7860517501831055,0.4740303385869263,0.34113338569642593,0.43208577305016294,0.27610937100915456,0.37328771727002646,0.20963352876673394,0.0,0.0,0.09102536281285828,0.12521532561457818,0.0,0.0,0.0033328660343407146,0.0,0.006384392469700782,0.006284531315113794,0.0,0.006028157004779893,0.0,0.0,0.032938817759154096,0.052711326367377666,0.0,0.0,0.0033328660343407146,0.0,0.006384392469700782,0.006284531315113794,GPAB6661,GPAB6661.JPG,2024-10-04 01:28:56.000,2024-10-04 13:28:56.000,7.16933892,171.136562202,792471.0064851146,515077.9464048741,-1.807229854026208,31.2587412109375,-0.14666666666666678
data/train\GPAB3065_jpg.rf.623b37a3e1def7e946fbe7642cf75b09.jpg,0.7784605026245117,0.2972511296793113,0.15898856013657933,0.0,0.0,0.0,0.0,0.295006174107923,0.13224113396181847,0.0020557954997186606,0.0,0.00018916007166958247,0.00504778932369033,0.0,0.02169963685107053,0.0,0.0,0.0,0.0,0.295006174107923,0.13224113396181847,0.0020557954997186606,0.0,0.00018916007166958247,0.00504778932369033,0.0,0.02169963685107053,0.0,0.0,GPAB3065,GPAB3065.JPG,2024-10-03 23:28:56.841,2024-10-04 11:28:56.841,7.182134732220001,171.12010157259,793885.0448222712,513260.14145100187,-3.7961113456198454,31.545491711914057,-0.6619473500000002
data/train\GPAB2871_jpg.rf.158bcbc9f58f2bac1f263b486899dad6.jpg,0.9105978012084961,0.35291988254791895,0.33958169698668966,0.0,0.018974579574937155,0.0,0.0,0.35291988254791895,0.3274495269077801,0.0,0.0,0.0,0.008600541938804317,0.0,0.0035316281401051998,0.0,0.0,0.0,0.0,0.35291988254791895,0.3170754892716473,0.0,0.0,0.0,0.0,0.0,0.0035316281401051998,0.0,0.0,GPAB2871,GPAB2871.JPG,2024-10-03 23:22:28.453,2024-10-04 11:22:28.453,7.181823345210001,171.11973100054,793850.6110198823,513219.2363689625,-11.485707618568583,31.271611328124997,-0.6604742166666667
data/train\GPAB3145_jpg.rf.d9128aab05116feac9fb4af5f6406429.jpg,0.9224023818969727,0.22893841831453576,0.18876830867851047,0.03870099841950519,0.035869358564918394,0.0,0.0,0.12314704747053616,0.12345623296839202,0.09186362038934327,0.062355609412297903,0.009057598761721682,0.0010879104629524718,0.005856280594481135,0.0018685558348680584,0.0,0.0,0.0,0.0,0.1094603080716619,0.09077282931616233,0.06898869456505666,0.059169654499609196,0.0073724417780662655,0.0010879104629524718,0.0054299502806674565,0.0018685558348680584,0.0,0.0,GPAB3145,GPAB3145.JPG,2024-10-03 23:31:37.000,2024-10-04 11:31:37.000,7.182193582,171.120312998,793891.5566491956,513283.4827750855,-3.6717042176352543,32.078138671875,-0.6573833333333334
data/train\GPAB3118_jpg.rf.dcc5421f468a6a26074826d75b8ef1f7.jpg,0.7276191711425781,0.6120893450068462,0.4523518262108645,0.004745325249700897,0.0,0.2664497247096825,0.07413538483992449,0.024883671356940255,0.021486471694163692,0.31466345830700776,0.3525310001670754,0.002408190151001588,0.0011647267357116932,0.005357935024955686,0.003034242773989242,0.0,0.0,0.2617043994599816,0.07413538483992449,0.024883671356940255,0.021486471694163692,0.31466345830700776,0.3525310001670754,0.002408190151001588,0.0011647267357116932,0.005357935024955686,0.003034242773989242,0.0,0.0,GPAB3118,GPAB3118.JPG,2024-10-03 23:30:42.947,2024-10-04 11:30:42.947,7.181871725480001,171.12096148066001,793855.9950190149,513355.0897562573,-1.8407855269222724,32.00069059667968,-0.6582842166666668
data/train\GPAB3099_jpg.rf.fd9c504343c7c4aa14009c61fb4860e5.jpg,0.8263463973999023,0.8168171945544944,0.9880704328404929,0.0713815214615064,0.007479984559929175,0.0,0.0,0.0,0.0,0.8168171945544944,0.9805904482805637,0.0,0.007479984559929175,0.0,0.0,0.0,0.0,0.0,0.0,0.0,0.0,0.7455278526202991,0.9805904482805637,0.0,0.0,0.0,0.0,0.0,0.0,GPAB3099,GPAB3099.JPG,2024-10-03 23:30:04.909,2024-10-04 11:30:04.909,7.18191607192,171.12095479222,793860.897218229,513354.35000544717,-2.0691802872051688,31.880406481445313,-0.6589181833333334
data/train\GPAB6653_jpg.rf.6462868b079303442dc200bdaa83cf5b.jpg,0.9711723327636719,0.2843354336182577,0.2630227587412117,0.20205464325562728,0.24003740952483374,0.0104172467895599,0.010802288356765498,0.0,0.0,0.2438494170605101,0.2276719100174181,0.008064748436308748,0.005833235712653369,0.0,0.0,0.022219106895604766,0.018715324654374782,0.0,0.0,0.0,0.0,0.08133402980087302,0.021642024646501116,0.0,0.0,0.0,0.0,0.0010082135799647798,0.0013433245698768828,GPAB6653,GPAB6653.JPG,2024-10-04 01:28:40.000,2024-10-04 13:28:40.000,7.169379527,171.136773289,792475.5024313562,515101.2514020337,-1.7210257124804236,31.271611328124997,-0.14933333333333346
data/train\GPAB3405_jpg.rf.0a744a0303d7a1212bd37f5aef217427.jpg,0.8693122863769531,0.34006755991189175,0.22845543599956214,0.0,0.0,0.0,0.0,0.34006755991189175,0.16767552038223776,0.0,0.017313427676518993,0.0,0.007577925307697183,0.0,0.0358885626331082,0.0,0.0,0.0,0.0,0.34006755991189175,0.16767552038223776,0.0,0.017313427676518993,0.0,0.007577925307697183,0.0,0.0358885626331082,0.0,0.0,GPAB3405,GPAB3405.JPG,2024-10-03 23:40:17.521,2024-10-04 11:40:17.521,7.18240262892,171.11932467664,793914.6377613753,513174.3583036533,-7.294909925412178,32.51572265625,-0.6324159666666668
data/train\GPAB7183_jpg.rf.fab8bfb6e90da76e1104f286c677bd7f.jpg,0.9063510894775391,0.012093761942529906,0.10180364608438652,0.010210803056519493,0.010034125629173284,0.0,0.0018656752246395875,0.0,0.005393462551106827,0.011627103085517636,0.0945445083086401,0.0004666588570122695,0.0,0.0,0.0,0.0,0.0,0.0,0.0018656752246395875,0.0,0.005393462551106827,0.001416300028998143,0.08451038267946683,0.0004666588570122695,0.0,0.0,0.0,0.0,0.0,GPAB7183,GPAB7183.JPG,2024-10-04 01:46:21.000,2024-10-04 13:46:21.000,7.168413479,171.133674596,792368.6073435536,514759.15263881406,-1.7577722600134087,31.014208984374996,-0.003200000000000003
data/train\GPAB3276_jpg.rf.a8a21ae6b31115095960af1c82759954.jpg,0.7118244171142578,0.8601895825611697,0.5793857770830173,0.0,0.03946820094368791,0.0,0.0,0.8601895825611697,0.5793857770830173,0.0,0.0,0.0,0.0,0.0,0.0,0.0,0.0,0.0,0.0,0.8601895825611697,0.5399175761393293,0.0,0.0,0.0,0.0,0.0,0.0,0.0,0.0,GPAB3276,GPAB3276.JPG,2024-10-03 23:35:59.263,2024-10-04 11:35:59.263,7.18249511641,171.11907922421,793924.8549851738,513147.2557803745,-3.3994214865645342,32.403053360351564,-0.6420491333333335
data/train\GPAB3270_jpg.rf.e0b91e356fe900e9f8f67900f88a75b3.jpg,0.91888427734375,0.9177076871964557,0.9993038525281196,0.001243463415289895,0.0,0.0,0.0,0.9171709334905507,0.9993038525281196,0.001243463415289895,0.0,0.0,0.0,0.0,0.0,0.0,0.0,0.0,0.0,0.9171709334905507,0.9993038525281196,0.0,0.0,0.0,0.0,0.0,0.0,0.0,0.0,GPAB3270,GPAB3270.JPG,2024-10-03 23:35:47.251,2024-10-04 11:35:47.251,7.18247816041,171.1191061104,793922.9813109781,513150.22471244796,-1.6410218024824499,32.429921875,-0.6428499333333335
data/train\GPAB6743_jpg.rf.3e8eefe6b4a8d00eaf0033b44a38f0ee.jpg,0.9157791137695312,0.45723254014130355,0.5200912961401744,0.4238539492206029,0.47098361316861365,0.0,0.0,0.0,0.008656233736554752,0.4393132241133962,0.49048630461877046,0.0,0.0015411264722318776,0.013866297436448937,0.015879843986150027,0.004592652907591944,0.0035277873264672388,0.0,0.0,0.0,0.008656233736554752,0.03476128383036663,0.040451449235005946,0.0,0.0,0.0,0.0,0.0,0.0,GPAB6743,GPAB6743.JPG,2024-10-04 01:31:40.197,2024-10-04 13:31:40.197,7.16891060314,171.13439135116002,792423.5863400948,514838.274384631,-1.813924515571169,31.24073591699219,-0.12330050000000012
data/train\GPAB3100_jpg.rf.e7ec1e1b776eaf06f12dc677181b3f99.jpg,0.30454254150390625,0.29860789709692104,0.9935397514609495,0.11954628468494766,0.00472324057128262,0.03809414986470734,0.0034442496298415855,0.0,0.0,0.2605233492663086,0.9784203885751157,0.0,0.0018589538007731557,0.0,0.009816159455218994,0.0,0.0,0.03809414986470734,0.0034442496298415855,0.0,0.0,0.14112877672006038,0.9784203885751157,0.0,0.0,0.0,0.006951872684709529,0.0,0.0,GPAB3100,GPAB3100.JPG,2024-10-03 23:30:06.911,2024-10-04 11:30:06.911,7.18189891666,171.12094992168,793859.0006028657,513353.81275966554,-1.969628371338184,31.888995139648436,-0.6588848166666668
data/train\GPAB2870_jpg.rf.bf5e43594708726bc8b61ede51e9e0d6.jpg,0.9245615005493164,0.14889586209942715,0.11364967554726793,0.04130314965922381,0.02958578745321409,0.01106346368414685,0.0,0.09409225250277019,0.08042471717208574,0.003679499465166701,0.0025330165942353228,0.03801253257490067,0.030691941780946877,0.0014259020630930457,0.0,0.0006951872684709529,0.0,0.006360387384463525,0.0,0.08470530397159334,0.07587335301110187,0.001052382936801332,0.0025330165942353228,0.013670415940912922,0.00565751848871665,0.0014259020630930457,0.0,0.00045129560246042524,0.0,GPAB2870,GPAB2870.JPG,2024-10-03 23:22:26.451,2024-10-04 11:22:26.451,,,,,,31.271611328124997,-0.6604408500000001
data/train\GPAB6741_jpg.rf.4813cc555ec276c90547ec3f17feecce.jpg,0.9511842727661133,0.37617984993941117,0.40335264622457623,0.0,0.2872726958478884,0.0,0.0,0.0,0.0020663577372230534,0.37617984993941117,0.40128628848735315,0.0,0.0,0.0,0.0,0.0,0.0,0.0,0.0,0.0,0.0020663577372230534,0.37617984993941117,0.11401359263946474,0.0,0.0,0.0,0.0,0.0,0.0,GPAB6741,GPAB6741.JPG,2024-10-04 01:31:36.193,2024-10-04 13:31:36.193,7.1689250626500005,171.134435868,792425.1862436478,514843.18907118344,-1.7346929494300067,31.257913233398437,-0.12396783333333344
data/train\GPAB6723_jpg.rf.a9391a805eef75647fdc4a53714dddc1.jpg,0.9511795043945312,0.15178703456540232,0.14897555898241482,0.021004449582599578,0.004675230400808107,0.0,0.0,0.1228369017692708,0.11270291498551054,0.021829264311351716,0.023364629563126654,0.007120868484779816,0.0,0.0,0.012908014433777652,0.0,0.0,0.0,0.0,0.12017425771475429,0.10975893133201338,0.0034874587832686476,0.021633382815815703,0.007120868484779816,0.0,0.0,0.012908014433777652,0.0,0.0,GPAB6723,GPAB6723.JPG,2024-10-04 01:31:00.157,2024-10-04 13:31:00.157,7.169009831650001,171.13490141795,792434.5723331526,514894.5882126477,-5.923800945880752,31.24090751855469,-0.12997383333333346
data/train\GPAB3095_jpg.rf.c30fe8fea9a0ca71fd70d7ad21b1c91c.jpg,0.14801979064941406,0.929367437197896,0.0759405672497662,0.929367437197896,0.038971775780981446,0.0,0.0,0.0,0.0,0.929367437197896,0.0,0.0,0.040558992016868856,0.0,0.03538157523289734,0.0,0.0,0.0,0.0,0.0,0.0,0.0,0.0,0.0,0.0015872162358874103,0.0,0.03538157523289734,0.0,0.0,GPAB3095,GPAB3095.JPG,2024-10-03 23:29:56.901,2024-10-04 11:29:56.901,7.18195119901,171.1209391796,793864.779980085,513352.6252234937,-1.7343173051499134,31.819886900390625,-0.65915495
data/train\GPAB6428_jpg.rf.b16d2b18243733f492c9084c55db4346.jpg,0.9596538543701172,0.3570967673792016,0.3630941978748778,0.12076862362522876,0.11455610756582675,0.010827253645412245,0.004233536832442585,0.0031369845388047003,0.016873654514972452,0.33874439961361413,0.3404353178177265,0.001229060364147541,0.0,0.0020231485837959914,0.0015516887097362705,0.001290513382354918,0.0,0.005253272853321248,0.0,0.0031369845388047003,0.016873654514972452,0.22540775037784005,0.23011274708434235,0.001229060364147541,0.0,0.001344284773286373,0.0015516887097362705,0.001290513382354918,0.0,GPAB6428,GPAB6428.JPG,2024-10-04 01:21:09.567,2024-10-04 13:21:09.567,7.16915113478,171.13471969174,792450.1871680112,514874.51903676643,-1.9449270914314216,31.142910156250004,-0.19588385000000005
data/train\GPAB6740_jpg.rf.43588fe8737c9d3ec2b756b24d86e2c0.jpg,0.8042154312133789,0.3683810778475312,0.4240469501059104,0.06798336159532035,0.24481442148704782,0.052680599858273974,0.08322659072097834,0.0,0.007824697583936181,0.2889655344588198,0.3067321781446182,0.0,0.0,0.0,0.00432475615634416,0.02721216462495415,0.021938727500033606,0.020412004078944085,0.05133727528839709,0.0,0.007824697583936181,0.2532507686428293,0.09380707209015157,0.0,0.0,0.0,0.00432475615634416,0.02721216462495415,0.021938727500033606,GPAB6740,GPAB6740.JPG,2024-10-04 01:31:34.191,2024-10-04 13:31:34.191,7.16891572447,171.13445425826998,792424.1545245689,514845.21986392804,-1.739033733922689,31.266501891601564,-0.1243015000000001
data/train\GPAB6656_jpg.rf.5d4becc71a2154b3949645d8d64ed72e.jpg,0.9494333267211914,0.4510805168966994,0.4408322659072098,0.35134418875294543,0.32710385368036365,0.04336854719303737,0.016559668000069135,0.0,0.0,0.3766090608634533,0.3872644380985668,0.0,0.0,0.0,0.0,0.0313900096596463,0.037008159808573846,0.027087338181720415,0.0,0.0,0.0,0.04173332078667545,0.07672025241827228,0.0,0.0,0.0,0.0,0.0313900096596463,0.037008159808573846,GPAB6656,GPAB6656.JPG,2024-10-04 01:28:46.000,2024-10-04 13:28:46.000,7.169364156,171.136693708,792473.8005865643,515092.4652880094,-1.8482284700818785,31.271611328124997,-0.14833333333333346
data/train\GPAB2949_jpg.rf.7fbf6a8deca8c7aae18c53062828ddff.jpg,0.9911174774169922,0.0034826577662211964,0.01218402106302199,0.0034826577662211964,0.0,0.0,0.0,0.0,0.0,0.0034826577662211964,0.01218402106302199,0.0,0.0,0.0,0.0,0.0,0.0,0.0,0.0,0.0,0.0,0.0,0.01218402106302199,0.0,0.0,0.0,0.0,0.0,0.0,GPAB2949,GPAB2949.JPG,2024-10-03 23:25:04.609,2024-10-04 11:25:04.609,7.1817043122,171.11957447253002,793837.447690738,513201.9578644839,-1.798862482697682,31.443212890625,-0.6609231833333334
data/train\GPAB6997_jpg.rf.c826182a13a0d7947e84cecc52a9bd70.jpg,0.932469367980957,0.33060763592159365,0.34942666254419336,0.06277425809883566,0.1918428799956983,0.0,0.001990501667873322,0.0,0.0,0.29681039631435524,0.32767613491241987,0.020813369104111013,0.016779554580842404,0.006779996274410771,0.0013164388744111553,0.006393034300386194,0.0016640325086466317,0.0,0.0,0.0,0.0,0.25108743036124775,0.14910038542564857,0.010707228219225961,0.006819364614199872,0.0,0.0,0.006393034300386194,0.0016640325086466317,GPAB6997,GPAB6997.JPG,2024-10-04 01:40:08.705,2024-10-04 13:40:08.705,7.1694092757,171.13802445385,792478.8324242838,515239.39281355677,-2.099872347904135,31.228710937500004,-0.05769425000000015
data/train\GPAB3263_jpg.rf.d701924d1f6c7c918723e49532d90267.jpg,0.9699487686157227,0.9344104255045389,0.9616561972488252,0.0,0.0,0.0,0.0,0.9344104255045389,0.9616561972488252,0.0,0.0,0.0,0.0,0.0,0.0,0.0,0.0,0.0,0.0,0.9344104255045389,0.9616561972488252,0.0,0.0,0.0,0.0,0.0,0.0,0.0,0.0,GPAB3263,GPAB3263.JPG,2024-10-03 23:35:33.237,2024-10-04 11:35:33.237,7.18244956257,171.11914331777,793919.8209553713,513154.33351812925,-1.9522675662125777,32.47180552636718,-0.6437842000000001
data/train\GPAB3671_jpg.rf.4e2585f33266214a8b05bf058c060fa6.jpg,0.885676383972168,0.6072441586025583,0.6483168594435045,0.11642370319728532,0.2518095033251844,0.0,0.0,0.0,0.0,0.6072441586025583,0.6434505485642078,0.0,0.0,0.0,0.004866310879296671,0.0,0.0,0.0,0.0,0.0,0.0,0.4913005571100182,0.39164104523902343,0.0,0.0,0.0,0.004866310879296671,0.0,0.0,GPAB3671,GPAB3671.JPG,2024-10-03 23:49:10.000,2024-10-04 11:49:10.000,7.181869566,171.119544941,793855.7152561134,513198.6925825554,-1.6247117974602123,31.816446289062497,-0.6193333333333335
data/train\GPAB2941_jpg.rf.18f7f408bdbb3d1b44d43910c2e6eba4.jpg,0.8196487426757812,0.4129537201160694,0.26650733691425194,0.08512491286154059,0.07485265678681371,0.08278969816966027,0.0797564155990805,0.3278288072545288,0.18203344196434573,0.0,0.0,0.0023352146918803277,0.0047174793508256785,0.0,0.0,0.0,0.0,0.0,0.0070555746529344775,0.3278288072545288,0.18203344196434573,0.0,0.0,0.0,0.002565663510157992,0.0,0.0,0.0,0.0,GPAB2941,GPAB2941.JPG,2024-10-03 23:24:48.593,2024-10-04 11:24:48.593,7.18182882747,171.11939410201998,793851.2073668182,513182.03993405536,-3.1361685678854676,31.462119092773435,-0.6608098833333333
data/train\GPAB6694_jpg.rf.67e4d8af87f25847383602bf3d39837a.jpg,0.8629217147827148,0.21180166806536296,0.2911999277927036,0.003344388475254598,0.0,0.0,0.08393618104059164,0.19691467440462587,0.17037849297995286,0.007878468974867636,0.005219665733989088,0.007017166516554867,0.0010072533765552894,0.0,0.030658334661614717,0.0,0.0,0.0,0.08393618104059164,0.19691467440462587,0.17037849297995286,0.004534080499613038,0.005219665733989088,0.007017166516554867,0.0010072533765552894,0.0,0.030658334661614717,0.0,0.0,GPAB6694,GPAB6694.JPG,2024-10-04 01:30:02.000,2024-10-04 13:30:02.000,7.169165298,171.135689272,792451.7844051031,514981.57097335777,-4.442040755610942,31.275901367187497,-0.13773333333333346
data/train\GPAB5743_jpg.rf.e977816285ab91f398c9cf38144e91de.jpg,0.9657573699951172,0.1665079130362976,0.15777582323039313,0.024155837172546633,0.09710825141197911,0.06950912481300038,0.07557857056438835,0.0,0.0,0.04272329050185991,0.04372382245454877,0.025776660527766202,0.022869164603829675,0.004055899201686885,0.002217109672513025,0.02473195921824079,0.013387155935113294,0.06950912481300038,0.0,0.0,0.0,0.025100677327485055,0.024786690812581738,0.022072195773952755,0.022869164603829675,0.004055899201686885,0.002217109672513025,0.021952170347766472,0.010794606729489575,GPAB5743,GPAB5743.JPG,2024-10-04 00:58:18.197,2024-10-04 12:58:18.197,7.1703155787799995,171.13734979123,792578.9997574087,515164.87264582294,-2.3749683912438533,31.764120682617182,-0.3471803000000001
data/train\GPAB3072_jpg.rf.0ac2243c6b202e76c28f399d6eb11d70.jpg,0.9037885665893555,0.3561682506822245,0.27921082802180813,0.0,0.0,0.0,0.0,0.046118569757817494,0.01968513009795995,0.3042740574163231,0.22941467920564293,0.0,0.0,0.00591005198541259,0.030111018718205266,0.0,0.0,0.0,0.0,0.046118569757817494,0.01968513009795995,0.3042740574163231,0.22941467920564293,0.0,0.0,0.00591005198541259,0.030111018718205266,0.0,0.0,GPAB3072,GPAB3072.JPG,2024-10-03 23:29:10.855,2024-10-04 11:29:10.855,7.18219436635,171.12029780295,793891.6429168184,513281.805099224,-3.5758215988123316,31.605612319335933,-0.6614572500000001
data/train\GPAB6712_jpg.rf.46682450c134719875ebb46291663bc3.jpg,0.8881053924560547,0.13970959608083378,0.17039001542086676,0.0287859380131087,0.008907807029841201,0.012463440255183658,0.06796511773054004,0.04971549172976803,0.04912112581929356,0.06730161717458226,0.05330377187103316,0.010302982583830559,0.0,0.0,0.0,0.0,0.0,0.0,0.059057310700698834,0.04971549172976803,0.04912112581929356,0.051053055079187976,0.05330377187103316,0.010302982583830559,0.0,0.0,0.0,0.0,0.0,GPAB6712,GPAB6712.JPG,2024-10-04 01:30:38.135,2024-10-04 13:30:38.135,7.16906862945,171.135189385,792441.0816431044,514926.38105998107,-5.6933212707096175,31.271611328124997,-0.13291533333333344
data/train\GPAB4076_jpg.rf.84745450bdb0a4cac8743ffeda6c073c.jpg,0.8119268417358398,0.3638076290081291,0.27411790913787176,0.06788350044073337,0.027939998809347773,0.1926801773687738,0.18689783243682342,0.12483508506442005,0.04887435354305456,0.03802213460899557,0.0289731776779593,0.008559253192196236,0.0018176650541650743,0.0006174107923022413,0.007554880425869416,0.0,0.0,0.13756930268107995,0.173275426666385,0.12483508506442005,0.046879050858133785,0.02688665566913695,0.018468552378135786,0.006972036956308825,0.0,0.0006174107923022413,0.007554880425869416,0.0,0.0,GPAB4076,GPAB4076.JPG,2024-10-04 00:02:40.863,2024-10-04 12:02:40.863,7.17613304455,171.12656933383,793221.7645618921,513974.4165268224,-4.259482329383644,31.185810546874997,-0.6005947500000001
data/train\GPAB3258_jpg.rf.c7ef61abe1c7481746e6bde8d974d808.jpg,0.5482034683227539,0.8581683543841927,0.4266769472445043,0.0,0.0,0.0,0.0,0.8581683543841927,0.4266769472445043,0.0,0.0,0.0,0.0,0.0,0.0,0.0,0.0,0.0,0.0,0.8581683543841927,0.4266769472445043,0.0,0.0,0.0,0.0,0.0,0.0,0.0,0.0,GPAB3258,GPAB3258.JPG,2024-10-03 23:35:23.227,2024-10-04 11:35:23.227,7.1824323121199996,171.11917461084002,793917.9148573641,513157.7890131845,-1.9668606057813707,32.51474881738281,-0.6444515333333335
data/train\GPAB6678_jpg.rf.82cfe60ae6e10f7bf4f03fd25a99d0c4.jpg,0.9690189361572266,0.20733576200782375,0.20815001449907147,0.0,0.09581005640234827,0.008238545253426486,0.0038801819777501668,0.0,0.0,0.1862967451024825,0.18405082932768477,0.0,0.004997858746396837,0.0,0.0,0.013017477622459542,0.015221144447239703,0.008238545253426486,0.0038801819777501668,0.0,0.0,0.1862967451024825,0.09323863167173334,0.0,0.0,0.0,0.0,0.013017477622459542,0.015221144447239703,GPAB6678,GPAB6678.JPG,2024-10-04 01:29:30.000,2024-10-04 13:29:30.000,7.169246621,171.136106414,792460.788104023,515027.62540487305,-1.9896147615126378,31.314511718750005,-0.14200000000000013
data/train\GPAB3190_jpg.rf.d4e76a4459f59060c22cf6bab4fc09c1.jpg,0.8738088607788086,0.3782318046254919,0.30027769082602457,0.010111902105341996,0.0,0.0,0.0,0.14709260009640443,0.1444722049919055,0.16684590463643817,0.11544141510937678,0.06373830232196388,0.027705709177432147,0.0009621238163092469,0.012658361547310181,0.0,0.0,0.0,0.0,0.14709260009640443,0.1444722049919055,0.15861984202733506,0.11544141510937678,0.061913915843932375,0.027705709177432147,0.0009621238163092469,0.012658361547310181,0.0,0.0,GPAB3190,GPAB3190.JPG,2024-10-03 23:33:07.000,2024-10-04 11:33:07.000,7.182715335,171.119333808,793949.2069408701,513175.35747502244,-2.4663410285945595,32.301220703125004,-0.6517666666666667
data/train\GPAB2754_jpg.rf.5222dd952d3f495dd28b9d48b00baaf6.jpg,0.8412342071533203,0.29704756655649933,0.29468738657597227,0.09719947073588069,0.0577197473512789,0.015334448449559555,0.009994757289384183,0.01084645771360205,0.0031840345058697234,0.2700207211895768,0.2763081331149191,0.0,0.0,0.0,0.0034500108502985272,0.0008459392037609247,0.0017504508155007556,0.015334448449559555,0.005404024788611219,0.01084645771360205,0.0031840345058697234,0.17370271718360816,0.22317911826441314,0.0,0.0,0.0,0.0034500108502985272,0.0,0.0017504508155007556,GPAB2754,GPAB2754.JPG,2024-10-03 23:18:34.219,2024-10-04 11:18:34.219,,,,,,29.95738789160156,-0.6658593666666667
data/train\GPAB3277_jpg.rf.723ca0b955fa1ca90899447e24f64111.jpg,0.32386207580566406,0.8783806361539629,0.1994073624556626,0.0,0.0,0.0,0.0,0.8783806361539629,0.1994073624556626,0.0,0.0,0.0,0.0,0.0,0.0,0.0,0.0,0.0,0.0,0.8783806361539629,0.1994073624556626,0.0,0.0,0.0,0.0,0.0,0.0,0.0,0.0,GPAB3277,GPAB3277.JPG,2024-10-03 23:36:01.265,2024-10-04 11:36:01.265,7.18249735635,171.11907440550002,793925.1024669898,513146.7236929025,-3.9501746289606583,32.39446470214844,-0.6419367500000001
data/train\GPAB3288_jpg.rf.7a58e4d38c7055a146449a1c5f7d18bb.jpg,0.39339160919189453,0.6530564234727485,0.04795063786312492,0.0,0.0,0.0,0.0,0.6530564234727485,0.04646904400228144,0.0,0.0,0.0,0.0,0.0,0.0014815938608434811,0.0,0.0,0.0,0.0,0.6530564234727485,0.04646904400228144,0.0,0.0,0.0,0.0,0.0,0.0014815938608434811,0.0,0.0,GPAB3288,GPAB3288.JPG,2024-10-03 23:36:23.287,2024-10-04 11:36:23.287,7.18261981584,171.11911451795,793938.641224611,513151.1489010602,-6.0440607003362805,32.345352334960936,-0.6408356500000001
data/train\GPAB2750_jpg.rf.6fa6e1b299c3217ba75c1aeb86c0384d.jpg,0.9053182601928711,0.2729320579271513,0.2234191691167857,0.05424093039869566,0.08580089606182173,0.0,0.0,0.25719528424901533,0.20188180664191901,0.010691864964674117,0.014874511016413718,0.004068381846010259,0.006662851458452959,0.0009765268674516009,0.0,0.0,0.0,0.0,0.0,0.2138113738014261,0.12565605897953422,0.00011714481595781251,0.005299362616976781,0.0038187289595427894,0.006662851458452959,0.0009765268674516009,0.0,0.0,0.0,GPAB2750,,,,,,,,,,
data/train\GPAB3066_jpg.rf.e12db764904a5ff43af91282f16a52d8.jpg,0.8607063293457031,0.5562890442711383,0.5540364070724743,0.12530558473507028,0.0,0.10582593816674124,0.10679382320350743,0.4231165130021144,0.4191172658015874,0.0067617524096304565,0.006076167175254406,0.0207951252393307,0.0,0.0,0.02204915089212499,0.0,0.0,0.0,0.10679382320350743,0.4231165130021144,0.4191172658015874,0.0067617524096304565,0.006076167175254406,0.001315478671001665,0.0,0.0,0.02204915089212499,0.0,0.0,GPAB3066,GPAB3066.JPG,2024-10-03 23:28:58.843,2024-10-04 11:28:58.843,7.18216337228,171.12011810266,793888.2113914719,513261.9656711851,-2.7399758070910196,31.554080370117184,-0.6619807166666668
data/train\GPAB3116_jpg.rf.875191a63a6aeebad657f0fb148c4561.jpg,0.9279136657714844,0.43456213764323837,0.40173086266594715,0.007577925307697183,0.001074467615219608,0.1502036591431529,0.14781659346716008,0.25697827827847053,0.2312016177507043,0.021424058472546824,0.018082550607520696,0.004688673248540971,0.004630100840562064,0.0012674685005271517,0.0,0.0,0.0,0.1502036591431529,0.14781659346716008,0.25697827827847053,0.2312016177507043,0.018049903691598028,0.018082550607520696,0.0017821375280139345,0.0035556332253424564,0.0,0.0,0.0,0.0,GPAB3116,GPAB3116.JPG,2024-10-03 23:30:38.943,2024-10-04 11:30:38.943,7.181846042430001,171.12100138796,793853.156981673,513359.49658905994,-1.7954876005262008,31.983513280273435,-0.6583509500000001
data/train\GPAB3159_jpg.rf.ed9a35831ae623a1f7ac0a397fdfcda7.jpg,0.9771537780761719,0.34567034680626746,0.33752974230060895,0.0016237039654480405,0.0,0.0,0.0,0.3343937179652138,0.32717202812243745,0.009903537965482608,0.010357714178171504,0.001416300028998143,0.0,0.0,0.0,0.0,0.0,0.0,0.0,0.3343937179652138,0.32717202812243745,0.008279834000034568,0.010357714178171504,0.001416300028998143,0.0,0.0,0.0,0.0,0.0,GPAB3159,GPAB3159.JPG,2024-10-03 23:32:05.000,2024-10-04 11:32:05.000,7.182346786,171.119978339,793908.4833020279,513246.5293539517,-3.2424889104995978,32.146779296875,-0.6565833333333333
data/train\GPAB3152_jpg.rf.4b094425141a923f1581397e7fa15cee.jpg,0.8671817779541016,0.4535549610829558,0.37361418642925315,0.023886980217889358,0.14955552184174695,0.17663421819278197,0.15289126848631615,0.0,0.0,0.23541979132859506,0.18863003938754386,0.007836220024850064,0.006832807461932736,0.03806342335560365,0.02526007109346044,0.00068462503096656,0.0,0.17663421819278197,0.026285568334796044,0.0,0.0,0.2116307518584737,0.165680217697317,0.007836220024850064,0.006832807461932736,0.03806342335560365,0.02526007109346044,0.00068462503096656,0.0,GPAB3152,GPAB3152.JPG,2024-10-03 23:31:51.000,2024-10-04 11:31:51.000,7.182276598,171.120133824,793900.7286819712,513263.6981497219,-1.6625186873860356,32.129619140625,-0.65715
data/train\GPAB6213_jpg.rf.a18255c26a2019ef53cab4aad446882f.jpg,0.947657585144043,0.04384768869437301,0.07687964618424767,0.003074571317187833,0.0,0.020518586657397503,0.0,0.0,0.0704654874088527,0.015556255437151806,0.00641415877539498,0.007779568023690138,0.0,0.0,0.0,0.0,0.0,0.020518586657397503,0.0,0.0,0.0704654874088527,0.012481684119963973,0.00641415877539498,0.007779568023690138,0.0,0.0,0.0,0.0,0.0,GPAB6213,GPAB6213.JPG,2024-10-04 01:13:59.137,2024-10-04 13:13:59.137,7.1698582679,171.1370606626,792528.4355734693,515132.9648158341,-5.565012490417702,31.459785311523433,-0.23505753333333343
data/train\GPAB6646_jpg.rf.49fc6a67b97d38d25bea008e6f33d9f7.jpg,0.9761104583740234,0.3064892466820171,0.31034350316771103,0.18712348023805364,0.16272183099267748,0.0,0.0,0.0,0.0,0.26093047551193244,0.26772775544771404,0.018559771702037358,0.002032750617890894,0.0,0.011772093800350667,0.027288980897713373,0.028810903301755442,0.0,0.0,0.0,0.0,0.07422468375700708,0.10500592445503655,0.018559771702037358,0.002032750617890894,0.0,0.011772093800350667,0.027288980897713373,0.028810903301755442,GPAB6646,GPAB6646.JPG,2024-10-04 01:28:26.000,2024-10-04 13:28:26.000,7.169412688,171.136933902,792479.1735880836,515118.9837550301,-1.860344012859244,31.271611328124997,-0.15166666666666678
data/train\GPAB3068_jpg.rf.f079ef9d00e8ebeea16a9fd4dca0c364.jpg,0.7583017349243164,0.7365701150131644,0.5081079575897358,0.0016774753563794955,0.09528866595099506,0.0,0.0,0.2887638917428268,0.21239795438265643,0.4323479085809538,0.2538326519089804,0.0014143796221791625,0.0036516535662914833,0.014099626864955072,0.038225697731807506,0.0,0.0,0.0,0.0,0.2887638917428268,0.1210115550878298,0.43067427403821223,0.2522675203515113,0.0014143796221791625,0.0013145184675921748,0.014099626864955072,0.038225697731807506,0.0,0.0,GPAB3068,GPAB3068.JPG,2024-10-03 23:29:02.847,2024-10-04 11:29:02.847,7.18220460289,171.12017676875,793892.7710360206,513268.4416743356,-2.3103211573301174,31.57125768652343,-0.6618576500000001
data/train\GPAB4356_jpg.rf.ab8b96243dec13600dff6a53412e9ddc.jpg,0.8800678253173828,0.6230779128250529,0.6228935537704308,0.07258081551995975,0.0,0.05090902456776444,0.0547498382057255,0.013813486248926973,0.011954532448153816,0.5544819414544777,0.5529283323379225,0.0034346475957466828,0.0,0.0009217952731106557,0.0032608507786289448,0.0,0.0,0.05090902456776444,0.0547498382057255,0.013813486248926973,0.011954532448153816,0.4822708042471717,0.5529283323379225,0.0034346475957466828,0.0,0.0009217952731106557,0.0032608507786289448,0.0,0.0,GPAB4356,GPAB4356.JPG,2024-10-04 00:12:01.423,2024-10-04 12:12:01.423,7.17127096498,171.13230103928,792684.4517081422,514607.4054943818,,31.100009765624996,-0.5559051333333334
data/train\GPAB3140_jpg.rf.3734bd1b93d5f65c2538d0366e470a65.jpg,0.8744802474975586,0.5192107896136717,0.4538199772239751,0.00284700310913864,0.0438198427954978,0.0,0.0,0.34040075049498486,0.28624527819973383,0.15884933064220325,0.003229164066115766,0.01917046107047317,0.009652924875605649,0.0008603422549032787,0.1546926100825199,0.0,0.0,0.0,0.0,0.34040075049498486,0.24242543540423603,0.15826648717264266,0.003229164066115766,0.01702152584003395,0.009652924875605649,0.0008603422549032787,0.1546926100825199,0.0,0.0,GPAB3140,GPAB3140.JPG,2024-10-03 23:31:26.991,2024-10-04 11:31:26.991,7.18213383554,171.12044317156,793884.955594556,513297.8566964489,-2.3918563590903603,32.06959720410156,-0.65755015
data/train\GPAB3024_jpg.rf.d47ec2fb405b0fe5f1d720bdbee28730.jpg,0.9059286117553711,0.3013329543730544,0.26699704065309193,0.014990695628962039,0.006228839517363359,0.007321550997363282,0.006228839517363359,0.28381596357372346,0.23798641504216253,0.00026501614101931355,0.0,0.009930423660948335,0.02278178609356606,0.0,0.0,0.0,0.0,0.0,0.0,0.28381596357372346,0.23798641504216253,0.0,0.0,0.002526295170368891,0.02278178609356606,0.0,0.0,0.0,0.0,GPAB3024,GPAB3024.JPG,2024-10-03 23:27:34.759,2024-10-04 11:27:34.759,7.181627274650001,171.11933799093,793828.9245668937,513175.85062521865,-1.7310628325454875,31.536559850585938,-0.661
data/train\GPAB3029_jpg.rf.5d51a10673dfbc7f88c36ffd7b48fa3a.jpg,0.9498491287231445,0.3673757448777949,0.3515736773678136,0.038584813806956865,0.1191276359984099,0.0013778918926185323,0.0014844744710719518,0.0,0.012051512992512333,0.36309803868851576,0.33362555523762155,0.0028998142966606046,0.00277402765001738,0.0,0.0016381070165903946,0.0,0.0,0.0,0.0,0.0,0.012051512992512333,0.3258911167741774,0.21598239371028358,0.0028998142966606046,0.00277402765001738,0.0,0.0016381070165903946,0.0,0.0,GPAB3029,GPAB3029.JPG,2024-10-03 23:27:44.769,2024-10-04 11:27:44.769,7.18155052254,171.1194474342,793820.4429509345,513187.9362494151,-1.6517135320400111,31.579503141601556,-0.661
data/train\GPAB6711_jpg.rf.4345af58599cc6228f08d77fef12edc7.jpg,0.8664283752441406,0.20024465982873813,0.23703581366676718,0.012342454625587885,0.005482761468189421,0.0,0.0,0.11486529306368261,0.14612183444940977,0.07390589622505632,0.057470094464811425,0.011518600100245236,0.003252208947943532,0.0,0.03019167580460245,0.0,0.0,0.0,0.0,0.11486529306368261,0.14612183444940977,0.06672357472206912,0.051987332996622004,0.006372870028786898,0.003252208947943532,0.0,0.03019167580460245,0.0,0.0,GPAB6711,GPAB6711.JPG,2024-10-04 01:30:36.133,2024-10-04 13:30:36.133,7.16907513498,171.13521506870998,792441.8016491574,514929.2166147285,-5.75203190290056,31.271611328124997,-0.13318226666666677
data/train\GPAB6665_jpg.rf.1b65939da5c873cbe5254fc52cc442d4.jpg,0.9598426818847656,0.19157882405808846,0.22473656819460636,0.01604787958281082,0.019761946370719173,0.0,0.0,0.0,0.013487977293109773,0.17809852839225462,0.1828352118112701,0.01348029566583385,0.019993355392406327,0.0,0.008420023697820146,0.0,0.0,0.0,0.0,0.0,0.013487977293109773,0.16205064880944378,0.16667498842954892,0.01348029566583385,0.016391632403408338,0.0,0.008420023697820146,0.0,0.0,GPAB6665,GPAB6665.JPG,2024-10-04 01:29:04.000,2024-10-04 13:29:04.000,7.169316994,171.136450482,792468.5789498037,515065.6120043328,-1.6973860159705518,31.237291015625004,-0.1454666666666668
data/train\GPAB4862_jpg.rf.11a13aa47c9a9c8fb61cd72b53131a3d.jpg,0.8808221817016602,0.1390057669816774,0.1437424504006929,0.0177964099914926,0.02274337795718645,0.055452707101472376,0.009704775859718122,0.0,0.0,0.056305367729099734,0.08430009813278845,0.014106348288821504,0.015094397597186988,0.0,0.01878926031690553,0.013175911185025436,0.01585391849409379,0.055452707101472376,0.009704775859718122,0.0,0.0,0.045362889674548657,0.06595541199447691,0.007415650931493328,0.010695705778312078,0.0,0.01878926031690553,0.013175911185025436,0.01585391849409379,GPAB4862,GPAB4862.JPG,2024-10-04 00:28:54.435,2024-10-04 12:28:54.435,7.1707948108,171.13652719585002,792631.9506352632,515074.03347192757,-3.3193200529455305,31.620970659179687,-0.4845565000000001
data/train\GPAB6705_jpg.rf.01585a7db7bb160584e50946bb0e8993.jpg,0.9103794097900391,0.2735331452614922,0.30900882042851957,0.024599451147731134,0.008336486001194493,0.002681848122706314,0.0022036668247801612,0.16765631631404798,0.22251657791186485,0.0859420459630168,0.08332645187556532,0.0026645644613354892,0.0009621238163092469,0.01460085304470899,0.0,0.0,0.0,0.0,0.0,0.16765631631404798,0.22251657791186485,0.06514404011345763,0.07719363269915099,0.0019953026849207738,0.0009621238163092469,0.01441553378667737,0.0,0.0,0.0,GPAB6705,GPAB6705.JPG,2024-10-04 01:30:24.121,2024-10-04 13:30:24.121,7.16910373298,171.13538275394998,792444.9685465923,514947.7299933162,-5.325390625,31.30970258496094,-0.13478386666666678
data/train\GPAB6720_jpg.rf.2fd4860f1fba2e49d2eaf75027641000.jpg,0.9598684310913086,0.1508450750206924,0.1593668802799185,0.027546315411456763,0.001488315284709913,0.0,0.0,0.09630264075141678,0.09170518682677739,0.05462309135567279,0.0661733781684312,0.0,0.001488315284709913,0.0,0.0,0.0,0.0,0.0,0.0,0.09630264075141678,0.09170518682677739,0.027076775944216022,0.0661733781684312,0.0,0.0,0.0,0.0,0.0,0.0,GPAB6720,GPAB6720.JPG,2024-10-04 01:30:54.151,2024-10-04 13:30:54.151,7.169024922749999,171.13498138271,792436.2432135439,514903.4167199475,-6.1409680531797886,31.26667349316406,-0.13077986666666677
data/train\GPAB3269_jpg.rf.c2d884cd6974e828bacc14f4aaf2636f.jpg,0.9982385635375977,0.9988948058756767,0.999218394424675,0.0,0.0,0.0,0.0,0.9988948058756767,0.999218394424675,0.0,0.0,0.0,0.0,0.0,0.0,0.0,0.0,0.0,0.0,0.9988948058756767,0.999218394424675,0.0,0.0,0.0,0.0,0.0,0.0,0.0,0.0,GPAB3269,GPAB3269.JPG,2024-10-03 23:35:45.249,2024-10-04 11:35:45.249,7.18247463256,171.11911154853,793922.5914715718,513150.82522576326,-1.641390368766125,32.429921875,-0.6429834000000001
data/train\GPAB6714_jpg.rf.8e1aac5423a5e428027a8bd98ada5e69.jpg,0.9024600982666016,0.4641738505885087,0.5100331654257638,0.13131549787506985,0.14675172788603538,0.0020749995679084656,0.0017072416620736938,0.10152326668881535,0.12006575472948189,0.3408472450803978,0.3721806027388842,0.019865648338944122,0.010546874249841087,0.0,0.005532692045482915,0.0,0.0,0.0,0.0,0.10152326668881535,0.12006575472948189,0.21608033445805158,0.23144262880648636,0.015541852386009452,0.006240361958277241,0.0,0.005532692045482915,0.0,0.0,GPAB6714,GPAB6714.JPG,2024-10-04 01:30:42.139,2024-10-04 13:30:42.139,7.169057979549999,171.13513705483,792439.9026208395,514920.60357514035,-5.252205352991271,31.271611328124997,-0.13238146666666678
data/train\GPAB3161_jpg.rf.f8abfc3136242b349fd3ba132abde642.jpg,0.9391708374023438,0.7806271280508063,0.8278614541704514,0.0,0.0,0.0,0.0,0.7683797335627579,0.8278614541704514,0.004293069443830982,0.0,0.0006366148604920466,0.0,0.0,0.0,0.007655701783865894,0.0,0.0,0.0,0.7683797335627579,0.8278614541704514,0.004293069443830982,0.0,0.0006366148604920466,0.0,0.0,0.0,0.007655701783865894,0.0,GPAB3161,GPAB3161.JPG,2024-10-03 23:32:09.000,2024-10-04 11:32:09.000,7.182367748,171.119936609,793910.799395506,513241.9214286669,-2.671297966794547,32.181099609375,-0.65625
data/train\GPAB3267_jpg.rf.e3a20dea0057ae4369291cfe9aaf4c33.jpg,0.9779815673828125,0.9760870942900544,0.9971097877374343,0.0,0.0,0.0,0.0,0.9760870942900544,0.9971097877374343,0.0,0.0,0.0,0.0,0.0,0.0,0.0,0.0,0.0,0.0,0.9760870942900544,0.9971097877374343,0.0,0.0,0.0,0.0,0.0,0.0,0.0,0.0,GPAB3267,GPAB3267.JPG,2024-10-03 23:35:41.245,2024-10-04 11:35:41.245,7.182465398350001,171.11912089695,793921.5709198124,513151.8576295826,-1.655565244657487,32.43745089355468,-0.6432503333333335
data/train\GPAB2985_jpg.rf.dba8ba6e865affe21974c4920fc363dd.jpg,0.8682422637939453,0.3283617201467959,0.25680352125794326,0.00198185983718791,0.05195180547047087,0.03933665307658774,0.04110534775686882,0.28263683378686943,0.21389203088782327,0.00017187641029875768,0.0,0.006220197686677946,0.0,0.0,0.001806142613251191,0.0,0.0,0.03933665307658774,0.04110534775686882,0.28263683378686943,0.16194022541735242,0.00017187641029875768,0.0,0.004295950054059452,0.0,0.0,0.001806142613251191,0.0,0.0,GPAB2985,GPAB2985.JPG,2024-10-03 23:26:16.681,2024-10-04 11:26:16.681,7.181565685290001,171.11962067311998,793822.1241455423,513207.0627783834,-2.1936917121794934,31.48611328124999,-0.6602780166666667
data/train\GPAB3126_jpg.rf.76285c70c541f39744fa6fe1b09f9432.jpg,0.8808469772338867,0.5985197504239298,0.5219924988909651,0.29902942639368724,0.29361387916416215,0.32633569095277143,0.31876736767916913,0.21934310564349951,0.19721521807179632,0.05456547915110337,0.0060099131399995774,0.0003879221774340676,0.0,0.0,0.0,0.0,0.0,0.028927087914303765,0.025153488515007018,0.21934310564349951,0.19721521807179632,0.0529446557958838,0.0060099131399995774,0.0003879221774340676,0.0,0.0,0.0,0.0,0.0,GPAB3126,GPAB3126.JPG,2024-10-03 23:30:58.963,2024-10-04 11:30:58.963,7.181975081859999,171.12079520857998,793867.415980475,513336.72898523207,-3.8314897825617846,32.026499471679685,-0.6580172833333334
data/train\GPAB2907_jpg.rf.bf31d322ee0d726153fd605a1778f741.jpg,0.7576723098754883,0.3918599716163872,0.3066582424820874,0.0,0.0,0.05307236284934601,0.056071078097184104,0.0,0.009209310900421146,0.31327404397347536,0.22844487376205774,0.013310339662354074,0.012932979722424399,0.012587306495007902,0.0,0.0,0.0,0.05307236284934601,0.056071078097184104,0.0,0.009209310900421146,0.31327404397347536,0.22844487376205774,0.013310339662354074,0.012932979722424399,0.012587306495007902,0.0,0.0,0.0,GPAB2907,GPAB2907.JPG,2024-10-03 23:23:40.525,2024-10-04 11:23:40.525,7.1817482795,171.11967145875002,793842.3109664902,513212.6646484559,-1.7512347074613492,31.40031249999999,-0.6603245833333334
data/train\GPAB7059_jpg.rf.9d98a90bf8301b908be647a4c522fe68.jpg,0.7817201614379883,0.5657720131432643,0.44029935301494266,0.09251367809756819,0.15781327116336324,0.050284892351595764,0.05030793723342353,0.0,0.0014508673517397925,0.4917921812556772,0.3644951346493241,0.0,0.0,0.0,0.0,0.023694939535991305,0.02404541378045525,0.0,0.0,0.0,0.0014508673517397925,0.44956915673016173,0.2569898007193844,0.0,0.0,0.0,0.0,0.023694939535991305,0.02404541378045525,GPAB7059,GPAB7059.JPG,2024-10-04 01:42:12.829,2024-10-04 13:42:12.829,7.16905271796,171.13696329635,792439.3807166718,515122.24108694406,-1.7366416851331024,31.227977340820317,-0.041289466666666816
data/train\GPAB3281_jpg.rf.55f02dc1fe6c46a6329e2a014ae50f24.jpg,0.5020465850830078,0.7457170126919687,0.2790869617819839,0.11356613785064228,0.02219990282741496,0.0,0.0,0.7304776243799487,0.26120125287340873,0.0,0.0,0.0,0.0,0.015241308718838999,0.01788570890857519,0.0,0.0,0.0,0.0,0.6169114865293064,0.23900135004599374,0.0,0.0,0.0,0.0,0.015241308718838999,0.01788570890857519,0.0,0.0,GPAB3281,GPAB3281.JPG,2024-10-03 23:36:09.273,2024-10-04 11:36:09.273,7.18250513721,171.11905637659,793925.9621054482,513144.7329372932,-5.81895489286899,32.387021484375005,-0.6415363500000002
data/train\GPAB6668_jpg.rf.8a52d79d063cb9a4eb650e20d0cde86a.jpg,0.9788904190063477,0.09054142029447518,0.08922882223370199,0.06654305648108495,0.06757239453605852,0.0,0.0,0.0,0.0,0.08772226308421176,0.08657962102691834,0.0,0.0,0.0,0.0,0.002819157210263422,0.0026492012067836452,0.0,0.0,0.0,0.0,0.021206092298592535,0.019007226490859824,0.0,0.0,0.0,0.0,0.002819157210263422,0.0026492012067836452,GPAB6668,GPAB6668.JPG,2024-10-04 01:29:10.000,2024-10-04 13:29:10.000,7.169299547,171.136370858,792466.6476129234,515056.8212085205,-2.0173846455390065,31.288771484375005,-0.1446666666666668
data/train\GPAB3069_jpg.rf.b4e787e9b2ba7d152d6ea99e92e0ca40.jpg,0.8402471542358398,0.49780593520931476,0.38071201003220523,0.19771740445495975,0.1532580661887414,0.1794024846223424,0.16329603263155268,0.09895280216160991,0.04743308822540967,0.20115685306775388,0.15243229125657978,0.008949095776449282,0.007337874455324616,0.010061011324639012,0.010212723463338473,0.0,0.0,0.03476512464400459,0.04256581714270351,0.09895280216160991,0.035387336453354276,0.15462347543703658,0.13195019232874292,0.0027413807340947107,0.007337874455324616,0.010061011324639012,0.010212723463338473,0.0,0.0,GPAB3069,GPAB3069.JPG,2024-10-03 23:29:04.849,2024-10-04 11:29:04.849,7.1822129296099995,171.12020825516998,793893.692446972,513271.91778134025,-2.704696373318395,31.579846344726555,-0.6617575500000001
data/train\GPAB3148_jpg.rf.215b32be1c7c28f0b92ea81efb374979.jpg,0.8856964111328125,0.24348069895126584,0.16671435676933802,0.022838438094725987,0.0036305290912826975,0.0,0.0,0.07142281020811449,0.05505422268653391,0.147775304720552,0.08936997213489706,0.014243657376378612,0.008174211624990638,0.010702427202178509,0.014115950322916406,0.0,0.0,0.0,0.0,0.07142281020811449,0.05505422268653391,0.1264184604866695,0.08573944304361436,0.014243657376378612,0.008174211624990638,0.009385028124357864,0.014115950322916406,0.0,0.0,GPAB3148,GPAB3148.JPG,2024-10-03 23:31:43.000,2024-10-04 11:31:43.000,7.182228609,171.120232489,793895.4264683556,513274.5929320117,-2.528683855592075,32.129619140625,-0.6572833333333334
data/train\GPAB3204_jpg.rf.6183f6d5f541f47d27658919cb096075.jpg,0.9274044036865234,0.0938243557515224,0.13932263410680917,0.0018531925803162142,0.0029862326035147288,0.0,0.004604175348505828,0.0753077932029121,0.11723027406125713,0.013724187331844377,0.012098562959577357,0.00479237521676592,0.0009611636128997567,0.0,0.004428458124569109,0.0,0.0,0.0,0.002871968397785387,0.0753077932029121,0.11723027406125713,0.011897880446993891,0.010844537306783069,0.00479237521676592,0.0009611636128997567,0.0,0.004428458124569109,0.0,0.0,GPAB3204,GPAB3204.JPG,2024-10-03 23:33:35.119,2024-10-04 11:33:35.119,7.18290168692,171.11913126026,793969.8018858859,513152.98928112054,-1.688671875,32.429921875,-0.6508293666666668
data/train\GPAB5827_jpg.rf.7cc4d07d38d46d7c26b93ba7539d1662.jpg,0.9501190185546875,0.3891963673584612,0.3853229068045775,0.21434044588005524,0.22159958365580165,0.009294769003865779,0.0,0.0,0.0,0.3646334039402907,0.37004222974594936,0.00742333255876925,0.00753183554404165,0.0,0.002609832866994544,0.007878468974867636,0.005139008647591906,0.0,0.0,0.0,0.0,0.17025366653671914,0.15550686257376764,0.005737215371704342,0.005606627708013665,0.0,0.002609832866994544,0.0,0.0,GPAB5827,GPAB5827.JPG,2024-10-04 01:01:06.365,2024-10-04 13:01:06.365,7.16986579645,171.13510032055,792529.2036757899,514916.52142287034,-2.214113554476133,31.557478081054683,-0.3261513333333334
data/train\GPAB7185_jpg.rf.bbdd85b10b2ce4494aa5e4f51cb88e08.jpg,0.9769783020019531,0.062263429884986836,0.08389489229398356,0.060567710663827025,0.06298070183187607,0.0,0.012410629067661693,0.0,0.0,0.05676434495883608,0.06298070183187607,0.0,0.0,0.0,0.008503561394445799,0.005501005332969737,0.0,0.0,0.012410629067661693,0.0,0.0,0.0,0.0,0.0,0.0,0.0,0.008503561394445799,0.0016957192211598106,0.0,GPAB7185,GPAB7185.JPG,2024-10-04 01:46:25.000,2024-10-04 13:46:25.000,7.168397024,171.133619861,792366.7865233223,514753.1098086224,-2.577563361417647,31.005628906249996,-0.0026666666666666687
data/train\GPAB6953_jpg.rf.3c4797ae04ca57b08f99af0dc3792d45.jpg,0.9639692306518555,0.39169865744359283,0.41194262592587616,0.13685107053078124,0.16040678057239646,0.0,0.0,0.0,0.0,0.3480612532958982,0.38118346990626495,0.00144222552105438,0.0,0.0026952909704391777,0.002443717677152728,0.03977354562790582,0.028315438342458466,0.0,0.0,0.0,0.0,0.21349066586265633,0.2207766893338685,0.0009563625958523053,0.0,0.0026952909704391777,0.002443717677152728,0.03977354562790582,0.028315438342458466,GPAB6953,GPAB6953.JPG,2024-10-04 01:38:40.617,2024-10-04 13:38:40.617,7.1692078537,171.13698826535,792456.5314295619,515124.99282467546,-1.784375,31.208264611328126,-0.0696152500000001
data/train\GPAB6663_jpg.rf.86f74cdd128bbd44c7c2229648721c5d.jpg,0.9793434143066406,0.19159226690582132,0.1939409244454345,0.06327164346495162,0.009715338097222515,0.0,0.0,0.0,0.0,0.17164788188729901,0.17885516867893295,0.0017504508155007556,0.0,0.009684611588118827,0.009715338097222515,0.008509322614902741,0.00537041766927906,0.0,0.0,0.0,0.0,0.12466320865412128,0.17885516867893295,0.0017504508155007556,0.0,0.0,0.0,0.00417880523810164,0.00537041766927906,GPAB6663,GPAB6663.JPG,2024-10-04 01:29:00.000,2024-10-04 13:29:00.000,7.169326641,171.136505063,792469.6471943948,515071.63803228026,-1.8487729341234416,31.2415810546875,-0.14600000000000013
data/train\GPAB3709_jpg.rf.a45e2057dad709053cf0cfe214794ee1.jpg,0.8784952163696289,0.5014364643005974,0.5990670663673393,0.06285107437159487,0.22369282708849042,0.0,0.0,0.0,0.0,0.49987709396358526,0.5990670663673393,0.0,0.0,0.0015603305404216828,0.0,0.0,0.0,0.0,0.0,0.0,0.0,0.4370413828465422,0.37537423927884883,0.0,0.0,0.0015603305404216828,0.0,0.0,0.0,GPAB3709,GPAB3709.JPG,2024-10-03 23:50:26.129,2024-10-04 11:50:26.129,7.181876390779999,171.11954049554998,793856.4695913475,513198.2015727621,-1.7783400108252807,31.786416015625,-0.6205645166666667
data/train\GPAB3256_jpg.rf.7d206d4c2dfb923b428f093deabfd85f.jpg,0.3072824478149414,0.9024586968503407,0.21579515404543298,0.0,0.02158633284875068,0.0,0.0,0.9024586968503407,0.21579515404543298,0.0,0.0,0.0,0.0,0.0,0.0,0.0,0.0,0.0,0.0,0.9024586968503407,0.1942088211966823,0.0,0.0,0.0,0.0,0.0,0.0,0.0,0.0,GPAB3256,GPAB3256.JPG,2024-10-03 23:35:19.223,2024-10-04 11:35:19.223,7.18242705814,171.11918836195,793917.3344371691,513159.3073941548,-2.633820758665392,32.51572265625,-0.6447184666666668
data/train\GPAB2756_jpg.rf.e3eab669406113c45048b693e012a15e.jpg,0.9268732070922852,0.24998799745738137,0.21451328249376347,0.040640609306675526,0.04833856004055899,0.014096746254726601,0.009506973957363128,0.018300516781474988,0.0012713093141651127,0.1839605702071927,0.1704236225401989,0.033684895808328036,0.030945435481052306,0.00015939376597538422,0.0,0.0,0.0023659412009840166,0.014096746254726601,0.009506973957363128,0.018300516781474988,0.0012713093141651127,0.14338429452895302,0.13307939153830348,0.033684895808328036,0.02231704764337277,0.00015939376597538422,0.0,0.0,0.0,GPAB2756,GPAB2756.JPG,2024-10-03 23:18:38.223,2024-10-04 11:18:38.223,,,,,,30.00891984082031,-0.6657259000000001
data/train\GPAB3070_jpg.rf.94ac6f05bf5c9af60cc3fa812fa92778.jpg,0.9067916870117188,0.27797600643720366,0.22167159891151342,0.0752492207949332,0.028606379975534016,0.0410083672125103,0.034575004368925515,0.014637340774269621,0.017092580892336232,0.198430835588211,0.16462975516733463,0.009618357552863999,0.0015286438279085042,0.013721306721615907,0.0,0.0010005319526888575,0.003845614655008517,0.01996935030716907,0.018947693879471428,0.014637340774269621,0.017092580892336232,0.14720782450554326,0.15165068568125473,0.007715234395254291,0.0015286438279085042,0.01283311856783741,0.0,0.0010005319526888575,0.003845614655008517,GPAB3070,GPAB3070.JPG,2024-10-03 23:29:06.851,2024-10-04 11:29:06.851,7.18221415116,171.12023974668,793893.8283985731,513275.39465628646,-3.0647223851466303,31.588435002929685,-0.6616574500000001
data/train\GPAB4541_jpg.rf.e77dc1d8b513409bfb6fe75f8bc01f13.jpg,0.9056110382080078,0.35867918259804155,0.29071214446068255,0.09027640415345586,0.04072510720671067,0.1364103371658252,0.14151477849067545,0.0,0.0,0.09906130514688231,0.10181324811848141,0.09027640415345586,0.047384117851525666,0.004857669048611258,0.0,0.02866015136646547,0.0,0.1364103371658252,0.14151477849067545,0.0,0.0,0.09906130514688231,0.10181324811848141,0.0,0.006659010644814997,0.004857669048611258,0.0,0.02866015136646547,0.0,GPAB4541,GPAB4541.JPG,2024-10-04 00:18:11.793,2024-10-04 12:18:11.793,7.171384496610001,171.1366600891,792697.143382749,515088.686897138,-1.8885746355968378,31.786416015625,-0.5336241500000002
data/train\GPAB3119_jpg.rf.a07bb269b747616a05385b7d94ce252b.jpg,0.8279514312744141,0.4730365280581038,0.3422529828718916,0.026869372007766124,0.015332528042740575,0.1263080370945781,0.06801696871465251,0.15362390368775722,0.1473518550169668,0.12736138023478893,0.10308167682241806,0.06645663817423082,0.01585967971455073,0.0,0.007942802603303484,0.0,0.0,0.1263080370945781,0.06801696871465251,0.15362390368775722,0.1473518550169668,0.1032660358770402,0.08774914877967749,0.06388329303679692,0.01585967971455073,0.0,0.007942802603303484,0.0,0.0,GPAB3119,GPAB3119.JPG,2024-10-03 23:30:44.949,2024-10-04 11:30:44.949,7.18188524309,171.12094256332,793857.4888076202,513353.0007371752,-1.8634344901203086,32.000917968749995,-0.6582508500000002
data/train\GPAB3207_jpg.rf.59b13473fdee7f43b0c8751b7481a7a2.jpg,0.9188556671142578,0.9175070046838723,0.9937125880746578,0.0014143796221791625,0.0,0.0,0.0,0.9174945220395488,0.9937125880746578,0.0023841850657643315,0.0,0.0,0.0,0.0,0.0,0.0,0.0,0.0,0.0,0.9174945220395488,0.9937125880746578,0.000969805443585169,0.0,0.0,0.0,0.0,0.0,0.0,0.0,GPAB3207,GPAB3207.JPG,2024-10-03 23:33:41.125,2024-10-04 11:33:41.125,7.1829288039999994,171.11912720050003,793972.7994983876,513152.54027305415,-1.7181146972041004,32.429921875,-0.6506291666666668
data/train\GPAB6662_jpg.rf.2108d9d531e28867ea4da578a80bbdb8.jpg,0.9868783950805664,0.11759803196709191,0.11561137111285655,0.06310456807170031,0.0352567487896636,0.006751190172126063,0.0061731477196129226,0.0,0.0,0.09630456115823575,0.09755858681103005,0.0,0.0,0.0009717258504041497,0.0,0.013570554786325935,0.011879636582213577,0.00587548466267094,0.0061731477196129226,0.0,0.0,0.03415443527556878,0.06230183802136645,0.0,0.0,0.0009717258504041497,0.0,0.013570554786325935,0.011879636582213577,GPAB6662,GPAB6662.JPG,2024-10-04 01:28:58.000,2024-10-04 13:28:58.000,7.169332731,171.13653283,792470.3213411965,515074.70361538697,-1.7130486748906493,31.2501611328125,-0.14633333333333348
data/train\GPAB3096_jpg.rf.a6470fed9e9e1c7e6665b90f39689d33.jpg,0.4318094253540039,0.3785697962256324,0.9501107114531142,0.3785697962256324,0.0,0.0,0.0,0.0,0.0,0.3785697962256324,0.9455718299364537,0.0,0.004538881516660489,0.0,0.0,0.0,0.0,0.0,0.0,0.0,0.0,0.0,0.9455718299364537,0.0,0.004538881516660489,0.0,0.0,0.0,0.0,GPAB3096,GPAB3096.JPG,2024-10-03 23:29:58.903,2024-10-04 11:29:58.903,7.18195057503,171.12094092804,793864.711051514,513352.8182833422,-1.7607678557088322,31.837064216796875,-0.6590548500000001
data/train\GPAB7050_jpg.rf.5d195395bfbe8803ccd8968785d9d541.jpg,0.9777975082397461,0.3888055645707987,0.39116670475473525,0.2486331504465906,0.24055687956936797,0.0,0.0,0.0,0.0,0.3888055645707987,0.39116670475473525,0.0,0.0,0.0,0.0,0.0,0.0,0.0,0.0,0.0,0.0,0.14018777737875993,0.15060982518536728,0.0,0.0,0.0,0.0,0.0,0.0,GPAB7050,GPAB7050.JPG,2024-10-04 01:41:54.811,2024-10-04 13:41:54.811,7.1690949939,171.1371846255,792444.061518298,515146.6768870659,-1.9374079819466339,31.185810546874997,-0.04360538333333347
data/train\GPAB3481_jpg.rf.e4fc253b7043c340198c9e586f1f566a.jpg,0.8069610595703125,0.8208394866368491,0.686199764558124,0.0,0.0,0.0,0.0,0.8208394866368491,0.5679497544759882,0.0,0.10891203192484296,0.0,0.002188303570228317,0.0,0.007149674587064524,0.0,0.0,0.0,0.0,0.8208394866368491,0.5679497544759882,0.0,0.10891203192484296,0.0,0.002188303570228317,0.0,0.007149674587064524,0.0,0.0,GPAB3481,GPAB3481.JPG,2024-10-03 23:42:49.673,2024-10-04 11:42:49.673,7.18244700313,171.11902497977002,793919.5346201229,513141.26815300225,-17.5190337743286,32.20114696191406,-0.6271721166666668
data/train\GPAB2987_jpg.rf.8edaf56f6842917821771008f1c445b3.jpg,0.94482421875,0.28567491737449663,0.29102709117899533,0.0950188487929283,0.027233289099962935,0.004391010191598988,0.0,0.0,0.0,0.27247308069741494,0.2726411162940757,0.008819468316168097,0.004384288767732556,0.0,0.014001686117187065,0.0,0.0,0.004391010191598988,0.0,0.0,0.0,0.1830541381886339,0.2454078271941128,0.0032195620320208634,0.004384288767732556,0.0,0.014001686117187065,0.0,0.0,GPAB2987,GPAB2987.JPG,2024-10-03 23:26:20.685,2024-10-04 11:26:20.685,7.18159529225,171.11957497240002,793825.3958080882,513202.01619852294,-1.8851799596251315,31.48611328124999,-0.6603447500000001
data/train\GPAB2951_jpg.rf.42d2aa39a63a8cd50185c4c34c3d023a.jpg,0.9789352416992188,0.13266842447904165,0.1427447990582325,0.08265815030256009,0.1234475911377066,0.0,0.0,0.0,0.0,0.1244558047176714,0.13902209043963873,0.0,0.0,0.008340326814832454,0.003722708618593763,0.0,0.0,0.0,0.0,0.0,0.0,0.041797654415111296,0.015574499301932122,0.0,0.0,0.008340326814832454,0.003722708618593763,0.0,0.0,GPAB2951,GPAB2951.JPG,2024-10-03 23:25:08.613,2024-10-04 11:25:08.613,7.18167128111,171.1196227408,793833.7975727249,513207.28801999305,-1.819858265493361,31.443212890625,-0.66085645
data/train\GPAB6666_jpg.rf.3b9f9efbe0ccad9eaf54a918d77f1058.jpg,0.9151573181152344,0.18482859408937188,0.11234475911377066,0.0743610326411547,0.05432734870554978,0.007065176687029381,0.0,0.0,0.0,0.13807244926765286,0.09448305529043273,0.0,0.0,0.039690968134689655,0.017861703823337936,0.0,0.0,0.007065176687029381,0.0,0.0,0.0,0.0637181380503646,0.04015570658488294,0.0,0.0,0.039690968134689655,0.017861703823337936,0.0,0.0,GPAB6666,GPAB6666.JPG,2024-10-04 01:29:06.000,2024-10-04 13:29:06.000,7.169308918,171.136425875,792467.6853596184,515062.89538514696,-1.745175249458583,31.254451171875004,-0.14520000000000013
data/train\GPAB3227_jpg.rf.2b959500f6e4dec0055fc1e6488e6c59.jpg,0.9134654998779297,0.3264086664118927,0.3000261175327381,0.03781281026572669,0.01145906748885684,0.0,0.0,0.009750865623373656,0.015506324859858313,0.2725883051065538,0.24211048868592322,0.03859441584105177,0.032782304603407184,0.004571528432583159,0.008601502142213807,0.0011128757515992188,0.0010254972413356045,0.0,0.0,0.009750865623373656,0.015506324859858313,0.23639631819604665,0.231676918438402,0.03859441584105177,0.032782304603407184,0.004571528432583159,0.008601502142213807,0.0,0.0,GPAB3227,GPAB3227.JPG,2024-10-03 23:34:21.165,2024-10-04 11:34:21.165,7.1826749713,171.11943963055,793944.7478732975,513187.0422666777,-2.7444110312132333,32.47282226562499,-0.6485890000000001
data/train\GPAB3155_jpg.rf.d0fa59781b378d4a698078e736ac7453.jpg,0.9844741821289062,0.6913378130023065,0.7017195322657152,0.0,0.0,0.0,0.0,0.6913378130023065,0.7017195322657152,0.0,0.0,0.0,0.0,0.0,0.0,0.0,0.0,0.0,0.0,0.6913378130023065,0.7017195322657152,0.0,0.0,0.0,0.0,0.0,0.0,0.0,0.0,GPAB3155,GPAB3155.JPG,2024-10-03 23:31:57.000,2024-10-04 11:31:57.000,7.182306964,171.120065409,793904.0835918672,513256.1437172398,-3.622143034822753,32.129619140625,-0.65705
data/train\GPAB3732_jpg.rf.17cb4bb5e9fdf6d4fc4f7156adfc86f8.jpg,0.683929443359375,0.4735031869151161,0.1847508176132032,0.01416396049339092,0.01438576748098317,0.0,0.0,0.442442527024925,0.15247358000318786,0.0,0.0,0.017133869638944314,0.01438576748098317,0.01409290544108864,0.017891470129032135,0.0,0.0,0.0,0.0,0.442442527024925,0.15247358000318786,0.0,0.0,0.002988153010333709,0.0,0.01409290544108864,0.017891470129032135,0.0,0.0,GPAB3732,GPAB3732.JPG,2024-10-03 23:51:12.175,2024-10-04 11:51:12.175,7.181966355499999,171.119545339,793866.4151174838,513198.73373386293,-13.710155610539246,31.747054907226556,-0.6197970833333335
data/train\GPAB3102_jpg.rf.a6765907f9771f066375b21716880e39.jpg,0.8646335601806641,0.5041125512028468,0.47514321433852547,0.03221482438839844,0.019117649882951206,0.003983883945975116,0.0,0.2580969152505267,0.2940277268336524,0.19614555147362417,0.15251966976684342,0.04444397501166647,0.028595817738029623,0.0018983221405622567,0.0,0.0,0.0,0.003983883945975116,0.0,0.25560422719948994,0.291457262306447,0.1816215147016744,0.1393111116658953,0.029391826364497053,0.025257190483231967,0.0018983221405622567,0.0,0.0,0.0,GPAB3102,GPAB3102.JPG,2024-10-03 23:30:10.915,2024-10-04 11:30:10.915,7.181838991549999,171.12094180095002,793852.3757869997,513352.9179147675,-3.0662345305877095,31.906172456054684,-0.6588180833333332
data/train\GPAB6657_jpg.rf.e81b49fc4c8a81547b26c0fb3ee603b1.jpg,0.7862758636474609,0.4150085554123786,0.2969438645882744,0.09188378466094257,0.11134326695767231,0.019925180950332518,0.0197494637263958,0.0,0.0024523595078381403,0.3762038550246484,0.2540534986931632,0.011831626411739063,0.013146144879331238,0.0,0.0,0.007049813432477536,0.0075423977815460425,0.019925180950332518,0.0,0.0,0.0024523595078381403,0.284351757076219,0.16245969546188666,0.011831626411739063,0.013146144879331238,0.0,0.0,0.007049813432477536,0.0075423977815460425,GPAB6657,GPAB6657.JPG,2024-10-04 01:28:48.000,2024-10-04 13:28:48.000,7.169360176,171.136669234,792473.3598024391,515089.7632194224,-1.7225939138536321,31.271611328124997,-0.14800000000000013
data/train\GPAB3224_jpg.rf.3496e1b9cc1114642afead4714dc1e93.jpg,0.9729089736938477,0.4271186408128698,0.4369828104385633,0.08431066037029285,0.0,0.0,0.0,0.0,0.0,0.4271186408128698,0.4369828104385633,0.0,0.0,0.0,0.0,0.0,0.0,0.0,0.0,0.0,0.0,0.34280798044257693,0.4369828104385633,0.0,0.0,0.0,0.0,0.0,0.0,GPAB3224,GPAB3224.JPG,2024-10-03 23:34:15.159,2024-10-04 11:34:15.159,7.18274942123,171.11941347125003,793952.9773842017,513184.15193248907,-1.928564232694475,32.47282226562499,-0.6489894
data/train\GPAB3225_jpg.rf.83718ce0f906ef09e77f85fef62d54c7.jpg,0.9970388412475586,0.0056700011330400235,0.00277498785342687,0.0,0.0,0.0,0.0,0.0,0.0,0.0,0.0,0.0056700011330400235,0.00277498785342687,0.0,0.0,0.0,0.0,0.0,0.0,0.0,0.0,0.0,0.0,0.0056700011330400235,0.00277498785342687,0.0,0.0,0.0,0.0,GPAB3225,GPAB3225.JPG,2024-10-03 23:34:17.161,2024-10-04 11:34:17.161,7.18272886782,171.11942812206001,793950.7056749004,513185.7700873652,-1.8836679839970571,32.47282226562499,-0.6488559333333335
data/train\GPAB6687_jpg.rf.f4a6a527a7155e2ece923d872127b126.jpg,0.9354639053344727,0.24509672128943796,0.3046360541017009,0.06435187230062817,0.13220560643566734,0.0,0.0,0.0,0.04387745500006721,0.21819470236574917,0.22992358701267276,0.0,0.006036798835465305,0.003048645825131596,0.0,0.023853373098557198,0.02479821325349562,0.0,0.0,0.0,0.04387745500006721,0.153842830065121,0.10375477941247074,0.0,0.0,0.003048645825131596,0.0,0.023853373098557198,0.02479821325349562,GPAB6687,GPAB6687.JPG,2024-10-04 01:29:48.000,2024-10-04 13:29:48.000,7.169205732,171.13588757,792456.2607639667,515003.4639456292,-1.784811701638932,31.3359619140625,-0.13960000000000014
data/train\GPAB6362_jpg.rf.409a2850d857b0bd69c899eb31575f58.jpg,0.971949577331543,0.05768421982512775,0.03692558231535768,0.0094800882618974,0.005792907169454777,0.0094800882618974,0.005792907169454777,0.04400900286716738,0.026731102716799526,0.004195128696062974,0.004401572429103382,0.0,0.0,0.0,0.0,0.0,0.0,0.0,0.0,0.04400900286716738,0.026731102716799526,0.004195128696062974,0.004401572429103382,0.0,0.0,0.0,0.0,0.0,0.0,GPAB6362,GPAB6362.JPG,2024-10-04 01:18:57.435,2024-10-04 13:18:57.435,7.16911079815,171.13322103775,792445.6797643244,514709.05233993765,-5.852673824165668,31.209684614257814,-0.21025650000000007
data/train\GPAB6667_jpg.rf.c0797ceef0cde7f53784487b37dc0d16.jpg,0.8585357666015625,0.30103145050247443,0.2877883250787847,0.07501589136642707,0.03240782527370598,0.022932538028856034,0.02436228090558704,0.0,0.0,0.2750656299030387,0.2499956790846573,0.0,0.0,0.0,0.005790986762635797,0.0031408253524426613,0.00763937832590456,0.022932538028856034,0.02436228090558704,0.0,0.0,0.20587241201176057,0.2175878538109513,0.0,0.0,0.0,0.005790986762635797,0.0031408253524426613,0.00763937832590456,GPAB6667,GPAB6667.JPG,2024-10-04 01:29:08.000,2024-10-04 13:29:08.000,7.169304405,171.136396833,792467.1855053433,515059.68897586135,-2.1451059800927315,31.271611328125005,-0.14493333333333347
data/train\GPAB6685_jpg.rf.42cdbc2507e32fe09d31984fc16f69b6.jpg,0.9836711883544922,0.2071312386816023,0.21157313965390429,0.1343689447172489,0.14146964893042943,0.01045469472253002,0.010384599873637232,0.0,0.0,0.15763467332919806,0.16438970431496208,0.008423864511458106,0.008193415693180443,0.0,0.0,0.030619926525235104,0.028605419772124527,0.01045469472253002,0.010384599873637232,0.0,0.0,0.03052390618428608,0.031113471077713103,0.005424189060210515,0.0,0.0,0.0,0.02656786813718618,0.028605419772124527,GPAB6685,GPAB6685.JPG,2024-10-04 01:29:44.000,2024-10-04 13:29:44.000,7.169215276,171.135939388,792457.3175243745,515009.18491382233,-1.886973958010623,31.353122070312498,-0.14013333333333344
data/train\GPAB3272_jpg.rf.2b8771d36365460b06cf19eab013370a.jpg,0.9006834030151367,0.8995108723832057,0.9987872630938138,0.009093126287872823,0.0,0.0,0.0,0.8904177460953329,0.9987872630938138,0.009093126287872823,0.0,0.0,0.0,0.0,0.0,0.0,0.0,0.0,0.0,0.8904177460953329,0.9987872630938138,0.0,0.0,0.0,0.0,0.0,0.0,0.0,0.0,GPAB3272,GPAB3272.JPG,2024-10-03 23:35:51.255,2024-10-04 11:35:51.255,7.18248412795,171.1190967639,793923.6407401916,513149.1926145262,-1.7338556565539767,32.429921875,-0.6425830000000001
data/train\GPAB6684_jpg.rf.0736c8590fcf6864ecebf96c7bd09b8f.jpg,0.9048118591308594,0.186148873777421,0.2440760250651498,0.14096938295408498,0.13050316579064108,0.0,0.0,0.0,0.06793247081461737,0.15784687828269542,0.14433969692139584,0.0,0.002988153010333709,0.0,0.0,0.028494996380033145,0.028815704318802895,0.0,0.0,0.0,0.06793247081461737,0.016889017769524298,0.01383653113075474,0.0,0.002988153010333709,0.0,0.0,0.028494996380033145,0.028815704318802895,GPAB6684,GPAB6684.JPG,2024-10-04 01:29:42.000,2024-10-04 13:29:42.000,7.169221467,171.135963626,792458.0027172841,515011.86085449054,-1.8971976541562987,31.353122070312498,-0.14040000000000014
data/train\GPAB6199_jpg.rf.bfde89e764df96e5529e9f0eaca7fc63.jpg,0.9586706161499023,0.08962442603841198,0.11211719090572146,0.021852309193179483,0.009526178025552933,0.003612285226502382,0.0037351912629171365,0.0,0.0,0.08126393495198023,0.10332556848842858,0.0035777179037607327,0.003449050646889037,0.0012156175164146773,0.001607380507486706,0.0,0.0,0.003612285226502382,0.0037351912629171365,0.0,0.0,0.05941162575880075,0.09379939046287565,0.0035777179037607327,0.003449050646889037,0.0012156175164146773,0.001607380507486706,0.0,0.0,GPAB6199,GPAB6199.JPG,2024-10-04 01:13:31.109,2024-10-04 13:13:31.109,7.16993752231,171.13745053573,792537.2098326972,515176.0084413009,-3.04765625,31.40031249999999,-0.23692606666666677
data/train\GPAB3271_jpg.rf.21bf1e78667a608bb741f6939825a79c.jpg,0.8904047012329102,0.8885098219206756,0.9980488666719157,0.09195676012006383,0.0,0.0,0.0,0.8885098219206756,0.9980488666719157,0.0,0.0,0.0,0.0,0.0,0.0,0.0,0.0,0.0,0.0,0.8003084173351283,0.9980488666719157,0.0,0.0,0.0,0.0,0.0,0.0,0.0,0.0,GPAB3271,GPAB3271.JPG,2024-10-03 23:35:49.253,2024-10-04 11:35:49.253,7.1824812825399995,171.11910119791997,793923.3263140876,513149.6822466488,-1.7804063317461045,32.429921875,-0.6427164666666668
data/train\GPAB2908_jpg.rf.88dda92c5d3e1444f5a1b36c77499932.jpg,0.9118289947509766,0.4788966494662229,0.45053032034306145,0.08843665442087252,0.0,0.04318706874864371,0.041419334271772135,0.0,0.0,0.42134301730478585,0.3689351152148071,0.0,0.0,0.0145998928412995,0.023226360272160053,0.0,0.016949510584322182,0.04318706874864371,0.041419334271772135,0.0,0.0,0.3374586872483067,0.3689351152148071,0.0,0.0,0.013914307606923451,0.023226360272160053,0.0,0.016949510584322182,GPAB2908,GPAB2908.JPG,2024-10-03 23:23:42.527,2024-10-04 11:23:42.527,7.18176264308,171.11965013168,793843.898211427,513210.3095553055,-1.899035466629203,31.40031249999999,-0.6602912166666668
data/train\GPAB2863_jpg.rf.e0d1f8749cb1c9db1972f58a2977121d.jpg,0.7316379547119141,0.4370029747101626,0.21938823520374556,0.01106538409096583,0.017532354053882773,0.0616652231608744,0.05807310220597131,0.32177760536792116,0.14214947294434854,0.000554997570685374,0.0,0.05319910969939872,0.019165660053425716,0.0,0.0,0.0,0.0,0.0616652231608744,0.05807310220597131,0.32177760536792116,0.14214947294434854,0.000554997570685374,0.0,0.04218077557549792,0.0016333059995429432,0.0,0.0,0.0,0.0,GPAB2863,GPAB2863.JPG,2024-10-03 23:22:12.437,2024-10-04 11:22:12.437,,,,,,31.26919603613281,-0.6602072833333335
data/train\GPAB3274_jpg.rf.6f8cbaf27e8d238f2d942b271ee4af69.jpg,0.8172082901000977,0.9194638992324133,0.8144358900989586,0.0,0.0,0.0,0.0,0.9194638992324133,0.8144358900989586,0.0,0.0,0.0,0.0,0.0,0.0,0.0,0.0,0.0,0.0,0.9194638992324133,0.8144358900989586,0.0,0.0,0.0,0.0,0.0,0.0,0.0,0.0,GPAB3274,GPAB3274.JPG,2024-10-03 23:35:55.259,2024-10-04 11:35:55.259,7.18248967291,171.11908783078002,793924.2534660709,513148.2061691525,-1.7780769382102024,32.42023067675781,-0.6423160666666669
data/train\GPAB2916_jpg.rf.7f634b0de0ff892d3d6e051ea3b40642.jpg,0.8832454681396484,0.22084486377594229,0.32481568895554835,0.0067223840698413554,0.011273748230825218,0.0007201525571176998,0.0,0.0,0.0,0.10773002152776044,0.19116689679541715,0.11239468969106416,0.1336487921601312,0.0,0.0,0.0,0.0,0.0007201525571176998,0.0,0.0,0.0,0.10100763745791909,0.18094457129798378,0.11239468969106416,0.13259736942673936,0.0,0.0,0.0,0.0,GPAB2916,GPAB2916.JPG,2024-10-03 23:23:58.543,2024-10-04 11:23:58.543,7.181882009540001,171.11946999066,793857.0887021101,513190.4171109587,-1.9501838916860867,31.41943320410156,-0.6600242833333334
data/train\GPAB3216_jpg.rf.55b7a0b3177f516a9877b302a2d24331.jpg,0.9886207580566406,0.003925311537996209,0.014216771680912885,0.0,0.0,0.0,0.0,0.0,0.0,0.003925311537996209,0.014216771680912885,0.0,0.0,0.0,0.0,0.0,0.0,0.0,0.0,0.0,0.0,0.003925311537996209,0.014216771680912885,0.0,0.0,0.0,0.0,0.0,0.0,GPAB3216,GPAB3216.JPG,2024-10-03 23:33:59.143,2024-10-04 11:33:59.143,7.182848365330001,171.11927469186,793963.9114297905,513168.8267677318,-1.6755800960579208,32.47282226562499,-0.6500285666666668
data/train\GPAB6736_jpg.rf.5f196747695b52b1c60eac92e55965fc.jpg,0.8962087631225586,0.39697977619578934,0.3543957151883055,0.25559366496198554,0.21838098182719026,0.0007153515400702485,0.0,0.0,0.0,0.38169621852693275,0.3468168296771988,0.006357506774235054,0.001354847010790766,0.0010350992754305072,0.0,0.007219769435957313,0.006224038500315907,0.0,0.0,0.0,0.0,0.12948246956635293,0.12843584785000856,0.003766877975430315,0.001354847010790766,0.0010350992754305072,0.0,0.007219769435957313,0.006224038500315907,GPAB6736,GPAB6736.JPG,2024-10-04 01:31:26.183,2024-10-04 13:31:26.183,7.16894337818,171.13455720401998,792427.2149066468,514856.5853244711,-1.8184826048314324,31.271611328124997,-0.12563616666666677
data/train\GPAB6674_jpg.rf.148aacfe1180e80f7909bfa5817c3478.jpg,0.9818611145019531,0.08808041895595163,0.08099603820073244,0.0022363137407028304,0.03184994709279214,0.0,0.0,0.0,0.0045081550075568005,0.062273992122491226,0.05863578140393261,0.0,0.0,0.010924234189770761,0.0083652921034792,0.014883152847099129,0.009486809685763832,0.0,0.0,0.0,0.0045081550075568005,0.062273992122491226,0.026785834311140472,0.0,0.0,0.010924234189770761,0.0083652921034792,0.0126468391063963,0.009486809685763832,GPAB6674,GPAB6674.JPG,2024-10-04 01:29:22.000,2024-10-04 13:29:22.000,7.169265686,171.136202893,792462.8988539486,515038.2771279485,-1.9189663630036211,31.314511718750005,-0.1430666666666668
data/train\GPAB6218_jpg.rf.cbf157f68419fd36fb92aad2909ab5ec.jpg,0.8953104019165039,0.14081094939151909,0.043270606445269366,0.01657023023757353,0.009258281274305148,0.0,0.0,0.10958609471830513,0.011375529792231186,0.019672647453636578,0.0244352563647083,0.008745532653637346,0.00745982028832988,0.0028518041261860914,0.0,0.0,0.0,0.0,0.0,0.10958609471830513,0.011375529792231186,0.009052797744674232,0.022636795378733032,0.0027951521250261656,0.0,0.0028518041261860914,0.0,0.0,0.0,GPAB6218,GPAB6218.JPG,2024-10-04 01:14:09.147,2024-10-04 13:14:09.147,7.1698291044,171.13692091455,792525.2070127099,515117.53606760164,-5.80390625,31.443212890625,-0.23393285000000008
data/train\GPAB3022_jpg.rf.4a7028ccc8d0c43d90f9f26c5b803a76.jpg,0.867579460144043,0.2627951905331625,0.18616807784561082,0.0,0.0,0.0,0.0,0.21680336762539776,0.13431421312290795,0.0,0.006393994503795684,0.04601678819641153,0.020671258999506455,0.0,0.02478861121940072,0.0,0.0,0.0,0.0,0.21680336762539776,0.13431421312290795,0.0,0.006393994503795684,0.04601678819641153,0.020671258999506455,0.0,0.02478861121940072,0.0,0.0,GPAB3022,GPAB3022.JPG,2024-10-03 23:27:30.755,2024-10-04 11:27:30.755,7.18165891345,171.119292086,793832.4208417427,513170.78144321777,-3.659645768708851,31.53864480957031,-0.661
data/train\GPAB2944_jpg.rf.4c5671d6eb3325a6fb91a55ecd6b13f6.jpg,0.9021835327148438,0.2096949817849413,0.1339349327761593,0.2096949817849413,0.04214428784593728,0.0,0.0,0.0,0.0,0.14209762196023606,0.0824200198570065,0.0,0.0,0.0,0.007444457033778036,0.06770682301338715,0.04407045588537476,0.0,0.0,0.0,0.0,0.0,0.0824200198570065,0.0,0.0,0.0,0.007444457033778036,0.0,0.0019261680394374744,GPAB2944,GPAB2944.JPG,2024-10-03 23:24:54.599,2024-10-04 11:24:54.599,7.18178445178,171.1194595016,793846.3036210738,513189.2618465898,-2.2780189666290656,31.443212890625,-0.6609099833333334
data/train\GPAB4627_jpg.rf.2fb7bd47296ae69f79ff5f44a291d51e.jpg,0.986602783203125,0.05988020502263199,0.05554584683219293,0.006967235939261373,0.0024888472373987705,0.0,0.0,0.0,0.0,0.0,0.0,0.0,0.0024888472373987705,0.0015728131847450564,0.0,0.05830739183788694,0.05305699959479416,0.0,0.0,0.0,0.0,0.0,0.0,0.0,0.0,0.0015728131847450564,0.0,0.05134015589862557,0.05305699959479416,GPAB4627,GPAB4627.JPG,2024-10-04 00:21:03.965,2024-10-04 12:21:03.965,7.170826442700001,171.13558768425,792635.4167187954,514970.30032103317,-1.7841088141004704,31.786416015625,-0.5207356666666668
data/train\GPAB6669_jpg.rf.d5ef3890575d20c081d625d5d84fbdb6.jpg,0.9350395202636719,0.16641861411921502,0.11873875361756635,0.04972701417068192,0.03680267627894293,0.0,0.0,0.0,0.0,0.11961349892361198,0.06955521457665592,0.04248419985289684,0.049183539040910426,0.0,0.0,0.004320915342706199,0.0,0.0,0.0,0.0,0.0,0.0744013611843533,0.03456924314846857,0.04248419985289684,0.04736683419015484,0.0,0.0,0.0,0.0,GPAB6669,GPAB6669.JPG,2024-10-04 01:29:12.000,2024-10-04 13:29:12.000,7.169295013,171.136342698,792466.1454664543,515053.7121823484,-1.8926867397628682,31.305931640625005,-0.14440000000000014
data/train\GPAB3208_jpg.rf.88ac674c1a1d170840701939258f0f75.jpg,0.3126382827758789,0.7177299639155559,0.039834998646113194,0.0015219224040420724,0.0,0.0,0.023484654989312938,0.7174860722495453,0.011910363091317265,0.002353458556660643,0.0016160223381721183,0.0,0.0,0.0,0.0028239582273108734,0.0,0.0,0.0,0.023484654989312938,0.7174860722495453,0.011910363091317265,0.0008315361526185707,0.0016160223381721183,0.0,0.0,0.0,0.0028239582273108734,0.0,0.0,GPAB3208,GPAB3208.JPG,2024-10-03 23:33:43.127,2024-10-04 11:33:43.127,7.18292720815,171.11913661727,793972.6233512487,513153.5800027163,-1.6661644212816213,32.43046670996094,-0.6505624333333335
data/train\GPAB6658_jpg.rf.f6047019a05b50a74f0bc478b9487e2e.jpg,0.988093376159668,0.12247394488048348,0.11393101514624858,0.030907027344672697,0.08111510342350924,0.021279067757713793,0.021666989935147863,0.0,0.0,0.08194375896589934,0.08067629046537218,0.005354094211317726,0.0,0.0,0.0,0.013897023945552625,0.011587734745728535,0.021279067757713793,0.021666989935147863,0.0,0.0,0.06704332245742939,0.008051305588575884,0.0,0.0,0.0,0.0,0.00324452732066761,0.0030976161990155997,GPAB6658,GPAB6658.JPG,2024-10-04 01:28:50.000,2024-10-04 13:28:50.000,7.169352921,171.136642627,792472.5569048367,515086.8257518125,-1.7350617072712096,31.271611328124997,-0.1476666666666668
data/train\GPAB6710_jpg.rf.9e215ac6bc82835890363fb4d212536b.jpg,0.8613910675048828,0.24653606620026386,0.3357677690441943,0.04266663850069999,0.021495113524849105,0.04790838891310735,0.04956281938765908,0.07433510714909847,0.1557862817659293,0.11816071116505321,0.1257376762693409,0.005066993391880136,0.0033395874582071465,0.0012194583300526383,0.0013414041630579023,0.0,0.0,0.04790838891310735,0.04956281938765908,0.07433510714909847,0.1557862817659293,0.0789978549055832,0.10745060233559878,0.0028124357863969903,0.0014729520301580688,0.0,0.0,0.0,0.0,GPAB6710,GPAB6710.JPG,2024-10-04 01:30:34.131,2024-10-04 13:30:34.131,7.169083018089999,171.13524108163,792442.6739542901,514932.08847297763,-4.707182664825742,31.271611328124997,-0.1334492000000001
data/train\GPAB6596_jpg.rf.2ff0ce0a9390ffcde484219f10b26580.jpg,0.9273414611816406,0.18717245061193763,0.17633751533924946,0.054005680563370545,0.07966423607176944,0.06144533658010113,0.06500096980544358,0.0,0.013474534445376909,0.10229719063686452,0.090854446605969,0.018539607430438063,0.004847106811106865,0.0005348332990860784,0.0021604576713530996,0.004548483550755392,0.0,0.03283703619774813,0.0,0.0,0.013474534445376909,0.08064076293922104,0.07619118033964314,0.014906197728926896,0.004847106811106865,0.0005348332990860784,0.0021604576713530996,0.004548483550755392,0.0,GPAB6596,GPAB6596.JPG,2024-10-04 01:26:45.903,2024-10-04 13:26:45.903,7.1696563614599995,171.13821500741,792506.1535042853,515260.4238040547,-3.3996716807427534,31.25915734472656,-0.16240970000000013
data/train\GPAB6692_jpg.rf.6ad73c56d9ae12964e6c6e531ac3da38.jpg,0.9645824432373047,0.1352369685994281,0.10122848424210185,0.0011003931072758454,0.0,0.0,0.0,0.0441549537854099,0.04021427899286185,0.08711733493623289,0.06101420524924,0.00396467987778531,0.0,0.0,0.0,0.0,0.0,0.0,0.0,0.0441549537854099,0.04021427899286185,0.08601694182895704,0.06101420524924,0.00396467987778531,0.0,0.0,0.0,0.0,0.0,GPAB6692,GPAB6692.JPG,2024-10-04 01:29:58.000,2024-10-04 13:29:58.000,7.169179128,171.135748624,792453.3152161486,514988.12363938347,-4.142362470757451,31.2930615234375,-0.1382666666666668
data/train\GPAB6726_jpg.rf.86e6d7ed436687c775be4fb138f7b9a2.jpg,0.811640739440918,0.29636582213576124,0.21393139922761237,0.029023108255252793,0.00814252491247746,0.0,0.0,0.2080703176160838,0.13894815477710798,0.07976217681953746,0.07036178544062774,0.008831950960491471,0.004621459009876652,0.0,0.0,0.0,0.0,0.0,0.0,0.2080703176160838,0.13894815477710798,0.05389909798491713,0.06481661075082146,0.005774663304674462,0.0020241087872054815,0.0,0.0,0.0,0.0,GPAB6726,GPAB6726.JPG,2024-10-04 01:31:06.163,2024-10-04 13:31:06.163,7.16899529134,171.13481892773,792432.9622609598,514885.4808480675,-4.774601687521754,31.228710937500004,-0.12897283333333345
data/train\GPAB6731_jpg.rf.9aff60cc937711da4f513b555afdcc79.jpg,0.9675884246826172,0.11346723689946478,0.09627191424231309,0.03942403158685136,0.028812823708574426,0.027836296841122824,0.028812823708574426,0.04438060158664012,0.044027246731947696,0.03801445298171965,0.02343184380179097,0.003235885489982198,0.0,0.0,0.0,0.0,0.0,0.0,0.0,0.04438060158664012,0.044027246731947696,0.026661007867906737,0.02343184380179097,0.003037123384217713,0.0,0.0,0.0,0.0,0.0,GPAB6731,GPAB6731.JPG,2024-10-04 01:31:16.173,2024-10-04 13:31:16.173,7.16896810566,171.13468763357997,792429.9526936309,514870.9853967354,-4.649392276889026,31.242323231445315,-0.1273045000000001
data/train\GPAB6286_jpg.rf.b9de6c3dd697e300894bf557002032ac.jpg,0.9554948806762695,0.1659164277360516,0.14500031686712514,0.048396172245128405,0.022837477891316498,0.006653249424358056,0.006189471177574258,0.03508775298959332,0.04070878374874933,0.11199236446248774,0.09676641899820058,0.0,0.0013356429426009606,0.012222429199401601,0.0,0.0,0.0,0.0,0.0,0.03508775298959332,0.04070878374874933,0.07027632733718311,0.08011841228445835,0.0,0.0013356429426009606,0.012222429199401601,0.0,0.0,0.0,GPAB6286,GPAB6286.JPG,2024-10-04 01:16:25.283,2024-10-04 13:16:25.283,7.169465885129999,171.13513194522002,792484.995452033,514920.0261446709,-5.384701594971069,31.43341873144531,-0.22231446666666677
data/train\GPAB3414_jpg.rf.79f5f83a7d2e3362e7ffb0a7840a4535.jpg,0.8570461273193359,0.8529525294638416,0.9966949798645345,0.0,0.0,0.0,0.0,0.8529525294638416,0.9966949798645345,0.0,0.0,0.0,0.0,0.0,0.0,0.0,0.0,0.0,0.0,0.8529525294638416,0.9966949798645345,0.0,0.0,0.0,0.0,0.0,0.0,0.0,0.0,GPAB3414,GPAB3414.JPG,2024-10-03 23:40:35.539,2024-10-04 11:40:35.539,7.18250852007,171.11917022070998,793926.3393397228,513157.302117723,-2.0790131098393303,32.45103744726562,-0.6318153666666668
data/train\GPAB3221_jpg.rf.8d374c772359fb68a5172ca00d2a6e6e.jpg,0.9367847442626953,0.2295644709375234,0.24478369497794414,0.04331285539528694,0.04149903115475982,0.0,0.0,0.0,0.0032666119990858865,0.2223447015015661,0.2298995819274355,0.003522026106010297,0.003366473153672874,0.003726549432231724,0.00825102789774986,0.0,0.0,0.0,0.0,0.0,0.0032666119990858865,0.17908849810743907,0.18840055077267567,0.003522026106010297,0.003366473153672874,0.003726549432231724,0.00825102789774986,0.0,0.0,GPAB3221,GPAB3221.JPG,2024-10-03 23:34:09.153,2024-10-04 11:34:09.153,7.18278753202,171.11936130038998,793957.1889411682,513178.39076874073,-1.6798612916345157,32.47282226562499,-0.6493898000000001
data/train\GPAB3264_jpg.rf.7edd339bc280e2edab14e6c55b7b5448.jpg,0.928706169128418,0.9276179465858048,0.9991963097462566,0.0,0.0,0.0,0.0,0.9276179465858048,0.9991963097462566,0.0,0.0,0.0,0.0,0.0,0.0,0.0,0.0,0.0,0.0,0.9276179465858048,0.9991963097462566,0.0,0.0,0.0,0.0,0.0,0.0,0.0,0.0,GPAB3264,GPAB3264.JPG,2024-10-03 23:35:35.239,2024-10-04 11:35:35.239,7.182453370599999,171.11913733616,793920.2417523711,513153.6729922647,-2.0225542476674394,32.463216868164054,-0.6436507333333334
data/train\GPAB3676_jpg.rf.cf29c1b5e8ed14be8d55b94129a9427f.jpg,0.8631687164306641,0.5781557565154603,0.5254463505549015,0.16578968088599888,0.17806300086610347,0.0,0.0,0.0,0.0,0.572013335304951,0.5217572490556399,0.002681848122706314,0.0,0.003665096414024347,0.0036891014992616036,0.0,0.0,0.0,0.0,0.0,0.0,0.40733364956032286,0.3436942481895365,0.002681848122706314,0.0,0.003665096414024347,0.0036891014992616036,0.0,0.0,GPAB3676,GPAB3676.JPG,2024-10-03 23:49:20.000,2024-10-04 11:49:20.000,7.181872391,171.119543633,793856.0275155021,513198.54808750324,-1.7041007584351475,31.7992861328125,-0.6196666666666668
data/train\GPAB6724_jpg.rf.abb977d8b1d48600b80c49827e043ca3.jpg,0.9388322830200195,0.12934612068220533,0.15906537640933854,0.01683428617518335,0.007474223339472234,0.0,0.0,0.08028644788111913,0.10134658926146915,0.03311549518650031,0.03573108927395179,0.015944177614585876,0.021987697873917612,0.0,0.0,0.0,0.0,0.0,0.0,0.08028644788111913,0.10134658926146915,0.016281209011316956,0.02966740474302076,0.015944177614585876,0.02057715906537641,0.0,0.0,0.0,0.0,GPAB6724,GPAB6724.JPG,2024-10-04 01:31:02.159,2024-10-04 13:31:02.159,7.16900642149,171.13487374687,792434.1944504175,514891.5331287893,-6.065637027945872,31.23231886035157,-0.12964016666666678
data/train\GPAB7022_jpg.rf.dbd4d6ab4c43310a5cc493f0528c7535.jpg,0.9592123031616211,0.6826374099089151,0.6997184683603375,0.5526162662298382,0.5827359267787288,0.003045765214903125,0.003088974368330187,0.0,0.0,0.6758132442776678,0.6929087057802324,0.0,0.0,0.003781281026572669,0.0037207882117747822,0.0,0.0,0.003045765214903125,0.0,0.0,0.0,0.12319697804782966,0.11326175336983386,0.0,0.0,0.003781281026572669,0.0037207882117747822,0.0,0.0,GPAB7022,GPAB7022.JPG,2024-10-04 01:40:58.755,2024-10-04 13:40:58.755,7.16933294775,171.13791411699998,792470.3908877452,515227.2129435688,-1.8893125268812017,31.16759933105469,-0.050186750000000044
data/train\GPAB2991_jpg.rf.349d021fabfa3966b9f88f23b1096169.jpg,0.8683147430419922,0.41065115234011174,0.30028153163966254,0.19030751474392335,0.13914595667946297,0.0,0.0,0.0,0.0,0.39834326503726547,0.27265839995544655,0.012307887302846234,0.0065514678629520874,0.0,0.010288579532688205,0.0,0.010783084288575691,0.0,0.0,0.0,0.0,0.20803767070016113,0.13351244327598358,0.012307887302846234,0.0065514678629520874,0.0,0.010288579532688205,0.0,0.010783084288575691,GPAB2991,GPAB2991.JPG,2024-10-03 23:26:28.693,2024-10-04 11:26:28.693,7.1816533577,171.11948583327998,793831.8122391552,513192.1728520808,-1.8373921594233966,31.510536473632804,-0.6604782166666667
data/train\GPAB6683_jpg.rf.a8e659241e83b43452b24e4ddccbe5bd.jpg,0.9962301254272461,0.04439308423096349,0.044086779343336095,0.0,0.0,0.0,0.0,0.0,0.0,0.01517409448017468,0.01545927489279329,0.0,0.0,0.0,0.0,0.029218989750788807,0.028627504450542803,0.0,0.0,0.0,0.0,0.01517409448017468,0.01545927489279329,0.0,0.0,0.0,0.0,0.029218989750788807,0.028627504450542803,GPAB6683,GPAB6683.JPG,2024-10-04 01:29:40.000,2024-10-04 13:29:40.000,7.169228426,171.135987579,792458.7728015991,515014.5053027857,-1.9074213503019746,31.3445419921875,-0.1406666666666668
data/train\GPAB6469_jpg.rf.804de9a3f3b0bcff6cafd0268423db33.jpg,0.9361810684204102,0.13610883329524526,0.176532436631376,0.006367108808329957,0.0,0.09727532680523042,0.12333908815243422,0.0029113367375744876,0.012310767913074706,0.03251344764874991,0.03746905744512918,0.0035834791242176744,0.003413523120737897,0.0,0.0,0.0,0.0,0.09653500997651343,0.12333908815243422,0.0029113367375744876,0.012310767913074706,0.02814932315261665,0.03746905744512918,0.0023448167259752305,0.003413523120737897,0.0,0.0,0.0,0.0,GPAB6469,GPAB6469.JPG,2024-10-04 01:22:31.649,2024-10-04 13:22:31.649,7.16936857664,171.13576585459,792474.2588783926,514990.0198938942,-4.47350256348325,31.185810546874997,-0.18789006666666674
data/train\GPAB5646_jpg.rf.dc801d7415daa5132f4b66050114462c.jpg,0.9101476669311523,0.31379639462823805,0.2498074792163972,0.03398255886527002,0.014582609179928676,0.06891859971616388,0.0718558619457946,0.010427809027064293,0.05620646677792224,0.14593939580160661,0.09019766747387767,0.04516796838242213,0.013214319321405047,0.026039756261966536,0.012947382773566753,0.01769654883690561,0.005385780923830905,0.06891859971616388,0.0718558619457946,0.010427809027064293,0.05620646677792224,0.13269915098814533,0.07716194598663781,0.03361192034920678,0.013214319321405047,0.026039756261966536,0.012947382773566753,0.008532367496730508,0.003838893231142085,GPAB5646,GPAB5646.JPG,2024-10-04 00:55:04.000,2024-10-04 12:55:04.000,7.171688183,171.137206679,792730.7332066474,515149.02614958794,-1.9212744834942654,32.511432617187495,-0.36460000000000015
data/train\GPAB3028_jpg.rf.6408fbaff7ee716237710768afc67aaf.jpg,0.8494682312011719,0.30205406713358157,0.1798547404282123,0.004134635881265087,0.007340755065553086,0.0,0.02029101844934831,0.0,0.0,0.15329263351148306,0.15374104850371503,0.0,0.003503782241229982,0.0,0.0023188912339189936,0.16499751307316943,0.0,0.0,0.02029101844934831,0.0,0.0,0.1491656792574939,0.14990407567939193,0.0,0.0,0.0,0.0023188912339189936,0.16499751307316943,0.0,GPAB3028,GPAB3028.JPG,2024-10-03 23:27:42.767,2024-10-04 11:27:42.767,7.1815659492799995,171.11942598263,793822.1477232475,513185.56737962645,-1.651433834089425,31.570914483398433,-0.661
data/train\GPAB3026_jpg.rf.1228d6183b1611e5f8290b88f82e5802.jpg,0.9475688934326172,0.10700698836041427,0.13882428853728374,0.0,0.02061460699834653,0.0,0.014539400026501614,0.0,0.0,0.09122220451180378,0.10736706463897312,0.015948018428223836,0.005210063699894185,0.0,0.011707760171914819,0.0,0.0,0.0,0.0,0.0,0.0,0.09122220451180378,0.1012918576671282,0.015948018428223836,0.005210063699894185,0.0,0.011707760171914819,0.0,0.0,GPAB3026,GPAB3026.JPG,2024-10-03 23:27:38.763,2024-10-04 11:27:38.763,7.1815961039600005,171.11938063974998,793825.4799473536,513180.56029382243,-1.6508744381882519,31.553737166992185,-0.661
data/train\GPAB6735_jpg.rf.20b7c5c450a55f6155703cf2bbbe373f.jpg,0.9672918319702148,0.13940713200684432,0.12796246756912985,0.10099995583064317,0.033902861982282324,0.03149083101764278,0.030549831676342315,0.0,0.0,0.10639917960220693,0.09614516739226038,0.0,0.0012674685005271517,0.0,0.0,0.0016621121018276512,0.0,0.0,0.0,0.0,0.0,0.03717331479500617,0.09279213708632036,0.0,0.0012674685005271517,0.0,0.0,0.0016621121018276512,0.0,GPAB6735,GPAB6735.JPG,2024-10-04 01:31:24.181,2024-10-04 13:31:24.181,7.16894498778,171.13458193565,792427.3936444817,514859.31591934856,-1.8501491178682958,31.271611328124997,-0.12596983333333345
data/train\GPAB3023_jpg.rf.2d06d6161234dba9738fbea660799947.jpg,0.8738727569580078,0.2882012125448655,0.23552637390704848,0.01055935689416446,0.0014105388085412015,0.0,0.0,0.22546824319263792,0.16268630346652635,0.0,0.008562133802424706,0.06003095695792197,0.04082592856470715,0.002891172465975192,0.023452008073390266,0.0,0.0,0.0,0.0,0.22546824319263792,0.16268630346652635,0.0,0.008562133802424706,0.049471600063757504,0.039415389756165944,0.002891172465975192,0.023452008073390266,0.0,0.0,GPAB3023,GPAB3023.JPG,2024-10-03 23:27:32.757,2024-10-04 11:27:32.757,7.18164363371,171.11931476459,793830.7323545158,513173.28578060964,-2.4121166927391693,31.530056151367187,-0.661
data/train\GPAB2751_jpg.rf.4de6e0d105f7e4cb8e7340d64f41d244.jpg,0.9471950531005859,0.13124732343299605,0.09399143114477371,0.05309540773117377,0.05523090011388013,0.052076631913704596,0.051891312655672976,0.06982791234495116,0.034078579206219047,0.004116392016484772,0.0,0.004477428498453112,0.004602254941686847,0.0007489586594024078,0.0034192843411948387,0.0,0.0,0.0,0.0,0.06982791234495116,0.034078579206219047,0.0030976161990155997,0.0,0.004477428498453112,0.0012626674834797004,0.0007489586594024078,0.0034192843411948387,0.0,0.0,GPAB2751,,,,,,,,,,
data/train\GPAB6744_jpg.rf.a8dbeb68f8cee29da713eb411b6cabde.jpg,0.9609127044677734,0.27635326267516513,0.28699615726595523,0.19647874205671728,0.2437879640423027,0.0,0.0,0.0,0.0,0.26237942245685325,0.27862030292497164,0.0,0.0,0.0031148998603864244,0.0023697820146219776,0.010908870935218917,0.006006072326361617,0.0,0.0,0.0,0.0,0.06631548827303577,0.03483233888266891,0.0,0.0,0.0031148998603864244,0.0023697820146219776,0.010908870935218917,0.006006072326361617,GPAB6744,GPAB6744.JPG,2024-10-04 01:31:42.199,2024-10-04 13:31:42.199,7.16890342456,171.13436713468002,792422.7919825062,514835.600847962,-1.9434682010566897,31.232147258789066,-0.12296683333333344
data/train\GPAB2952_jpg.rf.4c5df035af0e0688e303e300b81967a9.jpg,0.9804210662841797,0.16322881839288836,0.16263925349946132,0.055596737612895915,0.12875367517854983,0.052992665966358314,0.05039339533686816,0.0,0.0,0.10704251588656541,0.10931627756023836,0.003193636539964626,0.002929580602354803,0.0,0.0,0.0,0.0,0.020556034590367624,0.0014854346744814422,0.0,0.0,0.08815627502530136,0.03240014364643006,0.0,0.0,0.0,0.0,0.0,0.0,GPAB2952,GPAB2952.JPG,2024-10-03 23:25:10.615,2024-10-04 11:25:10.615,7.18165717875,171.1196474574,793832.2393025958,513210.017337189,-1.933986998466123,31.443212890625,-0.6608230833333334
data/train\GPAB7095_jpg.rf.da1a17f02f4eb3d1397d87151efeb1a6.jpg,0.9508686065673828,0.47647021545044105,0.46496505819792866,0.2781978134247959,0.15724002972789755,0.001734127357539421,0.0,0.0,0.0,0.40823624076524373,0.42668558907518966,0.052358931716094737,0.014535559212863654,0.0,0.016252402909032248,0.014480827618522709,0.007491507000843059,0.001734127357539421,0.0,0.0,0.0,0.15027471419545516,0.26944555934729214,0.03968424671082322,0.014535559212863654,0.0,0.016252402909032248,0.007123749095008286,0.007491507000843059,GPAB7095,GPAB7095.JPG,2024-10-04 01:43:24.901,2024-10-04 13:43:24.901,7.16886371902,171.13599963206,792418.4557005992,515015.84803695057,-1.8013337541251049,31.220555573242194,-0.029189766666666804
data/train\GPAB3067_jpg.rf.85e7f8fb577eac71eb9aab2339aeb922.jpg,0.7148971557617188,0.5783814043166905,0.3559867722378309,0.05930504318034732,0.0011589655152547515,0.034107385308503754,0.03185090729620163,0.34311620573702334,0.27151191708451516,0.11359206334269852,0.03766685934748417,0.07140072552969622,0.004277706189279137,0.016769952546747503,0.010679382320350744,0.0,0.0,0.034107385308503754,0.03185090729620163,0.34311620573702334,0.27151191708451516,0.11359206334269852,0.03766685934748417,0.012095682349348887,0.0031187406740243854,0.016769952546747503,0.010679382320350744,0.0,0.0,GPAB3067,GPAB3067.JPG,2024-10-03 23:29:00.845,2024-10-04 11:29:00.845,7.182187386700001,171.12014592600002,793890.8669340626,513265.0368910774,-2.1882824372899274,31.562669028320304,-0.6619577500000001
data/train\GPAB2989_jpg.rf.4f541ca61fc23dd272943a2aa4022b0e.jpg,0.682093620300293,0.7168830645083855,0.41564132945923266,0.27429074575158,0.016439642573882852,0.1109102152199922,0.03768798382249296,0.0,0.016439642573882852,0.6061351236645971,0.36151370306285685,0.0,0.0,0.0,0.0,0.0,0.0,0.1109102152199922,0.03768798382249296,0.0,0.0,0.3336697245944581,0.36151370306285685,0.0,0.0,0.0,0.0,0.0,0.0,GPAB2989,GPAB2989.JPG,2024-10-03 23:26:24.689,2024-10-04 11:26:24.689,7.18162410047,171.11952957446,793828.579181038,513197.0030716784,-1.8704190997280674,31.493359157226553,-0.6604114833333334
data/train\GPAB6690_jpg.rf.637f5097d9a3bab3fa7b446bc3a42681.jpg,0.9306983947753906,0.2496672895186116,0.244501395175554,0.04816764383366973,0.08303455003908028,0.013237364203232812,0.015954739852090265,0.0,0.009853607388189113,0.2307003915709504,0.21213485864845608,0.0029122969409839782,0.005464517603409106,0.0,0.0,0.002822037820491893,0.0010936716834094135,0.013237364203232812,0.0,0.0,0.009853607388189113,0.18398073447879199,0.14776090166940964,0.0029122969409839782,0.0027586643954655354,0.0,0.0,0.002822037820491893,0.0010936716834094135,GPAB6690,GPAB6690.JPG,2024-10-04 01:29:54.000,2024-10-04 13:29:54.000,7.169189223,171.135805456,792454.4330503186,514994.3981912784,-2.1617272627344906,31.310221679687505,-0.13880000000000012
data/train\GPAB3031_jpg.rf.fb95fce5eff83312342fb3c822f020f4.jpg,0.9062414169311523,0.17866600860726337,0.2534764164440595,0.06602262623314123,0.09732909819616188,0.0,0.0,0.0,0.0,0.17647290401998758,0.25190360325931443,0.00154976830291729,0.0015728131847450564,0.0006462168945869494,0.0,0.0,0.0,0.0,0.0,0.0,0.0,0.11045411860048433,0.15457450506315257,0.00154976830291729,0.0015728131847450564,0.0006462168945869494,0.0,0.0,0.0,GPAB3031,GPAB3031.JPG,2024-10-03 23:27:48.773,2024-10-04 11:27:48.773,7.18152035736,171.11949011228,793817.1094900925,513192.6491211966,-1.652272927941184,31.59668045800781,-0.661
data/train\GPAB3154_jpg.rf.e44dadb333cb93a8771cdb05af5993c6.jpg,0.9069538116455078,0.1869775293198111,0.13122619895798726,0.0025368574078732838,0.02281251260266975,0.020823931341615406,0.02439780843173818,0.12062171250357676,0.06401580110730658,0.042105879709557675,0.03978122725518174,0.0005146690274867827,0.0,0.0029113367375744876,0.003031362163760771,0.0,0.0,0.020823931341615406,0.023068886913003652,0.12062171250357676,0.06401580110730658,0.03960551003124502,0.018297636171246516,0.0005146690274867827,0.0,0.0029113367375744876,0.003031362163760771,0.0,0.0,GPAB3154,GPAB3154.JPG,2024-10-03 23:31:55.000,2024-10-04 11:31:55.000,7.182295179,171.120088121,793902.7814450376,513258.6516415335,-3.526171875,32.129619140625,-0.6570833333333334
data/train\GPAB3205_jpg.rf.b2dcf1145d64430a21b33c0963363d7a.jpg,0.7240514755249023,0.5118892386163085,0.26115804371998164,0.004774131351985605,0.002782669480702792,0.0,0.0,0.49181522613750495,0.2491948694411424,0.013103895929313665,0.01077732306811875,0.006579313761827306,0.001185851210720479,0.0004176884831282659,0.0,0.0,0.0,0.0,0.0,0.49181522613750495,0.2491948694411424,0.008350889052336847,0.007994653587415959,0.006579313761827306,0.001185851210720479,0.0004176884831282659,0.0,0.0,0.0,GPAB3205,GPAB3205.JPG,2024-10-03 23:33:37.121,2024-10-04 11:33:37.121,7.18291238176,171.1191378104,793970.9843631607,513153.7121595843,-1.9111520310986594,32.429921875,-0.6507626333333334
data/train\GPAB6654_jpg.rf.c041357eb333cbca4f87f2517eb356e9.jpg,0.9460592269897461,0.5225359740207366,0.5421039593027387,0.07887590907257794,0.15856991145004157,0.3156543882256017,0.3306374022272878,0.0,0.0,0.19275507323471405,0.20621808523917706,0.004294029647240472,0.0029603071114584914,0.0029574265012300206,0.0,0.006887539056273681,0.002288164724815305,0.3156543882256017,0.3306374022272878,0.0,0.0,0.11713233331348913,0.05060848090059398,0.004294029647240472,0.0,0.0029574265012300206,0.0,0.006887539056273681,0.002288164724815305,GPAB6654,GPAB6654.JPG,2024-10-04 01:28:42.000,2024-10-04 13:28:42.000,7.16937377,171.136746127,792474.8651151975,515098.25260727387,-1.8815804031126966,31.271611328124997,-0.14900000000000013
data/train\GPAB6415_jpg.rf.0bf2e3c5d4735b766e74bcec33713a76.jpg,0.9527368545532227,0.3240580884654605,0.3295648550188872,0.21827727985896533,0.12864805280350589,0.05988692644649843,0.05698231113279037,0.0,0.0010543033436203125,0.2507744040497539,0.2654155856376615,0.0,0.0,0.012662202360948144,0.006112654904815036,0.0007950484230579406,0.0,0.006616761694797426,0.05698231113279037,0.0,0.0010543033436203125,0.09762580104969437,0.13676753283415558,0.0,0.0,0.0019328894633039062,0.006112654904815036,0.0007950484230579406,0.0,GPAB6415,GPAB6415.JPG,2024-10-04 01:20:43.541,2024-10-04 13:20:43.541,7.169084826520001,171.13439770222,792442.8465272264,514838.96997430245,-1.85755426732758,31.140589245117187,-0.1991945333333334
data/train\GPAB6737_jpg.rf.b1b33630159b660adb00a54e0dd9619a.jpg,0.95611572265625,0.33292268634187466,0.36849822266348903,0.1441524572565452,0.24434776263003555,0.0,0.0,0.0,0.024594650130683685,0.3274226412123144,0.33166289946862343,0.0,0.0013615684346571979,0.0,0.0022036668247801612,0.005500045129560246,0.008675437804744557,0.0,0.0,0.0,0.024594650130683685,0.18810000710550523,0.08731513683858788,0.0,0.0013615684346571979,0.0,0.0022036668247801612,0.005500045129560246,0.008675437804744557,GPAB6737,GPAB6737.JPG,2024-10-04 01:31:28.185,2024-10-04 13:31:28.185,7.1689391439,171.13452796425,792426.7458709519,514853.35706579685,-1.7868160917945692,31.271611328124997,-0.12530250000000012
data/train\GPAB6686_jpg.rf.e32547c5fea709267189bd2183dcaa64.jpg,0.9927597045898438,0.07440616220140074,0.07798388010516148,0.03783681535096395,0.053812679678063004,0.0,0.0,0.0,0.0,0.05472775352730722,0.05938570026674451,0.0,0.0,0.006734866714164729,0.006349825146959131,0.012943541959928792,0.012248354691457838,0.0,0.0,0.0,0.0,0.0191080478488563,0.005573020588681506,0.0,0.0,0.006734866714164729,0.006349825146959131,0.012943541959928792,0.012248354691457838,GPAB6686,GPAB6686.JPG,2024-10-04 01:29:46.000,2024-10-04 13:29:46.000,7.169210696,171.135913342,792456.8103647573,515006.3092971581,-1.876750261864947,31.3445419921875,-0.1398666666666668
data/train\GPAB6679_jpg.rf.2ea0641fa4b8b5262fa83d8b36690699.jpg,0.9478530883789062,0.127700332038339,0.17918643885520708,0.127700332038339,0.025179414007063257,0.0,0.0,0.0,0.0,0.127700332038339,0.1607092446463859,0.0,0.012439435169946401,0.0,0.0,0.0,0.006037759038874795,0.0,0.0,0.0,0.0,0.0,0.14493118222164184,0.0,0.003038083587627203,0.0,0.0,0.0,0.006037759038874795,GPAB6679,GPAB6679.JPG,2024-10-04 01:29:32.000,2024-10-04 13:29:32.000,7.16924275,171.13608002,792460.3593102391,515024.7113422863,-1.9534847085259996,31.314511718750005,-0.14173333333333346
data/train\GPAB6738_jpg.rf.7f615b6ddeadc841aab14743084008fa.jpg,0.8519420623779297,0.21831472779193545,0.20562659993893107,0.014808256981158889,0.05517712872294867,0.06556845002045233,0.009708616673356084,0.008915488657117124,0.02896933686432134,0.12723175277450774,0.12141772113004419,0.0,0.0,0.0,0.003628608684463717,0.017466100018627945,0.04190231658674574,0.06556845002045233,0.00868600004224895,0.008915488657117124,0.0,0.11453114227718,0.09623254590252399,0.0,0.0,0.0,0.003628608684463717,0.017466100018627945,0.04190231658674574,GPAB6738,GPAB6738.JPG,2024-10-04 01:31:30.187,2024-10-04 13:31:30.187,7.1689292051199995,171.13450362028,792425.6463748636,514850.6695425962,-1.7343474034941393,31.271611328124997,-0.12496883333333345
data/train\GPAB3036_jpg.rf.73115f2d96e2a173cce8abbe17c95bd0.jpg,0.826725959777832,0.39805808462464687,0.24477985416430617,0.046712935668291974,0.020739433441580264,0.0,0.0,0.367814557835932,0.2150942055565051,0.009564586161932544,0.0,0.006531303591352792,0.004148078728997951,0.014175482934304803,0.025537569878803127,0.0,0.0,0.0,0.0,0.32146073824278937,0.19435477211492483,0.009564586161932544,0.0,0.006531303591352792,0.004148078728997951,0.014175482934304803,0.025537569878803127,0.0,0.0,GPAB3036,GPAB3036.JPG,2024-10-03 23:27:58.783,2024-10-04 11:27:58.783,7.18145090131,171.119602255,793809.4345179967,513205.0325815873,-9.191130577745062,31.590005157226557,-0.661
data/train\GPAB6676_jpg.rf.6abe3e26a544322581b09d5a7e1da98c.jpg,0.9829912185668945,0.23226072211137208,0.22991686558880634,0.0944945777313466,0.08912800087570551,0.0,0.0,0.0,0.0,0.12311632096143248,0.12248546732139737,0.0037524749242879613,0.0,0.09148241963577564,0.09294000841138186,0.01395367594671255,0.0144913898560271,0.0,0.0,0.0,0.0,0.12010224245904252,0.12248546732139737,0.0037524749242879613,0.0,0.0,0.0038120075356763575,0.01395367594671255,0.0144913898560271,GPAB6676,GPAB6676.JPG,2024-10-04 01:29:26.000,2024-10-04 13:29:26.000,7.169253828,171.136146158,792461.5861219944,515032.013345638,-1.946981789004203,31.314511718750005,-0.14253333333333346
data/train\GPAB6733_jpg.rf.56e37896c6d5df8d33caeaff2d89cdf2.jpg,0.9608325958251953,0.0931829398739829,0.11710352721120443,0.0202132419731796,0.04025364733265095,0.0,0.003984844149384606,0.0,0.0021220495349734887,0.08455455203630337,0.10839352208371822,0.005354094211317726,0.0026031114431281123,0.0,0.0,0.0032742936263618085,0.0,0.0,0.0,0.0,0.0010898308697714523,0.06492415353268437,0.0731569375656539,0.005354094211317726,0.0026031114431281123,0.0,0.0,0.0032742936263618085,0.0,GPAB6733,GPAB6733.JPG,2024-10-04 01:31:20.177,2024-10-04 13:31:20.177,7.16895696415,171.13463376235,792428.7192815159,514865.0377752315,-2.1211390371408827,31.25950054785156,-0.1266371666666668
data/train\GPAB6682_jpg.rf.eb22232a2c018cc5851106de08352de7.jpg,0.9894685745239258,0.04016050760193039,0.03667208861525226,0.02904711334049005,0.010815731204498361,0.005634473606888883,0.0,0.0,0.0,0.02216437530126382,0.022083718214866637,0.0,0.0015142407767661501,0.0,0.0,0.01236165869377769,0.013074129623619467,0.0,0.0,0.0,0.0,0.0,0.012782227787134427,0.0,0.0,0.0,0.0,0.011463868505904291,0.013074129623619467,GPAB6682,GPAB6682.JPG,2024-10-04 01:29:38.000,2024-10-04 13:29:38.000,7.169234161,171.136014061,792459.4076584702,515017.4290206617,-1.9176450464476502,31.3359619140625,-0.14093333333333347
data/train\GPAB6942_jpg.rf.ad7a548a4c1e9f9e656996478eed1274.jpg,0.7306156158447266,0.24086606506722383,0.43342909762003984,0.01607380507486706,0.22984581053650405,0.010133986783760271,0.009698054435851691,0.0,0.0,0.20846496121738428,0.4152802929772643,0.010227126514480827,0.008450750206923834,0.0,0.0,0.012407748457433223,0.0,0.010133986783760271,0.009698054435851691,0.0,0.0,0.20846496121738428,0.18655215920940693,0.006623483118663858,0.007333073438277164,0.0,0.0,0.0,0.0,GPAB6942,GPAB6942.JPG,2024-10-04 01:38:18.595,2024-10-04 13:38:18.595,7.16915590665,171.13672765685,792450.7802281115,515096.2204717725,-1.7035846264442662,31.142910156250004,-0.07145041666666681
data/train\GPAB3078_jpg.rf.2174b632f18eb5e71d5a552bdede8009.jpg,0.8798894882202148,0.5557494099550049,0.5017350875609489,0.0363321766082927,0.0,0.02055123357332017,0.0,0.5029939142307907,0.48215557983803287,0.03211784384403992,0.01957950772291602,0.00019012027507907275,0.0,0.0,0.0,0.0,0.0,0.0,0.0,0.4991694240507909,0.48215557983803287,0.020273734787977483,0.01957950772291602,0.00019012027507907275,0.0,0.0,0.0,0.0,0.0,GPAB3078,GPAB3078.JPG,2024-10-03 23:29:22.867,2024-10-04 11:29:22.867,7.18212274645,171.12045121957,793883.7299554158,513298.7455824094,-4.204579762379488,31.699474083984374,-0.6608566500000002
data/train\GPAB6717_jpg.rf.d75823f43240ef0ce9f9964a1c4519d3.jpg,0.981328010559082,0.04168723102301992,0.04012305966896027,0.0019040833610191983,0.0,0.0,0.0,0.029315010091737835,0.022655999446922835,0.005310885057890663,0.012205145538030777,0.007061335873391419,0.00526191468400666,0.0,0.0,0.0,0.0,0.0,0.0,0.029315010091737835,0.022655999446922835,0.005310885057890663,0.012205145538030777,0.005157252512372221,0.00526191468400666,0.0,0.0,0.0,0.0,GPAB6717,GPAB6717.JPG,2024-10-04 01:30:48.145,2024-10-04 13:30:48.145,7.1690417472000005,171.1350614461,792438.1057164291,514912.2560601711,-6.176634580516761,31.271611328124997,-0.1315806666666668
data/train\GPAB3197_jpg.rf.3dc14b4a19e5446b09d9de6a624b0993.jpg,0.890223503112793,0.20145451612469586,0.21708374702096891,0.010530550791879752,0.008891483571879867,0.0,0.0,0.14964194014860108,0.17409255976786123,0.040243085095146555,0.03482081644175502,0.011756730545798823,0.008170370811352677,0.0,0.0,0.0,0.0,0.0,0.0,0.14403339203376844,0.16725399108547154,0.03534028648628926,0.033752110046992356,0.011756730545798823,0.0071861623166251535,0.0,0.0,0.0,0.0,GPAB3197,GPAB3197.JPG,2024-10-03 23:33:21.105,2024-10-04 11:33:21.105,7.18281844515,171.11920238335,793960.6017472934,513160.8442113252,-2.6103847825225492,32.40553300292969,-0.6512965000000002
data/train\GPAB3278_jpg.rf.67e2d52633a3ffb9fbefaa6b690632d9.jpg,0.3846321105957031,0.7382936801331994,0.1324571797289538,0.0,0.013058766369067623,0.0,0.0,0.7382936801331994,0.13096310322378693,0.0,0.0,0.0,0.0,0.0015257632176800334,0.0014940765051668545,0.0,0.0,0.0,0.0,0.7382936801331994,0.11790433685471931,0.0,0.0,0.0,0.0,0.0015257632176800334,0.0014940765051668545,0.0,0.0,GPAB3278,GPAB3278.JPG,2024-10-03 23:36:03.267,2024-10-04 11:36:03.267,7.18249938968,171.11906971145999,793925.3271121432,513146.2053759038,-4.263808955096497,32.387021484375005,-0.6418366500000001
data/train\GPAB2988_jpg.rf.83afaab24b357370faadb37c4a8f2e80.jpg,0.9657402038574219,0.1740839179371758,0.1493740433973533,0.01672482298650146,0.009726860538136399,0.0054539553659047136,0.004460144837082287,0.0,0.0,0.1544525592301473,0.1396471828592169,0.014189885985447157,0.0,0.0,0.0,0.0,0.005266715701054111,0.0,0.0,0.0,0.0,0.14318169160955058,0.1396471828592169,0.014189885985447157,0.0,0.0,0.0,0.0,0.0,GPAB2988,GPAB2988.JPG,2024-10-03 23:26:22.687,2024-10-04 11:26:22.687,7.181609474519999,171.11955204547002,793826.9629640498,513199.4844728102,-1.8869325698804025,31.48611328124999,-0.6603781166666668
data/train\GPAB6745_jpg.rf.2153b608d7e2146d34b9d9fc3febb368.jpg,0.9496936798095703,0.38336217144239837,0.3918522899891113,0.12878728229788197,0.1494220535678278,0.06938045755612869,0.08705108090097806,0.0,0.0,0.30096999748426706,0.29377039231990904,0.0019501731246747312,0.0,0.0,0.0,0.011074025921651243,0.011030816768224181,0.0,0.0,0.0,0.0,0.24360552539449956,0.2313994196530593,0.0,0.0,0.0,0.0,0.011074025921651243,0.011030816768224181,GPAB6745,GPAB6745.JPG,2024-10-04 01:31:44.201,2024-10-04 13:31:44.201,7.16889801106,171.13434034792,792422.1926674303,514832.64346658945,-1.7142084496488925,31.223558600585942,-0.12263316666666677
data/train\GPAB3097_jpg.rf.1d99e8ef816fb9dcb878d24c738e0e5f.jpg,0.6128463745117188,0.595198406830503,0.9846108199560994,0.0,0.9795121398517062,0.0,0.0,0.0,0.0,0.595198406830503,0.9795121398517062,0.0,0.0,0.0,0.0,0.0,0.005098680104393315,0.0,0.0,0.0,0.0,0.595198406830503,0.0,0.0,0.0,0.0,0.0,0.0,0.005098680104393315,GPAB3097,GPAB3097.JPG,2024-10-03 23:30:00.905,2024-10-04 11:30:00.905,7.1819479649,171.1209451833,793864.4226317973,513353.2881739402,-1.8466938043185603,31.854241533203126,-0.6589849166666667
data/train\GPAB3142_jpg.rf.13d3a59829dbccf728469ca35f2de966.jpg,0.7931585311889648,0.4829880761940609,0.3207261826345293,0.01077828327152824,0.0017936599689278177,0.010767721034023847,0.009926582847310374,0.37883673277347074,0.2492063918820563,0.07356694442150626,0.045206376518801744,0.006403596537890586,0.00439773161546542,0.015517847300772195,0.011989099770895467,0.0,0.0,0.010767721034023847,0.009926582847310374,0.37883673277347074,0.2492063918820563,0.06668804719591798,0.04341271654987393,0.003323264000245812,0.00439773161546542,0.01470167440270547,0.011989099770895467,0.0,0.0,GPAB3142,GPAB3142.JPG,2024-10-03 23:31:30.995,2024-10-04 11:31:30.995,7.182161020200001,171.12039186505,793887.9593059864,513292.19126373314,-2.4418031363051345,32.052419887695315,-0.6574834166666668
data/train\GPAB3222_jpg.rf.ef789681cc6f68d058b4fab3aa2fddd8.jpg,0.7976665496826172,0.7322002292965741,0.5297067730828099,0.0,0.0,0.0,0.0,0.0,0.0,0.7322002292965741,0.5284354637686447,0.0,0.0,0.0,0.0012713093141651127,0.0,0.0,0.0,0.0,0.0,0.0,0.7322002292965741,0.5284354637686447,0.0,0.0,0.0,0.0012713093141651127,0.0,0.0,GPAB3222,GPAB3222.JPG,2024-10-03 23:34:11.155,2024-10-04 11:34:11.155,7.18277562025,171.11937817575,793955.8726085277,513180.2542818626,-1.893687892520337,32.47282226562499,-0.6492563333333334
data/train\GPAB3093_jpg.rf.58bff31c4e825166db93db59fa417a42.jpg,0.49237823486328125,0.7421210509234276,0.29491399458061196,0.6105578205687093,0.05738079554772883,0.6087545585656866,0.08721143487036294,0.0,0.015790545069067432,0.16537679341991807,0.16345830700775651,0.0,0.023946512829277754,0.0019252078360279842,0.00450719480414731,0.0,0.0,0.0,0.05180489434881885,0.0,0.015790545069067432,0.16357353141689535,0.15564129105109625,0.0,0.009789273759753267,0.0019252078360279842,0.00450719480414731,0.0,0.0,GPAB3093,GPAB3093.JPG,2024-10-03 23:29:52.897,2024-10-04 11:29:52.897,7.18196284038,171.1209099686,793866.0660550382,513349.399757903,-1.6814162040320757,31.786416015625,-0.65935515
data/train\GPAB6727_jpg.rf.e012109ba11f86741fe0f7d1129d77e2.jpg,0.9039783477783203,0.17816766303773793,0.1817492217551366,0.02652273857694014,0.017182840012828316,0.015457354485974309,0.01593649598730995,0.10633004495672363,0.126268668754789,0.043492413432861615,0.03816808552723809,0.011566610270719748,0.0,0.0014335836903689677,0.0013759714857995518,0.0,0.0,0.00371310658449886,0.0,0.10633004495672363,0.126268668754789,0.03258738331128066,0.03692174150171972,0.007718115005482761,0.0,0.0014335836903689677,0.0013759714857995518,0.0,0.0,GPAB6727,GPAB6727.JPG,2024-10-04 01:31:08.165,2024-10-04 13:31:08.165,7.1689874498,171.1347928018,792432.0945502974,514882.5965096066,-5.287109374999999,31.228710937500004,-0.12863916666666678
data/train\GPAB4410_jpg.rf.9548ace7ba62af809617e4b4a701449f.jpg,0.8934164047241211,0.5076000099861154,0.4266673452104094,0.3548105230612053,0.052378135784284546,0.0,0.0,0.12372220931282082,0.052378135784284546,0.3686393725646841,0.36566754301231175,0.01210816499367226,0.007035410381335182,0.0033674333570823645,0.0015862560324779202,0.0,0.0,0.0,0.0,0.12372220931282082,0.0,0.014190846188856647,0.36566754301231175,0.01174616830829443,0.007035410381335182,0.0033674333570823645,0.0015862560324779202,0.0,0.0,GPAB4410,GPAB4410.JPG,2024-10-04 00:13:49.531,2024-10-04 12:13:49.531,7.17058381995,171.13335149097998,792608.523015039,514723.4085186233,-1.653111735781542,31.342529963867186,-0.5486979333333334
data/train\GPAB3091_jpg.rf.faf2ca9266200302fb94cdc9d1b5e21f.jpg,0.6260032653808594,0.667309682883222,0.3453669225288685,0.06427601623127843,0.03353798468667603,0.41790164828517273,0.18216691023826487,0.1498359012373181,0.11294488624470207,0.08143581136227898,0.03566387503528747,0.01867211550094772,0.013491818106747733,0.0,0.001099432903866355,0.0,0.0,0.41790164828517273,0.1579140925213597,0.1498359012373181,0.11294488624470207,0.02763945514217732,0.0263787080655166,0.008192455489770952,0.013491818106747733,0.0,0.001099432903866355,0.0,0.0,GPAB3091,GPAB3091.JPG,2024-10-03 23:29:48.893,2024-10-04 11:29:48.893,7.181975412649999,171.12084657587,793867.4540436959,513342.4003314678,-1.6327820544643443,31.786416015625,-0.6595553500000001
data/train\GPAB3025_jpg.rf.0e7dd03ddf2d70bda47a0516e862f4c9.jpg,0.9145183563232422,0.11878484338122187,0.06076935337981998,0.009613556535816548,0.010080215392828816,0.005524050214797503,0.0,0.02036495411187906,0.0,0.068462503096656,0.053731062388256326,0.02375831296101766,0.007038290991563653,0.0006817444207380892,0.0,0.0,0.0,0.005524050214797503,0.0,0.02036495411187906,0.0,0.06412238368576,0.04365084699542751,0.019491169009242918,0.007038290991563653,0.0,0.0,0.0,0.0,GPAB3025,GPAB3025.JPG,2024-10-03 23:27:36.761,2024-10-04 11:27:36.761,7.181611070430001,171.11936024494,793827.133868634,513178.30811254133,-1.6505947402376657,31.545148508789058,-0.661
data/train\GPAB2994_jpg.rf.399149a84f76c2e820ddc039f29be960.jpg,0.9824867248535156,0.06014906197728927,0.048738004658906944,0.025866919648258286,0.0,0.0,0.0,0.0,0.0,0.06014906197728927,0.048738004658906944,0.0,0.0,0.0,0.0,0.0,0.0,0.0,0.0,0.0,0.0,0.034282142329030985,0.048738004658906944,0.0,0.0,0.0,0.0,0.0,0.0,GPAB2994,GPAB2994.JPG,2024-10-03 23:26:34.699,2024-10-04 11:26:34.699,7.18169822016,171.11941638227,793836.7696792112,513184.50361296936,-1.8536099372675652,31.53630244824219,-0.6605783166666668
data/train\GPAB5933_jpg.rf.4c244c05d951f1eeef907e6435a977a1.jpg,0.8952722549438477,0.3842513197995863,0.3966965161899897,0.2807846014099627,0.34057838812574054,0.0,0.0,0.0,0.0,0.3822425742669327,0.39187629507434857,0.0,0.0,0.0,0.0026328777488223106,0.0020087455326536375,0.002187343366818827,0.0,0.0,0.0,0.0,0.10153959014677669,0.051297906948607995,0.0,0.0,0.0,0.0026328777488223106,0.0020087455326536375,0.002187343366818827,GPAB5933,GPAB5933.JPG,2024-10-04 01:04:38.577,2024-10-04 13:04:38.577,7.16934218864,171.1335317404,792471.2694001879,514743.3499142105,-1.8681219561183209,31.48611328124999,-0.2952846
data/train\GPAB3150_jpg.rf.6c8b56def24a487f2d90b80b7048e1f4.jpg,0.8427391052246094,0.5426896833825278,0.4824100337415478,0.012605550359788217,0.018444547292898527,0.06863149889672628,0.009422476057327985,0.0,0.009916980813215471,0.4738680642107224,0.46109543845768286,0.0,0.001975138413321478,0.0023937870998592342,0.0,0.0,0.0,0.06863149889672628,0.009422476057327985,0.0,0.009916980813215471,0.4612625138509342,0.4446260295781058,0.0,0.0,0.0023937870998592342,0.0,0.0,0.0,GPAB3150,GPAB3150.JPG,2024-10-03 23:31:47.000,2024-10-04 11:31:47.000,7.18225485,171.120184701,793898.3259648548,513269.3160003807,-1.724583198465142,32.129619140625,-0.6572166666666668
data/train\GPAB6951_jpg.rf.fd609cc90f60eda0e6252f5f464ff693.jpg,0.939906120300293,0.2694878082973097,0.270001517121387,0.1532695886296553,0.17919796129612098,0.03894200947528725,0.020192117498170813,0.0,0.0026117532738135244,0.20849184691285003,0.2248700364685255,0.0,0.0,0.00230544838618613,0.0018541527837257045,0.019850285084392277,0.02047345709715146,0.03894200947528725,0.020192117498170813,0.0,0.0026117532738135244,0.056595349158765795,0.04567207517240452,0.0,0.0,0.00230544838618613,0.0018541527837257045,0.019850285084392277,0.02047345709715146,GPAB6951,GPAB6951.JPG,2024-10-04 01:38:36.613,2024-10-04 13:38:36.613,7.16919823084,171.1369354768,792455.4659062888,515119.16470169596,-1.8322469888263095,31.17390997851563,-0.06994891666666678
data/train\GPAB2753_jpg.rf.ecc3e09a60fddd4051f8cc1817f5abe0.jpg,0.8607082366943359,0.18804911632480226,0.2354140301081381,0.10280801885071333,0.0210121312098755,0.002576225747662385,0.0022939259452722464,0.02919210405532308,0.023943632219049285,0.147085878672538,0.2070044918315496,0.008861717266185669,0.0021719801122669826,0.0007163117434797388,0.0,0.0,0.0,0.002576225747662385,0.0022939259452722464,0.02919210405532308,0.023943632219049285,0.054305264027131504,0.1871839730528515,0.0,0.000980367681089562,0.0,0.0,0.0,0.0,GPAB2753,GPAB2753.JPG,2024-10-03 23:18:32.217,2024-10-04 11:18:32.217,,,,,,29.931621916992185,-0.6659261000000001
data/train\GPAB3104_jpg.rf.e80e02c3e101d1c16303a7ca427c6a49.jpg,0.8662691116333008,0.4624877334014438,0.4225346297359633,0.0016457886438663166,0.0026424797829172134,0.0,0.0,0.3737985454838753,0.3790297336587783,0.05085813378706145,0.022176857945587193,0.03801157237149118,0.019545900603583865,0.0,0.0017821375280139345,0.0,0.0,0.0,0.0,0.3737985454838753,0.3790297336587783,0.05068337676653422,0.022176857945587193,0.036540540748152085,0.01690342082066665,0.0,0.0017821375280139345,0.0,0.0,GPAB3104,GPAB3104.JPG,2024-10-03 23:30:14.919,2024-10-04 11:30:14.919,7.181783056,171.12095404865002,793846.1926010571,513354.27179026953,-5.6778910536273814,31.915117187499995,-0.6587513500000001
data/train\GPAB3199_jpg.rf.12b7ef0103aaee8e8ecbbd351b47aecd.jpg,0.8274707794189453,0.32917501243463415,0.20615375161074123,0.010078294986009836,0.010904069918171465,0.0,0.0,0.11077002552220662,0.07255200941767503,0.20844383674237552,0.12213979409398087,0.011398574674058953,0.004740524232653445,0.0,0.006721423866431865,0.0,0.0,0.0,0.0,0.11077002552220662,0.061647939499503576,0.20620368218803473,0.12213979409398087,0.0036170862435498338,0.004740524232653445,0.0,0.006721423866431865,0.0,0.0,GPAB3199,GPAB3199.JPG,2024-10-03 23:33:25.109,2024-10-04 11:33:25.109,7.18285244347,171.11917001387002,793964.3592515676,513157.2693935823,-2.8731678336494997,32.429921875,-0.6511630333333335
data/train\GPAB6670_jpg.rf.49b33c338c42f4e138b2648057f66f03.jpg,0.978205680847168,0.04455247799693887,0.03741144524055976,0.00046761906042175973,0.0,0.0,0.0,0.0,0.003377035391177267,0.03507431014186045,0.024957607019471004,0.004618578399648182,0.001617942744991099,0.0,0.0,0.004859589455430239,0.00745886008492039,0.0,0.0,0.0,0.003377035391177267,0.03507431014186045,0.024957607019471004,0.004165362390368776,0.001617942744991099,0.0,0.0,0.004859589455430239,0.00745886008492039,GPAB6670,GPAB6670.JPG,2024-10-04 01:29:14.000,2024-10-04 13:29:14.000,7.169292674,171.136313448,792465.8859365169,515050.48273603263,-1.7696344102151915,31.314511718750005,-0.14413333333333345
data/train\GPAB2869_jpg.rf.854568362cd06f0704ba47a3d0a0d686.jpg,0.9068574905395508,0.3884512495126968,0.45711059430829826,0.13377361860336492,0.04645080013750113,0.0350397428191188,0.0024821258135323387,0.0,0.0,0.35341150669357796,0.45308926242935305,0.0,0.001539206065412897,0.0,0.0,0.0,0.0,0.0,0.0,0.0,0.0,0.25592589534166915,0.40912058810538426,0.0,0.001539206065412897,0.0,0.0,0.0,0.0,GPAB2869,GPAB2869.JPG,2024-10-03 23:22:24.449,2024-10-04 11:22:24.449,,,,,,31.271611328124997,-0.6604074833333334
data/train\GPAB6581_jpg.rf.0e33f8c4bc7b403d776dbb15f4bb9251.jpg,0.9798297882080078,0.3484578173040177,0.35928315054261095,0.23078488947098552,0.2338767444495442,0.0,0.0,0.0,0.0,0.31601734511438906,0.3262108645095377,0.0,0.0,0.0013020358232688012,0.0,0.03113843636635985,0.033072286033073245,0.0,0.0,0.0,0.0,0.08612352440741046,0.09233412005999352,0.0,0.0,0.0013020358232688012,0.0,0.03113843636635985,0.033072286033073245,GPAB6581,GPAB6581.JPG,2024-10-04 01:26:15.873,2024-10-04 13:26:15.873,7.16980528795,171.13823361642,792522.6175966216,515262.4734853891,-1.8772298854255633,31.28393661035156,-0.16541270000000005
data/train\GPAB3214_jpg.rf.a9331ffc6e7ef157654776be1e3f6aa5.jpg,0.998713493347168,0.0,0.0012953143994023694,0.0,0.0,0.0,0.0,0.0,0.0,0.0,0.0,0.0,0.0,0.0,0.0012953143994023694,0.0,0.0,0.0,0.0,0.0,0.0,0.0,0.0,0.0,0.0,0.0,0.0012953143994023694,0.0,0.0,GPAB3214,GPAB3214.JPG,2024-10-03 23:33:55.139,2024-10-04 11:33:55.139,7.18286993287,171.11923921322,793966.2946508654,513164.90903200005,-1.6738676178272827,32.47282226562499,-0.6501620333333336
data/train\GPAB6700_jpg.rf.f7961569fdb6334ea3abacfaa8f67f96.jpg,0.9906740188598633,0.012468241272231109,0.02143942172709867,0.0,0.0,0.0,0.0,0.0,0.0,0.0,0.02143942172709867,0.012468241272231109,0.0,0.0,0.0,0.0,0.0,0.0,0.0,0.0,0.0,0.0,0.02143942172709867,0.012468241272231109,0.0,0.0,0.0,0.0,0.0,GPAB6700,GPAB6700.JPG,2024-10-04 01:30:14.111,2024-10-04 13:30:14.111,7.169130419810001,171.1355234025,792447.9232942329,514963.25828189956,-5.20908849352362,31.314511718750005,-0.13611853333333346
data/train\GPAB3147_jpg.rf.222d60f9bf3617419677a3560ff40a20.jpg,0.8022012710571289,0.4147464198815877,0.24038980417611666,0.008584218480842981,0.08530063008547731,0.0,0.0,0.054658618881823925,0.09607219193313912,0.32896952890500325,0.11929663179848018,0.0028854112455182507,0.0015219224040420724,0.028330801597010312,0.02349905804045529,0.0,0.0,0.0,0.0,0.054658618881823925,0.01077156184766181,0.3233273736708384,0.11929663179848018,0.0,0.0015219224040420724,0.028330801597010312,0.02349905804045529,0.0,0.0,GPAB3147,GPAB3147.JPG,2024-10-03 23:31:41.000,2024-10-04 11:31:41.000,7.182217117,171.120259045,793894.156824257,513277.5252565527,-3.339718710051053,32.112458984375,-0.6573166666666668
data/train\GPAB6650_jpg.rf.cedf38f1f3e5e78e3730578955f74765.jpg,0.9547233581542969,0.4274393487516395,0.39627690730004245,0.2722003829291197,0.2228776143938332,0.0,0.0,0.0,0.0,0.38688419754840864,0.36558880633273355,0.0268223220407011,0.020190197091351832,0.0,0.0,0.013742431196624693,0.010497903875957082,0.0,0.0,0.0,0.0,0.11575060060723263,0.14271119193890033,0.0268223220407011,0.020190197091351832,0.0,0.0,0.013742431196624693,0.010497903875957082,GPAB6650,GPAB6650.JPG,2024-10-04 01:28:34.000,2024-10-04 13:28:34.000,7.169395518,171.136846199,792477.2725976658,515109.3009431248,-1.6488130954096194,31.271611328124997,-0.15033333333333349
data/train\GPAB3141_jpg.rf.deb6e80db7bd7689306dbd1b22440fe5.jpg,0.8549404144287109,0.5167152209524065,0.4192526544823255,0.010258813226994007,0.006222118093496927,0.015740614491773938,0.017929878265411744,0.36137063275484277,0.2810016073805075,0.1265855358799208,0.10161928702976439,0.006490975048154201,0.0020605965167661117,0.007256257165517943,0.016641285289875806,0.0,0.0,0.015740614491773938,0.017929878265411744,0.36137063275484277,0.2810016073805075,0.11635360834839252,0.09745776545303357,0.006490975048154201,0.0,0.007256257165517943,0.016641285289875806,0.0,0.0,GPAB3141,GPAB3141.JPG,2024-10-03 23:31:28.993,2024-10-04 11:31:28.993,7.18214828539,171.12041647082998,793886.5522166146,513294.90830559866,-2.4789721325142886,32.06100854589844,-0.6575167833333335
data/train\GPAB3280_jpg.rf.9dcf0019e869d86acfed8f793c0121c8.jpg,0.6341524124145508,0.6508345127831879,0.3205197389014889,0.0,0.012257956725552742,0.0,0.0018263068848504867,0.6417730732078284,0.30854888299537375,0.0,0.0,0.0,0.0,0.009061439575359645,0.010144549021264665,0.0,0.0,0.0,0.0,0.6417730732078284,0.2981172331546715,0.0,0.0,0.0,0.0,0.009061439575359645,0.010144549021264665,0.0,0.0,GPAB3280,GPAB3280.JPG,2024-10-03 23:36:07.271,2024-10-04 11:36:07.271,7.182503248130001,171.11906136012,793925.7534150813,513145.2832120824,-5.608960781852125,32.387021484375005,-0.6416364500000001
data/train\GPAB6689_jpg.rf.a04eec44b5731bb373922f7f4ba9573a.jpg,0.9520177841186523,0.22610965907017744,0.21204748013819247,0.11512646839106397,0.062174130967904244,0.0030668896899119107,0.0,0.0,0.0,0.13870522331450694,0.14435698058276666,0.06593908853651557,0.0274637379182406,0.002671285885201921,0.029833519932862578,0.015731972661088525,0.010393241704322643,0.0,0.0,0.0,0.0,0.07987452061844781,0.08389297188716457,0.021193609654269162,0.025753615645938435,0.0019559343451316727,0.029833519932862578,0.008295197254586412,0.010393241704322643,GPAB6689,GPAB6689.JPG,2024-10-04 01:29:52.000,2024-10-04 13:29:52.000,7.169194708,171.135831447,792455.0402530708,514997.26770597394,-2.5813878782837634,31.318801757812505,-0.13906666666666678
data/train\GPAB3259_jpg.rf.839025428ad843c1b67707a3f6164648.jpg,0.21350574493408203,0.8972543943709035,0.12862404771826863,0.0,0.0,0.0,0.0,0.8972543943709035,0.12862404771826863,0.0,0.0,0.0,0.0,0.0,0.0,0.0,0.0,0.0,0.0,0.8972543943709035,0.12862404771826863,0.0,0.0,0.0,0.0,0.0,0.0,0.0,0.0,GPAB3259,GPAB3259.JPG,2024-10-03 23:35:25.229,2024-10-04 11:35:25.229,7.18243510712,171.11916807929998,793918.2236504618,513157.0677998219,-1.7209173324634972,32.506160159179686,-0.6443180666666668
data/train\GPAB3077_jpg.rf.391aeefd68784db44a3aa0d96880ed5b.jpg,0.8426904678344727,0.5760932395918752,0.47552825590573106,0.07622958847602276,0.04842113753377515,0.011275668637644199,0.009902577762073117,0.4829448670406339,0.4384154339255228,0.06800256566351016,0.0109203933761328,0.007582726324744634,0.0,0.006794399325553125,0.01628985084200237,0.0,0.0,0.0011147961584181993,0.009902577762073117,0.4359467509597233,0.39422495261396173,0.05403640707247423,0.009927543050719865,0.007582726324744634,0.0,0.001812864037117623,0.013052044945201192,0.0,0.0,GPAB3077,GPAB3077.JPG,2024-10-03 23:29:20.865,2024-10-04 11:29:20.865,7.1821353351,171.1204218756,793885.1207494766,513295.505410992,-2.818750234959402,31.682296767578126,-0.6609567500000001
data/train\GPAB6884_jpg.rf.fc4d3d0c8326c5b6c3cf32a04a8006f7.jpg,0.8906259536743164,0.07194804147310566,0.17181207667032183,0.0024494788976096695,0.00836145128984124,0.02666388847813521,0.06014810177387978,0.02605800012674685,0.049309325687553654,0.01971297599683517,0.05862521916642822,0.0,0.0,0.0,0.003729430042460195,0.0,0.0,0.02666388847813521,0.05898913625862503,0.02605800012674685,0.049309325687553654,0.0172634970992255,0.05142273339184173,0.0,0.0,0.0,0.003729430042460195,0.0,0.0,GPAB6884,GPAB6884.JPG,2024-10-04 01:36:22.479,2024-10-04 13:36:22.479,7.1688979698,171.13539749561,792422.2223936402,514949.3643442677,-1.8049468223718568,31.057109375000003,-0.08537745000000012
data/train\GPAB3103_jpg.rf.0626b7b9a4d81eaa1cebe57af180ff38.jpg,0.7970991134643555,0.30260810450085746,0.19875346393379972,0.10525365693468504,0.044231770058169126,0.0028777296182423283,0.0029574265012300206,0.16734329000255413,0.14365507189042928,0.018360049392863384,0.011059622870508889,0.11193955327496577,0.03710610055634186,0.0024206727953249617,0.003975242115289703,0.0,0.0,0.0,0.0,0.16452221238547174,0.1368933194807988,0.01329497640780223,0.009326455716378957,0.017504508155007557,0.004326676563163141,0.0024206727953249617,0.003975242115289703,0.0,0.0,GPAB3103,GPAB3103.JPG,2024-10-03 23:30:12.917,2024-10-04 11:30:12.917,7.1818102564399995,171.12094493018998,793849.1992796991,513353.2642460624,-4.072380215829762,31.914761114257807,-0.6587847166666667
data/train\GPAB3209_jpg.rf.f6dac21895ad4908531149409119db3c.jpg,0.9544286727905273,0.9429015042546613,0.9870410947855194,0.0,0.0,0.0,0.0,0.9429015042546613,0.9870410947855194,0.0,0.0,0.0,0.0,0.0,0.0,0.0,0.0,0.0,0.0,0.9429015042546613,0.9870410947855194,0.0,0.0,0.0,0.0,0.0,0.0,0.0,0.0,GPAB3209,GPAB3209.JPG,2024-10-03 23:33:45.129,2024-10-04 11:33:45.129,7.182918915699999,171.11915110765997,793971.7070564969,513155.180091546,-1.6695864222506875,32.43905536816406,-0.6504957000000001
data/train\GPAB6729_jpg.rf.fad7588f7ac2b1f450624a9539241113.jpg,0.8785018920898438,0.08115927278034579,0.1407437351528548,0.009517536194867521,0.012465360662002638,0.006689737153918686,0.005211023903303676,0.0423997019528617,0.04362396129996179,0.02896933686432134,0.0899969849612942,0.00310049680924407,0.0019117649882951205,0.0,0.0,0.0,0.0,0.0,0.0,0.0423997019528617,0.04362396129996179,0.0261415378233725,0.08274264820259523,0.00310049680924407,0.0019117649882951205,0.0,0.0,0.0,0.0,GPAB6729,GPAB6729.JPG,2024-10-04 01:31:12.169,2024-10-04 13:31:12.169,7.168977656619999,171.13474127202,792431.0102673694,514876.90736697085,-5.637044292964015,31.228710937500004,-0.12797183333333345
data/train\GPAB3027_jpg.rf.747b37a57bb87ebb8bad757bc73c82cb.jpg,0.9615402221679688,0.18153701680163925,0.17473301544199124,0.04907311564881905,0.0294859262986271,0.01369634143296916,0.012426952525623028,0.0,0.0,0.13487593211745977,0.14228294121826768,0.0,0.0,0.020908429241650553,0.0,0.012099523162986847,0.020023121698100527,0.0,0.012426952525623028,0.0,0.0,0.11162268614983398,0.1328201366177411,0.0,0.0,0.020908429241650553,0.0,0.0,0.0,GPAB3027,GPAB3027.JPG,2024-10-03 23:27:40.765,2024-10-04 11:27:40.765,7.1815813863499995,171.1194030899,793823.8535961721,513183.0393940944,-1.6511541361388384,31.562325825195305,-0.661
data/train\GPAB2755_jpg.rf.415a644cf4ee8cdb38ffcd2059822280.jpg,0.8525543212890625,0.34998262031828825,0.3219177950657067,0.14839175530944476,0.06665924109363328,0.07769869969254287,0.016052680599858274,0.0,0.0,0.2532987788133038,0.29534704631829206,0.01185947231061428,0.010518068147556379,0.0003581558717398694,0.0,0.007107425637046952,0.0,0.07769869969254287,0.016052680599858274,0.0,0.0,0.10726816368779563,0.2297421085682791,0.00955498412783764,0.009463764803936067,0.0003581558717398694,0.0,0.007107425637046952,0.0,GPAB2755,GPAB2755.JPG,2024-10-03 23:18:36.221,2024-10-04 11:18:36.221,,,,,,29.983153866210934,-0.6657926333333334
data/train\GPAB6659_jpg.rf.1642ff06a30f006b30706269e90791fb.jpg,0.9868831634521484,0.04700483750477701,0.05155620166576087,0.01261899320752108,0.01736047764358402,0.0071707990620733094,0.005239830005588384,0.0,0.0,0.020233406244778894,0.020813369104111013,0.0021566168577151386,0.002944943856906647,0.0,0.0,0.01744401534020967,0.02255805869915483,0.005628712386431942,0.0,0.0,0.0,0.009156499712899181,0.010481580417995748,0.0021566168577151386,0.0011560849050262808,0.0,0.0,0.01744401534020967,0.02255805869915483,GPAB6659,GPAB6659.JPG,2024-10-04 01:28:52.000,2024-10-04 13:28:52.000,7.169348461,171.136615332,792472.0629654609,515083.8122293788,-1.7988772642900017,31.271611328124997,-0.14733333333333345
data/train\GPAB3223_jpg.rf.665c44ab9c7d66a0223d88910b91bfc1.jpg,0.9528532028198242,0.1559437551250857,0.19273778957334323,0.0025387778146922645,0.1478463597728543,0.0,0.0,0.0,0.0,0.15033712741707203,0.18655792042986385,0.0,0.0,0.005606627708013665,0.006179869143479354,0.0,0.0,0.0,0.0,0.0,0.0,0.14779834960237978,0.03871156065700958,0.0,0.0,0.005606627708013665,0.006179869143479354,0.0,0.0,GPAB3223,GPAB3223.JPG,2024-10-03 23:34:13.157,2024-10-04 11:34:13.157,7.18276496344,171.11939568099,793954.6950269346,513182.1873025557,-1.9734604813918935,32.47282226562499,-0.6491228666666669
data/train\GPAB6227_jpg.rf.7947fb31ec78b32776222ffff08dc447.jpg,0.9754505157470703,0.047146947609381575,0.053104049561859185,0.005018983221405622,0.004392930598417969,0.0006068485547978484,0.0,0.024811656101228485,0.0,0.015727171644041072,0.033213435934268315,0.006001271309314165,0.004985376102073463,0.0,0.014905237525517406,0.0,0.0,0.0,0.0,0.024811656101228485,0.0,0.0113150369774333,0.028820505335850347,0.006001271309314165,0.004985376102073463,0.0,0.014905237525517406,0.0,0.0,GPAB6227,GPAB6227.JPG,2024-10-04 01:14:27.165,2024-10-04 13:14:27.165,7.1697810722,171.13668296365,792519.8893368469,515091.26527093205,-5.18070224556714,31.38244448730468,-0.23183075000000009
data/train\GPAB6696_jpg.rf.7b1873494355502f46e4f7212e94cfcf.jpg,0.9427175521850586,0.14228582182849614,0.10694361493538791,0.02093531493711628,0.0,0.0,0.0,0.09660894563904418,0.06851147347054,0.039909894512053436,0.029601150707765932,0.005772742897855482,0.007577925307697183,0.0,0.0012530654493847976,0.0,0.0,0.0,0.0,0.09660894563904418,0.06851147347054,0.022832676874269046,0.029601150707765932,0.0019146455985235913,0.007577925307697183,0.0,0.0012530654493847976,0.0,0.0,GPAB6696,GPAB6696.JPG,2024-10-04 01:30:06.103,2024-10-04 13:30:06.103,7.16915249176,171.13563493517,792450.3669327501,514975.5720038356,-4.969298863172379,31.284923319335938,-0.13718626666666678
data/train\GPAB2864_jpg.rf.3d22d093a0caea49f240aa6619901423.jpg,0.7351474761962891,0.3602107070361785,0.12020978524090543,0.009881453287064332,0.009634681010825333,0.0,0.0,0.33867142415449286,0.09207774574965961,0.0008997105946923796,0.0,0.020276615398205956,0.021530641051000245,0.0006135699786642803,0.006601398440245582,0.0,0.0,0.0,0.0,0.33196536354261286,0.08520076893089032,0.0008997105946923796,0.0,0.017714792701685925,0.018772936858944198,0.0,0.006601398440245582,0.0,0.0,GPAB2864,GPAB2864.JPG,2024-10-03 23:22:14.439,2024-10-04 11:22:14.439,,,,,,31.271611328124997,-0.66024065
data/train\GPAB3218_jpg.rf.7f693488a22da0d8f7d7290197305846.jpg,0.9796257019042969,0.06555404696930998,0.0646841026803118,0.019361541548961733,0.020340949026641804,0.0013289215187345287,0.001740848781405853,0.0,0.0,0.040572434864601714,0.03190563889054257,0.004278666392688627,0.004312273512020786,0.0013414041630579023,0.008125241251106634,0.018032620030227202,0.01860010024523595,0.0,0.0,0.0,0.0,0.040572434864601714,0.03190563889054257,0.004278666392688627,0.004312273512020786,0.0013414041630579023,0.008125241251106634,0.0,0.0,GPAB3218,GPAB3218.JPG,2024-10-03 23:34:03.147,2024-10-04 11:34:03.147,7.18282839871,171.11931166958,793961.7052300284,513172.9099677462,-1.6772925742885585,32.47282226562499,-0.6497902000000002
data/train\GPAB2914_jpg.rf.3741dcaecd66e9fb2070d310620984d9.jpg,0.9600076675415039,0.3698137013344907,0.37197127839561533,0.08000510828213848,0.17450256662371358,0.0,0.0,0.0,0.0,0.343889169481663,0.3302350769987114,0.0,0.0,0.006122256938909939,0.005160133122600692,0.019802274913917766,0.03657606827430323,0.0,0.0,0.0,0.0,0.2638840611995245,0.15573251037499783,0.0,0.0,0.006122256938909939,0.005160133122600692,0.019802274913917766,0.03657606827430323,GPAB2914,GPAB2914.JPG,2024-10-03 23:23:54.539,2024-10-04 11:23:54.539,7.18185321232,171.11951561188,793853.9065509804,513195.4548861475,-1.9373967854218659,31.436610520507806,-0.6600910166666668
data/train\GPAB2909_jpg.rf.718211b27fd0ab996f522c68a9d720b7.jpg,0.8975305557250977,0.4183126153444346,0.361892023206196,0.07498516485732337,0.039857083324531466,0.0,0.0037495943140594904,0.0,0.0,0.4157805589536087,0.3097933066140731,0.0,0.0,0.0,0.0022276719100174183,0.043115053492931946,0.04612145036804597,0.0,0.0,0.0,0.0,0.34099319599864036,0.27591348951361855,0.0,0.0,0.0,0.0,0.043115053492931946,0.04612145036804597,GPAB2909,GPAB2909.JPG,2024-10-03 23:23:44.529,2024-10-04 11:23:44.529,7.181777899069999,171.11962778518,793845.5840809033,513207.8418833558,-1.9054290197613137,31.406871969726552,-0.6602578500000001
data/train\GPAB2866_jpg.rf.5a98983bcb97a76879d7a1bebe213158.jpg,0.5867385864257812,0.633916688911379,0.3198860046512253,0.0018762374621439806,0.011503236845693392,0.3072295635107341,0.17741582376810702,0.0,0.0,0.10531607015630191,0.13293344062006096,0.0,0.005944619308154239,0.22575246340184704,0.0035921209549030866,0.0,0.0,0.3072295635107341,0.1697466791365083,0.0,0.0,0.10345711635552876,0.13136542845236335,0.0,0.0036785392617572107,0.22575246340184704,0.0035921209549030866,0.0,0.0,GPAB2866,GPAB2866.JPG,2024-10-03 23:22:18.443,2024-10-04 11:22:18.443,,,,,,31.271611328124997,-0.6603073833333335
data/train\GPAB2942_jpg.rf.fa5fdb4faaa02afcbd2ae3923f5deedc.jpg,0.9018430709838867,0.26085846025622067,0.2581228407425829,0.06011257424772864,0.0345567605041452,0.015804948120209786,0.009852647184779623,0.02545307197876798,0.030401000147871324,0.18377525094916106,0.2020421606113039,0.03447610341774802,0.01582703279862806,0.0014047775880842597,0.0,0.0,0.0,0.0,0.0,0.024053095407731175,0.018619304313425757,0.15523704541570085,0.1929970444939056,0.02011146041177363,0.011949731431106366,0.0014047775880842597,0.0,0.0,0.0,GPAB2942,GPAB2942.JPG,2024-10-03 23:24:50.595,2024-10-04 11:24:50.595,7.181814178900001,171.11941556735,793849.5886195905,513184.4102991731,-1.7465148474437358,31.453530434570308,-0.66084325
data/train\GPAB6660_jpg.rf.31b6a04bb3b33417f99359b150249ea1.jpg,0.9816675186157227,0.12598732915580838,0.12129865590726739,0.011375529792231186,0.036313932743512384,0.0,0.0,0.005742016388751793,0.0,0.11761435542505325,0.12129865590726739,0.0,0.0,0.0,0.0,0.00263095734200333,0.0,0.0,0.0,0.005742016388751793,0.0,0.10815539163816462,0.08498472316375501,0.0,0.0,0.0,0.0,0.0008718646958171619,0.0,GPAB6660,GPAB6660.JPG,2024-10-04 01:28:54.000,2024-10-04 13:28:54.000,7.169344265,171.13658899,792471.5982421486,515080.9039199201,-1.8350247623610838,31.267321289062497,-0.14700000000000013
data/train\GPAB6743_jpg.rf.0ee30ee003eb99a660a748a583191988.jpg,0.921116828918457,0.45723254014130355,0.5162821692147265,0.4238539492206029,0.472825283308016,0.0,0.0,0.0,0.0,0.4393132241133962,0.49397856441908655,0.0,0.0,0.013866297436448937,0.01877389706235369,0.004592652907591944,0.0035297077332862195,0.0,0.0,0.0,0.0,0.03476128383036663,0.0410477355522994,0.0,0.0,0.0,0.0024091503544110783,0.0,0.0,GPAB6743,GPAB6743.JPG,2024-10-04 01:31:40.197,2024-10-04 13:31:40.197,7.16891060314,171.13439135116002,792423.5863400948,514838.274384631,-1.813924515571169,31.24073591699219,-0.12330050000000012
data/train\GPAB3219_jpg.rf.ff338c196dc32a1235219d6a9764c2bc.jpg,0.9488983154296875,0.13606082312477075,0.15899432135703628,0.05650028902122626,0.010428769230473783,0.0,0.0,0.0,0.023938831202001833,0.08934308643943133,0.09122604532544173,0.04671773668533942,0.04247075700516397,0.0,0.001358687824428727,0.0,0.0,0.0,0.0,0.0,0.023938831202001833,0.0795605341035445,0.08181029069198019,0.0,0.04145774240815174,0.0,0.001358687824428727,0.0,0.0,GPAB3219,GPAB3219.JPG,2024-10-03 23:34:05.149,2024-10-04 11:34:05.149,7.18281422578,171.11932803372002,793960.138916602,513174.7171030238,-1.6781488134038778,32.47282226562499,-0.6496567333333334
data/train\GPAB5096_jpg.rf.e6b7fbc62c0b41cc3946e299a644d3f2.jpg,0.8612794876098633,0.5183254820701217,0.4794900551732879,0.3513633928211352,0.3191591306702412,0.03827946912273896,0.032586423107871174,0.009687492198347298,0.013205677490719634,0.46689314664418513,0.4303237997937483,0.0036602953969768954,0.001809023223479662,0.0,0.0015651315574691342,0.0,0.0,0.03827946912273896,0.025953337955112413,0.009687492198347298,0.013205677490719634,0.11977385289299686,0.11779775427626589,0.0036602953969768954,0.001809023223479662,0.0,0.0015651315574691342,0.0,0.0,GPAB5096,GPAB5096.JPG,2024-10-04 00:36:42.903,2024-10-04 12:36:42.903,7.16985190807,171.13416803992,792527.6381594011,514813.58792731486,-3.5501123602095825,31.400728633789054,-0.44642475000000004
data/train\GPAB6728_jpg.rf.4800b71dc64fceae56a1c8a925e4e96b.jpg,0.9399023056030273,0.14477370886248542,0.135297461414226,0.03434647595746683,0.018214098474620865,0.020129704276553945,0.018214098474620865,0.076255513968079,0.08139164200544244,0.044211605786569824,0.033761712081087254,0.004235457239261565,0.0019300088530754356,0.0,0.0,0.0,0.0,0.0,0.0,0.076255513968079,0.08139164200544244,0.030006356546570825,0.033761712081087254,0.004235457239261565,0.0019300088530754356,0.0,0.0,0.0,0.0,GPAB6728,GPAB6728.JPG,2024-10-04 01:31:10.167,2024-10-04 13:31:10.167,7.16898296277,171.13476440396,792431.597599309,514879.46121808334,-5.530522789442914,31.228710937500004,-0.1283055000000001
data/train\GPAB6672_jpg.rf.cfd673b99f828cebf1bf4d7528ea8aff.jpg,0.9894504547119141,0.11688940185088809,0.12355897473320748,0.0,0.0,0.0,0.0,0.0,0.004058779811915356,0.10003399120069595,0.1058893115917676,0.014015128964919929,0.013610883329524526,0.002107646483831135,0.0,0.0007326352014410733,0.0,0.0,0.0,0.0,0.004058779811915356,0.10003399120069595,0.1058893115917676,0.014015128964919929,0.013610883329524526,0.002107646483831135,0.0,0.0007326352014410733,0.0,GPAB6672,GPAB6672.JPG,2024-10-04 01:29:18.000,2024-10-04 13:29:18.000,7.169275155,171.136258655,792463.9474564865,515044.43355837814,-1.6778507588912617,31.314511718750005,-0.14360000000000012
data/train\GPAB2915_jpg.rf.a6786972f25a53ecff6281be316a127d.jpg,0.820530891418457,0.5328792851477657,0.5978476080372866,0.3590594231481997,0.31605383284394967,0.10386328239774313,0.07303499173264864,0.0,0.0,0.32903770334707705,0.45517578443817536,0.0,0.0010034125629173284,0.0,0.01678915661493731,0.10002822998023901,0.05184426268860796,0.00922851496861095,0.044660980982211274,0.0,0.0,0.10767432973001001,0.2065800819245549,0.0,0.0,0.0,0.014787132506150102,0.05701111723507508,0.015765579780420685,GPAB2915,GPAB2915.JPG,2024-10-03 23:23:56.541,2024-10-04 11:23:56.541,7.181867538410001,171.119492745,793855.4896079496,513192.92978790746,-1.943790338553976,31.428021862304682,-0.6600576500000002
data/train\GPAB6677_jpg.rf.460b45c3c5f61adb8b6a2efef9d2635a.jpg,0.9487342834472656,0.4723567040441847,0.4487049736616205,0.1226995926817137,0.09811454458512492,0.03576085557964599,0.028206935357186068,0.011077866735289203,0.011189250330790075,0.4155059407784945,0.3972303892856663,0.0,0.0021681392986290216,0.0,0.0,0.010071573562143405,0.00991025938934904,0.0,0.005002659763444288,5.569179775043545e-05,0.0,0.3402480781528759,0.33350937062507324,0.0,0.0021681392986290216,0.0,0.0,0.010071573562143405,0.00991025938934904,GPAB6677,GPAB6677.JPG,2024-10-04 01:29:28.000,2024-10-04 13:29:28.000,7.169248465,171.136124449,792460.9925442482,515029.61660783255,-1.9682982752584204,31.314511718750005,-0.1422666666666668
data/train\GPAB5179_jpg.rf.f9eed0cac19d9f9bceeb29baf5d810fb.jpg,0.9425954818725586,0.5597208112566566,0.5477461145369035,0.1684225586348212,0.14553226955598275,0.0,0.0,0.3429088018005734,0.34283870695168067,0.17363838355517233,0.17673599975418794,0.025415624045797863,0.0028892520591562118,0.0,0.007090141975676127,0.01787418646766131,0.018192013796202586,0.0,0.0,0.3429088018005734,0.34283870695168067,0.04782773182671017,0.05228499605356399,0.0005617189945518058,0.0,0.0,0.007090141975676127,0.0,0.0,GPAB5179,GPAB5179.JPG,2024-10-04 00:39:29.000,2024-10-04 12:39:29.000,7.170298348,171.136218668,792577.0577203328,515039.984987883,-3.931021964245786,31.443212890625,-0.43310000000000004
data/train\GPAB6719_jpg.rf.dd248025fd19862bd137b864063d396f.jpg,0.9466352462768555,0.10138499739784876,0.1282236428965112,0.0011887318209489498,0.002861406160280994,0.0,0.0,0.07469998444470477,0.07263554711430069,0.023186031728961463,0.04145102098428531,0.003565235259437359,0.014137074797925192,0.0,0.0,0.0,0.0,0.0,0.0,0.07469998444470477,0.07263554711430069,0.022447635307063448,0.03858961482400432,0.003199397760421568,0.014137074797925192,0.0,0.0,0.0,0.0,GPAB6719,GPAB6719.JPG,2024-10-04 01:30:52.149,2024-10-04 13:30:52.149,7.16902995546,171.13500939241,792436.800477056,514906.5091382736,-5.987450898668887,31.271611328124997,-0.13104680000000013
data/train\GPAB3198_jpg.rf.6a4a94373c659a065374d5d3634da775.jpg,0.9195098876953125,0.19648450327717423,0.17409832098831818,0.0036593351935674053,0.0038648187231983223,0.0,0.016098770363513808,0.12160784140512326,0.09171958987791974,0.06546282764540841,0.05401528259746545,0.009510814771001089,0.00879258262070237,0.0,0.0034720955287168035,0.0,0.0,0.0,0.016098770363513808,0.12160784140512326,0.09171958987791974,0.06546282764540841,0.05401528259746545,0.005851479577433684,0.004927763897504048,0.0,0.0034720955287168035,0.0,0.0,GPAB3198,GPAB3198.JPG,2024-10-03 23:33:23.107,2024-10-04 11:33:23.107,7.182835553159999,171.11918655065998,793962.4925426184,513159.09566828783,-2.8246587126076634,32.429921875,-0.6512297666666668
data/train\GPAB3268_jpg.rf.29fefe45e6a87e115961b6cbdb159bec.jpg,0.9939250946044922,0.9937807625167315,0.998771899839262,0.0,0.0,0.0,0.0,0.9937807625167315,0.998771899839262,0.0,0.0,0.0,0.0,0.0,0.0,0.0,0.0,0.0,0.0,0.9937807625167315,0.998771899839262,0.0,0.0,0.0,0.0,0.0,0.0,0.0,0.0,GPAB3268,GPAB3268.JPG,2024-10-03 23:35:43.247,2024-10-04 11:35:43.247,7.18246992732,171.119116197,793922.0714518355,513151.3385883042,-1.648477806711806,32.429921875,-0.6431168666666668
data/train\GPAB3415_jpg.rf.90f875249c32b02ae81d4b3bce2a27ef.jpg,0.6893339157104492,0.5799474960775691,0.28794291782771264,0.0,0.0,0.0,0.059235908534864025,0.5799474960775691,0.22179354474451868,0.0,0.0,0.0,0.0,0.0,0.006913464548329918,0.0,0.0,0.0,0.059235908534864025,0.5799474960775691,0.22179354474451868,0.0,0.0,0.0,0.0,0.0,0.006913464548329918,0.0,0.0,GPAB3415,GPAB3415.JPG,2024-10-03 23:40:37.541,2024-10-04 11:40:37.541,7.182523715170001,171.11914722647,793928.0184619031,513154.7629377739,-2.3298229964261026,32.43386013085937,-0.6317486333333334
data/train\GPAB2867_jpg.rf.a760f33822f6d3414eebcb42d8a10ffe.jpg,0.9453048706054688,0.250126266748348,0.2616967178327057,0.04301519233834496,0.028301035291316112,0.01848871664973508,0.00857941746379553,0.0,0.0,0.2316375500986129,0.24794564480539558,0.0,0.0,0.0,0.0,0.0,0.005171655563514575,0.0,0.0,0.0,0.0,0.207111074410003,0.23204467634423676,0.0,0.0,0.0,0.0,0.0,0.0013510061971528048,GPAB2867,GPAB2867.JPG,2024-10-03 23:22:20.445,2024-10-04 11:22:20.445,,,,,,31.271611328124997,-0.66034075
data/train\GPAB3212_jpg.rf.18fffd5daee83a4157cdafc4403a2b74.jpg,0.9990072250366211,0.0,0.0009995717492793674,0.0,0.0,0.0,0.0,0.0,0.0,0.0,0.0,0.0,0.0,0.0,0.0009995717492793674,0.0,0.0,0.0,0.0,0.0,0.0,0.0,0.0,0.0,0.0,0.0,0.0009995717492793674,0.0,0.0,GPAB3212,GPAB3212.JPG,2024-10-03 23:33:51.135,2024-10-04 11:33:51.135,7.182889294899999,171.11920356309997,793968.4340534005,513160.9724273522,-1.6721551395966445,32.46482134277343,-0.6502955000000001
data/train\GPAB5767_jpg.rf.ff45ee3ec5f3fbc48cde27a5273de27d.jpg,0.9331655502319336,0.40390284277821414,0.36842044618732034,0.1462351384517296,0.14887857843805632,0.0747566364458647,0.02663892318948846,0.0,0.0,0.2933507834299618,0.30357406913080465,0.015515926893953215,0.015334448449559555,0.006554348473180559,0.006715662645974924,0.013833650520526269,0.01615734277149271,0.0,0.0,0.0,0.0,0.22262412069372775,0.1813344138822368,0.015515926893953215,0.015334448449559555,0.006554348473180559,0.006715662645974924,0.013833650520526269,0.01615734277149271,GPAB5767,GPAB5767.JPG,2024-10-04 00:59:06.245,2024-10-04 12:59:06.245,7.1701961792,171.1367495979,792565.7806295662,515098.6087502649,-5.0828520103574295,31.701752094726558,-0.3423755000000001
data/train\GPAB3220_jpg.rf.c40e169919da8e837e5cb08ee3bd4133.jpg,0.9513711929321289,0.09688068320392992,0.12294732516136218,0.02602151239718622,0.05107225914737778,0.0,0.0,0.0,0.03207751530084133,0.0842645706066373,0.08548594934350894,0.01121325541602733,0.005383860517011924,0.0,0.0,0.0014028571812652792,0.0,0.0,0.0,0.0,0.03207751530084133,0.0603334210319114,0.03441369019613115,0.01121325541602733,0.005383860517011924,0.0,0.0,0.0,0.0,GPAB3220,GPAB3220.JPG,2024-10-03 23:34:07.151,2024-10-04 11:34:07.151,7.18280050351,171.11934450850998,793958.6224258172,513176.5364420406,-1.6790050525191966,32.47282226562499,-0.6495232666666668
data/train\GPAB3074_jpg.rf.38770129f002645fcdacee0bd4225300.jpg,0.829376220703125,0.2864133137963946,0.29174820393952255,0.007073818517714793,0.0,0.0,0.0,0.18604805241942454,0.14554859301394407,0.09165717665630287,0.08145117461683082,0.002303527979367149,0.0,0.002371702421440958,0.06474843630874764,0.0042690643585937245,0.0,0.0,0.0,0.18604805241942454,0.14554859301394407,0.0845919999692735,0.08145117461683082,0.002303527979367149,0.0,0.002371702421440958,0.06474843630874764,0.0042690643585937245,0.0,GPAB3074,GPAB3074.JPG,2024-10-03 23:29:14.859,2024-10-04 11:29:14.859,7.1821703567699995,171.12034786485,793888.9901657362,513287.3330239746,-2.80073389696871,31.630764818359378,-0.6612570500000001
data/train\GPAB6368_jpg.rf.d2c256279e5c0d2c04d4f255540806c8.jpg,0.9820137023925781,0.058152799088959005,0.049105762564741716,0.007630736495219147,0.01210816499367226,0.004749166063338858,0.00501034139072021,0.04582090670087551,0.034192843411948386,0.0028815704318802893,0.0048192609122316475,0.0016707539325130636,0.0,0.003030401960351281,0.005083316849841471,0.0,0.0,0.0,0.0,0.04582090670087551,0.027095019808996337,0.0,0.0048192609122316475,0.0016707539325130636,0.0,0.003030401960351281,0.005083316849841471,0.0,0.0,GPAB6368,GPAB6368.JPG,2024-10-04 01:19:09.447,2024-10-04 13:19:09.447,7.16910351872,171.13324235378,792444.8757236064,514711.4060993047,-5.518205718165454,31.241126310546875,-0.2092127500000001
data/train\GPAB3228_jpg.rf.92aef0621bb3c3054cd3952cab4294ff.jpg,0.7247390747070312,0.4483727432819368,0.20247809295921249,0.026614918104251206,0.00897310086168654,0.0,0.0,0.007688348699788563,0.008039783147662,0.41883592620260673,0.17418665970199126,0.01625528351926072,0.014806336574339909,0.0,0.0,0.005644075640983786,0.0054453135352193005,0.0,0.0,0.007688348699788563,0.008039783147662,0.4161483168594435,0.17065887237552402,0.013247926440737206,0.014806336574339909,0.0,0.0,0.0,0.0,GPAB3228,GPAB3228.JPG,2024-10-03 23:34:23.167,2024-10-04 11:34:23.167,7.18264550066,171.11943199017998,793941.4897439154,513186.19955971866,-3.3084672087825417,32.474255138671865,-0.6484555333333335
data/train\GPAB3211_jpg.rf.2bbee665257083af1512a10f8e4cb798.jpg,0.9898900985717773,0.0254415495378541,0.0332739287490662,0.0,0.0,0.0,0.0,0.02407902089978741,0.024669545996623923,0.0,0.0,0.0,0.007502069238347451,0.001362528638066688,0.001102313514094826,0.0,0.0,0.0,0.0,0.02407902089978741,0.024669545996623923,0.0,0.0,0.0,0.007502069238347451,0.001362528638066688,0.001102313514094826,0.0,0.0,GPAB3211,GPAB3211.JPG,2024-10-03 23:33:49.133,2024-10-04 11:33:49.133,7.18289899295,171.11918541537,793969.5056286976,513158.9684994189,-1.6712989004813255,32.45623268457031,-0.6503622333333334
data/train\GPAB2953_jpg.rf.525a5128fa0eaaf1e66a5fda8ef5249f.jpg,0.9042940139770508,0.2740756601878542,0.28140873362613134,0.12141003950276827,0.13988819391499896,0.0,0.0,0.009641402434691766,0.010658257845341957,0.22172537030244488,0.23491280392838418,0.04271272826435552,0.03223690906681671,0.0,0.003600762785588499,0.0,0.0,0.0,0.0,0.009641402434691766,0.010658257845341957,0.12954200217774134,0.1258461792546133,0.01380292401142258,0.0014153398255886526,0.0,0.003600762785588499,0.0,0.0,GPAB2953,GPAB2953.JPG,2024-10-03 23:25:12.617,2024-10-04 11:25:12.617,7.1816409941999995,171.11967140085,793830.4508291548,513212.66135271476,-1.8271586887563156,31.443212890625,-0.6607897166666666
data/train\GPAB5174_jpg.rf.46ca733d089fc887a9dc084787d33982.jpg,0.9044914245605469,0.32697614662690144,0.3214511362086945,0.14825348601847815,0.17889549722213155,0.20239359505917734,0.17870825755728093,0.0,0.0,0.08278297674579382,0.10924522250793609,0.011230539077398157,0.010292420346326166,0.026215473485903255,0.019133013137503048,0.005286879972653407,0.00407222265964822,0.10026444001897362,0.07005259994277188,0.0,0.0,0.03860593828196565,0.04178421156737843,0.011230539077398157,0.007513591679261335,0.026215473485903255,0.019133013137503048,0.005286879972653407,0.00407222265964822,GPAB5174,GPAB5174.JPG,2024-10-04 00:39:19.000,2024-10-04 12:39:19.000,7.170269569,171.136080145,792573.8717333142,515024.69149529695,-3.687099112672983,31.460373046875,-0.43410000000000004
data/train\GPAB2996_jpg.rf.d08388c725e99d9745b5436805937c36.jpg,0.9277820587158203,0.36226266172225924,0.39792653675754674,0.0,0.2079118840535179,0.0,0.004004048217574411,0.0,0.0,0.36226266172225924,0.3939224885399723,0.0,0.0,0.0,0.0,0.0,0.0,0.0,0.0,0.0,0.0,0.36226266172225924,0.1900146527040288,0.0,0.0,0.0,0.0,0.0,0.0,GPAB2996,GPAB2996.JPG,2024-10-03 23:26:38.703,2024-10-04 11:26:38.703,7.181728541769999,171.11937125129998,793840.1203632256,513179.51992041303,-1.7041323392946366,31.55347976464843,-0.6606450500000001
data/train\GPAB6112_jpg.rf.275e9e45ae9d2003a909da0c5f0de468.jpg,0.909886360168457,0.42837746748271155,0.4082928927664036,0.08246803002748102,0.0842856950816461,0.25879690353604506,0.21965325134476488,0.0,0.038900720728679165,0.1485261837867734,0.14068612294828536,0.01042012739978837,0.0029084561273460168,0.007628816088400167,0.006144341617328215,0.003246447727486591,0.0,0.2509731661555184,0.21965325134476488,0.0,0.028195412916272183,0.08544754120712932,0.07338834658734106,0.009419595447099513,0.0014268622665025358,0.0026376787658697618,0.0013433245698768828,0.0,0.0,GPAB6112,GPAB6112.JPG,2024-10-04 01:10:36.935,2024-10-04 13:10:36.935,7.1703035254500005,171.1378388206,792577.6834748478,515218.8671727564,-3.6052201031697777,31.443212890625,-0.25269091666666676
data/train\GPAB3265_jpg.rf.8995466d2b3f0f2c217c0f02097fd53f.jpg,0.7694883346557617,0.7677027901590673,0.9985097643084712,0.0,0.0,0.0,0.0,0.7677027901590673,0.9985097643084712,0.0,0.0,0.0,0.0,0.0,0.0,0.0,0.0,0.0,0.0,0.7677027901590673,0.9985097643084712,0.0,0.0,0.0,0.0,0.0,0.0,0.0,0.0,GPAB3265,GPAB3265.JPG,2024-10-03 23:35:37.241,2024-10-04 11:35:37.241,7.18245681178,171.11913149964002,793920.6219991444,513153.0284960235,-1.6695312500000001,32.45462820996093,-0.6435172666666668
data/train\GPAB3201_jpg.rf.64c5d806908d0ba5fcd43bc8fbac2fe3.jpg,0.8901968002319336,0.3677799905131903,0.3522506207715042,0.0,0.0,0.0,0.0,0.3386483792726651,0.3254734282910492,0.03001403817384675,0.02677719248045506,0.0,0.0,0.0,0.0,0.0,0.0,0.0,0.0,0.3386483792726651,0.3254734282910492,0.03001403817384675,0.02677719248045506,0.0,0.0,0.0,0.0,0.0,0.0,GPAB3201,GPAB3201.JPG,2024-10-03 23:33:29.113,2024-10-04 11:33:29.113,7.18288475733,171.11913769114,793967.9305443658,513153.69978634216,-2.820654438377169,32.429921875,-0.6510295666666668
data/train\GPAB2911_jpg.rf.a892723d63b47464304a3bf61c90205b.jpg,0.9796257019042969,0.20827388073889572,0.20393376132799973,0.18538551206687626,0.062144364662210044,0.0,0.0,0.0,0.0,0.1763432765597064,0.1848266736825529,0.0,0.0,0.03193060417918932,0.019107087645446812,0.0,0.0,0.0,0.0,0.0,0.0,0.00522638715785552,0.1353656358562998,0.0,0.0,0.01766198151416396,0.006423760809489882,0.0,0.0,GPAB2911,GPAB2911.JPG,2024-10-03 23:23:48.533,2024-10-04 11:23:48.533,7.1818067895199995,171.11958187100998,793848.7765287331,513202.7717598418,-1.9182161260255344,31.424049286132806,-0.6601911166666667
data/train\GPAB3092_jpg.rf.3bad61d847234ef79c48d0ea084de422.jpg,0.797877311706543,0.8321602848347394,0.6545101714347167,0.028162766000349514,0.025757456459576396,0.16412564837735225,0.06576721212621682,0.5824277014842825,0.5293582192451649,0.06666404211068072,0.027162234047660657,0.019814757558241136,0.0010907910731809427,0.0,0.031131714942493418,0.0,0.0,0.16412564837735225,0.06576721212621682,0.5547776841046007,0.5046915538587694,0.06615129349001292,0.027162234047660657,0.019814757558241136,0.0,0.0,0.031131714942493418,0.0,0.0,GPAB3092,GPAB3092.JPG,2024-10-03 23:29:50.895,2024-10-04 11:29:50.895,7.18196865065,171.1208785949,793866.7074528929,513345.93568328663,-1.6549656534731565,31.786416015625,-0.6594552500000002
data/train\GPAB6220_jpg.rf.3bc13f3d7e06c9294ec7edc12332c5da.jpg,0.9845094680786133,0.1301392486984443,0.1426862266502536,0.05005924455036555,0.0023957075066782145,0.0,0.0,0.0,0.0,0.1301392486984443,0.1426862266502536,0.0,0.0,0.0,0.0,0.0,0.0,0.0,0.0,0.0,0.0,0.08850098804930837,0.14029051914357538,0.0,0.0,0.0,0.0,0.0,0.0,GPAB6220,GPAB6220.JPG,2024-10-04 01:14:13.151,2024-10-04 13:14:13.151,7.16981670387,171.13686720772,792523.8343950122,515111.6066558145,-4.899086617883359,31.44256509472656,-0.23346571666666677
data/train\GPAB6671_jpg.rf.f7066ac41f976d19e9ae069cb9ee4bba.jpg,0.9890050888061523,0.12367803995598428,0.1260622250217486,0.010977045377292726,0.012887850162178355,0.0,0.0,0.0,0.0,0.08231535768537207,0.08183429577721744,0.02111487297469096,0.023415520343829637,0.0,0.0,0.02025068990614972,0.020812408900701525,0.0,0.0,0.0,0.0,0.07133831230807934,0.07135079495240272,0.02111487297469096,0.02101117100646601,0.0,0.0,0.02025068990614972,0.020812408900701525,GPAB6671,GPAB6671.JPG,2024-10-04 01:29:16.000,2024-10-04 13:29:16.000,7.169283904,171.136286467,792464.9155492777,515047.5040233961,-1.7166508813415786,31.314511718750005,-0.1438666666666668
data/train\GPAB6236_jpg.rf.46b13879c47d4fdd782cf071312ef0fe.jpg,0.9620132446289062,0.036125732875252295,0.016727703596729933,0.0008545810344463371,0.0,0.026872252617994596,0.0,0.0,0.0,0.009253480257257697,0.016727703596729933,0.0,0.0,0.0,0.0,0.0,0.0,0.026872252617994596,0.0,0.0,0.0,0.008398899222811361,0.016727703596729933,0.0,0.0,0.0,0.0,0.0,0.0,GPAB6236,GPAB6236.JPG,2024-10-04 01:14:45.183,2024-10-04 13:14:45.183,7.16973146544,171.13644152815,792514.3974964669,515064.60978276934,-4.994814940572395,31.39094734472656,-0.2297286500000001
data/train\GPAB6725_jpg.rf.990d5f2625903257e8bc17df9fa2bf20.jpg,0.9240036010742188,0.2114636764652224,0.18678452843450358,0.03138328823577987,0.0107725220510713,0.0,0.0,0.1433362843584785,0.12673244700157282,0.05148226600323012,0.04002991993823972,0.014966690543724783,0.01777816612671228,0.0017696548836905611,0.0022439953679787524,0.0,0.0,0.0,0.0,0.1433362843584785,0.12673244700157282,0.02446598287381199,0.03277846378976922,0.012357817880139729,0.016501095592090228,0.0,0.0,0.0,0.0,GPAB6725,GPAB6725.JPG,2024-10-04 01:31:04.161,2024-10-04 13:31:04.161,7.16900298417,171.13484529288002,792433.8135400076,514888.3916038072,-4.975761548808768,31.228710937500004,-0.1293065000000001
data/train\GPAB3273_jpg.rf.7792a8041112c3f484a16677ed8557f4.jpg,0.9024038314819336,0.8191533694497842,0.7733660698682409,0.0,0.0,0.0,0.0033856772218626794,0.8090030592080626,0.7498612506073287,0.010150310241721605,0.00868888065247742,0.0,0.0,0.0,0.01143026138657213,0.0,0.0,0.0,0.0033856772218626794,0.8090030592080626,0.7498612506073287,0.010150310241721605,0.00868888065247742,0.0,0.0,0.0,0.01143026138657213,0.0,0.0,GPAB3273,GPAB3273.JPG,2024-10-03 23:35:53.257,2024-10-04 11:35:53.257,7.182487038800001,171.11909244636,793923.9624038818,513148.715840834,-1.6873049813618488,32.428819334960934,-0.6424495333333334
data/train\GPAB2948_jpg.rf.4acdaada60495f5c29e1e122f2d83397.jpg,0.9856710433959961,0.028070586473038447,0.024380524770367354,0.019881011593495965,0.019196386562529408,0.0,0.002458120728295082,0.0,0.0,0.019881011593495965,0.016738265834234323,0.008189574879542482,0.0,0.0,0.005184138207837949,0.0,0.0,0.0,0.0,0.0,0.0,0.0,0.0,0.008189574879542482,0.0,0.0,0.005184138207837949,0.0,0.0,GPAB2948,GPAB2948.JPG,2024-10-03 23:25:02.607,2024-10-04 11:25:02.607,7.181720565209999,171.11955040574998,793839.2437292718,513199.30023111496,-1.8316198561026176,31.443212890625,-0.6609565500000001
data/train\GPAB4591_jpg.rf.5ac7ba27479417886e5a0d0c916ff54a.jpg,0.9411296844482422,0.5462587594556031,0.5272659360158856,0.08015009899697152,0.5272659360158856,0.5462587594556031,0.5272659360158856,0.0,0.0,0.0,0.0,0.0,0.0,0.0,0.0,0.0,0.0,0.4665772397224628,0.0,0.0,0.0,0.0,0.0,0.0,0.0,0.0,0.0,0.0,0.0,GPAB4591,GPAB4591.JPG,2024-10-04 00:19:51.893,2024-10-04 12:19:51.893,7.17101803052,171.13641941296999,792656.6235121574,515062.12575605826,-1.9551582476975398,31.79116508886719,-0.5245404666666669
data/train\GPAB3217_jpg.rf.2f1ef4bd35e7cb3d66255acbcc57cad6.jpg,0.9989242553710938,0.0,0.0010831094459050204,0.0,0.0,0.0,0.0,0.0,0.0,0.0,0.0,0.0,0.0010831094459050204,0.0,0.0,0.0,0.0,0.0,0.0,0.0,0.0,0.0,0.0,0.0,0.0010831094459050204,0.0,0.0,0.0,0.0,GPAB3217,GPAB3217.JPG,2024-10-03 23:34:01.145,2024-10-04 11:34:01.145,7.1828394191000005,171.1192924677,793962.9229561161,513170.789614943,-1.6764363351732396,32.47282226562499,-0.6499236666666668
data/train\GPAB6734_jpg.rf.fb045e70502c763141742c68b0351ff1.jpg,0.9726486206054688,0.11383499480529956,0.12157039347215313,0.08531023211957221,0.0901938266602397,0.02703068618056049,0.028501717803899578,0.0,0.0,0.08556948704013458,0.09185593876206735,0.0012348215846044825,0.0012127369061862064,0.0,0.0,0.0,0.0,0.0,0.0,0.0,0.0,0.028809943098345954,0.031376566811913434,0.0,0.0,0.0,0.0,0.0,0.0,GPAB6734,GPAB6734.JPG,2024-10-04 01:31:22.179,2024-10-04 13:31:22.179,7.168952550799999,171.13460934606,792428.2306056579,514862.34208835557,-2.3450863266904434,31.268089206054686,-0.12630350000000012
data/train\GPAB6822_jpg.rf.106375de053996d29e65d45e4eb95eea.jpg,0.7926177978515625,0.3028222298611738,0.3379080624439481,0.09506205794635536,0.059740015324846414,0.08342247221651435,0.04469938911859088,0.20618927913689236,0.2792146688354461,0.0018541527837257045,0.0,0.011493634811598489,0.013994004489911142,0.0,0.0,0.0,0.0,0.0009669248333566983,0.0,0.20618927913689236,0.2673551965248318,0.0005348332990860784,0.0,0.00021892637736378075,0.01081285059426989,0.0,0.0,0.0,0.0,GPAB6822,GPAB6822.JPG,2024-10-04 01:34:18.355,2024-10-04 13:34:18.355,7.16868527085,171.1340315693,792398.6647776446,514798.557735146,-5.710669226125269,31.057109375000003,-0.10224675000000011
data/train\GPAB2913_jpg.rf.a426d17e675cf5b48b74ca8af4351b03.jpg,0.9894094467163086,0.21768387415190033,0.2211991788340442,0.16174722453204488,0.2021612258340807,0.0,0.0,0.0,0.0,0.17895502983351994,0.1786525657595305,0.0,0.0,0.0,0.0,0.038728844318380404,0.042546613074513705,0.0,0.0,0.0,0.0,0.01869996139982294,0.01903795299996351,0.0,0.0,0.0,0.0,0.037260693305269786,0.0,GPAB2913,GPAB2913.JPG,2024-10-03 23:23:52.537,2024-10-04 11:23:52.537,7.1818379628199995,171.11953759440001,793852.2213878798,513197.88237080124,-1.9310032322897555,31.44122660253906,-0.6601243833333335
data/train\GPAB3030_jpg.rf.858513a40e7d2ee5fd53fa98a19b3285.jpg,0.8185873031616211,0.4295220299468239,0.45005982067241124,0.0,0.21031335278065305,0.0,0.0,0.0,0.0,0.4295220299468239,0.4472838726155749,0.0,0.00277594805683636,0.0,0.0,0.0,0.0,0.0,0.0,0.0,0.0,0.4295220299468239,0.23697051983492182,0.0,0.00277594805683636,0.0,0.0,0.0,0.0,GPAB3030,GPAB3030.JPG,2024-10-03 23:27:46.771,2024-10-04 11:27:46.771,7.18153632576,171.11946747662,793818.8741073374,513190.1495024488,-1.6519932299905977,31.588091799804683,-0.661
data/train\GPAB6245_jpg.rf.47051ee1d535ca875a821dca928db358.jpg,0.9689617156982422,0.101657695166144,0.09637273560030957,0.028874276726781802,0.010119583732617917,0.0,0.0,0.0,0.007362839743971363,0.09471926532916733,0.08384784232691854,0.0,0.0,0.0069787583801752566,0.005162053529419672,0.0,0.0,0.0,0.0,0.0,0.007362839743971363,0.06585555083988992,0.07372825859430061,0.0,0.0,0.0069787583801752566,0.005162053529419672,0.0,0.0,GPAB6245,GPAB6245.JPG,2024-10-04 01:15:03.201,2024-10-04 13:15:03.201,7.16968251421,171.13619248458,792508.9778883075,515037.1142533368,-4.642708411159734,31.39945020214843,-0.2277866000000001
data/train\GPAB6699_jpg.rf.eeb4568c8aa8184f237f80378ad2a69c.jpg,0.9715309143066406,0.05565819063110329,0.05451938938744784,0.0,0.0,0.0,0.0,0.016082446905552474,0.02447174409426893,0.01920790900344329,0.02105534036330256,0.02036783472210753,0.008992304929876346,0.0,0.0,0.0,0.0,0.0,0.0,0.016082446905552474,0.02447174409426893,0.01920790900344329,0.02105534036330256,0.02036783472210753,0.008992304929876346,0.0,0.0,0.0,0.0,GPAB6699,GPAB6699.JPG,2024-10-04 01:30:12.109,2024-10-04 13:30:12.109,7.169136881590001,171.13555126348,792448.6385368854,514966.33423193963,-5.109011044839026,31.310689293945316,-0.1363854666666668
data/train\GPAB3206_jpg.rf.4e643a6937100e965b0d605f248af3bf.jpg,0.40586090087890625,0.4012613231987064,0.9970675387874167,0.012667003377995594,0.0,0.0,0.0,0.36165101215041395,0.9970675387874167,0.01524706993929594,0.0,0.0020385118383478354,0.0,0.0,0.0,0.0406041215771149,0.0,0.0,0.0,0.3561778527163194,0.9970675387874167,0.01030394278724005,0.0,0.0020385118383478354,0.0,0.0,0.0,0.03835340478526971,0.0,GPAB3206,GPAB3206.JPG,2024-10-03 23:33:39.123,2024-10-04 11:33:39.123,7.182924741420001,171.11913155712,793972.3505148317,513153.02139415086,-1.9570219370624313,32.429921875,-0.6506959000000001
data/train\GPAB6664_jpg.rf.c6ef7a66d43f9061b3dfc2c5107657e0.jpg,0.8718366622924805,0.31258077711182336,0.330228355574845,0.14010423968213426,0.11996973438853287,0.0,0.0,0.0,0.0,0.23708862485428914,0.23475629077263727,0.07529723096540772,0.039709211999469966,0.0,0.05576285280273773,0.00023524983532511527,0.0,0.0,0.0,0.0,0.0,0.15533114534983092,0.194090716177315,0.017752240634656045,0.005773703101264972,0.0,0.010394201907732135,0.00023524983532511527,0.0,GPAB6664,GPAB6664.JPG,2024-10-04 01:29:02.000,2024-10-04 13:29:02.000,7.169321373,171.136478481,792469.0639568346,515068.7032591689,-2.03809107328962,31.233000976562504,-0.14573333333333346
data/train\GPAB6680_jpg.rf.838f9dbec7aa1cd9ac863c3ff99e066c.jpg,0.982478141784668,0.2457323759465205,0.24692590878451692,0.03723572801662304,0.17360573663924966,0.0,0.0,0.0,0.0,0.22837861972680293,0.23178734183049338,0.0,0.0,0.0,0.0021652586884005507,0.017353756219717586,0.01297330826562299,0.0,0.0,0.0,0.0,0.19114961313404633,0.05818160519124371,0.0,0.0,0.0,0.0021652586884005507,0.017353756219717586,0.01297330826562299,GPAB6680,GPAB6680.JPG,2024-10-04 01:29:34.000,2024-10-04 13:29:34.000,7.169237045,171.136054161,792459.7277897578,515021.8564096563,-1.8008656237559215,31.318801757812505,-0.1414666666666668
data/train\GPAB6652_jpg.rf.4816dc93a41128594dc78c8a75e9e630.jpg,0.9643735885620117,0.44101854536865087,0.4437733689504785,0.3123388058526318,0.2626838069376617,0.0,0.0,0.011770173393531686,0.014176443137714293,0.39172554313905855,0.4176894433316754,0.01571756960994617,0.011907482481088794,0.0,0.0,0.02180525922611446,0.0,0.0,0.0,0.011770173393531686,0.014176443137714293,0.09495547536790194,0.1550056363940137,0.014328155276413755,0.011907482481088794,0.0,0.0,0.008656233736554752,0.0,GPAB6652,GPAB6652.JPG,2024-10-04 01:28:38.000,2024-10-04 13:28:38.000,7.169385318,171.136800788,792476.1435174012,515104.28740411816,-1.8328344906516505,31.271611328124997,-0.14966666666666678
data/train\GPAB3143_jpg.rf.dda8da8226fa5b640de9bb0a181d693d.jpg,0.8501052856445312,0.6392266137658602,0.5330780472535301,0.018242904576905573,0.10297797485419312,0.08832239021514318,0.08579993585841225,0.2546286605354478,0.2076161414033949,0.2850181382424053,0.18964785500160353,0.011766332579893724,0.0050737148157465675,0.003788002450439101,0.04494040017437294,0.0005607587911423156,0.0,0.08832239021514318,0.08579993585841225,0.2546286605354478,0.11819335808097588,0.2781315593895411,0.1792171653643108,0.004194168492653484,0.0019492129212652408,0.0,0.04494040017437294,0.0005607587911423156,0.0,GPAB3143,GPAB3143.JPG,2024-10-03 23:31:32.997,2024-10-04 11:31:32.997,7.18217181787,171.12036375139002,793889.1521475344,513289.0869806836,-3.0438340468584912,32.043831229492184,-0.65745005
data/train\GPAB3123_jpg.rf.0244cdd3ba695a837440d64823fca41d.jpg,0.8602008819580078,0.30744464907445995,0.2943762806712974,0.029029829679119226,0.010627531336238269,0.0,0.0,0.15449672858698388,0.12620433512635318,0.1497590849645589,0.15074329345928641,0.0005761220456941598,0.0,0.0027125746318100025,0.017428652085657827,0.0,0.0,0.0,0.0,0.15449672858698388,0.12620433512635318,0.12719910585858507,0.14011576212304816,0.0005761220456941598,0.0,0.0027125746318100025,0.017428652085657827,0.0,0.0,GPAB3123,GPAB3123.JPG,2024-10-03 23:30:52.957,2024-10-04 11:30:52.957,7.181936703470001,171.12086533271,793863.1753814731,513344.4723638048,-2.8563503442603,32.000917968749995,-0.6581173833333335
data/train\GPAB3191_jpg.rf.e826bca6abc790f4761354a9d8dccd08.jpg,0.9110736846923828,0.259004307472495,0.22260491662553794,0.011437943013848054,0.002768266429560438,0.018027819013179753,0.021468227829383377,0.043700777572721006,0.03365993051968129,0.17016244721281756,0.14645598523591238,0.025687361610683607,0.01822850152576322,0.0006222118093496926,0.0027922715147976947,0.00133372253578198,0.0,0.018027819013179753,0.021468227829383377,0.043700777572721006,0.03365993051968129,0.16240880468118365,0.14532582582294234,0.023363669359717162,0.016590394509172823,0.0006222118093496926,0.0027922715147976947,0.0,0.0,GPAB3191,GPAB3191.JPG,2024-10-03 23:33:09.000,2024-10-04 11:33:09.000,7.18272835,171.119314667,793950.645168024,513173.24378584966,-2.164392240204076,32.301220703125004,-0.6517000000000002
data/train\GPAB3127_jpg.rf.a33eb97ca070a71c354688a5df3fe396.jpg,0.9121427536010742,0.42914467000689427,0.43731312041142795,0.004680031417855559,0.0,0.13231218901412076,0.13013540788480632,0.2375380000499306,0.26190892278620304,0.05574268853113844,0.04314962081567359,0.0016054601006677254,0.0,0.002726017479542866,0.002119168924745018,0.0,0.0,0.13231218901412076,0.13013540788480632,0.2375380000499306,0.26190892278620304,0.052410782700207215,0.04314962081567359,0.00026405593760982324,0.0,0.002726017479542866,0.002119168924745018,0.0,0.0,GPAB3127,GPAB3127.JPG,2024-10-03 23:31:00.965,2024-10-04 11:31:00.965,7.18198795975,171.1207688769,793868.83883457,513333.821383947,-3.6211313104343597,32.03508812988281,-0.6579839166666668
data/train\GPAB6357_jpg.rf.a5b69f96502a1649356ec4c0bc698158.jpg,0.8650856018066406,0.255055951052671,0.13132221929893628,0.0015305642347274847,0.000998611545869877,0.0,0.0,0.2419751000051851,0.12579912928754827,0.007936081179437051,0.0045244784655181355,0.0018263068848504867,0.000998611545869877,0.00335207010253052,0.0,0.0,0.0,0.0,0.0,0.2419751000051851,0.12579912928754827,0.007936081179437051,0.0045244784655181355,0.0002957426501230021,0.0,0.00335207010253052,0.0,0.0,0.0,GPAB6357,GPAB6357.JPG,2024-10-04 01:18:47.425,2024-10-04 13:18:47.425,7.16909412975,171.13327486775,792443.8388372533,514714.9963031027,-6.019362889462419,31.27654487304688,-0.2112575000000001
data/train\GPAB2865_jpg.rf.a0aa2ad9cf1986ac821e09da15c74528.jpg,0.8971624374389648,0.2422794844859935,0.1670811544717633,0.014616216299260836,0.024306589107836604,0.006714702442565433,0.0,0.05261242541620017,0.0142743838854823,0.1534798731763337,0.12462288011092269,0.014190846188856647,0.010301062177011579,0.0008171331014762167,0.0,0.014616216299260836,0.017882828298346722,0.006714702442565433,0.0,0.05261242541620017,0.0142743838854823,0.1534798731763337,0.11650532048709199,0.014190846188856647,0.00886555807982363,0.0008171331014762167,0.0,0.0,0.0031293029115287783,GPAB2865,GPAB2865.JPG,2024-10-03 23:22:16.441,2024-10-04 11:22:16.441,,,,,,31.271611328124997,-0.6602740166666667
data/train\GPAB3098_jpg.rf.64f8658b6d719daf7a6ca2fc4cd9cecf.jpg,0.007504463195800781,0.0,0.9992904096803867,0.0,0.001257866466432249,0.0,0.0,0.0,0.0,0.0,0.9980325432139544,0.0,0.001257866466432249,0.0,0.0,0.0,0.0,0.0,0.0,0.0,0.0,0.0,0.9980325432139544,0.0,0.0,0.0,0.0,0.0,0.0,GPAB3098,GPAB3098.JPG,2024-10-03 23:30:02.907,2024-10-04 11:30:02.907,7.18193308361,171.12095030236,793862.7776895182,513353.85379293514,-2.1687322030721528,31.871418849609377,-0.65895155
data/train\GPAB3213_jpg.rf.aad7bced0969440a4a59c024517dbe40.jpg,0.014361381530761719,0.002871968397785387,0.9952239482411954,0.0014950367085763449,0.0,0.0,0.0,0.0,0.9952239482411954,0.0014950367085763449,0.0,0.0,0.0,0.0013769316892090421,0.0,0.0,0.0,0.0,0.0,0.0,0.9952239482411954,0.0,0.0,0.0,0.0,0.0013769316892090421,0.0,0.0,0.0,GPAB3213,GPAB3213.JPG,2024-10-03 23:33:53.137,2024-10-04 11:33:53.137,7.18288006807,171.11922162336,793967.4145679286,513162.96668446454,-1.6730113787119636,32.47282226562499,-0.6502287666666667
data/train\GPAB6647_jpg.rf.ed1c984301bcc115058546f7d8048b07.jpg,0.9126081466674805,0.17384194667798428,0.23118817490297144,0.12834942954315443,0.19128116100114648,0.019881011593495965,0.026358543793917305,0.0,0.0,0.1340347939307463,0.18369939487981135,0.002350577946432172,0.005465477806818596,0.0,0.0,0.017610130530051487,0.015664758422424208,0.0,0.008385456375078497,0.0,0.0,0.03200934085876752,0.020492661165341267,0.0008209739151141778,0.0,0.0,0.0,0.012696769683689792,0.0110288963614052,GPAB6647,GPAB6647.JPG,2024-10-04 01:28:28.000,2024-10-04 13:28:28.000,7.169411472,171.136916949,792479.0386038743,515117.1119970958,-1.7071759994768791,31.271611328124997,-0.1513333333333335
data/train\GPAB2868_jpg.rf.6445c69d124f351e333570e6fb451f09.jpg,0.8003025054931641,0.6183057018798862,0.45552625868263935,0.5384955148898742,0.10116223020684702,0.0,0.0,0.003466334308259862,0.0,0.5949141866212938,0.4344353907931856,0.01928280486938353,0.007861185313496812,0.0006731025900526767,0.013229682575956891,0.0,0.0,0.0,0.0,0.003466334308259862,0.0,0.06612920881159465,0.3332731605863386,0.009844965557503702,0.007861185313496812,0.0006731025900526767,0.013229682575956891,0.0,0.0,GPAB2868,GPAB2868.JPG,2024-10-03 23:22:22.447,2024-10-04 11:22:22.447,,,,,,31.271611328124997,-0.6603741166666668
data/train\GPAB3275_jpg.rf.1d25169dab7666cefd953b8af141cd76.jpg,0.8117361068725586,0.9128682620126247,0.7368965841723911,0.0,0.0,0.0,0.0,0.9128682620126247,0.7368965841723911,0.0,0.0,0.0,0.0,0.0,0.0,0.0,0.0,0.0,0.0,0.9128682620126247,0.7368965841723911,0.0,0.0,0.0,0.0,0.0,0.0,0.0,0.0,GPAB3275,GPAB3275.JPG,2024-10-03 23:35:57.261,2024-10-04 11:35:57.261,7.1824924914,171.11908363835,793924.564923179,513147.7432112376,-2.61394537594488,32.41164201855469,-0.6421826
data/train\GPAB3192_jpg.rf.e3e951baa1d962ebeafb53b44cb70978.jpg,0.8532209396362305,0.383300718424191,0.45358472738865,0.025030582478592266,0.010694745574902588,0.016700817901264205,0.01484762532094799,0.23456040927710126,0.19937471553973993,0.046130092198731376,0.12704451310965714,0.08601310101531909,0.052018059505725696,0.0,0.06029981391257924,0.0,0.0,0.016700817901264205,0.01484762532094799,0.23456040927710126,0.19937471553973993,0.046130092198731376,0.12704451310965714,0.06098251853672682,0.041323313930823106,0.0,0.06029981391257924,0.0,0.0,GPAB3192,GPAB3192.JPG,2024-10-03 23:33:11.000,2024-10-04 11:33:11.000,7.182740657,171.119294081,793952.005086007,513170.9705779962,-3.0689132061818776,32.301220703125004,-0.6516333333333334
data/train\GPAB3153_jpg.rf.861109ea12d8895926392ecc8c013b29.jpg,0.8172721862792969,0.592675952473772,0.44968438113930054,0.1252738980225571,0.07279013986322863,0.0032925374911421234,0.0,0.09853415347507216,0.028743689063091125,0.42590782431350255,0.35591571718552856,0.01707817784119388,0.012243553674410388,0.04859109353725493,0.052781421216270455,0.0,0.0,0.0032925374911421234,0.0,0.09853415347507216,0.028743689063091125,0.3196065854590637,0.28463597728542817,0.001787898748470876,0.010733153711282199,0.04859109353725493,0.052781421216270455,0.0,0.0,GPAB3153,GPAB3153.JPG,2024-10-03 23:31:53.000,2024-10-04 11:31:53.000,7.182285358,171.120110085,793901.6963922414,513261.0769239804,-2.48557480475799,32.129619140625,-0.6571166666666668
data/train\GPAB6701_jpg.rf.149875ae1fe458dc6e8531c3f26d32f6.jpg,0.9882774353027344,0.028854112455182507,0.03666248658115735,0.0,0.0028268388375393442,0.0,0.0,0.023875457776975473,0.027486782800068367,0.004978654678207031,0.006348864943549641,0.0,0.0028268388375393442,0.0,0.0,0.0,0.0,0.0,0.0,0.023875457776975473,0.027486782800068367,0.004978654678207031,0.006348864943549641,0.0,0.0,0.0,0.0,0.0,0.0,GPAB6701,GPAB6701.JPG,2024-10-04 01:30:16.113,2024-10-04 13:30:16.113,7.16912639746,171.13549590216,792447.4777367411,514960.22207084077,-5.248091899714451,31.314511718750005,-0.1358516000000001
data/train\GPAB3215_jpg.rf.006beb5ee5b8d23dc7a38e00e61556ec.jpg,0.9944429397583008,0.015937456190719443,0.02021132156636062,0.008885722351422926,0.0,0.0,0.0,0.0,0.0,0.009948667525728651,0.011385131826326089,0.005988788664990792,0.0027961123284356557,0.0,0.006030077411598873,0.0,0.0,0.0,0.0,0.0,0.0,0.0010629451743057248,0.011385131826326089,0.005988788664990792,0.0027961123284356557,0.0,0.006030077411598873,0.0,0.0,GPAB3215,GPAB3215.JPG,2024-10-03 23:33:57.141,2024-10-04 11:33:57.141,7.18285863753,171.11925683887,793965.0464841718,513166.8553644935,-1.6747238569426015,32.47282226562499,-0.6500953000000002
data/train\GPAB3090_jpg.rf.125d5f6ed38bdc5cbae2b664e2362386.jpg,0.9000940322875977,0.6007637457919086,0.5581950480389766,0.1600486247006566,0.1454496920627666,0.1437712565029776,0.14414285522245032,0.3680056383144205,0.3554528991421543,0.07814519427795584,0.05859929367437198,0.01164438674688846,0.0,0.0006078087582073386,0.0,0.0,0.0,0.0,0.0,0.3680056383144205,0.3554528991421543,0.07354101892945002,0.057292456834055726,0.0,0.0,0.0006078087582073386,0.0,0.0,0.0,GPAB3090,GPAB3090.JPG,2024-10-03 23:29:46.891,2024-10-04 11:29:46.891,7.18198188811,171.12081489287002,793868.1689682072,513338.90208848723,-1.713360244309154,31.786416015625,-0.65965545
data/train\GPAB7080_jpg.rf.df00a769985bf2e3b51c4a8d6aca5a3c.jpg,0.9409246444702148,0.32859216896507354,0.3167999108931236,0.03560050161026112,0.05546903055943371,0.02536377306168539,0.027008601502142213,0.0,0.001862794614411117,0.2872371683217373,0.27299255074194917,0.008659114346783223,0.012948342976976243,0.001931929259894416,0.0019876210576448513,0.005449154348857262,0.0,0.02536377306168539,0.011415858335429777,0.0,0.001862794614411117,0.25187287675021075,0.2331162633492279,0.008659114346783223,0.012948342976976243,0.001931929259894416,0.0019876210576448513,0.005449154348857262,0.0,GPAB7080,GPAB7080.JPG,2024-10-04 01:42:54.871,2024-10-04 13:42:54.871,7.168944026329999,171.13641147815,792427.3469742186,515061.3177993175,-1.6781225130747026,31.228710937500004,-0.035683866666666814
data/train\GPAB3279_jpg.rf.e80fecf07458b621fb3eb07d30d469f8.jpg,0.4999217987060547,0.7095605533076127,0.2870249633682399,0.0,0.01405161669448056,0.0,0.0,0.6981139684630793,0.2571943240456058,0.0,0.017140591062810746,0.0,0.0,0.011458107285447348,0.012690048259823361,0.0,0.0,0.0,0.0,0.6981139684630793,0.24314270735112525,0.0,0.017140591062810746,0.0,0.0,0.011458107285447348,0.012690048259823361,0.0,0.0,GPAB3279,GPAB3279.JPG,2024-10-03 23:36:05.269,2024-10-04 11:36:05.269,7.18250128355,171.1190655084,793925.5363544137,513145.74127094087,-4.931097308021999,32.387021484375005,-0.6417365500000002
data/train\GPAB6651_jpg.rf.5316b34793087787dd67e7e0da128a58.jpg,0.9170970916748047,0.4130497404570184,0.3605995894170221,0.29343816194022543,0.20125959483256933,0.0,0.0,0.0,0.0,0.4074383117319573,0.3605995894170221,0.004479348905272093,0.0,0.0,0.0,0.001132079819789024,0.0,0.0,0.0,0.0,0.0,0.11400110999514138,0.15933999458445278,0.004479348905272093,0.0,0.0,0.0,0.001132079819789024,0.0,GPAB6651,GPAB6651.JPG,2024-10-04 01:28:36.000,2024-10-04 13:28:36.000,7.169392521,171.136827706,792476.9406777832,515107.2592108031,-1.6215006189221755,31.271611328124997,-0.15000000000000013
data/train\GPAB2950_jpg.rf.502dd1ed83690517b5d11f810ee8abd0.jpg,0.9709205627441406,0.21926436896392132,0.20091488180856232,0.014801535557292456,0.005312805464709644,0.0,0.0,0.0,0.0,0.21464387015745415,0.13261465308811018,0.0,0.0,0.0022776024873109118,0.006107853887767585,0.0028585255500525233,0.062192374832684555,0.0,0.0,0.0,0.0,0.1998423346001617,0.12730184762340055,0.0,0.0,0.0022776024873109118,0.006107853887767585,0.0028585255500525233,0.062192374832684555,GPAB2950,GPAB2950.JPG,2024-10-03 23:25:06.611,2024-10-04 11:25:06.611,7.1816871993,171.11959672775,793835.5565413483,513204.4155121492,-1.883458616841578,31.443212890625,-0.6608898166666668
data/train\GPAB6742_jpg.rf.530e1cc831ea0cbdda9366292822c5e5.jpg,0.8374900817871094,0.49893129360523736,0.41994112032693004,0.4748177053827083,0.38240484864313656,0.14178651605556122,0.02883298798017372,0.0,0.0,0.3543486652212405,0.38835618937515726,0.0028066745659400486,0.0027519429715991035,0.0,0.0,0.0,0.0,0.010312584617925462,0.01719052164010424,0.0,0.0,0.013811565842107992,0.020345750043689256,0.0,0.0,0.0,0.0,0.0,0.0,GPAB6742,GPAB6742.JPG,2024-10-04 01:31:38.195,2024-10-04 13:31:38.195,7.16892056225,171.13441745895,792424.6881399691,514841.15665289,-1.774308732500588,31.249324575195317,-0.12363416666666677
data/train\GPAB3101_jpg.rf.b62e7eeebc3c25bf04dbff6c796cb5d3.jpg,0.9048147201538086,0.3870051831780044,0.3816808552723809,0.25491192054124745,0.06165178031314154,0.0,0.0,0.05592512717894159,0.05763909026488171,0.32411185985639196,0.3183439179755839,0.007087261365447657,0.005697847031915241,0.0,0.0,0.0,0.0,0.0,0.0,0.0,0.05763909026488171,0.13266650407222266,0.26238998469435765,0.0,0.0,0.0,0.0,0.0,0.0,GPAB3101,GPAB3101.JPG,2024-10-03 23:30:08.913,2024-10-04 11:30:08.913,7.181867211749999,171.12094311030998,793855.4955015458,513353.0616552514,-1.8421058093688463,31.89758379785156,-0.6588514500000001
data/train\GPAB3151_jpg.rf.2c56a82516e6b16eb781cce5002c00e2.jpg,0.9330234527587891,0.5585359202493456,0.5550215757706113,0.20609325879594334,0.21404182261970375,0.43060705979954794,0.43978180337722744,0.0,0.0,0.11282294041169681,0.09939641613679442,0.013959437167169493,0.013789481163689716,0.0019549741417221825,0.00205387509289968,0.0,0.0,0.2440779454719688,0.24726774119829545,0.0,0.0,0.09310036238076674,0.07786865569602265,0.013959437167169493,0.013789481163689716,0.0019549741417221825,0.00205387509289968,0.0,0.0,GPAB3151,GPAB3151.JPG,2024-10-03 23:31:49.000,2024-10-04 11:31:49.000,7.182267531,171.120159377,793899.7270862269,513266.51966430387,-1.719609892636461,32.129619140625,-0.6571833333333333
data/train\GPAB2995_jpg.rf.77053a52828cd1b35e1a6b481dda0977.jpg,0.7291355133056641,0.8345348678664088,0.613542132765405,0.7392903712722503,0.4826596866280153,0.0,0.0,0.0,0.0,0.8266007070937907,0.604364508577497,0.007934160772618071,0.009177624187907966,0.0,0.0,0.0,0.0,0.0,0.0,0.0,0.0,0.09190490913595135,0.12287627010905991,0.007934160772618071,0.008006176028329842,0.0,0.0,0.0,0.0,GPAB2995,GPAB2995.JPG,2024-10-03 23:26:36.701,2024-10-04 11:26:36.701,7.181713407969999,171.11939274595,793838.4479756963,513181.8935371008,-1.9125443441250336,31.54489110644531,-0.6606116833333334
data/train\GPAB6730_jpg.rf.faeabf355c420e2ba8d4915690db7746.jpg,0.982579231262207,0.06987784292224465,0.0701284560121216,0.009852647184779623,0.00356715566625634,0.004200889916519916,0.00356715566625634,0.054978366617184186,0.05701495804871304,0.010698586388540548,0.00954634229715223,0.0,0.0,0.0,0.0,0.0,0.0,0.0,0.0,0.054978366617184186,0.05701495804871304,0.005057391357785233,0.00954634229715223,0.0,0.0,0.0,0.0,0.0,0.0,GPAB6730,GPAB6730.JPG,2024-10-04 01:31:14.171,2024-10-04 13:31:14.171,7.168972473169999,171.13471396553,792430.4363645088,514873.89259509364,-5.655041727306826,31.23373457324219,-0.12763816666666677
data/train\GPAB4077_jpg.rf.9a5ffc9ad55a59ca7c25d9668bc0f0c0.jpg,0.8987255096435547,0.2248681160617065,0.1846605584927111,0.07015054069053989,0.11702190992139774,0.059554696066814794,0.0468675284172199,0.10905126141921904,0.09716490341313903,0.04014514434737855,0.02984888318741442,0.010932876020456173,0.001448946944920812,0.005376178889736002,0.00933029653001692,0.0,0.0,0.010386520280456212,0.01012822556330333,0.10905126141921904,0.026181866366571094,0.028704320723302024,0.021998260111422002,0.004848067014516355,0.0,0.0019194466155710425,0.00933029653001692,0.0,0.0,GPAB4077,GPAB4077.JPG,2024-10-04 00:02:42.865,2024-10-04 12:02:42.865,7.1761243938,171.1265882109,793220.8088171581,513976.5009959153,-5.048632712043547,31.185810546874997,-0.6004279166666667
data/train\GPAB6718_jpg.rf.7f7818197c5ceb86c0d72a23ee969dcf.jpg,0.9569768905639648,0.13390324606364612,0.1173118913510638,0.010875263815886757,0.005749698016027715,0.0,0.0,0.09447729406997578,0.08838960445380749,0.018433985055394134,0.015718529813355663,0.020480178521017894,0.01157045108435771,0.0005175496377152536,0.0016333059995429432,0.0,0.0,0.0,0.0,0.09447729406997578,0.08838960445380749,0.015053108850578907,0.015718529813355663,0.013545589497679188,0.005820753068329995,0.0,0.0016333059995429432,0.0,0.0,GPAB6718,GPAB6718.JPG,2024-10-04 01:30:50.147,2024-10-04 13:30:50.147,7.169036087529999,171.1350350276,792437.4791952916,514909.33934851486,-5.490395638486129,31.271611328124997,-0.13131373333333346
data/train\GPAB6151_jpg.rf.ba5d76d5c0fe110e28357ddc64a64e6f.jpg,0.8430776596069336,0.316763423163563,0.1873347249881415,0.10299717892238291,0.08331012841760399,0.0396467987778531,0.019085002967028534,0.0015267234210895235,0.0019722578030930073,0.2271697236342547,0.1375568200367566,0.04123113440351204,0.022444754696834976,0.0037467137038310195,0.006275889484428382,0.004205690933567367,0.0,0.0036631760072053663,0.0,0.0015267234210895235,0.0019722578030930073,0.17021525840033952,0.07674425750350955,0.033284490986570596,0.01903219177950657,0.0037467137038310195,0.006275889484428382,0.004205690933567367,0.0,GPAB6151,GPAB6151.JPG,2024-10-04 01:11:55.000,2024-10-04 13:11:55.000,7.170167099,171.138620319,792562.6278342648,515305.1575997621,-3.3232167180315555,31.408892578124995,-0.24633333333333343
data/train\GPAB2946_jpg.rf.4ae04bdc56ebbfb34e63f95e6dec2beb.jpg,0.9993505477905273,0.005404024788611219,0.004926803694094557,0.0,0.0,0.0,0.0,0.0,0.0,0.005404024788611219,0.0016534702711422389,0.0,0.0,0.0,0.0032733334229523184,0.0,0.0,0.0,0.0,0.0,0.0,0.005404024788611219,0.0016534702711422389,0.0,0.0,0.0,0.0032733334229523184,0.0,0.0,GPAB2946,GPAB2946.JPG,2024-10-03 23:24:58.603,2024-10-04 11:24:58.603,7.18175193193,171.11950449876997,793842.709923937,513194.23082997807,-1.8971346029124891,31.443212890625,-0.6609767166666667
data/train\GPAB3120_jpg.rf.5603d780549b726b1d30303f98c1122b.jpg,0.6700372695922852,0.5384993557035123,0.3893864876335403,0.03412370876646509,0.025972542023302216,0.2165047443650463,0.026928904619154523,0.007630736495219147,0.0,0.3115111105136512,0.35894515894247037,0.0032752538297712987,0.001520962200632582,0.0,0.0019914618712828128,0.0,0.0,0.2165047443650463,0.026928904619154523,0.007630736495219147,0.0,0.27751126798701037,0.33297261691916813,0.0032752538297712987,0.001520962200632582,0.0,0.0019914618712828128,0.0,0.0,GPAB3120,GPAB3120.JPG,2024-10-03 23:30:46.951,2024-10-04 11:30:46.951,7.181898669340001,171.12092381255002,793858.9725015343,513350.93011153804,-1.793066161387885,32.000917968749995,-0.6582174833333334
data/train\GPAB5669_jpg.rf.9ff6ca653fa1cc1ec05bc94ed09c74df.jpg,0.9396839141845703,0.13454082112754767,0.1493145107859649,0.01550152384281086,0.0,0.07653205255001219,0.07479984559929176,0.0,0.0,0.014983974205095608,0.025494360725376062,0.009530979042600385,0.011197892161475487,0.02462057562273992,0.035625466898907866,0.008879961130965983,0.0021969454009137294,0.07653205255001219,0.07479984559929176,0.0,0.0,0.002925739788716842,0.025494360725376062,0.007268739809841317,0.011197892161475487,0.02462057562273992,0.035625466898907866,0.007859264906677831,0.0021969454009137294,GPAB5669,GPAB5669.JPG,2024-10-04 00:55:50.000,2024-10-04 12:55:50.000,7.171255075,171.137531274,792682.8648593429,515184.879184978,-3.6558090733231414,32.387021484375005,-0.3600000000000001
data/train\GPAB6911_jpg.rf.6054641356b5c6b94a2f979a7675620d.jpg,0.9837093353271484,0.08785093034108346,0.077932029121049,0.012308847506255726,0.009956349153004572,0.0036785392617572107,0.003139865149033171,0.0,0.0,0.03983979966316065,0.040195074924672045,0.03416115669943521,0.023693019129172325,0.0,0.0,0.010171434716730392,0.010904069918171465,0.0036785392617572107,0.003139865149033171,0.0,0.0,0.03983979966316065,0.040195074924672045,0.021852309193179483,0.01373666997616775,0.0,0.0,0.010171434716730392,0.010904069918171465,GPAB6911,GPAB6911.JPG,2024-10-04 01:37:16.533,2024-10-04 13:37:16.533,7.169020167759999,171.13601692102,792435.7513046934,515017.7518070874,-1.9407512940689935,31.100009765624996,-0.07879560000000019
data/train\GPAB3079_jpg.rf.e7c5099d099663c09dfc56f1c1dff4d2.jpg,0.8368425369262695,0.409738959101096,0.2784013765476078,0.021821582684075795,0.0030102376887519854,0.002721216462495415,0.0,0.29175972638043646,0.19611674537133947,0.07479312417542532,0.004862470065658709,0.023381913224497477,0.01102793615799571,0.01719052164010424,0.06639422495261396,0.0,0.0,0.0,0.0,0.28889447940651747,0.19310650768258747,0.07479312417542532,0.004862470065658709,0.01913685395114101,0.01102793615799571,0.005215824920351127,0.06639422495261396,0.0,0.0,GPAB3079,GPAB3079.JPG,2024-10-03 23:29:24.869,2024-10-04 11:29:24.869,7.1821073562999995,171.12048114737001,793882.0294793072,513302.0502948686,-4.475635194740176,31.708633317382812,-0.6607565500000001
data/train\GPAB3149_jpg.rf.b85de5970d00d2f79e110927d0172e6e.jpg,0.9072904586791992,0.3315880036026832,0.28503062088672865,0.001459509182425205,0.027660579617186105,0.011093229989841047,0.010218484683795416,0.07639666386927407,0.07536156459384356,0.215548381769194,0.1770643893202336,0.0019636159724075947,0.0,0.026874173024813576,0.022386182288856072,0.0,0.0,0.011093229989841047,0.0,0.07639666386927407,0.07536156459384356,0.21486087612799895,0.15962229438684292,0.0011916124311774207,0.0,0.026874173024813576,0.022386182288856072,0.0,0.0,GPAB3149,GPAB3149.JPG,2024-10-03 23:31:45.000,2024-10-04 11:31:45.000,7.182241211,171.120209606,793896.8189268685,513272.06610349886,-2.1266335270286083,32.129619140625,-0.6572500000000001
data/train\GPAB3580_jpg.rf.6faa88328d805010559cf4cac7351afb.jpg,0.7167415618896484,0.8294150632870068,0.6036558784612932,0.2219289334252568,0.2577781277185759,0.03347461126164967,0.041685310616200934,0.0,0.0,0.7960239897219827,0.5619705678450923,0.0,0.0,0.0,0.0,0.0,0.0,0.03347461126164967,0.041685310616200934,0.0,0.0,0.5743015000297663,0.3041924401265164,0.0,0.0,0.0,0.0,0.0,0.0,GPAB3580,GPAB3580.JPG,2024-10-03 23:46:07.871,2024-10-04 11:46:07.871,7.18182117425,171.11960703218,793850.3674514771,513205.5493382917,-1.7004513139112614,32.000917968749995,-0.6213935500000001
data/train\GPAB3257_jpg.rf.3ee28745ceb92561a0b0b7379c7e81aa.jpg,0.5745420455932617,0.9308663147201103,0.510991448428435,0.0,0.0,0.0,0.0,0.9308663147201103,0.4986960437699122,0.0,0.0,0.0,0.0,0.0,0.012295404658522862,0.0,0.0,0.0,0.0,0.9308663147201103,0.4986960437699122,0.0,0.0,0.0,0.0,0.0,0.012295404658522862,0.0,0.0,GPAB3257,GPAB3257.JPG,2024-10-03 23:35:21.225,2024-10-04 11:35:21.225,7.182429365000001,171.1191813925,793917.5892549516,513158.53784612805,-2.2564008853274835,32.51572265625,-0.6445850000000001
data/train\GPAB3210_jpg.rf.5cd479b61a80836090325f6067951741.jpg,0.57550048828125,0.5708658922306101,0.9952930828866787,0.0,0.0,0.0,0.0,0.5072101674018624,0.9952930828866787,0.06292020901707818,0.0,0.0009160340526537142,0.0,0.0,0.0,0.0,0.0,0.0,0.0,0.5072101674018624,0.9952930828866787,0.06292020901707818,0.0,0.0009160340526537142,0.0,0.0,0.0,0.0,0.0,GPAB3210,GPAB3210.JPG,2024-10-03 23:33:47.131,2024-10-04 11:33:47.131,7.182908817709999,171.11916812149997,793970.5912360761,513157.05884063494,-1.6704426613660064,32.447644026367186,-0.6504289666666667
data/train\GPAB2992_jpg.rf.e4effd5df06ee1d3cc045935c76638eb.jpg,0.9934062957763672,0.108118903908604,0.10675733547394681,0.08901853768702361,0.09284302786702335,0.0,0.012895531789454278,0.0,0.0,0.108118903908604,0.09284302786702335,2.1124475008785862e-05,0.0,0.0,0.0010187758174691726,0.0,0.0,0.0,0.012895531789454278,0.0,0.0,0.019121490696589166,0.0,0.0,0.0,0.0,0.0010187758174691726,0.0,0.0,GPAB2992,GPAB2992.JPG,2024-10-03 23:26:30.695,2024-10-04 11:26:30.695,7.181668666649999,171.11946243695,793833.503933898,513189.58926902356,-1.8208786892710616,31.519125131835935,-0.6605115833333335
data/train\GPAB6017_jpg.rf.2a7ce631b79425a164d63b2137dcb999.jpg,0.9034242630004883,0.2813280765397342,0.2079214860876128,0.05509455122973251,0.03345732760027884,0.038250663020454254,0.0,0.009545382093742739,0.011368808368364755,0.20027826694807027,0.18159174839598022,0.017429612289067316,0.008632228651317495,0.016276407994269507,0.006328700671950346,0.0015843356256589397,0.0,0.028418180107273924,0.0,0.009545382093742739,0.011368808368364755,0.15785552011338083,0.150438908978478,0.015293159702951474,0.0063277404685408555,0.015733893067907505,0.006328700671950346,0.0015843356256589397,0.0,GPAB6017,GPAB6017.JPG,2024-10-04 01:07:26.745,2024-10-04 13:07:26.745,7.16981470915,171.135546364,792523.5706129366,514965.77115095983,-2.977653953488237,31.443212890625,-0.27477125000000013
data/train\GPAB6713_jpg.rf.d991c480a6e4da69850a6e3da6da04bd.jpg,0.8594989776611328,0.31570335859948573,0.264376645548593,0.04824638051324793,0.05809518688438959,0.03463837779395187,0.023034319590262,0.07572548168604037,0.06562606222502175,0.1891763951275438,0.17452081048849388,0.016672972002388986,0.0011954532448153817,0.0,0.0,0.0,0.0,0.02504114471609666,0.0,0.07572548168604037,0.06562606222502175,0.16086287719190434,0.14065539643918168,0.006539945422038205,0.0,0.0,0.0,0.0,0.0,GPAB6713,GPAB6713.JPG,2024-10-04 01:30:40.137,2024-10-04 13:30:40.137,7.1690614323099995,171.13516344986002,792440.2851731871,514923.517767007,-4.386167476909542,31.271611328124997,-0.1326484000000001
data/train\GPAB6798_jpg.rf.8586409eb79e92bd79db8bd31825a216.jpg,0.9321222305297852,0.10515667639032653,0.10210611015837595,0.02364692936551679,0.0027692266329699283,0.002574305340843404,0.0024984492714936733,0.06308152318987255,0.051612853666920804,0.036311052133283915,0.04799480721996148,0.002876769414832838,0.0,0.00031974773536025874,0.0,0.0,0.0,0.002574305340843404,0.0024984492714936733,0.06308152318987255,0.051612853666920804,0.012983870503127383,0.04522558058699155,0.002876769414832838,0.0,0.0,0.0,0.0,0.0,GPAB6798,GPAB6798.JPG,2024-10-04 01:33:30.307,2024-10-04 13:33:30.307,7.1687081731,171.13343346163998,792401.1773320517,514732.51922610874,-2.3261127650775,31.068662450195312,-0.1079693000000001
data/train\GPAB3115_jpg.rf.579f0cdc4939c117334ea9da5ff03dd0.jpg,0.902134895324707,0.6422896626421342,0.6211258192935591,0.014935964034621094,0.36495795269269843,0.007606731409981891,0.005041067899823898,0.6001472952030158,0.585975653082349,0.0013759714857995518,0.0025426186283302255,0.020087455326536375,0.020464815266466048,0.013005955181545658,0.0071016644165900105,9.506013753953637e-05,0.0,0.007606731409981891,0.005041067899823898,0.6001472952030158,0.22101770038965055,0.0013759714857995518,0.0025426186283302255,0.016895739193390727,0.020464815266466048,0.0012607470766607199,0.0071016644165900105,9.506013753953637e-05,0.0,GPAB3115,GPAB3115.JPG,2024-10-03 23:30:36.941,2024-10-04 11:30:36.941,7.18183213901,171.1210261328,793851.6207128506,513362.22902216314,-1.8412103286384136,31.97492462207031,-0.6583843166666667
data/train\GPAB5892_jpg.rf.546c74522ae889052219499406c99537.jpg,0.9701557159423828,0.5385636893319481,0.5326392342953932,0.11785824709106377,0.08342727323356179,0.0,0.04108230287504105,0.0,0.0,0.5384993557035123,0.49155693142035206,0.0,0.0,6.433362843584784e-05,0.0,0.0,0.0,0.0,0.0,0.0,0.0,0.42121531025132364,0.4492119610618313,0.0,0.0,6.433362843584784e-05,0.0,0.0,0.0,GPAB5892,GPAB5892.JPG,2024-10-04 01:03:16.495,2024-10-04 13:03:16.495,7.16952585635,171.1333894979,792491.5688643499,514727.6388749973,-2.0427544147317285,31.48611328124999,-0.3080755833333334
data/train\GPAB3033_jpg.rf.b0cd7079602c43998bfd2c3b473d35e1.jpg,0.8474044799804688,0.18468456357794835,0.2710759847366066,0.07043764150997747,0.05343627994154282,0.04155472295251026,0.03421780870059513,0.011734645867380546,0.04039575743725551,0.11362663066544017,0.173571169316508,0.019415312939893188,0.019196386562529408,0.0006327740468540856,0.0036948627197185453,0.0,0.0,0.008768577535465113,0.0,0.011734645867380546,0.04039575743725551,0.0811477503394319,0.16721270233886346,0.014266702258206379,0.006336382299226268,0.0006327740468540856,0.0036948627197185453,0.0,0.0,GPAB3033,GPAB3033.JPG,2024-10-03 23:27:52.777,2024-10-04 11:27:52.777,7.18149028518,171.1195379142,793813.786458155,513197.92770403624,-3.2874767756282726,31.61385777441406,-0.661
data/train\GPAB6706_jpg.rf.cb010cdced4c1802c4c01e3ba7e02cc2.jpg,0.8802299499511719,0.3888334104696739,0.3212120455597314,0.0421625317107176,0.029224750971245748,0.08664683526558266,0.04974237742523376,0.12415142023686297,0.12806232872371684,0.16398257806933822,0.1434073394107808,0.0,0.0,0.01416107988316245,0.0,0.0,0.0,0.06034110265918732,0.023614282449594123,0.12415142023686297,0.12806232872371684,0.14844264609014773,0.14031068341517466,0.0,0.0,0.01416107988316245,0.0,0.0,0.0,GPAB6706,GPAB6706.JPG,2024-10-04 01:30:26.123,2024-10-04 13:30:26.123,7.169099500050001,171.13535498519002,792444.4997021761,514944.664152283,-4.875002950148463,31.301113926757814,-0.13451693333333345
data/train\GPAB6691_jpg.rf.e53cc0d0f407655cd9ee813792227553.jpg,0.9348478317260742,0.24229580794395486,0.23396028214616985,0.12790965638160787,0.06541481747493388,0.05072178490291383,0.047635691144812115,0.051691590346499006,0.06807266051240295,0.13676945324097456,0.11285270671739102,0.0,0.0035085832582774333,0.0005146690274867827,0.0,0.00299199382397167,0.0018906405132863345,0.0,0.0,0.051691590346499006,0.06807266051240295,0.06276369586133126,0.09696422090055558,0.0,0.0035085832582774333,0.0005146690274867827,0.0,0.0,0.0,GPAB6691,GPAB6691.JPG,2024-10-04 01:29:56.000,2024-10-04 13:29:56.000,7.169180876,171.135777268,792453.509388651,514991.2861969621,-3.150713330221463,31.3016416015625,-0.13853333333333345
data/train\GPAB3160_jpg.rf.c692f2f8534baa6480662c80140f8c01.jpg,0.7772750854492188,0.337574871860855,0.33991008655273536,0.06956769722097929,0.1623559934936617,0.0,0.0,0.3234550807243006,0.3267668222836326,0.009630840197187372,0.009326455716378957,0.004488950939366996,0.0026607236476975282,0.0,0.0011560849050262808,0.0,0.0,0.0,0.0,0.2569120242432157,0.16707155243766839,0.008926050894621517,0.009326455716378957,0.0021690995020385117,0.0,0.0,0.0011560849050262808,0.0,0.0,GPAB3160,GPAB3160.JPG,2024-10-03 23:32:07.000,2024-10-04 11:32:07.000,7.182357198,171.119957411,793909.6337191093,513244.21843755944,-1.9795973267046292,32.163939453125,-0.6564166666666668
data/train\GPAB6584_jpg.rf.fbd70af85d16529ea84b50563e90760c.jpg,0.9643135070800781,0.31940974376011816,0.3415693180443345,0.17676192524624418,0.24389166601052767,0.0,0.0,0.0,0.013567674176097465,0.2906458904254277,0.3016546225152336,0.017261576692406518,0.015424707570051639,0.0,0.0,0.01153492355820657,0.010922313782951781,0.0,0.0,0.0,0.013567674176097465,0.11388396517918356,0.057762956504705955,0.017261576692406518,0.015424707570051639,0.0,0.0,0.01153492355820657,0.010922313782951781,GPAB6584,GPAB6584.JPG,2024-10-04 01:26:21.879,2024-10-04 13:26:21.879,7.169759879630001,171.13824634002,792517.5982365229,515263.87982162,-1.769807869034118,31.30970258496094,-0.1648121000000001
data/train\GPAB3193_jpg.rf.b20fe77d2415b67a0fc966d613aaf1f4.jpg,0.9120845794677734,0.5259494971414744,0.48345089423743526,0.0010783084288575693,0.0,0.0,0.0,0.20458189862940565,0.2132390925693699,0.10780875820733864,0.054231328364600755,0.21174405586079356,0.20923984536884294,0.0022334331304743596,0.00674062793462167,0.0,0.0,0.0,0.0,0.20458189862940565,0.2132390925693699,0.10673044977848108,0.054231328364600755,0.21174405586079356,0.20923984536884294,0.0022334331304743596,0.00674062793462167,0.0,0.0,GPAB3193,GPAB3193.JPG,2024-10-03 23:33:13.000,2024-10-04 11:33:13.000,7.182755807,171.119273757,793953.6792985428,513168.72621528566,-2.9320769255961587,32.301220703125004,-0.6515666666666668
data/train\GPAB4624_jpg.rf.171cc1916947444aa4cda7c4944883bc.jpg,0.969447135925293,0.5645266293211554,0.5700679631973237,0.5458343495486083,0.5495503367433358,0.537143548489312,0.5407337490373961,0.0,0.0,0.024301788090789152,0.025028662071773285,0.0,0.0,0.0,0.0,0.0036094046162739113,0.004305552088154354,0.0,0.0,0.0,0.0,0.015610987031492751,0.01621207436583366,0.0,0.0,0.0,0.0,0.0036094046162739113,0.004305552088154354,GPAB4624,GPAB4624.JPG,2024-10-04 00:20:57.959,2024-10-04 12:20:57.959,7.1708466954,171.13567124569,792637.6583333114,514979.52573416475,-1.8794506351652993,31.764789928710933,-0.5211020500000001
data/train\GPAB2990_jpg.rf.26380753fc33e784adf7e3cfce47a36f.jpg,0.3202037811279297,0.8728037747516434,0.1944450312354169,0.08035750293342142,0.00731482957349685,0.0,0.0013308419255535092,0.0,0.0,0.8728037747516434,0.16739898180030457,0.0,0.011813382546958748,0.0,0.005327208515851998,0.0,0.00857461644674808,0.0,0.0,0.0,0.0,0.7927160889762888,0.16739898180030457,0.0,0.005829394899015407,0.0,0.005327208515851998,0.0,0.00857461644674808,GPAB2990,GPAB2990.JPG,2024-10-03 23:26:26.691,2024-10-04 11:26:26.691,7.18163748061,171.11950655929,793830.0576611377,513194.46162700036,-1.8539056295757321,31.501947815429684,-0.6604448500000002
data/train\GPAB7067_jpg.rf.a302de79c7c7c7514de83ec1b06bfd44.jpg,0.9226589202880859,0.27316250674542897,0.33151022712651446,0.012169618011879636,0.046067678977114515,0.011541644982073003,0.012153294553918302,0.0,0.0,0.24418164744019374,0.3047071091540032,0.004754927283795799,0.003708305567451409,0.0,0.0,0.013038602097468328,0.010941517851141586,0.011541644982073003,0.012153294553918302,0.0,0.0,0.23267937079790982,0.2586394301768887,0.004095267541475986,0.003708305567451409,0.0,0.0,0.013038602097468328,0.010941517851141586,GPAB7067,GPAB7067.JPG,2024-10-04 01:42:28.845,2024-10-04 13:42:28.845,7.16901003395,171.13674629140002,792434.6549579452,515098.2827357203,-2.140769632878274,31.228710937500004,-0.03915400000000015
data/train\GPAB3032_jpg.rf.1d597c1e44f74b2246f4f867092f84fd.jpg,0.8812856674194336,0.4903451547175754,0.43098057892583963,0.020767279340455483,0.07795987501992423,0.04812443468024266,0.04322835749525179,0.04735627195265045,0.03714738930294994,0.3816126808303071,0.3408472450803978,0.00684721051307509,0.007691229310017034,0.0076595425975038555,0.0020663577372230534,0.0,0.0,0.04812443468024266,0.04322835749525179,0.04735627195265045,0.008388336985306968,0.3638930871115737,0.2993376516881336,0.004542722330298451,0.0,0.0076595425975038555,0.0020663577372230534,0.0,0.0,GPAB3032,GPAB3032.JPG,2024-10-03 23:27:50.775,2024-10-04 11:27:50.775,7.181504749250001,171.119512943,793815.384707788,513195.17026592407,-1.6525526258917704,31.605269116210938,-0.661
data/train\GPAB6251_jpg.rf.8b3bf7684a9fedc046ef83653d618b39.jpg,0.9354705810546875,0.12776562587018434,0.09401639643342045,0.04603215145096337,0.029144093884848565,0.05180681475563784,0.010470057977081865,0.0,0.0,0.059565258304319184,0.060059763060206675,0.009786393149524796,0.0157540573395068,0.006653249424358056,0.007732518056625115,0.0,0.0,0.05180681475563784,0.010470057977081865,0.0,0.0,0.014778490675464691,0.0358981646672031,0.00854100932741592,0.01077156184766181,0.006653249424358056,0.007732518056625115,0.0,0.0,GPAB6251,GPAB6251.JPG,2024-10-04 01:15:15.213,2024-10-04 13:15:15.213,7.16964938331,171.13603216293,792505.3100971096,515019.41407268046,-4.564289446117615,31.376399822265622,-0.2269858000000001
data/train\GPAB3125_jpg.rf.a045ca8067c98ff158a6793f5b0036c2.jpg,0.9205074310302734,0.48416336516727704,0.4508519884852407,0.0783161104848451,0.043826564219364234,0.10318249818041454,0.09499964472473849,0.2830333977949889,0.2801431855324232,0.07879909279981871,0.0585580049277639,0.019834921829840434,0.01715115330031514,0.0,0.0,0.0,0.0,0.07147850200586492,0.070879335078343,0.2817572874637763,0.2801431855324232,0.04686368760358194,0.03885175035479516,0.006689737153918686,0.01715115330031514,0.0,0.0,0.0,0.0,GPAB3125,GPAB3125.JPG,2024-10-03 23:30:56.961,2024-10-04 11:30:56.961,7.181962799759999,171.12082182225998,793866.0589979307,513339.6677043583,-2.5934685258492784,32.01791081347656,-0.6580506500000002
data/train\GPAB3188_jpg.rf.6ef4c2c858b06742b682fe5136f161be.jpg,0.8806447982788086,0.36185745588345436,0.3307478256193792,0.048573809875884104,0.012573863647275038,0.0021105270940596057,0.0,0.06801216769760506,0.0606291636820344,0.26906819940736243,0.25087426520434086,0.023193713356237385,0.014213891070684414,0.0,0.005030505662319506,0.0,0.0,0.0,0.0,0.06801216769760506,0.0606291636820344,0.2227575889676469,0.23830040155706586,0.023193713356237385,0.014213891070684414,0.0,0.005030505662319506,0.0,0.0,GPAB3188,GPAB3188.JPG,2024-10-03 23:33:03.000,2024-10-04 11:33:03.000,7.1826883,171.119373082,793946.2194149835,513179.6944071611,-2.169791510272034,32.301220703125004,-0.6519
data/train\GPAB4628_jpg.rf.a32dd5456b0963e5b59d0ca007cce0b1.jpg,0.8710536956787109,0.21332263026599554,0.09673281187886842,0.2113254071742558,0.05517616851953918,0.2113254071742558,0.0826283839968659,0.0,0.0,0.0,0.0,0.0,0.012654520733672221,0.001997223091739754,0.0,0.0,0.0014499071483303023,0.0,0.03697551289265118,0.0,0.0,0.0,0.0,0.0,0.003131223318347759,0.001997223091739754,0.0,0.0,0.0014499071483303023,GPAB4628,GPAB4628.JPG,2024-10-04 00:21:05.967,2024-10-04 12:21:05.967,7.1708208102,171.13555926371,792634.7931323395,514967.162573959,-1.7523282070788608,31.786416015625,-0.5206022000000001
data/train\GPAB3080_jpg.rf.78f928f2c19bd787656114709b49bc5b.jpg,0.9342641830444336,0.29873464394697374,0.2487627779068718,0.0,0.0,0.0,0.0,0.272271437981422,0.2283315697597379,0.015233627091563076,0.011334241045623104,0.009259241477714638,0.009096967101510783,0.001971297599683517,0.0,0.0,0.0,0.0,0.0,0.272271437981422,0.2283315697597379,0.015233627091563076,0.011334241045623104,0.009259241477714638,0.009096967101510783,0.001971297599683517,0.0,0.0,0.0,GPAB3080,GPAB3080.JPG,2024-10-03 23:29:26.871,2024-10-04 11:29:26.871,7.18209165935,171.12050913623,793880.2950311012,513305.14094218216,-4.708335343403753,31.717221975585936,-0.6606564500000001
data/train\GPAB6688_jpg.rf.57296e4a40af7ca9cfdf1f0f28a97d2c.jpg,0.9503707885742188,0.12051128911148537,0.0933701795388335,0.05274589369011932,0.02288356765497203,0.024916318272862923,0.0,0.0,0.005160133122600692,0.07851199198038113,0.0768671635399243,0.010873343409067777,0.0069701165494898435,0.0021134077042880765,0.0,0.004204730730157876,0.004372766326818673,0.02000199722309174,0.0,0.0,0.005160133122600692,0.03248848236010316,0.055478632593528615,0.010873343409067777,0.0069701165494898435,0.0021134077042880765,0.0,0.0028566051432335426,0.0028777296182423283,GPAB6688,GPAB6688.JPG,2024-10-04 01:29:50.000,2024-10-04 13:29:50.000,7.169201204,171.135858382,792455.759250491,515000.241415584,-2.1580067164138055,31.3273818359375,-0.13933333333333345
data/train\GPAB3412_jpg.rf.aabe456f2f3adad085609422103a52ae.jpg,0.12350273132324219,0.9272693927481598,0.046152176877149655,0.00792743934875164,0.0,0.0,0.001834948715535899,0.9272693927481598,0.03847919143191294,0.0,0.0019472925144462603,0.0,0.0,0.0,0.0038907442152545596,0.0,0.0,0.0,0.001834948715535899,0.9193419533994082,0.03847919143191294,0.0,0.0019472925144462603,0.0,0.0,0.0,0.0038907442152545596,0.0,0.0,GPAB3412,GPAB3412.JPG,2024-10-03 23:40:31.535,2024-10-04 11:40:31.535,7.1824871547,171.11920221685,793923.9783674488,513160.8353551912,-1.740642492948766,32.479107172851556,-0.6319488333333334
data/train\GPAB5916_jpg.rf.d72c77ea11466eba34b333085f39bc94.jpg,0.8442840576171875,0.3385744436101344,0.4334790281973333,0.20250785926490666,0.19768475753903708,0.0,0.0,0.0,0.0,0.3385744436101344,0.4334790281973333,0.0,0.0,0.0,0.0,0.0,0.0,0.0,0.0,0.0,0.0,0.13625670462030676,0.23579427065829625,0.0,0.0,0.0,0.0,0.0,0.0,GPAB5916,GPAB5916.JPG,2024-10-04 01:04:04.543,2024-10-04 13:04:04.543,7.16932066661,171.13322219640003,792468.8802615869,514709.1735353877,-1.8700283448927062,31.52239414160156,-0.30209140000000007
data/train\GPAB7090_jpg.rf.5a202a153d5630556c96afc11f25bef5.jpg,0.8867959976196289,0.1992105207567171,0.29020035604342426,0.07687580537060971,0.10952560190350724,0.03992909858024324,0.038955452323020105,0.0,0.0,0.13914019545900605,0.23182767037369195,0.007844861855535477,0.003915709503901307,0.0021748607224954535,0.0019981832951492446,0.010121504139436898,0.013503340547661617,0.0,0.0,0.0,0.0,0.10622346237827021,0.16517323029710615,0.004020371675535745,0.0,0.0021748607224954535,0.0019981832951492446,0.010121504139436898,0.013503340547661617,GPAB7090,GPAB7090.JPG,2024-10-04 01:43:14.891,2024-10-04 13:43:14.891,7.1688887885199994,171.13613666112,792421.2315584876,515030.97675110056,-1.9150111052991516,31.228710937500004,-0.03152543333333348
data/train\GPAB6739_jpg.rf.4d32d55f2ea6573a4c99327645b6c1e2.jpg,0.9516696929931641,0.20157166094065368,0.24897690326718813,0.1706531111550671,0.1770528668793197,0.0,0.0,0.0,0.0,0.19017212606318523,0.23556862285706603,0.0,0.0,0.0,0.0,0.011399534877468443,0.01340828041012208,0.0,0.0,0.0,0.0,0.019519975111527626,0.058515755977746324,0.0,0.0,0.0,0.0,0.011399534877468443,0.01340828041012208,GPAB6739,GPAB6739.JPG,2024-10-04 01:31:32.189,2024-10-04 13:31:32.189,7.16892010284,171.13447748312998,792424.6392940213,514847.78400516923,-1.7793849382944296,31.271611328124997,-0.12463516666666678
data/train\GPAB6208_jpg.rf.c473a27a0a8d6f6587dc146ae5eb3014.jpg,0.9898805618286133,0.06422416524716595,0.05857528858913472,0.044567841251490714,0.03233004879753727,0.0,0.0,0.0,0.0,0.06220389727359844,0.05857528858913472,0.0007499188628118981,0.0,0.001278990941441035,0.0,0.0,0.0,0.0,0.0,0.0,0.0,0.019663045419541676,0.02624523979159745,0.0,0.0,0.0,0.0,0.0,0.0,GPAB6208,GPAB6208.JPG,2024-10-04 01:13:49.127,2024-10-04 13:13:49.127,7.16988627398,171.13720448762,792531.5363234461,515148.8437423909,-4.449550425318252,31.469497959960933,-0.23572486666666675
data/train\GPAB3144_jpg.rf.4bc949a594eacdf2d8492217745d9740.jpg,0.7229022979736328,0.6341394561023808,0.39631819604665053,0.011197892161475487,0.035817507580805916,0.0,0.0,0.29045288954012016,0.17418954031221975,0.3055837748668678,0.2064398922267693,0.0066609310516339785,0.0061731477196129226,0.03302907687964619,0.00951561578804854,0.0,0.0,0.0,0.0,0.28910476395319584,0.17418954031221975,0.2959270091776242,0.1706223846459634,0.0066609310516339785,0.0061731477196129226,0.03302907687964619,0.00951561578804854,0.0,0.0,GPAB3144,GPAB3144.JPG,2024-10-03 23:31:34.999,2024-10-04 11:31:34.999,7.18218228506,171.12033840677,793890.308535768,513286.28843119123,-3.5832195820271897,32.06096993554688,-0.6574166833333335
data/train\GPAB6732_jpg.rf.e471efce5973afce8c168678effb0283.jpg,0.9281187057495117,0.12398626525043065,0.12482644323373464,0.05010245370379261,0.05899969849612942,0.03253169151353023,0.05158020675099813,0.024920159086500884,0.03651077444245789,0.05751618422846696,0.03409106185054242,0.009145937475394788,0.0026444001897361936,0.0,0.0,0.0,0.0,0.0,0.0,0.024920159086500884,0.03651077444245789,0.04239202032558577,0.02667157010541113,0.006855852343760503,0.0026444001897361936,0.0,0.0,0.0,0.0,GPAB6732,GPAB6732.JPG,2024-10-04 01:31:18.175,2024-10-04 13:31:18.175,7.16896310075,171.1346608905,792429.3985465459,514868.032825675,-3.679296875,31.250911889648435,-0.12697083333333342
data/train\GPAB3035_jpg.rf.d5c32d9742ccdb6a97e4a8d5755c24d6.jpg,0.641413688659668,0.4894569665637969,0.2278985180220578,0.0,0.0009650044265377178,0.0,0.0,0.4894569665637969,0.21213677905527506,0.0,0.0,0.0,0.004798136437222861,0.0,0.010963602529559862,0.0,0.0,0.0,0.0,0.4894569665637969,0.21213677905527506,0.0,0.0,0.0,0.0038331320106851437,0.0,0.010963602529559862,0.0,0.0,GPAB3035,GPAB3035.JPG,2024-10-03 23:27:56.781,2024-10-04 11:27:56.781,7.18146152717,171.11958317853,793810.6086320414,513202.9260793198,-6.007587007726488,31.598593815429684,-0.661
data/train\GPAB3196_jpg.rf.b987e9397cd4dc6740305db480e7d1a3.jpg,0.9380159378051758,0.09289103803749786,0.06099980219809765,0.007147754180245543,0.0,0.0,0.0,0.047803726741472916,0.021209933112230496,0.04283467409736078,0.03738936056214148,0.0020740393644989755,0.002400508523725666,0.00018819986826009222,0.0,0.0,0.0,0.0,0.0,0.047803726741472916,0.021209933112230496,0.03718963825296751,0.03738936056214148,0.0005751618422846696,0.002400508523725666,0.00018819986826009222,0.0,0.0,0.0,GPAB3196,GPAB3196.JPG,2024-10-03 23:33:19.103,2024-10-04 11:33:19.103,7.182800003970001,171.11921814572,793958.5635712167,513162.58502895833,-2.731530934999372,32.379767028320316,-0.6513632333333335
data/train\GPAB3163_jpg.rf.0e42e962764a40f2e739c5cd3e6b899f.jpg,0.2889289855957031,0.9630696166675948,0.2475087522540775,0.0,0.0,0.0,0.0,0.9630696166675948,0.2475087522540775,0.0,0.0,0.0,0.0,0.0,0.0,0.0,0.0,0.0,0.0,0.9630696166675948,0.2475087522540775,0.0,0.0,0.0,0.0,0.0,0.0,0.0,0.0,GPAB3163,GPAB3163.JPG,2024-10-03 23:32:13.000,2024-10-04 11:32:13.000,7.182394336,171.119895117,793913.7374372673,513237.3396181467,-2.9300292523236817,32.215419921875004,-0.6559166666666667
data/train\GPAB3121_jpg.rf.1b45c081583cecc29304e3ac5124201e.jpg,0.9196796417236328,0.12491670235422672,0.1365082779135932,0.011608859220737322,0.0014729520301580688,0.0,0.0,0.06424144890853678,0.049172016599996544,0.049550336743335706,0.08449021840786752,0.0026991317840771387,0.001023576834516624,0.008425784918277088,0.0018224660712125257,0.0,0.0,0.0,0.0,0.06424144890853678,0.049172016599996544,0.04514204289036589,0.08301726637770945,0.0018771976655534708,0.001023576834516624,0.002047153669033248,0.0018224660712125257,0.0,0.0,GPAB3121,GPAB3121.JPG,2024-10-03 23:30:48.953,2024-10-04 11:30:48.953,7.18191316151,171.12090398872,793860.5739992075,513348.74098058394,-1.7339945180051872,32.000917968749995,-0.6581841166666668
data/train\GPAB3226_jpg.rf.c75bfba17fbb447344c44f31fb1f214a.jpg,0.9858121871948242,0.0,0.014284946122986694,0.0,0.0,0.0,0.0,0.0,0.0,0.0,0.014284946122986694,0.0,0.0,0.0,0.0,0.0,0.0,0.0,0.0,0.0,0.0,0.0,0.014284946122986694,0.0,0.0,0.0,0.0,0.0,0.0,GPAB3226,GPAB3226.JPG,2024-10-03 23:34:19.163,2024-10-04 11:34:19.163,7.182704106459999,171.11943790926,793947.96864677,513186.8513834353,-1.8215662989806276,32.47282226562499,-0.6487224666666668
