image,accuracy,coral_cover,coral_cover_pred,pct_bleached_true,pct_bleached_pred,cover_true__branching_acropora,cover_pred__branching_acropora,cover_true__finger_acropora,cover_pred__finger_acropora,cover_true__finger_porites,cover_pred__finger_porites,cover_true__knob_porites,cover_pred__knob_porites,cover_true__mounding_,cover_pred__mounding_,cover_true__oddball,cover_pred__oddball,cover_true__pocillopora_,cover_pred__pocillopora_,cover_true__table_acropora,cover_pred__table_acropora,cover_healthy_true__branching_acropora,cover_healthy_pred__branching_acropora,cover_healthy_true__finger_acropora,cover_healthy_pred__finger_acropora,cover_healthy_true__finger_porites,cover_healthy_pred__finger_porites,cover_healthy_true__knob_porites,cover_healthy_pred__knob_porites,cover_healthy_true__mounding_,cover_healthy_pred__mounding_,cover_healthy_true__oddball,cover_healthy_pred__oddball,cover_healthy_true__pocillopora_,cover_healthy_pred__pocillopora_,cover_healthy_true__table_acropora,cover_healthy_pred__table_acropora,image_id,filename,DateTimeUTC,DateTimeLocal,latPhoto,lonPhoto,NorthPhoto_UTM,EastPhoto_UTM,Depth_WaterSurface,HoboTempPhoto,photo_tide
data/versions/1.2/train\GPAB2365_jpg.rf.3c73bb630d4ec000f6df3e0d510543b6.jpg,0.4468040466308594,0.46313971151648764,0.9692955755747298,0.28566435513699223,0.0,0.0,0.0,0.013532146649946324,0.0,0.002520533949911949,0.0,0.14130257353717812,0.9692955755747298,0.27523174509288045,0.0,0.007791090464604022,0.0,0.022761621821966765,0.0,0.0,0.0,0.0,0.0,0.00309953660583458,0.0,0.002520533949911949,0.0,0.14130257353717812,0.9692955755747298,0.0,0.0,0.007791090464604022,0.0,0.022761621821966765,0.0,0.0,0.0,GPAB2365,GPAB2365.JPG,2024-10-02 01:13:09.420,2024-10-02 13:13:09.420,7.152226181600001,171.0417233486,790577.2058399036,504606.8775186095,-1.21919316890974,31.54008197265625,
data/versions/1.2/train\GPAB3278_sr01_jpg.rf.d17c774961f27e8f42210131d8253a3f.jpg,0.36359119415283203,0.7383781780332346,0.1252931020907469,0.0,0.08869878995166336,0.0,0.0,0.0,0.10314409004403492,0.7383781780332346,0.00198185983718791,0.0,0.0,0.0,0.020167152209524065,0.0015286438279085042,0.0,0.0,0.0,0.0,0.0,0.0,0.0,0.0,0.014445300092371568,0.7383781780332346,0.00198185983718791,0.0,0.0,0.0,0.020167152209524065,0.0015286438279085042,0.0,0.0,0.0,0.0,0.0,GPAB3278,GPAB3278.JPG,2024-10-03 23:36:03.267,2024-10-04 11:36:03.267,7.18249938968,171.11906971146,793925.3271121432,513146.2053759038,-4.263808955096497,32.387021484375,-0.6418366500000001
data/versions/1.2/train\GPAB3278_sr01_jpg.rf.d17c774961f27e8f42210131d8253a3f.jpg,0.36359119415283203,0.7383781780332346,0.1252931020907469,0.0,0.08869878995166336,0.0,0.0,0.0,0.10314409004403492,0.7383781780332346,0.00198185983718791,0.0,0.0,0.0,0.020167152209524065,0.0015286438279085042,0.0,0.0,0.0,0.0,0.0,0.0,0.0,0.0,0.014445300092371568,0.7383781780332346,0.00198185983718791,0.0,0.0,0.0,0.020167152209524065,0.0015286438279085042,0.0,0.0,0.0,0.0,0.0,GPAB3278,GPAB3278.JPG,2024-10-02 01:43:37.246,2024-10-02 13:43:37.246,7.1487904568,171.04260900946,790197.4047851774,504704.7028107476,-4.953255944660532,31.12462600976562,
data/versions/1.2/train\GPAB5695_jpg.rf.4b6b69f9921b27c3de3bfcc6499d93f3.jpg,0.32134342193603516,0.6664791069340129,0.05183850146815101,0.1609925046521855,0.03126038219936511,0.0,0.0,0.0,0.033844289574303424,0.02036303370506008,0.0,0.0,0.0,0.6461160732289528,0.017994211893847593,0.0,0.0,0.0,0.0,0.0,0.0,0.0,0.0,0.0,0.002583907374938307,0.02036303370506008,0.0,0.0,0.0,0.4851235685767673,0.017994211893847593,0.0,0.0,0.0,0.0,0.0,0.0,GPAB5695,GPAB5695.JPG,2024-10-04 00:56:42.101,2024-10-04 12:56:42.101,7.17073358461,171.13791932677,792625.2281758641,515227.7416393787,-2.700166242309947,32.13733263085938,-0.3561932666666668
data/versions/1.2/train\GPAB5695_jpg.rf.4b6b69f9921b27c3de3bfcc6499d93f3.jpg,0.32134342193603516,0.6664791069340129,0.05183850146815101,0.1609925046521855,0.03126038219936511,0.0,0.0,0.0,0.033844289574303424,0.02036303370506008,0.0,0.0,0.0,0.6461160732289528,0.017994211893847593,0.0,0.0,0.0,0.0,0.0,0.0,0.0,0.0,0.0,0.002583907374938307,0.02036303370506008,0.0,0.0,0.0,0.4851235685767673,0.017994211893847593,0.0,0.0,0.0,0.0,0.0,0.0,GPAB5695,GPAB5695.JPG,2024-10-02 03:04:16.000,2024-10-02 15:04:16.000,7.136994442,171.046262964,788893.4267964757,505108.2876972677,-2.238211692106334,31.820736328125,
data/versions/1.2/train\GPAB6738_jpg.rf.fb0e439af4ed6e91340673e23d74129f.jpg,0.8095941543579102,0.2184366736249407,0.09804348953282263,0.05993013559992549,0.020534910115358837,0.06562798263184073,0.0,0.12726343948702093,0.07009388868937996,0.008922210080983555,0.0,0.0,0.0,0.0,0.024124150460033453,0.0,0.0,0.017492025510684184,0.0038254503834092212,0.0,0.0,0.06562798263184073,0.0,0.06733330388709544,0.04955897857402112,0.008922210080983555,0.0,0.0,0.0,0.0,0.024124150460033453,0.0,0.0,0.017492025510684184,0.0038254503834092212,0.0,0.0,GPAB6738,GPAB6738.JPG,2024-10-04 01:31:30.187,2024-10-04 13:31:30.187,7.16892920512,171.13450362028,792425.6463748636,514850.6695425962,-1.734347403494139,31.271611328125,-0.1249688333333334
data/versions/1.2/train\GPAB6738_jpg.rf.fb0e439af4ed6e91340673e23d74129f.jpg,0.8095941543579102,0.2184366736249407,0.09804348953282263,0.05993013559992549,0.020534910115358837,0.06562798263184073,0.0,0.12726343948702093,0.07009388868937996,0.008922210080983555,0.0,0.0,0.0,0.0,0.024124150460033453,0.0,0.0,0.017492025510684184,0.0038254503834092212,0.0,0.0,0.06562798263184073,0.0,0.06733330388709544,0.04955897857402112,0.008922210080983555,0.0,0.0,0.0,0.0,0.024124150460033453,0.0,0.0,0.017492025510684184,0.0038254503834092212,0.0,0.0,GPAB6738,GPAB6738.JPG,2024-10-02 03:39:04.166,2024-10-02 15:39:04.166,7.13058324574,171.05065750362,788184.7379425504,505593.6041644891,-2.223012864901575,31.36670433398437,
data/versions/1.2/train\GPAB4446_jpg.rf.d76aab185399ee99678d32ea3165905d.jpg,0.9004135131835938,0.1473624172544712,0.2430313237556244,0.145062730088742,0.02998427186815255,0.0,0.0,0.1420755372818178,0.20046742701973985,0.0,0.0,0.0,0.0,0.0009227554765201461,0.04040343906453143,0.0,0.0,0.004364124496133261,0.0021604576713530996,0.0,0.0,0.0,0.0,0.0,0.17048315515158732,0.0,0.0,0.0,0.0,0.0,0.04040343906453143,0.0,0.0,0.002317931030509503,0.0021604576713530996,0.0,0.0,GPAB4446,GPAB4446.JPG,2024-10-04 00:15:01.603,2024-10-04 12:15:01.603,7.17081276565,171.13427875151,792633.8622680112,514825.7806213616,-1.87000435987635,31.48611328124999,-0.5448664166666667
data/versions/1.2/train\GPAB4446_jpg.rf.d76aab185399ee99678d32ea3165905d.jpg,0.9004135131835938,0.1473624172544712,0.2430313237556244,0.145062730088742,0.02998427186815255,0.0,0.0,0.1420755372818178,0.20046742701973985,0.0,0.0,0.0,0.0,0.0009227554765201461,0.04040343906453143,0.0,0.0,0.004364124496133261,0.0021604576713530996,0.0,0.0,0.0,0.0,0.0,0.17048315515158732,0.0,0.0,0.0,0.0,0.0,0.04040343906453143,0.0,0.0,0.002317931030509503,0.0021604576713530996,0.0,0.0,GPAB4446,GPAB4446.JPG,2024-10-02 02:22:35.582,2024-10-02 14:22:35.582,7.139461723559999,171.04366029976,789166.1498902243,504820.8794988272,-1.482810602231849,31.40031249999999,
data/versions/1.2/train\GPAB5442_jpg.rf.687bcc0edd1a5cd3ff87ac9bca8ac672.jpg,0.6917648315429688,0.6856927771579131,0.5166105587807721,0.10555228019503651,0.0,0.031155720027730673,0.0,0.6377114127856846,0.5005089078070298,0.0,0.0,0.0,0.0,0.0,0.0,0.0,0.0,0.01683140556495488,0.016101650973742276,0.0,0.0,0.031155720027730673,0.0,0.532159132590648,0.5005089078070298,0.0,0.0,0.0,0.0,0.0,0.0,0.0,0.0,0.01683140556495488,0.016101650973742276,0.0,0.0,GPAB5442,GPAB5442.JPG,2024-10-04 00:48:15.595,2024-10-04 12:48:15.595,7.1710587124,171.13286529995,792661.0056843652,514669.7126197103,-1.703924713212027,31.84044905761718,-0.3992202500000002
data/versions/1.2/train\GPAB5442_jpg.rf.687bcc0edd1a5cd3ff87ac9bca8ac672.jpg,0.6917648315429688,0.6856927771579131,0.5166105587807721,0.10555228019503651,0.0,0.031155720027730673,0.0,0.6377114127856846,0.5005089078070298,0.0,0.0,0.0,0.0,0.0,0.0,0.0,0.0,0.01683140556495488,0.016101650973742276,0.0,0.0,0.031155720027730673,0.0,0.532159132590648,0.5005089078070298,0.0,0.0,0.0,0.0,0.0,0.0,0.0,0.0,0.01683140556495488,0.016101650973742276,0.0,0.0,GPAB5442,GPAB5442.JPG,2024-10-02 02:55:49.574,2024-10-02 14:55:49.574,7.13618125602,171.04704120836,788803.5400440571,505194.2294703631,-1.879557715695438,31.81890877148437,
data/versions/1.2/train\GPAB4585_jpg.rf.db7c05489c86feb0202db4c7dd4a8d2f.jpg,0.9218654632568359,0.24303324416244337,0.22274222571309507,0.03427638110857404,0.015979705140737013,0.004041496150544531,0.0,0.016093969346466355,0.01713098902871584,0.005199501462389793,0.0,0.0,0.20016016192870298,0.21550421241235743,0.005451074755676242,0.0,0.0,0.002527255373778381,0.0,0.0,0.0,0.0,0.0,0.0,0.0011512838879788295,0.005199501462389793,0.0,0.0,0.20016016192870298,0.20143531205650606,0.005451074755676242,0.0,0.0,0.002527255373778381,0.0,0.0,0.0,GPAB4585,GPAB4585.JPG,2024-10-04 00:19:39.881,2024-10-04 12:19:39.881,7.17104751734,171.13655797533,792659.8877602232,515077.4235439185,-2.197948875604419,31.81593577441406,-0.5253412666666668
data/versions/1.2/train\GPAB4585_jpg.rf.db7c05489c86feb0202db4c7dd4a8d2f.jpg,0.9218654632568359,0.24303324416244337,0.22274222571309507,0.03427638110857404,0.015979705140737013,0.004041496150544531,0.0,0.016093969346466355,0.01713098902871584,0.005199501462389793,0.0,0.0,0.20016016192870298,0.21550421241235743,0.005451074755676242,0.0,0.0,0.002527255373778381,0.0,0.0,0.0,0.0,0.0,0.0,0.0011512838879788295,0.005199501462389793,0.0,0.0,0.20016016192870298,0.20143531205650606,0.005451074755676242,0.0,0.0,0.002527255373778381,0.0,0.0,0.0,GPAB4585,GPAB4585.JPG,2024-10-02 02:27:13.860,2024-10-02 14:27:13.860,7.1379589834,171.044754792,789000.0377292614,504941.747205245,-1.439876339026529,31.48611328124999,
data/versions/1.2/train\GPAB6736_jpg.rf.2a447b81d9e09d99d2aa4e6de92083cb.jpg,0.7304496765136719,0.3973052851516065,0.19803235117327256,0.25082049381340943,0.024283544226008837,0.0007182321502987193,0.0,0.38198043873614185,0.18091000397524212,0.0,0.0,0.0,0.010898308697714524,0.006375750639015369,0.0,0.001037979885658978,0.0,0.007238973504147118,0.006224038500315907,0.0,0.0,0.0,0.0,0.13531762568582528,0.15662645974923328,0.0,0.0,0.0,0.010898308697714524,0.0030140785023899464,0.0,0.001037979885658978,0.0,0.007238973504147118,0.006224038500315907,0.0,0.0,GPAB6736,GPAB6736.JPG,2024-10-04 01:31:26.183,2024-10-04 13:31:26.183,7.16894337818,171.13455720402,792427.2149066468,514856.5853244711,-1.818482604831432,31.271611328125,-0.1256361666666668
data/versions/1.2/train\GPAB6736_jpg.rf.2a447b81d9e09d99d2aa4e6de92083cb.jpg,0.7304496765136719,0.3973052851516065,0.19803235117327256,0.25082049381340943,0.024283544226008837,0.0007182321502987193,0.0,0.38198043873614185,0.18091000397524212,0.0,0.0,0.0,0.010898308697714524,0.006375750639015369,0.0,0.001037979885658978,0.0,0.007238973504147118,0.006224038500315907,0.0,0.0,0.0,0.0,0.13531762568582528,0.15662645974923328,0.0,0.0,0.0,0.010898308697714524,0.0030140785023899464,0.0,0.001037979885658978,0.0,0.007238973504147118,0.006224038500315907,0.0,0.0,GPAB6736,GPAB6736.JPG,2024-10-02 03:39:00.162,2024-10-02 15:39:00.162,7.13062638286,171.05063603062,788189.5063698885,505591.2325909796,-2.378274462215403,31.36529720117187,
data/versions/1.2/train\GPAB6680_jpg.rf.8ffe46388f899aa283fc4a3f321cec09.jpg,0.7601184844970703,0.24580055038859433,0.0445399953526155,0.1901548424018144,0.010140708207626704,0.0,0.0,0.22843143091432488,0.04210491950614818,0.0,0.0,0.0,0.0,0.0,0.0024350758464673156,0.0,0.0,0.017369119474269428,0.0,0.0,0.0,0.0,0.0,0.038288110953424374,0.03196421129852148,0.0,0.0,0.0,0.0,0.0,0.0024350758464673156,0.0,0.0,0.017369119474269428,0.0,0.0,0.0,GPAB6680,GPAB6680.JPG,2024-10-04 01:29:34.000,2024-10-04 13:29:34.000,7.169237045,171.136054161,792459.7277897578,515021.8564096563,-1.800865623755922,31.3188017578125,-0.1414666666666668
data/versions/1.2/train\GPAB6680_jpg.rf.8ffe46388f899aa283fc4a3f321cec09.jpg,0.7601184844970703,0.24580055038859433,0.0445399953526155,0.1901548424018144,0.010140708207626704,0.0,0.0,0.22843143091432488,0.04210491950614818,0.0,0.0,0.0,0.0,0.0,0.0024350758464673156,0.0,0.0,0.017369119474269428,0.0,0.0,0.0,0.0,0.0,0.038288110953424374,0.03196421129852148,0.0,0.0,0.0,0.0,0.0,0.0024350758464673156,0.0,0.0,0.017369119474269428,0.0,0.0,0.0,GPAB6680,GPAB6680.JPG,2024-10-02 03:37:08.000,2024-10-02 15:37:08.000,7.131861591,171.050107668,788326.0487975802,505532.8759292321,-2.29084451210642,31.3659921875,
data/versions/1.2/train\GPAB6728_jpg.rf.c94a7a80fbc13b2ef9bf80be068ef9ee.jpg,0.13202285766601562,0.14807008716726552,0.9649631377911096,0.03579350249556866,0.9418587233519549,0.020153709361791203,0.0,0.018352367765587463,0.9418587233519549,0.010758118999928946,0.02310441443915479,0.06829734811022367,0.0,0.004651225315570851,0.0,0.0,0.0,0.0,0.0,0.025927412463056174,0.0,0.0,0.0,0.012301165878979803,0.0,0.010758118999928946,0.02310441443915479,0.06829734811022367,0.0,0.003254129354762513,0.0,0.0,0.0,0.0,0.0,0.01773591717669471,0.0,GPAB6728,GPAB6728.JPG,2024-10-04 01:31:10.167,2024-10-04 13:31:10.167,7.16898296277,171.13476440396,792431.597599309,514879.4612180833,-5.530522789442914,31.2287109375,-0.1283055000000001
data/versions/1.2/train\GPAB6728_jpg.rf.c94a7a80fbc13b2ef9bf80be068ef9ee.jpg,0.13202285766601562,0.14807008716726552,0.9649631377911096,0.03579350249556866,0.9418587233519549,0.020153709361791203,0.0,0.018352367765587463,0.9418587233519549,0.010758118999928946,0.02310441443915479,0.06829734811022367,0.0,0.004651225315570851,0.0,0.0,0.0,0.0,0.0,0.025927412463056174,0.0,0.0,0.0,0.012301165878979803,0.0,0.010758118999928946,0.02310441443915479,0.06829734811022367,0.0,0.003254129354762513,0.0,0.0,0.0,0.0,0.0,0.01773591717669471,0.0,GPAB6728,GPAB6728.JPG,2024-10-02 03:38:44.146,2024-10-02 15:38:44.146,7.130775032400001,171.05056801072,788205.9383358349,505583.7200285811,-2.343553425348395,31.36661853320312,
data/versions/1.2/train\GPAB6415_jpg.rf.6edab159b05aadee5406742ad5b6bae4.jpg,0.7912607192993164,0.3242386067064447,0.22195293851049405,0.19255535092554008,0.020129704276553945,0.05995029987152478,0.0,0.24106098635935036,0.13294208245074637,0.0,0.011020254530719788,0.0,0.0,0.0,0.07799060152902791,0.012667003377995594,0.0,0.000799849440105392,0.0,0.009821920675675935,0.0,0.006625403525482838,0.0,0.11370728775183735,0.11281237817419242,0.0,0.011020254530719788,0.0,0.0,0.0,0.07799060152902791,0.0019348098701228867,0.0,0.000799849440105392,0.0,0.009821920675675935,0.0,GPAB6415,GPAB6415.JPG,2024-10-04 01:20:43.541,2024-10-04 13:20:43.541,7.169084826520001,171.13439770222,792442.8465272264,514838.9699743025,-1.85755426732758,31.14058924511719,-0.1991945333333334
data/versions/1.2/train\GPAB6415_jpg.rf.6edab159b05aadee5406742ad5b6bae4.jpg,0.7912607192993164,0.3242386067064447,0.22195293851049405,0.19255535092554008,0.020129704276553945,0.05995029987152478,0.0,0.24106098635935036,0.13294208245074637,0.0,0.011020254530719788,0.0,0.0,0.0,0.07799060152902791,0.012667003377995594,0.0,0.000799849440105392,0.0,0.009821920675675935,0.0,0.006625403525482838,0.0,0.11370728775183735,0.11281237817419242,0.0,0.011020254530719788,0.0,0.0,0.0,0.07799060152902791,0.0019348098701228867,0.0,0.000799849440105392,0.0,0.009821920675675935,0.0,GPAB6415,GPAB6415.JPG,2024-10-02 03:28:17.520,2024-10-02 15:28:17.520,7.133347150000001,171.050050079,788490.2724968828,505526.4991525236,-3.432581730743378,31.290830703125,
data/versions/1.2/train\GPAB5551_jpg.rf.03d9c5591749f6be2be91b571c170b0f.jpg,0.7837972640991211,0.2124613278076828,0.028260706748117523,0.05755267195802759,0.013653132279542098,0.07100128091134826,0.0,0.0671700693074821,0.013653132279542098,0.005375218686326511,0.011144120770544032,0.0,0.0,0.06358274936962646,0.003463453698031391,0.0,0.0,0.0053444921772228225,0.0,0.0,0.0,0.07100128091134826,0.0,0.015143367971070992,0.0,0.005375218686326511,0.011144120770544032,0.0,0.0,0.05805677874800998,0.003463453698031391,0.0,0.0,0.0053444921772228225,0.0,0.0,0.0,GPAB5551,GPAB5551.JPG,2024-10-04 00:51:53.813,2024-10-04 12:51:53.813,7.171681357180001,171.13511276638,792729.9100384677,514917.8364977348,-1.890462209665195,32.26529591601562,-0.3827218166666668
data/versions/1.2/train\GPAB5551_jpg.rf.03d9c5591749f6be2be91b571c170b0f.jpg,0.7837972640991211,0.2124613278076828,0.028260706748117523,0.05755267195802759,0.013653132279542098,0.07100128091134826,0.0,0.0671700693074821,0.013653132279542098,0.005375218686326511,0.011144120770544032,0.0,0.0,0.06358274936962646,0.003463453698031391,0.0,0.0,0.0053444921772228225,0.0,0.0,0.0,0.07100128091134826,0.0,0.015143367971070992,0.0,0.005375218686326511,0.011144120770544032,0.0,0.0,0.05805677874800998,0.003463453698031391,0.0,0.0,0.0053444921772228225,0.0,0.0,0.0,GPAB5551,GPAB5551.JPG,2024-10-02 02:59:27.792,2024-10-02 14:59:27.792,7.135516579040001,171.04910502612,788730.0856078241,505422.121437953,-1.344008997458496,31.65771484374999,
data/versions/1.2/train\GPAB4583_jpg.rf.d0f6ee6e27b8aac8b47085b723d6e97c.jpg,0.7836942672729492,0.16631779276121852,0.05871451808351081,0.076749058520557,0.05871451808351081,0.0,0.0,0.061806373062069465,0.05871451808351081,0.028625584043723822,0.0,0.0,0.0,0.04906351361472414,0.0,0.0,0.0,0.026978835196448017,0.0,0.0,0.0,0.0,0.0,0.028456588243653536,0.0,0.028625584043723822,0.0,0.0,0.0,0.017345114389032173,0.0,0.0,0.0,0.015318124991598221,0.0,0.0,0.0,GPAB4583,GPAB4583.JPG,2024-10-04 00:19:35.877,2024-10-04 12:19:35.877,7.171059849120001,171.13661570107,792661.2529062034,515083.7966731831,-2.217803075362389,31.79875845800781,-0.5256082000000001
data/versions/1.2/train\GPAB4583_jpg.rf.d0f6ee6e27b8aac8b47085b723d6e97c.jpg,0.7836942672729492,0.16631779276121852,0.05871451808351081,0.076749058520557,0.05871451808351081,0.0,0.0,0.061806373062069465,0.05871451808351081,0.028625584043723822,0.0,0.0,0.0,0.04906351361472414,0.0,0.0,0.0,0.026978835196448017,0.0,0.0,0.0,0.0,0.0,0.028456588243653536,0.0,0.028625584043723822,0.0,0.0,0.0,0.017345114389032173,0.0,0.0,0.0,0.015318124991598221,0.0,0.0,0.0,GPAB4583,GPAB4583.JPG,2024-10-02 02:27:09.856,2024-10-02 14:27:09.856,7.137917445919999,171.04477817092,788995.4461270189,504944.3291118402,-1.582765969402695,31.47691543749999,
data/versions/1.2/train\GPAB4134_jpg.rf.cd5eb3c4a682b1b00f5dcd0526efd657.jpg,0.10543346405029297,0.30520161390989065,0.7666648102734083,0.19101038363967024,0.7666648102734083,0.0,0.0,0.0,0.7666648102734083,0.030120620752300167,0.0,0.05411418354864295,0.0,0.21955915141063484,0.0,0.0,0.0,0.0016995600347977716,0.0,0.0,0.0,0.0,0.0,0.0,0.0,0.030120620752300167,0.0,0.05411418354864295,0.0,0.0285487677709646,0.0,0.0,0.0,0.0016995600347977716,0.0,0.0,0.0,GPAB4134,GPAB4134.JPG,2024-10-04 00:04:36.979,2024-10-04 12:04:36.979,7.17515595557,171.12771277301,793113.7846828531,514100.6929880689,,31.16874048144531,-0.5929184166666668
data/versions/1.2/train\GPAB4134_jpg.rf.cd5eb3c4a682b1b00f5dcd0526efd657.jpg,0.10543346405029297,0.30520161390989065,0.7666648102734083,0.19101038363967024,0.7666648102734083,0.0,0.0,0.0,0.7666648102734083,0.030120620752300167,0.0,0.05411418354864295,0.0,0.21955915141063484,0.0,0.0,0.0,0.0016995600347977716,0.0,0.0,0.0,0.0,0.0,0.0,0.0,0.030120620752300167,0.0,0.05411418354864295,0.0,0.0285487677709646,0.0,0.0,0.0,0.0016995600347977716,0.0,0.0,0.0,GPAB4134,GPAB4134.JPG,2024-10-02 02:12:10.958,2024-10-02 14:12:10.958,7.143316027379999,171.0426264774,789592.2218243899,504706.6875549732,-3.567213720649987,31.185810546875,
data/versions/1.2/train\GPAB4579_jpg.rf.a48ec6435f51ef0c7d07347a796e51af.jpg,0.9964046478271484,0.9948187424023905,0.9949186035569775,0.0,0.0,0.0,0.0,0.0,0.9949186035569775,0.0,0.0,0.0,0.0,0.0,0.0,0.0,0.0,0.0,0.0,0.9948187424023905,0.0,0.0,0.0,0.0,0.9949186035569775,0.0,0.0,0.0,0.0,0.0,0.0,0.0,0.0,0.0,0.0,0.9948187424023905,0.0,GPAB4579,GPAB4579.JPG,2024-10-04 00:19:27.869,2024-10-04 12:19:27.869,7.17108521049,171.136727071,792664.0602075986,515096.0922612942,-1.867553665694168,31.80842820605469,-0.5261420666666669
data/versions/1.2/train\GPAB4579_jpg.rf.a48ec6435f51ef0c7d07347a796e51af.jpg,0.9964046478271484,0.9948187424023905,0.9949186035569775,0.0,0.0,0.0,0.0,0.0,0.9949186035569775,0.0,0.0,0.0,0.0,0.0,0.0,0.0,0.0,0.0,0.0,0.9948187424023905,0.0,0.0,0.0,0.0,0.9949186035569775,0.0,0.0,0.0,0.0,0.0,0.0,0.0,0.0,0.0,0.0,0.9948187424023905,0.0,GPAB4579,GPAB4579.JPG,2024-10-02 02:27:01.848,2024-10-02 14:27:01.848,7.13783759,171.04482254412,788986.6187532638,504949.2295838568,-1.702129833052144,31.443212890625,
data/versions/1.2/train\GPAB4140_jpg.rf.0ef8aa6858988bef24dfa7bb41b97fde.jpg,0.8562955856323242,0.22441778066265558,0.2925547748034944,0.0,0.10935468569661796,0.0,0.0,0.0,0.19052260030764917,0.0,0.0,0.012171538418698617,0.0,0.21224624224395697,0.1020321744958452,0.0,0.0,0.0,0.0,0.0,0.0,0.0,0.0,0.0,0.0811679146110312,0.0,0.0,0.012171538418698617,0.0,0.21224624224395697,0.1020321744958452,0.0,0.0,0.0,0.0,0.0,0.0,GPAB4140,GPAB4140.JPG,2024-10-04 00:04:48.991,2024-10-04 12:04:48.991,7.17506029834,171.12781680281,793103.2132017193,514112.181822839,,31.14291015625,-0.5919174166666668
data/versions/1.2/train\GPAB4140_jpg.rf.0ef8aa6858988bef24dfa7bb41b97fde.jpg,0.8562955856323242,0.22441778066265558,0.2925547748034944,0.0,0.10935468569661796,0.0,0.0,0.0,0.19052260030764917,0.0,0.0,0.012171538418698617,0.0,0.21224624224395697,0.1020321744958452,0.0,0.0,0.0,0.0,0.0,0.0,0.0,0.0,0.0,0.0811679146110312,0.0,0.0,0.012171538418698617,0.0,0.21224624224395697,0.1020321744958452,0.0,0.0,0.0,0.0,0.0,0.0,GPAB4140,GPAB4140.JPG,2024-10-02 02:12:22.970,2024-10-02 14:12:22.970,7.143446865,171.0426383873,789606.6856840022,504708.0012720953,-3.766089422920813,31.2287109375,
data/versions/1.2/train\GPAB3207_jpg.rf.59b13473fdee7f43b0c8751b7481a7a2.jpg,0.9135265350341797,0.917531969972519,0.9776214993384198,0.0014143796221791625,0.0,0.0,0.0,0.0023861054725833122,0.0,0.9175194873281957,0.0,0.0,0.9776214993384198,0.0,0.0,0.0,0.0,0.0,0.0,0.0,0.0,0.0,0.0,0.0009717258504041497,0.0,0.9175194873281957,0.0,0.0,0.9776214993384198,0.0,0.0,0.0,0.0,0.0,0.0,0.0,0.0,GPAB3207,GPAB3207.JPG,2024-10-03 23:33:41.125,2024-10-04 11:33:41.125,7.182928803999999,171.1191272005,793972.7994983876,513152.5402730542,-1.7181146972041,32.429921875,-0.6506291666666668
data/versions/1.2/train\GPAB3207_jpg.rf.59b13473fdee7f43b0c8751b7481a7a2.jpg,0.9135265350341797,0.917531969972519,0.9776214993384198,0.0014143796221791625,0.0,0.0,0.0,0.0023861054725833122,0.0,0.9175194873281957,0.0,0.0,0.9776214993384198,0.0,0.0,0.0,0.0,0.0,0.0,0.0,0.0,0.0,0.0,0.0009717258504041497,0.0,0.9175194873281957,0.0,0.0,0.9776214993384198,0.0,0.0,0.0,0.0,0.0,0.0,0.0,0.0,GPAB3207,GPAB3207.JPG,2024-10-02 01:41:15.104,2024-10-02 13:41:15.104,7.147728337479999,171.04252311152,790079.9895230564,504695.229173092,-7.245446001497722,31.086693484375,
data/versions/1.2/train\GPAB6318_jpg.rf.d15aea90cad5a842336ad5d3bce3c7bf.jpg,0.8302879333496094,0.3316734617061278,0.24663208654121288,0.1566456638174231,0.051483226206639615,0.019583348536553982,0.0,0.24169280020279496,0.22203263539348175,0.0,0.0,0.0,0.0,0.0,0.0,0.0,0.0,0.03876533204794103,0.024599451147731134,0.03172416044614891,0.0,0.01773207636305675,0.0,0.09776407034066097,0.17054940918684214,0.0,0.0,0.0,0.0,0.0,0.0,0.0,0.0,0.028495956583442637,0.024599451147731134,0.03172416044614891,0.0,GPAB6318,GPAB6318.JPG,2024-10-04 01:17:29.347,2024-10-04 13:17:29.347,7.16929995919,171.13430781073,792466.6260298442,514829.0379996781,-1.732463359564738,31.38464098730468,-0.2180435333333334
data/versions/1.2/train\GPAB6318_jpg.rf.d15aea90cad5a842336ad5d3bce3c7bf.jpg,0.8302879333496094,0.3316734617061278,0.24663208654121288,0.1566456638174231,0.051483226206639615,0.019583348536553982,0.0,0.24169280020279496,0.22203263539348175,0.0,0.0,0.0,0.0,0.0,0.0,0.0,0.0,0.03876533204794103,0.024599451147731134,0.03172416044614891,0.0,0.01773207636305675,0.0,0.09776407034066097,0.17054940918684214,0.0,0.0,0.0,0.0,0.0,0.0,0.0,0.0,0.028495956583442637,0.024599451147731134,0.03172416044614891,0.0,GPAB6318,GPAB6318.JPG,2024-10-02 03:25:03.326,2024-10-02 15:25:03.326,7.13118947944,171.05088151296,788251.7580977576,505618.3319057444,-3.321466232002872,31.30882312695313,
data/versions/1.2/train\GPAB6596_jpg.rf.2ff0ce0a9390ffcde484219f10b26580.jpg,0.7393617630004883,0.18736545149724518,0.1476869660068789,0.05406041215771149,0.008517964445588153,0.06148566512329972,0.0,0.06431250396083907,0.13102359603858482,0.0,0.016663369968294085,0.0,0.0,0.018578975770227164,0.0,0.0005357935024955687,0.0,0.004561926398488255,0.0,0.0380883886442504,0.0,0.032857200469347425,0.0,0.05157156492031272,0.12250563159299666,0.0,0.016663369968294085,0.0,0.0,0.014934043627802113,0.0,0.0005357935024955687,0.0,0.004561926398488255,0.0,0.029150815308714998,0.0,GPAB6596,GPAB6596.JPG,2024-10-04 01:26:45.903,2024-10-04 13:26:45.903,7.16965636146,171.13821500741,792506.1535042853,515260.4238040547,-3.399671680742753,31.25915734472656,-0.1624097000000001
data/versions/1.2/train\GPAB6596_jpg.rf.2ff0ce0a9390ffcde484219f10b26580.jpg,0.7393617630004883,0.18736545149724518,0.1476869660068789,0.05406041215771149,0.008517964445588153,0.06148566512329972,0.0,0.06431250396083907,0.13102359603858482,0.0,0.016663369968294085,0.0,0.0,0.018578975770227164,0.0,0.0005357935024955687,0.0,0.004561926398488255,0.0,0.0380883886442504,0.0,0.032857200469347425,0.0,0.05157156492031272,0.12250563159299666,0.0,0.016663369968294085,0.0,0.0,0.014934043627802113,0.0,0.0005357935024955687,0.0,0.004561926398488255,0.0,0.029150815308714998,0.0,GPAB6596,GPAB6596.JPG,2024-10-02 03:34:19.882,2024-10-02 15:34:19.882,7.13375551546,171.0494611926,788535.4091448688,505461.4698205872,-1.683283965138668,31.34832580664062,
data/versions/1.2/train\GPAB7027_jpg.rf.5bf488c10f515218c4a6f6359ff04865.jpg,0.8423871994018555,0.1586544093500767,0.13538195931426114,0.021072624024673386,0.023039120607309452,0.0,0.0,0.08516236079451071,0.11541741002413951,0.005308964651071683,0.017823295686958326,0.0,0.0,0.003185954912688704,0.002141253603163294,0.0,0.0,0.0012194583300526383,0.0,0.06377767066175298,0.0,0.0,0.0,0.06408973676983733,0.09237828941683006,0.005308964651071683,0.017823295686958326,0.0,0.0,0.003185954912688704,0.002141253603163294,0.0,0.0,0.0012194583300526383,0.0,0.06377767066175298,0.0,GPAB7027,GPAB7027.JPG,2024-10-04 01:41:08.765,2024-10-04 13:41:08.765,7.16928368085,171.13779101405,792464.9404665793,515213.6226530331,-2.0010091155978,31.21054262207031,-0.04897741666666672
data/versions/1.2/train\GPAB7027_jpg.rf.5bf488c10f515218c4a6f6359ff04865.jpg,0.8423871994018555,0.1586544093500767,0.13538195931426114,0.021072624024673386,0.023039120607309452,0.0,0.0,0.08516236079451071,0.11541741002413951,0.005308964651071683,0.017823295686958326,0.0,0.0,0.003185954912688704,0.002141253603163294,0.0,0.0,0.0012194583300526383,0.0,0.06377767066175298,0.0,0.0,0.0,0.06408973676983733,0.09237828941683006,0.005308964651071683,0.017823295686958326,0.0,0.0,0.003185954912688704,0.002141253603163294,0.0,0.0,0.0012194583300526383,0.0,0.06377767066175298,0.0,GPAB7027,GPAB7027.JPG,2024-10-02 03:48:42.744,2024-10-02 15:48:42.744,7.12571856392,171.05444338456,787647.0086441007,506011.7048618481,-2.374826495478494,31.614814453125,
data/versions/1.2/train\GPAB2366_jpg.rf.925320a0ed9687dc70d0c71ef61918a7.jpg,0.11727428436279297,0.11009020150828752,0.9981640910810546,0.0,0.0,0.0,0.0,0.0,0.0,0.0,0.0,0.09662142828336755,0.9981640910810546,0.0019050435644286886,0.0,0.0036526137697009734,0.0,0.007911115890790304,0.0,0.0,0.0,0.0,0.0,0.0,0.0,0.0,0.0,0.09662142828336755,0.9981640910810546,0.0019050435644286886,0.0,0.0036526137697009734,0.0,0.007911115890790304,0.0,0.0,0.0,GPAB2366,GPAB2366.JPG,2024-10-02 01:13:11.422,2024-10-02 13:13:11.422,7.1522020632,171.04172082746,790574.5395910944,504606.5993889691,-1.167084187280016,31.53149331445312,
data/versions/1.2/train\GPAB5142_jpg.rf.9cbf6dc4ce3a554c05d16f34fb84dbb1.jpg,0.17712879180908203,0.24539822516001789,0.8903716563316773,0.0018445507496308018,0.0,0.0,0.0,0.20949333906894838,0.8584381715422595,0.0,0.0,0.0,0.0,0.0018445507496308018,0.0,0.0,0.0,0.03408818124031395,0.03193348478941779,0.0,0.0,0.0,0.0,0.20949333906894838,0.8584381715422595,0.0,0.0,0.0,0.0,0.0,0.0,0.0,0.0,0.03408818124031395,0.03193348478941779,0.0,0.0,GPAB5142,GPAB5142.JPG,2024-10-04 00:38:14.995,2024-10-04 12:38:14.995,7.170110181849999,171.1353421404,792556.2277695981,514943.2130057826,-1.959862038265187,31.43465426269531,-0.4375001666666667
data/versions/1.2/train\GPAB5142_jpg.rf.9cbf6dc4ce3a554c05d16f34fb84dbb1.jpg,0.17712879180908203,0.24539822516001789,0.8903716563316773,0.0018445507496308018,0.0,0.0,0.0,0.20949333906894838,0.8584381715422595,0.0,0.0,0.0,0.0,0.0018445507496308018,0.0,0.0,0.0,0.03408818124031395,0.03193348478941779,0.0,0.0,0.0,0.0,0.20949333906894838,0.8584381715422595,0.0,0.0,0.0,0.0,0.0,0.0,0.0,0.0,0.03408818124031395,0.03193348478941779,0.0,0.0,GPAB5142,GPAB5142.JPG,2024-10-02 02:45:48.974,2024-10-02 14:45:48.974,7.1410070136,171.04393838888,789336.9803379328,504851.5692435901,-6.966561820130188,31.24169259570313,
data/versions/1.2/train\GPAB6699_jpg.rf.1f86c763a14196b5d571d2540d89638c.jpg,0.9125518798828125,0.057080251880558375,0.048519078281543164,0.0014038173846747696,0.008091634131774475,0.0,0.0,0.0014038173846747696,0.009086404864006392,0.016084367312371454,0.03702928428358263,0.0,0.0,0.020373595942564472,0.002403389133954137,0.0,0.0,0.0,0.0,0.019218471240947683,0.0,0.0,0.0,0.0,0.000994770732231916,0.016084367312371454,0.03702928428358263,0.0,0.0,0.020373595942564472,0.002403389133954137,0.0,0.0,0.0,0.0,0.019218471240947683,0.0,GPAB6699,GPAB6699.JPG,2024-10-04 01:30:12.109,2024-10-04 13:30:12.109,7.169136881590001,171.13555126348,792448.6385368854,514966.3342319396,-5.109011044839026,31.31068929394532,-0.1363854666666668
data/versions/1.2/train\GPAB6699_jpg.rf.1f86c763a14196b5d571d2540d89638c.jpg,0.9125518798828125,0.057080251880558375,0.048519078281543164,0.0014038173846747696,0.008091634131774475,0.0,0.0,0.0014038173846747696,0.009086404864006392,0.016084367312371454,0.03702928428358263,0.0,0.0,0.020373595942564472,0.002403389133954137,0.0,0.0,0.0,0.0,0.019218471240947683,0.0,0.0,0.0,0.0,0.000994770732231916,0.016084367312371454,0.03702928428358263,0.0,0.0,0.020373595942564472,0.002403389133954137,0.0,0.0,0.0,0.0,0.019218471240947683,0.0,GPAB6699,GPAB6699.JPG,2024-10-02 03:37:46.000,2024-10-02 15:37:46.000,7.13141602,171.050265358,788276.794066125,505550.293388015,-2.856210499875647,31.357412109375,
data/versions/1.2/train\GPAB3119_jpg.rf.1eb13bc3f53bc0650f9acc7db755b399.jpg,0.5181541442871094,0.47338796250597726,0.037887706131666934,0.028275109799259877,0.015478478960983094,0.12637429112983295,0.0,0.12753037603485923,0.02829527407085917,0.0,0.00566039909894512,0.1536747944684602,0.0,0.0665296136333521,0.003932032961862641,0.0,0.0,0.0,0.0,0.0,0.0,0.12637429112983295,0.0,0.1034033449645973,0.012816795109876076,0.0,0.00566039909894512,0.1536747944684602,0.0,0.06259566026467046,0.003932032961862641,0.0,0.0,0.0,0.0,0.0,0.0,GPAB3119,GPAB3119.JPG,2024-10-03 23:30:44.949,2024-10-04 11:30:44.949,7.18188524309,171.12094256332,793857.4888076202,513353.0007371752,-1.863434490120309,32.00091796875,-0.6582508500000002
data/versions/1.2/train\GPAB3119_jpg.rf.1eb13bc3f53bc0650f9acc7db755b399.jpg,0.5181541442871094,0.47338796250597726,0.037887706131666934,0.028275109799259877,0.015478478960983094,0.12637429112983295,0.0,0.12753037603485923,0.02829527407085917,0.0,0.00566039909894512,0.1536747944684602,0.0,0.0665296136333521,0.003932032961862641,0.0,0.0,0.0,0.0,0.0,0.0,0.12637429112983295,0.0,0.1034033449645973,0.012816795109876076,0.0,0.00566039909894512,0.1536747944684602,0.0,0.06259566026467046,0.003932032961862641,0.0,0.0,0.0,0.0,0.0,0.0,GPAB3119,GPAB3119.JPG,2024-10-02 01:38:18.928,2024-10-02 13:38:18.928,7.145612633200001,171.04267437468,789846.1057634482,504711.9527116879,-2.693425437692159,31.100009765625,
data/versions/1.2/train\GPAB6646_jpg.rf.49fc6a67b97d38d25bea008e6f33d9f7.jpg,0.7653379440307617,0.30669473021164806,0.1131801360800272,0.18722718220627857,0.07911884053517897,0.0,0.0,0.26107930704040344,0.05138528545887161,0.0,0.008515083835359682,0.0,0.0,0.018589538007731558,0.001124398192513102,0.0,0.0,0.027327389034092982,0.0521553685932828,0.0,0.0,0.0,0.0,0.0742822959615765,0.015428548383689601,0.0,0.008515083835359682,0.0,0.0,0.018589538007731558,0.001124398192513102,0.0,0.0,0.027327389034092982,0.008993265133285836,0.0,0.0,GPAB6646,GPAB6646.JPG,2024-10-04 01:28:26.000,2024-10-04 13:28:26.000,7.169412688,171.136933902,792479.1735880836,515118.9837550301,-1.860344012859244,31.271611328125,-0.1516666666666668
data/versions/1.2/train\GPAB6646_jpg.rf.49fc6a67b97d38d25bea008e6f33d9f7.jpg,0.7653379440307617,0.30669473021164806,0.1131801360800272,0.18722718220627857,0.07911884053517897,0.0,0.0,0.26107930704040344,0.05138528545887161,0.0,0.008515083835359682,0.0,0.0,0.018589538007731558,0.001124398192513102,0.0,0.0,0.027327389034092982,0.0521553685932828,0.0,0.0,0.0,0.0,0.0742822959615765,0.015428548383689601,0.0,0.008515083835359682,0.0,0.0,0.018589538007731558,0.001124398192513102,0.0,0.0,0.027327389034092982,0.008993265133285836,0.0,0.0,GPAB6646,GPAB6646.JPG,2024-10-02 03:35:59.982,2024-10-02 15:35:59.982,7.132622412860001,171.04984912,788410.1524313227,505504.3180324645,-1.909466467762814,31.357412109375,
data/versions/1.2/train\GPAB6740_jpg.rf.43588fe8737c9d3ec2b756b24d86e2c0.jpg,0.7575769424438477,0.3685654369021534,0.21968493805727807,0.06802080952829047,0.10325451343612631,0.05271612738442512,0.0,0.28910380374978634,0.21968493805727807,0.0,0.0,0.0,0.0,0.0,0.0,0.0,0.0,0.027226567676096505,0.0,0.0,0.0,0.020433128553952868,0.0,0.2533659930519681,0.11643042462115175,0.0,0.0,0.0,0.0,0.0,0.0,0.0,0.0,0.027226567676096505,0.0,0.0,0.0,GPAB6740,GPAB6740.JPG,2024-10-04 01:31:34.191,2024-10-04 13:31:34.191,7.16891572447,171.13445425827,792424.1545245689,514845.219863928,-1.739033733922689,31.26650189160156,-0.1243015000000001
data/versions/1.2/train\GPAB6740_jpg.rf.43588fe8737c9d3ec2b756b24d86e2c0.jpg,0.7575769424438477,0.3685654369021534,0.21968493805727807,0.06802080952829047,0.10325451343612631,0.05271612738442512,0.0,0.28910380374978634,0.21968493805727807,0.0,0.0,0.0,0.0,0.0,0.0,0.0,0.0,0.027226567676096505,0.0,0.0,0.0,0.020433128553952868,0.0,0.2533659930519681,0.11643042462115175,0.0,0.0,0.0,0.0,0.0,0.0,0.0,0.0,0.027226567676096505,0.0,0.0,0.0,GPAB6740,GPAB6740.JPG,2024-10-02 03:39:08.170,2024-10-02 15:39:08.170,7.1305408066,171.0506793703,788180.0466798294,505596.0192001511,-2.335421323718586,31.38388165039062,
data/versions/1.2/train\GPAB3103_jpg.rf.57b80bcdb3fdddfed29907c8e94f6a12.jpg,0.23973655700683594,0.30297778281351123,0.9073298087466849,0.10558492711095918,0.0,0.0028777296182423283,0.0,0.018407099359928406,0.9073298087466849,0.013670415940912922,0.0,0.15385627291285386,0.0,0.1120931858204842,0.0,0.002425473812372413,0.0,0.0,0.0,0.0,0.0,0.0,0.0,0.013321862103267957,0.9073298087466849,0.010832054662459695,0.0,0.15385627291285386,0.0,0.017357597033355546,0.0,0.002425473812372413,0.0,0.0,0.0,0.0,0.0,GPAB3103,GPAB3103.JPG,2024-10-03 23:30:12.917,2024-10-04 11:30:12.917,7.181810256439999,171.12094493019,793849.1992796991,513353.2642460624,-4.072380215829762,31.91476111425781,-0.6587847166666667
data/versions/1.2/train\GPAB3103_jpg.rf.57b80bcdb3fdddfed29907c8e94f6a12.jpg,0.23973655700683594,0.30297778281351123,0.9073298087466849,0.10558492711095918,0.0,0.0028777296182423283,0.0,0.018407099359928406,0.9073298087466849,0.013670415940912922,0.0,0.15385627291285386,0.0,0.1120931858204842,0.0,0.002425473812372413,0.0,0.0,0.0,0.0,0.0,0.0,0.0,0.013321862103267957,0.9073298087466849,0.010832054662459695,0.0,0.15385627291285386,0.0,0.017357597033355546,0.0,0.002425473812372413,0.0,0.0,0.0,0.0,0.0,GPAB3103,GPAB3103.JPG,2024-10-02 01:37:46.896,2024-10-02 13:37:46.896,7.145266790759999,171.04270319032,789807.8741272639,504715.1379771794,-3.442561856341828,31.14291015625,
data/versions/1.2/train\GPAB6723_jpg.rf.a9391a805eef75647fdc4a53714dddc1.jpg,0.15795421600341797,0.15188497531317033,0.8953042212462288,0.021028454667836833,0.0,0.0,0.0,0.003802405501581455,0.8741960696954043,0.0,0.021108151550824527,0.1228964343806592,0.0,0.007127589908646248,0.0,0.0,0.0,0.0,0.0,0.01805854552228344,0.0,0.0,0.0,0.0016563508813707095,0.8741960696954043,0.0,0.021108151550824527,0.12023379032614269,0.0,0.007127589908646248,0.0,0.0,0.0,0.0,0.0,0.0018387895291738603,0.0,GPAB6723,GPAB6723.JPG,2024-10-04 01:31:00.157,2024-10-04 13:31:00.157,7.169009831650001,171.13490141795,792434.5723331526,514894.5882126477,-5.923800945880752,31.24090751855469,-0.1299738333333335
data/versions/1.2/train\GPAB6723_jpg.rf.a9391a805eef75647fdc4a53714dddc1.jpg,0.15795421600341797,0.15188497531317033,0.8953042212462288,0.021028454667836833,0.0,0.0,0.0,0.003802405501581455,0.8741960696954043,0.0,0.021108151550824527,0.1228964343806592,0.0,0.007127589908646248,0.0,0.0,0.0,0.0,0.0,0.01805854552228344,0.0,0.0,0.0,0.0016563508813707095,0.8741960696954043,0.0,0.021108151550824527,0.12023379032614269,0.0,0.007127589908646248,0.0,0.0,0.0,0.0,0.0,0.0018387895291738603,0.0,GPAB6723,GPAB6723.JPG,2024-10-02 03:38:34.136,2024-10-02 15:38:34.136,7.13088995108,171.05051916216,788218.64168271,505578.3247784511,-1.949139043562465,31.357412109375,
data/versions/1.2/train\GPAB4554_jpg.rf.6b291c5aaa77f010267e5d2c4688d0c7.jpg,0.8330450057983398,0.16445787875703588,0.057647732095567124,0.09968159654941303,0.04043992679409206,0.0,0.0,0.04949944596263273,0.049776944747975414,0.009816159455218994,0.0012088960925482454,0.0,0.0,0.09441584105176841,0.006661891255043469,0.0,0.0,0.011038498395500102,0.0,0.0,0.0,0.0,0.0,0.044426691350295644,0.00933701795388335,0.0,0.0012088960925482454,0.0,0.0,0.01484954572776697,0.006661891255043469,0.0,0.0,0.006176028329841394,0.0,0.0,0.0,GPAB4554,GPAB4554.JPG,2024-10-04 00:18:37.819,2024-10-04 12:18:37.819,7.17143435098,171.13677152131,792702.6583312519,515100.9885457326,-2.074654086472981,31.84999010449219,-0.5305877833333335
data/versions/1.2/train\GPAB4554_jpg.rf.6b291c5aaa77f010267e5d2c4688d0c7.jpg,0.8330450057983398,0.16445787875703588,0.057647732095567124,0.09968159654941303,0.04043992679409206,0.0,0.0,0.04949944596263273,0.049776944747975414,0.009816159455218994,0.0012088960925482454,0.0,0.0,0.09441584105176841,0.006661891255043469,0.0,0.0,0.011038498395500102,0.0,0.0,0.0,0.0,0.0,0.044426691350295644,0.00933701795388335,0.0,0.0012088960925482454,0.0,0.0,0.01484954572776697,0.006661891255043469,0.0,0.0,0.006176028329841394,0.0,0.0,0.0,GPAB4554,GPAB4554.JPG,2024-10-02 02:26:11.798,2024-10-02 14:26:11.798,7.13749594914,171.04489896944,788948.8521279326,504957.6720176386,-1.596519981737916,31.48611328124999,
data/versions/1.2/train\GPAB3273_jpg.rf.7792a8041112c3f484a16677ed8557f4.jpg,0.8378467559814453,0.8192532306043713,0.660454790742871,0.0,0.0,0.0,0.0,0.010150310241721605,0.010878144426115227,0.1030682339746852,0.0,0.7083497368082454,0.6495766463167557,0.0,0.0,0.0,0.0,0.0,0.0,0.0,0.0,0.0,0.0,0.010150310241721605,0.010878144426115227,0.1030682339746852,0.0,0.7083497368082454,0.6495766463167557,0.0,0.0,0.0,0.0,0.0,0.0,0.0,0.0,GPAB3273,GPAB3273.JPG,2024-10-03 23:35:53.257,2024-10-04 11:35:53.257,7.182487038800001,171.11909244636,793923.9624038818,513148.715840834,-1.687304981361849,32.42881933496093,-0.6424495333333334
data/versions/1.2/train\GPAB3273_jpg.rf.7792a8041112c3f484a16677ed8557f4.jpg,0.8378467559814453,0.8192532306043713,0.660454790742871,0.0,0.0,0.0,0.0,0.010150310241721605,0.010878144426115227,0.1030682339746852,0.0,0.7083497368082454,0.6495766463167557,0.0,0.0,0.0,0.0,0.0,0.0,0.0,0.0,0.0,0.0,0.010150310241721605,0.010878144426115227,0.1030682339746852,0.0,0.7083497368082454,0.6495766463167557,0.0,0.0,0.0,0.0,0.0,0.0,0.0,0.0,GPAB3273,GPAB3273.JPG,2024-10-02 01:43:27.236,2024-10-02 13:43:27.236,7.148827497759999,171.04249079504,790201.4983557563,504691.6497047714,-3.437828058818322,31.07754712109375,
data/versions/1.2/train\GPAB4795_jpg.rf.c70fcc188f6d8ec7e06f3b2c8984d0f7.jpg,0.8834648132324219,0.05761316477282548,0.05999062841472338,0.009196828256097772,0.011147001380772502,0.0,0.0,0.01900050506699339,0.03159357278245824,0.0,0.025610545337924385,0.0,0.0,0.03270740873746694,0.002786510294340753,0.0,0.0,0.005905250968365139,0.0,0.0,0.0,0.0,0.0,0.01900050506699339,0.020446571401685733,0.0,0.025610545337924385,0.0,0.0,0.025671038152722273,0.002786510294340753,0.0,0.0,0.003744793297012039,0.0,0.0,0.0,GPAB4795,GPAB4795.JPG,2024-10-04 00:26:40.301,2024-10-04 12:26:40.301,7.17040647061,171.13483404054,792588.9652832075,514887.1036503548,-1.745148004757563,31.60323563769531,-0.4963132666666668
data/versions/1.2/train\GPAB4795_jpg.rf.c70fcc188f6d8ec7e06f3b2c8984d0f7.jpg,0.8834648132324219,0.05761316477282548,0.05999062841472338,0.009196828256097772,0.011147001380772502,0.0,0.0,0.01900050506699339,0.03159357278245824,0.0,0.025610545337924385,0.0,0.0,0.03270740873746694,0.002786510294340753,0.0,0.0,0.005905250968365139,0.0,0.0,0.0,0.0,0.0,0.01900050506699339,0.020446571401685733,0.0,0.025610545337924385,0.0,0.0,0.025671038152722273,0.002786510294340753,0.0,0.0,0.003744793297012039,0.0,0.0,0.0,GPAB4795,GPAB4795.JPG,2024-10-02 02:34:14.280,2024-10-02 14:34:14.280,7.1400346456,171.044013406,789229.4885398248,504859.862715923,-1.588202353059647,31.41009378906249,
data/versions/1.2/train\GPAB4726_jpg.rf.ec6edd51400a4877a682ec239940f715.jpg,0.7966899871826172,0.2505007460780492,0.16785603862322193,0.00483078335314553,0.055768614023194676,0.0,0.0,0.0006827046241475794,0.07760748036864129,0.03673546204027861,0.03470175121897823,0.20508696562279755,0.04616850033511099,0.008022499486291176,0.009378306700491432,0.0,0.0,0.0,0.0,0.0,0.0,0.0,0.0,0.0,0.02183886634544662,0.03673546204027861,0.03470175121897823,0.20508696562279755,0.04616850033511099,0.003874420757293225,0.009378306700491432,0.0,0.0,0.0,0.0,0.0,0.0,GPAB4726,GPAB4726.JPG,2024-10-04 00:24:22.163,2024-10-04 12:24:22.163,7.17010431265,171.13318389403,792555.509246077,514704.9193984167,-3.228838008810511,31.69702447167969,-0.50689185
data/versions/1.2/train\GPAB4726_jpg.rf.ec6edd51400a4877a682ec239940f715.jpg,0.7966899871826172,0.2505007460780492,0.16785603862322193,0.00483078335314553,0.055768614023194676,0.0,0.0,0.0006827046241475794,0.07760748036864129,0.03673546204027861,0.03470175121897823,0.20508696562279755,0.04616850033511099,0.008022499486291176,0.009378306700491432,0.0,0.0,0.0,0.0,0.0,0.0,0.0,0.0,0.0,0.02183886634544662,0.03673546204027861,0.03470175121897823,0.20508696562279755,0.04616850033511099,0.003874420757293225,0.009378306700491432,0.0,0.0,0.0,0.0,0.0,0.0,GPAB4726,GPAB4726.JPG,2024-10-02 02:31:56.142,2024-10-02 14:31:56.142,7.140849188100001,171.04312121708,789319.5246443354,504761.3407511685,-1.691018033643233,31.43585118359374,
data/versions/1.2/train\GPAB5701_jpg.rf.c6b49942c7df1edc03a2e77d8cb640d1.jpg,0.7772607803344727,0.33235040510981845,0.14786172302740613,0.006556268879999539,0.010894467884076563,0.0,0.0,0.009021111032161053,0.018715324654374782,0.004496632566642918,0.0,0.0,0.0,0.31883266151101447,0.12914639837303135,0.0,0.0,0.0,0.0,0.0,0.0,0.0,0.0,0.0072178490291383325,0.00782085677029822,0.004496632566642918,0.0,0.0,0.0,0.3140796546340377,0.12914639837303135,0.0,0.0,0.0,0.0,0.0,0.0,GPAB5701,GPAB5701.JPG,2024-10-04 00:56:54.113,2024-10-04 12:56:54.113,7.17062723434,171.13799574982,792613.4739390186,515236.1830969097,-3.813667747349474,32.11529470019531,-0.3553924666666667
data/versions/1.2/train\GPAB5701_jpg.rf.c6b49942c7df1edc03a2e77d8cb640d1.jpg,0.7772607803344727,0.33235040510981845,0.14786172302740613,0.006556268879999539,0.010894467884076563,0.0,0.0,0.009021111032161053,0.018715324654374782,0.004496632566642918,0.0,0.0,0.0,0.31883266151101447,0.12914639837303135,0.0,0.0,0.0,0.0,0.0,0.0,0.0,0.0,0.0072178490291383325,0.00782085677029822,0.004496632566642918,0.0,0.0,0.0,0.3140796546340377,0.12914639837303135,0.0,0.0,0.0,0.0,0.0,0.0,GPAB5701,GPAB5701.JPG,2024-10-02 03:04:28.000,2024-10-02 15:04:28.000,7.137052563,171.046127118,788899.8504086528,505093.2871381009,-2.944230698134773,31.8464765625,
data/versions/1.2/train\GPAB6420_jpg.rf.b77275a4c2d4ceebbfe562a217560760.jpg,0.6976127624511719,0.43227973413888,0.18192973999612078,0.21672847175945753,0.023225400068750564,0.2682952356627228,0.0,0.14745939779882972,0.18192973999612078,0.0,0.0,0.0,0.0,0.0,0.0,0.0,0.0,0.017107944146888078,0.0,0.0,0.0,0.1930344924268757,0.0,0.006029117208189383,0.1587043399273702,0.0,0.0,0.0,0.0,0.0,0.0,0.0,0.0,0.017107944146888078,0.0,0.0,0.0,GPAB6420,GPAB6420.JPG,2024-10-04 01:20:53.551,2024-10-04 13:20:53.551,7.1691096744,171.13453434721,792445.5978203164,514854.0562914233,-1.771897928967374,31.10237357714843,-0.1978598666666667
data/versions/1.2/train\GPAB6420_jpg.rf.b77275a4c2d4ceebbfe562a217560760.jpg,0.6976127624511719,0.43227973413888,0.18192973999612078,0.21672847175945753,0.023225400068750564,0.2682952356627228,0.0,0.14745939779882972,0.18192973999612078,0.0,0.0,0.0,0.0,0.0,0.0,0.0,0.0,0.017107944146888078,0.0,0.0,0.0,0.1930344924268757,0.0,0.006029117208189383,0.1587043399273702,0.0,0.0,0.0,0.0,0.0,0.0,0.0,0.0,0.017107944146888078,0.0,0.0,0.0,GPAB6420,GPAB6420.JPG,2024-10-02 03:28:27.530,2024-10-02 15:28:27.530,7.1334623218,171.0500070691,788503.0039024961,505521.7486445357,-3.048760344203959,31.271611328125,
data/versions/1.2/train\GPAB4847_jpg.rf.9b9073d205356a3a94a70a558eaca631.jpg,0.15824508666992188,0.23637423351762837,0.8886404095843663,0.0,0.0,0.0,0.0,0.0026530420204216062,0.0,0.0,0.0,0.0,0.8886404095843663,0.22101962079646953,0.0,0.006472731183373886,0.0,0.006228839517363359,0.0,0.0,0.0,0.0,0.0,0.0026530420204216062,0.0,0.0,0.0,0.0,0.8886404095843663,0.22101962079646953,0.0,0.006472731183373886,0.0,0.006228839517363359,0.0,0.0,0.0,GPAB4847,GPAB4847.JPG,2024-10-04 00:28:24.405,2024-10-04 12:28:24.405,7.17070956865,171.136169358,792622.5155797428,515034.5271454159,-2.482569121825887,31.65168733886718,-0.4875595000000001
data/versions/1.2/train\GPAB4847_jpg.rf.9b9073d205356a3a94a70a558eaca631.jpg,0.15824508666992188,0.23637423351762837,0.8886404095843663,0.0,0.0,0.0,0.0,0.0026530420204216062,0.0,0.0,0.0,0.0,0.8886404095843663,0.22101962079646953,0.0,0.006472731183373886,0.0,0.006228839517363359,0.0,0.0,0.0,0.0,0.0,0.0026530420204216062,0.0,0.0,0.0,0.0,0.8886404095843663,0.22101962079646953,0.0,0.006472731183373886,0.0,0.006228839517363359,0.0,0.0,0.0,GPAB4847,GPAB4847.JPG,2024-10-02 02:35:58.384,2024-10-02 14:35:58.384,7.13892396684,171.044565888,789106.711945958,504920.8784350737,-2.081354869778285,31.38479971875,
data/versions/1.2/train\GPAB4739_jpg.rf.6729ce5fbf63cfc65c3544bc6d0e4e4a.jpg,0.6252059936523438,0.6244327598358437,0.9955782632992973,0.06251020216122584,0.0,0.002814356193215971,0.0,0.06151063041194647,0.0,0.007815095549841278,0.0,0.4846309842276988,0.9955782632992973,0.06831271136477551,0.0,0.0,0.0,0.0,0.0,0.0,0.0,0.0,0.0,0.01906099788179128,0.0,0.007815095549841278,0.0,0.47637899612653944,0.9955782632992973,0.05927143606101517,0.0,0.0,0.0,0.0,0.0,0.0,0.0,GPAB4739,GPAB4739.JPG,2024-10-04 00:24:48.189,2024-10-04 12:24:48.189,7.17005041092,171.13328899815,792549.5539057481,514716.5257624976,-2.055198003417385,31.614814453125,-0.5055905500000001
data/versions/1.2/train\GPAB4739_jpg.rf.6729ce5fbf63cfc65c3544bc6d0e4e4a.jpg,0.6252059936523438,0.6244327598358437,0.9955782632992973,0.06251020216122584,0.0,0.002814356193215971,0.0,0.06151063041194647,0.0,0.007815095549841278,0.0,0.4846309842276988,0.9955782632992973,0.06831271136477551,0.0,0.0,0.0,0.0,0.0,0.0,0.0,0.0,0.0,0.01906099788179128,0.0,0.007815095549841278,0.0,0.47637899612653944,0.9955782632992973,0.05927143606101517,0.0,0.0,0.0,0.0,0.0,0.0,0.0,GPAB4739,GPAB4739.JPG,2024-10-02 02:32:22.168,2024-10-02 14:32:22.168,7.140975292399999,171.04333427616,789333.4673318205,504784.8649144297,-1.339747597217347,31.4439336171875,
data/versions/1.2/train\GPAB3104_jpg.rf.e80e02c3e101d1c16303a7ca427c6a49.jpg,0.5527677536010742,0.46280268011975656,0.034723835897396506,0.0016630723052371414,0.034723835897396506,0.0,0.0,0.00017571722393671876,0.034723835897396506,0.17062046423914443,0.0,0.20423814580880814,0.0,0.03807590599992702,0.0,0.0,0.0,0.0,0.0,0.05070738185177148,0.0,0.0,0.0,0.0,0.0,0.17062046423914443,0.0,0.20423814580880814,0.0,0.0365885509186266,0.0,0.0,0.0,0.0,0.0,0.05070738185177148,0.0,GPAB3104,GPAB3104.JPG,2024-10-03 23:30:14.919,2024-10-04 11:30:14.919,7.181783056,171.12095404865,793846.1926010571,513354.2717902695,-5.677891053627381,31.91511718749999,-0.6587513500000001
data/versions/1.2/train\GPAB3104_jpg.rf.e80e02c3e101d1c16303a7ca427c6a49.jpg,0.5527677536010742,0.46280268011975656,0.034723835897396506,0.0016630723052371414,0.034723835897396506,0.0,0.0,0.00017571722393671876,0.034723835897396506,0.17062046423914443,0.0,0.20423814580880814,0.0,0.03807590599992702,0.0,0.0,0.0,0.0,0.0,0.05070738185177148,0.0,0.0,0.0,0.0,0.0,0.17062046423914443,0.0,0.20423814580880814,0.0,0.0365885509186266,0.0,0.0,0.0,0.0,0.0,0.05070738185177148,0.0,GPAB3104,GPAB3104.JPG,2024-10-02 01:37:48.898,2024-10-02 13:37:48.898,7.14529116582,171.04270214924,789810.568712466,504715.0227749199,-3.247415536910447,31.14291015625,
data/versions/1.2/train\GPAB3227_jpg.rf.2b959500f6e4dec0055fc1e6488e6c59.jpg,0.6194047927856445,0.32671113048588213,0.1237154878889544,0.03786658165665815,0.011269907417187256,0.0,0.0,0.27283699778961173,0.1237154878889544,0.0,0.0,0.009757587047240087,0.0,0.038626102553564946,0.0,0.0045859314837255125,0.0,0.001120557378875141,0.0,0.0,0.0,0.0,0.0,0.23660372213249656,0.11244558047176714,0.0,0.0,0.009757587047240087,0.0,0.038626102553564946,0.0,0.0045859314837255125,0.0,0.0,0.0,0.0,0.0,GPAB3227,GPAB3227.JPG,2024-10-03 23:34:21.165,2024-10-04 11:34:21.165,7.1826749713,171.11943963055,793944.7478732975,513187.0422666777,-2.744411031213233,32.47282226562499,-0.6485890000000001
data/versions/1.2/train\GPAB3227_jpg.rf.2b959500f6e4dec0055fc1e6488e6c59.jpg,0.6194047927856445,0.32671113048588213,0.1237154878889544,0.03786658165665815,0.011269907417187256,0.0,0.0,0.27283699778961173,0.1237154878889544,0.0,0.0,0.009757587047240087,0.0,0.038626102553564946,0.0,0.0045859314837255125,0.0,0.001120557378875141,0.0,0.0,0.0,0.0,0.0,0.23660372213249656,0.11244558047176714,0.0,0.0,0.009757587047240087,0.0,0.038626102553564946,0.0,0.0045859314837255125,0.0,0.0,0.0,0.0,0.0,GPAB3227,GPAB3227.JPG,2024-10-02 01:41:55.144,2024-10-02 13:41:55.144,7.14821818796,171.04249072404,790134.1408227566,504691.648081446,-7.178942826178686,31.057109375,
data/versions/1.2/train\GPAA1824_jpg.rf.7960a1c97a539b22b8fd18f8f878bb15.jpg,0.6762714385986328,0.2954181013705943,0.04551172120301965,0.0,0.004373726530228163,0.0,0.0,0.2954181013705943,0.034708472642844664,0.0,0.0,0.0,0.0,0.0,0.010803248560174988,0.0,0.0,0.0,0.0,0.0,0.0,0.0,0.0,0.2954181013705943,0.030334746112616495,0.0,0.0,0.0,0.0,0.0,0.010803248560174988,0.0,0.0,0.0,0.0,0.0,0.0,GPAA1824,GPAA1824.JPG,2024-10-02 00:42:47.422,2024-10-02 12:42:47.422,7.15182389974,171.04275512308,790532.7451301315,504720.8049010314,-1.71157026448917,31.12327035742188,
data/versions/1.2/train\GPAB4591_jpg.rf.5ac7ba27479417886e5a0d0c916ff54a.jpg,0.9098749160766602,0.5462587594556031,0.5587961353733175,0.08015009899697152,0.008270231965939664,0.5462587594556031,0.0,0.0,0.01802877921658924,0.0,0.0,0.0,0.5272659360158856,0.0,0.013501420140842636,0.0,0.0,0.0,0.0,0.0,0.0,0.4665772397224628,0.0,0.0,0.009758547250649577,0.0,0.0,0.0,0.5272659360158856,0.0,0.013501420140842636,0.0,0.0,0.0,0.0,0.0,0.0,GPAB4591,GPAB4591.JPG,2024-10-04 00:19:51.893,2024-10-04 12:19:51.893,7.17101803052,171.13641941297,792656.6235121574,515062.1257560583,-1.95515824769754,31.79116508886719,-0.5245404666666669
data/versions/1.2/train\GPAB4591_jpg.rf.5ac7ba27479417886e5a0d0c916ff54a.jpg,0.9098749160766602,0.5462587594556031,0.5587961353733175,0.08015009899697152,0.008270231965939664,0.5462587594556031,0.0,0.0,0.01802877921658924,0.0,0.0,0.0,0.5272659360158856,0.0,0.013501420140842636,0.0,0.0,0.0,0.0,0.0,0.0,0.4665772397224628,0.0,0.0,0.009758547250649577,0.0,0.0,0.0,0.5272659360158856,0.0,0.013501420140842636,0.0,0.0,0.0,0.0,0.0,0.0,GPAB4591,GPAB4591.JPG,2024-10-02 02:27:25.872,2024-10-02 14:27:25.872,7.13808178148,171.04468432452,789013.611960817,504933.9649901529,-1.455773909378926,31.46950224999999,
data/versions/1.2/train\GPAB3200_jpg.rf.195175530cb552d58d2e1d0d144f0c0f.jpg,0.5484781265258789,0.4076217105831699,0.33846498042145245,0.020137385903829866,0.0020164271599295595,0.0,0.0,0.0779915617324374,0.2048353923295111,0.29490343234310756,0.0,0.0,0.1336295880919414,0.03211784384403992,0.0,0.003938754385729073,0.0,0.0,0.0,0.0,0.0,0.0,0.0,0.07727909080259562,0.20281896516958153,0.29490343234310756,0.0,0.0,0.1336295880919414,0.01275726249848768,0.0,0.003938754385729073,0.0,0.0,0.0,0.0,0.0,GPAB3200,GPAB3200.JPG,2024-10-03 23:33:27.111,2024-10-04 11:33:27.111,7.18286926572,171.11915339727,793966.2184344176,513155.4343093257,-2.89453125,32.429921875,-0.6510963000000001
data/versions/1.2/train\GPAB3200_jpg.rf.195175530cb552d58d2e1d0d144f0c0f.jpg,0.5484781265258789,0.4076217105831699,0.33846498042145245,0.020137385903829866,0.0020164271599295595,0.0,0.0,0.0779915617324374,0.2048353923295111,0.29490343234310756,0.0,0.0,0.1336295880919414,0.03211784384403992,0.0,0.003938754385729073,0.0,0.0,0.0,0.0,0.0,0.0,0.0,0.07727909080259562,0.20281896516958153,0.29490343234310756,0.0,0.0,0.1336295880919414,0.01275726249848768,0.0,0.003938754385729073,0.0,0.0,0.0,0.0,0.0,GPAB3200,GPAB3200.JPG,2024-10-02 01:41:01.000,2024-10-02 13:41:01.000,7.147570912,171.042540687,790062.5867466023,504697.1713942701,-7.010574286947616,31.100009765625,
data/versions/1.2/train\GPAB6368_jpg.rf.4ccdaea8dd51721346f6943ef0c1a15f.jpg,0.932307243347168,0.06206370757581286,0.05498988905809807,0.008755134687732249,0.001545927489279329,0.0047558874872052894,0.0,0.002891172465975192,0.027581842937607903,0.0,0.0,0.045863155650893085,0.018871837810121698,0.005517328790931071,0.008536208310368469,0.0030361631808082223,0.0,0.0,0.0,0.0,0.0,0.0,0.0,0.0,0.026035915448328575,0.0,0.0,0.045863155650893085,0.018871837810121698,0.004409254056379304,0.008536208310368469,0.0030361631808082223,0.0,0.0,0.0,0.0,0.0,GPAB6368,GPAB6368.JPG,2024-10-04 01:19:09.447,2024-10-04 13:19:09.447,7.16910351872,171.13324235378,792444.8757236064,514711.4060993047,-5.518205718165454,31.24112631054687,-0.2092127500000001
data/versions/1.2/train\GPAB6368_jpg.rf.4ccdaea8dd51721346f6943ef0c1a15f.jpg,0.932307243347168,0.06206370757581286,0.05498988905809807,0.008755134687732249,0.001545927489279329,0.0047558874872052894,0.0,0.002891172465975192,0.027581842937607903,0.0,0.0,0.045863155650893085,0.018871837810121698,0.005517328790931071,0.008536208310368469,0.0030361631808082223,0.0,0.0,0.0,0.0,0.0,0.0,0.0,0.0,0.026035915448328575,0.0,0.0,0.045863155650893085,0.018871837810121698,0.004409254056379304,0.008536208310368469,0.0030361631808082223,0.0,0.0,0.0,0.0,0.0,GPAB6368,GPAB6368.JPG,2024-10-02 03:26:43.426,2024-10-02 15:26:43.426,7.132258137379999,171.05043733054,788369.8898545328,505569.272400849,-2.053114568641194,31.32062931445313,
data/versions/1.2/train\GPAB3266_jpg.rf.8a9ceca39439e1caada154d49866ef8d.jpg,0.9972963333129883,0.9984319878323024,0.9980008565014412,0.0,0.0,0.0,0.0,0.0,0.0,0.026878013838451537,0.0,0.9777741716805288,0.9980008565014412,0.0,0.0,0.0,0.0,0.0,0.0,0.0,0.0,0.0,0.0,0.0,0.0,0.026878013838451537,0.0,0.9777741716805288,0.9980008565014412,0.0,0.0,0.0,0.0,0.0,0.0,0.0,0.0,GPAB3266,GPAB3266.JPG,2024-10-03 23:35:39.243,2024-10-04 11:35:39.243,7.18246118515,171.11912624191,793921.1053139324,513152.4478759323,-1.662652682603168,32.44603955175781,-0.6433838000000002
data/versions/1.2/train\GPAB3266_jpg.rf.8a9ceca39439e1caada154d49866ef8d.jpg,0.9972963333129883,0.9984319878323024,0.9980008565014412,0.0,0.0,0.0,0.0,0.0,0.0,0.026878013838451537,0.0,0.9777741716805288,0.9980008565014412,0.0,0.0,0.0,0.0,0.0,0.0,0.0,0.0,0.0,0.0,0.0,0.0,0.026878013838451537,0.0,0.9777741716805288,0.9980008565014412,0.0,0.0,0.0,0.0,0.0,0.0,0.0,0.0,GPAB3266,GPAB3266.JPG,2024-10-02 01:43:13.222,2024-10-02 13:43:13.222,7.148843243420001,171.04244214832,790203.2384999966,504686.2781830537,-2.87321439840929,31.13766772851563,
data/versions/1.2/train\GPAA1740_jpg.rf.a4a2961d6e2a8da43164030238c51515.jpg,0.841552734375,0.2551106826470119,0.23994522999752269,0.049928656886674874,0.019489248602423938,0.0,0.0,0.049928656886674874,0.23994522999752269,0.03361864177307321,0.0,0.15993628090174622,0.0,0.0,0.0,0.0,0.0,0.011816263157187219,0.0,0.0,0.0,0.0,0.0,0.0,0.22045598139509873,0.03361864177307321,0.0,0.15993628090174622,0.0,0.0,0.0,0.0,0.0,0.011816263157187219,0.0,0.0,0.0,GPAA1740,GPAA1740.JPG,2024-10-02 00:39:59.254,2024-10-02 12:39:59.254,7.151710999680001,171.04239498678,790520.2606567853,504681.0416110524,-0.9872721692422659,31.185810546875,
data/versions/1.2/train\GPAB3090_sr01_jpg.rf.bcb5669339b77ba547a9e159590db6a3.jpg,0.46670055389404297,0.6010498864079367,0.2020210361362951,0.16013504300751072,0.03378955797996248,0.14382886870754702,0.0,0.07665591878983644,0.1921491848833257,0.20929457696318388,0.0,0.1589530326104282,0.0,0.011661670408259286,0.00987185125296943,0.0006087689616168289,0.0,0.0,0.0,0.0016083407108961963,0.0,0.0,0.0,0.0720431016106452,0.15835962690336322,0.20929457696318388,0.0,0.1589530326104282,0.0,0.0,0.00987185125296943,0.0006087689616168289,0.0,0.0,0.0,0.0016083407108961963,0.0,GPAB3090,GPAB3090.JPG,2024-10-03 23:29:46.891,2024-10-04 11:29:46.891,7.18198188811,171.12081489287,793868.1689682072,513338.9020884872,-1.713360244309154,31.786416015625,-0.65965545
data/versions/1.2/train\GPAB3090_sr01_jpg.rf.bcb5669339b77ba547a9e159590db6a3.jpg,0.46670055389404297,0.6010498864079367,0.2020210361362951,0.16013504300751072,0.03378955797996248,0.14382886870754702,0.0,0.07665591878983644,0.1921491848833257,0.20929457696318388,0.0,0.1589530326104282,0.0,0.011661670408259286,0.00987185125296943,0.0006087689616168289,0.0,0.0,0.0,0.0016083407108961963,0.0,0.0,0.0,0.0720431016106452,0.15835962690336322,0.20929457696318388,0.0,0.1589530326104282,0.0,0.0,0.00987185125296943,0.0006087689616168289,0.0,0.0,0.0,0.0016083407108961963,0.0,GPAB3090,GPAB3090.JPG,2024-10-02 01:37:20.870,2024-10-02 13:37:20.870,7.1449715975,171.0427215371,789775.2415121085,504717.1667917672,-4.200602463976286,31.185810546875,
data/versions/1.2/train\GPAB5303_jpg.rf.71a8a6debdf7985a5ccc8f505923b225.jpg,0.8608255386352539,0.12403811623454312,0.016089168329418903,0.09612020210361363,0.0024533197112476305,0.0,0.0,0.009737422775640792,0.016089168329418903,0.0017936599689278177,0.0,0.0,0.0,0.09540581076695287,0.0,0.0,0.0,0.017101222723021645,0.0,0.0,0.0,0.0,0.0,0.0,0.013635848618171274,0.0017936599689278177,0.0,0.0,0.0,0.009023031438980034,0.0,0.0,0.0,0.017101222723021645,0.0,0.0,0.0,GPAB5303,GPAB5303.JPG,2024-10-04 00:43:37.317,2024-10-04 12:43:37.317,7.17160592847,171.13634810251,792721.6119096988,515054.2330159163,-1.694975126232094,31.80493611425781,-0.4130244000000001
data/versions/1.2/train\GPAB5303_jpg.rf.71a8a6debdf7985a5ccc8f505923b225.jpg,0.8608255386352539,0.12403811623454312,0.016089168329418903,0.09612020210361363,0.0024533197112476305,0.0,0.0,0.009737422775640792,0.016089168329418903,0.0017936599689278177,0.0,0.0,0.0,0.09540581076695287,0.0,0.0,0.0,0.017101222723021645,0.0,0.0,0.0,0.0,0.0,0.0,0.013635848618171274,0.0017936599689278177,0.0,0.0,0.0,0.009023031438980034,0.0,0.0,0.0,0.017101222723021645,0.0,0.0,0.0,GPAB5303,GPAB5303.JPG,2024-10-02 02:51:11.296,2024-10-02 14:51:11.296,7.13771187,171.04545272616,788972.727568471,505018.8146039759,-4.07548222820871,31.2287109375,
data/versions/1.2/train\GPAB2942_jpg.rf.1e3195c08fa8efff9464de31cf8e5d3c.jpg,0.7376203536987305,0.2646022933498232,0.1176479625443854,0.060203793571630214,0.01741040822087751,0.01582895320544704,0.0,0.002988153010333709,0.04045721045546288,0.004239298052899527,0.05388565513718426,0.021256022875886026,0.00673966773121218,0.03757756043040158,0.016565429220526076,0.0018695160382775488,0.0,0.0,0.0,0.18090520295819468,0.0,0.0,0.0,0.001888720106467354,0.023046802234585374,0.004239298052899527,0.05388565513718426,0.019854125898030237,0.00673966773121218,0.02317931030509503,0.016565429220526076,0.0018695160382775488,0.0,0.0,0.0,0.1534299425990402,0.0,GPAB2942,GPAB2942.JPG,2024-10-03 23:24:50.595,2024-10-04 11:24:50.595,7.181814178900001,171.11941556735,793849.5886195905,513184.4102991731,-1.746514847443736,31.45353043457031,-0.66084325
data/versions/1.2/train\GPAB2942_jpg.rf.1e3195c08fa8efff9464de31cf8e5d3c.jpg,0.7376203536987305,0.2646022933498232,0.1176479625443854,0.060203793571630214,0.01741040822087751,0.01582895320544704,0.0,0.002988153010333709,0.04045721045546288,0.004239298052899527,0.05388565513718426,0.021256022875886026,0.00673966773121218,0.03757756043040158,0.016565429220526076,0.0018695160382775488,0.0,0.0,0.0,0.18090520295819468,0.0,0.0,0.0,0.001888720106467354,0.023046802234585374,0.004239298052899527,0.05388565513718426,0.019854125898030237,0.00673966773121218,0.02317931030509503,0.016565429220526076,0.0018695160382775488,0.0,0.0,0.0,0.1534299425990402,0.0,GPAB2942,GPAB2942.JPG,2024-10-02 01:32:24.574,2024-10-02 13:32:24.574,7.14738830286,171.0421661174,790042.3960025131,504655.8147681796,-1.404294361756068,31.17476798632812,
data/versions/1.2/train\GPAB4491_jpg.rf.5a80ef736598f03a74b99afda8b464ae.jpg,0.8548574447631836,0.07187602621739389,0.07426021128315823,0.06733618449732391,0.0,0.0,0.0,0.0,0.07426021128315823,0.0045398417200699795,0.0,0.0,0.0,0.06733618449732391,0.0,0.0,0.0,0.0,0.0,0.0,0.0,0.0,0.0,0.0,0.07426021128315823,0.0045398417200699795,0.0,0.0,0.0,0.0,0.0,0.0,0.0,0.0,0.0,0.0,0.0,GPAB4491,GPAB4491.JPG,2024-10-04 00:16:31.693,2024-10-04 12:16:31.693,7.171087829079999,171.13541724675,792664.3068120492,514951.4736766785,-1.754057661739467,31.74351562499999,-0.5384153500000001
data/versions/1.2/train\GPAB4491_jpg.rf.5a80ef736598f03a74b99afda8b464ae.jpg,0.8548574447631836,0.07187602621739389,0.07426021128315823,0.06733618449732391,0.0,0.0,0.0,0.0,0.07426021128315823,0.0045398417200699795,0.0,0.0,0.0,0.06733618449732391,0.0,0.0,0.0,0.0,0.0,0.0,0.0,0.0,0.0,0.0,0.07426021128315823,0.0045398417200699795,0.0,0.0,0.0,0.0,0.0,0.0,0.0,0.0,0.0,0.0,0.0,GPAB4491,GPAB4491.JPG,2024-10-02 02:24:05.672,2024-10-02 14:24:05.672,7.13850009752,171.0441634254,789059.8500942662,504876.4437794998,-1.408217069479899,31.443212890625,
data/versions/1.2/train\GPAB3481_jpg.rf.e4fc253b7043c340198c9e586f1f566a.jpg,0.8345775604248047,0.8211294680665152,0.9852397531893157,0.0,0.0,0.0,0.0,0.0,0.0,0.6272960864029437,0.0,0.19493089416061898,0.9852397531893157,0.0,0.0,0.0,0.0,0.0,0.0,0.0,0.0,0.0,0.0,0.0,0.0,0.6272960864029437,0.0,0.19493089416061898,0.9852397531893157,0.0,0.0,0.0,0.0,0.0,0.0,0.0,0.0,GPAB3481,GPAB3481.JPG,2024-10-03 23:42:49.673,2024-10-04 11:42:49.673,7.18244700313,171.11902497977,793919.5346201229,513141.2681530023,-17.5190337743286,32.20114696191406,-0.6271721166666668
data/versions/1.2/train\GPAB3481_jpg.rf.e4fc253b7043c340198c9e586f1f566a.jpg,0.8345775604248047,0.8211294680665152,0.9852397531893157,0.0,0.0,0.0,0.0,0.0,0.0,0.6272960864029437,0.0,0.19493089416061898,0.9852397531893157,0.0,0.0,0.0,0.0,0.0,0.0,0.0,0.0,0.0,0.0,0.0,0.0,0.6272960864029437,0.0,0.19493089416061898,0.9852397531893157,0.0,0.0,0.0,0.0,0.0,0.0,0.0,0.0,GPAB3481,GPAB3481.JPG,2024-10-02 01:50:23.652,2024-10-02 13:50:23.652,7.14470395416,171.04261360904,789745.6531735819,504705.2524773907,-3.475544009815439,31.13582301171875,
data/versions/1.2/train\GPAB3661_jpg.rf.69612b652e9c026cff9df65116b818fb.jpg,0.42374229431152344,0.6752419232490211,0.1169566160895524,0.06847882655461733,0.006345984333321171,0.0,0.0,0.33860805072946654,0.11364199391999201,0.0,0.0033146221695603997,0.0,0.0,0.0,0.0,0.0,0.0,0.0,0.0,0.3367298928605036,0.0,0.0,0.0,0.27024444858398805,0.10729600958667083,0.0,0.0033146221695603997,0.0,0.0,0.0,0.0,0.0,0.0,0.0,0.0,0.3367298928605036,0.0,GPAB3661,GPAB3661.JPG,2024-10-03 23:48:50.000,2024-10-04 11:48:50.000,7.181862117,171.119556064,793854.8921071687,513199.9208649467,-1.737998727626554,31.786416015625,-0.6191666666666669
data/versions/1.2/train\GPAB3661_jpg.rf.69612b652e9c026cff9df65116b818fb.jpg,0.42374229431152344,0.6752419232490211,0.1169566160895524,0.06847882655461733,0.006345984333321171,0.0,0.0,0.33860805072946654,0.11364199391999201,0.0,0.0033146221695603997,0.0,0.0,0.0,0.0,0.0,0.0,0.0,0.0,0.3367298928605036,0.0,0.0,0.0,0.27024444858398805,0.10729600958667083,0.0,0.0033146221695603997,0.0,0.0,0.0,0.0,0.0,0.0,0.0,0.0,0.3367298928605036,0.0,GPAB3661,GPAB3661.JPG,2024-10-02 01:56:24.000,2024-10-02 13:56:24.000,7.141325185,171.042521697,789372.1386330312,504695.1383238225,-1.336887208529749,31.357412109375,
data/versions/1.2/train\GPAB7009_jpg.rf.28247ed465ee7cd05cd23f3380511de3.jpg,0.19431686401367188,0.3160595940644066,0.8179963243413485,0.15927950176965489,0.8179963243413485,0.005435711501124398,0.0,0.12375677663556248,0.8179963243413485,0.00788903121237203,0.0,0.0,0.0,0.005932136663830866,0.0,0.0,0.0,0.008203977930684836,0.0,0.1649879110390745,0.0,0.005435711501124398,0.0,0.10148581875584524,0.0,0.00788903121237203,0.0,0.0,0.0,0.0012088960925482454,0.0,0.0,0.0,0.008203977930684836,0.0,0.032886966775041625,0.0,GPAB7009,GPAB7009.JPG,2024-10-04 01:40:32.729,2024-10-04 13:40:32.729,7.169486012839999,171.13820746935,792487.3216140093,515259.5971889261,-3.421483089893936,31.22754833691407,-0.0540906500000001
data/versions/1.2/train\GPAB7009_jpg.rf.28247ed465ee7cd05cd23f3380511de3.jpg,0.19431686401367188,0.3160595940644066,0.8179963243413485,0.15927950176965489,0.8179963243413485,0.005435711501124398,0.0,0.12375677663556248,0.8179963243413485,0.00788903121237203,0.0,0.0,0.0,0.005932136663830866,0.0,0.0,0.0,0.008203977930684836,0.0,0.1649879110390745,0.0,0.005435711501124398,0.0,0.10148581875584524,0.0,0.00788903121237203,0.0,0.0,0.0,0.0012088960925482454,0.0,0.0,0.0,0.008203977930684836,0.0,0.032886966775041625,0.0,GPAB7009,GPAB7009.JPG,2024-10-02 03:48:06.708,2024-10-02 15:48:06.708,7.125973021080001,171.05419926012,787675.1349942313,505984.7450349947,-2.553656493838592,31.63501195703125,
data/versions/1.2/train\GPAB5327_jpg.rf.9753f2cbc17121b47fbf69433962bffd.jpg,0.04476356506347656,0.9716778402336751,0.009901617558663627,0.0,0.00446974687117719,0.9716778402336751,0.0,0.0,0.009901617558663627,0.0,0.0,0.0,0.0,0.0,0.0,0.0,0.0,0.0,0.0,0.0,0.0,0.9716778402336751,0.0,0.0,0.005431870687486437,0.0,0.0,0.0,0.0,0.0,0.0,0.0,0.0,0.0,0.0,0.0,0.0,GPAB5327,GPAB5327.JPG,2024-10-04 00:44:25.365,2024-10-04 12:44:25.365,7.17146135305,171.13571548125,792705.6087340275,514984.3897199961,-1.661940789863579,31.958017578125,-0.4087317500000002
data/versions/1.2/train\GPAB5327_jpg.rf.9753f2cbc17121b47fbf69433962bffd.jpg,0.04476356506347656,0.9716778402336751,0.009901617558663627,0.0,0.00446974687117719,0.9716778402336751,0.0,0.0,0.009901617558663627,0.0,0.0,0.0,0.0,0.0,0.0,0.0,0.0,0.0,0.0,0.0,0.0,0.9716778402336751,0.0,0.0,0.005431870687486437,0.0,0.0,0.0,0.0,0.0,0.0,0.0,0.0,0.0,0.0,0.0,0.0,GPAB5327,GPAB5327.JPG,2024-10-02 02:51:59.344,2024-10-02 14:51:59.344,7.1373613882,171.04497892672,788933.977651018,504966.5022246516,-1.55706287166729,31.31451171875,
data/versions/1.2/train\GPAB3026_jpg.rf.0132f1051a4116579dca9e90f5fe8dac.jpg,0.12837982177734375,0.12346583500248692,0.9913706519589109,0.01639931403068426,0.0,0.0,0.0,0.09308691953303387,0.0,0.0,0.9913706519589109,0.0,0.0,0.030542150049066394,0.0,0.0,0.0,0.0,0.0,0.0,0.0,0.0,0.0,0.09127021468227829,0.0,0.0,0.9913706519589109,0.0,0.0,0.015959540869137718,0.0,0.0,0.0,0.0,0.0,0.0,0.0,GPAB3026,GPAB3026.JPG,2024-10-03 23:27:38.763,2024-10-04 11:27:38.763,7.18159610396,171.11938063975,793825.4799473536,513180.5602938224,-1.650874438188252,31.55373716699219,-0.661
data/versions/1.2/train\GPAB3026_jpg.rf.0132f1051a4116579dca9e90f5fe8dac.jpg,0.12837982177734375,0.12346583500248692,0.9913706519589109,0.01639931403068426,0.0,0.0,0.0,0.09308691953303387,0.0,0.0,0.9913706519589109,0.0,0.0,0.030542150049066394,0.0,0.0,0.0,0.0,0.0,0.0,0.0,0.0,0.0,0.09127021468227829,0.0,0.0,0.9913706519589109,0.0,0.0,0.015959540869137718,0.0,0.0,0.0,0.0,0.0,0.0,0.0,GPAB3026,GPAB3026.JPG,2024-10-02 01:35:12.742,2024-10-02 13:35:12.742,7.14531820884,171.04225200982,789813.5536605928,504665.3196629678,-1.412322570507965,31.18899375585937,
data/versions/1.2/train\GPAB4796_jpg.rf.0f42056b81b3aec69c254fcdf2e7fc31.jpg,0.8857002258300781,0.07342195370667322,0.049799029426393686,0.004011729844850333,0.003973321708470722,0.0,0.0,0.033046360541017006,0.013473574241967419,0.0,0.024203847343021147,0.0,0.0,0.03701776184266875,0.009364863852758568,0.0,0.0,0.003363592543444403,0.0027567439886465547,0.0,0.0,0.0,0.0,0.033046360541017006,0.009500252533496695,0.0,0.024203847343021147,0.0,0.0,0.03399888232323135,0.009364863852758568,0.0,0.0,0.0023707422180314678,0.0027567439886465547,0.0,0.0,GPAB4796,GPAB4796.JPG,2024-10-04 00:26:42.303,2024-10-04 12:26:42.303,7.170411499839999,171.13486026945,792589.5221034565,514889.9994412035,-1.916014548633353,31.61182429589844,-0.4961798000000001
data/versions/1.2/train\GPAB4796_jpg.rf.0f42056b81b3aec69c254fcdf2e7fc31.jpg,0.8857002258300781,0.07342195370667322,0.049799029426393686,0.004011729844850333,0.003973321708470722,0.0,0.0,0.033046360541017006,0.013473574241967419,0.0,0.024203847343021147,0.0,0.0,0.03701776184266875,0.009364863852758568,0.0,0.0,0.003363592543444403,0.0027567439886465547,0.0,0.0,0.0,0.0,0.033046360541017006,0.009500252533496695,0.0,0.024203847343021147,0.0,0.0,0.03399888232323135,0.009364863852758568,0.0,0.0,0.0023707422180314678,0.0027567439886465547,0.0,0.0,GPAB4796,GPAB4796.JPG,2024-10-02 02:34:16.282,2024-10-02 14:34:16.282,7.14001530468,171.04402648638,789227.3505926732,504861.3072269653,-1.632806945401308,31.41868244726562,
data/versions/1.2/train\GPAB4753_jpg.rf.e2d94acde6ee937917909a1591d0d659.jpg,0.7321300506591797,0.22964608822733007,0.043552906247659506,0.12466512906094027,0.004873992506572593,0.0,0.0,0.19286261601657695,0.01012822556330333,0.0,0.010230007124709298,0.0,0.021004449582599578,0.03576853720692191,0.0021902239770472975,0.0,0.0,0.001049502326572861,0.0,0.0,0.0,0.0,0.0,0.09378114659809535,0.005254233056730738,0.0,0.010230007124709298,0.0,0.021004449582599578,0.010910791342037898,0.0021902239770472975,0.0,0.0,0.001049502326572861,0.0,0.0,0.0,GPAB4753,GPAB4753.JPG,2024-10-04 00:25:16.217,2024-10-04 12:25:16.217,7.17013973,171.13367212697,792559.440218972,514758.8244664258,-2.160055992946507,31.55811300683593,-0.5033783000000001
data/versions/1.2/train\GPAB4753_jpg.rf.e2d94acde6ee937917909a1591d0d659.jpg,0.7321300506591797,0.22964608822733007,0.043552906247659506,0.12466512906094027,0.004873992506572593,0.0,0.0,0.19286261601657695,0.01012822556330333,0.0,0.010230007124709298,0.0,0.021004449582599578,0.03576853720692191,0.0021902239770472975,0.0,0.0,0.001049502326572861,0.0,0.0,0.0,0.0,0.0,0.09378114659809535,0.005254233056730738,0.0,0.010230007124709298,0.0,0.021004449582599578,0.010910791342037898,0.0021902239770472975,0.0,0.0,0.001049502326572861,0.0,0.0,0.0,GPAB4753,GPAB4753.JPG,2024-10-02 02:32:50.196,2024-10-02 14:32:50.196,7.14088127488,171.04349000368,789323.0755749287,504802.060950671,-1.624609642061602,31.40805173046874,
data/versions/1.2/train\GPAB3079_jpg.rf.a4a8223fb26f718eff035a84cb461caa.jpg,0.6188459396362305,0.4100250997171241,0.09239653328161038,0.022972866572054624,0.0031235416910718366,0.0027298582931808276,0.0,0.008608223566080238,0.08291260420607502,0.010230967328118788,0.009483929075535361,0.2817515262433194,0.0,0.02342992339497199,0.0,0.017210685911703535,0.0,0.0,0.0,0.06620122406730641,0.0,0.0,0.0,0.008608223566080238,0.07978906251500317,0.010230967328118788,0.009483929075535361,0.278879557845534,0.0,0.0180623863359214,0.0,0.005222546344217559,0.0,0.0,0.0,0.06620122406730641,0.0,GPAB3079,GPAB3079.JPG,2024-10-03 23:29:24.869,2024-10-04 11:29:24.869,7.1821073563,171.12048114737,793882.0294793072,513302.0502948686,-4.475635194740176,31.70863331738281,-0.6607565500000001
data/versions/1.2/train\GPAB3079_jpg.rf.a4a8223fb26f718eff035a84cb461caa.jpg,0.6188459396362305,0.4100250997171241,0.09239653328161038,0.022972866572054624,0.0031235416910718366,0.0027298582931808276,0.0,0.008608223566080238,0.08291260420607502,0.010230967328118788,0.009483929075535361,0.2817515262433194,0.0,0.02342992339497199,0.0,0.017210685911703535,0.0,0.0,0.0,0.06620122406730641,0.0,0.0,0.0,0.008608223566080238,0.07978906251500317,0.010230967328118788,0.009483929075535361,0.278879557845534,0.0,0.0180623863359214,0.0,0.005222546344217559,0.0,0.0,0.0,0.06620122406730641,0.0,GPAB3079,GPAB3079.JPG,2024-10-02 01:36:58.848,2024-10-02 13:36:58.848,7.14506039068,171.04268049064,789785.0569337691,504712.6336710024,-4.646063882877369,31.17228834375,
data/versions/1.2/train\GPAA1561_jpg.rf.a7b20949e4e60e74501e7199abe0113a.jpg,0.7793207168579102,0.10638477655106458,0.13001442225521054,0.06688680930168246,0.03748826151331898,0.0,0.0,0.0,0.12311920157166094,0.0,0.0,0.0,0.0,0.08351369154041592,0.006895220683549603,0.0,0.0,0.022871085010648655,0.0,0.0,0.0,0.0,0.0,0.0,0.08563094005834196,0.0,0.0,0.0,0.0,0.016626882238733452,0.006895220683549603,0.0,0.0,0.022871085010648655,0.0,0.0,0.0,GPAA1561,GPAA1561.JPG,2024-10-02 00:34:00.896,2024-10-02 12:34:00.896,7.149982309599999,171.04180429516,790329.1527115557,504615.8377531922,-0.8921474299322327,31.44794909375,
data/versions/1.2/train\GPAB3148_jpg.rf.950d23b2eeeb669f47fa719b70d40054.jpg,0.7793426513671875,0.242873850396468,0.0563773829848115,0.022871085010648655,0.003023680536484849,0.0,0.0,0.12026643724206536,0.018935211235148054,0.0,0.0054453135352193005,0.07148330302291238,0.031996858214444146,0.014278224699120263,0.0,0.009820960472266445,0.0,0.0,0.0,0.027729714262669403,0.0,0.0,0.0,0.10921449599883239,0.015911530698663204,0.0,0.0054453135352193005,0.07148330302291238,0.031996858214444146,0.014278224699120263,0.0,0.008494919563760387,0.0,0.0,0.0,0.01740368679701108,0.0,GPAB3148,GPAB3148.JPG,2024-10-03 23:31:43.000,2024-10-04 11:31:43.000,7.182228609,171.120232489,793895.4264683556,513274.5929320117,-2.528683855592075,32.129619140625,-0.6572833333333334
data/versions/1.2/train\GPAB3148_jpg.rf.950d23b2eeeb669f47fa719b70d40054.jpg,0.7793426513671875,0.242873850396468,0.0563773829848115,0.022871085010648655,0.003023680536484849,0.0,0.0,0.12026643724206536,0.018935211235148054,0.0,0.0054453135352193005,0.07148330302291238,0.031996858214444146,0.014278224699120263,0.0,0.009820960472266445,0.0,0.0,0.0,0.027729714262669403,0.0,0.0,0.0,0.10921449599883239,0.015911530698663204,0.0,0.0054453135352193005,0.07148330302291238,0.031996858214444146,0.014278224699120263,0.0,0.008494919563760387,0.0,0.0,0.0,0.01740368679701108,0.0,GPAB3148,GPAB3148.JPG,2024-10-02 01:39:16.986,2024-10-02 13:39:16.986,7.146288465360001,171.04262836852,789920.8166821538,504706.8659594639,-2.559767293435959,31.100009765625,
data/versions/1.2/train\GPAB5827_jpg.rf.7cc4d07d38d46d7c26b93ba7539d1662.jpg,0.7597436904907227,0.3893826468199023,0.216533550467331,0.21443646622100426,0.014005526930825025,0.009307251648189152,0.0,0.34394006026236595,0.19754840865488946,0.0,0.01898514181244155,0.0,0.0,0.00742429276217874,0.0,0.0,0.0,0.00788999141578152,0.0,0.02111295256787198,0.0,0.0,0.0,0.15945329858677262,0.18354288172406444,0.0,0.01898514181244155,0.0,0.0,0.005737215371704342,0.0,0.0,0.0,0.0,0.0,0.010901189307942994,0.0,GPAB5827,GPAB5827.JPG,2024-10-04 01:01:06.365,2024-10-04 13:01:06.365,7.16986579645,171.13510032055,792529.2036757899,514916.5214228703,-2.214113554476133,31.55747808105468,-0.3261513333333334
data/versions/1.2/train\GPAB5827_jpg.rf.7cc4d07d38d46d7c26b93ba7539d1662.jpg,0.7597436904907227,0.3893826468199023,0.216533550467331,0.21443646622100426,0.014005526930825025,0.009307251648189152,0.0,0.34394006026236595,0.19754840865488946,0.0,0.01898514181244155,0.0,0.0,0.00742429276217874,0.0,0.0,0.0,0.00788999141578152,0.0,0.02111295256787198,0.0,0.0,0.0,0.15945329858677262,0.18354288172406444,0.0,0.01898514181244155,0.0,0.0,0.005737215371704342,0.0,0.0,0.0,0.0,0.0,0.010901189307942994,0.0,GPAB5827,GPAB5827.JPG,2024-10-02 03:08:40.344,2024-10-02 15:08:40.344,7.13697491508,171.04706110348,788891.2770670603,505196.417311372,-8.900018028743853,31.872216796875,
data/versions/1.2/train\GPAB5735_jpg.rf.888b2be5a81ead185b02a7c7e11a0a11.jpg,0.05604743957519531,0.057295337444284195,0.9863651115852382,0.01095880151251241,0.0,0.0,0.0,0.04405221202059444,0.004637782467837987,0.0,0.0,0.0,0.9817273291174002,0.006974917566537295,0.0,0.002050034279261719,0.0,0.00421817357789074,0.0,0.0,0.0,0.0,0.0,0.03514344478734375,0.004637782467837987,0.0,0.0,0.0,0.9817273291174002,0.006974917566537295,0.0,0.0,0.0,0.00421817357789074,0.0,0.0,0.0,GPAB5735,GPAB5735.JPG,2024-10-04 00:58:02.181,2024-10-04 12:58:02.181,7.17036063581,171.13757765748,792583.9882404887,515190.0300491045,-2.419574286446593,31.82931640624999,-0.3487819000000001
data/versions/1.2/train\GPAB5735_jpg.rf.888b2be5a81ead185b02a7c7e11a0a11.jpg,0.05604743957519531,0.057295337444284195,0.9863651115852382,0.01095880151251241,0.0,0.0,0.0,0.04405221202059444,0.004637782467837987,0.0,0.0,0.0,0.9817273291174002,0.006974917566537295,0.0,0.002050034279261719,0.0,0.00421817357789074,0.0,0.0,0.0,0.0,0.0,0.03514344478734375,0.004637782467837987,0.0,0.0,0.0,0.9817273291174002,0.006974917566537295,0.0,0.0,0.0,0.00421817357789074,0.0,0.0,0.0,GPAB5735,GPAB5735.JPG,2024-10-02 03:05:36.160,2024-10-02 15:05:36.160,7.1374203102,171.045388299,788940.4957431497,505011.7038349097,-2.064008964144426,31.91511718749999,
data/versions/1.2/train\GPAB2753_jpg.rf.ecc3e09a60fddd4051f8cc1817f5abe0.jpg,0.20166301727294922,0.18824595802374774,0.9874511016413717,0.10293476570076605,0.0,0.002580066561300346,0.0,0.14723567040441848,0.0,0.0,0.9874511016413717,0.02921802954737932,0.0,0.008884762148013436,0.0,0.0007201525571176998,0.0,0.0,0.0,0.0,0.0,0.002580066561300346,0.0,0.05435999562147245,0.0,0.0,0.9874511016413717,0.02921802954737932,0.0,0.0,0.0,0.0,0.0,0.0,0.0,0.0,0.0,GPAB2753,GPAB2753.JPG,2024-10-03 23:18:32.217,2024-10-04 11:18:32.217,,,,,,29.93162191699219,-0.6659261000000001
data/versions/1.2/train\GPAB2753_jpg.rf.ecc3e09a60fddd4051f8cc1817f5abe0.jpg,0.20166301727294922,0.18824595802374774,0.9874511016413717,0.10293476570076605,0.0,0.002580066561300346,0.0,0.14723567040441848,0.0,0.0,0.9874511016413717,0.02921802954737932,0.0,0.008884762148013436,0.0,0.0007201525571176998,0.0,0.0,0.0,0.0,0.0,0.002580066561300346,0.0,0.05435999562147245,0.0,0.0,0.9874511016413717,0.02921802954737932,0.0,0.0,0.0,0.0,0.0,0.0,0.0,0.0,0.0,GPAB2753,GPAB2753.JPG,2024-10-02 01:26:06.196,2024-10-02 13:26:06.196,7.14610854444,171.04185821136,789900.9191188671,504621.8298620551,-1.116561223222225,31.357412109375,
data/versions/1.2/train\GPAB6725_jpg.rf.990d5f2625903257e8bc17df9fa2bf20.jpg,0.8114433288574219,0.21167588141871974,0.11980938041914799,0.03145242288126317,0.01650493640572819,0.0,0.0,0.033984479272089,0.055872315991419626,0.050511500356235466,0.005533652248892405,0.09322998984104792,0.04160273312298477,0.014983974205095608,0.01680067905585119,0.0017754161041475026,0.0,0.0,0.0,0.017598608089137602,0.0,0.0,0.0,0.01711178496052604,0.039367379585691434,0.050511500356235466,0.005533652248892405,0.09322998984104792,0.04160273312298477,0.012366459710825142,0.01680067905585119,0.0,0.0,0.0,0.0,0.007400287676941483,0.0,GPAB6725,GPAB6725.JPG,2024-10-04 01:31:04.161,2024-10-04 13:31:04.161,7.16900298417,171.13484529288,792433.8135400076,514888.3916038072,-4.975761548808768,31.2287109375,-0.1293065000000001
data/versions/1.2/train\GPAB6725_jpg.rf.990d5f2625903257e8bc17df9fa2bf20.jpg,0.8114433288574219,0.21167588141871974,0.11980938041914799,0.03145242288126317,0.01650493640572819,0.0,0.0,0.033984479272089,0.055872315991419626,0.050511500356235466,0.005533652248892405,0.09322998984104792,0.04160273312298477,0.014983974205095608,0.01680067905585119,0.0017754161041475026,0.0,0.0,0.0,0.017598608089137602,0.0,0.0,0.0,0.01711178496052604,0.039367379585691434,0.050511500356235466,0.005533652248892405,0.09322998984104792,0.04160273312298477,0.012366459710825142,0.01680067905585119,0.0,0.0,0.0,0.0,0.007400287676941483,0.0,GPAB6725,GPAB6725.JPG,2024-10-02 03:38:38.140,2024-10-02 15:38:38.140,7.1308433892,171.0505385716,788213.4946321782,505580.4685325412,-1.97775099778502,31.357412109375,
data/versions/1.2/train\GPAB4043_jpg.rf.304540b8e3e321643590232ad5924540.jpg,0.4820699691772461,0.5056834439807729,0.015792465475886412,0.3122994375128427,0.0010504625299823515,0.0,0.0,0.0,0.010013001154164498,0.0,0.005779464321721914,0.0,0.0,0.5056834439807729,0.0,0.0,0.0,0.0,0.0,0.0,0.0,0.0,0.0,0.0,0.008962538624182146,0.0,0.005779464321721914,0.0,0.0,0.19344737989295652,0.0,0.0,0.0,0.0,0.0,0.0,0.0,GPAB4043,GPAB4043.JPG,2024-10-04 00:01:34.797,2024-10-04 12:01:34.797,7.17671957762,171.12586128663,793286.5828901387,513896.223698648,,31.185810546875,-0.6044200500000001
data/versions/1.2/train\GPAB4043_jpg.rf.304540b8e3e321643590232ad5924540.jpg,0.4820699691772461,0.5056834439807729,0.015792465475886412,0.3122994375128427,0.0010504625299823515,0.0,0.0,0.0,0.010013001154164498,0.0,0.005779464321721914,0.0,0.0,0.5056834439807729,0.0,0.0,0.0,0.0,0.0,0.0,0.0,0.0,0.0,0.0,0.008962538624182146,0.0,0.005779464321721914,0.0,0.0,0.19344737989295652,0.0,0.0,0.0,0.0,0.0,0.0,0.0,GPAB4043,GPAB4043.JPG,2024-10-02 02:09:08.776,2024-10-02 14:09:08.776,7.141735370680001,171.04323040472,789417.4908049909,504773.3878001931,-4.087085295629041,31.2287109375,
data/versions/1.2/train\GPAB4789_jpg.rf.5c044e3717b48118b45c9ad51a6650a2.jpg,0.8862771987915039,0.09071521711159292,0.07543550025637431,0.05911108209163029,0.0032243630490683146,0.0018551129871351947,0.0,0.07957589735809634,0.05409209887022467,0.0,0.011226698263760194,0.0,0.0,0.0034250455616517805,0.010116703122389447,0.0,0.0,0.005878365272899411,0.0,0.0,0.0,0.0018551129871351947,0.0,0.02388986082811783,0.050867735821156355,0.0,0.011226698263760194,0.0,0.0,0.0,0.010116703122389447,0.0,0.0,0.005878365272899411,0.0,0.0,0.0,GPAB4789,GPAB4789.JPG,2024-10-04 00:26:28.289,2024-10-04 12:26:28.289,7.17036731021,171.13466328831,792584.630659105,514868.2520349691,-1.690429463268267,31.55170368847656,-0.4971140666666668
data/versions/1.2/train\GPAB4789_jpg.rf.5c044e3717b48118b45c9ad51a6650a2.jpg,0.8862771987915039,0.09071521711159292,0.07543550025637431,0.05911108209163029,0.0032243630490683146,0.0018551129871351947,0.0,0.07957589735809634,0.05409209887022467,0.0,0.011226698263760194,0.0,0.0,0.0034250455616517805,0.010116703122389447,0.0,0.0,0.005878365272899411,0.0,0.0,0.0,0.0018551129871351947,0.0,0.02388986082811783,0.050867735821156355,0.0,0.011226698263760194,0.0,0.0,0.0,0.010116703122389447,0.0,0.0,0.005878365272899411,0.0,0.0,0.0,GPAB4789,GPAB4789.JPG,2024-10-02 02:34:02.268,2024-10-02 14:34:02.268,7.14015859516,171.04393690976,789243.1900142316,504851.4148630318,-1.538372124043231,31.44206316015624,
data/versions/1.2/train\GPAB3193_jpg.rf.26438fdc8ba83c1997cdc08912b8e571.jpg,0.5116558074951172,0.5281032333889611,0.06807362071581244,0.0010792686322670594,0.015424707570051639,0.0,0.0,0.10877376263387636,0.021935846889805138,0.0,0.0,0.20467407815671673,0.03939714589138563,0.21283964795102195,0.0,0.0022363137407028304,0.0,0.0,0.0,0.0,0.00674062793462167,0.0,0.0,0.1076944940016093,0.006511139319753496,0.0,0.0,0.20467407815671673,0.03939714589138563,0.21283964795102195,0.0,0.0022363137407028304,0.0,0.0,0.0,0.0,0.00674062793462167,GPAB3193,GPAB3193.JPG,2024-10-03 23:33:13.000,2024-10-04 11:33:13.000,7.182755807,171.119273757,793953.6792985428,513168.7262152857,-2.932076925596159,32.301220703125,-0.6515666666666668
data/versions/1.2/train\GPAB3193_jpg.rf.26438fdc8ba83c1997cdc08912b8e571.jpg,0.5116558074951172,0.5281032333889611,0.06807362071581244,0.0010792686322670594,0.015424707570051639,0.0,0.0,0.10877376263387636,0.021935846889805138,0.0,0.0,0.20467407815671673,0.03939714589138563,0.21283964795102195,0.0,0.0022363137407028304,0.0,0.0,0.0,0.0,0.00674062793462167,0.0,0.0,0.1076944940016093,0.006511139319753496,0.0,0.0,0.20467407815671673,0.03939714589138563,0.21283964795102195,0.0,0.0022363137407028304,0.0,0.0,0.0,0.0,0.00674062793462167,GPAB3193,GPAB3193.JPG,2024-10-02 01:40:47.000,2024-10-02 13:40:47.000,7.147396081,171.042551704,790043.2597708629,504698.3896332064,-5.731063589534097,31.100009765625,
data/versions/1.2/train\GPAB2520_sr01_jpg.rf.eb209a3b208fc68236d0a0a23af3ebc3.jpg,0.8353996276855469,0.8321583644279205,0.9968582144441478,0.0,0.0,0.0,0.0,0.0,0.0,0.791415973559839,0.0,0.0,0.9968582144441478,0.04080480408969836,0.0,0.0,0.0,0.0,0.0,0.0,0.0,0.0,0.0,0.0,0.0,0.791415973559839,0.0,0.0,0.9968582144441478,0.04080480408969836,0.0,0.0,0.0,0.0,0.0,0.0,0.0,GPAB2520,GPAB2520.JPG,2024-10-02 01:18:19.730,2024-10-02 13:18:19.730,7.1484826732,171.0413520714,790163.3674953983,504565.9201705009,-1.341797860334625,31.50953689453125,
data/versions/1.2/train\GPAB2596_jpg.rf.2f2baaa24438dea077da3aa192d6d6ef.jpg,0.623103141784668,0.42313859768053264,0.04439308423096349,0.40214855114907544,0.0,0.0,0.0,0.0,0.0,0.020990046531457224,0.0,0.0,0.0,0.40214855114907544,0.04439308423096349,0.0,0.0,0.0,0.0,0.0,0.0,0.0,0.0,0.0,0.0,0.020990046531457224,0.0,0.0,0.0,0.0,0.04439308423096349,0.0,0.0,0.0,0.0,0.0,0.0,GPAB2596,GPAB2596.JPG,2024-10-02 01:20:51.882,2024-10-02 13:20:51.882,7.146647543639999,171.04142757564,789960.4997011061,504574.275280701,-1.460247436854018,31.48611328124999,
data/versions/1.2/train\GPAB3264_jpg.rf.7edd339bc280e2edab14e6c55b7b5448.jpg,0.9288730621337891,0.9278042260472459,0.9992222352383129,0.0,0.0,0.0,0.0,0.0,0.0,0.5299938739022475,0.0,0.4010779243474938,0.9992222352383129,0.0,0.0,0.0,0.0,0.0,0.0,0.0,0.0,0.0,0.0,0.0,0.0,0.5299938739022475,0.0,0.4010779243474938,0.9992222352383129,0.0,0.0,0.0,0.0,0.0,0.0,0.0,0.0,GPAB3264,GPAB3264.JPG,2024-10-03 23:35:35.239,2024-10-04 11:35:35.239,7.182453370599999,171.11913733616,793920.2417523711,513153.6729922647,-2.022554247667439,32.46321686816405,-0.6436507333333334
data/versions/1.2/train\GPAB3264_jpg.rf.7edd339bc280e2edab14e6c55b7b5448.jpg,0.9288730621337891,0.9278042260472459,0.9992222352383129,0.0,0.0,0.0,0.0,0.0,0.0,0.5299938739022475,0.0,0.4010779243474938,0.9992222352383129,0.0,0.0,0.0,0.0,0.0,0.0,0.0,0.0,0.0,0.0,0.0,0.0,0.5299938739022475,0.0,0.4010779243474938,0.9992222352383129,0.0,0.0,0.0,0.0,0.0,0.0,0.0,0.0,GPAB3264,GPAB3264.JPG,2024-10-02 01:43:09.218,2024-10-02 13:43:09.218,7.148794066940001,171.04245078602,790197.8022624635,504687.2324218932,-3.13126716134493,31.13097526757813,
data/versions/1.2/train\GPAB6245_jpg.rf.47051ee1d535ca875a821dca928db358.jpg,0.8715362548828125,0.10179692466052008,0.041893674756060324,0.02893572974498918,0.008531407293321016,0.0,0.0,0.05340363302562015,0.018472393191773746,0.0,0.0,0.0,0.019506532263794764,0.0,0.003914749300491816,0.006983559397222707,0.0,0.0,0.0,0.04145006078087582,0.0,0.0,0.0,0.03049029906495392,0.009940985898452728,0.0,0.0,0.0,0.019506532263794764,0.0,0.003914749300491816,0.006983559397222707,0.0,0.0,0.0,0.035439187437466754,0.0,GPAB6245,GPAB6245.JPG,2024-10-04 01:15:03.201,2024-10-04 13:15:03.201,7.16968251421,171.13619248458,792508.9778883075,515037.1142533368,-4.642708411159734,31.39945020214843,-0.2277866000000001
data/versions/1.2/train\GPAB6245_jpg.rf.47051ee1d535ca875a821dca928db358.jpg,0.8715362548828125,0.10179692466052008,0.041893674756060324,0.02893572974498918,0.008531407293321016,0.0,0.0,0.05340363302562015,0.018472393191773746,0.0,0.0,0.0,0.019506532263794764,0.0,0.003914749300491816,0.006983559397222707,0.0,0.0,0.0,0.04145006078087582,0.0,0.0,0.0,0.03049029906495392,0.009940985898452728,0.0,0.0,0.0,0.019506532263794764,0.0,0.003914749300491816,0.006983559397222707,0.0,0.0,0.0,0.035439187437466754,0.0,GPAB6245,GPAB6245.JPG,2024-10-02 03:22:37.180,2024-10-02 15:22:37.180,7.1299164602,171.0516775012,788111.0391584479,505706.2406316989,-3.608504565385688,31.24938892578125,
data/versions/1.2/train\GPAB3256_jpg.rf.7d206d4c2dfb923b428f093deabfd85f.jpg,0.3970651626586914,0.9025585580049278,0.34364047679860504,0.0,0.013170149964568494,0.0,0.0,0.0,0.13667247269661606,0.9025585580049278,0.0,0.0,0.19469084330824643,0.0,0.012277160793742546,0.0,0.0,0.0,0.0,0.0,0.0,0.0,0.0,0.0,0.12350232273204756,0.9025585580049278,0.0,0.0,0.19469084330824643,0.0,0.012277160793742546,0.0,0.0,0.0,0.0,0.0,0.0,GPAB3256,GPAB3256.JPG,2024-10-03 23:35:19.223,2024-10-04 11:35:19.223,7.18242705814,171.11918836195,793917.3344371691,513159.3073941548,-2.633820758665392,32.51572265625,-0.6447184666666668
data/versions/1.2/train\GPAB3256_jpg.rf.7d206d4c2dfb923b428f093deabfd85f.jpg,0.3970651626586914,0.9025585580049278,0.34364047679860504,0.0,0.013170149964568494,0.0,0.0,0.0,0.13667247269661606,0.9025585580049278,0.0,0.0,0.19469084330824643,0.0,0.012277160793742546,0.0,0.0,0.0,0.0,0.0,0.0,0.0,0.0,0.0,0.12350232273204756,0.9025585580049278,0.0,0.0,0.19469084330824643,0.0,0.012277160793742546,0.0,0.0,0.0,0.0,0.0,0.0,GPAB3256,GPAB3256.JPG,2024-10-02 01:42:53.202,2024-10-02 13:42:53.202,7.1486099207,171.04245951824,790177.4454879255,504688.1984734081,-4.487645006235696,31.06226600195313,
data/versions/1.2/train\GPAB2915_jpg.rf.a6786972f25a53ecff6281be316a127d.jpg,0.5543289184570312,0.533251844070648,0.1230337434682163,0.35927162810169705,0.0060492814797886785,0.10394682009436879,0.0,0.3292259032153371,0.1230337434682163,0.0,0.0,0.0,0.0,0.0,0.0,0.0,0.0,0.10013577276210192,0.0,0.0,0.0,0.009239077206115344,0.0,0.10776074803686413,0.11698446198842763,0.0,0.0,0.0,0.0,0.0,0.0,0.0,0.0,0.05708121208396787,0.0,0.0,0.0,GPAB2915,GPAB2915.JPG,2024-10-03 23:23:56.541,2024-10-04 11:23:56.541,7.181867538410001,171.119492745,793855.4896079496,513192.9297879075,-1.943790338553976,31.42802186230468,-0.6600576500000002
data/versions/1.2/train\GPAB2915_jpg.rf.a6786972f25a53ecff6281be316a127d.jpg,0.5543289184570312,0.533251844070648,0.1230337434682163,0.35927162810169705,0.0060492814797886785,0.10394682009436879,0.0,0.3292259032153371,0.1230337434682163,0.0,0.0,0.0,0.0,0.0,0.0,0.0,0.0,0.10013577276210192,0.0,0.0,0.0,0.009239077206115344,0.0,0.10776074803686413,0.11698446198842763,0.0,0.0,0.0,0.0,0.0,0.0,0.0,0.0,0.05708121208396787,0.0,0.0,0.0,GPAB2915,GPAB2915.JPG,2024-10-02 01:31:30.520,2024-10-02 13:31:30.520,7.1480332094,171.0421384354,790113.6883744525,504652.7517073789,-1.877513528436116,31.2652620703125,
data/versions/1.2/train\GPAB2752_jpg.rf.3d3a23e7d01325a3e36b5203981b2c6b.jpg,0.8860244750976562,0.21424826635274416,0.18430720363801867,0.018069107759787834,0.0,0.0035892403446746157,0.0,0.00342408535824229,0.003235885489982198,0.05109434382579606,0.17598320028114756,0.1465308811018526,0.0,0.00494024654182742,0.005088117866888921,0.0,0.0,0.004739564029243955,0.0,0.0,0.0,0.0,0.0,0.00342408535824229,0.003235885489982198,0.04135404043992679,0.17598320028114756,0.1465308811018526,0.0,0.00494024654182742,0.005088117866888921,0.0,0.0,0.0,0.0,0.0,0.0,GPAB2752,GPAB2752.JPG,2024-10-03 23:18:30.215,2024-10-04 11:18:30.215,,,,,,29.90585594238281,-0.6659928333333334
data/versions/1.2/train\GPAB2752_jpg.rf.3d3a23e7d01325a3e36b5203981b2c6b.jpg,0.8860244750976562,0.21424826635274416,0.18430720363801867,0.018069107759787834,0.0,0.0035892403446746157,0.0,0.00342408535824229,0.003235885489982198,0.05109434382579606,0.17598320028114756,0.1465308811018526,0.0,0.00494024654182742,0.005088117866888921,0.0,0.0,0.004739564029243955,0.0,0.0,0.0,0.0,0.0,0.00342408535824229,0.003235885489982198,0.04135404043992679,0.17598320028114756,0.1465308811018526,0.0,0.00494024654182742,0.005088117866888921,0.0,0.0,0.0,0.0,0.0,0.0,GPAB2752,GPAB2752.JPG,2024-10-02 01:26:04.194,2024-10-02 13:26:04.194,7.1460842104,171.04186059358,789898.2290814944,504622.0931425688,-1.106029580889641,31.357412109375,
data/versions/1.2/train\GPAB3101_jpg.rf.b62e7eeebc3c25bf04dbff6c796cb5d3.jpg,0.5737447738647461,0.40226473576162375,0.06496160146565448,0.05324808007328272,0.032349252865727075,0.0,0.0,0.0,0.05037515147208785,0.0,0.014586449993566637,0.0,0.0,0.3938639161319934,0.0,0.0,0.0,0.0,0.0,0.008400819629630341,0.0,0.0,0.0,0.0,0.018025898606360773,0.0,0.014586449993566637,0.0,0.0,0.3407905930792379,0.0,0.0,0.0,0.0,0.0,0.008400819629630341,0.0,GPAB3101,GPAB3101.JPG,2024-10-03 23:30:08.913,2024-10-04 11:30:08.913,7.181867211749999,171.12094311031,793855.4955015458,513353.0616552514,-1.842105809368846,31.89758379785156,-0.6588514500000001
data/versions/1.2/train\GPAB3101_jpg.rf.b62e7eeebc3c25bf04dbff6c796cb5d3.jpg,0.5737447738647461,0.40226473576162375,0.06496160146565448,0.05324808007328272,0.032349252865727075,0.0,0.0,0.0,0.05037515147208785,0.0,0.014586449993566637,0.0,0.0,0.3938639161319934,0.0,0.0,0.0,0.0,0.0,0.008400819629630341,0.0,0.0,0.0,0.0,0.018025898606360773,0.0,0.014586449993566637,0.0,0.0,0.3407905930792379,0.0,0.0,0.0,0.0,0.0,0.008400819629630341,0.0,GPAB3101,GPAB3101.JPG,2024-10-02 01:37:42.892,2024-10-02 13:37:42.892,7.14521875488,171.04270910076,789802.563953325,504715.7910799137,-3.663785553513005,31.14291015625,
data/versions/1.2/train\GPAB3143_jpg.rf.9fc36c71d76476227a44163b79392c05.jpg,0.4471168518066406,0.6408243922392519,0.10235000182438647,0.02237754045817066,0.0075740844940592215,0.08834255448674247,0.0,0.12746988322006134,0.011482112370684605,0.0,0.09086788945370187,0.25481590020029843,0.0,0.012740939040526346,0.0,0.003791843264077062,0.0,0.0005645996047802767,0.0,0.1583605871067727,0.0,0.08834255448674247,0.0,0.1184958221549653,0.003908027876625384,0.0,0.09086788945370187,0.25481590020029843,0.0,0.0031177804706148953,0.0,0.0,0.0,0.0005645996047802767,0.0,0.1583605871067727,0.0,GPAB3143,GPAB3143.JPG,2024-10-03 23:31:32.997,2024-10-04 11:31:32.997,7.18217181787,171.12036375139,793889.1521475344,513289.0869806836,-3.043834046858491,32.04383122949218,-0.65745005
data/versions/1.2/train\GPAB3143_jpg.rf.9fc36c71d76476227a44163b79392c05.jpg,0.4471168518066406,0.6408243922392519,0.10235000182438647,0.02237754045817066,0.0075740844940592215,0.08834255448674247,0.0,0.12746988322006134,0.011482112370684605,0.0,0.09086788945370187,0.25481590020029843,0.0,0.012740939040526346,0.0,0.003791843264077062,0.0,0.0005645996047802767,0.0,0.1583605871067727,0.0,0.08834255448674247,0.0,0.1184958221549653,0.003908027876625384,0.0,0.09086788945370187,0.25481590020029843,0.0,0.0031177804706148953,0.0,0.0,0.0,0.0005645996047802767,0.0,0.1583605871067727,0.0,GPAB3143,GPAB3143.JPG,2024-10-02 01:39:06.976,2024-10-02 13:39:06.976,7.146163000640001,171.04263853564,789906.9470057031,504707.9898592904,-2.426111462911355,31.121562921875,
data/versions/1.2/train\GPAB6688_jpg.rf.57296e4a40af7ca9cfdf1f0f28a97d2c.jpg,0.8113555908203125,0.12061499107971033,0.07775535169370279,0.05280158548786975,0.02494032335810018,0.02493360193423375,0.0,0.0710166441659001,0.07213912195159422,0.0,0.001448946944920812,0.0,0.0,0.01088294544316268,0.004167282797187756,0.0021172485179260375,0.0,0.00421529296766227,0.0,0.007560641646326358,0.0,0.02001159925718664,0.0,0.03251728846238787,0.047198798593494046,0.0,0.001448946944920812,0.0,0.0,0.01088294544316268,0.004167282797187756,0.0021172485179260375,0.0,0.002865246973918955,0.0,0.0,0.0,GPAB6688,GPAB6688.JPG,2024-10-04 01:29:50.000,2024-10-04 13:29:50.000,7.169201204,171.135858382,792455.759250491,515000.241415584,-2.158006716413805,31.3273818359375,-0.1393333333333334
data/versions/1.2/train\GPAB6688_jpg.rf.57296e4a40af7ca9cfdf1f0f28a97d2c.jpg,0.8113555908203125,0.12061499107971033,0.07775535169370279,0.05280158548786975,0.02494032335810018,0.02493360193423375,0.0,0.0710166441659001,0.07213912195159422,0.0,0.001448946944920812,0.0,0.0,0.01088294544316268,0.004167282797187756,0.0021172485179260375,0.0,0.00421529296766227,0.0,0.007560641646326358,0.0,0.02001159925718664,0.0,0.03251728846238787,0.047198798593494046,0.0,0.001448946944920812,0.0,0.0,0.01088294544316268,0.004167282797187756,0.0021172485179260375,0.0,0.002865246973918955,0.0,0.0,0.0,GPAB6688,GPAB6688.JPG,2024-10-02 03:37:24.000,2024-10-02 15:37:24.000,7.131671703,171.050171168,788305.0579731934,505539.889866864,-2.534997590575827,31.39173242187499,
data/versions/1.2/train\GPAB2354_sr01_jpg.rf.b1a3c8522b2e4c251d4c92c226a8dd9c.jpg,0.8549337387084961,0.44129796456081255,0.4628593321209165,0.009157459916308671,0.031710717598416045,0.0,0.0,0.011450425658171427,0.03672105898913626,0.4110505969584597,0.012413509677890164,0.009639482027872785,0.4137247634538901,0.0,0.0,0.0,0.0,0.009157459916308671,0.0,0.0,0.0,0.0,0.0,0.011450425658171427,0.00501034139072021,0.4110505969584597,0.012413509677890164,0.009639482027872785,0.4137247634538901,0.0,0.0,0.0,0.0,0.0,0.0,0.0,0.0,GPAB2354,GPAB2354.JPG,2024-10-02 01:12:47.398,2024-10-02 13:12:47.398,7.1524987436,171.0417532911,790607.3371282928,504610.1808821131,-1.361723371636197,31.55217130273437,
data/versions/1.2/train\GPAB6151_jpg.rf.c36cadd2306d5b5385f070e07094abae.jpg,0.6757020950317383,0.31925995202823765,0.11053189507665304,0.10407932816487844,0.09854855652621451,0.03968328650741373,0.0,0.009107529339015177,0.10443556362979933,0.0,0.001570892777926076,0.0015296040313179944,0.0,0.04357403072266829,0.004525438668927626,0.0037515147208784707,0.0,0.00421817357789074,0.0,0.21832144921580188,0.0,0.003672778041300269,0.0,0.0046944344689979125,0.0058870071035848235,0.0,0.001570892777926076,0.0015296040313179944,0.0,0.034620133929171557,0.004525438668927626,0.0037515147208784707,0.0,0.00421817357789074,0.0,0.16561012284842422,0.0,GPAB6151,GPAB6151.JPG,2024-10-04 01:11:55.000,2024-10-04 13:11:55.000,7.170167099,171.138620319,792562.6278342648,515305.1575997621,-3.323216718031555,31.40889257812499,-0.2463333333333334
data/versions/1.2/train\GPAB6151_jpg.rf.c36cadd2306d5b5385f070e07094abae.jpg,0.6757020950317383,0.31925995202823765,0.11053189507665304,0.10407932816487844,0.09854855652621451,0.03968328650741373,0.0,0.009107529339015177,0.10443556362979933,0.0,0.001570892777926076,0.0015296040313179944,0.0,0.04357403072266829,0.004525438668927626,0.0037515147208784707,0.0,0.00421817357789074,0.0,0.21832144921580188,0.0,0.003672778041300269,0.0,0.0046944344689979125,0.0058870071035848235,0.0,0.001570892777926076,0.0015296040313179944,0.0,0.034620133929171557,0.004525438668927626,0.0037515147208784707,0.0,0.00421817357789074,0.0,0.16561012284842422,0.0,GPAB6151,GPAB6151.JPG,2024-10-02 03:19:28.992,2024-10-02 15:19:28.992,7.13180066748,171.0510507608,788319.3252863372,505637.0127674949,-4.776056198134826,31.258706890625,
data/versions/1.2/train\GPAB7090_jpg.rf.5a202a153d5630556c96afc11f25bef5.jpg,0.7571306228637695,0.19940256143861515,0.195618399801814,0.07695838286382588,0.09975649241535327,0.039976148547308264,0.0,0.13924485763064048,0.17419626173608618,0.0,0.021422138065727844,0.0,0.0,0.007867906737363243,0.0,0.002180621942952395,0.0,0.010133026580350781,0.0,0.0,0.0,0.0,0.0,0.10630027865102944,0.0744397693207329,0.0,0.021422138065727844,0.0,0.0,0.004039575743725551,0.0,0.002180621942952395,0.0,0.010133026580350781,0.0,0.0,0.0,GPAB7090,GPAB7090.JPG,2024-10-04 01:43:14.891,2024-10-04 13:43:14.891,7.168888788519999,171.13613666112,792421.2315584876,515030.9767511006,-1.915011105299152,31.2287109375,-0.03152543333333348
data/versions/1.2/train\GPAB7090_jpg.rf.5a202a153d5630556c96afc11f25bef5.jpg,0.7571306228637695,0.19940256143861515,0.195618399801814,0.07695838286382588,0.09975649241535327,0.039976148547308264,0.0,0.13924485763064048,0.17419626173608618,0.0,0.021422138065727844,0.0,0.0,0.007867906737363243,0.0,0.002180621942952395,0.0,0.010133026580350781,0.0,0.0,0.0,0.0,0.0,0.10630027865102944,0.0744397693207329,0.0,0.021422138065727844,0.0,0.0,0.004039575743725551,0.0,0.002180621942952395,0.0,0.010133026580350781,0.0,0.0,0.0,GPAB7090,GPAB7090.JPG,2024-10-02 03:50:48.870,2024-10-02 15:50:48.870,7.124849690700001,171.0553005969,787550.9684089634,506106.370820678,-1.858555443074835,31.700615234375,
data/versions/1.2/train\GPAB3479_jpg.rf.b1da9e0f87d5ecce8b2bd4e682667d31.jpg,0.7252664566040039,0.5098017564040767,0.2714034140992428,0.109893359809342,0.0,0.0,0.0,0.0,0.009411913819823592,0.0,0.009668288130157493,0.0,0.0,0.5098017564040767,0.2523232121492617,0.0,0.0,0.0,0.0,0.0,0.0,0.0,0.0,0.0,0.009411913819823592,0.0,0.009668288130157493,0.0,0.0,0.39990839659473465,0.2523232121492617,0.0,0.0,0.0,0.0,0.0,0.0,GPAB3479,GPAB3479.JPG,2024-10-03 23:42:45.669,2024-10-04 11:42:45.669,7.182386742769999,171.11910986821,793912.8754152347,513150.6422307013,-8.851264775151197,32.18396964550781,-0.6272388500000001
data/versions/1.2/train\GPAB3479_jpg.rf.b1da9e0f87d5ecce8b2bd4e682667d31.jpg,0.7252664566040039,0.5098017564040767,0.2714034140992428,0.109893359809342,0.0,0.0,0.0,0.0,0.009411913819823592,0.0,0.009668288130157493,0.0,0.0,0.5098017564040767,0.2523232121492617,0.0,0.0,0.0,0.0,0.0,0.0,0.0,0.0,0.0,0.009411913819823592,0.0,0.009668288130157493,0.0,0.0,0.39990839659473465,0.2523232121492617,0.0,0.0,0.0,0.0,0.0,0.0,GPAB3479,GPAB3479.JPG,2024-10-02 01:50:19.648,2024-10-02 13:50:19.648,7.144714221519999,171.04266364164,789746.7887133023,504710.7768059642,-3.808423406712367,31.132819984375,
data/versions/1.2/train\GPAB2361_jpg.rf.7ff2f326c3f88fce82b7bcfe9c1d06a0.jpg,0.6096200942993164,0.38450577370310124,0.008565974616062667,0.001827267088259977,0.0018455109530402922,0.0,0.0,0.0,0.0018455109530402922,0.022802910568574846,0.006720463663022374,0.0,0.0,0.31516564469017117,0.0,0.0,0.0,0.04653721844435525,0.0,0.0,0.0,0.0,0.0,0.0,0.0,0.022802910568574846,0.006720463663022374,0.0,0.0,0.31516564469017117,0.0,0.0,0.0,0.044709951356095276,0.0,0.0,0.0,GPAB2361,GPAB2361.JPG,2024-10-02 01:13:01.412,2024-10-02 13:13:01.412,7.152325515359999,171.04173099812,790588.1869937159,504607.7211435896,-1.350236002191076,31.57191406249999,
data/versions/1.2/train\GPAB5501_jpg.rf.5114f894a84b379edf8f672b54d8b79d.jpg,0.9137239456176758,0.15832217897039308,0.13242645321985008,0.05513199916270263,0.022543655648012476,0.0,0.0,0.10561469341665339,0.08635973444614507,0.0,0.004606095755324808,0.0,0.0,0.0,0.0,0.0,0.0,0.052707485553739705,0.041460623018380216,0.0,0.0,0.0,0.0,0.05048269425395076,0.0638160787981326,0.0,0.004606095755324808,0.0,0.0,0.0,0.0,0.0,0.0,0.052707485553739705,0.041460623018380216,0.0,0.0,GPAB5501,GPAB5501.JPG,2024-10-04 00:50:13.713,2024-10-04 12:50:13.713,7.17142579436,171.13387914153,792701.6182559169,514781.639648089,-1.668172794077277,32.00091796875,-0.3928572500000001
data/versions/1.2/train\GPAB5501_jpg.rf.5114f894a84b379edf8f672b54d8b79d.jpg,0.9137239456176758,0.15832217897039308,0.13242645321985008,0.05513199916270263,0.022543655648012476,0.0,0.0,0.10561469341665339,0.08635973444614507,0.0,0.004606095755324808,0.0,0.0,0.0,0.0,0.0,0.0,0.052707485553739705,0.041460623018380216,0.0,0.0,0.0,0.0,0.05048269425395076,0.0638160787981326,0.0,0.004606095755324808,0.0,0.0,0.0,0.0,0.0,0.0,0.052707485553739705,0.041460623018380216,0.0,0.0,GPAB5501,GPAB5501.JPG,2024-10-02 02:57:47.692,2024-10-02 14:57:47.692,7.135622699680001,171.04828927792,788741.8074391879,505332.0461953063,-1.671298998981611,31.78047860156249,
data/versions/1.2/train\GPAB2448_jpg.rf.bdb338591900e57b5d2dbb7db9be172e.jpg,0.4751577377319336,0.4740658661130774,0.9956877264879792,0.008163649387486245,0.0,0.0,0.0,0.006063684530931032,0.0,0.40256047841174675,0.0,0.0,0.9956877264879792,0.015106880241510362,0.0,0.009418635243690023,0.0,0.0413137118967282,0.0,0.0,0.0,0.0,0.0,0.006063684530931032,0.0,0.40256047841174675,0.0,0.0,0.9956877264879792,0.006943230854024116,0.0,0.009418635243690023,0.0,0.0413137118967282,0.0,0.0,0.0,GPAB2448,GPAB2448.JPG,2024-10-02 01:15:55.586,2024-10-02 13:15:55.586,7.15021936848,171.04150792152,790355.3559627032,504583.1111720663,-1.350033021517145,31.47398105078125,
data/versions/1.2/train\GPAB4780_jpg.rf.8a201d1beedd40edffaaf46e84e7a05b.jpg,0.06725502014160156,0.03165406559725612,0.970210649423974,0.008226062609103113,0.0,0.0,0.0,0.004546563143936411,0.0,0.0,0.9557077371270329,0.0,0.0,0.007505910051985413,0.0,0.002638638969279252,0.0,0.016991759534339755,0.014502912296940984,0.0,0.0,0.0,0.0,0.0,0.0,0.0,0.9557077371270329,0.0,0.0,0.007505910051985413,0.0,0.0,0.0,0.01610645199078973,0.014502912296940984,0.0,0.0,GPAB4780,GPAB4780.JPG,2024-10-04 00:26:10.271,2024-10-04 12:26:10.271,7.170313292019999,171.13441838471,792578.6511503914,514841.2137862026,-2.193127663739976,31.529013671875,-0.4983152666666668
data/versions/1.2/train\GPAB4780_jpg.rf.8a201d1beedd40edffaaf46e84e7a05b.jpg,0.06725502014160156,0.03165406559725612,0.970210649423974,0.008226062609103113,0.0,0.0,0.0,0.004546563143936411,0.0,0.0,0.9557077371270329,0.0,0.0,0.007505910051985413,0.0,0.002638638969279252,0.0,0.016991759534339755,0.014502912296940984,0.0,0.0,0.0,0.0,0.0,0.0,0.0,0.9557077371270329,0.0,0.0,0.007505910051985413,0.0,0.0,0.0,0.01610645199078973,0.014502912296940984,0.0,0.0,GPAB4780,GPAB4780.JPG,2024-10-02 02:33:44.250,2024-10-02 14:33:44.250,7.1403357205,171.043826968,789262.7695739104,504839.2734768721,-1.461723376974198,31.46680810546874,
data/versions/1.2/train\GPAB5150_jpg.rf.78a0f068bd61364295bdd1c46e50b387.jpg,0.37630653381347656,0.7228046389347119,0.10282242190185568,0.09526754147598628,0.0,0.6275370974587257,0.0,0.09526754147598628,0.09827585875791928,0.0,0.0,0.0,0.0,0.0,0.004546563143936411,0.0,0.0,0.0,0.0,0.0,0.0,0.6275370974587257,0.0,0.0,0.09827585875791928,0.0,0.0,0.0,0.0,0.0,0.004546563143936411,0.0,0.0,0.0,0.0,0.0,0.0,GPAB5150,GPAB5150.JPG,2024-10-04 00:38:31.000,2024-10-04 12:38:31.000,7.170148777,171.13553107,792560.5005269216,514964.0716229777,-1.972420896742287,31.5032734375,-0.4369666666666667
data/versions/1.2/train\GPAB5150_jpg.rf.78a0f068bd61364295bdd1c46e50b387.jpg,0.37630653381347656,0.7228046389347119,0.10282242190185568,0.09526754147598628,0.0,0.6275370974587257,0.0,0.09526754147598628,0.09827585875791928,0.0,0.0,0.0,0.0,0.0,0.004546563143936411,0.0,0.0,0.0,0.0,0.0,0.0,0.6275370974587257,0.0,0.0,0.09827585875791928,0.0,0.0,0.0,0.0,0.0,0.004546563143936411,0.0,0.0,0.0,0.0,0.0,0.0,GPAB5150,GPAB5150.JPG,2024-10-02 02:46:04.990,2024-10-02 14:46:04.990,7.140848567400001,171.0440408428,789319.4656288943,504862.8836302515,-7.021127341888243,31.24153815429688,
data/versions/1.2/train\GPAB5285_jpg.rf.917b9bc4a3094f60d6dd54576e66897b.jpg,0.7816362380981445,0.22261643906645184,0.1495209545190053,0.11641890218023786,0.062080991237183684,0.0,0.0,0.19068679509067202,0.12835615096702085,0.0,0.002933421415992764,0.0,0.0,0.014763127420912845,0.0035873199378556354,0.0028710081943758964,0.0,0.014295508360491087,0.014644062198136054,0.0,0.0,0.0,0.0,0.07813079122681349,0.06627515972983716,0.0,0.002933421415992764,0.0,0.0,0.010900229104533504,0.0035873199378556354,0.0028710081943758964,0.0,0.014295508360491087,0.014644062198136054,0.0,0.0,GPAB5285,GPAB5285.JPG,2024-10-04 00:43:01.281,2024-10-04 12:43:01.281,7.17170852391,171.13681439966,792732.9689164312,515105.7137319276,-1.714044088277793,31.700615234375,-0.4178292000000001
data/versions/1.2/train\GPAB5285_jpg.rf.917b9bc4a3094f60d6dd54576e66897b.jpg,0.7816362380981445,0.22261643906645184,0.1495209545190053,0.11641890218023786,0.062080991237183684,0.0,0.0,0.19068679509067202,0.12835615096702085,0.0,0.002933421415992764,0.0,0.0,0.014763127420912845,0.0035873199378556354,0.0028710081943758964,0.0,0.014295508360491087,0.014644062198136054,0.0,0.0,0.0,0.0,0.07813079122681349,0.06627515972983716,0.0,0.002933421415992764,0.0,0.0,0.010900229104533504,0.0035873199378556354,0.0028710081943758964,0.0,0.014295508360491087,0.014644062198136054,0.0,0.0,GPAB5285,GPAB5285.JPG,2024-10-02 02:50:35.260,2024-10-02 14:50:35.260,7.1379904488,171.045469253,789003.5238599526,505020.6364338299,-8.211252910388005,31.2287109375,
data/versions/1.2/train\GPAB5121_jpg.rf.fcbf5ec6808aa3c85aca6b2855ea846b.jpg,0.5626535415649414,0.6473537754237858,0.212831966323746,0.5489386871714904,0.0,0.0,0.0,0.6245258995665642,0.212831966323746,0.0,0.0,0.0,0.0,0.0,0.0,0.0,0.0,0.022831716670859554,0.0,0.0,0.0,0.0,0.0,0.07575428778832508,0.212831966323746,0.0,0.0,0.0,0.0,0.0,0.0,0.0,0.0,0.022831716670859554,0.0,0.0,0.0,GPAB5121,GPAB5121.JPG,2024-10-04 00:37:32.953,2024-10-04 12:37:32.953,7.169992247630001,171.13478921778,792543.1724576375,514882.1681807892,-1.955452397022185,31.357412109375,-0.4411554833333334
data/versions/1.2/train\GPAB5121_jpg.rf.fcbf5ec6808aa3c85aca6b2855ea846b.jpg,0.5626535415649414,0.6473537754237858,0.212831966323746,0.5489386871714904,0.0,0.0,0.0,0.6245258995665642,0.212831966323746,0.0,0.0,0.0,0.0,0.0,0.0,0.0,0.0,0.022831716670859554,0.0,0.0,0.0,0.0,0.0,0.07575428778832508,0.212831966323746,0.0,0.0,0.0,0.0,0.0,0.0,0.0,0.0,0.022831716670859554,0.0,0.0,0.0,GPAB5121,GPAB5121.JPG,2024-10-02 02:45:06.932,2024-10-02 14:45:06.932,7.141138834079999,171.0436277102,789351.5494683542,504817.2634790791,-4.004613672083341,31.271611328125,
data/versions/1.2/train\GPAB5718_jpg.rf.c2741485f85cfc3963d40f32f1a72440.jpg,0.649348258972168,0.681270080253801,0.4054257253856657,0.13467909041851425,0.016848689226325705,0.0,0.0,0.0,0.0389362482548303,0.0367469844811925,0.0020567557031281507,0.0,0.0,0.6458721815629423,0.3644327214277072,0.0,0.0,0.0,0.0,0.0,0.0,0.0,0.0,0.0,0.022087559028504598,0.0367469844811925,0.0020567557031281507,0.0,0.0,0.511291031892196,0.3644327214277072,0.0,0.0,0.0,0.0,0.0,0.0,GPAB5718,GPAB5718.JPG,2024-10-04 00:57:28.147,2024-10-04 12:57:28.147,7.17044719469,171.13803433603,792593.5722590241,515240.4494138125,-3.524754240139599,31.91511718749999,-0.3521853000000001
data/versions/1.2/train\GPAB5718_jpg.rf.c2741485f85cfc3963d40f32f1a72440.jpg,0.649348258972168,0.681270080253801,0.4054257253856657,0.13467909041851425,0.016848689226325705,0.0,0.0,0.0,0.0389362482548303,0.0367469844811925,0.0020567557031281507,0.0,0.0,0.6458721815629423,0.3644327214277072,0.0,0.0,0.0,0.0,0.0,0.0,0.0,0.0,0.0,0.022087559028504598,0.0367469844811925,0.0020567557031281507,0.0,0.0,0.511291031892196,0.3644327214277072,0.0,0.0,0.0,0.0,0.0,0.0,GPAB5718,GPAB5718.JPG,2024-10-02 03:05:02.126,2024-10-02 15:05:02.126,7.137237319600001,171.04576095738,788920.2707083751,505052.8541968425,-3.192078356890342,31.87329788671876,
data/versions/1.2/train\GPAB3518_jpg.rf.f27dd63fad6caa63ee5f25ba6760241e.jpg,0.8183088302612305,0.3751927608344552,0.23423394011787457,0.030571916354760593,0.0012751501278030737,0.0,0.0,0.0009285166969770876,0.22041565285190015,0.12725767826656398,0.013818287265974423,0.0,0.0,0.20724166207369368,0.0,0.007962006671493289,0.0,0.032271476389558365,0.0,0.0,0.0,0.0,0.0,0.0009285166969770876,0.21914050272409707,0.12725767826656398,0.013818287265974423,0.0,0.0,0.20724166207369368,0.0,0.0,0.0,0.00966156670629106,0.0,0.0,0.0,GPAB3518,GPAB3518.JPG,2024-10-03 23:44:03.747,2024-10-04 11:44:03.747,7.182285102,171.11945367101,793901.6491490393,513188.6036769338,-11.81667579998788,32.08671875,-0.6248126500000002
data/versions/1.2/train\GPAB3518_jpg.rf.f27dd63fad6caa63ee5f25ba6760241e.jpg,0.8183088302612305,0.3751927608344552,0.23423394011787457,0.030571916354760593,0.0012751501278030737,0.0,0.0,0.0009285166969770876,0.22041565285190015,0.12725767826656398,0.013818287265974423,0.0,0.0,0.20724166207369368,0.0,0.007962006671493289,0.0,0.032271476389558365,0.0,0.0,0.0,0.0,0.0,0.0009285166969770876,0.21914050272409707,0.12725767826656398,0.013818287265974423,0.0,0.0,0.20724166207369368,0.0,0.0,0.0,0.00966156670629106,0.0,0.0,0.0,GPAB3518,GPAB3518.JPG,2024-10-02 01:51:37.726,2024-10-02 13:51:37.726,7.14453831666,171.04172452214,789727.3334177452,504607.0841107789,-1.777741305198238,31.19203968359376,
data/versions/1.2/train\GPAB4668_jpg.rf.9b64fc78be54147de88dae3e766fc32a.jpg,0.7548856735229492,0.23230009045116118,0.038117194746535105,0.09363615588326231,0.0,0.001074467615219608,0.0,0.11802724289113406,0.023945552625868265,0.0,0.004687713045131481,0.0,0.0,0.0337972396072384,0.009483929075535361,0.0,0.0,0.0003235885489982198,0.0,0.07913036297609286,0.0,0.0,0.0,0.04974621823887172,0.023945552625868265,0.0,0.004687713045131481,0.0,0.0,0.009578029009665407,0.009483929075535361,0.0,0.0,0.0003235885489982198,0.0,0.07913036297609286,0.0,GPAB4668,GPAB4668.JPG,2024-10-04 00:22:26.000,2024-10-04 12:22:26.000,7.170562865,171.134480608,792606.242866083,514848.0758259348,-2.243036043501715,31.80357617187499,-0.5152666666666668
data/versions/1.2/train\GPAB4668_jpg.rf.9b64fc78be54147de88dae3e766fc32a.jpg,0.7548856735229492,0.23230009045116118,0.038117194746535105,0.09363615588326231,0.0,0.001074467615219608,0.0,0.11802724289113406,0.023945552625868265,0.0,0.004687713045131481,0.0,0.0,0.0337972396072384,0.009483929075535361,0.0,0.0,0.0003235885489982198,0.0,0.07913036297609286,0.0,0.0,0.0,0.04974621823887172,0.023945552625868265,0.0,0.004687713045131481,0.0,0.0,0.009578029009665407,0.009483929075535361,0.0,0.0,0.0003235885489982198,0.0,0.07913036297609286,0.0,GPAB4668,GPAB4668.JPG,2024-10-02 02:30:00.000,2024-10-02 14:30:00.000,7.139713519,171.043826863,789193.9869224526,504839.2684225765,-1.411657600961317,31.46895312499999,
data/versions/1.2/train\GPAB3032_jpg.rf.1d597c1e44f74b2246f4f867092f84fd.jpg,0.5065288543701172,0.49070331058931527,0.0745492325094148,0.02079416503592121,0.040109616821227406,0.04816572342685074,0.0,0.3689620009102728,0.0745492325094148,0.0,0.0,0.04739564029243955,0.0,0.006865454377855405,0.0,0.007663383411141816,0.0,0.0,0.0,0.012915696061053573,0.0,0.04816572342685074,0.0,0.3512318449540351,0.03443961568818739,0.0,0.0,0.04739564029243955,0.0,0.004552324364393353,0.0,0.007663383411141816,0.0,0.0,0.0,0.012915696061053573,0.0,GPAB3032,GPAB3032.JPG,2024-10-03 23:27:50.775,2024-10-04 11:27:50.775,7.181504749250001,171.119512943,793815.384707788,513195.1702659241,-1.65255262589177,31.60526911621094,-0.661
data/versions/1.2/train\GPAB3032_jpg.rf.1d597c1e44f74b2246f4f867092f84fd.jpg,0.5065288543701172,0.49070331058931527,0.0745492325094148,0.02079416503592121,0.040109616821227406,0.04816572342685074,0.0,0.3689620009102728,0.0745492325094148,0.0,0.0,0.04739564029243955,0.0,0.006865454377855405,0.0,0.007663383411141816,0.0,0.0,0.0,0.012915696061053573,0.0,0.04816572342685074,0.0,0.3512318449540351,0.03443961568818739,0.0,0.0,0.04739564029243955,0.0,0.004552324364393353,0.0,0.007663383411141816,0.0,0.0,0.0,0.012915696061053573,0.0,GPAB3032,GPAB3032.JPG,2024-10-02 01:35:24.754,2024-10-02 13:35:24.754,7.145169194259999,171.0422592547,789797.0805820131,504666.1211287857,-1.219008776725133,31.21689616992187,
data/versions/1.2/train\GPAB2258_jpg.rf.31016e3b861e0eda41149ba64ffe31d0.jpg,0.12003612518310547,0.020605965167661118,0.9062466993007798,0.0,0.0,0.0,0.0,0.020605965167661118,0.9062466993007798,0.0,0.0,0.0,0.0,0.0,0.0,0.0,0.0,0.0,0.0,0.0,0.0,0.0,0.0,0.020605965167661118,0.9062466993007798,0.0,0.0,0.0,0.0,0.0,0.0,0.0,0.0,0.0,0.0,0.0,0.0,GPAB2258,GPAB2258.JPG,2024-10-02 01:09:35.206,2024-10-02 13:09:35.206,7.153345892579999,171.04343712134,790701.0043601185,504796.0918385406,-1.829166204562697,32.04545715429687,
data/versions/1.2/train\GPAB2867_jpg.rf.a760f33822f6d3414eebcb42d8a10ffe.jpg,0.7118215560913086,0.25029814315864674,0.09200381008712885,0.04307280454291437,0.021611298137397428,0.018513681938381828,0.0,0.23178446122026491,0.06523525943735921,0.0,0.005863962221757057,0.0,0.0,0.0,0.02090458842801259,0.0,0.0,0.0,0.0,0.0,0.0,0.0,0.0,0.20722533861573236,0.04362396129996179,0.0,0.005863962221757057,0.0,0.0,0.0,0.02090458842801259,0.0,0.0,0.0,0.0,0.0,0.0,GPAB2867,GPAB2867.JPG,2024-10-03 23:22:20.445,2024-10-04 11:22:20.445,,,,,,31.271611328125,-0.66034075
data/versions/1.2/train\GPAB2867_jpg.rf.a760f33822f6d3414eebcb42d8a10ffe.jpg,0.7118215560913086,0.25029814315864674,0.09200381008712885,0.04307280454291437,0.021611298137397428,0.018513681938381828,0.0,0.23178446122026491,0.06523525943735921,0.0,0.005863962221757057,0.0,0.0,0.0,0.02090458842801259,0.0,0.0,0.0,0.0,0.0,0.0,0.0,0.0,0.20722533861573236,0.04362396129996179,0.0,0.005863962221757057,0.0,0.0,0.0,0.02090458842801259,0.0,0.0,0.0,0.0,0.0,0.0,GPAB2867,GPAB2867.JPG,2024-10-02 01:29:54.424,2024-10-02 13:29:54.424,7.148659712040001,171.04177522428,790182.9428727033,504612.6411473668,-1.090489926632713,31.2820103828125,
data/versions/1.2/train\GPAB4712_jpg.rf.d172da199d968dc3df9ea841e06c5823.jpg,0.7385120391845703,0.2510615048691915,0.026969233162353112,0.12301645980684549,0.01838501468151013,0.0,0.0,0.11957701119405134,0.026969233162353112,0.0,0.0,0.08566550738108361,0.0,0.04232576629033094,0.0,0.0037582361447449026,0.0,0.0,0.0,0.0,0.0,0.0,0.0,0.02343184380179097,0.008584218480842981,0.0,0.0,0.08566550738108361,0.0,0.015537051368962001,0.0,0.0037582361447449026,0.0,0.0,0.0,0.0,0.0,GPAB4712,GPAB4712.JPG,2024-10-04 00:23:54.135,2024-10-04 12:23:54.135,7.17028061685,171.133293408,792575.0027674248,514717.0052681168,-3.832421875,31.70548442871094,-0.5084887500000002
data/versions/1.2/train\GPAB4712_jpg.rf.d172da199d968dc3df9ea841e06c5823.jpg,0.7385120391845703,0.2510615048691915,0.026969233162353112,0.12301645980684549,0.01838501468151013,0.0,0.0,0.11957701119405134,0.026969233162353112,0.0,0.0,0.08566550738108361,0.0,0.04232576629033094,0.0,0.0037582361447449026,0.0,0.0,0.0,0.0,0.0,0.0,0.0,0.02343184380179097,0.008584218480842981,0.0,0.0,0.08566550738108361,0.0,0.015537051368962001,0.0,0.0037582361447449026,0.0,0.0,0.0,0.0,0.0,GPAB4712,GPAB4712.JPG,2024-10-02 02:31:28.114,2024-10-02 14:31:28.114,7.14057790644,171.04329886834,789289.5370473999,504780.9593955057,-1.660280947313815,31.45988398242187,
data/versions/1.2/train\GPAB5334_jpg.rf.e95df04308622776ed1b1ed4b88ef51f.jpg,0.26615047454833984,0.3459728108802569,0.8790883060667571,0.05188459123180655,0.769063398390315,0.0,0.0,0.18735200864951232,0.8790883060667571,0.0695667370175698,0.0,0.0,0.0,0.023732387468961426,0.0,0.021412536031632942,0.0,0.04392162435690377,0.0,0.0,0.0,0.0,0.0,0.18735200864951232,0.11002490767644217,0.0695667370175698,0.0,0.0,0.0,0.02285476155268732,0.0,0.014327195073004265,0.0,0.0,0.0,0.0,0.0,GPAB5334,GPAB5334.JPG,2024-10-04 00:44:39.379,2024-10-04 12:44:39.379,7.17141783262,171.13551878546,792700.7912356312,514962.6738559359,-1.772782677760764,31.958017578125,-0.4080310500000002
data/versions/1.2/train\GPAB5334_jpg.rf.e95df04308622776ed1b1ed4b88ef51f.jpg,0.26615047454833984,0.3459728108802569,0.8790883060667571,0.05188459123180655,0.769063398390315,0.0,0.0,0.18735200864951232,0.8790883060667571,0.0695667370175698,0.0,0.0,0.0,0.023732387468961426,0.0,0.021412536031632942,0.0,0.04392162435690377,0.0,0.0,0.0,0.0,0.0,0.18735200864951232,0.11002490767644217,0.0695667370175698,0.0,0.0,0.0,0.02285476155268732,0.0,0.014327195073004265,0.0,0.0,0.0,0.0,0.0,GPAB5334,GPAB5334.JPG,2024-10-02 02:52:13.358,2024-10-02 14:52:13.358,7.13729874254,171.04487873022,788927.0512698179,504955.4393567453,-1.599102505593879,31.357412109375,
data/versions/1.2/train\GPAB2916_jpg.rf.7f634b0de0ff892d3d6e051ea3b40642.jpg,0.8576116561889648,0.22093608309984386,0.17552134244118275,0.0067300656971172775,0.022728014702634605,0.0007230331673461707,0.0,0.08000702868895747,0.05413050700660428,0.0,0.0,0.0,0.0,0.11242445599675835,0.12139083543457846,0.0,0.0,0.0,0.0,0.027781565246781877,0.0,0.0007230331673461707,0.0,0.0732769629918402,0.03140249230396967,0.0,0.0,0.0,0.0,0.11242445599675835,0.12139083543457846,0.0,0.0,0.0,0.0,0.027781565246781877,0.0,GPAB2916,GPAB2916.JPG,2024-10-03 23:23:58.543,2024-10-04 11:23:58.543,7.181882009540001,171.11946999066,793857.0887021101,513190.4171109587,-1.950183891686087,31.41943320410156,-0.6600242833333334
data/versions/1.2/train\GPAB2916_jpg.rf.7f634b0de0ff892d3d6e051ea3b40642.jpg,0.8576116561889648,0.22093608309984386,0.17552134244118275,0.0067300656971172775,0.022728014702634605,0.0007230331673461707,0.0,0.08000702868895747,0.05413050700660428,0.0,0.0,0.0,0.0,0.11242445599675835,0.12139083543457846,0.0,0.0,0.0,0.0,0.027781565246781877,0.0,0.0007230331673461707,0.0,0.0732769629918402,0.03140249230396967,0.0,0.0,0.0,0.0,0.11242445599675835,0.12139083543457846,0.0,0.0,0.0,0.0,0.027781565246781877,0.0,GPAB2916,GPAB2916.JPG,2024-10-02 01:31:32.522,2024-10-02 13:31:32.522,7.14800775146,171.04213976524,790110.8740823118,504652.8988003925,-1.905485915070251,31.26937192773437,
data/versions/1.2/train\GPAB3128_jpg.rf.9c417291ab540802a566e82e730a3fa4.jpg,0.7235870361328125,0.2726334346667998,0.005671921539859004,0.0014566285721967342,0.0,0.0,0.0,0.04978174576502286,0.005671921539859004,0.19985961826153253,0.0,0.014503872500350474,0.0,0.004878793523620043,0.0,0.003766877975430315,0.0,0.0,0.0,0.0,0.0,0.0,0.0,0.04933909199324785,0.005671921539859004,0.19985961826153253,0.0,0.014503872500350474,0.0,0.0038648187231983223,0.0,0.003766877975430315,0.0,0.0,0.0,0.0,0.0,GPAB3128,GPAB3128.JPG,2024-10-03 23:31:02.967,2024-10-04 11:31:02.967,7.18200171798,171.12074581036,793870.3591033138,513331.2742544917,-3.885745321346401,32.04367678808594,-0.6579505500000001
data/versions/1.2/train\GPAB3128_jpg.rf.9c417291ab540802a566e82e730a3fa4.jpg,0.7235870361328125,0.2726334346667998,0.005671921539859004,0.0014566285721967342,0.0,0.0,0.0,0.04978174576502286,0.005671921539859004,0.19985961826153253,0.0,0.014503872500350474,0.0,0.004878793523620043,0.0,0.003766877975430315,0.0,0.0,0.0,0.0,0.0,0.0,0.0,0.04933909199324785,0.005671921539859004,0.19985961826153253,0.0,0.014503872500350474,0.0,0.0038648187231983223,0.0,0.003766877975430315,0.0,0.0,0.0,0.0,0.0,GPAB3128,GPAB3128.JPG,2024-10-02 01:38:36.946,2024-10-02 13:38:36.946,7.1458250813,171.0426630193,789869.5912010317,504710.6967154403,-2.51363056090484,31.14244683203125,
data/versions/1.2/train\GPAB7081_jpg.rf.2159b20d8b296fd86124587d2ea73ea6.jpg,0.13309955596923828,0.19334463812814107,0.8963047531989177,0.04527839177451351,0.0,0.0,0.0,0.13229202474252147,0.0,0.0,0.8963047531989177,0.0,0.0,0.052629709077570995,0.0,0.00843538695237199,0.0,0.0,0.0,0.0,0.0,0.0,0.0,0.09427853196421129,0.0,0.0,0.8963047531989177,0.0,0.0,0.04536481008136764,0.0,0.00843538695237199,0.0,0.0,0.0,0.0,0.0,GPAB7081,GPAB7081.JPG,2024-10-04 01:42:56.873,2024-10-04 13:42:56.873,7.168940021180001,171.13638184477,792426.9032423209,515058.0460758501,-1.984062346899943,31.2287109375,-0.03541693333333348
data/versions/1.2/train\GPAB7081_jpg.rf.2159b20d8b296fd86124587d2ea73ea6.jpg,0.13309955596923828,0.19334463812814107,0.8963047531989177,0.04527839177451351,0.0,0.0,0.0,0.13229202474252147,0.0,0.0,0.8963047531989177,0.0,0.0,0.052629709077570995,0.0,0.00843538695237199,0.0,0.0,0.0,0.0,0.0,0.0,0.0,0.09427853196421129,0.0,0.0,0.8963047531989177,0.0,0.0,0.04536481008136764,0.0,0.00843538695237199,0.0,0.0,0.0,0.0,0.0,GPAB7081,GPAB7081.JPG,2024-10-02 03:50:30.852,2024-10-02 15:50:30.852,7.12500616056,171.0551401812,787568.2635922332,506088.6554201091,-2.328288630131301,31.70554019921875,
data/versions/1.2/train\GPAB5518_jpg.rf.9db0495713e1f11a6e8c5eff1c22ef92.jpg,0.02648448944091797,0.040240204484918086,0.9580362303950469,0.0,0.0,0.0,0.0,0.0,0.0,0.0009054718151493212,0.0,0.0,0.9580362303950469,0.039334732669768765,0.0,0.0,0.0,0.0,0.0,0.0,0.0,0.0,0.0,0.0,0.0,0.0009054718151493212,0.0,0.0,0.9580362303950469,0.039334732669768765,0.0,0.0,0.0,0.0,0.0,0.0,0.0,GPAB5518,GPAB5518.JPG,2024-10-04 00:50:47.747,2024-10-04 12:50:47.747,7.17150516256,171.13427555807,792710.4050095523,514825.4056385267,-1.772536968941109,32.043818359375,-0.3900210833333335
data/versions/1.2/train\GPAB5518_jpg.rf.9db0495713e1f11a6e8c5eff1c22ef92.jpg,0.02648448944091797,0.040240204484918086,0.9580362303950469,0.0,0.0,0.0,0.0,0.0,0.0,0.0009054718151493212,0.0,0.0,0.9580362303950469,0.039334732669768765,0.0,0.0,0.0,0.0,0.0,0.0,0.0,0.0,0.0,0.0,0.0,0.0009054718151493212,0.0,0.0,0.9580362303950469,0.039334732669768765,0.0,0.0,0.0,0.0,0.0,0.0,0.0,GPAB5518,GPAB5518.JPG,2024-10-02 02:58:21.726,2024-10-02 14:58:21.726,7.13547917314,171.04866959888,788725.9453940468,505374.0424796361,-1.561105182433127,31.78759148632813,
data/versions/1.2/train\GPAB6213_jpg.rf.a18255c26a2019ef53cab4aad446882f.jpg,0.9201908111572266,0.043909141712580396,0.06646239939468777,0.0030803325376447745,0.022900851316342855,0.020528188691492404,0.0,0.012118727231176652,0.03649445098449656,0.0,0.005642155234164806,0.0,0.0,0.007799732295289434,0.02432579317602641,0.0,0.0,0.0,0.0,0.0034692149184883327,0.0,0.020528188691492404,0.0,0.009038394693531878,0.013593599668153702,0.0,0.005642155234164806,0.0,0.0,0.007799732295289434,0.02432579317602641,0.0,0.0,0.0,0.0,0.0034692149184883327,0.0,GPAB6213,GPAB6213.JPG,2024-10-04 01:13:59.137,2024-10-04 13:13:59.137,7.1698582679,171.1370606626,792528.4355734693,515132.9648158341,-5.565012490417702,31.45978531152343,-0.2350575333333334
data/versions/1.2/train\GPAB6213_jpg.rf.a18255c26a2019ef53cab4aad446882f.jpg,0.9201908111572266,0.043909141712580396,0.06646239939468777,0.0030803325376447745,0.022900851316342855,0.020528188691492404,0.0,0.012118727231176652,0.03649445098449656,0.0,0.005642155234164806,0.0,0.0,0.007799732295289434,0.02432579317602641,0.0,0.0,0.0,0.0,0.0034692149184883327,0.0,0.020528188691492404,0.0,0.009038394693531878,0.013593599668153702,0.0,0.005642155234164806,0.0,0.0,0.007799732295289434,0.02432579317602641,0.0,0.0,0.0,0.0,0.0034692149184883327,0.0,GPAB6213,GPAB6213.JPG,2024-10-02 03:21:33.116,2024-10-02 15:21:33.116,7.13043894288,171.0516429016,788168.7977240649,505702.4136735682,-5.223943932095505,31.271611328125,
data/versions/1.2/train\GPAA1751_sr01_jpg.rf.cb3eba1c00e1e482bcccff557f79b4f2.jpg,0.7708978652954102,0.3900480677826791,0.18546616915327344,0.03624671850484807,0.0018032620030227202,0.0,0.0,0.12057946355355918,0.009625078976730431,0.03417267914034909,0.0025531808658346184,0.0,0.1732879093107084,0.19874002108606686,0.0,0.0,0.0,0.036896776213072975,0.0,0.0,0.0,0.0,0.0,0.08433274504871112,0.00782181697370771,0.03417267914034909,0.0025531808658346184,0.0,0.1732879093107084,0.19874002108606686,0.0,0.0,0.0,0.036896776213072975,0.0,0.0,0.0,GPAA1751,GPAA1751.JPG,2024-10-02 00:40:21.276,2024-10-02 12:40:21.276,7.15196903788,171.04246243148,790548.7867648453,504688.4858856015,-1.084296449172331,31.22560494921875,
data/versions/1.2/train\GPAA1743_jpg.rf.e939f847109ab14aea077cfa9085a943.jpg,0.6235408782958984,0.38802779980911156,0.04355482665447848,0.08259189626730526,0.0369735924858322,0.0,0.0,0.22492188745263797,0.04355482665447848,0.13012004463025448,0.0,0.0,0.0,0.0,0.0,0.016160223381721184,0.0,0.019055236661334338,0.0,0.0,0.0,0.0,0.0,0.14253163390132564,0.006581234168646286,0.13012004463025448,0.0,0.0,0.0,0.0,0.0,0.016160223381721184,0.0,0.019055236661334338,0.0,0.0,0.0,GPAA1743,GPAA1743.JPG,2024-10-02 00:40:05.260,2024-10-02 12:40:05.260,7.151790537,171.0424143532,790529.0534882699,504683.1791439645,-0.9879452571717704,31.185810546875,
data/versions/1.2/train\GPAB5712_jpg.rf.0ac6c484fa3dff3c8173b78673851a30.jpg,0.8326511383056641,0.1439373716928194,0.05333257797331787,0.019696652538873836,0.0,0.0,0.0,0.0005233108581721952,0.036559744816341895,0.043937947814865104,0.0023236922509664447,0.0033933588491386014,0.0,0.0960827541706435,0.014449140906009529,0.0,0.0,0.0,0.0,0.0,0.0,0.0,0.0,0.0,0.036559744816341895,0.025650873881122978,0.0023236922509664447,0.0033933588491386014,0.0,0.09552775659995813,0.014449140906009529,0.0,0.0,0.0,0.0,0.0,0.0,GPAB5712,GPAB5712.JPG,2024-10-04 00:57:16.135,2024-10-04 12:57:16.135,7.17047194115,171.13813806895,792596.311367583,515251.9018227714,-3.538879940852649,31.94456830566406,-0.3533865000000001
data/versions/1.2/train\GPAB5712_jpg.rf.0ac6c484fa3dff3c8173b78673851a30.jpg,0.8326511383056641,0.1439373716928194,0.05333257797331787,0.019696652538873836,0.0,0.0,0.0,0.0005233108581721952,0.036559744816341895,0.043937947814865104,0.0023236922509664447,0.0033933588491386014,0.0,0.0960827541706435,0.014449140906009529,0.0,0.0,0.0,0.0,0.0,0.0,0.0,0.0,0.0,0.036559744816341895,0.025650873881122978,0.0023236922509664447,0.0033933588491386014,0.0,0.09552775659995813,0.014449140906009529,0.0,0.0,0.0,0.0,0.0,0.0,GPAB5712,GPAB5712.JPG,2024-10-02 03:04:50.114,2024-10-02 15:04:50.114,7.13717249664,171.0458956495,788913.106188603,505067.7274088783,-3.327534430585132,31.91511718749999,
data/versions/1.2/train\GPAB5322_jpg.rf.89635e589c5452871c7becc5c5e47fed.jpg,0.8419065475463867,0.09728204822909685,0.06189375157233308,0.0,0.0,0.0,0.0,0.0,0.048564207841789206,0.011033697378452651,0.0,0.0,0.013329543730543878,0.0862483508506442,0.0,0.0,0.0,0.0,0.0,0.0,0.0,0.0,0.0,0.0,0.048564207841789206,0.011033697378452651,0.0,0.0,0.013329543730543878,0.0862483508506442,0.0,0.0,0.0,0.0,0.0,0.0,0.0,GPAB5322,GPAB5322.JPG,2024-10-04 00:44:15.355,2024-10-04 12:44:15.355,7.171491782,171.13585279225,792708.9770682334,514999.5493034335,-1.764694248893661,31.99081492675781,-0.4092322500000001
data/versions/1.2/train\GPAB5322_jpg.rf.89635e589c5452871c7becc5c5e47fed.jpg,0.8419065475463867,0.09728204822909685,0.06189375157233308,0.0,0.0,0.0,0.0,0.0,0.048564207841789206,0.011033697378452651,0.0,0.0,0.013329543730543878,0.0862483508506442,0.0,0.0,0.0,0.0,0.0,0.0,0.0,0.0,0.0,0.0,0.048564207841789206,0.011033697378452651,0.0,0.0,0.013329543730543878,0.0862483508506442,0.0,0.0,0.0,0.0,0.0,0.0,0.0,GPAB5322,GPAB5322.JPG,2024-10-02 02:51:49.334,2024-10-02 14:51:49.334,7.13743416092,171.04507758892,788942.0235363882,504977.3955651122,-1.629310922780679,31.30307447460938,
data/versions/1.2/train\GPAB4041_jpg.rf.b598b78645c81ed5c6b308ffda955721.jpg,0.8362665176391602,0.3993908469570194,0.2617159219008955,0.10916840623517686,0.0,0.0,0.0,0.0,0.006128978362776371,0.012092801739120414,0.0021796617395429046,0.0,0.0040290135062211576,0.3873009258281274,0.24937826829235504,0.0,0.0,0.0,0.0,0.0,0.0,0.0,0.0,0.0,0.006128978362776371,0.012092801739120414,0.0021796617395429046,0.0,0.0040290135062211576,0.27813443999976956,0.24937826829235504,0.0,0.0,0.0,0.0,0.0,0.0,GPAB4041,GPAB4041.JPG,2024-10-04 00:01:30.793,2024-10-04 12:01:30.793,7.17675537647,171.12581838796,793290.5390685948,513891.4862045977,,31.185810546875,-0.6044867833333334
data/versions/1.2/train\GPAB4041_jpg.rf.b598b78645c81ed5c6b308ffda955721.jpg,0.8362665176391602,0.3993908469570194,0.2617159219008955,0.10916840623517686,0.0,0.0,0.0,0.0,0.006128978362776371,0.012092801739120414,0.0021796617395429046,0.0,0.0040290135062211576,0.3873009258281274,0.24937826829235504,0.0,0.0,0.0,0.0,0.0,0.0,0.0,0.0,0.0,0.006128978362776371,0.012092801739120414,0.0021796617395429046,0.0,0.0040290135062211576,0.27813443999976956,0.24937826829235504,0.0,0.0,0.0,0.0,0.0,0.0,GPAB4041,GPAB4041.JPG,2024-10-02 02:09:04.772,2024-10-02 14:09:04.772,7.14169517016,171.04325874476,789413.0470423289,504776.517450738,-4.07584991560544,31.2287109375,
data/versions/1.2/train\GPAB2429_sr01_jpg.rf.ad38f37299f044ce13c7fe2ac5d1e84b.jpg,0.026845932006835938,0.017393124559506687,0.9969043042078034,0.0,0.0,0.0,0.0,0.0,0.0,0.0,0.0,0.0,0.9969043042078034,0.0,0.0,0.0,0.0,0.017393124559506687,0.0,0.0,0.0,0.0,0.0,0.0,0.0,0.0,0.0,0.0,0.9969043042078034,0.0,0.0,0.0,0.0,0.017393124559506687,0.0,0.0,0.0,GPAB2429,GPAB2429.JPG,2024-10-02 01:15:17.548,2024-10-02 13:15:17.548,7.15067444896,171.04154883612,790405.6642765511,504587.6242311766,-0.9739489966194479,31.46701402734374,
data/versions/1.2/train\GPAB5710_jpg.rf.20dab9d7e1783940a1b3ae15acfdd63d.jpg,0.594487190246582,0.7395889945326017,0.365344914666723,0.2546881931468362,0.006911544141510938,0.0,0.0,0.0,0.006911544141510938,0.0674562099235102,0.0,0.0,0.0020193077701580304,0.6721327846090915,0.3517868425247204,0.0,0.0,0.0,0.0,0.0,0.004627220230333594,0.0,0.0,0.0,0.0,0.0674562099235102,0.0,0.0,0.0020193077701580304,0.41754829343048033,0.3517868425247204,0.0,0.0,0.0,0.0,0.0,0.004627220230333594,GPAB5710,GPAB5710.JPG,2024-10-04 00:57:12.131,2024-10-04 12:57:12.131,7.17044812284,171.13813124085,792593.6780824068,515251.1487193409,-4.291553396410144,31.96174562207031,-0.3537869000000001
data/versions/1.2/train\GPAB5710_jpg.rf.20dab9d7e1783940a1b3ae15acfdd63d.jpg,0.594487190246582,0.7395889945326017,0.365344914666723,0.2546881931468362,0.006911544141510938,0.0,0.0,0.0,0.006911544141510938,0.0674562099235102,0.0,0.0,0.0020193077701580304,0.6721327846090915,0.3517868425247204,0.0,0.0,0.0,0.0,0.0,0.004627220230333594,0.0,0.0,0.0,0.0,0.0674562099235102,0.0,0.0,0.0020193077701580304,0.41754829343048033,0.3517868425247204,0.0,0.0,0.0,0.0,0.0,0.004627220230333594,GPAB5710,GPAB5710.JPG,2024-10-02 03:04:46.110,2024-10-02 15:04:46.110,7.1371499779,171.0459403685,788910.6172962522,505072.6654614783,-2.68740243951742,31.91511718749999,
data/versions/1.2/train\GPAB6851_jpg.rf.d59056d1d0d3c9d325f4a76cc1ba4c8b.jpg,0.6544179916381836,0.423644624877334,0.0925021556566543,0.19244684794026767,0.0,0.2207161965190706,0.0,0.020968922056448437,0.0891980957245983,0.0,0.002204627028189652,0.061499107971032585,0.0,0.0036430117356060707,0.001099432903866355,0.0004426537717750128,0.0,0.0,0.0,0.11678762028948213,0.0,0.044171277243371235,0.0,0.01725293486172111,0.0891980957245983,0.0,0.002204627028189652,0.061499107971032585,0.0,0.0,0.001099432903866355,0.0,0.0,0.0,0.0,0.10868734432702223,0.0,GPAB6851,GPAB6851.JPG,2024-10-04 01:35:16.413,2024-10-04 13:35:16.413,7.16875022831,171.13465870244,792405.8659317096,514867.7981415239,-3.230686977133958,31.07072595898437,-0.09381160000000009
data/versions/1.2/train\GPAB6851_jpg.rf.d59056d1d0d3c9d325f4a76cc1ba4c8b.jpg,0.6544179916381836,0.423644624877334,0.0925021556566543,0.19244684794026767,0.0,0.2207161965190706,0.0,0.020968922056448437,0.0891980957245983,0.0,0.002204627028189652,0.061499107971032585,0.0,0.0036430117356060707,0.001099432903866355,0.0004426537717750128,0.0,0.0,0.0,0.11678762028948213,0.0,0.044171277243371235,0.0,0.01725293486172111,0.0891980957245983,0.0,0.002204627028189652,0.061499107971032585,0.0,0.0,0.001099432903866355,0.0,0.0,0.0,0.0,0.10868734432702223,0.0,GPAB6851,GPAB6851.JPG,2024-10-02 03:42:50.392,2024-10-02 15:42:50.392,7.12832357952,171.05211453556,787934.9561039483,505754.5179486475,-2.384741321010799,31.49301166406249,
data/versions/1.2/train\GPAB4039_jpg.rf.0eab27b3eb9a4076f32aa9ac68de6b4e.jpg,0.15505123138427734,0.1199476497101146,0.9493204640471037,0.0,0.0,0.0010120543936027408,0.0,0.0,0.9338439054929396,0.05670481234744768,0.0,0.0,0.0,0.06223078296906417,0.015476558554164114,0.0,0.0,0.0,0.0,0.0,0.0,0.0010120543936027408,0.0,0.0,0.9338439054929396,0.05670481234744768,0.0,0.0,0.0,0.06223078296906417,0.015476558554164114,0.0,0.0,0.0,0.0,0.0,0.0,GPAB4039,GPAB4039.JPG,2024-10-04 00:01:26.789,2024-10-04 12:01:26.789,7.17679891887,171.1257707719,793295.3511357614,513886.2276332967,,31.185810546875,-0.6045535166666668
data/versions/1.2/train\GPAB4039_jpg.rf.0eab27b3eb9a4076f32aa9ac68de6b4e.jpg,0.15505123138427734,0.1199476497101146,0.9493204640471037,0.0,0.0,0.0010120543936027408,0.0,0.0,0.9338439054929396,0.05670481234744768,0.0,0.0,0.0,0.06223078296906417,0.015476558554164114,0.0,0.0,0.0,0.0,0.0,0.0,0.0010120543936027408,0.0,0.0,0.9338439054929396,0.05670481234744768,0.0,0.0,0.0,0.06223078296906417,0.015476558554164114,0.0,0.0,0.0,0.0,0.0,0.0,GPAB4039,GPAB4039.JPG,2024-10-02 02:09:00.768,2024-10-02 14:09:00.768,7.141656404200001,171.04328581836,789408.7618533681,504779.507249899,-4.084061149192324,31.2287109375,
data/versions/1.2/train\GPAB2398_jpg.rf.744523b9c304a4d1dc044324926e8035.jpg,0.31046104431152344,0.3435540584917509,0.9501529604031318,0.013634888414761783,0.0,0.0,0.0,0.023634446721193417,0.00360364339581697,0.26528019695692334,0.0,0.0,0.9465493170073148,0.049309325687553654,0.0,0.0,0.0,0.005540373672758837,0.0,0.0,0.0,0.0,0.0,0.010065812341686462,0.00360364339581697,0.26528019695692334,0.0,0.0,0.9465493170073148,0.049309325687553654,0.0,0.0,0.0,0.005540373672758837,0.0,0.0,0.0,GPAB2398,GPAB2398.JPG,2024-10-02 01:14:15.486,2024-10-02 13:14:15.486,7.1514224431,171.04163170536,790488.3538183215,504596.7667794068,-1.440060309622786,31.51405859570312,
data/versions/1.2/train\GPAB2445_sr01_jpg.rf.944c2ea36244540a7b490c9a0e6330b8.jpg,0.6281518936157227,0.3567126860154055,0.017681185582353764,0.1363027943839623,0.0022766422839014216,0.0,0.0,0.0,0.017681185582353764,0.0,0.0,0.0,0.0,0.3567126860154055,0.0,0.0,0.0,0.0,0.0,0.0,0.0,0.0,0.0,0.0,0.015404543298452344,0.0,0.0,0.0,0.0,0.22041181203826218,0.0,0.0,0.0,0.0,0.0,0.0,0.0,GPAB2445,GPAB2445.JPG,2024-10-02 01:15:49.580,2024-10-02 13:15:49.580,7.1502909634,171.0415138186,790363.2706445559,504583.7615864623,-1.442305763419677,31.443212890625,
data/versions/1.2/train\GPAB6667_jpg.rf.2a5460ac13ba5fc91010686eb1f3313c.jpg,0.7317295074462891,0.30848839018057583,0.10261117715176783,0.07504469746871177,0.017739757990332672,0.022989190030015958,0.0,0.2697605060656049,0.07986299817753392,0.0,0.0,0.0,0.0,0.0,0.022748178974233903,0.0,0.0,0.005434751297714908,0.0,0.01042012739978837,0.0,0.022989190030015958,0.0,0.20054616369931808,0.06212324018720126,0.0,0.0,0.0,0.0,0.0,0.022748178974233903,0.0,0.0,0.005434751297714908,0.0,0.01042012739978837,0.0,GPAB6667,GPAB6667.JPG,2024-10-04 01:29:08.000,2024-10-04 13:29:08.000,7.169304405,171.136396833,792467.1855053433,515059.6889758614,-2.145105980092731,31.271611328125,-0.1449333333333335
data/versions/1.2/train\GPAB6667_jpg.rf.2a5460ac13ba5fc91010686eb1f3313c.jpg,0.7317295074462891,0.30848839018057583,0.10261117715176783,0.07504469746871177,0.017739757990332672,0.022989190030015958,0.0,0.2697605060656049,0.07986299817753392,0.0,0.0,0.0,0.0,0.0,0.022748178974233903,0.0,0.0,0.005434751297714908,0.0,0.01042012739978837,0.0,0.022989190030015958,0.0,0.20054616369931808,0.06212324018720126,0.0,0.0,0.0,0.0,0.0,0.022748178974233903,0.0,0.0,0.005434751297714908,0.0,0.01042012739978837,0.0,GPAB6667,GPAB6667.JPG,2024-10-02 03:36:42.000,2024-10-02 15:36:42.000,7.132132662,171.050016545,788356.0138456066,505522.8109005082,-1.859408157339115,31.357412109375,
data/versions/1.2/train\GPAB5008_jpg.rf.98304384483576c0ab5347966e280579.jpg,0.564112663269043,0.4181714654432395,0.022653118836694366,0.34847510096538853,0.006145301820737705,0.0,0.0,0.0,0.022653118836694366,0.0019242476326184939,0.0,0.0,0.0,0.416247217810621,0.0,0.0,0.0,0.0,0.0,0.0,0.0,0.0,0.0,0.0,0.01650781701595666,0.0019242476326184939,0.0,0.0,0.0,0.0678018831509267,0.0,0.0,0.0,0.0,0.0,0.0,0.0,GPAB5008,GPAB5008.JPG,2024-10-04 00:33:46.727,2024-10-04 12:33:46.727,7.17004786096,171.13406761681,792549.2970483297,514802.493794669,-1.744613744211806,31.62573689257812,-0.4610000000000001
data/versions/1.2/train\GPAB5008_jpg.rf.98304384483576c0ab5347966e280579.jpg,0.564112663269043,0.4181714654432395,0.022653118836694366,0.34847510096538853,0.006145301820737705,0.0,0.0,0.0,0.022653118836694366,0.0019242476326184939,0.0,0.0,0.0,0.416247217810621,0.0,0.0,0.0,0.0,0.0,0.0,0.0,0.0,0.0,0.0,0.01650781701595666,0.0019242476326184939,0.0,0.0,0.0,0.0678018831509267,0.0,0.0,0.0,0.0,0.0,0.0,0.0,GPAB5008,GPAB5008.JPG,2024-10-02 02:41:20.706,2024-10-02 14:41:20.706,7.13928670248,171.04465055838,789146.8122684568,504930.2236914972,-4.211478932260653,31.31451171875,
data/versions/1.2/train\GPAB6689_jpg.rf.be92867710229776bc9c7cdaf8ee7bb8.jpg,0.7566347122192383,0.22632762524413172,0.13399350518413822,0.10781451942779559,0.005307044244252703,0.003070730503549872,0.0,0.11852942927429747,0.13399350518413822,0.0,0.0,0.0,0.0,0.06602934765700766,0.0,0.002671285885201921,0.0,0.01575501754291629,0.0,0.020279496008434428,0.0,0.0,0.0,0.06892820175025878,0.1286864609398855,0.0,0.0,0.0,0.0,0.02121857494291591,0.0,0.0019559343451316727,0.0,0.01575501754291629,0.0,0.011001050462529983,0.0,GPAB6689,GPAB6689.JPG,2024-10-04 01:29:52.000,2024-10-04 13:29:52.000,7.169194708,171.135831447,792455.0402530708,514997.2677059739,-2.581387878283763,31.3188017578125,-0.1390666666666668
data/versions/1.2/train\GPAB6689_jpg.rf.be92867710229776bc9c7cdaf8ee7bb8.jpg,0.7566347122192383,0.22632762524413172,0.13399350518413822,0.10781451942779559,0.005307044244252703,0.003070730503549872,0.0,0.11852942927429747,0.13399350518413822,0.0,0.0,0.0,0.0,0.06602934765700766,0.0,0.002671285885201921,0.0,0.01575501754291629,0.0,0.020279496008434428,0.0,0.0,0.0,0.06892820175025878,0.1286864609398855,0.0,0.0,0.0,0.0,0.02121857494291591,0.0,0.0019559343451316727,0.0,0.01575501754291629,0.0,0.011001050462529983,0.0,GPAB6689,GPAB6689.JPG,2024-10-02 03:37:26.000,2024-10-02 15:37:26.000,7.131650685,171.050179226,788302.7345889478,505540.7798823928,-2.507474305613888,31.38315234374999,
data/versions/1.2/train\GPAB3605_jpg.rf.5ac2aa8438d68ded3aa8d984a7d541ea.jpg,0.5745563507080078,0.5542342089748292,0.17746191353176258,0.19309402503826412,0.0,0.05109914484284351,0.0,0.3676052334926631,0.17746191353176258,0.0,0.0,0.0,0.0,0.0,0.0,0.0,0.0,0.0,0.0,0.13554903470751245,0.0,0.007456939678101409,0.0,0.21933062299917613,0.17746191353176258,0.0,0.0,0.0,0.0,0.0,0.0,0.0,0.0,0.0,0.0,0.13554903470751245,0.0,GPAB3605,GPAB3605.JPG,2024-10-03 23:46:57.921,2024-10-04 11:46:57.921,7.18187017132,171.11950278196,793855.7809588568,513194.0378721418,-1.891983843264482,31.958017578125,-0.62389605
data/versions/1.2/train\GPAB3605_jpg.rf.5ac2aa8438d68ded3aa8d984a7d541ea.jpg,0.5745563507080078,0.5542342089748292,0.17746191353176258,0.19309402503826412,0.0,0.05109914484284351,0.0,0.3676052334926631,0.17746191353176258,0.0,0.0,0.0,0.0,0.0,0.0,0.0,0.0,0.0,0.0,0.13554903470751245,0.0,0.007456939678101409,0.0,0.21933062299917613,0.17746191353176258,0.0,0.0,0.0,0.0,0.0,0.0,0.0,0.0,0.0,0.0,0.13554903470751245,0.0,GPAB3605,GPAB3605.JPG,2024-10-02 01:54:31.900,2024-10-02 13:54:31.900,7.142517314,171.041949775,789503.9194085277,504631.9761345863,-1.313998829323382,31.31451171875,
data/versions/1.2/train\GPAB4619_jpg.rf.e6b9dac7f6f65d310b5114459475f4be.jpg,0.8706531524658203,0.09500156513155747,0.07034738238948539,0.02118880863722171,0.03192388275532289,0.003931072758453151,0.0,0.06946591565957333,0.06401003988684963,0.001495996911985835,0.002837401075043737,0.0,0.0017888589518803664,0.006115535515043507,0.0017110824757116548,0.0,0.0,0.014190846188856647,0.0,0.0,0.0,0.003931072758453151,0.0,0.05000067214238664,0.032086157131526745,0.001495996911985835,0.002837401075043737,0.0,0.0017888589518803664,0.006115535515043507,0.0017110824757116548,0.0,0.0,0.012467281068821619,0.0,0.0,0.0,GPAB4619,GPAB4619.JPG,2024-10-04 00:20:47.949,2024-10-04 12:20:47.949,7.17088012442,171.13581110653,792641.3583995604,514994.9667697102,-2.300704888920497,31.74351562499999,-0.5216025500000001
data/versions/1.2/train\GPAB4619_jpg.rf.e6b9dac7f6f65d310b5114459475f4be.jpg,0.8706531524658203,0.09500156513155747,0.07034738238948539,0.02118880863722171,0.03192388275532289,0.003931072758453151,0.0,0.06946591565957333,0.06401003988684963,0.001495996911985835,0.002837401075043737,0.0,0.0017888589518803664,0.006115535515043507,0.0017110824757116548,0.0,0.0,0.014190846188856647,0.0,0.0,0.0,0.003931072758453151,0.0,0.05000067214238664,0.032086157131526745,0.001495996911985835,0.002837401075043737,0.0,0.0017888589518803664,0.006115535515043507,0.0017110824757116548,0.0,0.0,0.012467281068821619,0.0,0.0,0.0,GPAB4619,GPAB4619.JPG,2024-10-02 02:28:21.928,2024-10-02 14:28:21.928,7.1386812758,171.04435326916,789079.8808617702,504897.4040538189,-1.452956982682532,31.4435217734375,
data/versions/1.2/train\GPAB3274_jpg.rf.6f8cbaf27e8d238f2d942b271ee4af69.jpg,0.817164421081543,0.919607929743837,0.8144358900989586,0.0,0.0,0.0,0.0,0.0,0.327611801283984,0.43174394063638444,0.0,0.48786398910745254,0.4868240888149746,0.0,0.0,0.0,0.0,0.0,0.0,0.0,0.0,0.0,0.0,0.0,0.327611801283984,0.43174394063638444,0.0,0.48786398910745254,0.4868240888149746,0.0,0.0,0.0,0.0,0.0,0.0,0.0,0.0,GPAB3274,GPAB3274.JPG,2024-10-03 23:35:55.259,2024-10-04 11:35:55.259,7.18248967291,171.11908783078,793924.2534660709,513148.2061691525,-1.778076938210202,32.42023067675781,-0.6423160666666669
data/versions/1.2/train\GPAB3274_jpg.rf.6f8cbaf27e8d238f2d942b271ee4af69.jpg,0.817164421081543,0.919607929743837,0.8144358900989586,0.0,0.0,0.0,0.0,0.0,0.327611801283984,0.43174394063638444,0.0,0.48786398910745254,0.4868240888149746,0.0,0.0,0.0,0.0,0.0,0.0,0.0,0.0,0.0,0.0,0.0,0.327611801283984,0.43174394063638444,0.0,0.48786398910745254,0.4868240888149746,0.0,0.0,0.0,0.0,0.0,0.0,0.0,0.0,GPAB3274,GPAB3274.JPG,2024-10-02 01:43:29.238,2024-10-02 13:43:29.238,7.1488185335,171.04251333474,790200.5076110611,504694.1385328518,-4.279414408250366,31.06895846289063,
data/versions/1.2/train\GPAB4557_jpg.rf.44b2de9f48c7d1b418c19527d8d1ccf5.jpg,0.8598260879516602,0.056168058641542624,0.0849655190955652,0.0,0.017063774790051525,0.0,0.0,0.022697288193530916,0.07313293248041665,0.0,0.0,0.0,0.0,0.02988633112038454,0.011832586615148553,0.0,0.0,0.003618046446959324,0.0,0.0,0.0,0.0,0.0,0.022697288193530916,0.05606915769036513,0.0,0.0,0.0,0.0,0.02988633112038454,0.011832586615148553,0.0,0.0,0.003618046446959324,0.0,0.0,0.0,GPAB4557,GPAB4557.JPG,2024-10-04 00:18:43.825,2024-10-04 12:18:43.825,7.17137296125,171.1367995015,792695.8727614073,515104.0798762258,-2.20257792552478,31.86867751464844,-0.5298870833333335
data/versions/1.2/train\GPAB4557_jpg.rf.44b2de9f48c7d1b418c19527d8d1ccf5.jpg,0.8598260879516602,0.056168058641542624,0.0849655190955652,0.0,0.017063774790051525,0.0,0.0,0.022697288193530916,0.07313293248041665,0.0,0.0,0.0,0.0,0.02988633112038454,0.011832586615148553,0.0,0.0,0.003618046446959324,0.0,0.0,0.0,0.0,0.0,0.022697288193530916,0.05606915769036513,0.0,0.0,0.0,0.0,0.02988633112038454,0.011832586615148553,0.0,0.0,0.003618046446959324,0.0,0.0,0.0,GPAB4557,GPAB4557.JPG,2024-10-02 02:26:17.804,2024-10-02 14:26:17.804,7.137513804959999,171.04494555428,788950.8265402308,504962.8156494079,-1.490285397136605,31.51101266796875,
data/versions/1.2/train\GPAB5453_jpg.rf.9b62f435da6d8e4e0f8dd185193410e4.jpg,0.5211944580078125,0.2671314691304206,0.22438897456037088,0.13278364888818048,0.0,0.0,0.0,0.0,0.05413242741342326,0.008870359096871082,0.0,0.0,0.0,0.24844591078174,0.1678022672322905,0.0,0.0,0.009817119658628484,0.0,0.0,0.002454279914657121,0.0,0.0,0.0,0.05413242741342326,0.008870359096871082,0.0,0.0,0.0,0.1157736454890604,0.1678022672322905,0.0,0.0,0.009817119658628484,0.0,0.0,0.002454279914657121,GPAB5453,GPAB5453.JPG,2024-10-04 00:48:37.617,2024-10-04 12:48:37.617,7.17120053313,171.13271104095,792676.6787029661,514652.6762569126,-1.787343902174289,31.89202390722656,-0.3981191500000001
data/versions/1.2/train\GPAB5453_jpg.rf.9b62f435da6d8e4e0f8dd185193410e4.jpg,0.5211944580078125,0.2671314691304206,0.22438897456037088,0.13278364888818048,0.0,0.0,0.0,0.0,0.05413242741342326,0.008870359096871082,0.0,0.0,0.0,0.24844591078174,0.1678022672322905,0.0,0.0,0.009817119658628484,0.0,0.0,0.002454279914657121,0.0,0.0,0.0,0.05413242741342326,0.008870359096871082,0.0,0.0,0.0,0.1157736454890604,0.1678022672322905,0.0,0.0,0.009817119658628484,0.0,0.0,0.002454279914657121,GPAB5453,GPAB5453.JPG,2024-10-02 02:56:11.596,2024-10-02 14:56:11.596,7.136073150920001,171.04729440052,788791.5921856418,505222.1878532919,-2.13998632450594,31.82758323046874,
data/versions/1.2/train\GPAB6679_jpg.rf.56d98813e84f509e5216b1ab208b9c4d.jpg,0.9342460632324219,0.17621748991306319,0.1491570374268085,0.13523792880283758,0.0020385118383478354,0.0,0.0,0.15751464790301178,0.13609154963387443,0.0,0.0037755198061157277,0.0,0.0015545693199647413,0.013037641894058838,0.005123645393040062,0.0,0.0,0.005748737812618225,0.0026117532738135244,0.0,0.0,0.0,0.0,0.02976918630442673,0.1340530377955266,0.0,0.0037755198061157277,0.0,0.0015545693199647413,0.005545174689806288,0.005123645393040062,0.0,0.0,0.005748737812618225,0.0026117532738135244,0.0,0.0,GPAB6679,GPAB6679.JPG,2024-10-04 01:29:32.000,2024-10-04 13:29:32.000,7.16924275,171.13608002,792460.3593102391,515024.7113422863,-1.953484708526,31.31451171875,-0.1417333333333335
data/versions/1.2/train\GPAB6679_jpg.rf.56d98813e84f509e5216b1ab208b9c4d.jpg,0.9342460632324219,0.17621748991306319,0.1491570374268085,0.13523792880283758,0.0020385118383478354,0.0,0.0,0.15751464790301178,0.13609154963387443,0.0,0.0037755198061157277,0.0,0.0015545693199647413,0.013037641894058838,0.005123645393040062,0.0,0.0,0.005748737812618225,0.0026117532738135244,0.0,0.0,0.0,0.0,0.02976918630442673,0.1340530377955266,0.0,0.0037755198061157277,0.0,0.0015545693199647413,0.005545174689806288,0.005123645393040062,0.0,0.0,0.005748737812618225,0.0026117532738135244,0.0,0.0,GPAB6679,GPAB6679.JPG,2024-10-02 03:37:06.000,2024-10-02 15:37:06.000,7.131884325,171.050100096,788328.5618867958,505532.0395578773,-2.277598399075302,31.34883203125,
data/versions/1.2/train\GPAB4761_jpg.rf.abcedb2548500e30fd19e3a419c01bc6.jpg,0.8472146987915039,0.15354900782181696,0.004572488635992649,0.013398678376027177,0.0,0.0,0.0,0.014898516101650973,0.004572488635992649,0.08898012955064401,0.0,0.043986918188749106,0.0,0.005744896998980264,0.0,0.0,0.0,0.0,0.0,0.0,0.0,0.0,0.0,0.0024984492714936733,0.004572488635992649,0.08898012955064401,0.0,0.043986918188749106,0.0,0.00475780789402427,0.0,0.0,0.0,0.0,0.0,0.0,0.0,GPAB4761,GPAB4761.JPG,2024-10-04 00:25:32.233,2024-10-04 12:25:32.233,7.170190582989999,171.13389288264,792565.069000191,514783.1966437088,-3.65493259122317,31.56862360253906,-0.5017767000000001
data/versions/1.2/train\GPAB4761_jpg.rf.abcedb2548500e30fd19e3a419c01bc6.jpg,0.8472146987915039,0.15354900782181696,0.004572488635992649,0.013398678376027177,0.0,0.0,0.0,0.014898516101650973,0.004572488635992649,0.08898012955064401,0.0,0.043986918188749106,0.0,0.005744896998980264,0.0,0.0,0.0,0.0,0.0,0.0,0.0,0.0,0.0,0.0024984492714936733,0.004572488635992649,0.08898012955064401,0.0,0.043986918188749106,0.0,0.00475780789402427,0.0,0.0,0.0,0.0,0.0,0.0,0.0,GPAB4761,GPAB4761.JPG,2024-10-02 02:33:06.212,2024-10-02 14:33:06.212,7.14072171604,171.04358418188,789305.4377693803,504812.4615494568,-1.4938799859082,31.443212890625,
data/versions/1.2/train\GPAB5256_jpg.rf.cbb1d968b35f0f45e9735f12771f9dc3.jpg,0.2847414016723633,0.1562490998093036,0.6288352924683565,0.0540988202940911,0.012382783168786476,0.0,0.0,0.07610572223619852,0.5400904127530376,0.0,0.0012953143994023694,0.0,0.08744956531591652,0.009999558306431634,0.0,0.0,0.0,0.0006366148604920466,0.0,0.06950720440618141,0.0,0.0,0.0,0.0464930490875187,0.5277076295842511,0.0,0.0012953143994023694,0.0,0.08744956531591652,0.0072024857745864885,0.0,0.0,0.0,0.0006366148604920466,0.0,0.04816092240980329,0.0,GPAB5256,GPAB5256.JPG,2024-10-04 00:42:03.223,2024-10-04 12:42:03.223,7.17135764493,171.13710967941,792694.189797468,515138.3272951518,-2.66484375,31.44416956933594,-0.42083885
data/versions/1.2/train\GPAB5256_jpg.rf.cbb1d968b35f0f45e9735f12771f9dc3.jpg,0.2847414016723633,0.1562490998093036,0.6288352924683565,0.0540988202940911,0.012382783168786476,0.0,0.0,0.07610572223619852,0.5400904127530376,0.0,0.0012953143994023694,0.0,0.08744956531591652,0.009999558306431634,0.0,0.0,0.0,0.0006366148604920466,0.0,0.06950720440618141,0.0,0.0,0.0,0.0464930490875187,0.5277076295842511,0.0,0.0012953143994023694,0.0,0.08744956531591652,0.0072024857745864885,0.0,0.0,0.0,0.0006366148604920466,0.0,0.04816092240980329,0.0,GPAB5256,GPAB5256.JPG,2024-10-02 02:49:37.202,2024-10-02 14:49:37.202,7.13860123336,171.0452066427,789071.0415442804,504991.6328318123,-8.22667381628591,31.271611328125,
data/versions/1.2/train\GPAB6236_jpg.rf.46b13879c47d4fdd782cf071312ef0fe.jpg,0.9211053848266602,0.03618046446959324,0.0488407464237224,0.0008555412378558274,0.010177195937187333,0.026904899533917264,0.0,0.0063277404685408555,0.020995807751914165,0.0,0.02058388048924284,0.0,0.0,0.0,0.007261058182565395,0.0,0.0,0.0,0.0,0.002947824467135118,0.0,0.026904899533917264,0.0,0.005472199230685028,0.010818611814726832,0.0,0.02058388048924284,0.0,0.0,0.0,0.007261058182565395,0.0,0.0,0.0,0.0,0.002947824467135118,0.0,GPAB6236,GPAB6236.JPG,2024-10-04 01:14:45.183,2024-10-04 13:14:45.183,7.16973146544,171.13644152815,792514.3974964669,515064.6097827693,-4.994814940572395,31.39094734472656,-0.2297286500000001
data/versions/1.2/train\GPAB6236_jpg.rf.46b13879c47d4fdd782cf071312ef0fe.jpg,0.9211053848266602,0.03618046446959324,0.0488407464237224,0.0008555412378558274,0.010177195937187333,0.026904899533917264,0.0,0.0063277404685408555,0.020995807751914165,0.0,0.02058388048924284,0.0,0.0,0.0,0.007261058182565395,0.0,0.0,0.0,0.0,0.002947824467135118,0.0,0.026904899533917264,0.0,0.005472199230685028,0.010818611814726832,0.0,0.02058388048924284,0.0,0.0,0.0,0.007261058182565395,0.0,0.0,0.0,0.0,0.002947824467135118,0.0,GPAB6236,GPAB6236.JPG,2024-10-02 03:22:19.162,2024-10-02 15:22:19.162,7.12998326272,171.05184834386,788118.426104752,505725.1042899683,-5.335774551645445,31.24088606835938,
data/versions/1.2/train\GPAB6676_jpg.rf.62dd073dcce1a1a6cf857a62a9f0e112.jpg,0.14720726013183594,0.24831148230441136,0.802656114671332,0.11044739717661789,0.0,0.0,0.0,0.1231921770307822,0.0,0.0,0.0,0.0,0.802656114671332,0.0037543953311069416,0.0,0.10743043806399948,0.0,0.013980561642178278,0.0,0.0,0.0,0.0,0.0,0.1201732975113448,0.0,0.0,0.0,0.0,0.802656114671332,0.0037543953311069416,0.0,0.0,0.0,0.013980561642178278,0.0,0.0,0.0,GPAB6676,GPAB6676.JPG,2024-10-04 01:29:26.000,2024-10-04 13:29:26.000,7.169253828,171.136146158,792461.5861219944,515032.013345638,-1.946981789004203,31.31451171875,-0.1425333333333335
data/versions/1.2/train\GPAB6676_jpg.rf.62dd073dcce1a1a6cf857a62a9f0e112.jpg,0.14720726013183594,0.24831148230441136,0.802656114671332,0.11044739717661789,0.0,0.0,0.0,0.1231921770307822,0.0,0.0,0.0,0.0,0.802656114671332,0.0037543953311069416,0.0,0.10743043806399948,0.0,0.013980561642178278,0.0,0.0,0.0,0.0,0.0,0.1201732975113448,0.0,0.0,0.0,0.0,0.802656114671332,0.0037543953311069416,0.0,0.0,0.0,0.013980561642178278,0.0,0.0,0.0,GPAB6676,GPAB6676.JPG,2024-10-02 03:37:00.000,2024-10-02 15:37:00.000,7.131943393,171.050082823,788335.0914816507,505530.1315685975,-2.136526125189055,31.323091796875,
data/versions/1.2/train\GPAB3596_jpg.rf.622852fcf571639a210332332c8070c8.jpg,0.7596855163574219,0.47643852873792786,0.30784025287916994,0.45385454454671675,0.18400665997084822,0.02530712106052546,0.0,0.45302972981796463,0.30784025287916994,0.0,0.0,0.0,0.0,0.0,0.0,0.0,0.0,0.0,0.0,0.0,0.0,0.0,0.0,0.022583984191211066,0.1238335929083217,0.0,0.0,0.0,0.0,0.0,0.0,0.0,0.0,0.0,0.0,0.0,0.0,GPAB3596,GPAB3596.JPG,2024-10-03 23:46:39.903,2024-10-04 11:46:39.903,7.18184347649,171.11953669869,793852.8308852384,513197.7833183102,-1.655484546465801,31.92840343847656,-0.6229951500000002
data/versions/1.2/train\GPAB3596_jpg.rf.622852fcf571639a210332332c8070c8.jpg,0.7596855163574219,0.47643852873792786,0.30784025287916994,0.45385454454671675,0.18400665997084822,0.02530712106052546,0.0,0.45302972981796463,0.30784025287916994,0.0,0.0,0.0,0.0,0.0,0.0,0.0,0.0,0.0,0.0,0.0,0.0,0.0,0.0,0.022583984191211066,0.1238335929083217,0.0,0.0,0.0,0.0,0.0,0.0,0.0,0.0,0.0,0.0,0.0,0.0,GPAB3596,GPAB3596.JPG,2024-10-02 01:54:13.882,2024-10-02 13:54:13.882,7.1427421314,171.04193974804,789528.7722500651,504630.8667236873,-1.389161549925641,31.34933825585937,
data/versions/1.2/train\GPAB4143_sr01_jpg.rf.c6f885d033599b106517220997067a74.jpg,0.8038139343261719,0.1686194003337667,0.028909804252932943,0.029117208189382838,0.00843538695237199,0.0,0.0,0.0,0.02086618029163298,0.0,0.0035268271230577486,0.0,0.0,0.1686194003337667,0.0045167968382422135,0.0,0.0,0.0,0.0,0.0,0.0,0.0,0.0,0.0,0.01243079333926099,0.0,0.0035268271230577486,0.0,0.0,0.1395204360091642,0.0045167968382422135,0.0,0.0,0.0,0.0,0.0,0.0,GPAB4143,GPAB4143.JPG,2024-10-04 00:04:54.997,2024-10-04 12:04:54.997,7.1750134482,171.12786998576,793098.0356661567,514118.0551758418,,31.15147736425781,-0.5914169166666667
data/versions/1.2/train\GPAB4143_sr01_jpg.rf.c6f885d033599b106517220997067a74.jpg,0.8038139343261719,0.1686194003337667,0.028909804252932943,0.029117208189382838,0.00843538695237199,0.0,0.0,0.0,0.02086618029163298,0.0,0.0035268271230577486,0.0,0.0,0.1686194003337667,0.0045167968382422135,0.0,0.0,0.0,0.0,0.0,0.0,0.0,0.0,0.0,0.01243079333926099,0.0,0.0035268271230577486,0.0,0.0,0.1395204360091642,0.0045167968382422135,0.0,0.0,0.0,0.0,0.0,0.0,GPAB4143,GPAB4143.JPG,2024-10-02 02:12:28.976,2024-10-02 14:12:28.976,7.14352105048,171.0426380802,789614.8866810519,504707.9666041054,,31.2287109375,
data/versions/1.2/train\GPAB6584_jpg.rf.bf60090261c1ac131e8b94b020257a0e.jpg,0.3210325241088867,0.3242693332155484,0.9729856372774008,0.17960508754174484,0.0046790712144460685,0.0,0.0,0.29083985151414476,0.2282922014199488,0.0,0.0,0.0,0.7446934358574521,0.017290382794691226,0.0,0.0,0.0,0.011555087829805867,0.0,0.004618578399648182,0.0,0.0,0.0,0.11398670694399901,0.22361313020550275,0.0,0.0,0.0,0.7446934358574521,0.014539400026501614,0.0,0.0,0.0,0.011555087829805867,0.0,0.004618578399648182,0.0,GPAB6584,GPAB6584.JPG,2024-10-04 01:26:21.879,2024-10-04 13:26:21.879,7.169759879630001,171.13824634002,792517.5982365229,515263.87982162,-1.769807869034118,31.30970258496094,-0.1648121000000001
data/versions/1.2/train\GPAB6584_jpg.rf.bf60090261c1ac131e8b94b020257a0e.jpg,0.3210325241088867,0.3242693332155484,0.9729856372774008,0.17960508754174484,0.0046790712144460685,0.0,0.0,0.29083985151414476,0.2282922014199488,0.0,0.0,0.0,0.7446934358574521,0.017290382794691226,0.0,0.0,0.0,0.011555087829805867,0.0,0.004618578399648182,0.0,0.0,0.0,0.11398670694399901,0.22361313020550275,0.0,0.0,0.0,0.7446934358574521,0.014539400026501614,0.0,0.0,0.0,0.011555087829805867,0.0,0.004618578399648182,0.0,GPAB6584,GPAB6584.JPG,2024-10-02 03:33:55.858,2024-10-02 15:33:55.858,7.1340306016,171.04940264302,788565.8184564065,505455.0015596027,-1.996849423313585,31.31451171875,
data/versions/1.2/train\GPAB4335_jpg.rf.e7fab46b2d206e0191a614664f146a23.jpg,0.7838983535766602,0.20505911972392232,0.038510878144426115,0.0,0.019126291713636615,0.0,0.0,0.0,0.037034085300630085,0.013644490448856687,0.0,0.0,0.0,0.1753091374876854,0.0014767928437960298,0.01621495497606213,0.0,0.0,0.0,0.0,0.0,0.0,0.0,0.0,0.01790779358699347,0.013644490448856687,0.0,0.0,0.0,0.1753091374876854,0.0014767928437960298,0.01621495497606213,0.0,0.0,0.0,0.0,0.0,GPAB4335,GPAB4335.JPG,2024-10-04 00:11:19.381,2024-10-04 12:11:19.381,7.171631105479999,171.13186621598,792724.2505711456,514559.3849752178,,31.100009765625,-0.5593849166666667
data/versions/1.2/train\GPAB4335_jpg.rf.e7fab46b2d206e0191a614664f146a23.jpg,0.7838983535766602,0.20505911972392232,0.038510878144426115,0.0,0.019126291713636615,0.0,0.0,0.0,0.037034085300630085,0.013644490448856687,0.0,0.0,0.0,0.1753091374876854,0.0014767928437960298,0.01621495497606213,0.0,0.0,0.0,0.0,0.0,0.0,0.0,0.0,0.01790779358699347,0.013644490448856687,0.0,0.0,0.0,0.1753091374876854,0.0014767928437960298,0.01621495497606213,0.0,0.0,0.0,0.0,0.0,GPAB4335,GPAB4335.JPG,2024-10-02 02:18:53.360,2024-10-02 14:18:53.360,7.1413381486,171.0435753156,789373.5825895945,504811.4761130982,-4.781407711380712,31.185810546875,
data/versions/1.2/train\GPAA1440_jpg.rf.ca636c67e68489d434fa13850c2ba330.jpg,0.865351676940918,0.06160088953243855,0.07396926965008267,0.05151779352938127,0.07396926965008267,0.0,0.0,0.0,0.07396926965008267,0.002443717677152728,0.0,0.0,0.0,0.05323175661532139,0.0,0.0,0.0,0.0059254152399644345,0.0,0.0,0.0,0.0,0.0,0.0,0.0,0.002443717677152728,0.0,0.0,0.0,0.0017139630859401257,0.0,0.0,0.0,0.0059254152399644345,0.0,0.0,0.0,GPAA1440,GPAA1440.JPG,2024-10-02 00:29:58.654,2024-10-02 12:29:58.654,7.15276387398,171.04243012292,790636.6534078021,504684.9104362706,-0.8876240917057451,32.22977439257812,
data/versions/1.2/train\GPAB2296_jpg.rf.0329743317b1e4e6ac556d38c9b670e1.jpg,0.37719154357910156,0.7458091922192798,0.1669832137239953,0.0,0.1050308897436833,0.56308632420692,0.0,0.18075157041267623,0.14354656890515688,0.0,0.00958667084035082,0.0,0.012404867847204753,0.0,0.001445106131282851,0.0,0.0,0.0033290252207027536,0.0,0.0,0.0,0.56308632420692,0.0,0.18075157041267623,0.03851567916147357,0.0,0.00958667084035082,0.0,0.012404867847204753,0.0,0.001445106131282851,0.0,0.0,0.0033290252207027536,0.0,0.0,0.0,GPAB2296,GPAB2296.JPG,2024-10-02 01:10:51.282,2024-10-02 13:10:51.282,7.15307728358,171.04281013888,790671.3038751903,504726.8665788901,-1.205007020423463,31.57807455859374,
data/versions/1.2/train\GPAB4526_jpg.rf.acbd0ab7d910680595cd55a037d26f3e.jpg,0.8246059417724609,0.20871461410385175,0.08562037782083756,0.040896023413599936,0.009650044265377177,0.0,0.0,0.0829337286810838,0.026281727521158083,0.03131511379370606,0.011693357120772465,0.0,0.0,0.010961682122740882,0.0,0.00763937832590456,0.0,0.07593672643612823,0.04764529317890702,0.0,0.0,0.0,0.0,0.04230464181532216,0.016631683255780905,0.03131511379370606,0.011693357120772465,0.0,0.0,0.010961682122740882,0.0,0.00763937832590456,0.0,0.07593672643612823,0.04764529317890702,0.0,0.0,GPAB4526,GPAB4526.JPG,2024-10-04 00:17:41.763,2024-10-04 12:17:41.763,7.17129493843,171.13628258431,792687.2305427571,515047.0093279546,-1.860324298200932,31.78110923730469,-0.5356079000000001
data/versions/1.2/train\GPAB4526_jpg.rf.acbd0ab7d910680595cd55a037d26f3e.jpg,0.8246059417724609,0.20871461410385175,0.08562037782083756,0.040896023413599936,0.009650044265377177,0.0,0.0,0.0829337286810838,0.026281727521158083,0.03131511379370606,0.011693357120772465,0.0,0.0,0.010961682122740882,0.0,0.00763937832590456,0.0,0.07593672643612823,0.04764529317890702,0.0,0.0,0.0,0.0,0.04230464181532216,0.016631683255780905,0.03131511379370606,0.011693357120772465,0.0,0.0,0.010961682122740882,0.0,0.00763937832590456,0.0,0.07593672643612823,0.04764529317890702,0.0,0.0,GPAB4526,GPAB4526.JPG,2024-10-02 02:25:15.742,2024-10-02 14:25:15.742,7.137773257200001,171.04455819916,788979.5041123042,504920.0417415203,-1.724406757667561,31.47531954296875,
data/versions/1.2/train\GPAB4710_jpg.rf.890e10b24cc2fb0897115284e8c07d37.jpg,0.92681884765625,0.08695698096684802,0.06198209028600619,0.044100222191068954,0.013361230443057058,0.0,0.0,0.044100222191068954,0.06198209028600619,0.0,0.0,0.0,0.0,0.0,0.0,0.0,0.0,0.04285963938600753,0.0,0.0,0.0,0.0,0.0,0.0,0.04862085984294913,0.0,0.0,0.0,0.0,0.0,0.0,0.0,0.0,0.04285963938600753,0.0,0.0,0.0,GPAB4710,GPAB4710.JPG,2024-10-04 00:23:50.131,2024-10-04 12:23:50.131,7.17029542114,171.13334897265,792576.6411284627,514723.1397298812,-2.656809817129231,31.72523147851562,-0.5088224166666668
data/versions/1.2/train\GPAB4710_jpg.rf.890e10b24cc2fb0897115284e8c07d37.jpg,0.92681884765625,0.08695698096684802,0.06198209028600619,0.044100222191068954,0.013361230443057058,0.0,0.0,0.044100222191068954,0.06198209028600619,0.0,0.0,0.0,0.0,0.0,0.0,0.0,0.0,0.04285963938600753,0.0,0.0,0.0,0.0,0.0,0.0,0.04862085984294913,0.0,0.0,0.0,0.0,0.0,0.0,0.0,0.0,0.04285963938600753,0.0,0.0,0.0,GPAB4710,GPAB4710.JPG,2024-10-02 02:31:24.110,2024-10-02 14:31:24.110,7.1405381902,171.0433205233,789285.1467518043,504783.3508984349,-1.463653816761926,31.47706129882812,
data/versions/1.2/train\GPAB3116_jpg.rf.ed8a4389d5c8493ac5b2c1d64f48a03b.jpg,0.7394418716430664,0.4346898446967005,0.22785338846181175,0.008012897452196273,0.013600321092020133,0.15024590809317045,0.0,0.021449983964603063,0.05217937367852006,0.03702448326653518,0.013720346518206417,0.22025721928933426,0.16195366826508528,0.004699235486045364,0.0,0.0012713093141651127,0.0,0.0,0.0,0.0,0.0,0.15024590809317045,0.0,0.018071988370016303,0.03857905258649993,0.03702448326653518,0.013720346518206417,0.22025721928933426,0.16195366826508528,0.001365409248295159,0.0,0.0,0.0,0.0,0.0,0.0,0.0,GPAB3116,GPAB3116.JPG,2024-10-03 23:30:38.943,2024-10-04 11:30:38.943,7.181846042430001,171.12100138796,793853.156981673,513359.4965890599,-1.795487600526201,31.98351328027343,-0.6583509500000001
data/versions/1.2/train\GPAB3116_jpg.rf.ed8a4389d5c8493ac5b2c1d64f48a03b.jpg,0.7394418716430664,0.4346898446967005,0.22785338846181175,0.008012897452196273,0.013600321092020133,0.15024590809317045,0.0,0.021449983964603063,0.05217937367852006,0.03702448326653518,0.013720346518206417,0.22025721928933426,0.16195366826508528,0.004699235486045364,0.0,0.0012713093141651127,0.0,0.0,0.0,0.0,0.0,0.15024590809317045,0.0,0.018071988370016303,0.03857905258649993,0.03702448326653518,0.013720346518206417,0.22025721928933426,0.16195366826508528,0.001365409248295159,0.0,0.0,0.0,0.0,0.0,0.0,0.0,GPAB3116,GPAB3116.JPG,2024-10-02 01:38:12.922,2024-10-02 13:38:12.922,7.14556310122,171.0426810312,789840.6302072821,504712.6882084704,-2.558387482982486,31.100009765625,
data/versions/1.2/train\GPAB2600_jpg.rf.d6f4755eba0b68b63e5579bf81db4272.jpg,0.455474853515625,0.32600922179354475,0.5404552900486439,0.3174893369411376,0.127010905990325,0.0,0.0,0.0,0.24523691098722353,0.0,0.0,0.0,0.12125640695724982,0.3174893369411376,0.17396197210417055,0.0,0.0,0.008519884852407135,0.0,0.0,0.0,0.0,0.0,0.0,0.21261207974297275,0.0,0.0,0.0,0.026870332211175615,0.0,0.17396197210417055,0.0,0.0,0.008519884852407135,0.0,0.0,0.0,GPAB2600,GPAB2600.JPG,2024-10-02 01:20:59.890,2024-10-02 13:20:59.890,7.1465529483,171.0414343338,789950.0425130721,504575.0224319586,-1.174044649089302,31.48611328124999,
data/versions/1.2/train\GPAB5119_jpg.rf.3ff8a5d9983c3747cbff6744386f45e3.jpg,0.9781932830810547,0.27118256731506,0.2731874720340757,0.0031523477933565447,0.0,0.0,0.0,0.0036209270571877948,0.00832208295005214,0.0,0.0,0.0,0.0,0.2656018650991026,0.2648653890840236,0.0011618461254832224,0.0,0.0007979290332864113,0.0,0.0,0.0,0.0,0.0,0.003088974368330187,0.00832208295005214,0.0,0.0,0.0,0.0,0.26298146999460364,0.2648653890840236,0.0011618461254832224,0.0,0.0007979290332864113,0.0,0.0,0.0,GPAB5119,GPAB5119.JPG,2024-10-04 00:37:28.949,2024-10-04 12:37:28.949,7.16998132233,171.13473881025,792541.9630576564,514876.6029959925,-2.058070197102573,31.357412109375,-0.4416226166666667
data/versions/1.2/train\GPAB5119_jpg.rf.3ff8a5d9983c3747cbff6744386f45e3.jpg,0.9781932830810547,0.27118256731506,0.2731874720340757,0.0031523477933565447,0.0,0.0,0.0,0.0036209270571877948,0.00832208295005214,0.0,0.0,0.0,0.0,0.2656018650991026,0.2648653890840236,0.0011618461254832224,0.0,0.0007979290332864113,0.0,0.0,0.0,0.0,0.0,0.003088974368330187,0.00832208295005214,0.0,0.0,0.0,0.0,0.26298146999460364,0.2648653890840236,0.0011618461254832224,0.0,0.0007979290332864113,0.0,0.0,0.0,GPAB5119,GPAB5119.JPG,2024-10-02 02:45:02.928,2024-10-02 14:45:02.928,7.14113555428,171.04359294704,789351.1865323447,504813.425050804,-3.735254637866907,31.271611328125,
data/versions/1.2/train\GPAB6906_jpg.rf.73105f6b446d8109bac51ef296914ed4.jpg,0.7596578598022461,0.36019726418844566,0.14788764851946237,0.10247866908125818,0.0019520935314937117,0.1407706208483205,0.0,0.17326006341183317,0.013246006033918225,0.0,0.0,0.0,0.0,0.03287064331708029,0.12206969924508808,0.0,0.0,0.014452021516238,0.012571943240456058,0.0,0.0,0.09580525538530082,0.0,0.11574675979359468,0.011293912502424513,0.0,0.0,0.0,0.0,0.03287064331708029,0.12206969924508808,0.0,0.0,0.014452021516238,0.012571943240456058,0.0,0.0,GPAB6906,GPAB6906.JPG,2024-10-04 01:37:06.523,2024-10-04 13:37:06.523,7.16899891327,171.13589136209,792433.3975658395,515003.8894016694,-2.111131482425992,31.100009765625,-0.08013026666666684
data/versions/1.2/train\GPAB6906_jpg.rf.73105f6b446d8109bac51ef296914ed4.jpg,0.7596578598022461,0.36019726418844566,0.14788764851946237,0.10247866908125818,0.0019520935314937117,0.1407706208483205,0.0,0.17326006341183317,0.013246006033918225,0.0,0.0,0.0,0.0,0.03287064331708029,0.12206969924508808,0.0,0.0,0.014452021516238,0.012571943240456058,0.0,0.0,0.09580525538530082,0.0,0.11574675979359468,0.011293912502424513,0.0,0.0,0.0,0.0,0.03287064331708029,0.12206969924508808,0.0,0.0,0.014452021516238,0.012571943240456058,0.0,0.0,GPAB6906,GPAB6906.JPG,2024-10-02 03:44:40.502,2024-10-02 15:44:40.502,7.12729290794,171.05295228448,787821.0287891501,505847.0357731301,-2.227474345124052,31.53544015039062,
data/versions/1.2/train\GPAB3977_jpg.rf.ef9945bd2b90e82ff3e5d3de8eb1729b.jpg,0.019486427307128906,0.0,0.9872264140435509,0.0,0.004784693589489997,0.0,0.0,0.0,0.9872264140435509,0.0,0.0,0.0,0.0,0.0,0.0,0.0,0.0,0.0,0.0,0.0,0.0,0.0,0.0,0.0,0.982441720454061,0.0,0.0,0.0,0.0,0.0,0.0,0.0,0.0,0.0,0.0,0.0,0.0,GPAB3977,GPAB3977.JPG,2024-10-03 23:59:22.665,2024-10-04 11:59:22.665,7.17790640610321,171.1244416414752,793417.7411914418,513739.4461969092,,31.18724770996094,-0.6134890000000001
data/versions/1.2/train\GPAB3977_jpg.rf.ef9945bd2b90e82ff3e5d3de8eb1729b.jpg,0.019486427307128906,0.0,0.9872264140435509,0.0,0.004784693589489997,0.0,0.0,0.0,0.9872264140435509,0.0,0.0,0.0,0.0,0.0,0.0,0.0,0.0,0.0,0.0,0.0,0.0,0.0,0.0,0.0,0.982441720454061,0.0,0.0,0.0,0.0,0.0,0.0,0.0,0.0,0.0,0.0,0.0,0.0,GPAB3977,GPAB3977.JPG,2024-10-02 02:06:56.644,2024-10-02 14:06:56.644,7.14197219428,171.04268886176,789443.6654249397,504713.5896122632,-1.083623676002004,31.20573348828125,
data/versions/1.2/train\GPAB6705_jpg.rf.01585a7db7bb160584e50946bb0e8993.jpg,0.7293682098388672,0.27376455428317936,0.23579619106511523,0.02465034192843412,0.06413294592326438,0.002688569546572746,0.0,0.021291550402037167,0.18828724677035583,0.11729748829992145,0.04165554431050674,0.05048365445736025,0.0,0.002674166495430392,0.005853399984252664,0.014612375485622874,0.0,0.0,0.0,0.06472923224055784,0.0,0.0,0.0,0.006972036956308825,0.12415430084709145,0.11729748829992145,0.04165554431050674,0.05048365445736025,0.0,0.0019991434985587348,0.005853399984252664,0.014425135820772272,0.0,0.0,0.0,0.058222893937851794,0.0,GPAB6705,GPAB6705.JPG,2024-10-04 01:30:24.121,2024-10-04 13:30:24.121,7.16910373298,171.13538275395,792444.9685465923,514947.7299933162,-5.325390625,31.30970258496094,-0.1347838666666668
data/versions/1.2/train\GPAB6705_jpg.rf.01585a7db7bb160584e50946bb0e8993.jpg,0.7293682098388672,0.27376455428317936,0.23579619106511523,0.02465034192843412,0.06413294592326438,0.002688569546572746,0.0,0.021291550402037167,0.18828724677035583,0.11729748829992145,0.04165554431050674,0.05048365445736025,0.0,0.002674166495430392,0.005853399984252664,0.014612375485622874,0.0,0.0,0.0,0.06472923224055784,0.0,0.0,0.0,0.006972036956308825,0.12415430084709145,0.11729748829992145,0.04165554431050674,0.05048365445736025,0.0,0.0019991434985587348,0.005853399984252664,0.014425135820772272,0.0,0.0,0.0,0.058222893937851794,0.0,GPAB6705,GPAB6705.JPG,2024-10-02 03:37:58.100,2024-10-02 15:37:58.100,7.131284357,171.050330861,788262.2398789866,505557.5278086607,-2.988582138603073,31.38358134765625,
data/versions/1.2/train\GPAB6581_jpg.rf.0e33f8c4bc7b403d776dbb15f4bb9251.jpg,0.8214244842529297,0.3486037682222602,0.21408887258676879,0.23082521801418412,0.016007551039612232,0.0,0.0,0.3161287287098899,0.21408887258676879,0.0,0.0,0.0,0.0,0.0,0.0,0.0013068368403162526,0.0,0.031168202672054047,0.0,0.0,0.0,0.0,0.0,0.0862195447483595,0.19808132154715655,0.0,0.0,0.0,0.0,0.0,0.0,0.0013068368403162526,0.0,0.031168202672054047,0.0,0.0,0.0,GPAB6581,GPAB6581.JPG,2024-10-04 01:26:15.873,2024-10-04 13:26:15.873,7.16980528795,171.13823361642,792522.6175966216,515262.4734853891,-1.877229885425563,31.28393661035156,-0.1654127000000001
data/versions/1.2/train\GPAB6581_jpg.rf.0e33f8c4bc7b403d776dbb15f4bb9251.jpg,0.8214244842529297,0.3486037682222602,0.21408887258676879,0.23082521801418412,0.016007551039612232,0.0,0.0,0.3161287287098899,0.21408887258676879,0.0,0.0,0.0,0.0,0.0,0.0,0.0013068368403162526,0.0,0.031168202672054047,0.0,0.0,0.0,0.0,0.0,0.0862195447483595,0.19808132154715655,0.0,0.0,0.0,0.0,0.0,0.0,0.0013068368403162526,0.0,0.031168202672054047,0.0,0.0,0.0,GPAB6581,GPAB6581.JPG,2024-10-02 03:33:49.852,2024-10-02 15:33:49.852,7.13410350032,171.04939128972,788573.8770720621,505453.7470739558,-2.025257047958577,31.30529671484375,
data/versions/1.2/train\GPAB2486_jpg.rf.6a4bfeb54f86dcfb0a6f098d287346f4.jpg,0.9324312210083008,0.4029704852675991,0.35133554692226,0.0,0.0,0.0,0.0,0.0,0.009354301615254175,0.041366523084250165,0.0,0.0,0.0,0.3554106501921367,0.34198124530700585,0.0,0.0,0.006193311991212218,0.0,0.0,0.0,0.0,0.0,0.0,0.009354301615254175,0.041366523084250165,0.0,0.0,0.0,0.3554106501921367,0.34198124530700585,0.0,0.0,0.006193311991212218,0.0,0.0,0.0,GPAB2486,GPAB2486.JPG,2024-10-02 01:17:11.662,2024-10-02 13:17:11.662,7.14929859382,171.04139509552,790253.5657159493,504570.6626021677,-1.365275200210778,31.529013671875,
data/versions/1.2/train\GPAA1474_jpg.rf.ccc5520b66cef7faa79eed248936b5e9.jpg,0.9781723022460938,0.017714792701685925,0.004262342934727293,0.0,0.0,0.0,0.0,0.0,0.0,0.0,0.004262342934727293,0.0,0.0,0.0,0.0,0.0,0.0,0.017714792701685925,0.0,0.0,0.0,0.0,0.0,0.0,0.0,0.0,0.004262342934727293,0.0,0.0,0.0,0.0,0.0,0.0,0.017714792701685925,0.0,0.0,0.0,GPAA1474,GPAA1474.JPG,2024-10-02 00:31:06.722,2024-10-02 12:31:06.722,7.15223655448,171.04211149588,790578.3564373901,504649.7346471114,-0.8600135523483466,31.89247436132813,
data/versions/1.2/train\GPAB3162_jpg.rf.8427e11d3cb16eaac10a9b2e994311b9.jpg,0.0469512939453125,0.9987363723131109,0.039162856259470004,0.0,0.0,0.0,0.0,0.0,0.022314167033144303,0.9987363723131109,0.0,0.0,0.016848689226325705,0.0,0.0,0.0,0.0,0.0,0.0,0.0,0.0,0.0,0.0,0.0,0.022314167033144303,0.9987363723131109,0.0,0.0,0.016848689226325705,0.0,0.0,0.0,0.0,0.0,0.0,0.0,0.0,GPAB3162,GPAB3162.JPG,2024-10-03 23:32:11.000,2024-10-04 11:32:11.000,7.182380693,171.119915287,793912.2298185714,513239.5669385312,-2.989269193797393,32.198259765625,-0.6560833333333334
data/versions/1.2/train\GPAB3162_jpg.rf.8427e11d3cb16eaac10a9b2e994311b9.jpg,0.0469512939453125,0.9987363723131109,0.039162856259470004,0.0,0.0,0.0,0.0,0.0,0.022314167033144303,0.9987363723131109,0.0,0.0,0.016848689226325705,0.0,0.0,0.0,0.0,0.0,0.0,0.0,0.0,0.0,0.0,0.0,0.022314167033144303,0.9987363723131109,0.0,0.0,0.016848689226325705,0.0,0.0,0.0,0.0,0.0,0.0,0.0,0.0,GPAB3162,GPAB3162.JPG,2024-10-02 01:39:45.000,2024-10-02 13:39:45.000,7.146628581,171.042606034,789958.4153046383,504704.3963860797,-1.775958675954707,31.100009765625,
data/versions/1.2/train\GPAB4133_jpg.rf.4809f919c880e7840b1b91d1dd9f1c72.jpg,0.6375274658203125,0.3342391252162858,0.1989042158690897,0.291010767721034,0.0,0.0,0.0,0.02480589488077154,0.163952811763644,0.008189574879542482,0.0,0.0,0.0,0.30124557586279077,0.0349514041054457,0.0,0.0,0.0,0.0,0.0,0.0,0.0,0.0,0.0,0.163952811763644,0.008189574879542482,0.0,0.0,0.0,0.035038782615709314,0.0349514041054457,0.0,0.0,0.0,0.0,0.0,0.0,GPAB4133,GPAB4133.JPG,2024-10-04 00:04:34.977,2024-10-04 12:04:34.977,7.17517781326,171.12768776972,793116.2002302043,514097.9317123092,,31.17732913964844,-0.5930852500000001
data/versions/1.2/train\GPAB4133_jpg.rf.4809f919c880e7840b1b91d1dd9f1c72.jpg,0.6375274658203125,0.3342391252162858,0.1989042158690897,0.291010767721034,0.0,0.0,0.0,0.02480589488077154,0.163952811763644,0.008189574879542482,0.0,0.0,0.0,0.30124557586279077,0.0349514041054457,0.0,0.0,0.0,0.0,0.0,0.0,0.0,0.0,0.0,0.163952811763644,0.008189574879542482,0.0,0.0,0.0,0.035038782615709314,0.0349514041054457,0.0,0.0,0.0,0.0,0.0,0.0,GPAB4133,GPAB4133.JPG,2024-10-02 02:12:08.956,2024-10-02 14:12:08.956,7.143304693999999,171.04263097568,789590.9689964537,504707.184357543,-2.979654054352067,31.185810546875,
data/versions/1.2/train\GPAB4592_jpg.rf.974ab00ec7fa04dcc551ce9db859dc81.jpg,0.9656896591186523,0.28695486851934715,0.26469831369077224,0.28695486851934715,0.0032349252865727074,0.28695486851934715,0.0,0.0,0.0049421669486464015,0.0,0.0,0.0,0.2597561467421258,0.0,0.0,0.0,0.0,5.089078070298412e-05,0.0,0.0,0.0,0.0,0.0,0.0,0.0017072416620736938,0.0,0.0,0.0,0.2597561467421258,0.0,0.0,0.0,0.0,5.089078070298412e-05,0.0,0.0,0.0,GPAB4592,GPAB4592.JPG,2024-10-04 00:19:53.895,2024-10-04 12:19:53.895,7.171011109,171.13639280465,792655.857481293,515059.1881420231,-1.899502475093374,31.78257643066406,-0.5244070000000002
data/versions/1.2/train\GPAB4592_jpg.rf.974ab00ec7fa04dcc551ce9db859dc81.jpg,0.9656896591186523,0.28695486851934715,0.26469831369077224,0.28695486851934715,0.0032349252865727074,0.28695486851934715,0.0,0.0,0.0049421669486464015,0.0,0.0,0.0,0.2597561467421258,0.0,0.0,0.0,0.0,5.089078070298412e-05,0.0,0.0,0.0,0.0,0.0,0.0,0.0017072416620736938,0.0,0.0,0.0,0.2597561467421258,0.0,0.0,0.0,0.0,5.089078070298412e-05,0.0,0.0,0.0,GPAB4592,GPAB4592.JPG,2024-10-02 02:27:27.874,2024-10-02 14:27:27.874,7.13810253402,171.0446693728,789015.9059364315,504932.3138247945,-1.485969709652606,31.46091359179687,
data/versions/1.2/train\GPAB2865_jpg.rf.bc51b557fce1c755711f160a6fb06174.jpg,0.7812585830688477,0.21224528204054746,0.0254117832321599,0.01463349996063166,0.013149025489559709,0.006731025900526768,0.0,0.1505771782694446,0.02206643455349581,0.0016064203040772158,0.003345348678664088,0.013748192417081634,0.0,0.024209608563478088,0.0,0.000818093304885707,0.0,0.01463349996063166,0.0,0.0,0.0,0.006731025900526768,0.0,0.1505771782694446,0.008917409063936104,0.0016064203040772158,0.003345348678664088,0.013748192417081634,0.0,0.024209608563478088,0.0,0.000818093304885707,0.0,0.0,0.0,0.0,0.0,GPAB2865,GPAB2865.JPG,2024-10-03 23:22:16.441,2024-10-04 11:22:16.441,,,,,,31.271611328125,-0.6602740166666667
data/versions/1.2/train\GPAB2865_jpg.rf.bc51b557fce1c755711f160a6fb06174.jpg,0.7812585830688477,0.21224528204054746,0.0254117832321599,0.01463349996063166,0.013149025489559709,0.006731025900526768,0.0,0.1505771782694446,0.02206643455349581,0.0016064203040772158,0.003345348678664088,0.013748192417081634,0.0,0.024209608563478088,0.0,0.000818093304885707,0.0,0.01463349996063166,0.0,0.0,0.0,0.006731025900526768,0.0,0.1505771782694446,0.008917409063936104,0.0016064203040772158,0.003345348678664088,0.013748192417081634,0.0,0.024209608563478088,0.0,0.000818093304885707,0.0,0.0,0.0,0.0,0.0,GPAB2865,GPAB2865.JPG,2024-10-02 01:29:50.420,2024-10-02 13:29:50.420,7.1486473824,171.0417276084,790181.5793879529,504607.3837286823,-1.102081464824868,31.271611328125,
data/versions/1.2/train\GPAB4801_jpg.rf.9739c11121861706595f5b3390fbd58c.jpg,0.8459053039550781,0.14744595495109683,0.08395154429514348,0.06680135119823784,0.009427277074375436,0.0,0.0,0.1089475594509941,0.07069017500667342,0.0,0.002876769414832838,0.0,0.0,0.033069405422844776,0.010384599873637232,0.0,0.0,0.005432830890895928,0.0,0.0,0.0,0.0,0.0,0.05981971220783411,0.06126289793229798,0.0,0.002876769414832838,0.0,0.0,0.015438150417784503,0.010384599873637232,0.0,0.0,0.005432830890895928,0.0,0.0,0.0,GPAB4801,GPAB4801.JPG,2024-10-04 00:26:52.313,2024-10-04 12:26:52.313,7.17044376207,171.13499876082,792593.0931116093,514905.2893312025,-1.926346110092773,31.65476758691405,-0.4955124666666668
data/versions/1.2/train\GPAB4801_jpg.rf.9739c11121861706595f5b3390fbd58c.jpg,0.8459053039550781,0.14744595495109683,0.08395154429514348,0.06680135119823784,0.009427277074375436,0.0,0.0,0.1089475594509941,0.07069017500667342,0.0,0.002876769414832838,0.0,0.0,0.033069405422844776,0.010384599873637232,0.0,0.0,0.005432830890895928,0.0,0.0,0.0,0.0,0.0,0.05981971220783411,0.06126289793229798,0.0,0.002876769414832838,0.0,0.0,0.015438150417784503,0.010384599873637232,0.0,0.0,0.005432830890895928,0.0,0.0,0.0,GPAB4801,GPAB4801.JPG,2024-10-02 02:34:26.292,2024-10-02 14:34:26.292,7.139904078120001,171.04407988668,789215.0553684038,504867.2047468642,-1.589182680645794,31.42480004296874,
data/versions/1.2/train\GPAB3413_jpg.rf.d71936d8b4efe613f0112d09b364d35d.jpg,0.9513711929321289,0.9469516422358912,0.9956080296049915,0.0,0.0,0.0,0.0,0.0,0.0,0.9469516422358912,0.0,0.0,0.9956080296049915,0.0,0.0,0.0,0.0,0.0,0.0,0.0,0.0,0.0,0.0,0.0,0.0,0.9469516422358912,0.0,0.0,0.9956080296049915,0.0,0.0,0.0,0.0,0.0,0.0,0.0,0.0,GPAB3413,GPAB3413.JPG,2024-10-03 23:40:33.537,2024-10-04 11:40:33.537,7.18249931603,171.11918360712,793925.3222392641,513158.7803462891,-1.773536457409007,32.46821476367187,-0.6318821000000001
data/versions/1.2/train\GPAB3413_jpg.rf.d71936d8b4efe613f0112d09b364d35d.jpg,0.9513711929321289,0.9469516422358912,0.9956080296049915,0.0,0.0,0.0,0.0,0.0,0.0,0.9469516422358912,0.0,0.0,0.9956080296049915,0.0,0.0,0.0,0.0,0.0,0.0,0.0,0.0,0.0,0.0,0.0,0.0,0.9469516422358912,0.0,0.0,0.9956080296049915,0.0,0.0,0.0,0.0,0.0,0.0,0.0,0.0,GPAB3413,GPAB3413.JPG,2024-10-02 01:48:07.516,2024-10-02 13:48:07.516,7.145817657279999,171.04306661576,789868.7746432846,504755.2604657591,-14.43877856821531,31.100009765625,
data/versions/1.2/train\GPAA1739_jpg.rf.7dde1052b311bb2e438935666aa80d23.jpg,0.8600635528564453,0.20904972509376385,0.07297353871444126,0.0,0.006618682101616406,0.0,0.0,0.15762699170192213,0.07297353871444126,0.0,0.0,0.0,0.0,0.0,0.0,0.03593273198994475,0.0,0.015490001401896977,0.0,0.0,0.0,0.0,0.0,0.15762699170192213,0.06635485661282486,0.0,0.0,0.0,0.0,0.0,0.0,0.03593273198994475,0.0,0.015490001401896977,0.0,0.0,0.0,GPAA1739,GPAA1739.JPG,2024-10-02 00:39:57.252,2024-10-02 12:39:57.252,7.15168474508,171.04238821304,790517.3582132582,504680.2939558755,-1.035734872231176,31.185810546875,
data/versions/1.2/train\GPAB3258_jpg.rf.c7ef61abe1c7481746e6bde8d974d808.jpg,0.5654783248901367,0.8583642358797288,0.5489127616794341,0.0,0.048423057940594136,0.0,0.0,0.0,0.3673066102323116,0.8583642358797288,0.0710761767772885,0.0,0.11052997466983405,0.0,0.0,0.0,0.0,0.0,0.0,0.0,0.0,0.0,0.0,0.0,0.3188835522917175,0.8583642358797288,0.0710761767772885,0.0,0.11052997466983405,0.0,0.0,0.0,0.0,0.0,0.0,0.0,0.0,GPAB3258,GPAB3258.JPG,2024-10-03 23:35:23.227,2024-10-04 11:35:23.227,7.18243231212,171.11917461084,793917.9148573641,513157.7890131845,-1.966860605781371,32.51474881738281,-0.6444515333333335
data/versions/1.2/train\GPAB3258_jpg.rf.c7ef61abe1c7481746e6bde8d974d808.jpg,0.5654783248901367,0.8583642358797288,0.5489127616794341,0.0,0.048423057940594136,0.0,0.0,0.0,0.3673066102323116,0.8583642358797288,0.0710761767772885,0.0,0.11052997466983405,0.0,0.0,0.0,0.0,0.0,0.0,0.0,0.0,0.0,0.0,0.0,0.3188835522917175,0.8583642358797288,0.0710761767772885,0.0,0.11052997466983405,0.0,0.0,0.0,0.0,0.0,0.0,0.0,0.0,GPAB3258,GPAB3258.JPG,2024-10-02 01:42:57.206,2024-10-02 13:42:57.206,7.1486473066,171.04245625322,790181.5783637122,504687.8375826848,-3.718711514119622,31.07944331835937,
data/versions/1.2/train\GPAB4102_jpg.rf.f6eb7ddcb156cec380829d721e732203.jpg,0.842402458190918,0.36485713133470193,0.2524624416436378,0.07024176001444146,0.01484954572776697,0.18646958171619077,0.0,0.08283674813672529,0.21431067957436103,0.0,0.0,0.0,0.0,0.014611415282213384,0.03815176206927676,0.0013894143335324155,0.0,0.0,0.0,0.08039303045957255,0.0,0.18646958171619077,0.0,0.03260658737947047,0.19946113384659406,0.0,0.0,0.0,0.0,0.006788638105096184,0.03815176206927676,0.0013894143335324155,0.0,0.0,0.0,0.0682253328545119,0.0,GPAB4102,GPAB4102.JPG,2024-10-04 00:03:32.915,2024-10-04 12:03:32.915,7.175723483850001,171.12702762095,793176.5025846126,514025.0282522754,-2.581609665441308,31.185810546875,-0.5973542500000001
data/versions/1.2/train\GPAB4102_jpg.rf.f6eb7ddcb156cec380829d721e732203.jpg,0.842402458190918,0.36485713133470193,0.2524624416436378,0.07024176001444146,0.01484954572776697,0.18646958171619077,0.0,0.08283674813672529,0.21431067957436103,0.0,0.0,0.0,0.0,0.014611415282213384,0.03815176206927676,0.0013894143335324155,0.0,0.0,0.0,0.08039303045957255,0.0,0.18646958171619077,0.0,0.03260658737947047,0.19946113384659406,0.0,0.0,0.0,0.0,0.006788638105096184,0.03815176206927676,0.0013894143335324155,0.0,0.0,0.0,0.0682253328545119,0.0,GPAB4102,GPAB4102.JPG,2024-10-02 02:11:06.894,2024-10-02 14:11:06.894,7.14294828572,171.04264818538,789551.5692206477,504709.0882481147,-2.862835215049259,31.20680599804687,
data/versions/1.2/train\GPAB5608_jpg.rf.f2ce03cc7b041b03a6b3ab2542f2ad3e.jpg,0.5692415237426758,0.44016300413079507,0.05262010704347609,0.05625159633816828,0.02303623999708098,0.0,0.0,0.0023553789634796233,0.028632305467590255,0.0,0.0,0.19791520635731474,0.02183886634544662,0.23473036528058103,0.002148935230439216,0.0013270011119155482,0.0,0.0038398534345515756,0.0,0.0,0.0,0.0,0.0,0.0023553789634796233,0.005596065470509273,0.0,0.0,0.19791520635731474,0.02183886634544662,0.1784845301628697,0.002148935230439216,0.0013270011119155482,0.0,0.0038398534345515756,0.0,0.0,0.0,GPAB5608,GPAB5608.JPG,2024-10-04 00:53:47.927,2024-10-04 12:53:47.927,7.171953008900001,171.13652179876,792759.986537966,515073.3994901851,-1.748261519171789,32.57976006933593,-0.3704085166666667
data/versions/1.2/train\GPAB5608_jpg.rf.f2ce03cc7b041b03a6b3ab2542f2ad3e.jpg,0.5692415237426758,0.44016300413079507,0.05262010704347609,0.05625159633816828,0.02303623999708098,0.0,0.0,0.0023553789634796233,0.028632305467590255,0.0,0.0,0.19791520635731474,0.02183886634544662,0.23473036528058103,0.002148935230439216,0.0013270011119155482,0.0,0.0038398534345515756,0.0,0.0,0.0,0.0,0.0,0.0023553789634796233,0.005596065470509273,0.0,0.0,0.19791520635731474,0.02183886634544662,0.1784845301628697,0.002148935230439216,0.0013270011119155482,0.0,0.0038398534345515756,0.0,0.0,0.0,GPAB5608,GPAB5608.JPG,2024-10-02 03:01:21.906,2024-10-02 15:01:21.906,7.136125795,171.04816777012,788797.421822108,505318.6236334402,-3.238253832564889,31.57151079882812,
data/versions/1.2/train\GPAB3508_jpg.rf.0a5769a5c8f0e7a4b1040709b803e776.jpg,0.8833513259887695,0.8786446920915727,0.9947361649091744,0.0,0.0,0.0,0.0,0.0,0.0,0.8786446920915727,0.0,0.0,0.9947361649091744,0.0,0.0,0.0,0.0,0.0,0.0,0.0,0.0,0.0,0.0,0.0,0.0,0.8786446920915727,0.0,0.0,0.9947361649091744,0.0,0.0,0.0,0.0,0.0,0.0,0.0,0.0,GPAB3508,GPAB3508.JPG,2024-10-03 23:43:43.727,2024-10-04 11:43:43.727,7.18240594982,171.11916362023,793915.0002519795,513156.5763218478,-10.78531750904838,32.08671875,-0.6255424333333335
data/versions/1.2/train\GPAB3508_jpg.rf.0a5769a5c8f0e7a4b1040709b803e776.jpg,0.8833513259887695,0.8786446920915727,0.9947361649091744,0.0,0.0,0.0,0.0,0.0,0.0,0.8786446920915727,0.0,0.0,0.9947361649091744,0.0,0.0,0.0,0.0,0.0,0.0,0.0,0.0,0.0,0.0,0.0,0.0,0.8786446920915727,0.0,0.0,0.9947361649091744,0.0,0.0,0.0,0.0,0.0,0.0,0.0,0.0,GPAB3508,GPAB3508.JPG,2024-10-02 01:51:17.706,2024-10-02 13:51:17.706,7.14458116446,171.04195313134,789732.072416535,504632.3259576219,-1.488919911858708,31.11843119335937,
data/versions/1.2/train\GPAB2454_jpg.rf.a84673d4ed4e460878b0b959cbffc14b.jpg,0.7278823852539062,0.4677534888990884,0.2401295890521448,0.0,0.006679174916414293,0.0,0.0,0.0,0.011007771886396414,0.14952575553605277,0.02905095415412801,0.0,0.07752298246860614,0.30542918211793985,0.12254788054301423,0.0,0.0,0.012847521618979764,0.0,0.0,0.0,0.0,0.0,0.0,0.004328596969982121,0.14952575553605277,0.02905095415412801,0.0,0.07752298246860614,0.30542918211793985,0.12254788054301423,0.0,0.0,0.012847521618979764,0.0,0.0,0.0,GPAB2454,GPAB2454.JPG,2024-10-02 01:16:07.598,2024-10-02 13:16:07.598,7.1500713843,171.0414947669,790338.9965843585,504581.6601746925,-1.519709114081421,31.48098239453125,
data/versions/1.2/train\GPAB5747_jpg.rf.cc3dec492a41801f2dddc41be791f22e.jpg,0.4569416046142578,0.5810411677609785,0.1365284421851925,0.03560338222048959,0.012682366632547439,0.0,0.0,0.0,0.05958638277932797,0.09631896420937812,0.07694205940586454,0.0,0.0,0.4847260443652383,0.0,0.0,0.0,0.0,0.0,0.0,0.0,0.0,0.0,0.0,0.04690401614678053,0.09631896420937812,0.07694205940586454,0.0,0.0,0.4491274631617962,0.0,0.0,0.0,0.0,0.0,0.0,0.0,GPAB5747,GPAB5747.JPG,2024-10-04 00:58:26.205,2024-10-04 12:58:26.205,7.170293322799999,171.1372344512,792576.5356022543,515152.1385958839,-3.967161159360116,31.75726520019531,-0.3463795000000001
data/versions/1.2/train\GPAB5747_jpg.rf.cc3dec492a41801f2dddc41be791f22e.jpg,0.4569416046142578,0.5810411677609785,0.1365284421851925,0.03560338222048959,0.012682366632547439,0.0,0.0,0.0,0.05958638277932797,0.09631896420937812,0.07694205940586454,0.0,0.0,0.4847260443652383,0.0,0.0,0.0,0.0,0.0,0.0,0.0,0.0,0.0,0.0,0.04690401614678053,0.09631896420937812,0.07694205940586454,0.0,0.0,0.4491274631617962,0.0,0.0,0.0,0.0,0.0,0.0,0.0,GPAB5747,GPAB5747.JPG,2024-10-02 03:06:00.184,2024-10-02 15:06:00.184,7.137551456400001,171.04552685296,788954.9950987383,505027.0013147346,-4.32912115996203,31.91511718749999,
data/versions/1.2/train\GPAB3587_jpg.rf.25c7a80ed8216118dd3cb579f5aa563d.jpg,0.6391401290893555,0.4908089329643592,0.15556255437151806,0.46920915726787565,0.0076825874793316215,0.0,0.0,0.4590636480432015,0.15223833016786276,0.0,0.0,0.0,0.0,0.005829394899015407,0.0,0.0,0.0,0.026223155113179176,0.0033242242036553024,0.0,0.0,0.0,0.0,0.0,0.14455574268853114,0.0,0.0,0.0,0.0,0.005829394899015407,0.0,0.0,0.0,0.01599698880210784,0.0033242242036553024,0.0,0.0,GPAB3587,GPAB3587.JPG,2024-10-03 23:46:21.885,2024-10-04 11:46:21.885,7.18181851335,171.11956317425,793850.0720317789,513200.7071505944,-1.715497987587537,32.00091796875,-0.6220942500000001
data/versions/1.2/train\GPAB3587_jpg.rf.25c7a80ed8216118dd3cb579f5aa563d.jpg,0.6391401290893555,0.4908089329643592,0.15556255437151806,0.46920915726787565,0.0076825874793316215,0.0,0.0,0.4590636480432015,0.15223833016786276,0.0,0.0,0.0,0.0,0.005829394899015407,0.0,0.0,0.0,0.026223155113179176,0.0033242242036553024,0.0,0.0,0.0,0.0,0.0,0.14455574268853114,0.0,0.0,0.0,0.0,0.005829394899015407,0.0,0.0,0.0,0.01599698880210784,0.0033242242036553024,0.0,0.0,GPAB3587,GPAB3587.JPG,2024-10-02 01:53:55.864,2024-10-02 13:53:55.864,7.14296382724,171.04192541644,789553.2799687756,504629.282039342,-1.221557293926242,31.31451171875,
data/versions/1.2/train\GPAB4960_jpg.rf.2aa3b55ca4b6927eee582e51d120ae10.jpg,0.5610790252685547,0.7098428531100028,0.2722493533030037,0.0018176650541650743,0.0,0.0,0.0,0.0009102728321967726,0.1819364614199872,0.0072024857745864885,0.0,0.0,0.0,0.7017300945032195,0.0903128918830165,0.0,0.0,0.0,0.0,0.0,0.0,0.0,0.0,0.0009102728321967726,0.1819364614199872,0.0072024857745864885,0.0,0.0,0.0,0.6999124294490545,0.0903128918830165,0.0,0.0,0.0,0.0,0.0,0.0,GPAB4960,GPAB4960.JPG,2024-10-04 00:32:10.631,2024-10-04 12:32:10.631,7.170321625310001,171.13532038939,792579.6016372155,514940.8045677285,-1.689461904180993,31.48611328124999,-0.4667597166666667
data/versions/1.2/train\GPAB4960_jpg.rf.2aa3b55ca4b6927eee582e51d120ae10.jpg,0.5610790252685547,0.7098428531100028,0.2722493533030037,0.0018176650541650743,0.0,0.0,0.0,0.0009102728321967726,0.1819364614199872,0.0072024857745864885,0.0,0.0,0.0,0.7017300945032195,0.0903128918830165,0.0,0.0,0.0,0.0,0.0,0.0,0.0,0.0,0.0009102728321967726,0.1819364614199872,0.0072024857745864885,0.0,0.0,0.0,0.6999124294490545,0.0903128918830165,0.0,0.0,0.0,0.0,0.0,0.0,GPAB4960,GPAB4960.JPG,2024-10-02 02:39:44.610,2024-10-02 14:39:44.610,7.138264550300001,171.045109955,789033.8211219404,504980.9603963367,-2.817448381085379,31.34621510742188,
data/versions/1.2/train\GPAB4749_jpg.rf.ce0c40f7ef7fb2bdea2b18d81ae19ca0.jpg,0.6751937866210938,0.3322428623279556,0.08972620759981795,0.05201229828526875,0.0199271013571515,0.1265749736424164,0.0,0.1951066113845557,0.07467405895264853,0.0,0.006058883513883581,0.0,0.0,0.011131638126220658,0.008993265133285836,0.0,0.0,0.0,0.0,0.0,0.0,0.1265749736424164,0.0,0.152511027936158,0.05474695759549703,0.0,0.006058883513883581,0.0,0.0,0.001993382278101793,0.008993265133285836,0.0,0.0,0.0,0.0,0.0,0.0,GPAB4749,GPAB4749.JPG,2024-10-04 00:25:08.209,2024-10-04 12:25:08.209,7.17011525422,171.13355965844,792556.7308649283,514746.4075098734,-1.701708071819374,31.59246763964843,-0.5041791000000001
data/versions/1.2/train\GPAB4749_jpg.rf.ce0c40f7ef7fb2bdea2b18d81ae19ca0.jpg,0.6751937866210938,0.3322428623279556,0.08972620759981795,0.05201229828526875,0.0199271013571515,0.1265749736424164,0.0,0.1951066113845557,0.07467405895264853,0.0,0.006058883513883581,0.0,0.0,0.011131638126220658,0.008993265133285836,0.0,0.0,0.0,0.0,0.0,0.0,0.1265749736424164,0.0,0.152511027936158,0.05474695759549703,0.0,0.006058883513883581,0.0,0.0,0.001993382278101793,0.008993265133285836,0.0,0.0,0.0,0.0,0.0,0.0,GPAB4749,GPAB4749.JPG,2024-10-02 02:32:42.188,2024-10-02 14:32:42.188,7.14095334324,171.04343647664,789331.041975202,504796.1498725463,-1.700305292442585,31.44240636328125,
data/versions/1.2/train\GPAB3159_jpg.rf.ed9a35831ae623a1f7ac0a397fdfcda7.jpg,0.6455211639404297,0.34574908348584565,0.01762645398801282,0.001629465185904982,0.002094203636098271,0.0,0.0,0.009303410834551192,0.01762645398801282,0.0,0.0,0.3344455689493262,0.0,0.0014172602324076333,0.0,0.0,0.0,0.0,0.0,0.0006260526229876537,0.0,0.0,0.0,0.007673945648646209,0.015532250351914549,0.0,0.0,0.3344455689493262,0.0,0.0014172602324076333,0.0,0.0,0.0,0.0,0.0,0.0006260526229876537,0.0,GPAB3159,GPAB3159.JPG,2024-10-03 23:32:05.000,2024-10-04 11:32:05.000,7.182346786,171.119978339,793908.4833020279,513246.5293539517,-3.242488910499598,32.146779296875,-0.6565833333333333
data/versions/1.2/train\GPAB3159_jpg.rf.ed9a35831ae623a1f7ac0a397fdfcda7.jpg,0.6455211639404297,0.34574908348584565,0.01762645398801282,0.001629465185904982,0.002094203636098271,0.0,0.0,0.009303410834551192,0.01762645398801282,0.0,0.0,0.3344455689493262,0.0,0.0014172602324076333,0.0,0.0,0.0,0.0,0.0,0.0006260526229876537,0.0,0.0,0.0,0.007673945648646209,0.015532250351914549,0.0,0.0,0.3344455689493262,0.0,0.0014172602324076333,0.0,0.0,0.0,0.0,0.0,0.0006260526229876537,0.0,GPAB3159,GPAB3159.JPG,2024-10-02 01:39:39.000,2024-10-02 13:39:39.000,7.146556384,171.042611944,789950.434184734,504705.0496843988,-1.947294132552317,31.1128798828125,
data/versions/1.2/train\GPAB5033_jpg.rf.a42128c7f23b888e301bb1cfac56c0ea.jpg,0.5682621002197266,0.42449248448791393,0.08150014499071483,0.09657533851971202,0.011293912502424513,0.0036055638026359503,0.0,0.2241969338784728,0.07021679472579472,0.0,0.009416714836871043,0.0,0.0,0.04630196860903014,0.001866635428049078,0.0,0.0,0.0,0.0,0.15048403853872405,0.0,0.0,0.0,0.16220044054132426,0.0589228822233702,0.0,0.009416714836871043,0.0,0.0,0.015487120791668507,0.001866635428049078,0.0,0.0,0.0,0.0,0.15048403853872405,0.0,GPAB5033,GPAB5033.JPG,2024-10-04 00:34:36.777,2024-10-04 12:34:36.777,7.16991286553,171.13341680482,792534.352688034,514730.6414248953,-1.87952561448491,31.49660671679688,-0.4573223000000001
data/versions/1.2/train\GPAB5033_jpg.rf.a42128c7f23b888e301bb1cfac56c0ea.jpg,0.5682621002197266,0.42449248448791393,0.08150014499071483,0.09657533851971202,0.011293912502424513,0.0036055638026359503,0.0,0.2241969338784728,0.07021679472579472,0.0,0.009416714836871043,0.0,0.0,0.04630196860903014,0.001866635428049078,0.0,0.0,0.0,0.0,0.15048403853872405,0.0,0.0,0.0,0.16220044054132426,0.0589228822233702,0.0,0.009416714836871043,0.0,0.0,0.015487120791668507,0.001866635428049078,0.0,0.0,0.0,0.0,0.15048403853872405,0.0,GPAB5033,GPAB5033.JPG,2024-10-02 02:42:10.756,2024-10-02 14:42:10.756,7.1398391438,171.04440314308,789207.8804850136,504902.8987104342,-3.48303935381995,31.27694813671875,
data/versions/1.2/train\GPAB6657_jpg.rf.8e09ed048fbf8afdda873ac2b2f11aff.jpg,0.612696647644043,0.4307578117348379,0.11146425258726808,0.10742563704695203,0.0055384532659398565,0.019953987052617226,0.0,0.14422063169861904,0.0739471849716644,0.0,0.0,0.0,0.0317059165813686,0.01678915661493731,0.0014940765051668545,0.0,0.0,0.00706421648361989,0.004317074529068238,0.2427941535134803,0.0,0.019953987052617226,0.0,0.04373918570910062,0.06840873170572453,0.0,0.0,0.0,0.0317059165813686,0.009814239048400014,0.0014940765051668545,0.0,0.0,0.00706421648361989,0.004317074529068238,0.2427941535134803,0.0,GPAB6657,GPAB6657.JPG,2024-10-04 01:28:48.000,2024-10-04 13:28:48.000,7.169360176,171.136669234,792473.3598024391,515089.7632194224,-1.722593913853632,31.271611328125,-0.1480000000000001
data/versions/1.2/train\GPAB6657_jpg.rf.8e09ed048fbf8afdda873ac2b2f11aff.jpg,0.612696647644043,0.4307578117348379,0.11146425258726808,0.10742563704695203,0.0055384532659398565,0.019953987052617226,0.0,0.14422063169861904,0.0739471849716644,0.0,0.0,0.0,0.0317059165813686,0.01678915661493731,0.0014940765051668545,0.0,0.0,0.00706421648361989,0.004317074529068238,0.2427941535134803,0.0,0.019953987052617226,0.0,0.04373918570910062,0.06840873170572453,0.0,0.0,0.0,0.0317059165813686,0.009814239048400014,0.0014940765051668545,0.0,0.0,0.00706421648361989,0.004317074529068238,0.2427941535134803,0.0,GPAB6657,GPAB6657.JPG,2024-10-02 03:36:22.000,2024-10-02 15:36:22.000,7.132369049,171.04993141,788382.144748354,505513.4074912014,-1.882949508732404,31.357412109375,
data/versions/1.2/train\GPAB3914_jpg.rf.74fd61717ed677d58a88d7e31e2f3389.jpg,0.8036632537841797,0.1026543863051949,0.13908834447489357,0.0022209504861509864,0.005270556514692072,0.0,0.0,0.07155627848203364,0.09451282159612692,0.0,0.02562206777883827,0.0,0.01895345509992837,0.0,0.0,0.0,0.0,0.031098107823161258,0.0,0.0,0.0,0.0,0.0,0.06933532799588264,0.08924226508143485,0.0,0.02562206777883827,0.0,0.01895345509992837,0.0,0.0,0.0,0.0,0.031098107823161258,0.0,0.0,0.0,GPAB3914,GPAB3914.JPG,2024-10-03 23:57:16.539,2024-10-04 11:57:16.539,7.17910445869687,171.1230755766957,793550.1423575492,513588.5849125929,,31.185810546875,-0.6160000000000001
data/versions/1.2/train\GPAB3914_jpg.rf.74fd61717ed677d58a88d7e31e2f3389.jpg,0.8036632537841797,0.1026543863051949,0.13908834447489357,0.0022209504861509864,0.005270556514692072,0.0,0.0,0.07155627848203364,0.09451282159612692,0.0,0.02562206777883827,0.0,0.01895345509992837,0.0,0.0,0.0,0.0,0.031098107823161258,0.0,0.0,0.0,0.0,0.0,0.06933532799588264,0.08924226508143485,0.0,0.02562206777883827,0.0,0.01895345509992837,0.0,0.0,0.0,0.0,0.031098107823161258,0.0,0.0,0.0,GPAB3914,GPAB3914.JPG,2024-10-02 02:04:50.518,2024-10-02 14:04:50.518,7.14311032632,171.04240190632,789569.4798519465,504681.893179288,-1.631014049491657,31.271611328125,
data/versions/1.2/train\GPAB6079_jpg.rf.8f4f4a647d3970c6eaabe444db73adbf.jpg,0.7191371917724609,0.262306446997732,0.034073778189171594,0.013415962037398003,0.01344380793627322,0.0,0.0,0.0,0.01671714135922554,0.013446688546501691,0.0,0.0,0.017356636829946055,0.24886359926486826,0.0,0.0,0.0,0.0,0.0,0.0,0.0,0.0,0.0,0.0,0.0032733334229523184,0.011112434058030854,0.0,0.0,0.017356636829946055,0.2377818917159411,0.0,0.0,0.0,0.0,0.0,0.0,0.0,GPAB6079,GPAB6079.JPG,2024-10-04 01:09:30.869,2024-10-04 13:09:30.869,7.170111488769999,171.13695178018,792556.42495685,515120.9346570562,-5.265982941269099,31.4769712080078,-0.2603986166666668
data/versions/1.2/train\GPAB6079_jpg.rf.8f4f4a647d3970c6eaabe444db73adbf.jpg,0.7191371917724609,0.262306446997732,0.034073778189171594,0.013415962037398003,0.01344380793627322,0.0,0.0,0.0,0.01671714135922554,0.013446688546501691,0.0,0.0,0.017356636829946055,0.24886359926486826,0.0,0.0,0.0,0.0,0.0,0.0,0.0,0.0,0.0,0.0,0.0032733334229523184,0.011112434058030854,0.0,0.0,0.017356636829946055,0.2377818917159411,0.0,0.0,0.0,0.0,0.0,0.0,0.0,GPAB6079,GPAB6079.JPG,2024-10-02 03:17:04.848,2024-10-02 15:17:04.848,7.13338514048,171.05049803,788494.4776277402,505575.9611811315,-5.439011795885115,31.31451171875,
data/versions/1.2/train\GPAB7023_jpg.rf.3d860cb9b2b20806f8f8e342858c372c.jpg,0.75018310546875,0.3526318215250719,0.24331842457506198,0.13526193388807484,0.005790986762635797,0.06954561254256102,0.0,0.2505871643849033,0.23271681873087996,0.0,0.0,0.0,0.0,0.0,0.0,0.0,0.0,0.021547924712371068,0.010601605844182032,0.010951119885236489,0.0,0.06954561254256102,0.0,0.1271299712131018,0.22692583196824415,0.0,0.0,0.0,0.0,0.0,0.0,0.0,0.0,0.021547924712371068,0.010601605844182032,0.0,0.0,GPAB7023,GPAB7023.JPG,2024-10-04 01:41:00.757,2024-10-04 13:41:00.757,7.169319976130001,171.13788957333,792468.9560916687,515224.5034820478,-1.830616860614621,31.17618798925781,-0.04991168333333337
data/versions/1.2/train\GPAB7023_jpg.rf.3d860cb9b2b20806f8f8e342858c372c.jpg,0.75018310546875,0.3526318215250719,0.24331842457506198,0.13526193388807484,0.005790986762635797,0.06954561254256102,0.0,0.2505871643849033,0.23271681873087996,0.0,0.0,0.0,0.0,0.0,0.0,0.0,0.0,0.021547924712371068,0.010601605844182032,0.010951119885236489,0.0,0.06954561254256102,0.0,0.1271299712131018,0.22692583196824415,0.0,0.0,0.0,0.0,0.0,0.0,0.0,0.0,0.021547924712371068,0.010601605844182032,0.0,0.0,GPAB7023,GPAB7023.JPG,2024-10-02 03:48:34.736,2024-10-02 15:48:34.736,7.12573589408,171.05442797308,787648.9242437833,506010.0028811909,-2.242135666897276,31.614814453125,
data/versions/1.2/train\GPAB3188_jpg.rf.652a96859d459386ddd0760e01ffd599.jpg,0.6744565963745117,0.3845422614326619,0.08725272361697102,0.0499555425821406,0.017056093162775603,0.002119168924745018,0.0,0.27724529164258155,0.0523234041899436,0.0043852489711420466,0.0,0.07207958934020584,0.03492931942702742,0.029472483450894236,0.0,0.0,0.0,0.0,0.0,0.0,0.0,0.0,0.0,0.23290789920936852,0.03526731102716799,0.0043852489711420466,0.0,0.07207958934020584,0.03492931942702742,0.026731102716799526,0.0,0.0,0.0,0.0,0.0,0.0,0.0,GPAB3188,GPAB3188.JPG,2024-10-03 23:33:03.000,2024-10-04 11:33:03.000,7.1826883,171.119373082,793946.2194149835,513179.6944071611,-2.169791510272034,32.301220703125,-0.6519
data/versions/1.2/train\GPAB3188_jpg.rf.652a96859d459386ddd0760e01ffd599.jpg,0.6744565963745117,0.3845422614326619,0.08725272361697102,0.0499555425821406,0.017056093162775603,0.002119168924745018,0.0,0.27724529164258155,0.0523234041899436,0.0043852489711420466,0.0,0.07207958934020584,0.03492931942702742,0.029472483450894236,0.0,0.0,0.0,0.0,0.0,0.0,0.0,0.0,0.0,0.23290789920936852,0.03526731102716799,0.0043852489711420466,0.0,0.07207958934020584,0.03492931942702742,0.026731102716799526,0.0,0.0,0.0,0.0,0.0,0.0,0.0,GPAB3188,GPAB3188.JPG,2024-10-02 01:40:37.000,2024-10-02 13:40:37.000,7.14727345,171.042562447,790029.7033594472,504699.5770856651,-4.725443348690884,31.1214599609375,
data/versions/1.2/train\GPAB3534_jpg.rf.c12cff321e8f2a0513e6517002650a19.jpg,0.04815101623535156,0.04332053702256286,0.9878726309381379,0.0,0.0,0.0,0.0,0.03438296368702746,0.0,0.0,0.0,0.0,0.9878726309381379,0.0,0.0,0.0,0.0,0.0089375733355354,0.0,0.0,0.0,0.0,0.0,0.03438296368702746,0.0,0.0,0.0,0.0,0.9878726309381379,0.0,0.0,0.0,0.0,0.0089375733355354,0.0,0.0,0.0,GPAB3534,GPAB3534.JPG,2024-10-03 23:44:35.779,2024-10-04 11:44:35.779,7.181968539690001,171.11977271185,793866.6631290999,513223.8374346516,-9.767553369939773,32.03189634082031,-0.6232110500000001
data/versions/1.2/train\GPAB3534_jpg.rf.c12cff321e8f2a0513e6517002650a19.jpg,0.04815101623535156,0.04332053702256286,0.9878726309381379,0.0,0.0,0.0,0.0,0.03438296368702746,0.0,0.0,0.0,0.0,0.9878726309381379,0.0,0.0,0.0,0.0,0.0089375733355354,0.0,0.0,0.0,0.0,0.0,0.03438296368702746,0.0,0.0,0.0,0.0,0.9878726309381379,0.0,0.0,0.0,0.0,0.0089375733355354,0.0,0.0,0.0,GPAB3534,GPAB3534.JPG,2024-10-02 01:52:09.758,2024-10-02 13:52:09.758,7.144205099500001,171.04176265558,789690.4975603509,504611.2980194784,-1.281485188466184,31.17619227929687,
data/versions/1.2/train\GPAB3101_jpg.rf.9af4c1f6beeea80333d501a543c1814b.jpg,0.5897655487060547,0.40226473576162375,0.19043426159397606,0.05324808007328272,0.06314873742853686,0.0,0.0,0.0,0.17172085734642026,0.0,0.002613673680632505,0.0,0.009163221136765612,0.3938639161319934,0.006936509430157684,0.0,0.0,0.0,0.0,0.008400819629630341,0.0,0.0,0.0,0.0,0.1085721199178834,0.0,0.002613673680632505,0.0,0.009163221136765612,0.3407905930792379,0.006936509430157684,0.0,0.0,0.0,0.0,0.008400819629630341,0.0,GPAB3101,GPAB3101.JPG,2024-10-03 23:30:08.913,2024-10-04 11:30:08.913,7.181867211749999,171.12094311031,793855.4955015458,513353.0616552514,-1.842105809368846,31.89758379785156,-0.6588514500000001
data/versions/1.2/train\GPAB3101_jpg.rf.9af4c1f6beeea80333d501a543c1814b.jpg,0.5897655487060547,0.40226473576162375,0.19043426159397606,0.05324808007328272,0.06314873742853686,0.0,0.0,0.0,0.17172085734642026,0.0,0.002613673680632505,0.0,0.009163221136765612,0.3938639161319934,0.006936509430157684,0.0,0.0,0.0,0.0,0.008400819629630341,0.0,0.0,0.0,0.0,0.1085721199178834,0.0,0.002613673680632505,0.0,0.009163221136765612,0.3407905930792379,0.006936509430157684,0.0,0.0,0.0,0.0,0.008400819629630341,0.0,GPAB3101,GPAB3101.JPG,2024-10-02 01:37:42.892,2024-10-02 13:37:42.892,7.14521875488,171.04270910076,789802.563953325,504715.7910799137,-3.663785553513005,31.14291015625,
data/versions/1.2/train\GPAB3102_jpg.rf.474b567b589316cba823bc1f8cfcd7ea.jpg,0.5234870910644531,0.5046464242985234,0.06444501203134873,0.03344868576959343,0.02692314339869758,0.003992525776660528,0.0,0.1789377461721491,0.06444501203134873,0.0,0.0,0.2757953844942513,0.0,0.04449678619918843,0.0,0.0018992823439717469,0.0,0.0,0.0,0.0,0.0,0.003992525776660528,0.0,0.16236943634139456,0.03752186863265114,0.0,0.0,0.2733007760363956,0.0,0.03031266143419822,0.0,0.0018992823439717469,0.0,0.0,0.0,0.0,0.0,GPAB3102,GPAB3102.JPG,2024-10-03 23:30:10.915,2024-10-04 11:30:10.915,7.181838991549999,171.12094180095,793852.3757869997,513352.9179147675,-3.066234530587709,31.90617245605468,-0.6588180833333332
data/versions/1.2/train\GPAB3102_jpg.rf.474b567b589316cba823bc1f8cfcd7ea.jpg,0.5234870910644531,0.5046464242985234,0.06444501203134873,0.03344868576959343,0.02692314339869758,0.003992525776660528,0.0,0.1789377461721491,0.06444501203134873,0.0,0.0,0.2757953844942513,0.0,0.04449678619918843,0.0,0.0018992823439717469,0.0,0.0,0.0,0.0,0.0,0.003992525776660528,0.0,0.16236943634139456,0.03752186863265114,0.0,0.0,0.2733007760363956,0.0,0.03031266143419822,0.0,0.0018992823439717469,0.0,0.0,0.0,0.0,0.0,GPAB3102,GPAB3102.JPG,2024-10-02 01:37:44.894,2024-10-02 13:37:44.894,7.14524241106,171.04270635956,789805.1790509104,504715.4881635846,-3.523995708234794,31.14291015625,
data/versions/1.2/train\GPAB3975_jpg.rf.34de7df585b228ee80c8b8b9bcb7d578.jpg,0.1021280288696289,0.10017610130530051,0.9744806739859772,0.009972672610965906,0.0,0.0,0.0,0.013198956066853201,0.0,0.0,0.0,0.0,0.8926867067519584,0.08703187683278826,0.08179396723401886,0.0,0.0,0.0,0.0,0.0,0.0,0.0,0.0,0.004213372560843289,0.0,0.0,0.0,0.0,0.8926867067519584,0.08599005613349132,0.08179396723401886,0.0,0.0,0.0,0.0,0.0,0.0,GPAB3975,GPAB3975.JPG,2024-10-03 23:59:18.661,2024-10-04 11:59:18.661,7.177944439518882,171.1243982743394,793421.9443962575,513734.6569376357,,31.20442502636719,-0.6137559333333333
data/versions/1.2/train\GPAB3975_jpg.rf.34de7df585b228ee80c8b8b9bcb7d578.jpg,0.1021280288696289,0.10017610130530051,0.9744806739859772,0.009972672610965906,0.0,0.0,0.0,0.013198956066853201,0.0,0.0,0.0,0.0,0.8926867067519584,0.08703187683278826,0.08179396723401886,0.0,0.0,0.0,0.0,0.0,0.0,0.0,0.0,0.004213372560843289,0.0,0.0,0.0,0.0,0.8926867067519584,0.08599005613349132,0.08179396723401886,0.0,0.0,0.0,0.0,0.0,0.0,GPAB3975,GPAB3975.JPG,2024-10-02 02:06:52.640,2024-10-02 14:06:52.640,7.1420137268,171.0426640312,789448.2564762721,504710.8474628789,-1.594613065136229,31.188556171875,
data/versions/1.2/train\GPAA1455_jpg.rf.5bce73d4b3a406c421c664180118fdaa.jpg,0.8439064025878906,0.0,0.15716225325172883,0.0,0.15610314889106108,0.0,0.0,0.0,0.15716225325172883,0.0,0.0,0.0,0.0,0.0,0.0,0.0,0.0,0.0,0.0,0.0,0.0,0.0,0.0,0.0,0.0010591043606677638,0.0,0.0,0.0,0.0,0.0,0.0,0.0,0.0,0.0,0.0,0.0,0.0,GPAA1455,GPAA1455.JPG,2024-10-02 00:30:28.684,2024-10-02 12:30:28.684,7.15272490864,171.042179141,790632.3433474898,504657.1987260481,-0.9005829825644545,32.00069488671875,
data/versions/1.2/train\GPAB4758_jpg.rf.dc9f9d53832bbaffadad72867f306fbe.jpg,0.7027826309204102,0.2919085579089074,0.07343059553735863,0.06009529058635781,0.02447942572154485,0.0045859314837255125,0.0,0.2450055019655364,0.06801696871465251,0.0,0.0032099599979259607,0.0,0.0,0.04263879260182477,0.0022036668247801612,0.0,0.0,0.0,0.0,0.0,0.0,0.0045859314837255125,0.0,0.19024798213253497,0.04353754299310766,0.0,0.0032099599979259607,0.0,0.0,0.03740568402010282,0.0022036668247801612,0.0,0.0,0.0,0.0,0.0,0.0,GPAB4758,GPAB4758.JPG,2024-10-04 00:25:26.227,2024-10-04 12:25:26.227,7.170170967,171.13380789059,792562.8977626269,514773.8132339485,-3.679061587088231,31.54285762792968,-0.5023773000000001
data/versions/1.2/train\GPAB4758_jpg.rf.dc9f9d53832bbaffadad72867f306fbe.jpg,0.7027826309204102,0.2919085579089074,0.07343059553735863,0.06009529058635781,0.02447942572154485,0.0045859314837255125,0.0,0.2450055019655364,0.06801696871465251,0.0,0.0032099599979259607,0.0,0.0,0.04263879260182477,0.0022036668247801612,0.0,0.0,0.0,0.0,0.0,0.0,0.0045859314837255125,0.0,0.19024798213253497,0.04353754299310766,0.0,0.0032099599979259607,0.0,0.0,0.03740568402010282,0.0022036668247801612,0.0,0.0,0.0,0.0,0.0,0.0,GPAB4758,GPAB4758.JPG,2024-10-02 02:33:00.206,2024-10-02 14:33:00.206,7.14078705452,171.0435492769,789312.6603930573,504808.6067415283,-1.235483366322082,31.43551656054687,
data/versions/1.2/train\GPAB2987_jpg.rf.8edaf56f6842917821771008f1c445b3.jpg,0.6867942810058594,0.285836231547291,0.05215152777964484,0.09508414262477363,0.030800444766219275,0.00439773161546542,0.0,0.2726055887679246,0.05215152777964484,0.0,0.0,0.0,0.0,0.008841552994586372,0.0,0.0,0.0,0.0,0.0,0.0,0.0,0.00439773161546542,0.0,0.1831415166988975,0.021351083013425563,0.0,0.0,0.0,0.0,0.0032214824388398437,0.0,0.0,0.0,0.0,0.0,0.0,0.0,GPAB2987,GPAB2987.JPG,2024-10-03 23:26:20.685,2024-10-04 11:26:20.685,7.18159529225,171.1195749724,793825.3958080882,513202.0161985229,-1.885179959625132,31.48611328124999,-0.6603447500000001
data/versions/1.2/train\GPAB2987_jpg.rf.8edaf56f6842917821771008f1c445b3.jpg,0.6867942810058594,0.285836231547291,0.05215152777964484,0.09508414262477363,0.030800444766219275,0.00439773161546542,0.0,0.2726055887679246,0.05215152777964484,0.0,0.0,0.0,0.0,0.008841552994586372,0.0,0.0,0.0,0.0,0.0,0.0,0.0,0.00439773161546542,0.0,0.1831415166988975,0.021351083013425563,0.0,0.0,0.0,0.0,0.0032214824388398437,0.0,0.0,0.0,0.0,0.0,0.0,0.0,GPAB2987,GPAB2987.JPG,2024-10-02 01:33:54.664,2024-10-02 13:33:54.664,7.14628630508,171.0422121678,789920.5736364239,504660.9106371353,-1.40698963974728,31.185810546875,
data/versions/1.2/train\GPAB4888_jpg.rf.7f6403933175008ae00c4b79b70dbb31.jpg,0.08200931549072266,0.945650566616032,0.0344876258586619,0.0,0.01182202437764416,0.945650566616032,0.0,0.0,0.023517301905235606,0.0,0.0033357466445691855,0.0,0.0,0.0,0.005978226427486398,0.0,0.0,0.0,0.0,0.0,0.0016563508813707095,0.945650566616032,0.0,0.0,0.011695277527591445,0.0,0.0033357466445691855,0.0,0.0,0.0,0.005978226427486398,0.0,0.0,0.0,0.0,0.0,0.0016563508813707095,GPAB4888,GPAB4888.JPG,2024-10-04 00:29:46.487,2024-10-04 12:29:46.487,7.1708360241,171.13696975361,792636.5212264387,515122.8952185005,-1.761901914222317,31.65771484374999,-0.4801260833333334
data/versions/1.2/train\GPAB4888_jpg.rf.7f6403933175008ae00c4b79b70dbb31.jpg,0.08200931549072266,0.945650566616032,0.0344876258586619,0.0,0.01182202437764416,0.945650566616032,0.0,0.0,0.023517301905235606,0.0,0.0033357466445691855,0.0,0.0,0.0,0.005978226427486398,0.0,0.0,0.0,0.0,0.0,0.0016563508813707095,0.945650566616032,0.0,0.0,0.011695277527591445,0.0,0.0033357466445691855,0.0,0.0,0.0,0.005978226427486398,0.0,0.0,0.0,0.0,0.0,0.0016563508813707095,GPAB4888,GPAB4888.JPG,2024-10-02 02:37:20.466,2024-10-02 14:37:20.466,7.13804824516,171.04498052594,789009.9077939404,504966.6714012806,-1.95345322267937,31.36399302929687,
