image,accuracy,coral_cover,coral_cover_pred,pct_bleached_true,pct_bleached_pred,cover_true__branching_acropora,cover_pred__branching_acropora,cover_true__finger_acropora,cover_pred__finger_acropora,cover_true__finger_porites,cover_pred__finger_porites,cover_true__knob_porites,cover_pred__knob_porites,cover_true__mounding_,cover_pred__mounding_,cover_true__oddball,cover_pred__oddball,cover_true__pocillopora_,cover_pred__pocillopora_,cover_true__table_acropora,cover_pred__table_acropora,cover_healthy_true__branching_acropora,cover_healthy_pred__branching_acropora,cover_healthy_true__finger_acropora,cover_healthy_pred__finger_acropora,cover_healthy_true__finger_porites,cover_healthy_pred__finger_porites,cover_healthy_true__knob_porites,cover_healthy_pred__knob_porites,cover_healthy_true__mounding_,cover_healthy_pred__mounding_,cover_healthy_true__oddball,cover_healthy_pred__oddball,cover_healthy_true__pocillopora_,cover_healthy_pred__pocillopora_,cover_healthy_true__table_acropora,cover_healthy_pred__table_acropora,image_id,filename,DateTimeUTC,DateTimeLocal,latPhoto,lonPhoto,NorthPhoto_UTM,EastPhoto_UTM,Depth_WaterSurface,HoboTempPhoto,photo_tide,accuracy_cropped,tp_lcc,fp_lcc,fn_lcc,tn_lcc,iou_lcc,specificity_lcc,balanced_acc_lcc
data/train\GPAB2750_jpg.rf.cdad5a44fc68268026febd47efc11e6c.jpg,0.8729181289672852,0.2854291053016671,0.1817761074506023,0.0569275795384494,0.0131720703713874,0.0,0.0,0.0107005067953595,0.0029017347034795,0.0373365493746195,0.0816902652657939,0.2201487163040618,0.0818006886578852,0.0160987703635138,0.0058082704240066,0.0011445624641123,0.0,0.0,0.0,0.0,0.0095751483994369,0.0,0.0,0.0001181050193673,0.0029017347034795,0.0373365493746195,0.0816902652657939,0.1767436813814638,0.0818006886578852,0.0131931948463962,0.002211348452056,0.0011445624641123,0.0,0.0,0.0,0.0,0.0,GPAB2750,,,,,,,,,,,0.8720480946683745,0.16962665371032193,0.01214945374028037,0.11580245159134517,0.7024214409580525,0.5700231033325587,0.9829975530343851,0.7886420085135324
data/train\GPAB2751_jpg.rf.5c54bc040bd61f476b2936c0f427baaf.jpg,0.933781623840332,0.1319146648025917,0.0750754239778154,0.0536609675393635,0.0538155602882914,0.0521140798466747,0.0518913126556729,0.0041307950676271,0.0,0.0,0.0,0.0699056888211198,0.0165779118648494,0.0050132220009486,0.0031869151160981,0.0007508790662213,0.0,0.0,0.0034192843411948,0.0,0.0,0.0,0.0,0.003106258029701,0.0,0.0,0.0,0.0699056888211198,0.0165779118648494,0.0044908713461859,0.0012626674834797,0.0007508790662213,0.0,0.0,0.0034192843411948,0.0,0.0,GPAB2751,,,,,,,,,,,0.9333282762620434,0.07015918252122522,0.004916241456590184,0.061755482281366486,0.8631690937408181,0.5127436807904447,0.9943366841285572,0.763094737079637
data/train\GPAB2752_jpg.rf.3d3a23e7d01325a3e36b5203981b2c6b.jpg,0.9109344482421876,0.2142482663527441,0.1909230051294066,0.0180691077597878,0.034574044165516,0.0035892403446746,0.0,0.0034240853582422,0.1831799248352771,0.051094343825796,0.0,0.1465308811018526,0.0,0.0049402465418274,0.0,0.0,0.0015824152188399,0.0047395640292439,0.0061606650752895,0.0,0.0,0.0,0.0,0.0034240853582422,0.1547665457450506,0.0413540404399267,0.0,0.1465308811018526,0.0,0.0049402465418274,0.0,0.0,0.0015824152188399,0.0,0.0,0.0,0.0,GPAB2752,GPAB2752.JPG,2024-10-03 23:18:30.215,2024-10-04 11:18:30.215,,,,,,29.90585594238281,-0.6659928333333334,0.9103246831808851,0.1577479773315179,0.033175027797888695,0.0565002890212262,0.7525767058493672,0.6375631602232245,0.9577792496315614,0.847032574154277
data/train\GPAB2753_jpg.rf.ecc3e09a60fddd4051f8cc1817f5abe0.jpg,0.8943386077880859,0.1882459580237477,0.2058484069265233,0.102934765700766,0.0186471502123009,0.0025800665613003,0.0022939259452722,0.1472356704044184,0.1718898531464905,0.0,0.0,0.0292180295473793,0.0239436322190492,0.0088847621480134,0.0021719801122669,0.0007201525571176,0.0,0.0,0.001668833525694,0.0,0.0038801819777501,0.0025800665613003,0.0022939259452722,0.0543599956214724,0.1549115364598836,0.0,0.0,0.0292180295473793,0.0239436322190492,0.0,0.0021719801122669,0.0,0.0,0.0,0.0,0.0,0.0038801819777501,GPAB2753,GPAB2753.JPG,2024-10-03 23:18:32.217,2024-10-04 11:18:32.217,,,,,,29.931621916992185,-0.6659261000000001,0.8936152234489354,0.14385479419960312,0.061993612726920166,0.04439116382414457,0.7497604292493322,0.5748682902870557,0.9236300535369139,0.8439076775478577
data/train\GPAB2755_jpg.rf.989ddbf0acb4906444222985aa1c08ad.jpg,0.8915996551513672,0.3503638210718559,0.325484950731963,0.0961144408831566,0.0774903355526834,0.0777995210505393,0.0511846029462881,0.244938287726872,0.2517768564092617,0.0,0.0,0.0,0.0,0.0118623529208427,0.009463764803936,0.0003591160751493,0.0,0.0071189480779608,0.0042354572392615,0.0086379898717744,0.0088242693332155,0.0777995210505393,0.0511846029462881,0.1598364197471592,0.1873462474290553,0.0,0.0,0.0,0.0,0.0095569045346566,0.009463764803936,0.0003591160751493,0.0,0.0071189480779608,0.0,0.0,0.0,GPAB2755,GPAB2755.JPG,2024-10-03 23:18:36.221,2024-10-04 11:18:36.221,,,,,,29.98315386621093,-0.6657926333333334,0.8908575192568794,0.2833531455303492,0.0421318052016138,0.06701067554150669,0.6075043737265304,0.721926886728985,0.9351455375051181,0.8719426387115873
data/train\GPAB2756_jpg.rf.e3eab669406113c45048b693e012a15e.jpg,0.8838796615600586,0.2503154268200175,0.1557958838000242,0.0407039827317018,0.0253349669594006,0.0141245921536018,0.0095069739573631,0.1841890986186513,0.1157035506401676,0.0183379647144451,0.0040943073380664,0.0,0.0,0.0337290651651645,0.0241251106634429,0.0001613141727943,0.0,0.0,0.002365941200984,0.0,0.0,0.0141245921536018,0.0095069739573631,0.1435542505324328,0.0927345248817509,0.0183379647144451,0.0040943073380664,0.0,0.0,0.0337290651651645,0.0241251106634429,0.0001613141727943,0.0,0.0,0.0,0.0,0.0,GPAB2756,GPAB2756.JPG,2024-10-03 23:18:38.223,2024-10-04 11:18:38.223,,,,,,30.00891984082031,-0.6657259000000001,0.8830846726570557,0.1445979916385487,0.011197892161475514,0.10571743518146881,0.738486681018507,0.5529278286922806,0.9850631951595633,0.7813631599718949
data/train\GPAB2863_jpg.rf.96811bd1325e7bbd6bdfefe68952512f.jpg,0.7216730117797852,0.4471244788495995,0.192604321299424,0.0129617858247091,0.0034192843411948,0.0617103527211204,0.0,0.0005549975706853,0.0024331554396483,0.1597692055084949,0.0753702064245289,0.1687557492179143,0.0906134355501869,0.0551271981456551,0.0034192843411948,0.0017302865439014,0.0037928034674865,0.0,0.0,0.0,0.0169754360763784,0.0617103527211204,0.0,0.0005549975706853,0.0024331554396483,0.1597692055084949,0.0753702064245289,0.1687557492179143,0.0906134355501869,0.0422134224914205,0.0,0.0017302865439014,0.0037928034674865,0.0,0.0,0.0,0.0169754360763784,GPAB2863,GPAB2863.JPG,2024-10-03 23:22:12.437,2024-10-04 11:22:12.437,,,,,,31.26919603613281,-0.6602072833333335,0.7197675155504942,0.17974815784975884,0.01285616344966517,0.26737632099984066,0.5400193577007353,0.3907733093968206,0.976746730578857,0.6893779695466483
data/train\GPAB2864_jpg.rf.bba294c9d2767e1fca67088d5f57ed2c.jpg,0.7331705093383789,0.3696187800423641,0.118027242891134,0.0041480787289979,0.0160392377521254,0.0008027300503338,0.0,0.0008997105946923,0.0,0.0664537575640023,0.0,0.2736810165865537,0.0916283705540181,0.0274186083579945,0.0195718260956401,0.0006183709957117,0.0068270462414757,0.0,0.0,0.0,0.0,0.0008027300503338,0.0,0.0008997105946923,0.0,0.0664537575640023,0.0,0.2736810165865537,0.0916283705540181,0.0238889006247083,0.0035325883435146,0.0,0.0068270462414757,0.0,0.0,0.0,0.0,GPAB2864,GPAB2864.JPG,2024-10-03 23:22:14.439,2024-10-04 11:22:14.439,,,,,,31.271611328125,-0.66024065,0.7313437278553089,0.1094948753944035,0.008532367496730503,0.2601239046479606,0.6218488524609055,0.28955320143008034,0.9864647498583414,0.6413510329987819
data/train\GPAB2865_jpg.rf.bc51b557fce1c755711f160a6fb06174.jpg,0.922673225402832,0.2122452820405474,0.1486942193834342,0.0146334999606316,0.0228720452140581,0.0067310259005267,0.0,0.1505771782694446,0.1233880585263182,0.0016064203040772,0.0,0.0137481924170816,0.0,0.024209608563478,0.010552635470298,0.0008180933048857,0.0,0.0146334999606316,0.0147535253868179,0.0,0.0,0.0067310259005267,0.0,0.1505771782694446,0.115269538699078,0.0016064203040772,0.0,0.0137481924170816,0.0,0.024209608563478,0.010552635470298,0.0008180933048857,0.0,0.0,0.0,0.0,0.0,GPAB2865,GPAB2865.JPG,2024-10-03 23:22:16.441,2024-10-04 11:22:16.441,,,,,,31.271611328125,-0.6602740166666667,0.9221438269483008,0.14154166418614123,0.007152555197292965,0.07070361785440618,0.7806021627621597,0.6451370075845443,0.9909203270583762,0.8288990574950409
data/train\GPAB2866_jpg.rf.419a33f7e1a92b4b4cd4c79fef598c57.jpg,0.5870075225830078,0.6351006197152805,0.2453118068531637,0.0027029725977151,0.0096865319949378,0.5292554774803494,0.1655141025074752,0.1062321042089556,0.0623527288020694,0.0,0.0,0.0,0.0,0.0,0.0059446193081542,0.0,0.0025503002556061,0.0,0.0077882098543755,0.0,0.0011618461254832,0.5292554774803494,0.1610126689237848,0.1036117091044566,0.059433710437219,0.0,0.0,0.0,0.0,0.0,0.0036785392617572,0.0,0.0025503002556061,0.0,0.0077882098543755,0.0,0.0011618461254832,GPAB2866,GPAB2866.JPG,2024-10-03 23:22:18.443,2024-10-04 11:22:18.443,,,,,,31.271611328125,-0.6603073833333335,0.5841800727066022,0.23229624963752327,0.013015557215640433,0.40280437007775727,0.35188382306907906,0.35841760768499137,0.964331106275147,0.6650470072146165
data/train\GPAB2867_jpg.rf.a760f33822f6d3414eebcb42d8a10ffe.jpg,0.9160776138305664,0.2502981431586467,0.2079502921898975,0.0430728045429143,0.0184147809872043,0.0185136819383818,0.0032464477274865,0.2317844612202649,0.1883967099590377,0.0,0.0,0.0,0.0,0.0,0.0,0.0,0.0049191220668186,0.0,0.0113880124365545,0.0,0.0,0.0,0.0,0.2072253386157323,0.1786890534890911,0.0,0.0,0.0,0.0,0.0,0.0,0.0,0.0049191220668186,0.0,0.0059273356467834,0.0,0.0,GPAB2867,GPAB2867.JPG,2024-10-03 23:22:20.445,2024-10-04 11:22:20.445,,,,,,31.271611328125,-0.66034075,0.915503060168266,0.1868757477584051,0.021074544431492398,0.06342239540024158,0.728627312409861,0.68863137782181,0.9718894327936125,0.8592510170351564
data/train\GPAB2868_jpg.rf.388ca1bea37ef902bb25b8564d68772c.jpg,0.8038253784179688,0.6185275088674785,0.448006905782921,0.0108157312044983,0.2169829256629724,0.0,0.0,0.5951033466929634,0.4303794915914987,0.0,0.0,0.0034692149184883,0.0,0.0193096905648492,0.0078611853134968,0.0006759832002811,0.0,0.0,0.0,0.0,0.0097662288779255,0.0,0.0,0.5937388976480777,0.2297315463307747,0.0,0.0,0.0034692149184883,0.0,0.0098584084052365,0.0012924337891738,0.0006759832002811,0.0,0.0,0.0,0.0,0.0,GPAB2868,GPAB2868.JPG,2024-10-03 23:22:22.447,2024-10-04 11:22:22.447,,,,,,31.271611328125,-0.6603741166666668,0.8024823178542142,0.4345083662523068,0.013498539530614195,0.18401914261517172,0.36797395160190727,0.6874849024871582,0.9646146449759994,0.8335514951585814
data/train\GPAB2869_jpg.rf.f5f4b6550e77b27a16ff75349110b44f.jpg,0.9168548583984376,0.4092646186168078,0.4551969089131841,0.0876262427432627,0.1069407343251594,0.0030630488762739,0.0,0.4062015697405338,0.4476900386577893,0.0,0.0,0.0,0.0,0.0,0.0015392060654128,0.0,0.0,0.0,0.0,0.0,0.005967664189982,0.0,0.0,0.3230306708173059,0.3467169685226118,0.0,0.0,0.0,0.0,0.0,0.0015392060654128,0.0,0.0,0.0,0.0,0.0,0.0,GPAB2869,GPAB2869.JPG,2024-10-03 23:22:24.449,2024-10-04 11:22:24.449,,,,,,31.271611328125,-0.6604074833333334,0.9162856259470007,0.3903735767384964,0.06482333217468772,0.01889104187831142,0.5259120492085044,0.8234201609358834,0.8902667180304902,0.9220541078181131
data/train\GPAB2870_jpg.rf.bf5e43594708726bc8b61ede51e9e0d6.jpg,0.923349380493164,0.1491359129517997,0.0940336800947912,0.0414135730513151,0.0279188743343389,0.0110836279557461,0.0057448969989802,0.0036967831265375,0.0,0.0,0.0,0.0941729095891673,0.0725740940960933,0.038124876373811,0.0157146889997177,0.0014335836903689,0.0,0.0006980678786994,0.0,0.0,0.0,0.0063738302321963,0.0,0.0010562237504392,0.0,0.0,0.0,0.0847744386170766,0.06214436466221,0.013705943467064,0.0039704410982422,0.0014335836903689,0.0,0.0004522558058699,0.0,0.0,0.0,GPAB2870,GPAB2870.JPG,2024-10-03 23:22:26.451,2024-10-04 11:22:26.451,,,,,,31.271611328125,-0.6604408500000001,0.9228246111656292,0.08299710210611,0.011036577988681198,0.0661388108456897,0.8398275090595191,0.5181732619551456,0.9870289765937013,0.7717744340851411
data/train\GPAB2871_jpg.rf.504bfd08c70eccfa9fd23ba467a0b88b.jpg,0.8947639465332031,0.3611603482081644,0.3166722038396614,0.0049527291861507,0.0064362434538132,0.0,0.0,0.0,0.0,0.1640152249852609,0.084044684025864,0.1919888309139408,0.2233077855212848,0.0053358503465374,0.0093197342925125,0.0,0.0,0.0,0.0,0.0,0.0,0.0,0.0,0.0,0.0,0.1613064911670888,0.084044684025864,0.1919888309139408,0.2233077855212848,0.0030918549785586,0.0028834908386992,0.0,0.0,0.0,0.0,0.0,0.0,GPAB2871,GPAB2871.JPG,2024-10-03 23:22:28.453,2024-10-04 11:22:28.453,7.181823345210001,171.11973100054,793850.6110198823,513219.2363689625,-11.485707618568584,31.271611328125,-0.6604742166666667,0.8940434741695681,0.28593801310869693,0.03073419073096445,0.07522233509946746,0.6081054610608712,0.7296300016906088,0.9518906025248116,0.8718054981629373
data/train\GPAB2907_jpg.rf.bf31d322ee0d726153fd605a1778f741.jpg,0.7949419021606445,0.3920203255857721,0.2632042371856053,0.0,0.0,0.0531069301720876,0.0552309001138801,0.3133883081792046,0.16143611862737,0.0,0.0,0.0,0.0201863562777138,0.0133180212896299,0.0129329797224243,0.0125978687325122,0.0134178824442169,0.0,0.0,0.0,0.0,0.0531069301720876,0.0552309001138801,0.3133883081792046,0.16143611862737,0.0,0.0,0.0,0.0201863562777138,0.0133180212896299,0.0129329797224243,0.0125978687325122,0.0134178824442169,0.0,0.0,0.0,0.0,GPAB2907,GPAB2907.JPG,2024-10-03 23:23:40.525,2024-10-04 11:23:40.525,7.1817482795,171.11967145875002,793842.3109664902,513212.6646484559,-1.7512347074613492,31.40031249999999,-0.6603245833333334,0.7935380230948124,0.22438129293309494,0.03882294425251037,0.16763903265267716,0.5691567301617175,0.5207956318252731,0.9361443385588257,0.7542579590057691
data/train\GPAB2908_jpg.rf.88dda92c5d3e1444f5a1b36c77499932.jpg,0.8796052932739258,0.4792259992356781,0.3915277412367036,0.0885163513038602,0.0274819817830209,0.0432369993259372,0.0375852420576775,0.4216128344628526,0.3385427568976212,0.0,0.0,0.0,0.0,0.0,0.0,0.0146258183333557,0.0153997422814048,0.0,0.0,0.0,0.0,0.0432369993259372,0.0375852420576775,0.3376939370836318,0.3110607751146003,0.0,0.0,0.0,0.0,0.0,0.0,0.0139402330989796,0.0153997422814048,0.0,0.0,0.0,0.0,GPAB2908,GPAB2908.JPG,2024-10-03 23:23:42.527,2024-10-04 11:23:42.527,7.18176264308,171.11965013168,793843.898211427,513210.3095553055,-1.899035466629203,31.40031249999999,-0.6602912166666668,0.8787810409757203,0.37476739072405096,0.016760350512652622,0.10445860851162714,0.5040136502516692,0.7556002114054394,0.9678164607141408,0.8749214384486295
data/train\GPAB2909_jpg.rf.f8bd8c4e84c1945b4c81d8aa05b48c12.jpg,0.8601808547973633,0.4185795518922728,0.3155910148005753,0.0750418168584833,0.036105568603653,0.0,0.0,0.4162030484537845,0.3136590855406809,0.0,0.0,0.0,0.0,0.0,0.0,0.0,0.0,0.0023765034384884,0.0019319292598944,0.0,0.0,0.0,0.0,0.3413638345147036,0.2775535169370279,0.0,0.0,0.0,0.0,0.0,0.0,0.0,0.0,0.0023765034384884,0.0019319292598944,0.0,0.0,GPAB2909,GPAB2909.JPG,2024-10-03 23:23:44.529,2024-10-04 11:23:44.529,7.181777899069999,171.11962778518,793845.5840809033,513207.8418833558,-1.9054290197613135,31.406871969726552,-0.6602578500000001,0.8592236179312226,0.29669709231203534,0.018893922488539938,0.12188245958023747,0.5625265256191873,0.6782059020423393,0.9675038562024582,0.8381613718625842
data/train\GPAB2910_jpg.rf.6a59ae7e8c4bd736c88f0483d80245eb.jpg,0.9136667251586914,0.1628927471995667,0.0841339829429466,0.0095876310437603,0.0,0.05617285965859,0.0,0.1067198875409766,0.0803267764243177,0.0,0.0,0.0,0.0,0.0,0.0026367185624602,0.0,0.0011704879561686,0.0,0.0,0.0,0.0,0.0511788417258312,0.0,0.1021915682618205,0.0803267764243177,0.0,0.0,0.0,0.0,0.0,0.0026367185624602,0.0,0.0011704879561686,0.0,0.0,0.0,0.0,GPAB2910,GPAB2910.JPG,2024-10-03 23:23:46.531,2024-10-04 11:23:46.531,7.181792219249999,171.11960475175,793847.1664791272,513205.2983960304,-1.911822572893424,31.415460627929683,-0.6602244833333335,0.9130756659490746,0.08005119804579397,0.004082784897152636,0.08284154915377273,0.8330244679032807,0.4794187330358373,0.9951227457610787,0.743278875415259
data/train\GPAB2911_jpg.rf.a892723d63b47464304a3bf61c90205b.jpg,0.981135368347168,0.2083583786389308,0.206423568768808,0.1854527263055405,0.185600597630602,0.0,0.0,0.1764104907983707,0.1701902931116928,0.0,0.0,0.0,0.0,0.0,0.0039617992675568,0.0319478878405601,0.0218580704136364,0.0,0.0104134059759219,0.0,0.0,0.0,0.0,0.0052331085817219,0.0,0.0,0.0,0.0,0.0,0.0,0.0012348215846044,0.0176725437516683,0.0195881495536014,0.0,0.0,0.0,0.0,GPAB2911,GPAB2911.JPG,2024-10-03 23:23:48.533,2024-10-04 11:23:48.533,7.18180678952,171.11958187100998,793848.7765287331,513202.7717598418,-1.9182161260255344,31.424049286132806,-0.6601911166666667,0.981006216356873,0.19789408188230595,0.008529486886502041,0.010464296756624858,0.7831121344745672,0.9124257892569854,0.9892255704395162,0.9695014918199407
data/train\GPAB2912_jpg.rf.bf1be34d721f9328c589ea24f4d294f3.jpg,0.0920724868774414,0.9287241009135376,0.0327112495511049,0.0,0.0272227268624585,0.0,0.0,0.9287241009135376,0.0,0.0,0.0,0.0,0.0,0.0,0.0010687063947626,0.0,0.0,0.0,0.0316425431563422,0.0,0.0,0.0,0.0,0.9287241009135376,0.0,0.0,0.0,0.0,0.0,0.0,0.0,0.0,0.0,0.0,0.0054885226886463,0.0,0.0,GPAB2912,GPAB2912.JPG,2024-10-03 23:23:50.535,2024-10-04 11:23:50.535,7.181822289299999,171.11955959135,793850.4893509048,513200.3114610261,-1.9246096791576448,31.432637944335934,-0.6601577500000002,0.08585658785957218,0.02364596916210726,0.009065280388997642,0.9050781317514304,0.06221061869746473,0.02521458403513204,0.8728142260541553,0.4491374648822992
data/train\GPAB2913_jpg.rf.a426d17e675cf5b48b74ca8af4351b03.jpg,0.9633750915527344,0.2177606904246595,0.2112543521219535,0.1618000357195668,0.2112543521219535,0.0,0.0,0.1790145624449083,0.15985370340853,0.0,0.0,0.0,0.0,0.0,0.0,0.0,0.0,0.0387461279797512,0.0514006487134234,0.0,0.0,0.0,0.0,0.0187076430270988,0.0,0.0,0.0,0.0,0.0,0.0,0.0,0.0,0.0,0.0372770167632311,0.0,0.0,0.0,GPAB2913,GPAB2913.JPG,2024-10-03 23:23:52.537,2024-10-04 11:23:52.537,7.18183796282,171.1195375944,793852.2213878798,513197.8823708013,-1.9310032322897557,31.44122660253906,-0.6601243833333335,0.9631243482619358,0.19606969540427432,0.015184656717679185,0.021690995020385184,0.7670546528576613,0.8416982687551517,0.980588220852871,0.940489448763017
data/train\GPAB2914_jpg.rf.05ad5a37a80ee9922fa2d84461e64b23.jpg,0.9631080627441406,0.3700163042538931,0.3710302790543148,0.3628042164452117,0.2893563372464823,0.0,0.0,0.3678654486166349,0.3518972659168118,0.0,0.0,0.0,0.0,0.0,0.0,0.0021508556372581,0.0,0.0,0.019133013137503,0.0,0.0,0.0,0.0,0.0050612321714231,0.0677010617929302,0.0,0.0,0.0,0.0,0.0,0.0,0.0021508556372581,0.0,0.0,0.0139728800149023,0.0,0.0,GPAB2914,GPAB2914.JPG,2024-10-03 23:23:54.539,2024-10-04 11:23:54.539,7.18185321232,171.11951561188,793853.9065509804,513195.4548861475,-1.9373967854218657,31.43661052050781,-0.6600910166666668,0.9628554913072785,0.35195103730774313,0.019079241746571662,0.01806526694614996,0.6109044539995352,0.9045362788792314,0.9697147055147584,0.9604459055610495
data/train\GPAB2915_jpg.rf.a6786972f25a53ecff6281be316a127d.jpg,0.8454275131225586,0.533251844070648,0.4896326837877336,0.359271628101697,0.3676340395949478,0.1039468200943687,0.0455088405927911,0.3292259032153371,0.3355901314134386,0.0,0.0281848506787677,0.0,0.0,0.0,0.0204091234687156,0.0,0.0020010639053777,0.1001357727621019,0.0579386737286426,0.0,0.0,0.0092390772061153,0.0096894126051662,0.1077607480368641,0.1103081676822418,0.0,0.0,0.0,0.0,0.0,0.0,0.0,0.0020010639053777,0.0570812120839678,0.0,0.0,0.0,GPAB2915,GPAB2915.JPG,2024-10-03 23:23:56.541,2024-10-04 11:23:56.541,7.181867538410001,171.119492745,793855.4896079496,513192.92978790746,-1.943790338553976,31.42802186230468,-0.6600576500000002,0.8443692711864081,0.43362689952239486,0.056005784265338754,0.0996249445482531,0.4107423716640133,0.735886781384435,0.8800085580331336,0.846591620761367
data/train\GPAB2916_jpg.rf.7f634b0de0ff892d3d6e051ea3b40642.jpg,0.9173698425292968,0.2209360830998438,0.2613529650121081,0.0067300656971172,0.013711704687521,0.0007230331673461,0.0,0.0800070286889574,0.1021397172777081,0.0,0.0,0.0,0.0,0.1124244559967583,0.1311052133283914,0.0,0.0,0.0,0.0,0.0277815652467818,0.0281080344060085,0.0007230331673461,0.0,0.0732769629918402,0.0919154713734557,0.0,0.0,0.0,0.0,0.1124244559967583,0.1276177545451228,0.0,0.0,0.0,0.0,0.0277815652467818,0.0281080344060085,GPAB2916,GPAB2916.JPG,2024-10-03 23:23:58.543,2024-10-04 11:23:58.543,7.181882009540001,171.11946999066,793857.0887021101,513190.4171109587,-1.9501838916860867,31.41943320410156,-0.6600242833333334,0.9168041357881253,0.19954659195003854,0.06180637306206954,0.021389491149805262,0.7172575438380866,0.7057539028937613,0.9206658507456064,0.9119264114849402
data/train\GPAB2941_jpg.rf.18f7f408bdbb3d1b44d43910c2e6eba4.jpg,0.8007087707519531,0.4131092730684068,0.240351396039737,0.0851604403876917,0.071218286881893,0.0828242654924019,0.071218286881893,0.0,0.0,0.1499895337828365,0.0264699273894181,0.1780764437138363,0.1400975182582678,0.0023361748952898,0.0025656635101579,0.0,0.0,0.0,0.0,0.0,0.0,0.0,0.0,0.0,0.0,0.1499895337828365,0.0264699273894181,0.1780764437138363,0.1400975182582678,0.0,0.0025656635101579,0.0,0.0,0.0,0.0,0.0,0.0,GPAB2941,GPAB2941.JPG,2024-10-03 23:24:48.593,2024-10-04 11:24:48.593,7.18182882747,171.11939410201998,793851.2073668182,513182.03993405536,-3.136168567885468,31.462119092773435,-0.6608098833333333,0.799344373112,0.22640252111007186,0.013948874929665123,0.18670675195833492,0.5729418520019282,0.530144483067196,0.9762325859149399,0.7621388529310654
data/train\GPAB2942_jpg.rf.1e3195c08fa8efff9464de31cf8e5d3c.jpg,0.9005975723266602,0.2646022933498232,0.2400834992884892,0.0602037935716302,0.050551828899434,0.015828953205447,0.0182544270178194,0.0029881530103337,0.0554584683219293,0.0042392980528995,0.0,0.021256022875886,0.0244755849079068,0.0375775604304015,0.0268501679395763,0.0018695160382775,0.0019828200405974,0.0,0.0,0.1809052029581946,0.1130620310606598,0.0,0.0,0.0018887201064673,0.0554584683219293,0.0042392980528995,0.0,0.0198541258980302,0.0244755849079068,0.023179310305095,0.0172414124208072,0.0018695160382775,0.0019828200405974,0.0,0.0,0.1534299425990402,0.0903733846978143,GPAB2942,GPAB2942.JPG,2024-10-03 23:24:50.595,2024-10-04 11:24:50.595,7.181814178900001,171.11941556735,793849.5886195905,513184.4102991731,-1.7465148474437358,31.453530434570308,-0.66084325,0.89991703842542,0.2023014155318662,0.03778208375662301,0.06230087781795701,0.6976156228935537,0.6690207260960823,0.9486236040513033,0.8565862958910718
data/train\GPAB2943_jpg.rf.785d4f902aaf6a01200939a608fa2ac6.jpg,0.8780326843261719,0.352661587830766,0.2861636609099272,0.0288416298108591,0.0283135179356394,0.0,0.0,0.3260505105401528,0.2476758276473288,0.0,0.0,0.0,0.0,0.0018378293257643,0.0022238310963794,0.0,0.0078938322294194,0.0248567856614745,0.0283701699367994,0.0,0.0,0.0,0.0,0.3099219738709448,0.2319736212919345,0.0,0.0,0.0,0.0,0.0018378293257643,0.0022238310963794,0.0,0.0078938322294194,0.012176339435746,0.0157588583565542,0.0,0.0,GPAB2943,GPAB2943.JPG,2024-10-03 23:24:52.597,2024-10-04 11:24:52.597,7.18179962841,171.11943696119002,793847.980712926,513186.77276855626,-2.0122669070364005,31.444941776367184,-0.6608766166666667,0.8771976655534709,0.25801145714708207,0.028152203762845107,0.09465013068368394,0.6191862084063889,0.6775265571852539,0.9565108400280049,0.8440614307197895
data/train\GPAB2944_jpg.rf.4c5671d6eb3325a6fb91a55ecd6b13f6.jpg,0.9071378707885742,0.209817887821356,0.1309803868851577,0.209817887821356,0.1055916485348256,0.0,0.0,0.142150433147758,0.1266124215753865,0.0,0.0,0.0,0.0,0.0,0.0024417972703337,0.0,0.0,0.0677807586759179,0.0019261680394374,0.0,0.0,0.0,0.0,0.0,0.0229469410799983,0.0,0.0,0.0,0.0,0.0,0.0024417972703337,0.0,0.0,0.0,0.0,0.0,0.0,GPAB2944,GPAB2944.JPG,2024-10-03 23:24:54.599,2024-10-04 11:24:54.599,7.18178445178,171.1194595016,793846.3036210738,513189.2618465898,-2.2780189666290656,31.443212890625,-0.6609099833333334,0.9065021134077043,0.12365019405710898,0.007330192828048726,0.08616769376424702,0.7828519193505953,0.5694279852132229,0.9907234133561461,0.790022460680105
data/train\GPAB2946_jpg.rf.4ae04bdc56ebbfb34e63f95e6dec2beb.jpg,0.9993362426757812,0.0054203482465725,0.0049268036940945,0.0,0.0,0.0,0.0,0.0054203482465725,0.0049268036940945,0.0,0.0,0.0,0.0,0.0,0.0,0.0,0.0,0.0,0.0,0.0,0.0,0.0,0.0,0.0054203482465725,0.0049268036940945,0.0,0.0,0.0,0.0,0.0,0.0,0.0,0.0,0.0,0.0,0.0,0.0,GPAB2946,GPAB2946.JPG,2024-10-03 23:24:58.603,2024-10-04 11:24:58.603,7.18175193193,171.11950449876997,793842.709923937,513194.23082997807,-1.8971346029124887,31.443212890625,-0.6609767166666667,0.9993316984269948,0.004839425183830959,8.737851026354142e-05,0.0005809230627415408,0.994492273243164,0.878661087866132,0.9999121452865947,0.9463688272934361
data/train\GPAB2948_jpg.rf.4acdaada60495f5c29e1e122f2d83397.jpg,0.9908018112182616,0.0280974721685041,0.0191954263591199,0.0199040564753237,0.0191954263591199,0.0,0.0,0.0199040564753237,0.0191954263591199,0.0,0.0,0.0,0.0,0.0081934156931804,0.0,0.0,0.0,0.0,0.0,0.0,0.0,0.0,0.0,0.0,0.0,0.0,0.0,0.0,0.0,0.0081934156931804,0.0,0.0,0.0,0.0,0.0,0.0,0.0,GPAB2948,GPAB2948.JPG,2024-10-03 23:25:02.607,2024-10-04 11:25:02.607,7.181720565209999,171.11955040574998,793839.2437292718,513199.30023111496,-1.8316198561026176,31.443212890625,-0.6609565500000001,0.9907388381154663,0.019015868321545115,0.00017955803757478336,0.009081603846958986,0.9717229697939211,0.6724846344527778,0.9998152509820348,0.8382987129081442
data/train\GPAB2949_jpg.rf.7fbf6a8deca8c7aae18c53062828ddff.jpg,0.999464988708496,0.0034836179696306,0.0037803208231631,0.0034836179696306,0.0037803208231631,0.0,0.0,0.0034836179696306,0.0037803208231631,0.0,0.0,0.0,0.0,0.0,0.0,0.0,0.0,0.0,0.0,0.0,0.0,0.0,0.0,0.0,0.0,0.0,0.0,0.0,0.0,0.0,0.0,0.0,0.0,0.0,0.0,0.0,0.0,GPAB2949,GPAB2949.JPG,2024-10-03 23:25:04.609,2024-10-04 11:25:04.609,7.1817043122,171.11957447253002,793837.447690738,513201.9578644839,-1.798862482697682,31.443212890625,-0.6609231833333334,0.9994613258872759,0.0033626323400347546,0.0004176884831283453,0.00012098562959584518,0.996098693547241,0.8619246861924297,0.9995808513631483,0.9824254863210342
data/train\GPAB2950_jpg.rf.502dd1ed83690517b5d11f810ee8abd0.jpg,0.970256805419922,0.2193239015753097,0.2015217303633601,0.0148034559641114,0.0683107909579565,0.0,0.0,0.1631712061883189,0.1427784061775646,0.0,0.0,0.0,0.0,0.0,0.0,0.0022795228941298,0.0038744207572932,0.0028681275841474,0.0030697703001403,0.0515273955634761,0.0517991331283619,0.0,0.0,0.1483677502242075,0.0783420359769013,0.0,0.0,0.0,0.0,0.0,0.0,0.0022795228941298,0.0,0.0028681275841474,0.0030697703001403,0.0515273955634761,0.0517991331283619,GPAB2950,GPAB2950.JPG,2024-10-03 23:25:06.611,2024-10-04 11:25:06.611,7.1816871993,171.11959672775,793835.5565413483,513204.4155121492,-1.883458616841578,31.443212890625,-0.6608898166666668,0.9700531760648177,0.1954494040017437,0.0060723263616163925,0.023874497573565995,0.774603772063074,0.8671369782480896,0.9922217083706424,0.9416833672536971
data/train\GPAB2951_jpg.rf.42d2aa39a63a8cd50185c4c34c3d023a.jpg,0.9755783081054688,0.132780768277952,0.1390259312532767,0.0827311257616813,0.1198823558782692,0.0,0.0,0.1245499046518014,0.1331302823190064,0.0,0.0,0.0,0.0,0.0,0.0,0.0083585706796127,0.0,0.0,0.0058956489342702,0.0,0.0,0.0,0.0,0.04181877889012,0.0191435753750074,0.0,0.0,0.0,0.0,0.0,0.0,0.0083585706796127,0.0,0.0,0.0,0.0,0.0,GPAB2951,GPAB2951.JPG,2024-10-03 23:25:08.613,2024-10-04 11:25:08.613,7.18167128111,171.1196227408,793833.7975727249,513207.28801999305,-1.819858265493361,31.443212890625,-0.66085645,0.9754111110897733,0.12360890531050095,0.015417025942775747,0.009171862967451039,0.8518022057792722,0.8340806012699231,0.9822224584293847,0.9565736109797556
data/train\GPAB2952_jpg.rf.d5edd999c3d70eee6ea6ae39f932ee17.jpg,0.9539384841918944,0.1670897963024487,0.1330092966894107,0.0562832830506814,0.0587769313051276,0.05306468122207,0.0293188509053757,0.1077434643754933,0.0885614808641062,0.0,0.0099342644745862,0.0,0.0,0.0062816507048853,0.0029295806023548,0.0,0.0,0.0,0.0022651198429875,0.0,0.0,0.0206088457778895,0.0014854346744814,0.0882186882469182,0.0605475463922277,0.0,0.0099342644745862,0.0,0.0,0.0030803325376447,0.0,0.0,0.0,0.0,0.0022651198429875,0.0,0.0,GPAB2952,GPAB2952.JPG,2024-10-03 23:25:10.615,2024-10-04 11:25:10.615,7.18165717875,171.1196474574,793832.2393025958,513210.017337189,-1.933986998466123,31.443212890625,-0.6608230833333334,0.9536231355250295,0.12686111425844449,0.006148182430966209,0.040228682044004205,0.826762021266585,0.7322938952876097,0.992618433051159,0.8759287895508934
data/train\GPAB2953_jpg.rf.e9d7fd4bca495dd962d44280979b6764.jpg,0.9116363525390624,0.2753517705190668,0.2481146406054658,0.1225574825771091,0.1391469168828724,0.0,0.0,0.2229198633438507,0.206611768637068,0.0,0.0,0.0096538850790151,0.0106582578453419,0.0427818629098388,0.0272438513374673,0.0,0.0036007627855884,0.0,0.0,0.0,0.0,0.0,0.0,0.1296389827220998,0.0932933632660742,0.0,0.0,0.0096538850790151,0.0106582578453419,0.0138250086898408,0.0014153398255886,0.0,0.0036007627855884,0.0,0.0,0.0,0.0,GPAB2953,GPAB2953.JPG,2024-10-03 23:25:12.617,2024-10-04 11:25:12.617,7.1816409942,171.11967140085,793830.4508291548,513212.6613527148,-1.827158688756316,31.443212890625,-0.6607897166666666,0.9110313928902698,0.2172489020074011,0.030865738598064713,0.058102868511665684,0.6937824908828685,0.709459438272359,0.9574059007635002,0.873196331698791
data/train\GPAB2985_jpg.rf.1aa4eb008b359be4a92a854650b08c4f.jpg,0.8552827835083008,0.3400032262834558,0.2357894696412488,0.0078074139225653,0.0012463440255183,0.0393702601959199,0.0481609224098032,0.0008949095776449,0.0,0.0641060602277986,0.0277969285013337,0.2187141724102834,0.1560801040092333,0.0159902673782414,0.0037515147208784,0.0009409993413004,0.0,0.0,0.0,0.0,0.0,0.0393702601959199,0.0481609224098032,0.0008949095776449,0.0,0.0641060602277986,0.0277969285013337,0.2187141724102834,0.1560801040092333,0.0091824252049554,0.0025051706953601,0.0,0.0,0.0,0.0,0.0,0.0,GPAB2985,GPAB2985.JPG,2024-10-03 23:26:16.681,2024-10-04 11:26:16.681,7.181565685290001,171.11962067311998,793822.1241455423,513207.0627783834,-2.193691712179493,31.48611328124999,-0.6602780166666667,0.8542920132200805,0.21504235457239262,0.02074711506885618,0.12496087171106318,0.639249658647688,0.5960974389276609,0.9685648235035667,0.8005181676929856
data/train\GPAB2986_jpg.rf.8384c7104ca8ce5717f2a1895ec3f4e6.jpg,0.9252052307128906,0.225354939190318,0.170604140781183,0.0335927162810169,0.0062902925355707,0.0110721055148322,0.0099179410166249,0.1669928157580902,0.1327702060404476,0.0,0.0,0.0138807004875912,0.0089433345559923,0.0225052475116328,0.0076086518168008,0.0042056909335673,0.0076605028009133,0.0,0.0,0.0068760166153597,0.0037035045504039,0.0091017681185582,0.0078938322294194,0.1548520038484952,0.1327702060404476,0.0,0.0,0.0138807004875912,0.0089433345559923,0.004285387816555,0.0033424680684356,0.0042056909335673,0.0076605028009133,0.0,0.0,0.0068760166153597,0.0037035045504039,GPAB2986,GPAB2986.JPG,2024-10-03 23:26:18.683,2024-10-04 11:26:18.683,7.18158056869,171.11959776963,793823.7688101891,513204.53362008586,-1.9871425792245292,31.48611328124999,-0.6603113833333334,0.9246931670004974,0.16032612348599917,0.010278017295183822,0.06502881570431882,0.7643670435144981,0.6804061956242689,0.9867319656250813,0.8490851076341175
data/train\GPAB2987_jpg.rf.8edaf56f6842917821771008f1c445b3.jpg,0.9569120407104492,0.285836231547291,0.2738231266911582,0.0950841426247736,0.0284316229550067,0.0043977316154654,0.0,0.2726055887679246,0.261711120883848,0.0,0.0,0.0,0.0,0.0088415529945863,0.0043842887677325,0.0,0.0,0.0,0.0,0.0,0.0077277170395776,0.0043977316154654,0.0,0.1831415166988975,0.2344768715804756,0.0,0.0,0.0,0.0,0.0032214824388398,0.0031869151160981,0.0,0.0,0.0,0.0,0.0,0.0077277170395776,GPAB2987,GPAB2987.JPG,2024-10-03 23:26:20.685,2024-10-04 11:26:20.685,7.18159529225,171.11957497240002,793825.3958080882,513202.0161985229,-1.8851799596251315,31.48611328124999,-0.6603447500000001,0.9566170497558203,0.2581382039971347,0.015684922694023495,0.027698027550156268,0.6984788457586855,0.8561197128827007,0.9780373586747392,0.9405678104600739
data/train\GPAB2988_jpg.rf.83afaab24b357370faadb37c4a8f2e80.jpg,0.9762907028198242,0.1742212270247329,0.1623559934936617,0.016768992343338,0.008227983015922,0.0054789206545514,0.0041759246278731,0.1545524203847343,0.14491581896709,0.0,0.0,0.0,0.0,0.0142023686297705,0.0132642498986985,0.0,0.0,0.0,0.0,0.0,0.0,0.0,0.0012156175164146,0.1432623486959477,0.1396481430626263,0.0,0.0,0.0,0.0,0.0142023686297705,0.0132642498986985,0.0,0.0,0.0,0.0,0.0,0.0,GPAB2988,GPAB2988.JPG,2024-10-03 23:26:22.687,2024-10-04 11:26:22.687,7.181609474519999,171.11955204547002,793826.9629640498,513199.4844728102,-1.8869325698804025,31.48611328124999,-0.6603781166666668,0.9761283830366625,0.15635280177752864,0.006003191716133061,0.01786842524720425,0.8197755812591341,0.8675450467249897,0.9927302663708542,0.9450842831066144
data/train\GPAB2989_jpg.rf.8c0306c24da4ca0fa0a6db116a0c7028.jpg,0.7484588623046875,0.7171403990221289,0.4787622209888942,0.2836325647225108,0.1788590094925709,0.110980310068885,0.0279006304695586,0.426999575590093,0.4468988310483693,0.0,0.0,0.0,0.0,0.0,0.0,0.0,0.0029439836534971,0.0,0.0,0.1816714452789679,0.0010187758174691,0.110980310068885,0.0279006304695586,0.3243077413519279,0.2680398215557983,0.0,0.0,0.0,0.0,0.0,0.0,0.0,0.0029439836534971,0.0,0.0,0.0,0.0010187758174691,GPAB2989,GPAB2989.JPG,2024-10-03 23:26:24.689,2024-10-04 11:26:24.689,7.18162410047,171.11952957446,793828.579181038,513197.0030716784,-1.8704190997280676,31.493359157226557,-0.6604114833333334,0.7467367487128473,0.4713196843619353,0.007442536626958929,0.24582071466019362,0.2754170643509122,0.6504703066733456,0.9736882304817323,0.8154545832919009
data/train\GPAB2990_jpg.rf.26380753fc33e784adf7e3cfce47a36f.jpg,0.3183317184448242,0.8728393022777945,0.1925803162141868,0.080392070256163,0.0937821068015048,0.0,0.0013308419255535,0.8728393022777945,0.1685166585689512,0.0,0.0,0.0,0.0,0.0,0.0169043810240761,0.0,0.0,0.0,0.0058284346956059,0.0,0.0,0.0,0.0013308419255535,0.7927180093831078,0.0866583577064965,0.0,0.0,0.0,0.0,0.0,0.0097249401313174,0.0,0.0,0.0,0.0010840696493145,0.0,0.0,GPAB2990,GPAB2990.JPG,2024-10-03 23:26:26.691,2024-10-04 11:26:26.691,7.18163748061,171.11950655929,793830.0576611377,513194.4616270004,-1.853905629575732,31.501947815429684,-0.6604448500000002,0.31366484676113787,0.18954223262655956,0.0030380835876272494,0.6832970696512349,0.12412261413457826,0.21640270166272185,0.9761083130082832,0.5966321227643243
data/train\GPAB2991_jpg.rf.349d021fabfa3966b9f88f23b1096169.jpg,0.9127531051635742,0.4108921633958938,0.3504963291423655,0.1904553860689848,0.2858458335813859,0.0,0.0,0.3985698730419052,0.3341123783662331,0.0,0.0,0.0,0.0,0.0123222903539885,0.0115550878298058,0.0,0.0,0.0,0.0048288629463265,0.0,0.0,0.0,0.0,0.2081164073797393,0.0482665447848472,0.0,0.0,0.0,0.0,0.0123222903539885,0.0115550878298058,0.0,0.0,0.0,0.0048288629463265,0.0,0.0,GPAB2991,GPAB2991.JPG,2024-10-03 23:26:28.693,2024-10-04 11:26:28.693,7.1816533577,171.11948583327998,793831.8122391552,513192.1728520808,-1.8373921594233968,31.510536473632804,-0.6604782166666667,0.912155791082783,0.3367721418105212,0.013724187331844329,0.07412002158537262,0.5753836492722619,0.7931209931820498,0.9767034378443223,0.8981577116030703
data/train\GPAB2992_jpg.rf.e4effd5df06ee1d3cc045935c76638eb.jpg,0.9943914413452148,0.1081486702142981,0.105747201487163,0.0890242989074805,0.08631268447908,0.0,0.0,0.1081486702142981,0.105747201487163,0.0,0.0,0.0,0.0,2.2084678418276127e-05,0.0,0.0,0.0,0.0,0.0,0.0,0.0,0.0,0.0,0.0191464559852359,0.0194345170080829,0.0,0.0,0.0,0.0,0.0,0.0,0.0,0.0,0.0,0.0,0.0,0.0,GPAB2992,GPAB2992.JPG,2024-10-03 23:26:30.695,2024-10-04 11:26:30.695,7.181668666649999,171.11946243695,793833.503933898,513189.5892690236,-1.8208786892710616,31.51912513183593,-0.6605115833333335,0.9943530437487877,0.10412445772512446,0.0016227437620385393,0.004024212489173631,0.8902285860236634,0.9485571329851915,0.9981804772748072,0.980485236462159
data/train\GPAB2994_jpg.rf.399149a84f76c2e820ddc039f29be960.jpg,0.9839982986450196,0.0602018731648112,0.0512460559644955,0.025893805343724,0.0512460559644955,0.0,0.0025080513055885,0.0602018731648112,0.0402565279428794,0.0,0.0,0.0,0.0,0.0,0.0,0.0,0.0,0.0,0.0084814767160275,0.0,0.0,0.0,0.0,0.0343080678210872,0.0,0.0,0.0,0.0,0.0,0.0,0.0,0.0,0.0,0.0,0.0,0.0,0.0,GPAB2994,GPAB2994.JPG,2024-10-03 23:26:34.699,2024-10-04 11:26:34.699,7.18169822016,171.11941638227,793836.7696792112,513184.50361296936,-1.8536099372675647,31.53630244824219,-0.6605783166666668,0.9838887469921629,0.047668338060734894,0.003577717903760609,0.012533535104076308,0.9362204089314282,0.747391716724632,0.9961930995587226,0.8940006600238717
data/train\GPAB2995_jpg.rf.77053a52828cd1b35e1a6b481dda0977.jpg,0.7288885116577148,0.8347249881414879,0.6132934400823471,0.7394353619870834,0.249380188699174,0.0,0.0,0.8267889069620509,0.6052872640540172,0.0,0.0,0.0,0.0,0.007936081179437,0.0,0.0,0.0,0.0,0.0,0.0,0.0080061760283298,0.0,0.0,0.0919557999166543,0.3559070753548431,0.0,0.0,0.0,0.0,0.007936081179437,0.0,0.0,0.0,0.0,0.0,0.0,0.0080061760283298,GPAB2995,GPAB2995.JPG,2024-10-03 23:26:36.701,2024-10-04 11:26:36.701,7.181713407969999,171.11939274595,793838.4479756963,513181.8935371008,-1.9125443441250336,31.54489110644531,-0.6606116833333334,0.7270324145466975,0.5875254213852663,0.025768018697080786,0.24719956675622157,0.13950699316143134,0.6827776829283263,0.8440900508351489,0.7739725642668602
data/train\GPAB2996_jpg.rf.71234c52d0bc86b7485ea41a885640db.jpg,0.9471378326416016,0.3661005947499918,0.3801675746990242,0.0960126593217507,0.2264764567726027,0.0,0.0,0.3661005947499918,0.3801675746990242,0.0,0.0,0.0,0.0,0.0,0.0,0.0,0.0,0.0,0.0,0.0,0.0,0.0,0.0,0.2701983588203325,0.1536911179264215,0.0,0.0,0.0,0.0,0.0,0.0,0.0,0.0,0.0,0.0,0.0,0.0,GPAB2996,GPAB2996.JPG,2024-10-03 23:26:38.703,2024-10-04 11:26:38.703,7.181728541769999,171.11937125129998,793840.1203632256,513179.519920413,-1.7041323392946366,31.55347976464843,-0.6606450500000001,0.9467759250119545,0.3465220472304853,0.03364552746853888,0.019578547519506495,0.6002538777814693,0.8668553063312789,0.946922923117006,0.9467221612128198
data/train\GPAB3022_jpg.rf.4a7028ccc8d0c43d90f9f26c5b803a76.jpg,0.8445644378662109,0.2630064352832504,0.155413722843047,0.0,0.0,0.0,0.0,0.0,0.0,0.0339364691016144,0.0,0.1833652440933087,0.1005592224656871,0.0460417534850582,0.0236718946541635,0.0,0.0247886112194007,0.0,0.0,0.0,0.0063939945037956,0.0,0.0,0.0,0.0,0.0339364691016144,0.0,0.1833652440933087,0.1005592224656871,0.0460417534850582,0.0236718946541635,0.0,0.0247886112194007,0.0,0.0,0.0,0.0063939945037956,GPAB3022,GPAB3022.JPG,2024-10-03 23:27:30.755,2024-10-04 11:27:30.755,7.18165891345,171.119292086,793832.4208417427,513170.78144321777,-3.659645768708851,31.53864480957031,-0.661,0.8435002871008195,0.13096022261355844,0.024453500229488556,0.13204621266969196,0.712540064487261,0.45557730464235374,0.9668199270655955,0.7323776788522309
data/train\GPAB3023_jpg.rf.2d06d6161234dba9738fbea660799947.jpg,0.892512321472168,0.2884172583120008,0.2091515066551698,0.0105699191316688,0.0,0.0,0.0,0.0,0.0,0.0129397011462908,0.0021057260770121,0.2126975378464173,0.1731198737140475,0.0600770467215775,0.03392590686411,0.0028940530762036,0.0,0.0,0.0,0.0,0.0,0.0,0.0,0.0,0.0,0.0129397011462908,0.0021057260770121,0.2126975378464173,0.1731198737140475,0.0495071275899086,0.03392590686411,0.0028940530762036,0.0,0.0,0.0,0.0,0.0,GPAB3023,GPAB3023.JPG,2024-10-03 23:27:32.757,2024-10-04 11:27:32.757,7.18164363371,171.11931476459,793830.7323545158,513173.2857806096,-2.4121166927391693,31.530056151367187,-0.661,0.8917764339197616,0.19467259944346615,0.01447890721170364,0.09374465886853467,0.6971038344762955,0.6427040735457287,0.9796525317950276,0.8273105769661591
data/train\GPAB3024_jpg.rf.962d5da92455184bd060dd0c24c8dab4.jpg,0.8817100524902344,0.303786274084302,0.2493158550707382,0.0151683332597177,0.0124423157801748,0.0073282724212297,0.0062288395173633,0.0002650161410193,0.0,0.0,0.0066724534925478,0.2840118450692594,0.207645907709089,0.0121811404527935,0.0287686543517378,0.0,0.0,0.0,0.0,0.0,0.0,0.0,0.0,0.0,0.0,0.0,0.0066724534925478,0.2840118450692594,0.207645907709089,0.0046060957553248,0.0225551780889263,0.0,0.0,0.0,0.0,0.0,0.0,GPAB3024,GPAB3024.JPG,2024-10-03 23:27:34.759,2024-10-04 11:27:34.759,7.181627274650001,171.11933799093,793828.9245668937,513175.85062521865,-1.7310628325454875,31.536559850585935,-0.661,0.8809002099004654,0.21700116952775272,0.03231468554298547,0.08678510455654925,0.6638990403727125,0.6456428144935733,0.9535851070725683,0.8339534723135656
data/train\GPAB3025_jpg.rf.0e7dd03ddf2d70bda47a0516e862f4c9.jpg,0.900991439819336,0.1189989687415382,0.0656212612079742,0.0096423626381012,0.0057112898796481,0.0055394134693493,0.0,0.0685479612001006,0.0585829702164106,0.0,0.0,0.0203879989937068,0.0,0.0238418506576433,0.0070382909915636,0.000689426048014,0.0,0.0,0.0,0.0,0.0,0.0055394134693493,0.0,0.0642040009755666,0.0528716803367625,0.0,0.0,0.0203879989937068,0.0,0.0195603036547262,0.0070382909915636,0.0,0.0,0.0,0.0,0.0,0.0,GPAB3025,GPAB3025.JPG,2024-10-03 23:27:36.761,2024-10-04 11:27:36.761,7.181611070430001,171.11936024494,793827.133868634,513178.3081125413,-1.6505947402376655,31.545148508789055,-0.661,0.9003136024335396,0.042466916191526094,0.0231543450164481,0.07653205255001211,0.8578466862420137,0.2987402478975997,0.9737181408478338,0.6652930377121664
data/train\GPAB3026_jpg.rf.0132f1051a4116579dca9e90f5fe8dac.jpg,0.9621753692626952,0.1234658350024869,0.1143189373236826,0.0163993140306842,0.0,0.0,0.0,0.0930869195330338,0.0950610977429458,0.0,0.0,0.0,0.0,0.0305421500490663,0.0036055638026359,0.0,0.0156522757781008,0.0,0.0,0.0,0.0,0.0,0.0,0.0912702146822782,0.0950610977429458,0.0,0.0,0.0,0.0,0.0159595408691377,0.0036055638026359,0.0,0.0156522757781008,0.0,0.0,0.0,0.0,GPAB3026,GPAB3026.JPG,2024-10-03 23:27:38.763,2024-10-04 11:27:38.763,7.1815961039600005,171.11938063974998,793825.4799473536,513180.5602938224,-1.650874438188252,31.553737166992185,-0.661,0.9619164123727969,0.09985059234948324,0.014468344974199368,0.02361524265300366,0.8620658200233138,0.7239002861100856,0.9834936896336033,0.8961121186088268
data/train\GPAB3027_jpg.rf.747b37a57bb87ebb8bad757bc73c82cb.jpg,0.9545402526855468,0.1816973707710241,0.1510649616014656,0.0491268870397505,0.0233876744449544,0.0137088240772925,0.0131989560668532,0.1349901963231891,0.1178428838365119,0.0,0.0,0.0,0.0,0.0,0.0,0.0209266731064308,0.0,0.0121158466209481,0.0200231216981005,0.0,0.0,0.0,0.0131989560668532,0.1117119850669165,0.1058893115917676,0.0,0.0,0.0,0.0,0.0,0.0,0.0209266731064308,0.0,0.0,0.0085890194978904,0.0,0.0,GPAB3027,GPAB3027.JPG,2024-10-03 23:27:40.765,2024-10-04 11:27:40.765,7.18158138635,171.1194030899,793823.8535961721,513183.0393940944,-1.6511541361388384,31.562325825195305,-0.661,0.9542290238764178,0.14349567812445374,0.007569283477011857,0.03820169264657036,0.810733345751964,0.7581667182450488,0.9907500193612431,0.8902505037935432
data/train\GPAB3028_jpg.rf.bab6e79b28a15e973dd2a4273d4b3f69.jpg,0.8226222991943359,0.3077298294870785,0.1448505251352446,0.009714377893813,0.0320074204519485,0.0,0.015041586409665,0.1589731968820275,0.1127240394605193,0.0,0.0,0.0,0.0,0.0,0.0139392728955701,0.0,0.0031456263694901,0.1650071151072643,0.0,0.0,0.0,0.0,0.0064583281322315,0.1492665006154903,0.1032391501815744,0.0,0.0,0.0,0.0,0.0,0.0,0.0,0.0031456263694901,0.1650071151072643,0.0,0.0,0.0,GPAB3028,GPAB3028.JPG,2024-10-03 23:27:42.767,2024-10-04 11:27:42.767,7.18156594928,171.11942598263,793822.1477232475,513185.5673796265,-1.651433834089425,31.570914483398436,-0.661,0.8214079270552674,0.13699414083879524,0.007856384296449359,0.17073568864828326,0.6844137862164722,0.43409418680362427,0.9886512742696565,0.7169139722779243
data/train\GPAB3029_jpg.rf.9be364b3f26fd5581081ef77d347a1a7.jpg,0.8849496841430664,0.3726069330526979,0.3288245381901702,0.0651555625543715,0.1271875834176712,0.0013846133164849,0.0,0.3683167442190954,0.3260505105401528,0.0,0.0,0.0,0.0,0.0029055755171175,0.0027740276500173,0.0,0.0,0.0,0.0,0.0,0.0,0.0,0.0,0.3045457949812088,0.1988629271224816,0.0,0.0,0.0,0.0,0.0029055755171175,0.0027740276500173,0.0,0.0,0.0,0.0,0.0,0.0,GPAB3029,GPAB3029.JPG,2024-10-03 23:27:44.769,2024-10-04 11:27:44.769,7.18155052254,171.1194474342,793820.4429509345,513187.9362494151,-1.6517135320400111,31.57950314160156,-0.661,0.8841620208825037,0.2927967460626859,0.036027792127484304,0.07981018699001197,0.5913652748198178,0.7165243872350324,0.9425754060324826,0.8641906794368057
data/train\GPAB3030_jpg.rf.adc799d4514f57aa03abab83f2ad6e6e.jpg,0.9114818572998048,0.4887156895316704,0.4695769151737104,0.0620877126610501,0.3180520161390989,0.0,0.0,0.4887156895316704,0.4667644793873134,0.0,0.0,0.0,0.0,0.0,0.0028124357863969,0.0,0.0,0.0,0.0,0.0,0.0,0.0,0.0,0.4266375789047151,0.1487124632482145,0.0,0.0,0.0,0.0,0.0,0.0028124357863969,0.0,0.0,0.0,0.0,0.0,0.0,GPAB3030,GPAB3030.JPG,2024-10-03 23:27:46.771,2024-10-04 11:27:46.771,7.18153632576,171.11946747662,793818.8741073374,513190.1495024488,-1.6519932299905975,31.588091799804683,-0.661,0.9108758399379325,0.4345842223216566,0.03499269285205381,0.05413146721001377,0.47629161761627575,0.8298210166955743,0.9315592281327761,0.9103982662096339
data/train\GPAB3031_jpg.rf.ab0edf94425b881b01d5ae81bd81b21d.jpg,0.9066295623779296,0.1788330840005146,0.2261327039520052,0.0676252057235804,0.1206850859286031,0.0,0.0154525534689268,0.1766370988030104,0.1938285806465241,0.0,0.0,0.0,0.0,0.0015516887097362,0.001572813184745,0.0006471770979964,0.0,0.0,0.0152787566518091,0.0,0.0,0.0,0.0154525534689268,0.1105683828062136,0.0747163079026661,0.0,0.0,0.0,0.0,0.0,0.0,0.0006471770979964,0.0,0.0,0.0152787566518091,0.0,0.0,GPAB3031,GPAB3031.JPG,2024-10-03 23:27:48.773,2024-10-04 11:27:48.773,7.18152035736,171.11949011228,793817.1094900925,513192.6491211966,-1.652272927941184,31.59668045800781,-0.661,0.9059903249904458,0.15547805647148283,0.07065464748052236,0.023355027529031763,0.7505122685189631,0.6231891866927347,0.9139582390572508,0.8916807222562153
data/train\GPAB3032_jpg.rf.1d597c1e44f74b2246f4f867092f84fd.jpg,0.8890132904052734,0.4907033105893152,0.4280173912041526,0.0207941650359212,0.0681341135306103,0.0481657234268507,0.0432293176986612,0.3689620009102728,0.2925432523625805,0.0,0.0074252529655882,0.0473956402924395,0.0287628931312809,0.0068654543778554,0.0050660331884706,0.0076633834111418,0.0,0.0,0.0,0.0129156960610535,0.0509906418575711,0.0481657234268507,0.0432293176986612,0.3512318449540351,0.2294751720204408,0.0,0.0074252529655882,0.0473956402924395,0.0287628931312809,0.0045523243643933,0.0,0.0076633834111418,0.0,0.0,0.0,0.0129156960610535,0.0509906418575711,GPAB3032,GPAB3032.JPG,2024-10-03 23:27:50.775,2024-10-04 11:27:50.775,7.181504749250001,171.119512943,793815.384707788,513195.17026592407,-1.6525526258917704,31.605269116210938,-0.661,0.8882534476103418,0.4034870747019048,0.024530316502247795,0.0872162358874104,0.48476637290843694,0.7831147919819303,0.9518349185999379,0.8870488558024021
data/train\GPAB3033_jpg.rf.50b9b3afcefbc3350536ce8c5bc36581.jpg,0.9061098098754884,0.1903075147439233,0.2113330888015317,0.1040476414523652,0.0813369104111014,0.0415988923093468,0.0385992168580992,0.1137303326336651,0.1335959809726092,0.0,0.0068328074619327,0.0117423274946564,0.0035354689537431,0.02490287542513,0.0144981112798935,0.0006356546570825,0.0011724083629876,0.0,0.0020519546860806,0.0,0.0110471402261855,0.0087858611968359,0.0043804479540945,0.0479400756256205,0.1062196215646322,0.0,0.0068328074619327,0.0117423274946564,0.0035354689537431,0.0194460394489968,0.0058034694069591,0.0006356546570825,0.0011724083629876,0.0,0.0020519546860806,0.0,0.0,GPAB3033,GPAB3033.JPG,2024-10-03 23:27:52.777,2024-10-04 11:27:52.777,7.18149028518,171.1195379142,793813.786458155,513197.9277040362,-3.287476775628273,31.61385777441406,-0.661,0.9054670141322739,0.1535538088388645,0.05777927996266721,0.0367537059050588,0.7519132052934095,0.6189519640514154,0.9286404641085515,0.8677562420444372
data/train\GPAB3035_jpg.rf.d5c32d9742ccdb6a97e4a8d5755c24d6.jpg,0.6423168182373047,0.4897306245355016,0.231622186844061,0.0,0.0009650044265377,0.0,0.0,0.0,0.0,0.1160348208164417,0.0228470799254114,0.3758745052551933,0.2010253052006537,0.0,0.0055259706216164,0.0,0.0022238310963794,0.0,0.0,0.0,0.0,0.0,0.0,0.0,0.0,0.1160348208164417,0.0228470799254114,0.3758745052551933,0.2010253052006537,0.0,0.0045609661950787,0.0,0.0022238310963794,0.0,0.0,0.0,0.0,GPAB3035,GPAB3035.JPG,2024-10-03 23:27:56.781,2024-10-04 11:27:56.781,7.18146152717,171.11958317853,793810.6086320414,513202.9260793198,-6.007587007726488,31.598593815429684,-0.661,0.6398680296433996,0.18061042051148113,0.051011766332579866,0.30912020402402046,0.4592576091319186,0.33400455292868375,0.9000297317742343,0.634412585228016
data/train\GPAB3036_jpg.rf.73115f2d96e2a173cce8abbe17c95bd0.jpg,0.8173503875732422,0.3983730313429597,0.2478323408030757,0.0467657468558139,0.0207413538483992,0.0,0.0,0.0095713075857989,0.0,0.137220748843435,0.0888341786324014,0.2313494890757658,0.1093153173568288,0.0065370648118097,0.0041480787289979,0.014199488019542,0.0455347660848474,0.0,0.0,0.0,0.0,0.0,0.0,0.0095713075857989,0.0,0.0908246803002748,0.0680928247840022,0.2313494890757658,0.1093153173568288,0.0065370648118097,0.0041480787289979,0.014199488019542,0.0455347660848474,0.0,0.0,0.0,0.0,GPAB3036,GPAB3036.JPG,2024-10-03 23:27:58.783,2024-10-04 11:27:58.783,7.18145090131,171.119602255,793809.4345179967,513205.0325815873,-9.191130577745062,31.59000515722656,-0.661,0.8160999226076052,0.2311526473768204,0.016679693426255304,0.1672203839661393,0.584947275230785,0.5569235752044513,0.9722756885990534,0.776258697357249
data/train\GPAB3065_jpg.rf.623b37a3e1def7e946fbe7642cf75b09.jpg,0.793731689453125,0.2973874785634589,0.1392919075977055,0.0,0.0,0.0,0.0,0.0,0.0,0.0533796279403828,0.0568786091645654,0.2417552134244118,0.0728736775598542,0.0001910804784885,0.0,0.0,0.002213268858875,0.0,0.0,0.0020615567201756,0.0073263520144107,0.0,0.0,0.0,0.0,0.0533796279403828,0.0568786091645654,0.2417552134244118,0.0728736775598542,0.0001910804784885,0.0,0.0,0.002213268858875,0.0,0.0,0.0020615567201756,0.0073263520144107,GPAB3065,GPAB3065.JPG,2024-10-03 23:28:56.841,2024-10-04 11:28:56.841,7.182134732220001,171.12010157259,793885.0448222712,513260.14145100187,-3.796111345619845,31.545491711914057,-0.6619473500000002,0.7923195249681693,0.11449945556466679,0.024792452033038703,0.1828880229987921,0.6778200694035024,0.3553897828231499,0.9647139052085938,0.6748658237204592
data/train\GPAB3066_jpg.rf.c7ab7f595d1fabcf9345d55074498965.jpg,0.8657913208007812,0.5603170975739501,0.538714441267238,0.1269801794812213,0.0382449017999973,0.1058835503713106,0.1047169032287799,0.0045532845678028,0.0,0.0919577203234733,0.1892340073321132,0.3335967491353368,0.2333390305402296,0.0219675336023183,0.0,0.0,0.0053483329908607,0.0,0.0,0.0026117532738135,0.0060761671752544,0.0,0.0664720014287826,0.0045532845678028,0.0,0.0919577203234733,0.1892340073321132,0.3335967491353368,0.2333390305402296,0.0008709044924076,0.0,0.0,0.0053483329908607,0.0,0.0,0.0026117532738135,0.0060761671752544,GPAB3066,GPAB3066.JPG,2024-10-03 23:28:58.843,2024-10-04 11:28:58.843,7.18216337228,171.12011810266,793888.2113914719,513261.9656711851,-2.73997580709102,31.554080370117184,-0.6619807166666668,0.8648724945892537,0.4819520167152209,0.05676242455201708,0.07836508085872917,0.3829204778740328,0.7810209210229436,0.8709014513895865,0.8655215006202481
data/train\GPAB3067_jpg.rf.787b1d28ce4fe02d8dcdc53034e25912.jpg,0.5644092559814453,0.6265432869299032,0.2077736147625513,0.0756803521257943,0.0140881044240411,0.0341544352755687,0.0246417000977487,0.1228801109226978,0.0222479129978894,0.088635416526637,0.1050664172698344,0.2637429112983294,0.0186615532634433,0.1109831906791134,0.0202871776357103,0.0006116495718452,0.0,0.0,0.0,0.0067329463073457,0.016868853497925,0.0341544352755687,0.0187777378759916,0.1199726149987613,0.0200567288174326,0.088635416526637,0.1050664172698344,0.2637429112983294,0.0186615532634433,0.0398119537642854,0.014254219613883,0.0006116495718452,0.0,0.0,0.0,0.0054770002477324,0.016868853497925,GPAB3067,GPAB3067.JPG,2024-10-03 23:29:00.845,2024-10-04 11:29:00.845,7.182187386700001,171.12014592600002,793890.8669340626,513265.0368910774,-2.1882824372899274,31.562669028320304,-0.6619577500000001,0.5614270927153208,0.1978719972038877,0.009901617558663589,0.42867128972601554,0.36355509551143317,0.310902005512784,0.9734865723064267,0.6446509689355726
data/train\GPAB3068_jpg.rf.7d5b5b389e42fbf25daa11b1aab52fd6.jpg,0.8620929718017578,0.7368466535950976,0.607388189113982,0.0126372370723013,0.0016083407108961,0.0,0.0,0.0040981481517044,0.0032234028456588,0.0,0.0913863992948266,0.2888887181860605,0.1210086744776013,0.012372220931282,0.0013145184675921,0.0031581090138134,0.0030870539615112,0.0,0.0,0.4284418011111474,0.3873681400667917,0.0,0.0,0.0024158717782775,0.0016150621347626,0.0,0.0913863992948266,0.2888887181860605,0.1210086744776013,0.0014172602324076,0.0013145184675921,0.0031581090138134,0.0030870539615112,0.0,0.0,0.4284418011111474,0.3873681400667917,GPAB3068,GPAB3068.JPG,2024-10-03 23:29:02.847,2024-10-04 11:29:02.847,7.18220460289,171.12017676875,793892.7710360206,513268.4416743356,-2.310321157330117,31.57125768652343,-0.6618576500000001,0.8611488257672505,0.6026918342381651,0.004696354875816877,0.13415481935693252,0.2584569915290855,0.8127537140171209,0.9821535430197768,0.900043706012212
data/train\GPAB3069_jpg.rf.b4e787e9b2ba7d152d6ea99e92e0ca40.jpg,0.8672571182250977,0.4983052409822496,0.4139638541028531,0.1979670573414272,0.1811327711662438,0.1796041273383353,0.1746965277124306,0.1004430378531388,0.0650451391622801,0.0202842970254818,0.0,0.0789402427010137,0.0731348528872356,0.008968299844639,0.0029804713830577,0.0100782949860098,0.0102127234633384,0.0,0.0,0.1009000946760561,0.0878941394945105,0.0348131348144791,0.020366874518698,0.0561402127426674,0.0435625082817544,0.0202842970254818,0.0,0.0789402427010137,0.0731348528872356,0.0027490623613706,0.0,0.0100782949860098,0.0102127234633384,0.0,0.0,0.098590805476232,0.0855541237855827,GPAB3069,GPAB3069.JPG,2024-10-03 23:29:04.849,2024-10-04 11:29:04.849,7.18221292961,171.12020825516998,793893.692446972,513271.91778134025,-2.704696373318395,31.579846344726555,-0.6617575500000001,0.8663483272296403,0.3893087111573714,0.024655142945481656,0.10899652982487817,0.47703961607226875,0.7444325098460434,0.950856287608519,0.8660609117739217
data/train\GPAB3070_jpg.rf.9cd39d8ce8d5b63ee10a306d3f11ec2a.jpg,0.8774251937866211,0.2793961472798397,0.1809570539423071,0.0755948940223497,0.024899034611492,0.0410506161625278,0.0132027968804911,0.1556182461692685,0.0848983048569008,0.0024350758464673,0.0171127451639355,0.0122493148948673,0.0170916206889267,0.0096481238585581,0.0,0.0137318689591203,0.0,0.0010005319526888,0.0038456146550085,0.0442653771775012,0.0448059716970443,0.0199827931549019,0.0132027968804911,0.1073699452492015,0.0793310454886763,0.0024350758464673,0.0156301910996825,0.0122493148948673,0.0170916206889267,0.007738279277082,0.0,0.0128417603985228,0.0,0.0010005319526888,0.0,0.0409507550079408,0.0308023651730382,GPAB3070,GPAB3070.JPG,2024-10-03 23:29:06.851,2024-10-04 11:29:06.851,7.18221415116,171.12023974668,793893.8283985731,513275.39465628646,-3.0647223851466303,31.588435002929685,-0.6616574500000001,0.8765860159816256,0.1684696086018862,0.0124874453404209,0.11092653867795349,0.7081164073797395,0.5771808106427705,0.9826708595946541,0.7928242123773337
data/train\GPAB3072_jpg.rf.0ac2243c6b202e76c28f399d6eb11d70.jpg,0.8840665817260742,0.3563430077027517,0.2553997038732685,0.0,0.0,0.0,0.0,0.0035748372935322,0.0276471367694532,0.0,0.0,0.0461483360635116,0.027715311211527,0.0,0.0,0.00591485300246,0.0043967714120559,0.0,0.0,0.3008691761262705,0.1956404844802323,0.0,0.0,0.0035748372935322,0.0276471367694532,0.0,0.0,0.0461483360635116,0.027715311211527,0.0,0.0,0.00591485300246,0.0043967714120559,0.0,0.0,0.3008691761262705,0.1956404844802323,GPAB3072,GPAB3072.JPG,2024-10-03 23:29:10.855,2024-10-04 11:29:10.855,7.18219436635,171.12029780295,793891.6429168184,513281.805099224,-3.575821598812332,31.605612319335933,-0.6614572500000001,0.8832728725253157,0.24750779205066797,0.007891911822600517,0.1088352156520837,0.6357650804746479,0.6795279057076802,0.9877389480467945,0.8411581631522855
data/train\GPAB3074_jpg.rf.38770129f002645fcdacee0bd4225300.jpg,0.8276224136352539,0.2867042554294702,0.2891921424634595,0.0070882215688571,0.0020365914315288,0.0,0.0,0.0859007572164087,0.0828165838651259,0.0322589937452349,0.0,0.1539378902026605,0.1363757698430835,0.002309289199824,0.0080570668090328,0.0023745830316694,0.0025704645272054,0.0042757857824601,0.0,0.0058975693410892,0.0593722574190116,0.0,0.0,0.0788240580884654,0.0828165838651259,0.0322589937452349,0.0,0.1539378902026605,0.1363757698430835,0.002309289199824,0.0060204753775039,0.0023745830316694,0.0025704645272054,0.0042757857824601,0.0,0.0058975693410892,0.0593722574190116,GPAB3074,GPAB3074.JPG,2024-10-03 23:29:14.859,2024-10-04 11:29:14.859,7.18217035677,171.12034786485,793888.9901657362,513287.3330239746,-2.80073389696871,31.630764818359378,-0.6612570500000001,0.8264422735312249,0.2011693357120774,0.08802280675138208,0.0855349197173928,0.6252729378191477,0.5368422940721272,0.8765970392766328,0.7891292657860056
data/train\GPAB3075_jpg.rf.3f2d5382731b43b7f93907122f078970.jpg,0.847569465637207,0.6044067575275146,0.4934120444074872,0.0931550939751076,0.0545846832192931,0.026232757147274,0.0280062528446026,0.1128287016321537,0.0854360187662154,0.0066657320686814,0.0,0.3240926557882022,0.2931097723741797,0.0268040781759207,0.0064170393856234,0.0200375247492428,0.009904498168892,0.0,0.0,0.0885365155754595,0.0705384628679739,0.0,0.0,0.0730407529531055,0.0738290799522971,0.0066657320686814,0.0,0.3240926557882022,0.2931097723741797,0.0142100502570464,0.0064170393856234,0.0200375247492428,0.009904498168892,0.0,0.0,0.0740720114148981,0.0555669713072017,GPAB3075,GPAB3075.JPG,2024-10-03 23:29:16.861,2024-10-04 11:29:16.861,7.18215892852,171.12037246151,793887.7275129583,513290.04902079055,-2.6775279336979123,31.64794213476562,-0.6611569500000001,0.8465258880441233,0.4721723449895625,0.021239699417924696,0.1322344125379521,0.3743535430545607,0.7546951473118296,0.9463092461206488,0.8637627186093452
data/train\GPAB3076_jpg.rf.6688d0a1b6f765cccf799dc184aea270.jpg,0.7011728286743164,0.5763889822419982,0.3092536722979396,0.0647782026144418,0.0409401927704364,0.0260906470426695,0.0293639804656218,0.0984045260147909,0.0401557065848829,0.0015555295233742,0.0429998290837931,0.3117569225864807,0.1012793750228048,0.016473249693215,0.0041615215767308,0.0,0.0,0.0,0.0,0.1228954741772497,0.091293259564106,0.0,0.0,0.0736091933715238,0.0366663273947953,0.0015555295233742,0.0429998290837931,0.3117569225864807,0.1012793750228048,0.0079293597555706,0.0012184981266431,0.0,0.0,0.0,0.0,0.117678689053489,0.0861494498994667,GPAB3076,GPAB3076.JPG,2024-10-03 23:29:18.863,2024-10-04 11:29:18.863,7.18214750035,171.1203966339,793886.4648568628,513292.7181749944,-3.579316943974643,31.66511945117188,-0.6610568500000001,0.6991269830600915,0.29238481880001466,0.01686885349792494,0.28400416344198354,0.40674216426007687,0.4928461137565025,0.9601784354259603,0.733724200171108
data/train\GPAB3077_jpg.rf.e6dd2d28fb69105d93898db9cb337457.jpg,0.8138542175292969,0.5860351856937374,0.4535501600659083,0.0817181111646691,0.0574220842943369,0.0112977533160624,0.0099016175586636,0.0274147675443565,0.0105027048930045,0.023379032614269,0.0,0.4613460515475598,0.4241525724809544,0.0114667491161327,0.0,0.0078016527021084,0.0069576339051664,0.0,0.0,0.043896659068257,0.0020356312281193,0.0011186369720561,0.0,0.0124125494744806,0.0095098545675915,0.023379032614269,0.0,0.4142413528881958,0.3825383169170557,0.008088753521546,0.0,0.0018263068848504,0.0020442730588047,0.0,0.0,0.043896659068257,0.0020356312281193,GPAB3077,GPAB3077.JPG,2024-10-03 23:29:20.865,2024-10-04 11:29:20.865,7.1821353351,171.1204218756,793885.1207494766,513295.505410992,-2.818750234959402,31.682296767578126,-0.6609567500000001,0.8125798169084139,0.4260825813340299,0.02746757873187844,0.15995260435970748,0.3864972355743842,0.6945080055718158,0.9336475522010014,0.8303536389274582
data/train\GPAB3078_jpg.rf.cd093ba40852e610c6dba2034d50c1dc.jpg,0.8502922058105469,0.5760442692179911,0.4691448236394397,0.0407174255794347,0.0,0.0205829202858333,0.0210294148712463,0.0321831376758852,0.0118162631571872,0.1571161634880733,0.1548942527985128,0.3612275624468287,0.2769927581458856,0.0051985412589803,0.0,0.0,0.0,0.0,0.0,0.0,0.0044121346666077,0.0,0.0210294148712463,0.0203092623141286,0.0118162631571872,0.1519502691450157,0.1548942527985128,0.3609779095603612,0.2769927581458856,0.002362100387346,0.0,0.0,0.0,0.0,0.0,0.0,0.0044121346666077,GPAB3078,GPAB3078.JPG,2024-10-03 23:29:22.867,2024-10-04 11:29:22.867,7.18212274645,171.12045121957,793883.7299554158,513298.7455824094,-4.204579762379488,31.699474083984374,-0.6608566500000002,0.849267268778218,0.44722818081782445,0.021916642821615262,0.12881608840016667,0.4020390879603936,0.7479220996107552,0.9483044072049955,0.8623412757939103
data/train\GPAB3079_jpg.rf.a4a8223fb26f718eff035a84cb461caa.jpg,0.831085205078125,0.4100250997171241,0.2703923199090495,0.0229728665720546,0.0,0.0027298582931808,0.0,0.0086082235660802,0.0101637530894544,0.0102309673281187,0.0528457548447063,0.2817515262433194,0.1234975217150001,0.0234299233949719,0.0,0.0172106859117035,0.0174910653072746,0.0,0.0,0.0662012240673064,0.0663942249526139,0.0,0.0,0.0086082235660802,0.0101637530894544,0.0102309673281187,0.0528457548447063,0.278879557845534,0.1234975217150001,0.0180623863359214,0.0,0.0052225463442175,0.0174910653072746,0.0,0.0,0.0662012240673064,0.0663942249526139,GPAB3079,GPAB3079.JPG,2024-10-03 23:29:24.869,2024-10-04 11:29:24.869,7.1821073563,171.12048114737,793882.0294793072,513302.0502948686,-4.475635194740176,31.70863331738281,-0.6607565500000001,0.829928772111084,0.2551730958686288,0.015219224040420698,0.1548520038484953,0.5747556762424553,0.6000623209120529,0.9742036075888592,0.7982694567560074
data/train\GPAB3080_jpg.rf.78f928f2c19bd787656114709b49bc5b.jpg,0.941288948059082,0.2988172214401899,0.2459532227307032,0.0,0.0,0.0,0.0,0.0,0.0018810384791914,0.2390695244880675,0.2255220145835693,0.0332633665115618,0.0,0.009271724122038,0.0,0.0019751384133214,0.0,0.0,0.0,0.0152384281086105,0.0185501696679424,0.0,0.0,0.0,0.0018810384791914,0.2390695244880675,0.2255220145835693,0.0332633665115618,0.0,0.009271724122038,0.0,0.0019751384133214,0.0,0.0,0.0,0.0152384281086105,0.0185501696679424,GPAB3080,GPAB3080.JPG,2024-10-03 23:29:26.871,2024-10-04 11:29:26.871,7.18209165935,171.12050913623,793880.2950311012,513305.14094218216,-4.708335343403753,31.717221975585936,-0.6606564500000001,0.9408869975015507,0.24282872083622187,0.003124501894481324,0.05598850060396804,0.6980582766653288,0.8042238023761666,0.9955439551711482,0.9040884537007661
data/train\GPAB3090_jpg.rf.125d5f6ed38bdc5cbae2b664e2362386.jpg,0.908071517944336,0.6010498864079367,0.5655722908340903,0.1601350430075107,0.0013068368403162,0.143828868707547,0.1441428552224503,0.0766559187898364,0.0494351123341968,0.2092945769631838,0.2162627731058547,0.1589530326104282,0.1478559618069491,0.0116616704082592,0.0,0.0006087689616168,0.0020385118383478,0.0,0.0,0.0016083407108961,0.0058370765262913,0.0,0.1441428552224503,0.0720431016106452,0.0481282754938806,0.2092945769631838,0.2162627731058547,0.1589530326104282,0.1478559618069491,0.0,0.0,0.0006087689616168,0.0020385118383478,0.0,0.0,0.0016083407108961,0.0058370765262913,GPAB3090,GPAB3090.JPG,2024-10-03 23:29:46.891,2024-10-04 11:29:46.891,7.18198188811,171.12081489287002,793868.1689682072,513338.9020884872,-1.713360244309154,31.786416015625,-0.65965545,0.9074421525455953,0.537032164893811,0.028540125940279326,0.06401772151412566,0.370409987651784,0.8529871096442794,0.9284619179994461,0.9109760437573995
data/train\GPAB3091_jpg.rf.2419e7ae9b651b8df0f426db91599eee.jpg,0.6830234527587891,0.6740445495973867,0.4031173963892511,0.0682743032283959,0.010701466998769,0.4180610420511481,0.1793986438087044,0.0317270410563773,0.02953681707933,0.0451065153642147,0.1182951396423818,0.1049761581493423,0.0086130245831276,0.0217370847840406,0.0092457986299817,0.0005818832661511,0.010701466998769,0.0,0.0,0.0530637210186605,0.0473265056469562,0.4180610420511481,0.1793986438087044,0.0227097708378542,0.02953681707933,0.0451065153642147,0.1182951396423818,0.1049761581493423,0.0086130245831276,0.0087061643138482,0.0092457986299817,0.0005818832661511,0.0,0.0,0.0,0.0066926177641471,0.0473265056469562,GPAB3091,GPAB3091.JPG,2024-10-03 23:29:48.893,2024-10-04 11:29:48.893,7.181975412649999,171.12084657587,793867.4540436959,513342.4003314678,-1.6327820544643443,31.786416015625,-0.6595553500000001,0.6808533519740821,0.37900764898036,0.024109747408891102,0.2950369006170267,0.3018457029937222,0.5428708963126986,0.9260336117125477,0.7441611673133504
data/train\GPAB3092_jpg.rf.3bad61d847234ef79c48d0ea084de422.jpg,0.7901935577392578,0.8324656295189573,0.6401100009025912,0.0281819700685393,0.0,0.1642168677012538,0.1272643996904304,0.0667245349254786,0.0143867276843926,0.027668261244462,0.0246676255898049,0.5549025105478345,0.4376703160797583,0.0198368422366594,0.0,0.0,0.0261741847392951,0.0,0.0018378293257643,0.0,0.0081089177931453,0.1642168677012538,0.1272643996904304,0.0662108261014013,0.0143867276843926,0.0,0.0246676255898049,0.5549025105478345,0.4376703160797583,0.0198368422366594,0.0,0.0,0.0261741847392951,0.0,0.0018378293257643,0.0,0.0081089177931453,GPAB3092,GPAB3092.JPG,2024-10-03 23:29:50.895,2024-10-04 11:29:50.895,7.18196865065,171.1208785949,793866.7074528929,513345.9356832866,-1.6549656534731565,31.786416015625,-0.6594552500000002,0.7887571703189604,0.6306664003702545,0.009443600532336727,0.20179922914870285,0.15809076994870597,0.74909073075708,0.9436318618966291,0.8506101886371796
data/train\GPAB3093_jpg.rf.285d85f2bda7ab2fe223676c69049377.jpg,0.5492334365844727,0.765957140360614,0.3330139056657762,0.6184199660856156,0.1083877608632612,0.6108180356926811,0.1155873660276192,0.1738707527802689,0.1105366960937005,0.0,0.0,0.0133967579692081,0.0,0.0,0.0523454888683618,0.0019271282428469,0.0157905450690674,0.0,0.0,0.0,0.0387538096070271,0.0,0.0418898339424223,0.1662937876759812,0.10871038920885,0.0,0.0,0.0133967579692081,0.0,0.0,0.0254713158435483,0.0019271282428469,0.0157905450690674,0.0,0.0,0.0,0.0327640607386268,GPAB3093,GPAB3093.JPG,2024-10-03 23:29:52.897,2024-10-04 11:29:52.897,7.18196284038,171.1209099686,793866.0660550382,513349.399757903,-1.6814162040320757,31.786416015625,-0.65935515,0.5461473758601022,0.32255921094324613,0.010454694722530078,0.4433979294173679,0.2235881649168559,0.4154486013324411,0.9553299992204902,0.6882245687732043
data/train\GPAB3095_jpg.rf.c30fe8fea9a0ca71fd70d7ad21b1c91c.jpg,0.2454700469970703,0.92945385550475,0.1699809687684239,0.92945385550475,0.1257780048125394,0.0,0.0,0.92945385550475,0.0,0.0,0.0,0.0,0.0,0.0,0.1178880133967579,0.0,0.0520929553716659,0.0,0.0,0.0,0.0,0.0,0.0,0.0,0.0,0.0,0.0,0.0,0.0,0.0,0.0442029639558844,0.0,0.0,0.0,0.0,0.0,0.0,GPAB3095,GPAB3095.JPG,2024-10-03 23:29:56.901,2024-10-04 11:29:56.901,7.18195119901,171.1209391796,793864.779980085,513352.6252234937,-1.7343173051499134,31.819886900390625,-0.65915495,0.24030434607267204,0.16986958517292305,0.00011138359550083576,0.759584270331827,0.07043476089974915,0.18274089652636324,0.9984211242684093,0.5905919600201027
data/train\GPAB3096_jpg.rf.a6470fed9e9e1c7e6665b90f39689d33.jpg,0.6878080368041992,0.3786754186006764,0.1744987258100756,0.3786754186006764,0.1281122593010103,0.0,0.0,0.3786754186006764,0.0,0.0,0.0086341490581364,0.0,0.0,0.0,0.1221868440610459,0.0,0.0388920788979937,0.0,0.0047856537928994,0.0,0.0,0.0,0.0,0.0,0.0,0.0,0.0086341490581364,0.0,0.0,0.0,0.016514538439823,0.0,0.0164521252182062,0.0,0.0047856537928994,0.0,0.0,GPAB3096,GPAB3096.JPG,2024-10-03 23:29:58.903,2024-10-04 11:29:58.903,7.18195057503,171.12094092804,793864.711051514,513352.8182833422,-1.7607678557088322,31.837064216796875,-0.6590548500000001,0.6856706924794949,0.11942241844512347,0.05507630736495214,0.2592530001555529,0.5662482740343714,0.2753243648293558,0.9113566258059331,0.6133627209461747
data/train\GPAB3097_jpg.rf.1d99e8ef816fb9dcb878d24c738e0e5f.jpg,0.6004428863525391,0.595294427171452,0.9967804379679792,0.0,0.0178741864676613,0.0,0.0,0.595294427171452,0.9770319344449928,0.0,0.0,0.0,0.0,0.0,0.0178741864676613,0.0,0.001874317055325,0.0,0.0,0.0,0.0,0.0,0.0,0.595294427171452,0.9770319344449928,0.0,0.0,0.0,0.0,0.0,0.0,0.0,0.001874317055325,0.0,0.0,0.0,0.0,GPAB3097,GPAB3097.JPG,2024-10-03 23:30:00.905,2024-10-04 11:30:00.905,7.1819479649,171.1209451833,793864.4226317973,513353.2881739402,-1.8466938043185603,31.85424153320313,-0.6589849166666667,0.597707418339501,0.594891141739466,0.4018892962285132,0.000403285431985978,0.002816276600034806,0.5965712513950233,0.006958828316475669,0.5031406864517631
data/train\GPAB3098_jpg.rf.64f8658b6d719daf7a6ca2fc4cd9cecf.jpg,0.9653759002685548,0.0,0.0348611449849536,0.0,0.0250257814615448,0.0,0.0009640442231282,0.0,0.0,0.0,0.0,0.0,0.0,0.0,0.0204388897744098,0.0,0.003098576402425,0.0,0.0103596345849904,0.0,0.0,0.0,0.0,0.0,0.0,0.0,0.0,0.0,0.0,0.0,0.0039166697073107,0.0,0.0,0.0,0.005918693816098,0.0,0.0,GPAB3098,GPAB3098.JPG,2024-10-03 23:30:02.907,2024-10-04 11:30:02.907,7.18193308361,171.12095030236,793862.7776895182,513353.8537929352,-2.1687322030721528,31.871418849609377,-0.65895155,0.9651388550150465,0.0,0.0348611449849536,0.0,0.9651388550150464,0.0,0.9651388550150464,
data/train\GPAB3099_jpg.rf.fd9c504343c7c4aa14009c61fb4860e5.jpg,0.3391752243041992,0.8169660260829654,0.1690716561396366,0.0714093673603816,0.1290782239309575,0.0,0.0,0.8169660260829654,0.007595208969068,0.0,0.0,0.0,0.0,0.0,0.0892134589791501,0.0,0.0247607653205255,0.0,0.0475022228708929,0.0,0.0,0.0,0.0,0.7456488382498948,0.0,0.0,0.0,0.0,0.0,0.0,0.0181747301348317,0.0,0.0039176299107202,0.0,0.017901072163127,0.0,0.0,GPAB3099,GPAB3099.JPG,2024-10-03 23:30:04.909,2024-10-04 11:30:04.909,7.18191607192,171.12095479222,793860.897218229,513354.3500054472,-2.0691802872051688,31.880406481445316,-0.6589181833333334,0.33465105247895716,0.16034436735077962,0.00872728878885698,0.6566216587321858,0.1743066851281776,0.19419361215934136,0.9523187493442454,0.5742934232319927
data/train\GPAB3100_jpg.rf.e7ec1e1b776eaf06f12dc677181b3f99.jpg,0.7729625701904297,0.2987452061844781,0.1091069532169694,0.1196134989236119,0.0287619329278714,0.0381200753567635,0.0165366231182413,0.2606366532686284,0.0177829671437597,0.0,0.0,0.0,0.0,0.0,0.0504778932369033,0.0,0.021101430126958,0.0,0.0032080395911069,0.0,0.0,0.0381200753567635,0.0165366231182413,0.1411854287212203,0.013604161905658,0.0,0.0,0.0,0.0,0.0,0.0384100567864296,0.0,0.0117941784787689,0.0,0.0,0.0,0.0,GPAB3100,GPAB3100.JPG,2024-10-03 23:30:06.911,2024-10-04 11:30:06.911,7.18189891666,171.12094992168,793859.0006028657,513353.8127596656,-1.969628371338184,31.88899513964844,-0.6588848166666668,0.7714082151162902,0.08963018725886895,0.01947676595810044,0.20911501892560913,0.6817780278574215,0.2816593293523754,0.9722258355595297,0.6361240064991625
data/train\GPAB3101_jpg.rf.b62e7eeebc3c25bf04dbff6c796cb5d3.jpg,0.8658599853515625,0.3873182094894982,0.349359448305529,0.2551174040708783,0.1127586067832609,0.0,0.0,0.3244133637269719,0.2860205906019131,0.0,0.0,0.0559289679925795,0.0576419708751101,0.007099744009771,0.0056968868285057,0.0,0.0,0.0,0.0,0.0,0.0,0.0,0.0,0.1327865294984089,0.236600841522268,0.0,0.0,0.0,0.0,0.0,0.0,0.0,0.0,0.0,0.0,0.0,0.0,GPAB3101,GPAB3101.JPG,2024-10-03 23:30:08.913,2024-10-04 11:30:08.913,7.181867211749999,171.12094311030998,793855.4955015458,513353.0616552514,-1.8421058093688465,31.89758379785156,-0.6588514500000001,0.864941629234737,0.30080964351488215,0.048549804790646856,0.08650856597461604,0.5641319857198549,0.6901392936843104,0.9207585315205893,0.8487029181795316
data/train\GPAB3102_jpg.rf.474b567b589316cba823bc1f8cfcd7ea.jpg,0.8199129104614258,0.5046464242985234,0.440814982245839,0.0334486857695934,0.0163609058943046,0.0039925257766605,0.0,0.1789377461721491,0.1127105966127864,0.0,0.0,0.2757953844942513,0.2913535603382221,0.0444967861991884,0.0285958177380296,0.0018992823439717,0.0081550075568008,0.0,0.0,0.0,0.0,0.0039925257766605,0.0,0.1623694363413945,0.0996883179732794,0.0,0.0,0.2733007760363956,0.2913535603382221,0.0303126614341982,0.0252571904832319,0.0018992823439717,0.0081550075568008,0.0,0.0,0.0,0.0,GPAB3102,GPAB3102.JPG,2024-10-03 23:30:10.915,2024-10-04 11:30:10.915,7.181838991549999,171.12094180095002,793852.3757869997,513352.9179147675,-3.066234530587709,31.906172456054684,-0.6588180833333332,0.8186799891689055,0.38207069785663395,0.05874428438920504,0.12257572644188941,0.4366092913122716,0.6781629373096478,0.8814093866062913,0.8192575567141229
data/train\GPAB3103_jpg.rf.57b80bcdb3fdddfed29907c8e94f6a12.jpg,0.7687578201293945,0.3029777828135112,0.1472452724385133,0.1055849271109591,0.0044947121598239,0.0028777296182423,0.00295742650123,0.0184070993599284,0.0112055737887514,0.0136704159409129,0.0414827076967984,0.1538562729128538,0.0860870366778498,0.1120931858204842,0.0015372856585939,0.0024254738123724,0.0039752421152897,0.0,0.0,0.0,0.0,0.0,0.0,0.0133218621032679,0.0112055737887514,0.0108320546624596,0.0414827076967984,0.1538562729128538,0.0860870366778498,0.0173575970333555,0.0,0.0024254738123724,0.0039752421152897,0.0,0.0,0.0,0.0,GPAB3103,GPAB3103.JPG,2024-10-03 23:30:12.917,2024-10-04 11:30:12.917,7.18181025644,171.12094493018998,793849.1992796991,513353.2642460624,-4.072380215829762,31.914761114257807,-0.6587847166666667,0.7671746782838477,0.10869886676793605,0.03854640567057724,0.19427891604557512,0.6584758115159116,0.31827574863851943,0.9446984547692486,0.6517334478356043
data/train\GPAB3104_jpg.rf.e80e02c3e101d1c16303a7ca427c6a49.jpg,0.844670295715332,0.4628026801197565,0.4039278080668609,0.0016630723052371,0.0026424797829172,0.0,0.0,0.0001757172239367,0.0,0.1706204642391444,0.2505314725871528,0.2042381458088081,0.1076071154913456,0.038075905999927,0.0066820555266427,0.0,0.0017821375280139,0.0,0.0,0.0507073818517714,0.0373250269337056,0.0,0.0,0.0,0.0,0.1706204642391444,0.2505314725871528,0.2042381458088081,0.1076071154913456,0.0365885509186266,0.0040395757437255,0.0,0.0017821375280139,0.0,0.0,0.0507073818517714,0.0373250269337056,GPAB3104,GPAB3104.JPG,2024-10-03 23:30:14.919,2024-10-04 11:30:14.919,7.181783056,171.12095404865002,793846.1926010571,513354.27179026953,-5.677891053627381,31.915117187499995,-0.6587513500000001,0.8436068696792729,0.3551686789329451,0.04875912913391578,0.10763400118681138,0.48843819074632777,0.6942830221261197,0.9092342285981889,0.8383321338848069
data/train\GPAB3114_jpg.rf.a0eef7d84c3db00e2182b17cfb131176.jpg,0.8651504516601562,0.3510657297641932,0.2811629215533018,0.0268693720077661,0.0242537779203146,0.0493611766716661,0.0242537779203146,0.002859485753462,0.0,0.0287936196403846,0.1164784347916262,0.2524835661186466,0.1404307088413609,0.0129627460281185,0.0,0.0057333745580663,0.0,0.0,0.0,0.0,0.0,0.0224918046639,0.0,0.002859485753462,0.0,0.0287936196403846,0.1164784347916262,0.2524835661186466,0.1404307088413609,0.0129627460281185,0.0,0.0057333745580663,0.0,0.0,0.0,0.0,0.0,GPAB3114,GPAB3114.JPG,2024-10-03 23:30:34.939,2024-10-04 11:30:34.939,7.1818119115800005,171.12105188884,793849.3853693068,513365.0732846164,-2.0632837024689312,31.966335963867188,-0.6584176833333334,0.8642272378980763,0.24822794460778563,0.03293497694551617,0.10283778515640757,0.6159992932902906,0.6464257494073753,0.9492475918500214,0.8281586521676259
data/train\GPAB3115_jpg.rf.66786619ec5b1d81981d8d1dcbacae6b.jpg,0.9069662094116212,0.6545543407915533,0.5869685034077619,0.0152653138040762,0.0,0.0076268956815811,0.0050410678998238,0.0013817327062564,0.0,0.0210476587360266,0.0812312880360575,0.591347991158447,0.4983004399652022,0.0202593317368351,0.0023957075066782,0.013012676605412,0.0,9.602034094902664e-05,0.0,0.0,0.0,0.0076268956815811,0.0050410678998238,0.0013817327062564,0.0,0.0210476587360266,0.0812312880360575,0.591347991158447,0.4983004399652022,0.0167421066478722,0.0023957075066782,0.0012636276868891,0.0,9.602034094902664e-05,0.0,0.0,0.0,GPAB3115,GPAB3115.JPG,2024-10-03 23:30:36.941,2024-10-04 11:30:36.941,7.18183213901,171.1210261328,793851.6207128506,513362.2290221632,-1.8412103286384136,31.97492462207031,-0.6583843166666667,0.9063292767939961,0.5739260604966556,0.013042442911106233,0.08062828029489766,0.3324032162973405,0.8596896727295741,0.9622445887987371,0.9195320831134777
data/train\GPAB3116_jpg.rf.ed8a4389d5c8493ac5b2c1d64f48a03b.jpg,0.9229564666748048,0.4346898446967005,0.3875361756634525,0.0080128974521962,0.0056258317762034,0.1502459080931704,0.14781659346716,0.021449983964603,0.0124807239165544,0.0370244832665351,0.1950470787731673,0.2202572192893342,0.026140577619963,0.0046992354860453,0.0035546730219329,0.0012713093141651,0.0,0.0,0.0,0.0,0.0024965288646746,0.1502459080931704,0.14781659346716,0.0180719883700163,0.0091613007299466,0.0370244832665351,0.1950470787731673,0.2202572192893342,0.026140577619963,0.0013654092482951,0.0012482644323373,0.0,0.0,0.0,0.0,0.0,0.0024965288646746,GPAB3116,GPAB3116.JPG,2024-10-03 23:30:38.943,2024-10-04 11:30:38.943,7.181846042430001,171.12100138796,793853.156981673,513359.49658906,-1.7954876005262008,31.983513280273435,-0.6583509500000001,0.9224290073609195,0.3723275138605363,0.01520866180291619,0.062362330836164215,0.5501014935003834,0.8275811288136683,0.9730967829602205,0.9148164064832249
data/train\GPAB3117_jpg.rf.48324a5515ea6a6df152c7f05a2f131c.jpg,0.9475879669189452,0.2497479466050088,0.2246616723286661,0.0218705530579597,0.0202996602800337,0.1053679211404143,0.1031623339088152,0.0829750174276918,0.0606925371070607,0.0,0.0,0.0147602468106843,0.0101119021053419,0.044979768514162,0.04108422328186,0.001026457444745,0.0010312584617925,0.0006759832002811,0.0,0.0,0.0085794174637955,0.1034609571691667,0.1011430261386572,0.0640282837516299,0.0456864782235468,0.0,0.0,0.0147602468106843,0.0101119021053419,0.0447502798992938,0.0378099296554982,0.001026457444745,0.0010312584617925,0.0,0.0,0.0,0.0085794174637955,GPAB3117,GPAB3117.JPG,2024-10-03 23:30:40.945,2024-10-04 11:30:40.945,7.18185749815,171.12098008600003,793854.4227635316,513357.1443488932,-1.818136563724237,31.99210193847656,-0.6583175833333335,0.9472291410212338,0.21081937997745437,0.013842292351211732,0.03892856662755442,0.7364097610437795,0.7997996466495453,0.9815498107754941,0.9128391962923641
data/train\GPAB3118_jpg.rf.57920e1593dd8f883f267a8dc21b88b2.jpg,0.7278289794921875,0.6146377248556334,0.3890936255936457,0.0047568476906147,0.0673745926337035,0.2665831929836016,0.0757178000587644,0.308817739950031,0.1762549378460333,0.016861171870649,0.0549591625489943,0.008425784918277,0.0061894711775742,0.0024187523885059,0.0010418206992969,0.00536849726246,0.0018800782757819,0.0,0.0,0.0082164605750082,0.0730503549872004,0.2618263452929869,0.0730935641406275,0.308817739950031,0.1762549378460333,0.016861171870649,0.0549591625489943,0.008425784918277,0.0061894711775742,0.0024187523885059,0.0010418206992969,0.00536849726246,0.0018800782757819,0.0,0.0,0.0082164605750082,0.0082999982716338,GPAB3118,GPAB3118.JPG,2024-10-03 23:30:42.947,2024-10-04 11:30:42.947,7.181871725480001,171.12096148066,793855.9950190149,513355.0897562573,-1.8407855269222724,32.00069059667968,-0.6582842166666668,0.7259656285587539,0.3648484895040165,0.024245136089629193,0.2497892353516169,0.3611171390547374,0.5710725890567842,0.9370848221182357,0.7653420336251688
data/train\GPAB3119_jpg.rf.1eb13bc3f53bc0650f9acc7db755b399.jpg,0.8446435928344727,0.4733879625059772,0.3619630782584982,0.0282751097992598,0.0178060120255875,0.1263742911298329,0.0656126193772888,0.1275303760348592,0.097411675689378,0.0,0.0988577420240703,0.1536747944684602,0.0518663473670262,0.0665296136333521,0.0425523742949706,0.0,0.0056623195057641,0.0,0.0,0.0,0.0,0.1263742911298329,0.0656126193772888,0.1034033449645973,0.0809941177939134,0.0,0.0988577420240703,0.1536747944684602,0.0518663473670262,0.0625956602646704,0.0411639201648477,0.0,0.0056623195057641,0.0,0.0,0.0,0.0,GPAB3119,GPAB3119.JPG,2024-10-03 23:30:44.949,2024-10-04 11:30:44.949,7.18188524309,171.12094256332,793857.4888076202,513353.0007371752,-1.8634344901203088,32.000917968749995,-0.6582508500000002,0.8435799839838072,0.33946551237414124,0.022497565884356974,0.13392245013183596,0.5041144716096659,0.6845642652167345,0.9572786714268523,0.8371882842091909
data/train\GPAB3120_jpg.rf.5603d780549b726b1d30303f98c1122b.jpg,0.6574649810791016,0.5388536707616142,0.2249958231151687,0.0341630771062541,0.0221470916398929,0.2166151677571376,0.0276240918876254,0.3117550021796617,0.1938535459351709,0.0,0.0,0.007640338529314,0.0,0.0032838956604567,0.0015209622006325,0.0,0.0019972230917397,0.0,0.0,0.0,0.0,0.2166151677571376,0.0266053160701563,0.2777186719234603,0.1727252301127471,0.0,0.0,0.007640338529314,0.0,0.0032838956604567,0.0015209622006325,0.0,0.0019972230917397,0.0,0.0,0.0,0.0,GPAB3120,GPAB3120.JPG,2024-10-03 23:30:46.951,2024-10-04 11:30:46.951,7.181898669340001,171.12092381255002,793858.9725015343,513350.9301115381,-1.793066161387885,32.000917968749995,-0.6582174833333334,0.655119900599743,0.2094846972382629,0.015511125876905785,0.32936897352335126,0.44563520336148005,0.37788239532615897,0.9663639827676316,0.6775619396007202
data/train\GPAB3121_jpg.rf.1b45c081583cecc29304e3ac5124201e.jpg,0.9138727188110352,0.1250703348997451,0.060614760630892,0.0116386255264315,0.0031312233183477,0.0,0.0,0.0496242724058664,0.0414241352888195,0.0104681375702628,0.0,0.0538242021189768,0.0181670485075558,0.002706813411353,0.0010235768345166,0.0084469093932858,0.0,0.0,0.0,0.0,0.0,0.0,0.0,0.0452073367222112,0.0382929119704718,0.0104681375702628,0.0,0.0538242021189768,0.0181670485075558,0.0018791180723724,0.0010235768345166,0.0020529148894901,0.0,0.0,0.0,0.0,0.0,GPAB3121,GPAB3121.JPG,2024-10-03 23:30:48.953,2024-10-04 11:30:48.953,7.18191316151,171.12090398872,793860.5739992075,513348.740980584,-1.7339945180051872,32.000917968749995,-0.6581841166666668,0.9132830698855245,0.0494840827080808,0.011130677922811201,0.07558625219166429,0.8637989871774437,0.36331655457326917,0.987278202618109,0.6914641201184575
data/train\GPAB3122_jpg.rf.dfef5ccb273d37124bbe24778f8a3383.jpg,0.4046545028686523,0.737542801066978,0.1438480727757368,0.6356469754552805,0.1197786539100443,0.0,0.0,0.0393625785686439,0.0376054063292767,0.0,0.0,0.0,0.0,0.0,0.0028729286011948,0.0,0.0,0.0,0.0252975190264305,0.698180222498334,0.0780722188188345,0.0,0.0,0.0393625785686439,0.023083289964146,0.0,0.0,0.0,0.0,0.0,0.0009861289015465,0.0,0.0,0.0,0.0,0.0627406509795035,0.0,GPAB3122,GPAB3122.JPG,2024-10-03 23:30:50.955,2024-10-04 11:30:50.955,7.181925151,171.12088413050003,793861.8988306188,513346.54812583,-1.9617614046598515,32.000917968749995,-0.6581507500000001,0.4005786185745588,0.14098474620863677,0.002863326567100033,0.5965580548583412,0.25959387236592196,0.19041542330172875,0.9890903104249362,0.5901224871345471
data/train\GPAB3123_jpg.rf.0e78506e475476935d0cdd5fd34e42bc.jpg,0.8873100280761719,0.3077480733518588,0.2298198850444478,0.0313516015232666,0.0036689372276623,0.0,0.0,0.1442196714952095,0.1002702012394305,0.0334630888207357,0.0,0.1211133366492357,0.1208492807116259,0.0005780424525131,0.0,0.0027192960556764,0.0026703256817924,0.0,0.0,0.0057544990330751,0.0060300774115988,0.0,0.0,0.1193523235962306,0.0966012640117682,0.0334630888207357,0.0,0.1211133366492357,0.1208492807116259,0.0005780424525131,0.0,0.0027192960556764,0.0026703256817924,0.0,0.0,0.0057544990330751,0.0060300774115988,GPAB3123,GPAB3123.JPG,2024-10-03 23:30:52.957,2024-10-04 11:30:52.957,7.181936703470001,171.12086533271,793863.1753814731,513344.4723638048,-2.8563503442603,32.000917968749995,-0.6581173833333335,0.8865385243209921,0.21205324135864934,0.017766643685798472,0.09569483199320944,0.6744852829623428,0.6514397975257074,0.9743350029059161,0.8316915776706533
data/train\GPAB3124_jpg.rf.261f7fde12c4e7185009978cb8d41d5e.jpg,0.8551750183105469,0.4700464546409511,0.3707364568110108,0.0350224591577479,0.0010619849708962,0.0313295168448484,0.0,0.0522686725956026,0.040784639818099,0.0795163647467079,0.0,0.2908542545652871,0.3172118381557949,0.0079792903328641,0.0048019772508608,0.0066810953232332,0.0048931965747623,0.0031667508444988,0.0,0.0,0.0030448050114936,0.0074319743894546,0.0,0.0479688817279052,0.040784639818099,0.0795163647467079,0.0,0.2908542545652871,0.3172118381557949,0.0043430000211244,0.0037399922799645,0.0066810953232332,0.0048931965747623,0.0,0.0,0.0,0.0030448050114936,GPAB3124,GPAB3124.JPG,2024-10-03 23:30:54.959,2024-10-04 11:30:54.959,7.18194740729,171.12084499048,793864.3580711955,513342.2261082077,-2.273749828539728,32.00932215527344,-0.6580840166666668,0.8541835102348081,0.34748321084338496,0.023253245967625846,0.12256324379756611,0.5067002993914231,0.7044058822956913,0.9561221050953221,0.8476875090527026
data/train\GPAB3125_jpg.rf.cdb4c107b0c18a67d6336053f841f63c.jpg,0.9186573028564452,0.4862345239215475,0.4513330503933953,0.0796738381058643,0.051141393792861,0.1032429909952124,0.094056724976619,0.0481253948836521,0.0462818043374308,0.0051918198351138,0.0,0.2779577625724233,0.2652350673966773,0.0211494402974326,0.0183773330542342,0.0,0.0,0.0,0.0,0.0312738250470979,0.0273821206284339,0.0715101887183781,0.069937375533633,0.0461368136225978,0.0462818043374308,0.0039118686902633,0.0,0.2779577625724233,0.2652350673966773,0.006707981018699,0.0173297511344803,0.0,0.0,0.0,0.0,0.0012953143994023,0.0014076581983127,GPAB3125,GPAB3125.JPG,2024-10-03 23:30:56.961,2024-10-04 11:30:56.961,7.181962799759999,171.12082182225998,793866.0589979307,513339.6677043583,-2.5934685258492784,32.01791081347656,-0.6580506500000002,0.9181004103909371,0.42783399235293995,0.023499058040455323,0.05840053156860753,0.49026641803799714,0.8393286365520098,0.9542611188672651,0.9170766875925307
data/train\GPAB3126_jpg.rf.7f2a9644a452c8bf6f9b43429e1cf1ca.jpg,0.8678665161132812,0.5987751645308542,0.4877218790028479,0.299497045454109,0.0123366934051309,0.3264134674289402,0.3162564357633521,0.0546413352204531,0.0036362903117396,0.0031888355229171,0.156204930452467,0.2162627731058547,0.0073522775064669,0.000387922177434,0.0,0.0,0.0019626557689981,0.0,0.0,0.0,0.002309289199824,0.0289290083211227,0.3039197423582211,0.0530166710515955,0.0036362903117396,0.0031888355229171,0.156204930452467,0.2162627731058547,0.0073522775064669,0.0,0.0,0.0,0.0019626557689981,0.0,0.0,0.0,0.002309289199824,GPAB3126,GPAB3126.JPG,2024-10-03 23:30:58.963,2024-10-04 11:30:58.963,7.181975081859999,171.12079520857998,793867.415980475,513336.72898523207,-3.8314897825617846,32.026499471679685,-0.6580172833333334,0.8669618972083046,0.47672947037100344,0.010992408631844475,0.12204569415985078,0.3902324268373013,0.7818216175359036,0.9726028708591998,0.8843886462982449
data/train\GPAB3127_jpg.rf.a33eb97ca070a71c354688a5df3fe396.jpg,0.9318647384643556,0.42941640757178,0.3776489611559313,0.0047078773167307,0.0,0.1323390747095864,0.1297369234698678,0.0558329476516305,0.0451468439074133,0.1711322526564027,0.1410865277700428,0.0679766401714539,0.0595594970838622,0.0016150621347626,0.0,0.0027298582931808,0.002119168924745,0.0,0.0,0.0,0.0,0.1323390747095864,0.1297369234698678,0.0524799173456905,0.0451468439074133,0.1711322526564027,0.1410865277700428,0.0679766401714539,0.0595594970838622,0.0002669365478382,0.0,0.0027298582931808,0.002119168924745,0.0,0.0,0.0,0.0,GPAB3127,GPAB3127.JPG,2024-10-03 23:31:00.965,2024-10-04 11:31:00.965,7.18198795975,171.1207688769,793868.83883457,513333.821383947,-3.62113131043436,32.03508812988281,-0.6579839166666668,0.931398267408968,0.3692318180683397,0.008417143087591561,0.0601845895034403,0.5621664493406284,0.8433154962936975,0.9852481858937252,0.9225469039500961
data/train\GPAB3128_jpg.rf.9c417291ab540802a566e82e730a3fa4.jpg,0.9311237335205078,0.2726334346667998,0.2164538535843433,0.0014566285721967,0.0,0.0,0.0,0.0497817457650228,0.0087359306195424,0.1998596182615325,0.1967562408420599,0.0145038725003504,0.007789170057785,0.00487879352362,0.0011541644982073,0.0037668779754303,0.0,0.0,0.0,0.0,0.0020183475667485,0.0,0.0,0.0493390919932478,0.0087359306195424,0.1998596182615325,0.1967562408420599,0.0145038725003504,0.007789170057785,0.0038648187231983,0.0011541644982073,0.0037668779754303,0.0,0.0,0.0,0.0,0.0020183475667485,GPAB3128,GPAB3128.JPG,2024-10-03 23:31:02.967,2024-10-04 11:31:02.967,7.18200171798,171.12074581036,793870.3591033138,513331.2742544917,-3.885745321346401,32.04367678808594,-0.6579505500000001,0.930652189359794,0.20986973880546844,0.0065841147788748555,0.06276369586133135,0.7207824505543253,0.7516352006602697,0.9909480101331593,0.8803676243359142
data/train\GPAB3140_jpg.rf.3474ae4fcf56e867239b0fa23c90c845.jpg,0.7751216888427734,0.5195046118569758,0.3398063845845104,0.0035988423787695,0.0,0.0,0.0,0.0092304353754299,0.0052033422760277,0.013308419255535,0.2649825338999814,0.3273026157861281,0.0546931862045655,0.0192031079863958,0.0149273222039356,0.0008622626617222,0.0,0.0,0.0,0.1497446819134165,0.0,0.0,0.0,0.0086408704820029,0.0052033422760277,0.013308419255535,0.2649825338999814,0.3273026157861281,0.0546931862045655,0.0163119355204206,0.0149273222039356,0.0008622626617222,0.0,0.0,0.0,0.1497446819134165,0.0,GPAB3140,GPAB3140.JPG,2024-10-03 23:31:26.991,2024-10-04 11:31:26.991,7.18213383554,171.12044317156,793884.955594556,513297.8566964489,-2.3918563590903603,32.06959720410156,-0.65755015,0.7735821156353762,0.3164465560384311,0.02335982854607932,0.20305805581854475,0.45713555959694485,0.5829200302813758,0.9513838652305108,0.7802576177082989
data/train\GPAB3141_jpg.rf.496a8f719ffca8981eff66e05d24afae.jpg,0.8587455749511719,0.5175822846311763,0.4176577566191622,0.0114638685059042,0.0104114855691029,0.0157675001872396,0.0179298782654117,0.0429018883360251,0.0234126397336011,0.1748088715113409,0.1181587907582342,0.1873049586824473,0.173520278535805,0.0063210190446744,0.0020605965167661,0.0072562571655179,0.0,0.0,0.0,0.0840542860599589,0.0825755728093439,0.0157675001872396,0.0179298782654117,0.0325288109033017,0.0150617506812643,0.1748088715113409,0.1181587907582342,0.1873049586824473,0.173520278535805,0.0052657554976446,0.0,0.0072562571655179,0.0,0.0,0.0,0.0840542860599589,0.0825755728093439,GPAB3141,GPAB3141.JPG,2024-10-03 23:31:28.993,2024-10-04 11:31:28.993,7.18214828539,171.12041647082998,793886.5522166146,513294.90830559866,-2.4789721325142886,32.06100854589844,-0.6575167833333335,0.8577785117999397,0.396509276525139,0.021148480094023203,0.12107300810603727,0.4612692352748005,0.7360063736612367,0.956161477034784,0.8611205838703753
data/train\GPAB3142_jpg.rf.47763a8ac2730698e4e7bffda081cd94.jpg,0.6889982223510742,0.497087703059016,0.2091659097063122,0.0291220092064302,0.0041058297789803,0.0107802036783472,0.009812318641581,0.0665382554640375,0.027119985097643,0.0219521703477664,0.0455510895428087,0.3708564822371971,0.1196960764168281,0.011637665323022,0.0009736462572231,0.0157751818145155,0.0029132571443934,0.0,0.0,0.0030361631808082,0.0030995366058345,0.0107802036783472,0.009812318641581,0.0512498967781334,0.0261136919244972,0.0219521703477664,0.0455510895428087,0.3708564822371971,0.1196960764168281,0.0018848792928293,0.0009736462572231,0.0147304805049901,0.0029132571443934,0.0,0.0,0.0,0.0,GPAB3142,GPAB3142.JPG,2024-10-03 23:31:30.995,2024-10-04 11:31:30.995,7.182161020200001,171.12039186505,793887.9593059864,513292.19126373314,-2.4418031363051345,32.052419887695315,-0.6574834166666668,0.6868690263345387,0.1965613195499334,0.012604590156378798,0.3005263835090826,0.4903077067846052,0.38564703089765384,0.9749368026332871,0.6851813183133018
data/train\GPAB3143_jpg.rf.9fc36c71d76476227a44163b79392c05.jpg,0.8423089981079102,0.6408243922392519,0.5205425917426347,0.0223775404581706,0.0086485521092788,0.0883425544867424,0.0890732692813645,0.1274698832200613,0.070284008964459,0.0,0.0483692865496626,0.2548159002002984,0.1537669739957712,0.0127409390405263,0.0021230097383829,0.003791843264077,0.0009726860538136,0.0005645996047802,0.0,0.1583605871067727,0.1559533571591806,0.0883425544867424,0.0890732692813645,0.1184958221549653,0.0637584665935631,0.0,0.0483692865496626,0.2548159002002984,0.1537669739957712,0.0031177804706148,0.0,0.0,0.0009726860538136,0.0005645996047802,0.0,0.1583605871067727,0.1559533571591806,GPAB3143,GPAB3143.JPG,2024-10-03 23:31:32.997,2024-10-04 11:31:32.997,7.18217181787,171.12036375139002,793889.1521475344,513289.0869806836,-3.0438340468584912,32.043831229492184,-0.65745005,0.841229406037375,0.5012981950096309,0.01924439673300382,0.139526197229621,0.33993121102774426,0.7594635640781701,0.946420646844641,0.8643457117444859
data/train\GPAB3144_jpg.rf.a2b5b1860a1a0c32d5417f89d91114ef.jpg,0.6817789077758789,0.6785152566719734,0.3889035053185667,0.0185588114986278,0.0480034490506468,0.0,0.0,0.1889565085467705,0.1405094455209391,0.0058178724581015,0.0031753926751843,0.3278739368147748,0.1796223712031156,0.0075577610360978,0.0045840110769065,0.0330617237955688,0.0076998711407024,0.0,0.0,0.1177699083773906,0.0533124137017185,0.0,0.0,0.1730574604924307,0.1260843097001668,0.0044659060575392,0.0031753926751843,0.3278739368147748,0.1796223712031156,0.0064429648776796,0.0045840110769065,0.0330617237955688,0.0076998711407024,0.0,0.0,0.1177699083773906,0.0197341004718439,GPAB3144,GPAB3144.JPG,2024-10-03 23:31:34.999,2024-10-04 11:31:34.999,7.18218228506,171.12033840677,793890.308535768,513286.2884311912,-3.5832195820271897,32.06096993554688,-0.6574166833333335,0.6796002865246974,0.37350952425761885,0.015393981060947859,0.3050057324143546,0.3060907622670787,0.5382685572509684,0.9521159825452724,0.7512983197581246
data/train\GPAB3145_jpg.rf.60b0ade51bedfe79a34ae3c4cb01ef63.jpg,0.9019851684570312,0.2297757156876112,0.1619142999252961,0.0362736042003137,0.0029334214159927,0.0,0.0,0.0772185979877977,0.079015138566954,0.0073369142519151,0.0,0.1164851562154926,0.0796997635979205,0.0090844844571874,0.0021988658077327,0.0058783652728994,0.0,0.0,0.0010005319526888,0.0148015355572924,0.0,0.0,0.0,0.0542937415862176,0.0771926724957415,0.0073369142519151,0.0,0.1066229069966181,0.0796997635979205,0.0061116947014055,0.0010879104629524,0.0054491543488572,0.0,0.0,0.0010005319526888,0.0148015355572924,0.0,GPAB3145,GPAB3145.JPG,2024-10-03 23:31:37.000,2024-10-04 11:31:37.000,7.182193582,171.120312998,793891.5566491956,513283.4827750855,-3.6717042176352543,32.078138671875,-0.6573833333333334,0.9013141343862284,0.1465020749995678,0.015412224925728302,0.08327364068804341,0.7548120593866605,0.5975093009594671,0.9799899519664101,0.8087886190824238
data/train\GPAB3147_jpg.rf.08712d02692fd16b9c2191bf24d63a26.jpg,0.7814512252807617,0.4147829076111483,0.2193210209650812,0.0086063031592612,0.0,0.0,0.0,0.1973707710241337,0.0442442527024925,0.0183552483758159,0.0633090913979217,0.0546778229500137,0.0,0.0029017347034795,0.0230564042686802,0.0098007962006671,0.0043689255131807,0.0,0.0,0.13248310522101,0.084342347082806,0.0,0.0,0.1917238147729215,0.0442442527024925,0.0183552483758159,0.0633090913979217,0.0546778229500137,0.0,0.0,0.0230564042686802,0.0098007962006671,0.0043689255131807,0.0,0.0,0.13248310522101,0.084342347082806,GPAB3147,GPAB3147.JPG,2024-10-03 23:31:41.000,2024-10-04 11:31:41.000,7.182217117,171.120259045,793894.156824257,513277.5252565527,-3.339718710051053,32.112458984375,-0.6573166666666668,0.7799549856641631,0.20702945712019627,0.012291563844884917,0.207753450490952,0.5729255285439668,0.4847619582935191,0.978996574083797,0.7390619181863655
data/train\GPAB3148_jpg.rf.215b32be1c7c28f0b92ea81efb374979.jpg,0.8873739242553711,0.2437889242457122,0.1528202134340138,0.0228710850106486,0.0081742116249906,0.0,0.0,0.1202664372420653,0.0598225928180625,0.0,0.0,0.0714833030229123,0.0694102238618228,0.0142782246991202,0.0027394603272757,0.0107360343215106,0.0,0.0,0.0,0.0277297142626694,0.0208479364268526,0.0,0.0,0.1092144959988323,0.0576429310785196,0.0,0.0,0.0714833030229123,0.0694102238618228,0.0142782246991202,0.0027394603272757,0.0094099934130046,0.0,0.0,0.0,0.017403686797011,0.0148533865414049,GPAB3148,GPAB3148.JPG,2024-10-03 23:31:43.000,2024-10-04 11:31:43.000,7.182228609,171.120232489,793895.4264683556,513274.5929320117,-2.528683855592075,32.129619140625,-0.6572833333333334,0.8866028579494281,0.14160599781457694,0.011214215619436863,0.10218292643113525,0.7449968601348509,0.5553108008374372,0.9851705218569418,0.7830127244662602
data/train\GPAB3149_jpg.rf.b85de5970d00d2f79e110927d0172e6e.jpg,0.9099197387695312,0.3319471196778325,0.2778703840621597,0.0014652704028821,0.0167785943774329,0.0111009116171169,0.0183581289860444,0.2158047560795279,0.1658031237337317,0.0006414158775394,0.0,0.075805178569028,0.075362524797253,0.0019636159724075,0.0,0.0269202627884691,0.0183466065451305,0.0,0.0,0.0,0.0,0.0111009116171169,0.0102184846837954,0.2151114892178759,0.1571641736585478,0.0006414158775394,0.0,0.075805178569028,0.075362524797253,0.0011916124311774,0.0,0.0269202627884691,0.0183466065451305,0.0,0.0,0.0,0.0,GPAB3149,GPAB3149.JPG,2024-10-03 23:31:45.000,2024-10-04 11:31:45.000,7.182241211,171.120209606,793896.8189268685,513272.06610349886,-2.1266335270286083,32.129619140625,-0.6572500000000001,0.9093030267531874,0.2595602652465898,0.018310118815569876,0.07238685443124271,0.6497427615065976,0.7410561059724652,0.972591812182982,0.87726219237604
data/train\GPAB3150_jpg.rf.6c8b56def24a487f2d90b80b7048e1f4.jpg,0.8834114074707031,0.5430526402713151,0.4800748190496675,0.012622834021159,0.0138989443523716,0.0686833498808387,0.0369985577744789,0.3642253174912573,0.3346865800051082,0.0,0.0,0.0,0.0,0.0,0.0,0.0024005085237256,0.0,0.0,0.0,0.1101727790015036,0.1083896812700802,0.0686833498808387,0.0369985577744789,0.3516024834700983,0.3207876356527366,0.0,0.0,0.0,0.0,0.0,0.0,0.0024005085237256,0.0,0.0,0.0,0.1101727790015036,0.1083896812700802,GPAB3150,GPAB3150.JPG,2024-10-03 23:31:47.000,2024-10-04 11:31:47.000,7.18225485,171.120184701,793898.3259648548,513269.3160003807,-1.724583198465142,32.129619140625,-0.6572166666666668,0.882613212782996,0.45287033605198934,0.027204482997678137,0.09018230421932572,0.4297428767310068,0.7941511251203927,0.9404647331503766,0.8871996202706407
data/train\GPAB3151_jpg.rf.2c56a82516e6b16eb781cce5002c00e2.jpg,0.9287567138671876,0.5587298813380627,0.5477681992153218,0.2061633536448361,0.1919331391161903,0.43069731892004,0.4393938811997934,0.0986090493410124,0.092530961758939,0.0,0.0,0.0,0.0,0.0139786412353592,0.0113572859274508,0.0019588149553601,0.0044860703291385,0.0,0.0,0.0143819266673452,0.0,0.2441144332015294,0.247460742083603,0.0788711080555304,0.092530961758939,0.0,0.0,0.0,0.0,0.0139786412353592,0.0113572859274508,0.0019588149553601,0.0044860703291385,0.0,0.0,0.0143819266673452,0.0,GPAB3151,GPAB3151.JPG,2024-10-03 23:31:49.000,2024-10-04 11:31:49.000,7.182267531,171.120159377,793899.7270862269,513266.5196643039,-1.719609892636461,32.129619140625,-0.6571833333333333,0.9282689644974392,0.517383522525412,0.03038467668990985,0.041346358812650696,0.4108854419720275,0.8782392413749268,0.9311426824412102,0.9285710301636475
data/train\GPAB3152_jpg.rf.20844ffc2344e194ff3830fb974c5f8f.jpg,0.8282899856567383,0.4588447216658377,0.3290722706698187,0.0305114235399627,0.1535077190752088,0.1794552958098643,0.1549893129360523,0.2381006792478918,0.1434361455130655,0.0,0.0,0.0,0.0,0.0078477424657639,0.0068328074619327,0.0381162345431256,0.023814004758768,0.000687505641195,0.0,0.0,0.0,0.1794552958098643,0.0255174056072038,0.2135242729819885,0.1194003337667051,0.0,0.0,0.0,0.0,0.0020125863462915,0.0068328074619327,0.0381162345431256,0.023814004758768,0.000687505641195,0.0,0.0,0.0,GPAB3152,GPAB3152.JPG,2024-10-03 23:31:51.000,2024-10-04 11:31:51.000,7.182276598,171.120133824,793900.7286819712,513263.6981497219,-1.6625186873860356,32.129619140625,-0.65715,0.827114415917868,0.3075157041267622,0.021556566543056488,0.15132901753907546,0.5195987117911058,0.6401225635203633,0.9601656540994776,0.8151806167881989
data/train\GPAB3153_jpg.rf.861109ea12d8895926392ecc8c013b29.jpg,0.764007568359375,0.5930946011603098,0.3842023494257023,0.1253900826351054,0.084785000854581,0.0032973385081895,0.0,0.4153484674193381,0.3269867088644058,0.0162639253499461,0.0051639739362386,0.0823355219569713,0.0287436890630911,0.0170877798752887,0.0107331537112821,0.048628541470225,0.0022420749611597,0.0,0.0,0.0108848658499816,0.0103327488895247,0.0032973385081895,0.0,0.3129677390858479,0.2525344568993495,0.0162639253499461,0.0051639739362386,0.0823355219569713,0.0287436890630911,0.0017898191552898,0.0107331537112821,0.048628541470225,0.0022420749611597,0.0,0.0,0.0068616135642174,0.0,GPAB3153,GPAB3153.JPG,2024-10-03 23:31:53.000,2024-10-04 11:31:53.000,7.182285358,171.120110085,793901.6963922414,513261.0769239804,-2.48557480475799,32.129619140625,-0.6571166666666668,0.7623919051011766,0.3698444278435944,0.014357921582107913,0.22325017331671537,0.3925474772575823,0.608844994459628,0.9647143497652029,0.7941492794811289
data/train\GPAB3154_jpg.rf.87d38b2413cadb6976ac03e5f0992a06.jpg,0.7097530364990234,0.3994081306183902,0.1366503880181978,0.0071909633336726,0.0112007727717039,0.0208488966302621,0.0242672207680475,0.0425811803972553,0.0371733147950061,0.27754967612339,0.009171862967451,0.0545664393545128,0.0612408132538797,0.0010168554106501,0.0,0.0029161377546219,0.0,0.0,0.0,0.0,0.0047971762338133,0.0208488966302621,0.0229392594527224,0.037529550259927,0.0320976795724406,0.2754487510634252,0.009171862967451,0.0545664393545128,0.0612408132538797,0.0010168554106501,0.0,0.0029161377546219,0.0,0.0,0.0,0.0,0.0,GPAB3154,GPAB3154.JPG,2024-10-03 23:31:55.000,2024-10-04 11:31:55.000,7.182295179,171.120088121,793902.7814450376,513258.6516415335,-3.526171875,32.129619140625,-0.6570833333333334,0.7077659331352754,0.12191222588593165,0.014738162132266142,0.27749590473245855,0.5858537072493437,0.29436995578596403,0.9754606033087975,0.640346406010085
data/train\GPAB3155_jpg.rf.d0fa59781b378d4a698078e736ac7453.jpg,0.984705924987793,0.6914079078511992,0.6983684223665941,0.0,0.0,0.0,0.0,0.0,0.0,0.6914079078511992,0.6983684223665941,0.0,0.0,0.0,0.0,0.0,0.0,0.0,0.0,0.0,0.0,0.0,0.0,0.0,0.0,0.6914079078511992,0.6983684223665941,0.0,0.0,0.0,0.0,0.0,0.0,0.0,0.0,0.0,0.0,GPAB3155,GPAB3155.JPG,2024-10-03 23:31:57.000,2024-10-04 11:31:57.000,7.182306964,171.120065409,793904.0835918672,513256.1437172398,-3.622143034822753,32.129619140625,-0.65705,0.9846012179220046,0.687188774069899,0.011179648296695155,0.004219133781300233,0.29741244385210563,0.9780827571691947,0.9637720843108825,0.9788349244770127
data/train\GPAB3159_jpg.rf.ed9a35831ae623a1f7ac0a397fdfcda7.jpg,0.9771480560302734,0.3457490834858456,0.3375297423006089,0.0016294651859049,0.0,0.0,0.0,0.0093034108345511,0.0103577141781715,0.0,0.0,0.3344455689493262,0.3271720281224374,0.0014172602324076,0.0,0.0,0.0,0.0,0.0,0.0006260526229876,0.0,0.0,0.0,0.0076739456486462,0.0103577141781715,0.0,0.0,0.3344455689493262,0.3271720281224374,0.0014172602324076,0.0,0.0,0.0,0.0,0.0,0.0006260526229876,0.0,GPAB3159,GPAB3159.JPG,2024-10-03 23:32:05.000,2024-10-04 11:32:05.000,7.182346786,171.119978339,793908.4833020279,513246.5293539517,-3.2424889104995978,32.146779296875,-0.6565833333333333,0.9769916059017942,0.3301352158441244,0.007394526456484474,0.01561386764172118,0.6468563900576698,0.9348469193539619,0.9886977209051804,0.9717690932348408
data/train\GPAB3160_jpg.rf.f7c2f442d5222845a4cf61cc49b880d6.jpg,0.9345369338989258,0.4456342431580706,0.4064992327974758,0.069594582916445,0.0697261307835451,0.0,0.0,0.0096529248756056,0.0074790243565196,0.2687974220458862,0.267183320114533,0.1635562477555245,0.1283042999829083,0.0044927917530049,0.0035325883435146,0.0,0.0,0.0,0.0,0.0,0.0,0.0,0.0,0.0089442947594018,0.0074790243565196,0.2687974220458862,0.267183320114533,0.0969911065960213,0.0600376783817884,0.0021719801122669,0.0020730791610894,0.0,0.0,0.0,0.0,0.0,0.0,GPAB3160,GPAB3160.JPG,2024-10-03 23:32:07.000,2024-10-04 11:32:07.000,7.182357198,171.119957411,793909.6337191093,513244.2184375594,-1.9795973267046287,32.163939453125,-0.6564166666666668,0.9340887573623596,0.39311111665895293,0.013388116138522865,0.05252312649911767,0.5409776407034065,0.8564095162191163,0.97584966969318,0.9289940779472743
data/train\GPAB3161_jpg.rf.cb2162d68a96947fa46eb221ba5066b1.jpg,0.9377126693725586,0.7807663575451824,0.8319403982539662,0.0006442964877679,0.0,0.0,0.0,0.0008843473401405,0.000983248291318,0.589959537028324,0.8274255218225429,0.1805604899341876,0.0,0.0006442964877679,0.0,0.0,0.0,0.0076701048350082,0.0,0.0034116027139189,0.0035316281401051,0.0,0.0,0.0008843473401405,0.000983248291318,0.589959537028324,0.8274255218225429,0.1805604899341876,0.0,0.0,0.0,0.0,0.0,0.0076701048350082,0.0,0.0034116027139189,0.0035316281401051,GPAB3161,GPAB3161.JPG,2024-10-03 23:32:09.000,2024-10-04 11:32:09.000,7.182367748,171.119936609,793910.799395506,513241.9214286669,-2.671297966794547,32.181099609375,-0.65625,0.9372862347159622,0.7749964952575554,0.05694390299641072,0.005769862287626992,0.16228973945840686,0.9251366871840722,0.7402592852137352,0.866434643307866
data/train\GPAB3162_jpg.rf.8427e11d3cb16eaac10a9b2e994311b9.jpg,0.9988985061645508,0.9987363723131109,0.9987085264142356,0.0,0.0,0.0,0.0,0.0,0.0,0.9987363723131109,0.9987085264142356,0.0,0.0,0.0,0.0,0.0,0.0,0.0,0.0,0.0,0.0,0.0,0.0,0.0,0.0,0.9987363723131109,0.9987085264142356,0.0,0.0,0.0,0.0,0.0,0.0,0.0,0.0,0.0,0.0,GPAB3162,GPAB3162.JPG,2024-10-03 23:32:11.000,2024-10-04 11:32:11.000,7.182380693,171.119915287,793912.2298185714,513239.5669385312,-2.9892691937973934,32.198259765625004,-0.6560833333333334,0.9988909650620388,0.9981679318946926,0.0005405945195430251,0.0005684404184183034,0.000723033167346121,0.9988901626127973,0.5721884498480052,0.7858096451118637
data/train\GPAB3163_jpg.rf.0e42e962764a40f2e739c5cd3e6b899f.jpg,0.9640817642211914,0.9631906022971908,0.9988458355017928,0.0,0.0,0.0,0.0,0.0,0.0,0.9266481411422196,0.9988458355017928,0.0368862139755685,0.0,0.0,0.0,0.0,0.0,0.0,0.0,0.0,0.0,0.0,0.0,0.0,0.0,0.9266481411422196,0.9988458355017928,0.0368862139755685,0.0,0.0,0.0,0.0,0.0,0.0,0.0,0.0,0.0,GPAB3163,GPAB3163.JPG,2024-10-03 23:32:13.000,2024-10-04 11:32:13.000,7.182394336,171.119895117,793913.7374372673,513237.3396181467,-2.9300292523236817,32.215419921875004,-0.6559166666666667,0.9638358589883681,0.9629361483936758,0.03590968710811704,0.0002544539035149729,0.0008997105946921824,0.9638032924270716,0.02444241554714486,0.5120891187026719
data/train\GPAB3188_jpg.rf.652a96859d459386ddd0760e01ffd599.jpg,0.882390022277832,0.3845422614326619,0.323518454149327,0.0499555425821406,0.0163666671147615,0.002119168924745,0.0,0.2772452916425815,0.2503010237688752,0.004385248971142,0.0019012027507907,0.0720795893402058,0.0541132233452334,0.0294724834508942,0.0172030042844276,0.0,0.0,0.0,0.0,0.0,0.0,0.0,0.0,0.2329078992093685,0.2339343566541136,0.004385248971142,0.0019012027507907,0.0720795893402058,0.0541132233452334,0.0267311027167995,0.0172030042844276,0.0,0.0,0.0,0.0,0.0,0.0,GPAB3188,GPAB3188.JPG,2024-10-03 23:33:03.000,2024-10-04 11:33:03.000,7.1826883,171.119373082,793946.2194149835,513179.6944071611,-2.169791510272034,32.301220703125004,-0.6519,0.8815848349314319,0.2948227752567104,0.028695678892616594,0.08971948617595149,0.5867620596747215,0.7134455636494604,0.9533750620157699,0.8600300200210691
data/train\GPAB3190_jpg.rf.26f6a121f4430f3d59f86dedf34efe38.jpg,0.8701601028442383,0.3879125753999727,0.2865563841044087,0.0183494871553589,0.0053070442442527,0.0,0.0,0.1566110964946814,0.0919874866291675,0.0061760283298413,0.0,0.147181899013487,0.1444741253987244,0.0646341721030183,0.0414990311547598,0.0009621238163092,0.0,0.0,0.0,0.0128350389746563,0.0085957409217568,0.0,0.0,0.1470455501293394,0.0866804423849148,0.0061760283298413,0.0,0.147181899013487,0.1444741253987244,0.0559644955187306,0.0414990311547598,0.0009621238163092,0.0,0.0,0.0,0.0128350389746563,0.0085957409217568,GPAB3190,GPAB3190.JPG,2024-10-03 23:33:07.000,2024-10-04 11:33:07.000,7.182715335,171.119333808,793949.2069408701,513175.3574750224,-2.4663410285945595,32.301220703125004,-0.6517666666666667,0.8692711864081287,0.2718700729562551,0.014686311148153608,0.11604250244371761,0.5974011134518737,0.6752876921425763,0.9760061870936974,0.8384300843139469
data/train\GPAB3191_jpg.rf.e826bca6abc790f4761354a9d8dccd08.jpg,0.859248161315918,0.2594037520908429,0.2298246860614952,0.0114715501331802,0.0,0.0180537445052359,0.0180940730484345,0.1704437868117982,0.139733601166071,0.0,0.0299477841385919,0.0437622305909283,0.023819765979225,0.0257363319845676,0.0182294617291727,0.0006250924195781,0.0,0.0013356429426009,0.0,0.0,0.0,0.0180537445052359,0.0180940730484345,0.1626738208222029,0.139733601166071,0.0,0.0299477841385919,0.0437622305909283,0.023819765979225,0.0233982366824588,0.0182294617291727,0.0006250924195781,0.0,0.0,0.0,0.0,0.0,GPAB3191,GPAB3191.JPG,2024-10-03 23:33:09.000,2024-10-04 11:33:09.000,7.18272835,171.119314667,793950.645168024,513173.24378584966,-2.164392240204076,32.301220703125004,-0.6517000000000002,0.8582845389967411,0.17375648857453962,0.05606819748695557,0.08564726351630325,0.6845280504222016,0.5507826886259807,0.9242931656145347,0.7970617241150352
data/train\GPAB3192_jpg.rf.1439ae1e342b14aff4b7668dcbeaf30e.jpg,0.8438539505004883,0.4950299871524783,0.3869811780927671,0.0461742615555679,0.0033789557979962,0.016714260748997,0.0148005753538829,0.0857269603992909,0.1104291533118375,0.0006769434036906,0.0,0.2346257031089466,0.1995475521534482,0.1264991175730666,0.0412570598955682,0.0,0.0064784924038308,0.0,0.0,0.0319344449928272,0.0144683449741993,0.016714260748997,0.0148005753538829,0.0797929033286411,0.1094603080716619,0.0006769434036906,0.0,0.2346257031089466,0.1995475521534482,0.0862262661722259,0.0388469493377477,0.0,0.0064784924038308,0.0,0.0,0.0319344449928272,0.0144683449741993,GPAB3192,GPAB3192.JPG,2024-10-03 23:33:11.000,2024-10-04 11:33:11.000,7.182740657,171.119294081,793952.005086007,513170.9705779962,-3.0689132061818776,32.301220703125004,-0.6516333333333334,0.8427849355607492,0.36239805040299733,0.02458312768976978,0.13263193674948098,0.48038688515775185,0.6974382286579114,0.9513176484458042,0.8416952864659177
data/train\GPAB3193_jpg.rf.26438fdc8ba83c1997cdc08912b8e571.jpg,0.8917875289916992,0.5281032333889611,0.4713696149392287,0.001079268632267,0.0022334331304743,0.0,0.0,0.1087737626338763,0.0496597999320176,0.0,0.0,0.2046740781567167,0.2037330788154162,0.2128396479510219,0.2072243784123228,0.0022363137407028,0.0,0.0,0.0,0.0,0.010752357779472,0.0,0.0,0.1076944940016093,0.0474263668015432,0.0,0.0,0.2046740781567167,0.2037330788154162,0.2128396479510219,0.2072243784123228,0.0022363137407028,0.0,0.0,0.0,0.0,0.010752357779472,GPAB3193,GPAB3193.JPG,2024-10-03 23:33:13.000,2024-10-04 11:33:13.000,7.182755807,171.119273757,793953.6792985428,513168.72621528566,-2.9320769255961587,32.301220703125004,-0.6515666666666668,0.891046679328549,0.4452597638283693,0.026109851110859394,0.08284346956059185,0.44578691550017946,0.8034089708116833,0.944670417433946,0.89390028887283
data/train\GPAB3196_jpg.rf.b987e9397cd4dc6740305db480e7d1a3.jpg,0.9474382400512696,0.0930312277352834,0.051889392248854,0.0071669582484353,0.0,0.0,0.0,0.0387057994365526,0.0353988588942681,0.0,0.0,0.0478526971153569,0.0142964685639005,0.0020778801781369,0.0,0.000190120275079,0.0,0.0,0.0,0.0042152929676622,0.0021940647906852,0.0,0.0,0.033044440134198,0.0353988588942681,0.0,0.0,0.0478526971153569,0.0142964685639005,0.0005761220456941,0.0,0.000190120275079,0.0,0.0,0.0,0.0042152929676622,0.0021940647906852,GPAB3196,GPAB3196.JPG,2024-10-03 23:33:19.103,2024-10-04 11:33:19.103,7.182800003970001,171.11921814572,793958.5635712167,513162.58502895833,-2.731530934999372,32.37976702832032,-0.6513632333333335,0.9470783890859441,0.04599950453504076,0.005889887713813241,0.04703172320024264,0.9010788845509033,0.46501198784713893,0.9935059641589356,0.7439791321305587
data/train\GPAB3197_jpg.rf.61ef5ee307e4fe0e326bb6dfa6132654.jpg,0.910320281982422,0.238334008676398,0.1883765456874384,0.0108867862568006,0.0115330031513875,0.0,0.0,0.0543503935873775,0.0313602433539521,0.0056114287250611,0.0104047641452365,0.1660479756031517,0.1383403460189006,0.013061646979296,0.0069326686165197,0.0,0.0013385235528294,0.0,0.0,0.0,0.0,0.0,0.0,0.0490942401238278,0.0293178907019663,0.0,0.0035661954628468,0.1660479756031517,0.1383403460189006,0.013061646979296,0.0042805867995076,0.0,0.0013385235528294,0.0,0.0,0.0,0.0,GPAB3197,GPAB3197.JPG,2024-10-03 23:33:21.105,2024-10-04 11:33:21.105,7.18281844515,171.11920238335,793960.6017472934,513160.8442113252,-2.610384782522549,32.40553300292969,-0.6512965000000002,0.9097063121851734,0.16820843327450496,0.020168112412933425,0.07012557540189304,0.7414978789106687,0.6507042672055159,0.9735210543168852,0.8396443522756813
data/train\GPAB3198_jpg.rf.6a4a94373c659a065374d5d3634da775.jpg,0.9226274490356444,0.1967168725022708,0.1724477313274044,0.0036670168208433,0.0,0.0,0.0160987703635138,0.0655559673761289,0.0561555759972192,0.0361718226389078,0.0249816121047082,0.0855618054128586,0.0698039072597139,0.0095261780255529,0.0,0.0,0.0,0.0,0.0,0.0,0.0054078656022491,0.0,0.0160987703635138,0.0655559673761289,0.0561555759972192,0.0361718226389078,0.0249816121047082,0.0855618054128586,0.0698039072597139,0.0058591612047096,0.0,0.0,0.0,0.0,0.0,0.0,0.0054078656022491,GPAB3198,GPAB3198.JPG,2024-10-03 23:33:23.107,2024-10-04 11:33:23.107,7.182835553159999,171.11918655065998,793962.4925426184,513159.09566828783,-2.8246587126076634,32.429921875,-0.6512297666666668,0.922097737184645,0.14563117050716012,0.02681656082024428,0.05108570199511067,0.7764665666774849,0.6514961468741134,0.9666163026431548,0.8534623954764071
data/train\GPAB3199_jpg.rf.12b7ef0103aaee8e8ecbbd351b47aecd.jpg,0.8038921356201172,0.3296215070200471,0.1578334354349625,0.0101051806814755,0.0,0.0,0.0,0.2087952711902489,0.1024421813516975,0.0180595057256929,0.0,0.0928103809511006,0.0470067579115959,0.0114293011831626,0.0058284346956059,0.0,0.0,0.0,0.0,0.0,0.002556061476063,0.0,0.0,0.2065493554154512,0.1024421813516975,0.0180595057256929,0.0,0.0928103809511006,0.0470067579115959,0.0036276484810542,0.0058284346956059,0.0,0.0,0.0,0.0,0.0,0.002556061476063,GPAB3199,GPAB3199.JPG,2024-10-03 23:33:25.109,2024-10-04 11:33:25.109,7.18285244347,171.11917001387002,793964.3592515676,513157.2693935823,-2.8731678336495,32.429921875,-0.6511630333333335,0.8025495320928786,0.14500223727394412,0.012831198161018381,0.184619269746103,0.6575472948189345,0.42342266561240005,0.980859770569337,0.7103825191173955
data/train\GPAB3200_jpg.rf.195175530cb552d58d2e1d0d144f0c0f.jpg,0.7696247100830078,0.4076217105831699,0.2021727482749945,0.0201373859038298,0.0036151658367308,0.0,0.0,0.0779915617324374,0.03294649938643,0.2949034323431075,0.1368769960228374,0.0,0.0192280732750425,0.0321178438440399,0.0131211795906844,0.003938754385729,0.0,0.0,0.0,0.0,0.0,0.0,0.0,0.0772790908025956,0.03294649938643,0.2949034323431075,0.1368769960228374,0.0,0.0192280732750425,0.0127572624984876,0.0095060137539536,0.003938754385729,0.0,0.0,0.0,0.0,0.0,GPAB3200,GPAB3200.JPG,2024-10-03 23:33:27.111,2024-10-04 11:33:27.111,7.18286926572,171.11915339727,793966.2184344176,513155.4343093257,-2.89453125,32.429921875,-0.6510963000000001,0.7680475031830744,0.18892098102061938,0.01325176725437513,0.21870072956255054,0.579126522162455,0.44887832322269045,0.9776295527855673,0.720550447133109
data/train\GPAB3201_jpg.rf.64c5d806908d0ba5fcd43bc8fbac2fe3.jpg,0.8954801559448242,0.3679528271268986,0.3393934971184296,0.0,0.0,0.0,0.0,0.0300649289545497,0.0267781526838645,0.3211803588472182,0.2669778365849021,0.0178204150767298,0.0456375078496628,0.0,0.0,0.0,0.0,0.0,0.0,0.0,0.0,0.0,0.0,0.0300649289545497,0.0267781526838645,0.3211803588472182,0.2669778365849021,0.0178204150767298,0.0456375078496628,0.0,0.0,0.0,0.0,0.0,0.0,0.0,0.0,GPAB3201,GPAB3201.JPG,2024-10-03 23:33:29.113,2024-10-04 11:33:29.113,7.18288475733,171.11913769114,793967.9305443658,513153.69978634216,-2.820654438377169,32.429921875,-0.6510295666666668,0.8947645869300953,0.30105545558771174,0.03833804153071785,0.06689737153918685,0.5937091313423836,0.7409850400586109,0.9393430693528074,0.8787667139938935
data/train\GPAB3202_jpg.rf.26fcceb9e7688f7eb1ddf902d85cb3e8.jpg,0.8950948715209961,0.1566792709367552,0.0947528724484994,0.0049613710168362,0.0021854229599998,0.0,0.0,0.0060569631070646,0.0021854229599998,0.1356604183030133,0.0169907993309302,0.0089596580139536,0.074475296846884,0.0051870188180664,0.0011013533106853,0.0,0.0,0.0,0.0,0.0008997105946923,0.0,0.0,0.0,0.0035335485469241,0.0,0.1356604183030133,0.0169907993309302,0.0089596580139536,0.074475296846884,0.0027490623613706,0.0011013533106853,0.0,0.0,0.0,0.0,0.0008997105946923,0.0,GPAB3202,GPAB3202.JPG,2024-10-03 23:33:31.115,2024-10-04 11:33:31.115,7.1828977608,171.11912320435,793969.3676313786,513152.0999595012,-2.6260990850950483,32.429921875,-0.6509628333333335,0.8943766647526612,0.07290440406895793,0.021848468379541477,0.08377486686779728,0.8214722606837033,0.40836457319270464,0.9740923380315688,0.7197010812868095
data/train\GPAB3203_jpg.rf.f3c3a83f132b77b020cd73afb748d82e.jpg,0.8313875198364258,0.1724237262421671,0.1410663634984435,0.0330943707114915,0.0058466785603862,0.0,0.0224572373411583,0.0153123637711412,0.0078938322294194,0.1340443959648412,0.0908803720980252,0.0116923969173629,0.0188545541487508,0.0055999062841472,0.0009803676810895,0.0,0.0,0.0061952323980311,0.0,0.0,0.0,0.0,0.0224572373411583,0.0139680789978549,0.0065716321345513,0.1112011568530677,0.0873362613135966,0.0116923969173629,0.0188545541487508,0.0028882918557467,0.0,0.0,0.0,0.0,0.0,0.0,0.0,GPAB3203,GPAB3203.JPG,2024-10-03 23:33:33.117,2024-10-04 11:33:33.117,7.18289944754,171.11912153702,793969.5540486408,513151.9158249665,-1.7444739212007423,32.429921875,-0.6508961000000002,0.8302331565918925,0.07186162316625155,0.06920474033219196,0.10056210307591554,0.758371533425641,0.29740545137357305,0.9163766017385332,0.666575002434116
data/train\GPAB3204_jpg.rf.4d64e7738074531250627689a92bb0d3.jpg,0.9454660415649414,0.0983401923863551,0.1205468166376365,0.0080801116908605,0.0061827497537078,0.0,0.0017322069507204,0.0181804913552887,0.0120985629595773,0.0641425479573592,0.0788240580884654,0.0112122952126178,0.0269308250259735,0.0048048578610892,0.0009611636128997,0.0,0.0,0.0,0.0,0.0,0.0,0.0,0.0,0.0130587663690676,0.0086091837694897,0.0641425479573592,0.0788240580884654,0.0112122952126178,0.0269308250259735,0.0018752772587344,0.0,0.0,0.0,0.0,0.0,0.0,0.0,GPAB3204,GPAB3204.JPG,2024-10-03 23:33:35.119,2024-10-04 11:33:35.119,7.18290168692,171.11913126026,793969.8018858859,513152.9892811205,-1.688671875,32.429921875,-0.6508293666666668,0.9450926884351181,0.08198984872955484,0.03855696790808166,0.016350343656800256,0.8631028397055632,0.5989156280028896,0.9572377879300982,0.8954873520184783
data/train\GPAB3205_jpg.rf.8246c4bca81e9d44ca242b4c3e16fa1b.jpg,0.7202329635620117,0.514152438052477,0.272410667475798,0.0072620183859748,0.0077728465998237,0.0,0.0,0.0131298214213699,0.0074665417121963,0.4927811907674522,0.0215268002373622,0.0012473042289278,0.242231474315519,0.006604279050474,0.0011858512107204,0.0004176884831282,0.0,0.0,0.0,0.0,0.0,0.0,0.0,0.0083739339341646,0.0058553203910716,0.4927811907674522,0.0153651749586632,0.0012473042289278,0.242231474315519,0.0041413573051315,0.0011858512107204,0.0004176884831282,0.0,0.0,0.0,0.0,0.0,GPAB3205,GPAB3205.JPG,2024-10-03 23:33:37.121,2024-10-04 11:33:37.121,7.18291238176,171.1191378104,793970.9843631607,513153.7121595843,-1.9111520310986596,32.429921875,-0.6507626333333334,0.718317608402164,0.2524403569652195,0.019970310510578515,0.2617120810872575,0.4658772514369445,0.47262611009240285,0.9588959334682521,0.7249397103125685
data/train\GPAB3206_jpg.rf.4e643a6937100e965b0d605f248af3bf.jpg,0.4067716598510742,0.4015176975090403,0.9985827397675924,0.0127015707007372,0.0,0.0,0.0,0.015286438279085,0.0075414375781365,0.3618545752732259,0.991041302189456,0.0,0.0,0.0020461934656237,0.0,0.0,0.0,0.0406607735782748,0.0,0.0,0.0,0.0,0.0,0.0103346692963437,0.0075414375781365,0.3563622117709416,0.991041302189456,0.0,0.0,0.0020461934656237,0.0,0.0,0.0,0.0384033353625632,0.0,0.0,0.0,GPAB3206,GPAB3206.JPG,2024-10-03 23:33:39.123,2024-10-04 11:33:39.123,7.182924741420001,171.11913155712,793972.3505148317,513153.02139415086,-1.9570219370624315,32.429921875,-0.6506959000000001,0.4027102701436272,0.40140535371013,0.5971773860574624,0.00011234379891034152,0.001304916433497283,0.4019298385615819,0.002180375974470848,0.5009502890492716
data/train\GPAB3207_jpg.rf.59b13473fdee7f43b0c8751b7481a7a2.jpg,0.9188785552978516,0.917531969972519,0.9937145084814768,0.0014143796221791,0.0,0.0,0.0,0.0023861054725833,0.0,0.9175194873281955,0.9937145084814768,0.0,0.0,0.0,0.0,0.0,0.0,0.0,0.0,0.0,0.0,0.0,0.0,0.0009717258504041,0.0,0.9175194873281955,0.9937145084814768,0.0,0.0,0.0,0.0,0.0,0.0,0.0,0.0,0.0,0.0,GPAB3207,GPAB3207.JPG,2024-10-03 23:33:41.125,2024-10-04 11:33:41.125,7.182928804,171.11912720050003,793972.7994983876,513152.54027305415,-1.7181146972041004,32.429921875,-0.6506291666666668,0.9183231775819389,0.9147848280179673,0.07892968046350946,0.002747141954551613,0.003538349563971588,0.9180331502147412,0.04290571222317902,0.5199558281907891
data/train\GPAB3208_jpg.rf.88ac674c1a1d170840701939258f0f75.jpg,0.3097419738769531,0.7178355862905998,0.0370110404188023,0.001527683624499,0.0,0.0,0.0,0.002362100387346,0.0016160223381721,0.7175916946245893,0.0316483043767991,0.0,0.003746713703831,0.0,0.0,0.0,0.0,0.0,0.0,0.0,0.0,0.0,0.0,0.000834416762847,0.0016160223381721,0.7175916946245893,0.0316483043767991,0.0,0.003746713703831,0.0,0.0,0.0,0.0,0.0,0.0,0.0,0.0,GPAB3208,GPAB3208.JPG,2024-10-03 23:33:43.127,2024-10-04 11:33:43.127,7.18292720815,171.11913661727,793972.6233512487,513153.5800027163,-1.6661644212816211,32.43046670996094,-0.6505624333333335,0.30501629465185903,0.029931460680630573,0.007079579738171728,0.6879041256099693,0.2750848339712284,0.041289604747271356,0.9749097356215055,0.5083032774272923
data/train\GPAB3209_jpg.rf.f6dac21895ad4908531149409119db3c.jpg,0.9469013214111328,0.94294183279786,0.9950616738649916,0.0,0.0,0.0,0.0,0.0,0.0,0.94294183279786,0.9950616738649916,0.0,0.0,0.0,0.0,0.0,0.0,0.0,0.0,0.0,0.0,0.0,0.0,0.0,0.0,0.94294183279786,0.9950616738649916,0.0,0.0,0.0,0.0,0.0,0.0,0.0,0.0,0.0,0.0,GPAB3209,GPAB3209.JPG,2024-10-03 23:33:45.129,2024-10-04 11:33:45.129,7.182918915699999,171.11915110765997,793971.7070564969,513155.180091546,-1.6695864222506875,32.43905536816406,-0.6504957000000001,0.946537794566401,0.9422706506146263,0.05279102325036522,0.0006711821832336984,0.004267143951774743,0.9463086860006057,0.07478585732797081,0.5370370306860358
data/train\GPAB3210_jpg.rf.d299f498373d90b3cc0570fb8429706d.jpg,0.5340099334716797,0.5709331064692744,0.1099682556752822,0.0009160340526537,0.0086207062104036,0.0,0.0,0.0629691793909621,0.0458593148372551,0.5072303316734617,0.0641089408380271,0.0,0.0,0.0009160340526537,0.0,0.0,0.0,0.0,0.0,0.0,0.0,0.0,0.0,0.0629691793909621,0.0372386086268515,0.5072303316734617,0.0641089408380271,0.0,0.0,0.0,0.0,0.0,0.0,0.0,0.0,0.0,0.0,GPAB3210,GPAB3210.JPG,2024-10-03 23:33:47.131,2024-10-04 11:33:47.131,7.182908817709999,171.11916812149997,793970.5912360761,513157.0588406349,-1.6704426613660064,32.447644026367186,-0.6504289666666667,0.5308196488344091,0.10586050548948278,0.004107750185799425,0.46507260097979164,0.4249591433449261,0.1840921462611499,0.9904263175562267,0.5879214851038874
data/train\GPAB3211_jpg.rf.2bbee665257083af1512a10f8e4cb798.jpg,0.9973468780517578,0.0254607536060439,0.0257718595107187,0.0,0.0,0.0,0.0,0.0,0.0011023135140948,0.0,0.0,0.0240963045611582,0.0246695459966239,0.0,0.0,0.0013644490448856,0.0,0.0,0.0,0.0,0.0,0.0,0.0,0.0,0.0011023135140948,0.0,0.0,0.0240963045611582,0.0246695459966239,0.0,0.0,0.0013644490448856,0.0,0.0,0.0,0.0,0.0,GPAB3211,GPAB3211.JPG,2024-10-03 23:33:49.133,2024-10-04 11:33:49.133,7.18289899295,171.11918541537,793969.5056286976,513158.9684994189,-1.6712989004813257,32.45623268457031,-0.6503622333333334,0.9973287141147981,0.024280663615780407,0.0014911958949382943,0.001180089990263495,0.9730480504990178,0.9008870996473023,0.9984698452109999,0.9760602356240556
data/train\GPAB3212_jpg.rf.18fffd5daee83a4157cdafc4403a2b74.jpg,0.009368896484375,0.0,0.9974132120148332,0.0,0.0,0.0,0.0,0.0,0.0,0.0,0.9974132120148332,0.0,0.0,0.0,0.0,0.0,0.0,0.0,0.0,0.0,0.0,0.0,0.0,0.0,0.0,0.0,0.9974132120148332,0.0,0.0,0.0,0.0,0.0,0.0,0.0,0.0,0.0,0.0,GPAB3212,GPAB3212.JPG,2024-10-03 23:33:51.135,2024-10-04 11:33:51.135,7.182889294899999,171.11920356309997,793968.4340534005,513160.9724273522,-1.6721551395966443,32.46482134277343,-0.6502955000000001,0.0025867879851667777,0.0,0.9974132120148332,0.0,0.002586787985166761,0.0,0.002586787985166761,
data/train\GPAB3213_jpg.rf.aad7bced0969440a4a59c024517dbe40.jpg,0.996516227722168,0.0028758092114233,0.0035085832582774,0.0014969571153953,0.0,0.0,0.0,0.0014969571153953,0.0022468759782072,0.0,0.0,0.0,0.0,0.0,0.0,0.001378852096028,0.0012617072800702,0.0,0.0,0.0,0.0,0.0,0.0,0.0,0.0022468759782072,0.0,0.0,0.0,0.0,0.0,0.0,0.001378852096028,0.0012617072800702,0.0,0.0,0.0,0.0,GPAB3213,GPAB3213.JPG,2024-10-03 23:33:53.137,2024-10-04 11:33:53.137,7.18288006807,171.11922162336,793967.4145679286,513162.9666844645,-1.6730113787119636,32.47282226562499,-0.6502287666666667,0.996492376945132,0.001438384707416307,0.002070198550861093,0.001437424504006993,0.9950539922377156,0.2908173170257958,0.997923830782579,0.7490453878453643
data/train\GPAB3214_jpg.rf.a9331ffc6e7ef157654776be1e3f6aa5.jpg,0.998713493347168,0.0,0.0012953143994023,0.0,0.0,0.0,0.0,0.0,0.0,0.0,0.0,0.0,0.0,0.0,0.0,0.0,0.0012953143994023,0.0,0.0,0.0,0.0,0.0,0.0,0.0,0.0,0.0,0.0,0.0,0.0,0.0,0.0,0.0,0.0012953143994023,0.0,0.0,0.0,0.0,GPAB3214,GPAB3214.JPG,2024-10-03 23:33:55.139,2024-10-04 11:33:55.139,7.18286993287,171.11923921322,793966.2946508654,513164.90903200005,-1.6738676178272829,32.47282226562499,-0.6501620333333336,0.9987046856005977,0.0,0.0012953143994023,0.0,0.9987046856005977,0.0,0.9987046856005977,
data/train\GPAB3215_jpg.rf.006beb5ee5b8d23dc7a38e00e61556ec.jpg,0.9841270446777344,0.0159585806657282,0.0306112846945496,0.0088953243855178,0.0067905585119151,0.0,0.0,0.0099678715939184,0.0114561868786283,0.0,0.0,0.0,0.0,0.0059907090718097,0.0038638585197888,0.0,0.0072802622507552,0.0,0.0,0.0,0.0080109770453772,0.0,0.0,0.0010725472084006,0.0114561868786283,0.0,0.0,0.0,0.0,0.0059907090718097,0.0038638585197888,0.0,0.0072802622507552,0.0,0.0,0.0,0.0012204185334621,GPAB3215,GPAB3215.JPG,2024-10-03 23:33:57.141,2024-10-04 11:33:57.141,7.18285863753,171.11925683887,793965.0464841718,513166.8553644935,-1.6747238569426015,32.47282226562499,-0.6500953000000002,0.984018374452444,0.01529411990636087,0.01531716478818873,0.0006644607593673316,0.9687242545460831,0.4890089647550017,0.9844344308204515,0.9713989241948204
data/train\GPAB3216_jpg.rf.6eae2e3fa8c98eff50cf0d32d1c876b1.jpg,0.9791412353515624,0.0056690409296305,0.0220174641796118,0.0,0.0,0.0,0.0,0.0056690409296305,0.0142186920877318,0.0,0.0,0.0,0.0062153966696304,0.0,0.0,0.0,0.0015833754222494,0.0,0.0,0.0,0.0,0.0,0.0,0.0056690409296305,0.0142186920877318,0.0,0.0,0.0,0.0062153966696304,0.0,0.0,0.0,0.0015833754222494,0.0,0.0,0.0,0.0,GPAB3216,GPAB3216.JPG,2024-10-03 23:33:59.143,2024-10-04 11:33:59.143,7.182848365330001,171.11927469186,793963.9114297905,513168.8267677318,-1.6755800960579208,32.47282226562499,-0.6500285666666668,0.9789984310276287,0.0033424680684355224,0.01867499611117628,0.002326572861194978,0.9756559629591932,0.1373013055654121,0.9812185309721865,0.7854094009874415
data/train\GPAB3217_jpg.rf.2f1ef4bd35e7cb3d66255acbcc57cad6.jpg,1.0,0.0,0.0,0.0,0.0,0.0,0.0,0.0,0.0,0.0,0.0,0.0,0.0,0.0,0.0,0.0,0.0,0.0,0.0,0.0,0.0,0.0,0.0,0.0,0.0,0.0,0.0,0.0,0.0,0.0,0.0,0.0,0.0,0.0,0.0,0.0,0.0,GPAB3217,GPAB3217.JPG,2024-10-03 23:34:01.145,2024-10-04 11:34:01.145,7.1828394191000005,171.1192924677,793962.9229561161,513170.789614943,-1.6764363351732396,32.47282226562499,-0.6499236666666668,1.0,0.0,0.0,0.0,1.0,,1.0,
data/train\GPAB3218_jpg.rf.d9d14010d4157d4108be2e17946d432c.jpg,0.9671850204467772,0.0656164601909268,0.0591667738893807,0.0236546109927927,0.0244803859249543,0.0013356429426009,0.0017408487814058,0.0406146838146192,0.0257593768663953,0.0,0.0,0.0,0.0,0.0042796265960981,0.0043122735120207,0.0013471653835148,0.008927011098031,0.0180393414540936,0.0184272636315277,0.0,0.0,0.0,0.0,0.0406146838146192,0.0257593768663953,0.0,0.0,0.0,0.0,0.0,0.0,0.0013471653835148,0.008927011098031,0.0,0.0,0.0,0.0,GPAB3218,GPAB3218.JPG,2024-10-03 23:34:03.147,2024-10-04 11:34:03.147,7.18282839871,171.11931166958,793961.7052300284,513172.9099677462,-1.6772925742885585,32.47282226562499,-0.6497902000000002,0.9669603608828493,0.045871797481578325,0.013294976407802375,0.01974466270934848,0.9210885634012708,0.5813073422403903,0.9857713927510763,0.842430592184481
data/train\GPAB3219_jpg.rf.ff338c196dc32a1235219d6a9764c2bc.jpg,0.9607439041137696,0.1361693261100431,0.1534769925661052,0.0565502195985197,0.0266475650201738,0.0,0.0,0.0894208629156,0.0916571766563028,0.0,0.0,0.0,0.0,0.0467484631944431,0.0618198159098023,0.0,0.0,0.0,0.0,0.0,0.0,0.0,0.0,0.0796191065115234,0.0822414220228413,0.0,0.0,0.0,0.0,0.0,0.04458800552309,0.0,0.0,0.0,0.0,0.0,0.0,GPAB3219,GPAB3219.JPG,2024-10-03 23:34:05.149,2024-10-04 11:34:05.149,7.18281422578,171.11932803372002,793960.138916602,513174.7171030238,-1.6781488134038778,32.47282226562499,-0.6496567333333334,0.9604751470551522,0.12506073286565034,0.02841625970045486,0.011108593244392756,0.8354144141895021,0.7598522814120787,0.9671043636682959,0.9427625504181287
data/train\GPAB3220_jpg.rf.c40e169919da8e837e5cb08ee3bd4133.jpg,0.9815196990966796,0.0969911065960213,0.0890867121290974,0.0260618409403848,0.0510741795541967,0.0,0.0,0.084344267489625,0.0854196953082541,0.0,0.0,0.0,0.0,0.0112391809080835,0.0036670168208433,0.0,0.0,0.0014076581983127,0.0,0.0,0.0,0.0,0.0,0.0603939138467092,0.0343455157540573,0.0,0.0,0.0,0.0,0.0112391809080835,0.0036670168208433,0.0,0.0,0.0,0.0,0.0,0.0,GPAB3220,GPAB3220.JPG,2024-10-03 23:34:07.151,2024-10-04 11:34:07.151,7.18280050351,171.11934450850998,793958.6224258172,513176.5364420406,-1.6790050525191966,32.47282226562499,-0.6495232666666668,0.9813931783308975,0.0837354985280081,0.005351213601089297,0.013255608068013194,0.8976576798028895,0.8181903475193265,0.9940740189380446,0.9287028676428841
data/train\GPAB3221_jpg.rf.8d374c772359fb68a5172ca00d2a6e6e.jpg,0.9430856704711914,0.2297181034830418,0.248988425708102,0.0433570247521234,0.030672737712757,0.0,0.0,0.222495453436856,0.2123038544485263,0.0,0.0125767442575035,0.0,0.0,0.0035249067162387,0.0084555512239712,0.0037275096356412,0.0031609896240419,0.0,0.0,0.0,0.0124912861540588,0.0,0.0,0.1791979612961209,0.1816311167357693,0.0,0.0125767442575035,0.0,0.0,0.0035249067162387,0.0084555512239712,0.0037275096356412,0.0031609896240419,0.0,0.0,0.0,0.0124912861540588,GPAB3221,GPAB3221.JPG,2024-10-03 23:34:09.153,2024-10-04 11:34:09.153,7.18278753202,171.11936130038998,793957.1889411682,513178.39076874073,-1.6798612916345157,32.47282226562499,-0.6493898000000001,0.9426960207250303,0.2107012749580871,0.0382871507500149,0.019016828524954704,0.7319947457669433,0.7861833737590151,0.9502946247040975,0.933755649621474
data/train\GPAB3222_jpg.rf.ef789681cc6f68d058b4fab3aa2fddd8.jpg,0.7972869873046875,0.7323048914682087,0.5289991031700155,0.0,0.0,0.0,0.0,0.7323048914682087,0.5277277938558504,0.0,0.0,0.0,0.0,0.0,0.0,0.0,0.0012713093141651,0.0,0.0,0.0,0.0,0.0,0.0,0.7323048914682087,0.5277277938558504,0.0,0.0,0.0,0.0,0.0,0.0,0.0,0.0012713093141651,0.0,0.0,0.0,0.0,GPAB3222,GPAB3222.JPG,2024-10-03 23:34:11.155,2024-10-04 11:34:11.155,7.18277562025,171.11937817575,793955.8726085277,513180.2542818626,-1.893687892520337,32.47282226562499,-0.6492563333333334,0.795899163278749,0.5286015789584866,0.00039752421152894346,0.20370331250972207,0.2672975843202624,0.7214410211382968,0.9985150112988271,0.8601738296539452
data/train\GPAB3223_jpg.rf.665c44ab9c7d66a0223d88910b91bfc1.jpg,0.959075927734375,0.1560100091603405,0.1861988043547145,0.0025426186283302,0.1478492403830827,0.0,0.0,0.1503985804352794,0.1800189352112351,0.0,0.0,0.0,0.0,0.0,0.0,0.0056114287250611,0.0061798691434793,0.0,0.0,0.0,0.0,0.0,0.0,0.1478559618069491,0.0321696948281523,0.0,0.0,0.0,0.0,0.0,0.0,0.0056114287250611,0.0061798691434793,0.0,0.0,0.0,0.0,GPAB3223,GPAB3223.JPG,2024-10-03 23:34:13.157,2024-10-04 11:34:13.157,7.18276496344,171.11939568099,793954.6950269346,513182.1873025557,-1.9734604813918932,32.47282226562499,-0.6491228666666669,0.9587957512919537,0.15050228240350438,0.03569652195121012,0.005507726756836112,0.8082934688884494,0.7850660148658669,0.9577050411276836,0.9612006827539501
data/train\GPAB3224_jpg.rf.3496e1b9cc1114642afead4714dc1e93.jpg,0.8680868148803711,0.4272780345788451,0.3128342708119287,0.084338506269168,0.0455030793723342,0.0,0.0,0.4272780345788451,0.1758612544481423,0.0,0.0,0.0,0.0,0.0,0.1369730163637865,0.0,0.0,0.0,0.0,0.0,0.0,0.0,0.0,0.3429395283096771,0.1758612544481423,0.0,0.0,0.0,0.0,0.0,0.0914699369914522,0.0,0.0,0.0,0.0,0.0,0.0,GPAB3224,GPAB3224.JPG,2024-10-03 23:34:15.159,2024-10-04 11:34:15.159,7.18274942123,171.11941347125003,793952.9773842017,513184.15193248907,-1.928564232694475,32.47282226562499,-0.6489894,0.8671837041958969,0.3036480047933353,0.009186266018593403,0.1236300297855098,0.5635356994025614,0.6956995208490078,0.9839603392689187,0.8473085275415442
data/train\GPAB3225_jpg.rf.83718ce0f906ef09e77f85fef62d54c7.jpg,0.9943637847900392,0.0056748021500874,0.0,0.0,0.0,0.0,0.0,0.0,0.0,0.0,0.0,0.0,0.0,0.0056748021500874,0.0,0.0,0.0,0.0,0.0,0.0,0.0,0.0,0.0,0.0,0.0,0.0,0.0,0.0,0.0,0.0056748021500874,0.0,0.0,0.0,0.0,0.0,0.0,0.0,GPAB3225,GPAB3225.JPG,2024-10-03 23:34:17.161,2024-10-04 11:34:17.161,7.18272886782,171.11942812206,793950.7056749004,513185.7700873652,-1.8836679839970567,32.47282226562499,-0.6488559333333335,0.9943251978499127,0.0,0.0,0.0056748021500874,0.9943251978499126,0.0,1.0,0.5
data/train\GPAB3227_jpg.rf.2b959500f6e4dec0055fc1e6488e6c59.jpg,0.9122915267944336,0.3267111304858821,0.2906583730697511,0.0378665816566581,0.0397399385085736,0.0,0.0,0.2728369977896117,0.2400220462702819,0.0,0.0036478127526535,0.00975758704724,0.0,0.0386261025535649,0.0327851852136356,0.0045859314837255,0.0131778315918444,0.0011205573788751,0.0010254972413356,0.0,0.0,0.0,0.0,0.2366037221324965,0.2013076050030438,0.0,0.0036478127526535,0.00975758704724,0.0,0.0386261025535649,0.0327851852136356,0.0045859314837255,0.0131778315918444,0.0,0.0,0.0,0.0,GPAB3227,GPAB3227.JPG,2024-10-03 23:34:21.165,2024-10-04 11:34:21.165,7.1826749713,171.11943963055,793944.7478732975,513187.0422666777,-2.7444110312132333,32.47282226562499,-0.6485890000000001,0.9116910526325896,0.26453027809411145,0.02612809497563967,0.062180852391770625,0.6471607745384782,0.7497190193298372,0.9611933359384135,0.8854348467308306
data/train\GPAB3228_jpg.rf.92aef0621bb3c3054cd3952cab4294ff.jpg,0.7116107940673828,0.4486915308138876,0.1879655786281766,0.0266542864440403,0.0054453135352193,0.0,0.0,0.419110544377721,0.1596741453709554,0.0,0.0,0.0076989109372929,0.0,0.0162956120624593,0.0148053763709304,0.0,0.0080407433510714,0.0056498368614407,0.0054453135352193,0.0,0.0,0.0,0.0,0.4164171738141007,0.1596741453709554,0.0,0.0,0.0076989109372929,0.0,0.0132738519327934,0.0148053763709304,0.0,0.0080407433510714,0.0,0.0,0.0,0.0,GPAB3228,GPAB3228.JPG,2024-10-03 23:34:23.167,2024-10-04 11:34:23.167,7.18264550066,171.11943199017998,793941.4897439154,513186.19955971866,-3.3084672087825417,32.474255138671865,-0.6484555333333335,0.7096364093769624,0.1731467594095133,0.014818819218663293,0.2755447714043743,0.5364896499674492,0.37355532491853477,0.9731206392665432,0.6795066396757294
data/train\GPAB3256_jpg.rf.7d206d4c2dfb923b428f093deabfd85f.jpg,0.9041318893432616,0.9025585580049278,0.9987930243142707,0.0,0.0,0.0,0.0,0.0,0.0,0.9025585580049278,0.9987930243142707,0.0,0.0,0.0,0.0,0.0,0.0,0.0,0.0,0.0,0.0,0.0,0.0,0.0,0.0,0.9025585580049278,0.9987930243142707,0.0,0.0,0.0,0.0,0.0,0.0,0.0,0.0,0.0,0.0,GPAB3256,GPAB3256.JPG,2024-10-03 23:35:19.223,2024-10-04 11:35:19.223,7.18242705814,171.11918836195,793917.3344371691,513159.3073941548,-2.633820758665392,32.51572265625,-0.6447184666666668,0.9034755522609909,0.9024135672900946,0.09637945702417616,0.00014499071483320414,0.001061984970896046,0.9033729357709975,0.010898699251082025,0.505369027571339
data/train\GPAB3257_jpg.rf.3ee28745ceb92561a0b0b7379c7e81aa.jpg,0.9318771362304688,0.9309335289587748,0.9983167634231636,0.0,0.0,0.0,0.0,0.0,0.0,0.9309335289587748,0.9983167634231636,0.0,0.0,0.0,0.0,0.0,0.0,0.0,0.0,0.0,0.0,0.0,0.0,0.0,0.0,0.9309335289587748,0.9983167634231636,0.0,0.0,0.0,0.0,0.0,0.0,0.0,0.0,0.0,0.0,GPAB3257,GPAB3257.JPG,2024-10-03 23:35:21.225,2024-10-04 11:35:21.225,7.182429365000001,171.1191813925,793917.5892549516,513158.5378461281,-2.2564008853274835,32.51572265625,-0.6445850000000001,0.9314107500532913,0.930330521217615,0.06798624220554861,0.0006030077411598445,0.0010802288356765999,0.9313365778447232,0.015640423195095926,0.507496338988816
data/train\GPAB3258_jpg.rf.c7ef61abe1c7481746e6bde8d974d808.jpg,0.3883190155029297,0.8583642358797288,0.2596486039602629,0.0,0.0,0.0,0.0,0.0,0.0,0.8583642358797288,0.2596486039602629,0.0,0.0,0.0,0.0,0.0,0.0,0.0,0.0,0.0,0.0,0.0,0.0,0.0,0.0,0.8583642358797288,0.2596486039602629,0.0,0.0,0.0,0.0,0.0,0.0,0.0,0.0,0.0,0.0,GPAB3258,GPAB3258.JPG,2024-10-03 23:35:23.227,2024-10-04 11:35:23.227,7.18243231212,171.11917461084002,793917.9148573641,513157.7890131845,-1.966860605781371,32.51474881738281,-0.6444515333333335,0.38413129437340005,0.25107206710669594,0.008576536853566963,0.6072921687730328,0.13305922726670427,0.28960694317688457,0.9394465309885707,0.6159735731211955
data/train\GPAB3259_jpg.rf.839025428ad843c1b67707a3f6164648.jpg,0.8982028961181641,0.8973254494232058,0.9984790377993674,0.0,0.0,0.0,0.0,0.0,0.0,0.8973254494232058,0.9984790377993674,0.0,0.0,0.0,0.0,0.0,0.0,0.0,0.0,0.0,0.0,0.0,0.0,0.0,0.0,0.8973254494232058,0.9984790377993674,0.0,0.0,0.0,0.0,0.0,0.0,0.0,0.0,0.0,0.0,GPAB3259,GPAB3259.JPG,2024-10-03 23:35:25.229,2024-10-04 11:35:25.229,7.18243510712,171.11916807929998,793918.2236504618,513157.0677998219,-1.7209173324634972,32.506160159179686,-0.6443180666666668,0.89750596766419,0.8966552274433817,0.10182381035598576,0.0006702219798241371,0.0008507402208084436,0.8974186976243562,0.008285794444964653,0.5037694418723332
data/train\GPAB3260_jpg.rf.2a852c74755eedf1b0bbf6519188576e.jpg,0.9302024841308594,0.9302479437243986,0.9985395306141652,0.0,0.0,0.0,0.0,0.0004733802808787,0.0,0.9297399961207782,0.9985395306141652,0.0,0.0,0.0006116495718452,0.0,0.0,0.0,0.0,0.0,0.0,0.0,0.0,0.0,0.0004733802808787,0.0,0.9297399961207782,0.9985395306141652,0.0,0.0,0.0006116495718452,0.0,0.0,0.0,0.0,0.0,0.0,0.0,GPAB3260,GPAB3260.JPG,2024-10-03 23:35:27.231,2024-10-04 11:35:27.231,7.182438264689999,171.11916138718,793918.5725202152,513156.3288467623,-1.7303938332222044,32.497571500976555,-0.6441846000000002,0.9297246328662264,0.929256053602395,0.06928347701177018,0.0009918901220035137,0.00046857926383125914,0.9296916878490774,0.006717784232479515,0.5028257599934036
data/train\GPAB3261_jpg.rf.8999c48d44cc28e7c338a83f1c9f0ff3.jpg,0.9831781387329102,0.9858225966588762,0.996145743514306,0.0,0.0,0.0,0.0,0.0,0.0,0.9858225966588762,0.996145743514306,0.0,0.0,0.0,0.0,0.0,0.0,0.0,0.0,0.0,0.0,0.0,0.0,0.0,0.0,0.9858225966588762,0.996145743514306,0.0,0.0,0.0,0.0,0.0,0.0,0.0,0.0,0.0,0.0,GPAB3261,GPAB3261.JPG,2024-10-03 23:35:29.233,2024-10-04 11:35:29.233,7.182441730159999,171.11915499369,793918.9554361686,513155.6228559433,-1.8116942033028545,32.48898284277343,-0.6440511333333335,0.9830629720600012,0.9825156561165915,0.01363008739771443,0.003306940542284642,0.0005473159434093988,0.9830536970782299,0.03860480866914615,0.5176251550234432
data/train\GPAB3262_jpg.rf.77bd56029fdd05e1a937a6123d894b5b.jpg,0.9559249877929688,0.955615557599722,0.9949493300660812,0.0,0.0,0.0,0.0,0.0,0.0,0.4676785930331481,0.9949493300660812,0.4885121264088584,0.0,0.0,0.0,0.0,0.0,0.0,0.0,0.0,0.0,0.0,0.0,0.0,0.0,0.4676785930331481,0.9949493300660812,0.4885121264088584,0.0,0.0,0.0,0.0,0.0,0.0,0.0,0.0,0.0,GPAB3262,GPAB3262.JPG,2024-10-03 23:35:31.235,2024-10-04 11:35:31.235,7.182445456,171.11914905275,793919.3671484097,513154.9668227054,-1.881980884757716,32.4803941845703,-0.6439176666666668,0.9556232392269979,0.9530940634464007,0.04185526661968053,0.0025214941533213686,0.0025291757805974147,0.9555107180124991,0.05698338525441465,0.5271723889944501
data/train\GPAB3263_jpg.rf.d701924d1f6c7c918723e49532d90267.jpg,0.9699869155883788,0.9344853213704792,0.961673480910196,0.0,0.0,0.0,0.0,0.0,0.0,0.0,0.0,0.9344853213704792,0.961673480910196,0.0,0.0,0.0,0.0,0.0,0.0,0.0,0.0,0.0,0.0,0.0,0.0,0.0,0.0,0.9344853213704792,0.961673480910196,0.0,0.0,0.0,0.0,0.0,0.0,0.0,0.0,GPAB3263,GPAB3263.JPG,2024-10-03 23:35:33.237,2024-10-04 11:35:33.237,7.18244956257,171.11914331777,793919.8209553713,513154.3335181293,-1.9522675662125777,32.47180552636718,-0.6437842000000001,0.9697814384999317,0.9329701203903034,0.02870336051989264,0.0015152009801758792,0.03681131810962812,0.9686265400868695,0.5618789388831869,0.78012875527331
data/train\GPAB3264_jpg.rf.7edd339bc280e2edab14e6c55b7b5448.jpg,0.9288721084594728,0.927804226047246,0.9992231954417224,0.0,0.0,0.0,0.0037966442811245,0.0,0.0,0.5299938739022475,0.9913447264668548,0.4010779243474938,0.0,0.0,0.0040818246937431,0.0,0.0,0.0,0.0,0.0,0.0,0.0,0.0037966442811245,0.0,0.0,0.5299938739022475,0.9913447264668548,0.4010779243474938,0.0,0.0,0.0040818246937431,0.0,0.0,0.0,0.0,0.0,0.0,GPAB3264,GPAB3264.JPG,2024-10-03 23:35:35.239,2024-10-04 11:35:35.239,7.182453370599999,171.11913733616,793920.2417523711,513153.6729922647,-2.0225542476674394,32.463216868164054,-0.6436507333333334,0.9283851491099876,0.927706285299478,0.07151691014224448,9.794074776803274e-05,0.0006788638105095224,0.9283364993528637,0.009403096238760194,0.5046487671850954
data/train\GPAB3265_jpg.rf.8995466d2b3f0f2c217c0f02097fd53f.jpg,0.7697525024414062,0.7678064921272922,0.999253921950826,0.0,0.0,0.0,0.0,0.0,0.0,0.3187500840177983,0.9779412470737802,0.4536903497636939,0.0213126748770459,0.0,0.0,0.0,0.0,0.0,0.0,0.0,0.0,0.0,0.0,0.0,0.0,0.3187500840177983,0.9779412470737802,0.4536903497636939,0.0213126748770459,0.0,0.0,0.0,0.0,0.0,0.0,0.0,0.0,GPAB3265,GPAB3265.JPG,2024-10-03 23:35:37.241,2024-10-04 11:35:37.241,7.18245681178,171.11913149964002,793920.6219991444,513153.0284960235,-1.66953125,32.45462820996093,-0.6435172666666668,0.768176170439946,0.767618292259032,0.23163562969179397,0.0001881998682602415,0.0005578781809137956,0.7680467687932631,0.0024026433211889516,0.5010787648248618
data/train\GPAB3266_jpg.rf.8a9ceca39439e1caada154d49866ef8d.jpg,0.997295379638672,0.9984319878323024,0.9979998962980318,0.0,0.0,0.0,0.0,0.0,0.0,0.0268780138384515,0.0,0.9777741716805288,0.9979998962980318,0.0,0.0,0.0,0.0,0.0,0.0,0.0,0.0,0.0,0.0,0.0,0.0,0.0268780138384515,0.0,0.9777741716805288,0.9979998962980318,0.0,0.0,0.0,0.0,0.0,0.0,0.0,0.0,GPAB3266,GPAB3266.JPG,2024-10-03 23:35:39.243,2024-10-04 11:35:39.243,7.18246118515,171.11912624191,793921.1053139324,513152.44787593227,-1.6626526826031682,32.446039551757806,-0.6433838000000002,0.9972768631306858,0.99685437363051,0.00114552266752177,0.0015776142017923656,0.00042248950017587106,0.9972757121476729,0.2694427434171158,0.6339313258060736
data/train\GPAB3267_jpg.rf.e3a20dea0057ae4369291cfe9aaf4c33.jpg,0.9780654907226562,0.9761888758514604,0.9971097877374344,0.0,0.0,0.0,0.0,0.0,0.0,0.0,0.0,0.9761888758514604,0.9902654578345876,0.0,0.0023515381498416,0.0,0.0044927917530049,0.0,0.0,0.0,0.0,0.0,0.0,0.0,0.0,0.0,0.0,0.9761888758514604,0.9902654578345876,0.0,0.0023515381498416,0.0,0.0044927917530049,0.0,0.0,0.0,0.0,GPAB3267,GPAB3267.JPG,2024-10-03 23:35:41.245,2024-10-04 11:35:41.245,7.182465398350001,171.11912089695,793921.5709198124,513151.8576295826,-1.655565244657487,32.43745089355468,-0.6432503333333335,0.9779153215817239,0.9756069925853095,0.021502795152124943,0.0005818832661509399,0.0023083289964146436,0.9778642249302727,0.09694330187918578,0.5481736126805299
data/train\GPAB3268_jpg.rf.29fefe45e6a87e115961b6cbdb159bec.jpg,0.9939289093017578,0.9937846033303696,0.998771899839262,0.0,0.0,0.0,0.0,0.0,0.0,0.3065026895297499,0.9971453152635854,0.6887337413557688,0.0,0.0,0.0016265845756765,0.0,0.0,0.0,0.0,0.0,0.0,0.0,0.0,0.0,0.0,0.3065026895297499,0.9971453152635854,0.6887337413557688,0.0,0.0,0.0016265845756765,0.0,0.0,0.0,0.0,0.0,0.0,GPAB3268,GPAB3268.JPG,2024-10-03 23:35:43.247,2024-10-04 11:35:43.247,7.18246992732,171.119116197,793922.0714518355,513151.3385883042,-1.648477806711806,32.429921875,-0.6431168666666668,0.993887345095185,0.9932219241324083,0.0055499757068536715,0.0005626791979612689,0.0006654209627767749,0.9938832748980787,0.10706009578248517,0.5532469487186071
data/train\GPAB3269_jpg.rf.c2d884cd6974e828bacc14f4aaf2636f.jpg,0.9982709884643556,0.9989053681131812,0.9992212750349034,0.0,0.0,0.0,0.0,0.0,0.0,0.9989053681131812,0.9992212750349034,0.0,0.0,0.0,0.0,0.0,0.0,0.0,0.0,0.0,0.0,0.0,0.0,0.0,0.0,0.9989053681131812,0.9992212750349034,0.0,0.0,0.0,0.0,0.0,0.0,0.0,0.0,0.0,0.0,GPAB3269,GPAB3269.JPG,2024-10-03 23:35:45.249,2024-10-04 11:35:45.249,7.18247463256,171.11911154853,793922.5914715718,513150.82522576326,-1.641390368766125,32.429921875,-0.6429834000000001,0.9982591512185942,0.9981928971833396,0.0010283778515638442,0.0007124709298416132,6.625403525495344e-05,0.9982590358726958,0.06052631578959379,0.5299065320558611
data/train\GPAB3270_jpg.rf.e0b91e356fe900e9f8f67900f88a75b3.jpg,0.9193048477172852,0.9179093299124488,0.9990436374041476,0.0012501848391563,0.0,0.0,0.0,0.0012501848391563,0.0,0.9173696955963152,0.9974641027955362,0.0,0.0,0.0,0.0015795346086114,0.0,0.0,0.0,0.0,0.0,0.0,0.0,0.0,0.0,0.0,0.9173696955963152,0.9974641027955362,0.0,0.0,0.0,0.0015795346086114,0.0,0.0,0.0,0.0,0.0,0.0,GPAB3270,GPAB3270.JPG,2024-10-03 23:35:47.251,2024-10-04 11:35:47.251,7.18247816041,171.1191061104,793922.9813109781,513150.224712448,-1.64102180248245,32.429921875,-0.6428499333333335,0.9187523885059811,0.9178526779112888,0.08119095949285882,5.6652001160006904e-05,0.0008997105946924044,0.9186792233416531,0.010959961634286168,0.505449121559418
data/train\GPAB3271_jpg.rf.21bf1e78667a608bb741f6939825a79c.jpg,0.8903293609619141,0.888531906599094,0.998240907353814,0.0919778845950726,0.0,0.0,0.0009909299185939,0.0,0.0,0.8003093775385378,0.99724997743522,0.0919778845950726,0.0,0.0,0.0,0.0,0.0,0.0,0.0,0.0,0.0,0.0,0.0009909299185939,0.0,0.0,0.8003093775385378,0.99724997743522,0.0,0.0,0.0,0.0,0.0,0.0,0.0,0.0,0.0,0.0,GPAB3271,GPAB3271.JPG,2024-10-03 23:35:49.253,2024-10-04 11:35:49.253,7.18248128254,171.11910119791995,793923.3263140876,513149.6822466488,-1.7804063317461043,32.429921875,-0.6427164666666668,0.8895785283154384,0.8881756711341731,0.11006523621964093,0.0003562354649209176,0.0014028571812650936,0.8894234051452664,0.012585280132311756,0.5060921771101973
data/train\GPAB3272_jpg.rf.2b8771d36365460b06cf19eab013370a.jpg,0.6050052642822266,0.899527195841167,0.5178732262642518,0.0091017681185582,0.0092121915106496,0.0,0.0,0.0091017681185582,0.0092121915106496,0.5054981247227412,0.5086610347536022,0.3953762365019406,0.0,0.0,0.0,0.0,0.0,0.0,0.0,0.0,0.0,0.0,0.0,0.0,0.0,0.5054981247227412,0.5086610347536022,0.3953762365019406,0.0,0.0,0.0,0.0,0.0,0.0,0.0,0.0,0.0,GPAB3272,GPAB3272.JPG,2024-10-03 23:35:51.255,2024-10-04 11:35:51.255,7.18248412795,171.1190967639,793923.6407401916,513149.1926145262,-1.7338556565539769,32.429921875,-0.6425830000000001,0.6023010314505025,0.5098507267779606,0.00802249948629119,0.3896764690632064,0.09245030467254178,0.561788218764151,0.9201525273086956,0.7434755478200634
data/train\GPAB3273_jpg.rf.7792a8041112c3f484a16677ed8557f4.jpg,0.8952198028564453,0.8192532306043713,0.7657468558139356,0.0,0.0033856772218626,0.0,0.0033856772218626,0.0101503102417216,0.0086888806524774,0.1030682339746852,0.0975749102689913,0.7083497368082454,0.6560973876706041,0.0,0.0,0.0,0.0,0.0,0.0,0.0,0.0,0.0,0.0,0.0101503102417216,0.0086888806524774,0.1030682339746852,0.0975749102689913,0.7083497368082454,0.6560973876706041,0.0,0.0,0.0,0.0,0.0,0.0,0.0,0.0,GPAB3273,GPAB3273.JPG,2024-10-03 23:35:53.257,2024-10-04 11:35:53.257,7.182487038800001,171.11909244636,793923.9624038818,513148.715840834,-1.6873049813618488,32.428819334960934,-0.6424495333333334,0.8945024513993044,0.7397512689088057,0.02599558690512993,0.07950196169556556,0.1547511824904988,0.8751875821470645,0.8561767549591477,0.8795673837711229
data/train\GPAB3274_jpg.rf.6f8cbaf27e8d238f2d942b271ee4af69.jpg,0.8233394622802734,0.919607929743837,0.8194529529135453,0.0,0.0,0.0,0.0,0.0,0.0,0.4317439406363844,0.3326288640985706,0.4878639891074525,0.4868240888149746,0.0,0.0,0.0,0.0,0.0,0.0,0.0,0.0,0.0,0.0,0.0,0.0,0.4317439406363844,0.3326288640985706,0.4878639891074525,0.4868240888149746,0.0,0.0,0.0,0.0,0.0,0.0,0.0,0.0,GPAB3274,GPAB3274.JPG,2024-10-03 23:35:55.259,2024-10-04 11:35:55.259,7.18248967291,171.11908783078002,793924.2534660709,513148.2061691525,-1.7780769382102024,32.42023067675781,-0.6423160666666669,0.8221300000192041,0.7805954413382932,0.03885751157525208,0.1390124884055438,0.04153455868091094,0.8144221040082551,0.5166499450575701,0.6827424966119742
data/train\GPAB3275_jpg.rf.1d25169dab7666cefd953b8af141cd76.jpg,0.8117380142211914,0.9128692222160344,0.7369013851894385,0.0,0.0,0.0,0.0,0.0,0.0,0.701384421275803,0.5029823917898768,0.2142185000470499,0.2339189933995617,0.0,0.0,0.0,0.0,0.0,0.0,0.0,0.0,0.0,0.0,0.0,0.0,0.701384421275803,0.5029823917898768,0.2142185000470499,0.2339189933995617,0.0,0.0,0.0,0.0,0.0,0.0,0.0,0.0,GPAB3275,GPAB3275.JPG,2024-10-03 23:35:57.261,2024-10-04 11:35:57.261,7.1824924914,171.11908363835,793924.564923179,513147.7432112376,-2.61394537594488,32.41164201855469,-0.6421826,0.810449125542755,0.7301098664741139,0.006791518715324574,0.18275935574192048,0.08033925906864103,0.793890435873904,0.9220537347644979,0.860925258469275
data/train\GPAB3276_jpg.rf.a8a21ae6b31115095960af1c82759954.jpg,0.8629684448242188,0.8602491151725582,0.9972067682817928,0.0,0.0,0.0,0.0,0.0,0.0,0.8602491151725582,0.9972067682817928,0.0,0.0,0.0,0.0,0.0,0.0,0.0,0.0,0.0,0.0,0.0,0.0,0.0,0.0,0.8602491151725582,0.9972067682817928,0.0,0.0,0.0,0.0,0.0,0.0,0.0,0.0,0.0,0.0,GPAB3276,GPAB3276.JPG,2024-10-03 23:35:59.263,2024-10-04 11:35:59.263,7.18249511641,171.11907922421,793924.8549851738,513147.2557803745,-3.3994214865645342,32.403053360351564,-0.6420491333333335,0.8620302924971626,0.8597430879757568,0.13746368030603595,0.000506027196801373,0.00228720452140585,0.8617140041421897,0.016366297245487847,0.5078890319605606
data/train\GPAB3277_jpg.rf.723ca0b955fa1ca90899447e24f64111.jpg,0.8926668167114258,0.878459372833541,0.9844879139196848,0.0,0.0,0.0,0.0,0.0,0.0,0.8728325808539281,0.9844879139196848,0.0056267919796129,0.0,0.0,0.0,0.0,0.0,0.0,0.0,0.0,0.0,0.0,0.0,0.0,0.0,0.8728325808539281,0.9844879139196848,0.0056267919796129,0.0,0.0,0.0,0.0,0.0,0.0,0.0,0.0,0.0,GPAB3277,GPAB3277.JPG,2024-10-03 23:36:01.265,2024-10-04 11:36:01.265,7.18249735635,171.11907440550002,793925.1024669898,513146.7236929025,-3.9501746289606574,32.39446470214844,-0.6419367500000001,0.891931986872099,0.8774396368126625,0.10704827710702236,0.00101973602087857,0.01449235005943661,0.890342796289386,0.11923873026908322,0.5590389535341797
data/train\GPAB3278_jpg.rf.67e2d52633a3ffb9fbefaa6b690632d9.jpg,0.8043746948242188,0.7383781780332346,0.933954328885031,0.0,0.0,0.0,0.0,0.0,0.0,0.7383781780332346,0.933954328885031,0.0,0.0,0.0,0.0,0.0015286438279085,0.0,0.0,0.0,0.0,0.0,0.0,0.0,0.0,0.0,0.7383781780332346,0.933954328885031,0.0,0.0,0.0,0.0,0.0015286438279085,0.0,0.0,0.0,0.0,0.0,GPAB3278,GPAB3278.JPG,2024-10-03 23:36:03.267,2024-10-04 11:36:03.267,7.18249938968,171.11906971146,793925.3271121432,513146.2053759038,-4.263808955096497,32.387021484375005,-0.6418366500000001,0.8030353950180806,0.7376839509681732,0.19627037791685786,0.0006942270650613924,0.06535144404990756,0.7892634576622226,0.24979355146532595,0.6244266730903351
data/train\GPAB3279_jpg.rf.e80fecf07458b621fb3eb07d30d469f8.jpg,0.7149581909179688,0.7100070478930257,0.9895203399888232,0.0,0.0,0.0,0.0,0.0,0.0,0.6931746821246613,0.9895203399888232,0.005366576855641,0.0,0.0,0.0,0.0114773113536371,0.0,0.0,0.0,0.0,0.0,0.0,0.0,0.0,0.0,0.6931746821246613,0.9895203399888232,0.005366576855641,0.0,0.0,0.0,0.0114773113536371,0.0,0.0,0.0,0.0,0.0,GPAB3279,GPAB3279.JPG,2024-10-03 23:36:05.269,2024-10-04 11:36:05.269,7.18250128355,171.1190655084,793925.5363544137,513145.74127094087,-4.931097308021999,32.387021484375005,-0.6417365500000002,0.7130067233442733,0.706267055613061,0.28325328437576214,0.003739992279964688,0.006739667731212151,0.7110593594328067,0.023240798378872267,0.508986627953599
data/train\GPAB3280_jpg.rf.9dcf0019e869d86acfed8f793c0121c8.jpg,0.6258821487426758,0.6508863637673005,0.3163370928497493,0.0,0.002407229947592,0.0,0.002407229947592,0.0,0.0,0.641809560937389,0.288396133836992,0.0,0.0255337290651651,0.0,0.0,0.0090768028299114,0.0,0.0,0.0,0.0,0.0,0.0,0.0,0.0,0.0,0.641809560937389,0.288396133836992,0.0,0.0255337290651651,0.0,0.0,0.0090768028299114,0.0,0.0,0.0,0.0,0.0,GPAB3280,GPAB3280.JPG,2024-10-03 23:36:07.271,2024-10-04 11:36:07.271,7.182503248130001,171.11906136012,793925.7534150813,513145.2832120824,-5.608960781852125,32.387021484375005,-0.6416364500000001,0.6233208442876539,0.2952721504523518,0.021064942397397535,0.3556142133149487,0.328048693835302,0.43942492222789037,0.9396616453464544,0.6966539417990683
data/train\GPAB3281_jpg.rf.55f02dc1fe6c46a6329e2a014ae50f24.jpg,0.4697885513305664,0.7460233175795961,0.2717452465130213,0.1136199092415737,0.0112507033489974,0.0,0.0023246524543759,0.0,0.0,0.7221670638708104,0.119756569231626,0.0085986215319853,0.1317773557150346,0.0,0.0,0.0152624331938477,0.0178866691119846,0.0,0.0,0.0,0.0,0.0,0.0,0.0,0.0,0.6085471546292367,0.1108305183370045,0.0085986215319853,0.1317773557150346,0.0,0.0,0.0152624331938477,0.0178866691119846,0.0,0.0,0.0,0.0,GPAB3281,GPAB3281.JPG,2024-10-03 23:36:09.273,2024-10-04 11:36:09.273,7.18250513721,171.11905637659,793925.9621054482,513144.7329372932,-5.81895489286899,32.387021484375005,-0.6415363500000002,0.46615859103592505,0.24196357756427123,0.029781668948750062,0.5040597400153248,0.22419501347165388,0.31188711308370853,0.8827385700729294,0.6035381957544967
data/train\GPAB3288_jpg.rf.7a58e4d38c7055a146449a1c5f7d18bb.jpg,0.3876123428344726,0.6531591652375639,0.0536993756757431,0.0,0.0,0.0,0.0,0.0,0.0,0.6492463363438911,0.0302934573660084,0.0039128288936728,0.0234059183097347,0.0,0.0,0.0,0.0,0.0,0.0,0.0,0.0,0.0,0.0,0.0,0.0,0.6492463363438911,0.0302934573660084,0.0039128288936728,0.0234059183097347,0.0,0.0,0.0,0.0,0.0,0.0,0.0,0.0,GPAB3288,GPAB3288.JPG,2024-10-03 23:36:23.287,2024-10-04 11:36:23.287,7.18261981584,171.11911451795,793938.641224611,513151.1489010602,-6.0440607003362805,32.345352334960936,-0.6408356500000001,0.3834197836469677,0.04513916228013737,0.008560213395605733,0.6080200029574265,0.33828062136683035,0.06821496201815284,0.9753194764351523,0.5222142271404404
data/train\GPAB3405_jpg.rf.0a744a0303d7a1212bd37f5aef217427.jpg,0.9341325759887696,0.3402259934744576,0.2959769397549177,0.0,0.0,0.0,0.0,0.0,0.0,0.3313009027832456,0.2883990144472205,0.0091670619504035,0.0075779253076971,0.0,0.0,0.0,0.0,0.0,0.0,0.0,0.0,0.0,0.0,0.0,0.0,0.3313009027832456,0.2883990144472205,0.0091670619504035,0.0075779253076971,0.0,0.0,0.0,0.0,0.0,0.0,0.0,0.0,GPAB3405,GPAB3405.JPG,2024-10-03 23:40:17.521,2024-10-04 11:40:17.521,7.18240262892,171.11932467664,793914.6377613753,513174.3583036533,-7.294909925412178,32.51572265625,-0.6324159666666668,0.9336816311167359,0.2849422821730555,0.011034657581862173,0.05528371130140208,0.6487393489436802,0.8111989809167921,0.9832750949981007,0.9103919749065017
data/train\GPAB3412_jpg.rf.aabe456f2f3adad085609422103a52ae.jpg,0.9228878021240234,0.9273999804118505,0.9426710554363836,0.0079428026033034,0.0,0.0,0.0,0.0,0.0,0.9273999804118505,0.9426710554363836,0.0,0.0,0.0,0.0,0.0,0.0,0.0,0.0,0.0,0.0,0.0,0.0,0.0,0.0,0.919457177808547,0.9426710554363836,0.0,0.0,0.0,0.0,0.0,0.0,0.0,0.0,0.0,0.0,GPAB3412,GPAB3412.JPG,2024-10-03 23:40:31.535,2024-10-04 11:40:31.535,7.1824871547,171.11920221685,793923.9783674488,513160.8353551912,-1.740642492948766,32.47910717285156,-0.6319488333333334,0.9223598727154361,0.896215454281835,0.04645560115454861,0.031184526130015433,0.026144418433600936,0.9202755226193974,0.36011585922310785,0.6632450512480206
data/train\GPAB3413_jpg.rf.d71936d8b4efe613f0112d09b364d35d.jpg,0.0483856201171875,0.9469516422358912,0.0481493999688894,0.0,0.0304739756069925,0.0,0.0304739756069925,0.0,0.0,0.9469516422358912,0.0056671205228115,0.0,0.0,0.0,0.0050804362396129,0.0,0.0054021043817922,0.0,0.00152576321768,0.0,0.0,0.0,0.0,0.0,0.0,0.9469516422358912,0.0056671205228115,0.0,0.0,0.0,0.0050804362396129,0.0,0.0054021043817922,0.0,0.00152576321768,0.0,0.0,GPAB3413,GPAB3413.JPG,2024-10-03 23:40:33.537,2024-10-04 11:40:33.537,7.18249931603,171.11918360712,793925.3222392641,513158.7803462891,-1.773536457409007,32.46821476367187,-0.6318821000000001,0.04187062987423256,0.018485836039506598,0.029663563929382804,0.9284658061963846,0.023384793834725963,0.01892847451361331,0.44082031603525995,0.23017086554217622
data/train\GPAB3414_jpg.rf.79f5f83a7d2e3362e7ffb0a7840a4535.jpg,0.2320566177368164,0.853302043504896,0.0892806732178144,0.0,0.006508258709525,0.0,0.0423862591051288,0.0,0.0028364408716342,0.853302043504896,0.0066743738993668,0.0,0.0,0.0,0.0283989760390841,0.0,0.0089846233026004,0.0,0.0,0.0,0.0,0.0,0.0423862591051288,0.0,0.0028364408716342,0.853302043504896,0.0066743738993668,0.0,0.0,0.0,0.021890717329559,0.0,0.0089846233026004,0.0,0.0,0.0,0.0,GPAB3414,GPAB3414.JPG,2024-10-03 23:40:35.539,2024-10-04 11:40:35.539,7.18250852007,171.11917022070998,793926.3393397228,513157.302117723,-2.0790131098393303,32.45103744726562,-0.6318153666666668,0.22679908511819144,0.08469090092045095,0.004589772297363445,0.7686111425844451,0.14210818419774052,0.09871979119098143,0.9687127727814215,0.5339817808012217
data/train\GPAB3415_jpg.rf.90f875249c32b02ae81d4b3bce2a27ef.jpg,0.6879158020019531,0.5802893284913476,0.2963648619323517,0.0,0.0087080847206672,0.0,0.0800271929605567,0.0,0.0,0.5802893284913476,0.2104247363761539,0.0,0.0,0.0,0.0,0.0,0.005912932595641,0.0,0.0,0.0,0.0,0.0,0.0713191082398895,0.0,0.0,0.5802893284913476,0.2104247363761539,0.0,0.0,0.0,0.0,0.0,0.005912932595641,0.0,0.0,0.0,0.0,GPAB3415,GPAB3415.JPG,2024-10-03 23:40:37.541,2024-10-04 11:40:37.541,7.182523715170001,171.11914722647,793928.0184619031,513154.7629377739,-2.3298229964261026,32.43386013085937,-0.6317486333333334,0.6857791954647673,0.28121669294423324,0.015148168988118438,0.2990726355471144,0.40456250252053394,0.47228583039302313,0.9639080680658696,0.7242613444873147
data/train\GPAB3481_jpg.rf.e4fc253b7043c340198c9e586f1f566a.jpg,0.8206958770751953,0.8211294680665152,0.6610097883135564,0.0,0.0,0.0,0.0,0.0,0.0,0.6272960864029437,0.4915934191499127,0.1949308941606189,0.1672280655934153,0.0,0.0021883035702283,0.0,0.0,0.0,0.0,0.0,0.0,0.0,0.0,0.0,0.0,0.6272960864029437,0.4915934191499127,0.1949308941606189,0.1672280655934153,0.0,0.0021883035702283,0.0,0.0,0.0,0.0,0.0,0.0,GPAB3481,GPAB3481.JPG,2024-10-03 23:42:49.673,2024-10-04 11:42:49.673,7.18244700313,171.11902497977002,793919.5346201229,513141.2681530023,-17.5190337743286,32.20114696191406,-0.6271721166666668,0.819468316168097,0.6508037862740843,0.010206002039472084,0.1703256817924309,0.1686645298940127,0.7828413554772458,0.942941959588585,0.867756712789912
data/train\GPAB3580_jpg.rf.ffad78ff6b840b81c294748dc1370522.jpg,0.8426570892333984,0.82978570180307,0.7101885263374194,0.1901778872836421,0.4690680073666806,0.0335235816355336,0.0268453669225288,0.7963504588812094,0.6655265851517985,0.0,0.0,0.0,0.0,0.0,0.0,0.0,0.0,0.0,0.0144885092457986,0.0,0.0033280650172932,0.0335235816355336,0.0268453669225288,0.6061725715975672,0.196458577785118,0.0,0.0,0.0,0.0,0.0,0.0,0.0,0.0,0.0,0.0144885092457986,0.0,0.0033280650172932,GPAB3580,GPAB3580.JPG,2024-10-03 23:46:07.871,2024-10-04 11:46:07.871,7.18182117425,171.11960703218,793850.3674514771,513205.5493382917,-1.7004513139112614,32.000917968749995,-0.6213935500000001,0.8415798802818389,0.6907770542111642,0.019411472126255158,0.1390086475919058,0.15080282607067486,0.8134471892020857,0.8859586278480731,0.8592175382692807
data/train\GPAB3586_jpg.rf.c59c039c860f1f9b98ea9f314e7dca24.jpg,0.9872455596923828,0.2331364276208272,0.2274865907593864,0.2058368844856094,0.1914002262239232,0.0043718061234091,0.0189697785578897,0.228764621497418,0.1999902059252232,0.0,0.0,0.0,0.0,0.0,0.0,0.0,0.0,0.0,0.0085266062762735,0.0,0.0,0.0043718061234091,0.0041307950676271,0.0229277370118085,0.031955569467836,0.0,0.0,0.0,0.0,0.0,0.0,0.0,0.0,0.0,0.0,0.0,0.0,GPAB3586,GPAB3586.JPG,2024-10-03 23:46:19.883,2024-10-04 11:46:19.883,7.18181712374,171.119569689,793849.9186013414,513201.42647091154,-1.7133484627766404,32.000917968749995,-0.6219941500000001,0.9871582396014772,0.22389062899084544,0.0035959617685409617,0.00924579862998176,0.7632676106106319,0.9457541047439814,0.9953108194233499,0.9778262506129967
data/train\GPAB3587_jpg.rf.25c7a80ed8216118dd3cb579f5aa563d.jpg,0.8999481201171875,0.4908089329643592,0.4194658196392323,0.4692091572678756,0.3111078250816653,0.0,0.0,0.4590636480432015,0.381918025514525,0.0,0.0,0.0,0.0,0.0058293948990154,0.0065274627777148,0.0,0.0035825189208081,0.0262231551131791,0.0274378124261843,0.0,0.0,0.0,0.0,0.0,0.081285059426989,0.0,0.0,0.0,0.0,0.0058293948990154,0.0065274627777148,0.0,0.0035825189208081,0.0159969888021078,0.016962953432055,0.0,0.0,GPAB3587,GPAB3587.JPG,2024-10-03 23:46:21.885,2024-10-04 11:46:21.885,7.18181851335,171.11956317425,793850.0720317789,513200.7071505945,-1.715497987587537,32.000917968749995,-0.6220942500000001,0.8992631399035572,0.4047689462535743,0.014696873385658005,0.08603998671078489,0.49449419364998276,0.800720666645139,0.9711368200718469,0.8979172071624084
data/train\GPAB3590_jpg.rf.a50fd703628d75dc3f8bdc270e10fd2a.jpg,0.970219612121582,0.3103665480495388,0.3201462197751972,0.1238595184003779,0.1530314581841017,0.1111464252587268,0.1226515825112391,0.1924641316016385,0.1920003533548546,0.0,0.0,0.0,0.0,0.0,0.0,0.0069835593972227,0.0054942839091033,0.0,0.0,0.0,0.0,0.1111464252587268,0.1226515825112391,0.0735621434044588,0.0444631790798562,0.0,0.0,0.0,0.0,0.0,0.0,0.0020942036360982,0.0,0.0,0.0,0.0,0.0,GPAB3590,GPAB3590.JPG,2024-10-03 23:46:27.891,2024-10-04 11:46:27.891,7.181824976080001,171.11955750937,793850.7863081004,513200.0815163858,-1.6197555147400555,31.979935387695317,-0.6223945500000001,0.9700157281318474,0.30026424797829165,0.01988197179690554,0.010102300071247128,0.6697514801535557,0.9092069454782281,0.9711702329104335,0.9693103276051718
data/train\GPAB3591_jpg.rf.9e62f22fe7bdeccd173ff1e1d01228c6.jpg,0.9086236953735352,0.2873888804604367,0.2151383749133416,0.195863251671234,0.1008040743351071,0.0473255454435467,0.047202639407132,0.2053135736274372,0.1565976536469485,0.0,0.0,0.0,0.0,0.0286716738073793,0.0,0.0,0.0,0.0070277287540592,0.011338081859261,0.0,0.0,0.0473255454435467,0.047202639407132,0.0244218135169754,0.0671316611711024,0.0,0.0,0.0,0.0,0.0197859514559564,0.0,0.0,0.0,0.0,0.0,0.0,0.0,GPAB3591,GPAB3591.JPG,2024-10-03 23:46:29.893,2024-10-04 11:46:29.893,7.18182767436,171.11955251909998,793851.0844528315,513199.5304730633,-1.625710353361013,31.971346729492183,-0.6224946500000001,0.9079981103196901,0.2052626828467342,0.009875692066607378,0.08212619761370249,0.7027354274729558,0.690505030928501,0.9861415408827912,0.850187375854025
data/train\GPAB3596_jpg.rf.622852fcf571639a210332332c8070c8.jpg,0.9116172790527344,0.4764385287379278,0.4433076702968757,0.4538545445467167,0.3916199207640146,0.0253071210605254,0.0409939641613679,0.4530297298179646,0.3943584208878808,0.0,0.0054539553659047,0.0,0.0,0.0,0.0013164388744111,0.0,0.0011848910073109,0.0,0.0,0.0,0.0,0.0,0.0,0.022583984191211,0.05050285852555,0.0,0.0,0.0,0.0,0.0,0.0,0.0,0.0011848910073109,0.0,0.0,0.0,0.0,GPAB3596,GPAB3596.JPG,2024-10-03 23:46:39.903,2024-10-04 11:46:39.903,7.18184347649,171.11953669868998,793852.8308852384,513197.78331831016,-1.6554845464658012,31.92840343847656,-0.6229951500000002,0.91101218882208,0.4153791939284417,0.027928476368433985,0.06105933480948611,0.4956329948936382,0.8235653595953324,0.9466567386994483,0.9092494471735196
data/train\GPAB3605_jpg.rf.5ac2aa8438d68ded3aa8d984a7d541ea.jpg,0.9165420532226562,0.5725385665699422,0.5374969033440044,0.2562571655179433,0.2106292597023753,0.0498067110536696,0.0152153832267827,0.3873076472519938,0.3866719925949113,0.0,0.0,0.0,0.0,0.0,0.0,0.0,0.0,0.0,0.0,0.1356258509802716,0.1356095275223103,0.0064708107765549,0.004829823149736,0.1749797877182302,0.1864282929695827,0.0,0.0,0.0,0.0,0.0,0.0,0.0,0.0,0.0,0.0,0.1356258509802716,0.1356095275223103,GPAB3605,GPAB3605.JPG,2024-10-03 23:46:57.921,2024-10-04 11:46:57.921,7.18187017132,171.11950278196,793855.7809588568,513194.0378721418,-1.891983843264481,31.958017578125,-0.62389605,0.9159706792286878,0.5130030745713172,0.024493828772687132,0.059535491998624956,0.4029676046573707,0.8592550062160551,0.9426993247644764,0.9193571019899314
data/train\GPAB3605_jpg.rf.f4da4dd3d31a95d97b751dc27409bdec.jpg,0.9100885391235352,0.5725385665699422,0.5379952489135298,0.2562571655179433,0.1998672998888084,0.0498067110536696,0.0124884055438304,0.3873076472519938,0.386550046761906,0.0,0.0,0.0,0.0,0.0,0.0,0.0,0.0031408253524426,0.0,0.0,0.1356258509802716,0.1358159712553507,0.0064708107765549,0.0022401545543407,0.1749797877182302,0.1969309978625872,0.0,0.0,0.0,0.0,0.0,0.0,0.0,0.0031408253524426,0.0,0.0,0.1356258509802716,0.1358159712553507,GPAB3605,GPAB3605.JPG,2024-10-03 23:46:57.921,2024-10-04 11:46:57.921,7.18187017132,171.11950278196,793855.7809588568,513194.0378721418,-1.891983843264481,31.958017578125,-0.62389605,0.9094729827566672,0.5100033991200696,0.027991849793460144,0.06253516744987253,0.3994695836365977,0.8492549007067252,0.9345160812079665,0.9126458527958166
data/train\GPAB3663_jpg.rf.e62d33ea7902a680b354db04cec4a201.jpg,0.7667779922485352,0.7134849046421994,0.5091219323901576,0.4932152027085418,0.4853713010564158,0.0,0.0,0.5614875855301187,0.5091219323901576,0.0,0.0,0.0,0.0,0.0,0.0,0.0,0.0,0.0,0.0,0.1519973191120807,0.0,0.0,0.0,0.0688148977479389,0.0237506313337417,0.0,0.0,0.0,0.0,0.0,0.0,0.0,0.0,0.0,0.0,0.1519973191120807,0.0,GPAB3663,GPAB3663.JPG,2024-10-03 23:48:54.000,2024-10-04 11:48:54.000,7.18186734,171.119547836,793855.4692604651,513199.0122777466,-1.7065851397937255,31.786416015625,-0.6191000000000002,0.7651812960057458,0.49389406651905143,0.015227865871106139,0.21959083812314795,0.2712872294866945,0.6777623317499324,0.9468514360400818,0.8195396044565948
data/train\GPAB3671_jpg.rf.ada0ddbaf3cc43539c7fefb5a1af2779.jpg,0.7415580749511719,0.6143928729862134,0.439330507774767,0.103226667537251,0.2402150471555894,0.0,0.0,0.4328750602527639,0.4324026401752947,0.0,0.0,0.0,0.0,0.0,0.0,0.0,0.0043017112745163,0.0,0.0026261563249558,0.1815178127334494,0.0,0.0,0.0,0.3301380964543529,0.1921875930197052,0.0,0.0,0.0,0.0,0.0,0.0,0.0,0.0043017112745163,0.0,0.0026261563249558,0.1815178127334494,0.0,GPAB3671,GPAB3671.JPG,2024-10-03 23:49:10.000,2024-10-04 11:49:10.000,7.181869566,171.119544941,793855.7152561134,513198.6925825554,-1.6247117974602123,31.816446289062497,-0.6193333333333335,0.7397887168417757,0.39675604880137816,0.04257445897338885,0.2176368241848352,0.3430326680403978,0.6039205140047592,0.8895910993578013,0.7676801942166647
data/train\GPAB3676_jpg.rf.cf29c1b5e8ed14be8d55b94129a9427f.jpg,0.9110097885131836,0.5785696041849505,0.5832582774334915,0.1659826817713064,0.2888147825235297,0.0,0.0,0.57241085951648,0.5739721502603111,0.0,0.0,0.0,0.0,0.0026933705636201,0.0,0.0036775790583477,0.0036891014992616,0.0,0.0055970256739187,0.0,0.0,0.0,0.0,0.4075727402092859,0.2907543934107001,0.0,0.0,0.0,0.0,0.0026933705636201,0.0,0.0036775790583477,0.0036891014992616,0.0,0.0,0.0,0.0,GPAB3676,GPAB3676.JPG,2024-10-03 23:49:20.000,2024-10-04 11:49:20.000,7.181872391,171.119543633,793856.0275155021,513198.5480875032,-1.7041007584351475,31.7992861328125,-0.6196666666666668,0.9104005392502348,0.5361142104343384,0.04714406699915308,0.042455393750612136,0.3742863288158964,0.8568043741473528,0.8881332066521302,0.9073766411819075
data/train\GPAB3709_jpg.rf.a45e2057dad709053cf0cfe214794ee1.jpg,0.8603229522705078,0.50173316715413,0.5814415725827359,0.0629077263727548,0.2239088728556257,0.0,0.0,0.5001728366137083,0.3654745421270042,0.0,0.2134186506069445,0.0,0.0,0.0,0.0,0.0015632111506501,0.0025483798487871,0.0,0.0,0.0,0.0,0.0,0.0,0.4372804734955053,0.1415656692713784,0.0,0.2134186506069445,0.0,0.0,0.0,0.0,0.0015632111506501,0.0025483798487871,0.0,0.0,0.0,0.0,GPAB3709,GPAB3709.JPG,2024-10-03 23:50:26.129,2024-10-04 11:50:26.129,7.181876390779999,171.11954049554998,793856.4695913475,513198.2015727621,-1.7783400108252807,31.786416015625,-0.6205645166666667,0.8593666882392366,0.4712707139880512,0.11017085859468467,0.030462453166078762,0.38809597425118536,0.7701709649831702,0.7788918480376475,0.8590886991428361
data/train\GPAB3732_jpg.rf.17cb4bb5e9fdf6d4fc4f7156adfc86f8.jpg,0.6928548812866211,0.473753800004993,0.2472312534687348,0.0141802839513522,0.0047990966406323,0.0,0.0,0.0,0.0,0.2133610384023751,0.0533248963460419,0.2294021965613195,0.1670360249115172,0.0171597951310005,0.0103471519406671,0.0141101891024594,0.0165231802705085,0.0,0.0,0.0,0.0,0.0,0.0,0.0,0.0,0.2133610384023751,0.0533248963460419,0.2294021965613195,0.1670360249115172,0.0029977550444286,0.0055480553000347,0.0141101891024594,0.0165231802705085,0.0,0.0,0.0,0.0,GPAB3732,GPAB3732.JPG,2024-10-03 23:51:12.175,2024-10-04 11:51:12.175,7.181966355499999,171.119545339,793866.4151174838,513198.7337338629,-13.710155610539246,31.74705490722656,-0.6197970833333335,0.6907520889225174,0.20586857119812263,0.04136268227061218,0.2678852288068704,0.4848835177243948,0.3996544049389897,0.9214005112606901,0.6779740497360102
data/train\GPAB4073_jpg.rf.6886e5e5c27978f16dcfe556ec6fc71c.jpg,0.8554973602294922,0.3500844018796942,0.258263990643778,0.0369659108585562,0.0581672021401013,0.2174419028927088,0.1526733023123618,0.0881197872957407,0.0714132081740195,0.0,0.0,0.0064343230469942,0.0024552401180666,0.0130818112508953,0.0076038507997534,0.0094580035834791,0.0018973619371527,0.0017926997655183,0.0,0.0145720469424242,0.0222210273024237,0.2111756154423753,0.1235330492411512,0.0727632541677629,0.0640753337186949,0.0,0.0,0.0064343230469942,0.0024552401180666,0.0002534937001054,0.0,0.007487666187205,0.0,0.0017926997655183,0.0,0.0145720469424242,0.0100331654257637,GPAB4073,GPAB4073.JPG,2024-10-04 00:02:34.857,2024-10-04 12:02:34.857,7.176162150150001,171.12652209925,793224.9806781523,513969.2004996764,-3.8304323253447055,31.185810546875,-0.6010952500000001,0.8545080589872158,0.23142822575534405,0.02683576488843392,0.11865617612435014,0.6230798332318719,0.6139979925714957,0.9587088462470379,0.8098864669860071
data/train\GPAB4076_jpg.rf.c94e7dec6537b171e7a7ec59e4ff64dd.jpg,0.8556337356567383,0.366872598291222,0.2684584702423361,0.0747796813276924,0.0339575935766232,0.1927579538449425,0.1869026334538708,0.0087906622138833,0.0103394703133911,0.0252715935343743,0.0,0.09963070576871,0.0475367901936346,0.0094964117198587,0.0042498602904039,0.0019376904803513,0.0013682898585236,0.0,0.0,0.0299160974260787,0.0180614261325119,0.1376067506140501,0.1667277996170708,0.0087906622138833,0.0086927214661153,0.0252715935343743,0.0,0.09963070576871,0.0475367901936346,0.0010763880220385,0.0027893909045692,0.0019376904803513,0.0013682898585236,0.0,0.0,0.0187594940112113,0.0073858846257991,GPAB4076,GPAB4076.JPG,2024-10-04 00:02:40.863,2024-10-04 12:02:40.863,7.17613304455,171.12656933383,793221.7645618921,513974.4165268224,-4.259482329383644,31.185810546875,-0.6005947500000001,0.854645368074773,0.2449882183041655,0.023470251938170594,0.12188437998705648,0.6096571497706074,0.6276231732186037,0.9629296538503536,0.8153521483621609
data/train\GPAB4077_jpg.rf.c9ad90251943ebe0b020904f23bbbbbd.jpg,0.9125595092773438,0.2251196893549929,0.1775108839056465,0.0755852919882548,0.0587462047960239,0.0596180694918411,0.0543743986726148,0.0199703105105785,0.0184282238349371,0.0085534919717392,0.0,0.1005640234827345,0.078274821738237,0.011437943013848,0.0029766305694198,0.004929684304323,0.0049085598293142,0.0,0.0,0.0202391674652358,0.0185482492611234,0.0103970825179606,0.0101272653598938,0.0156935645247089,0.0171281084184873,0.0085534919717392,0.0,0.1005640234827345,0.078274821738237,0.0,0.001527683624499,0.0014575887756062,0.0049085598293142,0.0,0.0,0.013061646979296,0.006798240139191,GPAB4077,GPAB4077.JPG,2024-10-04 00:02:42.865,2024-10-04 12:02:42.865,7.1761243938,171.1265882109,793220.8088171581,513976.5009959153,-5.048632712043547,31.185810546875,-0.6004279166666667,0.9119608697906565,0.15729572152564797,0.02021516237999854,0.06782396782934494,0.7546651482650085,0.6411470706801877,0.9739118905174252,0.8363161499931976
data/train\GPAB4087_jpg.rf.0b3c644eb44aee30141ba3ed42989ad1.jpg,0.8839054107666016,0.2680542246069407,0.1924746938391429,0.0815942449248448,0.0727094827768314,0.0607415074809447,0.0639015369015772,0.0059023703581366,0.0014758326403865,0.0,0.0117778550208076,0.0227088106344448,0.0059791866308958,0.0013212398914586,0.0167853158012993,0.004236417442671,0.0,0.0,0.0,0.1733474419220967,0.0925549668441762,0.0311970087743387,0.0,0.0055038859431982,0.0,0.0,0.0117778550208076,0.0227088106344448,0.0059791866308958,0.0,0.0167853158012993,0.0001872396648506,0.0,0.0,0.0,0.1291031892196043,0.0852228536093085,GPAB4087,GPAB4087.JPG,2024-10-04 00:03:02.885,2024-10-04 12:03:02.885,7.175950583900001,171.12678973660002,793201.6006902149,513998.7566307257,-6.36859841827768,31.22821758300781,-0.5988557500000001,0.8831105981491119,0.17181975829759777,0.020654935541545127,0.09623446630934296,0.7112908398515141,0.5951309553504615,0.9717807845390551,0.8063847969921996
data/train\GPAB4093_jpg.rf.24dd5cf3a470f49ab60fa436ea11fdfa.jpg,0.8604745864868164,0.3883417863240149,0.3635522149012046,0.2577973317867657,0.2128310061203365,0.168935307255489,0.1634832722964032,0.0216353032226346,0.0034029608832335,0.0,0.0440637344615083,0.0366096753936353,0.0290672776120893,0.002219030079332,0.001768694680281,0.0,0.0,0.0,0.0,0.159367840483328,0.1217662749676891,0.0033655129502633,0.0,0.0152643536006667,0.0034029608832335,0.0,0.0440637344615083,0.0247367602352882,0.0290672776120893,0.0,0.001768694680281,0.0,0.0,0.0,0.0,0.0887007103584823,0.0724185411437559,GPAB4093,GPAB4093.JPG,2024-10-04 00:03:14.897,2024-10-04 12:03:14.897,7.17584147574,171.12690752943,793189.5426382795,514011.7654038577,-3.639501362200935,31.185810546875,-0.5982551500000001,0.8595193605813456,0.30570668090328246,0.05784553399792214,0.08263510542073244,0.553812679678063,0.6851532237238527,0.9054283377471903,0.8463193533646283
data/train\GPAB4096_jpg.rf.39c6815800f20b8678d0f61c3e1d2ad6.jpg,0.9142332077026368,0.3594982361063367,0.3268753252689049,0.1292020901707817,0.1132156636061783,0.2272062113638153,0.2248297079253269,0.0322954814747956,0.0137827597398232,0.0,0.0,0.0123923852028813,0.0015507285063267,0.0049306445077325,0.0012204185334621,0.0054318706874864,0.0,0.0,0.0,0.0779176260699066,0.0854917105639658,0.1428696255014662,0.1389827220998496,0.0219857774670986,0.0124365545597179,0.0,0.0,0.0009736462572231,0.0015507285063267,0.0020874822122318,0.0012204185334621,0.0035834791242176,0.0,0.0,0.0,0.0614117294607689,0.0594692379633701,GPAB4096,GPAB4096.JPG,2024-10-04 00:03:20.903,2024-10-04 12:03:20.903,7.17579289564,171.12695962765,793184.1738151227,514017.51902503823,-3.305588967480523,31.185810546875,-0.59795485,0.913646026774312,0.3000097940747768,0.0268655311941281,0.059488442031559896,0.6136362326995353,0.7764956744545541,0.9580554922584282,0.8962895904766733
data/train\GPAB4102_jpg.rf.f6eb7ddcb156cec380829d721e732203.jpg,0.9394989013671876,0.3648571313347019,0.3489004710757927,0.0702417600144414,0.0459236484656909,0.1864695817161907,0.1931295525644152,0.0828367481367252,0.0821473220887112,0.0,0.0,0.0,0.0010715870049911,0.0146114152822133,0.0083912175955354,0.0013894143335324,0.0011003931072758,0.0,0.0,0.0803930304595725,0.0630603987148637,0.1864695817161907,0.1931295525644152,0.0326065873794704,0.0512969467451985,0.0,0.0,0.0,0.0010715870049911,0.0067886381050961,0.0073455560826005,0.0013894143335324,0.0011003931072758,0.0,0.0,0.0682253328545119,0.0490327871056204,GPAB4102,GPAB4102.JPG,2024-10-04 00:03:32.915,2024-10-04 12:03:32.915,7.175723483850001,171.12702762095,793176.5025846126,514025.02825227537,-2.581609665441308,31.185810546875,-0.5973542500000001,0.9390846957019376,0.3264211490562161,0.022479322019576586,0.03843598227848577,0.6126635466457215,0.842732839187883,0.9646074558519171,0.9296310802270069
data/train\GPAB4356_jpg.rf.a4c2fab051c83d8f922555d153eea266.jpg,0.7718286514282227,0.7015246109735886,0.5863626150563735,0.0760836375577802,0.0415988923093468,0.0509771990098382,0.0535822308597853,0.2679994930125998,0.3000241971259191,0.0,0.0,0.0138211678762028,0.0119554926515633,0.0034394486127941,0.0,0.0009227554765201,0.0066234831186638,0.0,0.0,0.3651039036109409,0.2141772113004418,0.0509771990098382,0.0535822308597853,0.1957355446177718,0.2584253048165723,0.0,0.0,0.0138211678762028,0.0119554926515633,0.0,0.0,0.0009227554765201,0.0066234831186638,0.0,0.0,0.3651039036109409,0.2141772113004418,GPAB4356,GPAB4356.JPG,2024-10-04 00:12:01.423,2024-10-04 12:12:01.423,7.17127096498,171.13230103928,792684.4517081422,514607.4054943818,,31.100009765625,-0.5559051333333334,0.7702665332624063,0.5290768796461842,0.05728573541018933,0.17244773132740443,0.24118965361622202,0.6972452104370712,0.8080721643514794,0.7811268295067005
data/train\GPAB4410_jpg.rf.9548ace7ba62af809617e4b4a701449f.jpg,0.8947591781616211,0.5077373190736726,0.4259155059407785,0.3548431699771279,0.3484847029994834,0.0,0.0,0.0179740476222482,0.0183773330542342,0.1165168429280058,0.0523781357842845,0.0072648989962033,0.0,0.0121312098755,0.008425784918277,0.0033770353911772,0.002512852322636,0.0,0.0,0.3507133351129103,0.3442213998613466,0.0,0.0,0.0091977884595072,0.0166576087478371,0.1165168429280058,0.0523781357842845,0.0072648989962033,0.0,0.0117672927833032,0.0058822060865373,0.0033770353911772,0.002512852322636,0.0,0.0,0.0050103413907202,0.0,GPAB4410,GPAB4410.JPG,2024-10-04 00:13:49.531,2024-10-04 12:13:49.531,7.17058381995,171.13335149097998,792608.523015039,514723.4085186233,-1.653111735781542,31.342529963867182,-0.5486979333333334,0.8940386731525206,0.4138457490834858,0.012069756857292668,0.09389156999018677,0.48019292406903474,0.796152588616258,0.9754810646328499,0.8952797593310113
data/train\GPAB4414_jpg.rf.41fc0520b81a5365ed2cebcb322ec768.jpg,0.9550762176513672,0.5051610933260102,0.5208047272734256,0.4252500849780017,0.3096041465424035,0.0,0.0,0.1606180253224843,0.1682132342915523,0.0,0.0,0.0,0.0,0.0653946532033346,0.0763582557328944,0.0,0.0,0.0,0.0,0.2792617188025111,0.2762332372489788,0.0,0.0,0.0779397107483249,0.1398488255752098,0.0,0.0,0.0,0.0,0.0020990046531457,0.0713517551558122,0.0,0.0,0.0,0.0,0.0,0.0,GPAB4414,GPAB4414.JPG,2024-10-04 00:13:57.539,2024-10-04 12:13:57.539,7.17060380091,171.13342936059,792610.7343613948,514732.0055164449,-1.66885999918691,31.357412109375,-0.5481640666666667,0.9547686581925515,0.4903672393959937,0.030437487877431946,0.014793853930016532,0.46440141879655783,0.915549922283555,0.9384901076554095,0.9546023446746572
data/train\GPAB4427_jpg.rf.d641d79fb8b16c710f5704f22c6c1f40.jpg,0.9546527862548828,0.3644250398004313,0.3487545201575501,0.006704140205061,0.0018570333939541,0.0,0.0,0.0627060836567618,0.0651613237748284,0.0,0.1946322709002675,0.2349579334886302,0.0312094914186621,0.0592723962644246,0.057751434063792,0.0035565934287519,0.0,0.0,0.0,0.0040885461176095,0.0,0.0,0.0,0.0604832127637918,0.0651613237748284,0.0,0.1946322709002675,0.2349579334886302,0.0312094914186621,0.054839137122808,0.0558944006698379,0.0035565934287519,0.0,0.0,0.0,0.0040885461176095,0.0,GPAB4427,GPAB4427.JPG,2024-10-04 00:14:23.565,2024-10-04 12:14:23.565,7.170691629799999,171.13378384265002,792620.4550298199,514771.1413055556,-2.151075227413405,31.35983598144531,-0.5468217500000001,0.9543423278787379,0.33376094391835964,0.014993576239190454,0.03066409588207164,0.6205813839603782,0.8796641224465008,0.976409428976745,0.9461328306534087
data/train\GPAB4429_jpg.rf.9c5778f2144405c14429452fd5c16a8c.jpg,0.9083194732666016,0.3270683261542125,0.2786471886204373,0.1311301786170382,0.0888226561914876,0.0987089104955993,0.0973146951450195,0.2141253603163294,0.1727444341809368,0.0,0.0,0.0142177318843223,0.0,0.0007412770321264,0.0085880592944809,0.0,0.0,0.0,0.0,0.0,0.0,0.0987089104955993,0.0973146951450195,0.0830095847504335,0.0839217779894492,0.0,0.0,0.0142177318843223,0.0,0.0007412770321264,0.0085880592944809,0.0,0.0,0.0,0.0,0.0,0.0,GPAB4429,GPAB4429.JPG,2024-10-04 00:14:27.569,2024-10-04 12:14:27.569,7.17070198992,171.13383124887,792621.6018424378,514776.3751254843,-2.5904597763984567,31.37701329785156,-0.54662155,0.9076918054320627,0.2567036601033563,0.02194352851708098,0.07036466605085617,0.6509881453287065,0.7355155897071894,0.9673911492504517,0.8761268184600701
data/train\GPAB4438_jpg.rf.7c5e910cd083c00029efa53e83f0c2a1.jpg,0.9723882675170898,0.4802178893576815,0.4868845816297724,0.0026309573420033,0.0,0.002416831981687,0.0,0.0287600125210524,0.0352557885862541,0.0,0.0,0.0,0.0,0.0019895414644638,0.0,0.0,0.0013826929096659,0.0073436356757815,0.0,0.4397405146306193,0.4502461001338523,0.002416831981687,0.0,0.02761545005694,0.0352557885862541,0.0,0.0,0.0,0.0,0.0005031465865728,0.0,0.0,0.0013826929096659,0.0073436356757815,0.0,0.4397405146306193,0.4502461001338523,GPAB4438,GPAB4438.JPG,2024-10-04 00:14:45.587,2024-10-04 12:14:45.587,7.1707592064400005,171.13406361288995,792627.9344803686,514802.0287513553,-2.261944860274113,31.454311221679685,-0.54572065,0.9721992306850283,0.46965085083624114,0.017233730793531243,0.010567038521440364,0.5025483798487873,0.9441136219306697,0.9668443171846858,0.972419821158002
data/train\GPAB4446_jpg.rf.d76aab185399ee99678d32ea3165905d.jpg,0.9745912551879884,0.1473624172544712,0.1652231608743996,0.145062730088742,0.144618155910148,0.0,0.0,0.1420755372818178,0.144618155910148,0.0,0.0,0.0,0.0,0.0009227554765201,0.0184445472928985,0.0,0.0,0.0043641244961332,0.002160457671353,0.0,0.0,0.0,0.0,0.0,0.0,0.0,0.0,0.0,0.0,0.0,0.0184445472928985,0.0,0.0,0.0023179310305095,0.002160457671353,0.0,0.0,GPAB4446,GPAB4446.JPG,2024-10-04 00:15:01.603,2024-10-04 12:15:01.603,7.17081276565,171.13427875150998,792633.8622680112,514825.7806213616,-1.8700043598763496,31.48611328124999,-0.5448664166666667,0.974417300560951,0.143501439344911,0.02172172152948859,0.0038609779095601926,0.8309158612160402,0.8486984076505484,0.9745240862365652,0.9741617629332306
data/train\GPAB4447_jpg.rf.aeeafd0ada2ec9d0aaebd6965fb0895c.jpg,0.9626531600952148,0.3459113578620495,0.3355709273452488,0.2168532982026912,0.1859654749262083,0.0,0.0294696028406657,0.1783702659571403,0.1806277041728519,0.0318336236348308,0.0,0.0,0.0,0.1030490299064953,0.0928449482738423,0.0,0.0,0.0,0.0,0.0329023300295934,0.0326286720578887,0.0,0.0,0.0183485269519495,0.0489021994419297,0.0,0.0,0.0,0.0,0.078127910616585,0.0680745809192219,0.0,0.0,0.0,0.0,0.0329023300295934,0.0326286720578887,GPAB4447,GPAB4447.JPG,2024-10-04 00:15:03.605,2024-10-04 12:15:03.605,7.1708194709,171.13430797745,792634.6044616812,514829.0072601232,-1.8673531133963912,31.488708754882804,-0.5446995833333335,0.9623974742809517,0.32193987974412497,0.013631047601123825,0.02397147811792455,0.6404575945368267,0.8954156028671841,0.9791602441580861,0.9549303807897089
data/train\GPAB4448_jpg.rf.ee36154d05bad5ec4095003019f0d7da.jpg,0.8978023529052734,0.582822345085583,0.5529292925413319,0.2685458487525997,0.3952245243632411,0.0,0.0,0.5163417018261148,0.5487130393702602,0.0574873781261822,0.0,0.0,0.0,0.0045974539246393,0.0,0.0,0.0,0.0045724886359926,0.0042162531710717,0.0,0.0,0.0,0.0,0.252394267201564,0.1534885150070191,0.0574873781261822,0.0,0.0,0.0,0.0,0.0,0.0,0.0,0.0045724886359926,0.0042162531710717,0.0,0.0,GPAB4448,GPAB4448.JPG,2024-10-04 00:15:05.607,2024-10-04 12:15:05.607,7.17082612436,171.13433594882,792635.340889755,514832.0953825536,-2.0403995978884395,31.49729741308593,-0.54453275,0.897102682232204,0.5164271599295593,0.0365021326117726,0.0663951851560236,0.38067552230264445,0.8338555612231447,0.9125021865822106,0.8992910387257008
data/train\GPAB4451_jpg.rf.411bce69ce7f9a897fa647a01fb3860d.jpg,0.8372888565063477,0.3624297371155106,0.2246875978207223,0.2903559089957616,0.0860505489482892,0.0,0.0,0.319419345794213,0.2000478181297926,0.0,0.0,0.0,0.0,0.0,0.0,0.0,0.0,0.0323185263566233,0.0246397796909297,0.011392813453602,0.0,0.0,0.0,0.0571541875430891,0.1299788947290594,0.0,0.0,0.0,0.0,0.0,0.0,0.0,0.0,0.0160219540907545,0.0086581541433737,0.0,0.0,GPAB4451,GPAB4451.JPG,2024-10-04 00:15:11.613,2024-10-04 12:15:11.613,7.17084618448,171.13441808608002,792637.5611436832,514841.1635629138,-1.7301927847717002,31.52306338769531,-0.54403225,0.8361748952898181,0.21164611511302556,0.013041482707696755,0.15078362200248502,0.6245287801767927,0.5636813261284854,0.9795450266944782,0.7817547838936146
data/train\GPAB4454_jpg.rf.5c968bee42f968821b240683bc03bef8.jpg,0.9703741073608398,0.2348167835874351,0.2459714665954835,0.0324164671043913,0.0037515147208784,0.0084065808500872,0.0104364508577497,0.1588992612194967,0.1676774407890567,0.0,0.0,0.0,0.0,0.0162476018919848,0.0141255523570113,0.0,0.0,0.001674594746151,0.0,0.0498268753252689,0.0537320225916658,0.0084065808500872,0.0104364508577497,0.1271837426040332,0.1639259260681783,0.0,0.0,0.0,0.0,0.0162476018919848,0.0141255523570113,0.0,0.0,0.001674594746151,0.0,0.0498268753252689,0.0537320225916658,GPAB4454,GPAB4454.JPG,2024-10-04 00:15:17.619,2024-10-04 12:15:17.619,7.17086729434,171.13449826458003,792639.8973821576,514850.0154405205,-1.907687116627041,31.56864505273437,-0.5435317500000001,0.9701712810841848,0.22547976563355177,0.02049170096193173,0.009337017953883336,0.7446915154506332,0.883165970890218,0.9732198765963481,0.9667284421562966
data/train\GPAB4456_jpg.rf.4095bf134e113d9e917e6244502d5524.jpg,0.917078971862793,0.1672981604423081,0.1410874879734523,0.0422700744925805,0.0183494871553589,0.0,0.0,0.0511077866735289,0.07077179229648,0.0,0.0,0.0,0.0,0.116252786990396,0.0703156956769722,0.0,0.0,0.0,0.0,0.0,0.0,0.0,0.0,0.041325234337642,0.07077179229648,0.0,0.0,0.0,0.0,0.0837719862575688,0.0519662085216132,0.0,0.0,0.0,0.0,0.0,0.0,GPAB4456,GPAB4456.JPG,2024-10-04 00:15:21.623,2024-10-04 12:15:21.623,7.1708762988500006,171.1345331275,792640.893937571,514853.8643867305,-1.917257899249552,31.602999685546877,-0.5431980833333334,0.9165112737482308,0.11244846108199558,0.028639026891456726,0.05484969936031253,0.8040628126662352,0.5739005576845795,0.9656071050513483,0.8188755714429796
data/train\GPAB4457_jpg.rf.1312e0f6c664f6ad040e3d483a8fbc3f.jpg,0.8997745513916016,0.2216888825728842,0.22101866059306,0.0266734905122301,0.0122243496062205,0.0,0.0,0.0881322699400641,0.0956698667045626,0.0178914701290321,0.0,0.0530589200016131,0.0534295585176763,0.0570860131010153,0.0511990059974305,0.0011512838879788,0.0045513641609838,0.0043881295813705,0.0053627360420031,0.0,0.0108061291704034,0.0,0.0,0.0711145849136681,0.0834455170983421,0.0178914701290321,0.0,0.0530589200016131,0.0534295585176763,0.0474302076151812,0.0511990059974305,0.0011512838879788,0.0045513641609838,0.0043881295813705,0.0053627360420031,0.0,0.0108061291704034,GPAB4457,GPAB4457.JPG,2024-10-04 00:15:23.625,2024-10-04 12:15:23.625,7.170881951,171.13455786175,792641.5195699375,514856.5951283552,-1.8263954626180456,31.612133178710938,-0.5430312500000001,0.89908838288303,0.170897963024487,0.050120697568572986,0.05079091954839718,0.7281904198585428,0.6287414996025784,0.9356032614126619,0.8532471276592538
data/train\GPAB4462_jpg.rf.01068273795b1b0956583030599c0dee.jpg,0.9364032745361328,0.5432715666486788,0.4886686395646054,0.0089567774037252,0.0,0.0,0.0,0.0272409707272388,0.0172615766924065,0.0,0.0,0.0,0.0,0.0143540807684699,0.0119612538720202,0.0,0.0,0.0,0.0,0.5016832365768364,0.4594458090001786,0.0,0.0,0.0272409707272388,0.0172615766924065,0.0,0.0,0.0,0.0,0.005470278823866,0.0119612538720202,0.0,0.0,0.0,0.0,0.5016832365768364,0.4594458090001786,GPAB4462,GPAB4462.JPG,2024-10-04 00:15:33.635,2024-10-04 12:15:33.635,7.17091094455,171.13468601375,792644.7288884755,514870.7435342449,-1.7340338954708066,31.571914062499992,-0.5421970833333334,0.9359678754347321,0.48395404082400817,0.004714598740597209,0.05931752582467065,0.452013834610724,0.8831501074123266,0.9896774573327896,0.9402458422849234
data/train\GPAB4479_jpg.rf.e9535a9e7200ff32640d39823eb08211.jpg,0.8507137298583984,0.4523950353642916,0.3490233771122074,0.0,0.0046598671462562,0.4366419382281942,0.3287025923571649,0.016169825415816,0.0,0.0,0.0,0.0,0.0,0.0,0.0064564077254125,0.0,0.0078611853134968,0.0,0.0060031917161331,0.0,0.0,0.4366419382281942,0.3262848001720684,0.016169825415816,0.0,0.0,0.0,0.0,0.0,0.0,0.0042143327642527,0.0,0.0078611853134968,0.0,0.0060031917161331,0.0,0.0,GPAB4479,GPAB4479.JPG,2024-10-04 00:16:07.669,2024-10-04 12:16:07.669,7.17101207712,171.13510582036,792655.9224781698,514917.0913641977,-1.7582601465837362,31.697775228515617,-0.5396165500000001,0.8496916786852127,0.3255550455808558,0.023468331531351583,0.1268399897834358,0.5241366331043569,0.684135548623246,0.9571436837740072,0.838384638372162
data/train\GPAB4488_jpg.rf.94af4e778abfecc91782b790f52d8f89.jpg,0.9703025817871094,0.2602055219377673,0.2864056321691187,0.1831059891727463,0.1822686917996708,0.0,0.0,0.1831059891727463,0.1968983509466645,0.0,0.0,0.0,0.0,0.0619311995053032,0.074224683757007,0.0,0.0,0.0151683332597177,0.015282597465447,0.0,0.0,0.0,0.0,0.0,0.0146296591469937,0.0,0.0,0.0,0.0,0.0619311995053032,0.074224683757007,0.0,0.0,0.0151683332597177,0.015282597465447,0.0,0.0,GPAB4488,GPAB4488.JPG,2024-10-04 00:16:25.687,2024-10-04 12:16:25.687,7.17107211495,171.1353543005,792662.5676019604,514944.52425511536,-1.7585954390559515,31.743515624999997,-0.5387156500000001,0.9700992658284731,0.25835520996767947,0.028050422201439218,0.0018503119700878368,0.7117440558607935,0.8962701905044248,0.9620834934116937,0.9774862649537526
data/train\GPAB4491_jpg.rf.12a0aec71fbb0323e170546f88ad9e24.jpg,0.7540903091430664,0.2928927664036349,0.1556787389840664,0.0,0.0017888589518803,0.2294732516136218,0.0457805781576769,0.0,0.0460964850793992,0.0027346593102282,0.0021162883145165,0.0,0.0,0.0,0.0043420398177149,0.0,0.0,0.0,0.0,0.0606848554797848,0.0573433476147587,0.2294732516136218,0.0457805781576769,0.0,0.0460964850793992,0.0027346593102282,0.0021162883145165,0.0,0.0,0.0,0.0025531808658346,0.0,0.0,0.0,0.0,0.0606848554797848,0.0573433476147587,GPAB4491,GPAB4491.JPG,2024-10-04 00:16:31.693,2024-10-04 12:16:31.693,7.171087829079999,171.13541724675002,792664.3068120492,514951.47367667855,-1.7540576617394663,31.743515624999997,-0.5384153500000001,0.7524067498458874,0.1004891276167943,0.0551896113672721,0.19240363878684058,0.651917622229093,0.28869352209186516,0.9219501530389156,0.6325210126835323
data/train\GPAB4494_jpg.rf.c523c5a95299bacfd030f227431c02c8.jpg,0.8252687454223633,0.0836433190006971,0.2529339015176975,0.0521208012705411,0.0051870188180664,0.0,0.0,0.0467330999398912,0.2148387914495806,0.0,0.0,0.0,0.0,0.0119372487867829,0.0085093226149027,0.0,0.0055768614023194,0.0250296222751827,0.0240089260508946,0.0,0.0,0.0,0.0,0.0,0.2148387914495806,0.0,0.0,0.0,0.0,0.0065495474561331,0.0033223037968363,0.0,0.0055768614023194,0.0250296222751827,0.0240089260508946,0.0,0.0,GPAB4494,GPAB4494.JPG,2024-10-04 00:16:37.699,2024-10-04 12:16:37.699,7.17110689486,171.13549580368002,792666.4170489141,514960.14657305286,-1.7495198844229811,31.743515624999997,-0.53811505,0.8240724915166029,0.08032485601749872,0.1726090455001988,0.003318462983198378,0.7437476354991042,0.3134599603556747,0.8116355245951112,0.8859807745808754
data/train\GPAB4498_jpg.rf.b6877a7fc44b00cec0c46af5dbae2b1a.jpg,0.9647722244262696,0.0871538226657935,0.087448605112507,0.0390821991730728,0.0258189094777837,0.0,0.0,0.004434219345026,0.0053531340079082,0.0080983555556409,0.0,0.0,0.0,0.0346479798280467,0.0292929254133195,0.0,0.0045043141939188,0.0399732679370797,0.0482982314973604,0.0,0.0,0.0,0.0,0.0,0.0,0.0080983555556409,0.0,0.0,0.0,0.0,0.008827149943444,0.0,0.0045043141939188,0.0399732679370797,0.0482982314973604,0.0,0.0,GPAB4498,GPAB4498.JPG,2024-10-04 00:16:45.707,2024-10-04 12:16:45.707,7.17112760285,171.13558571683998,792668.7092001078,514970.0732632835,-1.7434695146676678,31.743515624999997,-0.5377146500000001,0.9645310462568392,0.06956673701756977,0.017881868094937234,0.017587085648223727,0.8949643092392693,0.6623152236513725,0.9804108638027518,0.8893086203199466
data/train\GPAB4505_jpg.rf.13a1db335485f434ce177e813406f6e1.jpg,0.9683971405029296,0.2506620602508435,0.2482999598634974,0.1331091578439976,0.1306337534543317,0.0,0.0,0.1175529024068458,0.2405885662818811,0.0,0.0,0.0,0.0,0.1331091578439976,0.0017850181382424,0.0,0.0,0.0,0.0,0.0,0.0059263754433739,0.0,0.0,0.1175529024068458,0.1176662064091657,0.0,0.0,0.0,0.0,0.0,0.0,0.0,0.0,0.0,0.0,0.0,0.0,GPAB4505,GPAB4505.JPG,2024-10-04 00:16:59.721,2024-10-04 12:16:59.721,7.171166616210001,171.13574167494,792673.0271249394,514987.2914154136,-1.7058838178391895,31.743515624999997,-0.5370139500000002,0.9681807794163114,0.23357139976532615,0.01472856009817125,0.01709066048551733,0.7346093796509853,0.8801042005861278,0.9803445690964191,0.9560812448663081
data/train\GPAB4507_jpg.rf.8e55a9561d7c6ba559c55fd404f96b5c.jpg,0.9780912399291992,0.1644357940786176,0.1442321541395329,0.1336382299226268,0.0061078538877675,0.0,0.0,0.0277066693808416,0.0277057091774321,0.0,0.0,0.0,0.0,0.1178640083115207,0.1104185910743331,0.0041720838142352,0.0,0.01469303257202,0.0061078538877675,0.0,0.0,0.0,0.0,0.0277066693808416,0.0277057091774321,0.0,0.0,0.0,0.0,0.0,0.1104185910743331,0.0030908947751491,0.0,0.0,0.0,0.0,0.0,GPAB4507,GPAB4507.JPG,2024-10-04 00:17:03.725,2024-10-04 12:17:03.725,7.171176604499999,171.13579020175,792674.132891772,514992.64896259183,-1.725970180299501,31.746625903320307,-0.5368758333333334,0.9779412470737802,0.14330459764596526,0.0009275564935676273,0.02113119643265235,0.8346366494278148,0.8666043421961823,0.9988899039870374,0.9351913125987121
data/train\GPAB4525_jpg.rf.6ac0c98a728c8be78057fee83f71b76c.jpg,0.9574079513549804,0.3078690589814546,0.3448244076025065,0.1715201748338368,0.1736518264029052,0.0,0.0,0.2423111711985067,0.2787144028591016,0.0,0.0,0.0,0.0,0.0286447881119136,0.028604459568715,0.004583050873497,0.0062038742287166,0.0325835424976427,0.0313016709459731,0.0,0.0,0.0,0.0,0.0933087265206261,0.1050625764561964,0.0,0.0,0.0,0.0,0.0061971528048501,0.028604459568715,0.004583050873497,0.0062038742287166,0.0325835424976427,0.0313016709459731,0.0,0.0,GPAB4525,GPAB4525.JPG,2024-10-04 00:17:39.761,2024-10-04 12:17:39.761,7.17128834113,171.13625562896,792686.500343114,515044.03338907217,-1.9067474424422983,31.77252057910156,-0.5356746333333335,0.9571163555287551,0.3049049110563581,0.0399194965461484,0.0029641479250965275,0.652211444472397,0.8766962173145995,0.9423237798220628,0.9663479148807003
data/train\GPAB4526_jpg.rf.acbd0ab7d910680595cd55a037d26f3e.jpg,0.9015207290649414,0.2087146141038517,0.1477311353637154,0.0408960234135999,0.0094829688721258,0.0,0.0,0.0829337286810838,0.0821607649364441,0.031315113793706,0.0039675604880137,0.0,0.0,0.0109616821227408,0.010801328153356,0.0076393783259045,0.0031542682001755,0.0759367264361282,0.047647213585726,0.0,0.0,0.0,0.0,0.0423046418153221,0.0726777960643182,0.031315113793706,0.0039675604880137,0.0,0.0,0.0109616821227408,0.010801328153356,0.0076393783259045,0.0031542682001755,0.0759367264361282,0.047647213585726,0.0,0.0,GPAB4526,GPAB4526.JPG,2024-10-04 00:17:41.763,2024-10-04 12:17:41.763,7.17129493843,171.13628258431,792687.2305427571,515047.00932795455,-1.8603242982009325,31.781109237304687,-0.5356079000000001,0.9008465153258066,0.12864613239668687,0.01908500296702853,0.08006848170716482,0.7722003829291197,0.5647337517545449,0.9758810116966657,0.7961271964378942
data/train\GPAB4528_jpg.rf.5de0daa0ed0222a80389722c2d9b9b6d.jpg,0.8767118453979492,0.1581973525271593,0.2357789074037444,0.0156033054042168,0.0196102342320197,0.0,0.0,0.04221438269483,0.0423526519857966,0.0558291068379925,0.0604784117467444,0.0,0.0,0.0209708424632674,0.0981683159760563,0.0,0.0043660449029522,0.0392646378208759,0.0304134827921946,0.0,0.0,0.0,0.0,0.04221438269483,0.0423526519857966,0.0558291068379925,0.0604784117467444,0.0,0.0,0.0209708424632674,0.0941124167743694,0.0,0.0043660449029522,0.0236613324166591,0.0148591477618618,0.0,0.0,GPAB4528,GPAB4528.JPG,2024-10-04 00:17:45.767,2024-10-04 12:17:45.767,7.171307200119999,171.13633426995,792688.5877385897,515052.71556598094,-1.8270299441908373,31.786416015625,-0.5354744333333334,0.8758677838313268,0.13492202188111524,0.10085688552262917,0.023275330646044062,0.7409457619502116,0.5208253796457256,0.8801893937665679,0.8665304738598671
data/train\GPAB4529_jpg.rf.d3f81e072c8902d00583b47350aa6ec8.jpg,0.9632902145385742,0.1031671349258627,0.0716446171957067,0.0033155823729698,0.0268578495668522,0.0,0.0,0.0033155823729698,0.0028076347693495,0.0475819197538806,0.0023265728611949,0.0,0.0,0.0386136199092415,0.0665104095651622,0.0,0.0,0.0136560128897705,0.0,0.0,0.0,0.0,0.0,0.0,0.0028076347693495,0.0475819197538806,0.0023265728611949,0.0,0.0,0.0386136199092415,0.03965255999831,0.0,0.0,0.0136560128897705,0.0,0.0,0.0,GPAB4529,GPAB4529.JPG,2024-10-04 00:17:47.769,2024-10-04 12:17:47.769,7.17131355481,171.13636241593,792689.2911578409,515055.8229707156,-1.8241437199777064,31.786416015625,-0.5354077000000002,0.9630388901584912,0.06892532114003025,0.0027192960556764456,0.03424181378583245,0.8941135690184608,0.6509362956245742,0.996967889824765,0.8325308348912548
data/train\GPAB4531_jpg.rf.822f10de5d5f23d8920ae0c54a335239.jpg,0.8898401260375977,0.8820716580600434,0.9907273156745524,0.0,0.0,0.8820716580600434,0.9907273156745524,0.0,0.0,0.0,0.0,0.0,0.0,0.0,0.0,0.0,0.0,0.0,0.0,0.0,0.0,0.8820716580600434,0.9907273156745524,0.0,0.0,0.0,0.0,0.0,0.0,0.0,0.0,0.0,0.0,0.0,0.0,0.0,0.0,GPAB4531,GPAB4531.JPG,2024-10-04 00:17:51.773,2024-10-04 12:17:51.773,7.17132670055,171.13641563756,792690.74613473,515061.6987687536,-1.9614254472007695,31.786416015625,-0.5352742333333335,0.8890859439663699,0.8809424588504828,0.10978485682406958,0.0011291992095605607,0.008143485115887028,0.8881753011960716,0.06905452058363795,0.5338871766890627
data/train\GPAB4534_jpg.rf.c9971bd4981c506c5892842e85189683.jpg,0.963857650756836,0.2307272772664161,0.2138545829548531,0.2058503273333423,0.200595134073202,0.0,0.0,0.1763845653063145,0.1785527046049435,0.0,0.0,0.0,0.0,0.0449941715653043,0.0237314272655519,0.0,0.0,0.0093485403947972,0.0115704510843577,0.0,0.0,0.0,0.0,0.0,0.0,0.0,0.0,0.0,0.0,0.0248769499330738,0.013259448881651,0.0,0.0,0.0,0.0,0.0,0.0,GPAB4534,GPAB4534.JPG,2024-10-04 00:17:57.779,2024-10-04 12:17:57.779,7.171344077880001,171.13648937499,792692.6695782205,515069.8395882015,-2.066691535617698,31.786416015625,-0.5350740333333335,0.963610211187138,0.20409603570420354,0.009758547250649563,0.026631241562212554,0.7595141754829343,0.8486821878755694,0.9873145804312768,0.935945774963235
data/train\GPAB4535_jpg.rf.d00094f083e5ab28a3b18bd3a5f5e579.jpg,0.8734302520751953,0.2708772226308421,0.1583740299545055,0.0451439632971848,0.0829250868503983,0.2257774286904938,0.1119568369363366,0.0367777109902961,0.0378934673521238,0.0,0.0,0.0,0.0,0.0,0.0,0.0,0.0,0.0083662523068886,0.0,0.0,0.008523725666045,0.2257774286904938,0.0290317500859382,0.0,0.0378934673521238,0.0,0.0,0.0,0.0,0.0,0.0,0.0,0.0,0.0,0.0,0.0,0.008523725666045,GPAB4535,GPAB4535.JPG,2024-10-04 00:17:59.781,2024-10-04 12:17:59.781,7.17134737352,171.1365025084,792693.0343347326,515071.28954691184,-1.844416841575828,31.786416015625,-0.5350073000000001,0.8725637238992708,0.15090748824230926,0.00746654171219624,0.11996973438853281,0.7216562356569617,0.5421622740444324,0.9897595549831302,0.7734330769839509
data/train\GPAB4536_jpg.rf.626fb5f38e0392a40c4fd81e1b51fa7a.jpg,0.6958131790161133,0.5134870170897002,0.2272724653990701,0.4081334990004282,0.147373939695385,0.0,0.0,0.4802428546463282,0.1441630194940496,0.0,0.0,0.0,0.0,0.0033463088820735,0.0016352264063619,0.0,0.0,0.0300005953261138,0.0814742194986586,0.0,0.0,0.0,0.0,0.0721093556459,0.0511538764371844,0.0,0.0,0.0,0.0,0.0033463088820735,0.0016352264063619,0.0,0.0,0.0300005953261138,0.0271094228601386,0.0,0.0,GPAB4536,GPAB4536.JPG,2024-10-04 00:18:01.783,2024-10-04 12:18:01.783,7.17135313332,171.13652565544,792693.6718272568,515073.8450349814,-1.9527810399121652,31.786416015625,-0.5347919833333334,0.6937306398987562,0.2172450611937633,0.010027404205306789,0.29624195589593694,0.476485578704993,0.4149743585981234,0.9793892361405788,0.7012336190221022
data/train\GPAB4541_jpg.rf.e77dc1d8b513409bfb6fe75f8bc01f13.jpg,0.8863668441772461,0.3588846661276725,0.2752154216349191,0.090402190800099,0.0281406813219312,0.1364305014374245,0.0,0.0991054745037188,0.1022050111095534,0.0,0.1415176591009039,0.0,0.0,0.090402190800099,0.0194085915160267,0.0048663108792966,0.0054357115011243,0.0286764748244268,0.0053080044476621,0.0,0.0013404439596484,0.1364305014374245,0.0,0.0991054745037188,0.1022050111095534,0.0,0.1415176591009039,0.0,0.0,0.0,0.0020116261428821,0.0048663108792966,0.0,0.0286764748244268,0.0,0.0,0.0013404439596484,GPAB4541,GPAB4541.JPG,2024-10-04 00:18:11.793,2024-10-04 12:18:11.793,7.171384496610001,171.1366600891,792697.143382749,515088.686897138,-1.8885746355968376,31.786416015625,-0.5336241500000002,0.8855888831490063,0.25984448545579886,0.01537093617912022,0.09904018067187365,0.6257443976932072,0.6942968491432058,0.9760246942055184,0.8500290477039486
data/train\GPAB4546_jpg.rf.8b2ed08293556ec68404056ddae731eb.jpg,0.9664573669433594,0.2735840360421951,0.2948679048169564,0.0129099348405966,0.0097748707086109,0.0,0.0,0.16463839699802,0.1750124346341529,0.0,0.0,0.0,0.0,0.0030092774853424,0.0,0.0,0.0,0.1059363615588326,0.1198554701828035,0.0,0.0,0.0,0.0,0.1547463814734513,0.1652375639255419,0.0,0.0,0.0,0.0,0.0,0.0,0.0,0.0,0.1059363615588326,0.1198554701828035,0.0,0.0,GPAB4546,GPAB4546.JPG,2024-10-04 00:18:21.803,2024-10-04 12:18:21.803,7.17141624304,171.1367902953,792700.657158743,515103.0619885912,-1.9375,31.824181229492183,-0.5324563166666667,0.9662277256814084,0.26733983327028,0.027528071546676414,0.006244202771915119,0.6988878924111286,0.8878415265695557,0.9621042585618681,0.9696402741481439
data/train\GPAB4553_jpg.rf.943f4941aea2cefec255237b0d6361d3.jpg,0.9023818969726562,0.1670254626740128,0.1255331529431194,0.0672440049700128,0.0324625568680469,0.0,0.0,0.0,0.0,0.007248575538242,0.0,0.0,0.0,0.1229223598727154,0.1157025904367581,0.0,0.0,0.0368679701107882,0.0098305625063613,0.0,0.0,0.0,0.0,0.0,0.0,0.007248575538242,0.0,0.0,0.0,0.0558463904993633,0.0832400335687112,0.0,0.0,0.0368679701107882,0.0098305625063613,0.0,0.0,GPAB4553,GPAB4553.JPG,2024-10-04 00:18:35.817,2024-10-04 12:18:35.817,7.17145757764,171.1367619231,792705.2256682026,515099.92803713406,-1.994858276041451,31.84140144628905,-0.5308213500000001,0.9017135790045764,0.09713609731085426,0.028397055632265134,0.06988936536315854,0.804577481693722,0.4970568292371339,0.9659088551212798,0.7737367303177856
data/train\GPAB4554_jpg.rf.6b291c5aaa77f010267e5d2c4688d0c7.jpg,0.9318504333496094,0.1644578787570358,0.2028698559502845,0.099681596549413,0.1400091795445947,0.0,0.0,0.0494994459626327,0.0543033436203125,0.0098161594552189,0.0098747318631979,0.0,0.0,0.0944158410517684,0.138691780466774,0.0,0.0,0.0110384983955001,0.0,0.0,0.0,0.0,0.0,0.0444266913502956,0.0543033436203125,0.0,0.0,0.0,0.0,0.0148495457277669,0.0085573327853772,0.0,0.0,0.0061760283298413,0.0,0.0,0.0,GPAB4554,GPAB4554.JPG,2024-10-04 00:18:37.819,2024-10-04 12:18:37.819,7.17143435098,171.13677152131,792702.6583312519,515100.98854573263,-2.074654086472981,31.849990104492186,-0.5305877833333335,0.9313838643578256,0.14935579953257294,0.053514056417711564,0.015102079224462855,0.7820280648252527,0.6852065584169582,0.9359528920719122,0.9220617129182618
data/train\GPAB4555_jpg.rf.e9611418c52e38b5feea68c1d6d92b5d.jpg,0.9960489273071288,0.1425710022411147,0.1437587738586542,0.1208127929820653,0.1208732857968632,0.0,0.0,0.1208127929820653,0.1208732857968632,0.0,0.0,0.0,0.0,0.0,0.0,0.0,0.0,0.0217582092590494,0.022885488061791,0.0,0.0,0.0,0.0,0.0,0.0,0.0,0.0,0.0,0.0,0.0,0.0,0.0,0.0,0.0217582092590494,0.022885488061791,0.0,0.0,GPAB4555,GPAB4555.JPG,2024-10-04 00:18:39.821,2024-10-04 12:18:39.821,7.17141123572,171.1367819801,792700.1033376487,515102.1440678684,-1.847971179882016,31.85857876269531,-0.5303542166666668,0.9960218772744817,0.14117582668712525,0.00258294717152896,0.001395175553989464,0.8548460505873563,0.97259376860488,0.9969875672757975,0.9936008687672087
data/train\GPAB4561_jpg.rf.36a5e769967fb55febee4557b2741043.jpg,0.933368682861328,0.1879358123224823,0.1389116670475473,0.059974304956762,0.0588201404585547,0.0,0.0,0.0844201235589747,0.0805677874800997,0.0352356243146548,0.0253090414673444,0.0,0.0,0.030284815535323,0.0128292777541994,0.0115656500673102,0.0,0.0264507233212283,0.0202055603459036,0.0,0.0,0.0,0.0,0.0401864330939866,0.0262250755199981,0.0298508035942334,0.0208316129688913,0.0,0.0,0.0199290217639704,0.0128292777541994,0.0115656500673102,0.0,0.0264507233212283,0.0202055603459036,0.0,0.0,GPAB4561,GPAB4561.JPG,2024-10-04 00:18:51.833,2024-10-04 12:18:51.833,7.17128657198,171.13683286461,792686.3237284819,515107.7663626895,-2.088351539934401,31.83432288183593,-0.5289528166666668,0.9329125081857339,0.12987999377788173,0.009031673269665558,0.05805581854460057,0.8030325144078521,0.6593981407003321,0.9888781288391797,0.8399825565641802
data/train\GPAB4579_jpg.rf.a48ec6435f51ef0c7d07347a796e51af.jpg,0.9967937469482422,0.9948187424023904,0.9944385018522324,0.0,0.0,0.0,0.0,0.0,0.0,0.0,0.0,0.0,0.0,0.0,0.0,0.0,0.0,0.0,0.0,0.9948187424023904,0.9944385018522324,0.0,0.0,0.0,0.0,0.0,0.0,0.0,0.0,0.0,0.0,0.0,0.0,0.0,0.0,0.9948187424023904,0.9944385018522324,GPAB4579,GPAB4579.JPG,2024-10-04 00:19:27.869,2024-10-04 12:19:27.869,7.17108521049,171.13672707100002,792664.0602075986,515096.0922612942,-1.867553665694168,31.808428206054685,-0.5261420666666669,0.9967717961372937,0.9930145201959584,0.0014239816562739982,0.00180422220643206,0.0037572759413355694,0.9967596211397616,0.7251667902149918,0.8616765855905808
data/train\GPAB4580_jpg.rf.0496ca1e8738a9c36fad566623244f47.jpg,0.9344396591186525,0.3614368867900976,0.3338300785638429,0.2396907760940077,0.2324431607591752,0.0,0.0,0.3062069468796269,0.2677152728033907,0.0,0.0,0.0,0.0,0.0470816537775362,0.0319181215348659,0.0,0.0,0.0081492463363438,0.0164742098966245,0.0,0.0177224743289618,0.0,0.0,0.0683357562466032,0.0352721120442154,0.0,0.0,0.0,0.0,0.0470816537775362,0.0319181215348659,0.0,0.0,0.0081492463363438,0.0164742098966245,0.0,0.0177224743289618,GPAB4580,GPAB4580.JPG,2024-10-04 00:19:29.871,2024-10-04 12:19:29.871,7.17107893223,171.13669892977,792663.3652352189,515092.985377447,-1.8672911516115809,31.79983954785156,-0.5260086000000002,0.9339908166145917,0.31462889098426605,0.01920118757957684,0.04680799580583156,0.6193619256303255,0.8265828149359002,0.9699306346039046,0.920212662666269
data/train\GPAB4582_jpg.rf.00e1bc8aa55f6785af673809468f4781.jpg,0.9332408905029296,0.1375856261390413,0.1572313878972121,0.0707391453805574,0.0704578057815767,0.0,0.0015948978631633,0.0585224774016127,0.0900219502499409,0.0336407264514914,0.0125709830370465,0.0,0.0,0.0458948423634062,0.0450258582778175,0.0,0.0,0.0,0.0080176984692437,0.0,0.0,0.0,0.0,0.0197542647434432,0.0211590423315275,0.0336407264514914,0.0125709830370465,0.0,0.0,0.0139344718785227,0.0450258582778175,0.0,0.0,0.0,0.0080176984692437,0.0,0.0,GPAB4582,GPAB4582.JPG,2024-10-04 00:19:33.875,2024-10-04 12:19:33.875,7.171066572750001,171.136642781,792661.9970777371,515086.78636382485,-2.140176861330822,31.790169799804687,-0.5257416666666668,0.9327838409288622,0.11380042748255781,0.0434309604146543,0.023785198656483486,0.8189834134463043,0.628674032856104,0.9496402637397873,0.8883823282855038
data/train\GPAB4583_jpg.rf.d0f6ee6e27b8aac8b47085b723d6e97c.jpg,0.960392951965332,0.1663177927612185,0.1559984867194266,0.076749058520557,0.0953558801896593,0.0,0.0,0.0618063730620694,0.0615183120392223,0.0286255840437238,0.0200471267833377,0.0,0.0,0.0490635136147241,0.0511145080973953,0.0,0.0,0.026978835196448,0.0233185397994711,0.0,0.0,0.0,0.0,0.0284565882436535,0.0027442613443231,0.0286255840437238,0.0200471267833377,0.0,0.0,0.0173451143890321,0.0256383912367996,0.0,0.0,0.0153181249915982,0.0122128271653066,0.0,0.0,GPAB4583,GPAB4583.JPG,2024-10-04 00:19:35.877,2024-10-04 12:19:35.877,7.171059849120001,171.13661570107,792661.2529062034,515083.7966731831,-2.217803075362389,31.79875845800781,-0.5256082000000001,0.9601217922004598,0.1412190358405524,0.014779450878874195,0.0250987569206661,0.8189027563599073,0.7797967158528758,0.9822720807154744,0.9156818255561368
data/train\GPAB4584_jpg.rf.5e0c84dd7c16e04e3c9c949fcb14098e.jpg,0.967820167541504,0.4408841168913222,0.4272213825776852,0.4281422176473864,0.4209042043466487,0.0,0.0,0.1546532417427308,0.1557277093579503,0.0,0.0,0.0,0.0,0.0247396408455167,0.0063171782310364,0.0,0.0,0.0,0.0,0.2614912343030747,0.2651764949886984,0.0,0.0,0.0,0.0,0.0,0.0,0.0,0.0,0.0127418992439358,0.0063171782310364,0.0,0.0,0.0,0.0,0.0,0.0,GPAB4584,GPAB4584.JPG,2024-10-04 00:19:37.879,2024-10-04 12:19:37.879,7.17105376321,171.13658612246,792660.5791511963,515080.5310806613,-2.1914520436741864,31.80734711621093,-0.5254747333333335,0.96759985635357,0.41785267791128866,0.009368704666396555,0.023031438980033514,0.5497471784422812,0.9280401097002862,0.9832437157493957,0.9655022517269096
data/train\GPAB4585_jpg.rf.db7c05489c86feb0202db4c7dd4a8d2f.jpg,0.9702062606811525,0.2430332441624433,0.222595314591443,0.034276381108574,0.2187333764784732,0.0040414961505445,0.1985796671166819,0.0160939693464663,0.0158337542224944,0.0051995014623897,0.0,0.0,0.0,0.2155042124123574,0.0081818932522665,0.0,0.0,0.0025272553737783,0.0,0.0,0.0,0.0,0.0,0.0,0.0,0.0051995014623897,0.0,0.0,0.0,0.201435312056506,0.0038619381129698,0.0,0.0,0.0025272553737783,0.0,0.0,0.0,GPAB4585,GPAB4585.JPG,2024-10-04 00:19:39.881,2024-10-04 12:19:39.881,7.17104751734,171.13655797533,792659.8877602232,515077.42354391847,-2.1979488756044185,31.815935774414054,-0.5253412666666668,0.9700022852841147,0.2178154220190005,0.00477989257244249,0.025217822143442786,0.7521868632651142,0.8789502642550492,0.9936854656620241,0.9449613076573695
data/train\GPAB4591_jpg.rf.5ac7ba27479417886e5a0d0c916ff54a.jpg,0.9603252410888672,0.5462587594556031,0.5440291671387667,0.0801500989969715,0.0,0.5462587594556031,0.5440291671387667,0.0,0.0,0.0,0.0,0.0,0.0,0.0,0.0,0.0,0.0,0.0,0.0,0.0,0.0,0.4665772397224628,0.5440291671387667,0.0,0.0,0.0,0.0,0.0,0.0,0.0,0.0,0.0,0.0,0.0,0.0,0.0,0.0,GPAB4591,GPAB4591.JPG,2024-10-04 00:19:51.893,2024-10-04 12:19:51.893,7.17101803052,171.13641941297,792656.6235121574,515062.1257560583,-1.95515824769754,31.79116508886719,-0.5245404666666669,0.9600536177583859,0.5251707721763779,0.018858394962388836,0.02108798727922523,0.43488284558200807,0.9293130956487168,0.9584379966437201,0.9599168023257342
data/train\GPAB4592_jpg.rf.974ab00ec7fa04dcc551ce9db859dc81.jpg,0.954275131225586,0.2869548685193471,0.2421613794666262,0.2869548685193471,0.0414721454592941,0.2869548685193471,0.2421613794666262,0.0,0.0,0.0,0.0,0.0,0.0,0.0,0.0,0.0,0.0,5.089078070298412e-05,0.0,0.0,0.0,0.0,0.2006892340073321,0.0,0.0,0.0,0.0,0.0,0.0,0.0,0.0,0.0,0.0,5.089078070298412e-05,0.0,0.0,0.0,GPAB4592,GPAB4592.JPG,2024-10-04 00:19:53.895,2024-10-04 12:19:53.895,7.171011109,171.13639280464997,792655.857481293,515059.1881420231,-1.8995024750933736,31.78257643066406,-0.5244070000000002,0.9539620873285798,0.24153916765727657,0.0006222118093496265,0.04541570086207053,0.7124229196713033,0.8399110505649497,0.9991273879003176,0.9204298198737053
data/train\GPAB4600_jpg.rf.7e83c163f416736020b735d0bfeee1b3.jpg,0.9831695556640624,0.2680551848103502,0.2547813328775568,0.0031811538956412,0.0,0.0,0.0,0.0,0.0,0.0092678833084,0.0,0.0,0.0,0.0031811538956412,0.0,0.0,0.0,0.0083528094591558,0.0078074139225653,0.247253338147153,0.2469739189549914,0.0,0.0,0.0,0.0,0.0092678833084,0.0,0.0,0.0,0.0,0.0,0.0,0.0,0.0083528094591558,0.0078074139225653,0.247253338147153,0.2469739189549914,GPAB4600,GPAB4600.JPG,2024-10-04 00:20:09.911,2024-10-04 12:20:09.911,7.1709591475500005,171.13616967316,792650.1059502878,515034.55375726585,-2.008209588549692,31.773164084960936,-0.5235044500000001,0.9830543302293157,0.2529454239586113,0.0018359089189454725,0.015109760851738874,0.7301089062707043,0.9372129345339528,0.9974917386108271,0.9705618204454203
data/train\GPAB4602_jpg.rf.7bef0784627890ce0bfb4278c99e4f5f.jpg,0.9876251220703124,0.3004505274397328,0.2942994643985382,0.0118594723106142,0.0130942938952187,0.0,0.0,0.0191234111034081,0.0204340887573623,0.0,0.0,0.0,0.0,0.0,0.0,0.0,0.0,0.0017533314257292,0.0,0.2795737849105955,0.2738653756411758,0.0,0.0,0.0072639387927938,0.0073397948621435,0.0,0.0,0.0,0.0,0.0,0.0,0.0,0.0,0.0017533314257292,0.0,0.2795737849105955,0.2738653756411758,GPAB4602,GPAB4602.JPG,2024-10-04 00:20:13.915,2024-10-04 12:20:13.915,7.170957475399999,171.13615182255,792649.9205133633,515032.58291474456,-1.9637918272760837,31.79034140136719,-0.5233042500000001,0.9875404005584542,0.29114519619836254,0.0031542682001756694,0.00930533124137023,0.6963952043600916,0.9589611243943469,0.9954910005311969,0.9822598705337007
data/train\GPAB4619_jpg.rf.e6b9dac7f6f65d310b5114459475f4be.jpg,0.9756507873535156,0.0950015651315574,0.0933000846899407,0.0211888086372217,0.017846340568786,0.0039310727584531,0.0039473962164144,0.0694659156595733,0.0513651211872723,0.0014959969119858,0.0,0.0,0.0,0.0061155355150435,0.0100734939689623,0.0,0.0,0.0141908461888566,0.0119929405845334,0.0,0.0159211327327581,0.0039310727584531,0.0039473962164144,0.0500006721423866,0.0513651211872723,0.0014959969119858,0.0,0.0,0.0,0.0061155355150435,0.0100734939689623,0.0,0.0,0.0124672810688216,0.0100677327485054,0.0,0.0,GPAB4619,GPAB4619.JPG,2024-10-04 00:20:47.949,2024-10-04 12:20:47.949,7.17088012442,171.13581110653,792641.3583995604,514994.9667697102,-2.300704888920497,31.743515624999997,-0.5216025500000001,0.9754840865488945,0.08189286818519637,0.011407216504744327,0.013108696946361034,0.8935912183636983,0.7696062949494228,0.9873953190798583,0.9247056543650238
data/train\GPAB4624_jpg.rf.171cc1916947444aa4cda7c4944883bc.jpg,0.9696712493896484,0.5646716200359885,0.5667437389936684,0.5459649372122991,0.0088156275025301,0.5372645341189077,0.540737589851034,0.0243200319555694,0.0250267416649543,0.0,0.0,0.0,0.0,0.0,0.0,0.0,0.0,0.0036170862435498,0.00097940747768,0.0,0.0,0.0,0.540737589851034,0.0156196288621781,0.0162111141624241,0.0,0.0,0.0,0.0,0.0,0.0,0.0,0.0,0.0036170862435498,0.00097940747768,0.0,0.0,GPAB4624,GPAB4624.JPG,2024-10-04 00:20:57.959,2024-10-04 12:20:57.959,7.1708466954,171.13567124569,792637.6583333114,514979.5257341648,-1.8794506351652995,31.764789928710933,-0.5211020500000001,0.9694636111713906,0.5504394851005237,0.016304253893144716,0.014232134935464824,0.4190241260708668,0.947439488972077,0.9625472295316639,0.9686714806842947
data/train\GPAB4627_jpg.rf.2fb7bd47296ae69f79ff5f44a291d51e.jpg,0.9890670776367188,0.0599262947862875,0.0530569995947941,0.0069797185835847,0.0,0.0,0.0,0.0,0.0,0.0,0.0,0.0,0.0,0.0,0.0,0.0015756937949735,0.0,0.058350600991314,0.0530569995947941,0.0,0.0,0.0,0.0,0.0,0.0,0.0,0.0,0.0,0.0,0.0,0.0,0.0015756937949735,0.0,0.0513708824077292,0.0530569995947941,0.0,0.0,GPAB4627,GPAB4627.JPG,2024-10-04 00:21:03.965,2024-10-04 12:21:03.965,7.170826442700001,171.13558768425,792635.4167187954,514970.3003210332,-1.7841088141004704,31.786416015625,-0.5207356666666668,0.9889922281136035,0.0509877612473425,0.0020692383474516032,0.008938533538944998,0.9380044668662608,0.8224424998063938,0.9977988552004216,0.9243200332723778
data/train\GPAB4628_jpg.rf.8640cf52804df4fb7657188b9a2a88b1.jpg,0.8392276763916016,0.2732556464761495,0.1251193052736291,0.2114655968720413,0.0628088254215773,0.2114655968720413,0.0836125924915934,0.0,0.0,0.0,0.0,0.0,0.0,0.0585714477754967,0.0387979789638637,0.0020001037019682,0.0,0.0012184981266431,0.0014499071483303,0.0,0.0012588266698417,0.0,0.0272102442181351,0.0,0.0,0.0,0.0,0.0,0.0,0.0585714477754967,0.0323915018157446,0.0020001037019682,0.0,0.0012184981266431,0.0014499071483303,0.0,0.0012588266698417,GPAB4628,GPAB4628.JPG,2024-10-04 00:21:05.967,2024-10-04 12:21:05.967,7.1708208102,171.13555926371,792634.7931323395,514967.162573959,-1.7523282070788608,31.786416015625,-0.5206022000000001,0.8381269888213119,0.11825097028554521,0.006868334988083896,0.15500467619060432,0.7198760185357665,0.42213797500462713,0.9905491732343283,0.7116488350736667
data/train\GPAB4630_jpg.rf.fca28b4034a377b0c3e818f7d4f5dc9a.jpg,0.8811874389648438,0.2178999199190356,0.1031767369599575,0.0413425179990129,0.0221682161149017,0.0,0.0,0.0101800765474158,0.0098459257609131,0.0193999496853413,0.0030380835876272,0.0,0.0,0.1745352135396362,0.0902927276114172,0.0,0.0,0.0138499739784876,0.0,0.0,0.0,0.0,0.0,0.0101800765474158,0.0,0.0193999496853413,0.0030380835876272,0.0,0.0,0.1334308259861769,0.0779704372574286,0.0,0.0,0.0138499739784876,0.0,0.0,0.0,GPAB4630,GPAB4630.JPG,2024-10-04 00:21:09.971,2024-10-04 12:21:09.971,7.17080653617,171.13550265218998,792633.2133263197,514960.9125236624,-1.688766993035641,31.786416015625,-0.5203352666666667,0.8803740184320646,0.10072533765552882,0.0024513993044286697,0.11717458226350677,0.7796486807765357,0.4571124784298682,0.9968656194176904,0.7295603330529452
data/train\GPAB4631_jpg.rf.dd22940b64b82a91d566f7fa67cb397c.jpg,0.9276561737060548,0.1316573302888483,0.1321777605367921,0.0799849440105392,0.0414193342717721,0.0,0.0,0.0882945443162679,0.1084242485928219,0.0183850146815101,0.0116943173241819,0.0,0.0,0.0087714581456935,0.0028258786341298,0.0,0.0,0.0162668059601746,0.0092333159856584,0.0,0.0,0.0,0.0,0.019375944600104,0.0670049143210497,0.0183850146815101,0.0116943173241819,0.0,0.0,0.0040962277448854,0.0028258786341298,0.0,0.0,0.0100091603405265,0.0092333159856584,0.0,0.0,GPAB4631,GPAB4631.JPG,2024-10-04 00:21:11.973,2024-10-04 12:21:11.973,7.17080036003,171.13547554025,792632.5296849752,514957.9192775047,-1.6569863860140317,31.786416015625,-0.5202018000000002,0.9271608897628875,0.09549799029426387,0.03667977024252822,0.03615933999458443,0.8316628994686235,0.5673020979499638,0.9577588761649483,0.8415557512233642
data/train\GPAB4642_jpg.rf.1bba5d5da6ee6019ae8e15d12fe59034.jpg,0.9828948974609376,0.2275806906935165,0.2334110457959414,0.199513945034116,0.2058186406208291,0.0,0.0077843690407375,0.1834132542637832,0.1926312069948898,0.0248894325773971,0.0243286737862548,0.0,0.0,0.0193404170739529,0.0086667959740591,0.0,0.0,0.0,0.0,0.0,0.0,0.0,0.0077843690407375,0.016471329286396,0.0163004130795067,0.0,0.0,0.0,0.0,0.0116578295946213,0.0035076230548679,0.0,0.0,0.0,0.0,0.0,0.0,GPAB4642,GPAB4642.JPG,2024-10-04 00:21:33.995,2024-10-04 12:21:33.995,7.17073568085,171.13520385610002,792625.3707092624,514927.9245521854,-1.6367236632534918,31.743515624999997,-0.5187336666666668,0.9827777916473827,0.22188476406842028,0.011526281727521126,0.005695926625096215,0.7608930275789624,0.9279727890063734,0.9850776882599297,0.9800247626238872
data/train\GPAB4645_jpg.rf.762770d4b7be019fe6b898a15242bf8d.jpg,0.8912992477416992,0.4662459695461887,0.3758917889165641,0.1886838107784753,0.1744123075032214,0.0,0.0,0.2687868598083818,0.2550761153242702,0.0288848389642861,0.0266408435963074,0.0,0.0,0.1484848950401653,0.0641531101948636,0.0,0.0182169790848493,0.0207442344586277,0.0118047407162733,0.0,0.0,0.0,0.0,0.0801030490299064,0.0806638078210488,0.0288848389642861,0.0266408435963074,0.0,0.0,0.1484848950401653,0.0641531101948636,0.0,0.0182169790848493,0.0207442344586277,0.0118047407162733,0.0,0.0,GPAB4645,GPAB4645.JPG,2024-10-04 00:21:40.000,2024-10-04 12:21:40.000,7.170714855,171.135120321,792623.0657447106,514918.7020615678,-1.824876733170205,31.743515624999997,-0.5183333333333334,0.8905550551828899,0.3663464068228214,0.009545382093742727,0.09989956272336731,0.5242086483600685,0.7699728159415231,0.982116515194036,0.8839264331432832
data/train\GPAB4651_jpg.rf.7dd43fb9145f7d8fe7e26714948f9c92.jpg,0.9647254943847656,0.1827910424544335,0.1554886187089873,0.0883367932662855,0.0404706533031957,0.0,0.0,0.0938185945310654,0.0480965887813674,0.034769925661052,0.0336484080787674,0.0,0.0,0.0494495153853392,0.0224687597820722,0.0,0.020960280225763,0.0047530068769768,0.0303145818410172,0.0,0.0,0.0,0.0,0.0579319523047762,0.0456595925280811,0.0,0.0,0.0,0.0,0.0365222968833717,0.0180835108109301,0.0,0.020960280225763,0.0,0.0303145818410172,0.0,0.0,GPAB4651,GPAB4651.JPG,2024-10-04 00:21:52.000,2024-10-04 12:21:52.000,7.170676974,171.134955839,792618.8727467045,514900.5427203494,-1.688012967850567,31.7821259765625,-0.5175333333333334,0.964483996289774,0.15138182872659733,0.0041067899823899745,0.03140921372783617,0.8131021675631765,0.8099710240233444,0.994974614577495,0.9115716811560668
data/train\GPAB4652_jpg.rf.c570831734f216ba9352a3381cbcaa47.jpg,0.9729681015014648,0.2189311783808282,0.2084985683367164,0.0,0.1478453995694447,0.0,0.0,0.1397595266581272,0.1377488607186546,0.0202900582459388,0.0,0.0,0.0,0.0,0.0111527626012294,0.0,0.0,0.0589718525972542,0.0595969450168323,0.0,0.0,0.0,0.0,0.1397595266581272,0.0,0.0202900582459388,0.0,0.0,0.0,0.0,0.0010562237504392,0.0,0.0,0.0589718525972542,0.0595969450168323,0.0,0.0,GPAB4652,GPAB4652.JPG,2024-10-04 00:21:54.000,2024-10-04 12:21:54.000,7.170669887,171.134927426,792618.0883733077,514897.4058512301,-1.6652023402972944,31.786416015625,-0.5174000000000001,0.9727830343579984,0.20010639053777157,0.008392177798944828,0.018824787843056634,0.7726766438202269,0.8802720226403942,0.9892555206831227,0.9516352821064351
data/train\GPAB4656_jpg.rf.b71458af3c7814bcf5bbb13b2e7898b2.jpg,0.977137565612793,0.17213566521932,0.1667037945318336,0.040684778663512,0.1206341951479001,0.0,0.0,0.1297762918096569,0.1172283536544381,0.0,0.0,0.0,0.0,0.0309070273446726,0.0367853926175721,0.0,0.0,0.0114552266752188,0.0126900482598233,0.0,0.0,0.0,0.0,0.089418942508781,0.0,0.0,0.0,0.0,0.0,0.0305911204229503,0.0333795511241101,0.0,0.0,0.0114552266752188,0.0126900482598233,0.0,0.0,GPAB4656,GPAB4656.JPG,2024-10-04 00:22:02.000,2024-10-04 12:22:02.000,7.170642667,171.134813974,792615.0755859073,514884.8804193464,-1.631081233790617,31.786416015625,-0.5168666666666668,0.9769810436642898,0.15791025170772177,0.008793542824111822,0.014225413511598228,0.8190707919565682,0.8727736854395318,0.9893780388226998,0.9533686646392187
data/train\GPAB4658_jpg.rf.ded39fa01a4d8cd6a33f7b760137487d.jpg,0.967005729675293,0.1880510367316212,0.174213545397457,0.0350051754963771,0.0315350003744793,0.0,0.0079476036203509,0.0917291919120146,0.0885883665595719,0.0,0.0173508756094891,0.0,0.0,0.0845612734601698,0.0529897853561298,0.0,0.0,0.0117672927833032,0.0073369142519151,0.0,0.0,0.0,0.0,0.0722226596482198,0.0735583025908208,0.0,0.0173508756094891,0.0,0.0,0.0793156822341244,0.0517693668226677,0.0,0.0,0.0015142407767661,0.0,0.0,0.0,GPAB4658,GPAB4658.JPG,2024-10-04 00:22:06.000,2024-10-04 12:22:06.000,7.17063041,171.134757821,792613.7187829078,514878.6809242954,-1.7841661991537137,31.786416015625,-0.5166000000000002,0.9667798426418652,0.1645222123854717,0.009691333011985298,0.0235288243461495,0.8022576302563934,0.8320028358049508,0.988064110614817,0.9314723780115878
data/train\GPAB4668_jpg.rf.9b64fc78be54147de88dae3e766fc32a.jpg,0.8937950134277344,0.2323000904511611,0.2204473395644133,0.0936361558832623,0.0047683701315286,0.0010744676152196,0.0,0.118027242891134,0.1499492052396379,0.0,0.0,0.0,0.0,0.0337972396072384,0.0477672390119122,0.0,0.0,0.0003235885489982,0.0,0.0791303629760928,0.022730895312863,0.0,0.0,0.0497462182388717,0.1499492052396379,0.0,0.0,0.0,0.0,0.0095780290096654,0.0429988688803836,0.0,0.0,0.0003235885489982,0.0,0.0791303629760928,0.022730895312863,GPAB4668,GPAB4668.JPG,2024-10-04 00:22:26.000,2024-10-04 12:22:26.000,7.170562865,171.134480608,792606.242866083,514848.0758259348,-2.243036043501715,31.803576171874997,-0.5152666666666668,0.893067907505526,0.1729076687605502,0.04753967080386312,0.0593924216906109,0.7201602387449758,0.6178809901248293,0.938075190302157,0.841202040771263
data/train\GPAB4697_jpg.rf.292fd9e107fea3d55c9bfd096212d60c.jpg,0.8745031356811523,0.3471260151750547,0.3255281598853901,0.038365887429593,0.018492557463373,0.0,0.0,0.200348361796963,0.1518945773472652,0.0069163451585583,0.0418456645855858,0.0,0.0,0.003599802582179,0.0015440070824603,0.0054395523147623,0.0049959383395778,0.0,0.0,0.130855560441924,0.1252479725305008,0.0,0.0,0.1623444710527478,0.1334020198838922,0.0069163451585583,0.0418456645855858,0.0,0.0,0.003599802582179,0.0015440070824603,0.0054395523147623,0.0049959383395778,0.0,0.0,0.130855560441924,0.1252479725305008,GPAB4697,GPAB4697.JPG,2024-10-04 00:23:24.105,2024-10-04 12:23:24.105,7.170379414799999,171.1337081187,792585.9379637863,514762.7906252504,-2.3573607641911467,31.75299661132812,-0.5109912500000001,0.8736439527349473,0.2731490638976961,0.05237909598769397,0.0739769512773586,0.6004948888372513,0.6837185714663405,0.9197715068984739,0.8533294193754968
data/train\GPAB4698_jpg.rf.25243bc4c2c864ddaa33e789c26e180e.jpg,0.8877067565917969,0.5434856920089952,0.5800886459787642,0.4873291558083664,0.4431386744968054,0.0,0.0,0.5434856920089952,0.5800886459787642,0.0,0.0,0.0,0.0,0.0,0.0,0.0,0.0,0.0,0.0,0.0,0.0,0.0,0.0,0.0562477555245303,0.1369499714819587,0.0,0.0,0.0,0.0,0.0,0.0,0.0,0.0,0.0,0.0,0.0,0.0,GPAB4698,GPAB4698.JPG,2024-10-04 00:23:26.107,2024-10-04 12:23:26.107,7.17037296928,171.13368108506,792585.2245574518,514759.8060276725,-2.1284315513454546,31.77017392773437,-0.5108244166666668,0.8869379689393401,0.5052561534635498,0.0748324925152144,0.03822953854544542,0.3816818154757904,0.8171458742594477,0.8360785386014913,0.8828685747382725
data/train\GPAB4699_jpg.rf.0d6e76c517269db09ec4782f5dacd29b.jpg,0.962092399597168,0.2921121210317193,0.2894648402317546,0.1417605905635049,0.1123073111808005,0.0292007458860084,0.0291008847314215,0.1896632182561554,0.1964537767680705,0.003838893231142,0.0045580855848502,0.0,0.0,0.053262483124425,0.043794877506851,0.0022728014702634,0.0013500459937433,0.0,0.0,0.014295508360491,0.0142071696468179,0.0207653589336365,0.0205358703187683,0.0824478657558817,0.118277855981011,0.0,0.0,0.0,0.0,0.0455808558485029,0.0369937567574314,0.0022728014702634,0.0013500459937433,0.0,0.0,0.0,0.0,GPAB4699,GPAB4699.JPG,2024-10-04 00:23:28.109,2024-10-04 12:23:28.109,7.170366982610001,171.1336519276,792584.5618077999,514756.5869226245,-1.9375,31.787351244140616,-0.5106575833333334,0.9618328746761714,0.27170491796982266,0.01775992226193196,0.02040720306189664,0.6901279567063487,0.876829400554669,0.9749113909284385,0.9525252670557371
data/train\GPAB4700_jpg.rf.d8e12fbb64685ee6cd74a619a0073d75.jpg,0.9974527359008788,0.0145163551446738,0.0167661117331095,0.0056104685216516,0.0,0.0,0.0,0.013063567386115,0.0140727411694893,0.0,0.0,0.0,0.0,0.0014527877585587,0.0017149232893496,0.0,0.0,0.0,0.0,0.0,0.0009784472742705,0.0,0.0,0.0074530988644634,0.0140727411694893,0.0,0.0,0.0,0.0,0.0014527877585587,0.0017149232893496,0.0,0.0,0.0,0.0,0.0,0.0009784472742705,GPAB4700,GPAB4700.JPG,2024-10-04 00:23:30.111,2024-10-04 12:23:30.111,7.17036098635,171.13362322231998,792583.8980127375,514753.4177433492,-1.728159948893229,31.80452856054687,-0.5104907500000001,0.9974352966932514,0.014358881785517363,0.002407229947592137,0.00015747335915643722,0.9830764149077341,0.8484539007092156,0.9975573111130165,0.9933546576731891
data/train\GPAB4701_jpg.rf.a45eb667fac3084a3428071bc71fd11e.jpg,0.9712314605712892,0.1893578735719374,0.1886857311852943,0.0639581889027371,0.0344713024007005,0.0,0.0,0.1312031540761594,0.1286019630398503,0.0,0.0,0.0,0.0,0.0011628063288927,0.0024321952362388,0.0,0.0,0.0025877481885762,0.0028297194477678,0.054404164978309,0.0548218534614372,0.0,0.0,0.0676588128429126,0.0941306606391498,0.0,0.0,0.0,0.0,0.0011628063288927,0.0024321952362388,0.0,0.0,0.0025877481885762,0.0028297194477678,0.054404164978309,0.0548218534614372,GPAB4701,GPAB4701.JPG,2024-10-04 00:23:32.113,2024-10-04 12:23:32.113,7.17035201966,171.13359625032,792582.905899565,514750.4400323669,-1.7061615342457723,31.82170587695312,-0.5103239166666668,0.9710345039493168,0.17453905435327421,0.014146676832020089,0.014818819218663182,0.7964954495960425,0.8576665927460264,0.9825488012887331,0.9521452666423588
data/train\GPAB4702_jpg.rf.3378d632b7a7c15b5ace4e81185da950.jpg,0.919830322265625,0.3650309281518197,0.376831828054455,0.1293067523424162,0.1664243753396719,0.0,0.0,0.2023398236682458,0.243118702265888,0.0,0.0,0.0401451443473785,0.0411917660637229,0.0052657554976446,0.0031245018944813,0.0,0.0013702102653426,0.0243824451771863,0.0025522206624251,0.0929380880045628,0.085474426902595,0.0,0.0,0.073588068896515,0.076694326926216,0.0,0.0,0.0401451443473785,0.0411917660637229,0.0052657554976446,0.0031245018944813,0.0,0.0013702102653426,0.0243824451771863,0.0025522206624251,0.0929380880045628,0.085474426902595,GPAB4702,GPAB4702.JPG,2024-10-04 00:23:34.115,2024-10-04 12:23:34.115,7.1703463997,171.133569674,792582.2837723618,514747.5059009453,-1.699734480094937,31.82453301269531,-0.5101570833333335,0.9192814605846102,0.3305721083954425,0.04625971965901249,0.03445881975637721,0.5887093521891678,0.8037433142595667,0.9271464993966304,0.916373386482827
data/train\GPAB4703_jpg.rf.56c9b72e12b4eb872342433fc2f49833.jpg,0.887944221496582,0.5817910866237904,0.4926448418833045,0.1310197552249468,0.0664585585810498,0.1135574960199568,0.0276490571762722,0.4703124309853799,0.4649957847070323,0.0,0.0,0.0,0.0,0.0017226049166255,0.0,0.0,0.0,0.0,0.0,0.0,0.0,0.1135574960199568,0.0166988974944452,0.3395260051889392,0.4094873858078095,0.0,0.0,0.0,0.0,0.0017226049166255,0.0,0.0,0.0,0.0,0.0,0.0,0.0,GPAB4703,GPAB4703.JPG,2024-10-04 00:23:36.117,2024-10-04 12:23:36.117,7.17034022584,171.13354099899,792581.6003455835,514744.3400692663,-1.6910722726910663,31.815944354492185,-0.5099902500000002,0.8871770595883032,0.48080649404769904,0.011838347835605445,0.10098459257609138,0.40637056554060413,0.8099438237687084,0.97169274145777,0.8990586947934232
data/train\GPAB4704_jpg.rf.11f2a8e934d7dd311afb0f66af02c859.jpg,0.9766998291015624,0.4504880713930439,0.4600209708424633,0.2020853697647309,0.1975426474344325,0.0,0.0,0.4453817096613747,0.4567092292831313,0.0016515498643232,0.0,0.0,0.0,0.0,0.0,0.0,0.0,0.0034548118673459,0.0033117415593319,0.0,0.0,0.0,0.0,0.2434432510182957,0.2591665818486988,0.0016515498643232,0.0,0.0,0.0,0.0,0.0,0.0,0.0,0.0034548118673459,0.0033117415593319,0.0,0.0,GPAB4704,GPAB4704.JPG,2024-10-04 00:23:38.119,2024-10-04 12:23:38.119,7.17033442776,171.13351653904002,792580.9585959602,514741.6396135029,-1.6824100652871967,31.807355696289054,-0.5098234166666669,0.9765403102993337,0.44352467626742054,0.016496294575042758,0.006963395125623384,0.5330156340319133,0.9497634366152006,0.9699800973986829,0.977261325601202
data/train\GPAB4705_jpg.rf.b5c44f0c2c4fd0f3946874519ffa0715.jpg,0.9720020294189452,0.2708052073751303,0.2944338928758668,0.0480024888472374,0.281780332345604,0.0,0.0,0.2708052073751303,0.2843114285330204,0.0,0.0,0.0,0.0,0.0,0.0,0.0,0.0,0.0,0.0101224643428463,0.0,0.0,0.0,0.0,0.2228046389347119,0.0025310961874163,0.0,0.0,0.0,0.0,0.0,0.0,0.0,0.0,0.0,0.0101224643428463,0.0,0.0,GPAB4705,GPAB4705.JPG,2024-10-04 00:23:40.121,2024-10-04 12:23:40.121,7.17032744644,171.13348801339,792580.1859115574,514738.4902985811,-1.673747857883326,31.79876703808593,-0.5096565833333335,0.9718103483041847,0.2685247242775909,0.02590916859827591,0.002280483097539421,0.7032856240265937,0.9049939808162787,0.9644687964583356,0.9780238383222077
data/train\GPAB4706_jpg.rf.db3d09671ba54781fdfb79212c4a7024.jpg,0.985891342163086,0.0203217449584519,0.0314716269494529,0.0203217449584519,0.0016016192870297,0.0,0.0,0.0203217449584519,0.0188852806578545,0.0,0.0,0.0,0.0,0.0,0.0,0.0,0.0109847270045686,0.0,0.0016016192870297,0.0,0.0,0.0,0.0,0.0,0.0188852806578545,0.0,0.0,0.0,0.0,0.0,0.0,0.0,0.0109847270045686,0.0,0.0,0.0,0.0,GPAB4706,GPAB4706.JPG,2024-10-04 00:23:42.123,2024-10-04 12:23:42.123,7.17032169987,171.1334597065,792579.5497330623,514735.36509734654,-1.665085650479456,31.79017837988281,-0.5094897500000001,0.9857947507600011,0.018794061333952894,0.012677565615500007,0.0015276836244990065,0.9670006894260481,0.5695289085459876,0.9870594600316382,0.9559423174284065
data/train\GPAB4707_jpg.rf.4f386fdf457538f6c9b6d6e80216f6bf.jpg,0.9760112762451172,0.0952800241203096,0.0900545971658636,0.0173451143890321,0.0691653719924028,0.0,0.0,0.0662588362718758,0.0623652114463928,0.0,0.0,0.0,0.0,0.0,0.0,0.0,0.0,0.0290211878484338,0.0276893857194708,0.0,0.0,0.0,0.0,0.0576390902648817,0.0,0.0,0.0,0.0,0.0,0.0,0.0,0.0,0.0,0.0202958194663957,0.0208892251734607,0.0,0.0,GPAB4707,GPAB4707.JPG,2024-10-04 00:23:44.125,2024-10-04 12:23:44.125,7.170314911,171.13343354850002,792578.7983999341,514732.4771901671,-1.6564234430755858,31.776763427734377,-0.5093229166666667,0.9758470434376818,0.08059083236192743,0.009463764803936167,0.014689191758382167,0.8952562110757543,0.7694091763303831,0.9895395646650399,0.9176854622244865
data/train\GPAB4708_jpg.rf.f81a35c268be55c24fc983549b70edb4.jpg,0.9213809967041016,0.6717995940259984,0.6413457826906052,0.6140289558940166,0.5936755242230514,0.040790401038556,0.0381402396283628,0.6310091929874425,0.6032055430622423,0.0,0.0,0.0,0.0,0.0,0.0,0.0,0.0,0.0,0.0,0.0,0.0,0.040790401038556,0.0381402396283628,0.0169802370934258,0.0095300188391908,0.0,0.0,0.0,0.0,0.0,0.0,0.0,0.0,0.0,0.0,0.0,0.0,GPAB4708,GPAB4708.JPG,2024-10-04 00:23:46.127,2024-10-04 12:23:46.127,7.17030760727,171.13340470882,792577.9900643663,514729.2932130376,-1.6477612356717155,31.75958611132813,-0.5091560833333334,0.9208427513284414,0.6169940640225224,0.024351718668082722,0.05480553000347599,0.30384868730591885,0.8862930411418417,0.9258022896229697,0.9221110561519827
data/train\GPAB4709_jpg.rf.55c440d6a547649c3349d6a494e9b1d9.jpg,0.9305477142333984,0.423196209885102,0.3848495265236988,0.0548381769193986,0.0093062914447796,0.0,0.0,0.417475317971359,0.379303391630483,0.0,0.0,0.0,0.0,0.0,0.0,0.0,0.0,0.005720891913743,0.0055461348932157,0.0,0.0,0.0,0.0,0.3626400216621889,0.3699971001857033,0.0,0.0,0.0,0.0,0.0,0.0,0.0,0.0,0.005720891913743,0.0055461348932157,0.0,0.0,GPAB4709,GPAB4709.JPG,2024-10-04 00:23:48.129,2024-10-04 12:23:48.129,7.1703010516,171.13337754015998,792577.2644788724,514726.2937104253,-1.8498975247444605,31.74240879492187,-0.5089892500000001,0.9300722265004618,0.36905898145463134,0.015790545069067463,0.05413722843047064,0.5610132450458305,0.8407064160584103,0.9726240615271928,0.9223497041099988
data/train\GPAB4710_jpg.rf.890e10b24cc2fb0897115284e8c07d37.jpg,0.9912872314453124,0.086956980966848,0.0847312294636495,0.0441002221910689,0.0447954094595399,0.0,0.0,0.0441002221910689,0.0447954094595399,0.0,0.0,0.0,0.0,0.0,0.0,0.0,0.0,0.0428596393860075,0.0399358200041096,0.0,0.0,0.0,0.0,0.0,0.0,0.0,0.0,0.0,0.0,0.0,0.0,0.0,0.0,0.0428596393860075,0.0399358200041096,0.0,0.0,GPAB4710,GPAB4710.JPG,2024-10-04 00:23:50.131,2024-10-04 12:23:50.131,7.17029542114,171.13334897264997,792576.6411284627,514723.1397298812,-2.656809817129232,31.725231478515624,-0.5088224166666668,0.9912275816508969,0.0814578960406972,0.0032733334229523015,0.005499084926150796,0.9097696856101997,0.9027774821751621,0.9964149187336008,0.9665878880281444
data/train\GPAB4711_jpg.rf.b6e1309af2162be1be770f3a1a6067f3.jpg,0.9047212600708008,0.7845082702319659,0.7707821624933026,0.7407767661501412,0.6923316235311289,0.0,0.0,0.7407767661501412,0.7320629202090171,0.0,0.0,0.0,0.0,0.0437363050988721,0.004487030532548,0.0,0.0,0.0,0.0342322117517374,0.0,0.0,0.0,0.0,0.0,0.0397312966778882,0.0,0.0,0.0,0.0,0.0437363050988721,0.004487030532548,0.0,0.0,0.0,0.0342322117517374,0.0,0.0,GPAB4711,GPAB4711.JPG,2024-10-04 00:23:52.133,2024-10-04 12:23:52.133,7.17028832684,171.13332182838997,792575.8559998465,514720.1429384215,-3.2298530734526345,31.708054162109377,-0.5086555833333335,0.904068957968056,0.7296796953466622,0.04110246714664034,0.05482857488530368,0.17438926262139376,0.8838059660699977,0.8092619740400939,0.8696864383353711
data/train\GPAB4712_jpg.rf.d172da199d968dc3df9ea841e06c5823.jpg,0.8947525024414062,0.2510615048691915,0.1641400514284946,0.1230164598068454,0.0953270740873746,0.0,0.0,0.1195770111940513,0.1188520576198862,0.0,0.0,0.0856655073810836,0.0180076547415804,0.0423257662903309,0.0262010704347609,0.0037582361447449,0.0,0.0,0.001079268632267,0.0,0.0,0.0,0.0,0.0234318438017909,0.0350090163100151,0.0,0.0,0.0856655073810836,0.0180076547415804,0.015537051368962,0.0157963062895243,0.0037582361447449,0.0,0.0,0.0,0.0,0.0,GPAB4712,GPAB4712.JPG,2024-10-04 00:23:54.135,2024-10-04 12:23:54.135,7.17028061685,171.133293408,792575.0027674248,514717.0052681168,-3.832421875,31.705484428710932,-0.5084887500000002,0.8940319517286542,0.1546167540131701,0.009523297415324511,0.09644475085602139,0.7394151977154839,0.5933452475265764,0.9872842730381202,0.8015681845480656
data/train\GPAB4713_jpg.rf.81b91a34b07ea0531234410f109193ef.jpg,0.643733024597168,0.4530902226327625,0.1252681368021001,0.024609053181826,0.0096058749085406,0.0,0.0,0.0313314372516673,0.0356917209341626,0.0,0.0472535301878349,0.1933638421963308,0.0265630671201387,0.2286676409530595,0.0147813712856931,0.0,0.0,0.0,0.0,0.0,0.0009784472742705,0.0,0.0,0.0191234111034081,0.0356917209341626,0.0,0.0472535301878349,0.1933638421963308,0.0265630671201387,0.2164221668718301,0.0061539436514231,0.0,0.0,0.0,0.0,0.0,0.0,GPAB4713,GPAB4713.JPG,2024-10-04 00:23:56.137,2024-10-04 12:23:56.137,7.170274213020001,171.13326602868,792574.2939614636,514713.9825011527,-4.11865182575111,31.714073086914063,-0.5083219166666668,0.6412939317064927,0.1098261455706776,0.015441991231422508,0.3432640770620849,0.531467786135815,0.23440468407688458,0.9717650115787679,0.6070792786225219
data/train\GPAB4716_jpg.rf.fdcbb2188944973f7e718fc2ef62b363.jpg,0.9220199584960938,0.4002060596516766,0.3892847060721343,0.0112046135853419,0.0035249067162387,0.0,0.0153834188234435,0.0071631174347973,0.0052772779385585,0.2958636357525978,0.2723376920166768,0.0664105484105753,0.0762487925442125,0.0312037301982051,0.0200375247492428,0.0,0.0,0.0,0.0,0.0,0.0,0.0,0.0153834188234435,0.0020913230258698,0.0032704528127238,0.2940939808689072,0.2723376920166768,0.0664105484105753,0.0762487925442125,0.0268674516009471,0.0185194431588387,0.0,0.0,0.0,0.0,0.0,0.0,GPAB4716,GPAB4716.JPG,2024-10-04 00:24:02.143,2024-10-04 12:24:02.143,7.17025631966,171.13318869353003,792572.3134146819,514705.44443959097,-3.8444720393727225,31.739839061523437,-0.5078928500000002,0.9214860876127999,0.3554884266683054,0.0337962794038289,0.044717632983371225,0.5659976609444946,0.8190933427730702,0.9436535164323232,0.915958497472819
data/train\GPAB4717_jpg.rf.127dd27685f604288918bf70319f14a7.jpg,0.8246355056762695,0.2631235800992082,0.2284746400677519,0.0235643518723006,0.0082212615920556,0.0015152009801756,0.0,0.006257645619648,0.0025887083919857,0.0775047386038258,0.0409517152113503,0.1411854287212203,0.1493788444144007,0.0370148812324402,0.0144385786685051,0.0,0.0211167933815099,0.0,0.0,0.0,0.0,0.0,0.0,0.0,0.0,0.0775047386038258,0.0382813895295579,0.1411854287212203,0.1493788444144007,0.0212694657236188,0.0114763511502276,0.0,0.0211167933815099,0.0,0.0,0.0,0.0,GPAB4717,GPAB4717.JPG,2024-10-04 00:24:04.145,2024-10-04 12:24:04.145,7.17025355055,171.13317732195,792572.0069318496,514704.1889831511,-4.27244387204906,31.733691435546863,-0.50779275,0.8234349164527014,0.15751656830983074,0.07095807175792115,0.10560701178937748,0.6659183481428707,0.4714912280701755,0.9037042442374876,0.7511726319917864
data/train\GPAB4726_jpg.rf.ec6edd51400a4877a682ec239940f715.jpg,0.8794107437133789,0.2505007460780492,0.2304507386844829,0.0048307833531455,0.0116127000343752,0.0,0.0088597968593666,0.0006827046241475,0.0,0.0367354620402786,0.0309559977185567,0.2050869656227975,0.1878820409315509,0.0080224994862911,0.0027529031750085,0.0,0.0,0.0,0.0,0.0,0.0,0.0,0.0,0.0,0.0,0.0367354620402786,0.0309559977185567,0.2050869656227975,0.1878820409315509,0.0038744207572932,0.0,0.0,0.0,0.0,0.0,0.0,0.0,GPAB4726,GPAB4726.JPG,2024-10-04 00:24:22.163,2024-10-04 12:24:22.163,7.17010431265,171.13318389403,792555.509246077,514704.9193984167,-3.228838008810511,31.69702447167969,-0.50689185,0.8785851594801842,0.17976832212135818,0.05068241656312472,0.07073242395669099,0.6988168373588262,0.5968737446838357,0.9323782961785275,0.825007085632147
data/train\GPAB4735_jpg.rf.7389747fa8cc09c069ff4b2f3556899a.jpg,0.9887475967407228,0.0175352346641112,0.0274320512057274,0.0002563743103339,0.005967664189982,0.0,0.0,0.0,0.0,0.0033664731536728,0.0,0.009318774089103,0.0148255406425297,0.0005117884172583,0.0,0.004338199004077,0.0044515030063968,0.0,0.0,0.0,0.0081550075568008,0.0,0.0,0.0,0.0,0.0033664731536728,0.0,0.009318774089103,0.0148255406425297,0.0002554141069244,0.0,0.004338199004077,0.0044515030063968,0.0,0.0,0.0,0.0021873433668188,GPAB4735,GPAB4735.JPG,2024-10-04 00:24:40.181,2024-10-04 12:24:40.181,7.170020996329999,171.13318510141002,792546.2988630006,514705.0553785207,-2.365386842843077,31.626908073242184,-0.5059909500000002,0.9886705599714245,0.016818922920631474,0.010613128285095925,0.0007163117434797264,0.9718516370507928,0.5975098072659044,0.989197446402602,0.9741737971252964
data/train\GPAB4737_jpg.rf.e31e343fd9087743fd45c0fb8c7956fd.jpg,0.9120635986328124,0.1563393589297957,0.2090948546540099,0.0052283075646745,0.0379626019976071,0.0148601079652713,0.0122349118437249,0.048728402624812,0.0594433124713139,0.0,0.0,0.0814377317690979,0.1236636369048419,0.0092160323242875,0.0110096922932153,0.0,0.0,0.0,0.0,0.0021940647906852,0.0027433011409136,0.0148601079652713,0.0,0.0435000950601375,0.0412618609126157,0.0,0.0,0.0814377317690979,0.1236636369048419,0.0092160323242875,0.0034634536980313,0.0,0.0,0.0,0.0,0.0021940647906852,0.0027433011409136,GPAB4737,GPAB4737.JPG,2024-10-04 00:24:44.185,2024-10-04 12:24:44.185,7.1700368267000005,171.1332358088,792548.0504975561,514710.653516992,-2.076908015795153,31.614814453125,-0.5057907500000001,0.9114615640177214,0.13844788880076353,0.07064696585324637,0.017891470129032166,0.773013675216958,0.6099393385618923,0.916261394197993,0.9009107166298865
data/train\GPAB4739_jpg.rf.6729ce5fbf63cfc65c3544bc6d0e4e4a.jpg,0.8000497817993164,0.6244327598358437,0.5298095148476253,0.0625102021612258,0.0183081984087509,0.0028143561932159,0.0026463205965551,0.0615106304119464,0.0493928633841793,0.0078150955498412,0.0645448731859357,0.4846309842276988,0.3577698699692543,0.0683127113647755,0.0542102038895919,0.0,0.0012453838221088,0.0,0.0,0.0,0.0,0.0,0.0,0.0190609978817912,0.0452159785528966,0.0078150955498412,0.0645448731859357,0.4763789961265394,0.3577698699692543,0.0592714360610151,0.0427252109086788,0.0,0.0012453838221088,0.0,0.0,0.0,0.0,GPAB4739,GPAB4739.JPG,2024-10-04 00:24:48.189,2024-10-04 12:24:48.189,7.17005041092,171.13328899815,792549.5539057481,514716.5257624976,-2.0551980034173853,31.614814453125,-0.5055905500000001,0.7986808725560423,0.4764615736197555,0.05334794122786979,0.14797118621608818,0.32221929893628654,0.7029730602715505,0.8579536883873258,0.8104923605680856
data/train\GPAB4740_jpg.rf.391db90ac7705a61bc4d0c6e12c34bbc.jpg,0.8448009490966797,0.5594529145054088,0.466704946775925,0.0702657650996787,0.0222008630308244,0.0048797537270295,0.0047664497247096,0.1440833226110619,0.1253603163294112,0.0695283288811901,0.0042066511369768,0.2710174123286277,0.3015307562754094,0.0398580435279409,0.0213712472850248,0.0073570785235144,0.0073983672701225,0.0,0.0,0.0236718946541635,0.0020711587542705,0.0,0.001521922404042,0.0971264952767594,0.110925578474544,0.0695283288811901,0.0042066511369768,0.2710174123286277,0.3015307562754094,0.0238284078099104,0.0168496494297351,0.0049268036940945,0.0073983672701225,0.0,0.0,0.0236718946541635,0.0020711587542705,GPAB4740,GPAB4740.JPG,2024-10-04 00:24:50.191,2024-10-04 12:24:50.191,7.170056385740001,171.13331353145,792550.2151945287,514719.2343131984,-2.761569774294208,31.614814453125,-0.5054904500000001,0.843738417546373,0.43494813941385335,0.03175680736207165,0.12450477509155544,0.40879027813251956,0.7356917914677779,0.9279150664986943,0.8526838479548255
data/train\GPAB4742_jpg.rf.3add0941dddb3e0ab5f1644d703bdc8a.jpg,0.9922199249267578,0.8563660525845795,0.8572091111781119,0.0041125512028468,0.0116962377310009,0.0,0.0,0.0190821223568,0.0174478561538476,0.8508986543709419,0.8397612550242644,0.0,0.0,0.0,0.0,0.0,0.0,0.0,0.0,0.0,0.0,0.0,0.0,0.0149695711539532,0.0057516184228466,0.8508986543709419,0.8397612550242644,0.0,0.0,0.0,0.0,0.0,0.0,0.0,0.0,0.0,0.0,GPAB4742,GPAB4742.JPG,2024-10-04 00:24:54.195,2024-10-04 12:24:54.195,7.17006786075,171.13337009850002,792551.4855439044,514725.4795606821,-2.0252702022496205,31.614814453125,-0.5052902500000002,0.9921666605853784,0.8528709121740348,0.00433819900407717,0.0034951404105447725,0.1392957484113433,0.9908989186469528,0.9697968406345461,0.9828577389988133
data/train\GPAB4743_jpg.rf.37867df2f8150edd78237e955061905e.jpg,0.9158706665039062,0.3819881203634178,0.3343332251504158,0.0491652951761301,0.0253340067559911,0.0,0.0,0.1176642860023467,0.0778436904073759,0.244007850623076,0.242123931533656,0.0,0.0,0.0208296925620723,0.0097393431824597,0.0,0.0,0.0,0.0,0.0,0.0046262600269241,0.0,0.0,0.0752280963199244,0.0598523591237567,0.244007850623076,0.242123931533656,0.0,0.0,0.0148812324402801,0.0070229277370118,0.0,0.0,0.0,0.0,0.0,0.0,GPAB4743,GPAB4743.JPG,2024-10-04 00:24:56.197,2024-10-04 12:24:56.197,7.17007469121,171.13339678211997,792552.2414911367,514728.42550232826,-1.8867027755177608,31.614814453125,-0.5051901500000001,0.9152946960284066,0.31580802077112013,0.018525204379295668,0.06618009959229765,0.5994866752572865,0.7885081500696456,0.9700245173439235,0.8983863977298271
data/train\GPAB4744_jpg.rf.3dbb7c6843fe2207f57c096097fc8c0e.jpg,0.8962125778198242,0.3954040824008158,0.3622722637563541,0.1055263547029802,0.0566827276690294,0.0,0.0082740727795776,0.2034219729107414,0.2068662225405829,0.0,0.0279544018604901,0.1102054259174263,0.1076733695266005,0.0119852589572575,0.0061241773457289,0.0027922715147976,0.0,0.0,0.0010802288356765,0.0677509923702237,0.0042997908676974,0.0,0.0082740727795776,0.1371506539945422,0.1544515990267378,0.0,0.0279544018604901,0.1102054259174263,0.1076733695266005,0.0082923166443579,0.0018560731905446,0.0027922715147976,0.0,0.0,0.0010802288356765,0.0322321080497692,0.0042997908676974,GPAB4744,GPAB4744.JPG,2024-10-04 00:24:58.199,2024-10-04 12:24:58.199,7.17008082114,171.13342463207002,792552.9200340388,514731.50024188834,-1.7318167287643838,31.614814453125,-0.5050900500000002,0.8955020231485838,0.3265891846528768,0.03568307910347729,0.06881489774793903,0.568912838495707,0.7575943192398329,0.9409802844101682,0.8834716959992325
data/train\GPAB4746_jpg.rf.2180e682eaa484a3fc02b94c156f25b8.jpg,0.9125499725341796,0.3301217729963915,0.2899391807160429,0.1148336063511694,0.087495655079572,0.0088127468923016,0.0072908244882595,0.2334705784073298,0.2232002427394219,0.0,0.0,0.0,0.0023198514373284,0.0879795975979551,0.0521764930682915,0.0,0.0030640090796834,0.0,0.0018877599030578,0.0,0.0,0.0031437059626711,0.0,0.1528567011635745,0.1617952347025193,0.0,0.0,0.0,0.0023198514373284,0.0599695039397145,0.0333766705138816,0.0,0.0030640090796834,0.0,0.0018877599030578,0.0,0.0,GPAB4746,GPAB4746.JPG,2024-10-04 00:25:02.203,2024-10-04 12:25:02.203,7.1700946298,171.13347940273002,792554.4483067483,514737.5470728068,-1.7515842707234646,31.614814453125,-0.5047797000000002,0.9119512677565614,0.266006110734498,0.02393306998154493,0.06411566226189352,0.6459451570220636,0.7513132951300278,0.9642725065291365,0.885027144586368
data/train\GPAB4747_jpg.rf.1f22312dc4183f0bcb9100eab300fb07.jpg,0.9199666976928712,0.2430495676204047,0.2111640930014614,0.0519902136068504,0.0076096120202103,0.0033299854241122,0.0,0.0909197404378143,0.1260603046149296,0.0432494819702605,0.0851037883865318,0.0769631838808733,0.0,0.0292804427689961,0.0,0.0,0.0,0.0,0.0,0.0,0.0,0.0033299854241122,0.0,0.0674120405666736,0.1184506925947192,0.0432494819702605,0.0851037883865318,0.0769631838808733,0.0,0.0008190535082951,0.0,0.0,0.0,0.0,0.0,0.0,0.0,GPAB4747,GPAB4747.JPG,2024-10-04 00:25:04.205,2024-10-04 12:25:04.205,7.170102104799999,171.13350799699998,792555.2755684126,514740.7039498636,-1.708108048342251,31.609644956054687,-0.5045795000000002,0.9194187696721675,0.18681621514701674,0.02434787785444467,0.056233352473387954,0.7326025545251506,0.6986462223498996,0.96783425068151,0.8682342359944688
data/train\GPAB4749_jpg.rf.e8a97dea10ca41981c87fdee4739cba3.jpg,0.9666900634765624,0.3322428623279556,0.3179780804765681,0.0725452879938086,0.0353095599771855,0.1265749736424164,0.1223020684701847,0.1951066113845557,0.1919869105071218,0.0,0.0,0.0,0.0,0.0111316381262206,0.0036891014992616,0.0,0.0,0.0,0.0,0.0,0.0,0.1265749736424164,0.1223020684701847,0.1319780382276181,0.1566773505299362,0.0,0.0,0.0,0.0,0.0019933822781017,0.0036891014992616,0.0,0.0,0.0,0.0,0.0,0.0,GPAB4749,GPAB4749.JPG,2024-10-04 00:25:08.209,2024-10-04 12:25:08.209,7.17011525422,171.13355965844002,792556.7308649283,514746.4075098734,-1.7017080718193738,31.592467639648437,-0.5041791000000001,0.9664620153133239,0.30834147905892384,0.009636601417644275,0.02390138326903174,0.6581205362544,0.9019011428202298,0.9855687032395644,0.9568146048183614
data/train\GPAB4753_jpg.rf.e2d94acde6ee937917909a1591d0d659.jpg,0.9525470733642578,0.22964608822733,0.1911880212704259,0.1246651290609402,0.0283893740049892,0.0,0.0,0.1928626160165769,0.1661353541134153,0.0,0.0,0.0,0.0,0.0357685372069219,0.0240290903224939,0.0,0.0,0.0010495023265728,0.0010235768345166,0.0,0.0,0.0,0.0,0.0937811465980953,0.144908137339814,0.0,0.0,0.0,0.0,0.0109107913420378,0.016866933091106,0.0,0.0,0.0010495023265728,0.0010235768345166,0.0,0.0,GPAB4753,GPAB4753.JPG,2024-10-04 00:25:16.217,2024-10-04 12:25:16.217,7.17013973,171.13367212697,792559.440218972,514758.8244664258,-2.160055992946507,31.55811300683593,-0.5033783000000001,0.9522221987505833,0.18652815412416968,0.0046598671462562136,0.04311793410316031,0.7656940446264138,0.7960879774769795,0.9939510047589253,0.9030964068634153
data/train\GPAB4754_jpg.rf.537af39d94461458299a14cfc3bba350.jpg,0.952092170715332,0.3129696594926669,0.2998446390883444,0.03160893603701,0.0410179692466052,0.0127841481939534,0.0113448032831274,0.2302567775957658,0.2241642869625501,0.0,0.0,0.0,0.0,0.0442644169740917,0.041330995558099,0.0,0.0,0.0012549858562037,0.003400080273005,0.0250305824785922,0.0196044730115627,0.0,0.0,0.2114319897527092,0.1944911209990724,0.0,0.0,0.0,0.0,0.0442644169740917,0.041330995558099,0.0,0.0,0.0012549858562037,0.003400080273005,0.0250305824785922,0.0196044730115627,GPAB4754,GPAB4754.JPG,2024-10-04 00:25:18.219,2024-10-04 12:25:18.219,7.170145793980001,171.13369925836002,792560.1114500125,514761.819870492,-2.244596652706216,31.549524348632808,-0.5031781000000001,0.9517641817242565,0.2822892401526339,0.01755539893571051,0.030680419340033016,0.6694749415716226,0.8540630519661616,0.9744474182570354,0.9382087033452624
data/train\GPAB4755_jpg.rf.4adad876a08bd71ca5759c87a32c3b43.jpg,0.9637184143066406,0.1635716110100763,0.1755741536287047,0.0750869464187293,0.0746606161049156,0.0,0.0,0.129276986036722,0.0960011368808368,0.0,0.0,0.0160891683294189,0.0155380115723714,0.0182188994916683,0.0188190266225997,0.0,0.0,0.0,0.0,0.0,0.0452159785528966,0.0,0.0,0.0681561982090286,0.0744954611184833,0.0,0.0,0.0160891683294189,0.0155380115723714,0.0042527409006323,0.0108800648329342,0.0,0.0,0.0,0.0,0.0,0.0,GPAB4755,GPAB4755.JPG,2024-10-04 00:25:20.221,2024-10-04 12:25:20.221,7.1701518686700005,171.13372628001002,792560.7838616669,514764.8031576479,-1.8576698886076668,31.540935690429684,-0.5029779000000001,0.9634700214893523,0.15130789306406667,0.024266260564638042,0.012263717946009639,0.8121621284252857,0.8055238903400931,0.9709882389406436,0.9480068138484001
data/train\GPAB4756_jpg.rf.eabc4ca97f0f629b22f925f8a786d528.jpg,0.9627246856689452,0.1084664975428394,0.1237875031446661,0.0554190999821402,0.0385291220092064,0.0,0.0,0.0886575012050552,0.1020100898174269,0.0,0.0,0.0030035162648855,0.0039550778436904,0.016071884668048,0.012971387858804,0.0,0.0,0.0007374362184885,0.0048509476247448,0.0,0.0,0.0,0.0,0.0391791797174313,0.0634809678082204,0.0,0.0,0.0030035162648855,0.0039550778436904,0.0101311061735318,0.012971387858804,0.0,0.0,0.0007374362184885,0.0048509476247448,0.0,0.0,GPAB4756,GPAB4756.JPG,2024-10-04 00:25:22.223,2024-10-04 12:25:22.223,7.170158120830001,171.13375416482,792561.4759201547,514767.8817412229,-3.435510956425415,31.53234703222656,-0.5027777000000001,0.9624694895366633,0.0973617451120844,0.02642575803258171,0.011104752430754997,0.8651077444245788,0.7217741648455673,0.9703592092055435,0.9339898239685758
data/train\GPAB4758_jpg.rf.dc9f9d53832bbaffadad72867f306fbe.jpg,0.955031394958496,0.2919085579089074,0.3038582893400138,0.0600952905863578,0.0423603336130725,0.0045859314837255,0.0043967714120559,0.2450055019655364,0.2423159722155541,0.0,0.0,0.0,0.0,0.0426387926018247,0.0371992402870624,0.0,0.0,0.0,0.0073858846257991,0.0,0.0125604207995421,0.0045859314837255,0.0043967714120559,0.1902479821325349,0.2113666959208638,0.0,0.0,0.0,0.0,0.0374056840201028,0.0282818312231263,0.0,0.0,0.0,0.0073858846257991,0.0,0.0100667725450959,GPAB4758,GPAB4758.JPG,2024-10-04 00:25:26.227,2024-10-04 12:25:26.227,7.170170967,171.13380789059,792562.8977626269,514773.8132339485,-3.6790615870882313,31.542857627929685,-0.5023773000000001,0.9547235286323054,0.27524518794061326,0.028613101399400542,0.01666336996829415,0.6794783406916921,0.8587413048297508,0.959591233986811,0.9512535110550553
data/train\GPAB4761_jpg.rf.abcedb2548500e30fd19e3a419c01bc6.jpg,0.9785947799682616,0.1535490078218169,0.1333933780532067,0.0133986783760271,0.0087656969252366,0.0,0.0,0.0148985161016509,0.0120659160436546,0.088980129550644,0.1193724878678299,0.0439869181887491,0.0,0.0057448969989802,0.0019549741417221,0.0,0.0,0.0,0.0,0.0,0.0,0.0,0.0,0.0024984492714936,0.003300219118418,0.088980129550644,0.1193724878678299,0.0439869181887491,0.0,0.0047578078940242,0.0019549741417221,0.0,0.0,0.0,0.0,0.0,0.0,GPAB4761,GPAB4761.JPG,2024-10-04 00:25:32.233,2024-10-04 12:25:32.233,7.170190582989999,171.13389288264,792565.069000191,514783.1966437088,-3.6549325912231696,31.568623602539056,-0.5017767000000001,0.9784482344739909,0.1326953101745072,0.0006980678786994987,0.02085369764730971,0.8457529242994836,0.8602776394422298,0.999175300300726,0.9316819764402828
data/train\GPAB4767_jpg.rf.7f3e0c78cd1015f30bb0eb3479b01bf2.jpg,0.9317293167114258,0.1933129514156278,0.1750297182955237,0.0574489699898026,0.0085112430217217,0.0,0.0,0.086704447470152,0.0879277466138426,0.0,0.0,0.0485805312997505,0.0378896265384859,0.0304192440126516,0.0157089277792607,0.0008747453060456,0.0010485421231633,0.0052033422760277,0.0009976513424603,0.0218532693965889,0.0314572238983106,0.0,0.0,0.0463067696260775,0.0806052354130699,0.0,0.0,0.0485805312997505,0.0378896265384859,0.0135878384476967,0.0145201959583118,0.0008747453060456,0.0010485421231633,0.0052033422760277,0.0009976513424603,0.0218532693965889,0.0314572238983106,GPAB4767,GPAB4767.JPG,2024-10-04 00:25:44.245,2024-10-04 12:25:44.245,7.17023134005,171.13405740490003,792569.5798984526,514801.36036549817,-2.6423678456608286,31.53435477050781,-0.5005755000000001,0.9312619185248203,0.14980229411798585,0.025227424177537844,0.04351065729764195,0.7814596244068344,0.6854673591156333,0.9687271238309718,0.8718241356147283
data/train\GPAB4771_jpg.rf.6badf0b6546595b33a14eb844b771aa4.jpg,0.9540576934814452,0.160989624041957,0.1444683641782675,0.0499392191241792,0.0333747501070626,0.02648529064397,0.0236901385189438,0.0224226700184167,0.0361401359263946,0.0108925474772575,0.0,0.0678364504736683,0.0655943755125085,0.0276116092433021,0.0190437142204204,0.0,0.0,0.0,0.0,0.0062816507048853,0.0,0.0024504391010191,0.0,0.0121494537402803,0.0345097105370801,0.0108925474772575,0.0,0.06412238368576,0.0616613823472364,0.0156945247281184,0.0149225211868882,0.0,0.0,0.0,0.0,0.0062816507048853,0.0,GPAB4771,GPAB4771.JPG,2024-10-04 00:25:52.253,2024-10-04 12:25:52.253,7.17025690824,171.13416855064,792572.409986741,514813.63123059954,-3.000880509290297,31.568709403320305,-0.4997747000000001,0.9537431609512158,0.12960057458572016,0.014867789592547337,0.03138904945623683,0.8241425863654956,0.736963952256669,0.9822793733920511,0.8936518838545945
data/train\GPAB4776_jpg.rf.211c5a333604278aded2096234325892.jpg,0.9773969650268556,0.1593371139742243,0.1554838176919398,0.0481109918325097,0.0267253414963425,0.0,0.0116741530525826,0.0446926676947244,0.0456826374099089,0.0,0.0,0.0051534116987342,0.0028181970068539,0.0194652435171866,0.0149100385425648,0.0,0.0,0.0,0.0,0.0900286716738073,0.0803987916800295,0.0,0.0116741530525826,0.0116607102048497,0.027517509309172,0.0,0.0,0.0051534116987342,0.0028181970068539,0.006214436466221,0.0063498251469591,0.0,0.0,0.0,0.0,0.0886104512379902,0.0803987916800295,GPAB4776,GPAB4776.JPG,2024-10-04 00:26:02.263,2024-10-04 12:26:02.263,7.17028795306,171.13430565224,792575.8463449406,514828.7677244901,-1.8083702254228375,31.53217543066406,-0.4988491333333334,0.9772422189916713,0.14603157532891764,0.009452242363022167,0.013305538645306647,0.8312106436627535,0.8651705208066671,0.9887562035625155,0.9526253101263924
data/train\GPAB4777_jpg.rf.6f578feb4e1dbdd7b5b447d584fb8f86.jpg,0.9316911697387696,0.42240884308932,0.3777449814968803,0.2945423958611392,0.0416094545468512,0.0,0.0,0.3377832360007144,0.2839830389669747,0.0,0.0,0.0,0.0,0.0024043493373636,0.0,0.0,0.0,0.0083441676284704,0.0212176147395064,0.0738770901227716,0.0725443277903991,0.0,0.0,0.0432408401395751,0.2423735844201235,0.0,0.0,0.0,0.0,0.0024043493373636,0.0,0.0,0.0,0.0083441676284704,0.0212176147395064,0.0738770901227716,0.0725443277903991,GPAB4777,GPAB4777.JPG,2024-10-04 00:26:04.265,2024-10-04 12:26:04.265,7.17029481945,171.13433481094998,792576.606350186,514831.9869387872,-1.8387060758390523,31.529013671875,-0.4987156666666668,0.9312235103884408,0.36568866748732054,0.012056314009559754,0.056720175601999434,0.5655348429011202,0.8416984918403793,0.9791265606037937,0.922424326501626
data/train\GPAB4778_jpg.rf.bfed75b62b8d65486555d766d64a397f.jpg,0.9826631546020508,0.5264881712541984,0.5313304770482579,0.0616344966517707,0.5219291254659387,0.0,0.0,0.5168870973627053,0.5219291254659387,0.0,0.0,0.0,0.0,0.0096010738914931,0.0094013515823191,0.0,0.0,0.0,0.0,0.0,0.0,0.0,0.0,0.4588908114294932,0.0,0.0,0.0,0.0,0.0,0.0096010738914931,0.0094013515823191,0.0,0.0,0.0,0.0,0.0,0.0,GPAB4778,GPAB4778.JPG,2024-10-04 00:26:06.267,2024-10-04 12:26:06.267,7.17030108707,171.13436283264,792577.3001262875,514835.0806330859,-1.8690419262552675,31.529013671875,-0.4985822000000001,0.9825444622188765,0.5201815552606663,0.011148921787591526,0.006306615993532105,0.46236290695821003,0.9675328618374052,0.9764548188434451,0.9822380858833527
data/train\GPAB4779_jpg.rf.18bd369271c26a99d825e5e4fecce011.jpg,0.9811811447143556,0.0628952437284314,0.04769618395961,0.0106064068612294,0.04187543089128,0.0,0.0,0.046407590984074,0.04187543089128,0.0,0.0,0.0,0.0,0.0,0.0,0.0,0.0,0.0164876527443573,0.0058207530683299,0.0,0.0,0.0,0.0,0.046407590984074,0.0,0.0,0.0,0.0,0.0,0.0,0.0,0.0,0.0,0.0058812458831278,0.0058207530683299,0.0,0.0,GPAB4779,GPAB4779.JPG,2024-10-04 00:26:08.269,2024-10-04 12:26:08.269,7.1703067017,171.13439011747002,792577.9216922566,514838.092991142,-1.899377776671482,31.529013671875,-0.4984487333333334,0.9810523061205287,0.045821866904285025,0.0018743170553249741,0.017073376824146377,0.9352304392162437,0.7074598985975638,0.997999885239317,0.8632712625793547
data/train\GPAB4780_jpg.rf.8a201d1beedd40edffaaf46e84e7a05b.jpg,0.9860219955444336,0.0316540655972561,0.0212944310122656,0.0082260626091031,0.0010139748004217,0.0,0.0,0.0045465631439364,0.0,0.0,0.0,0.0,0.0,0.0075059100519854,0.0010139748004217,0.0026386389692792,0.0029372622296307,0.0169917595343397,0.0173431939822131,0.0,0.0,0.0,0.0,0.0,0.0,0.0,0.0,0.0,0.0,0.0075059100519854,0.0,0.0,0.0029372622296307,0.0161064519907897,0.0173431939822131,0.0,0.0,GPAB4780,GPAB4780.JPG,2024-10-04 00:26:10.271,2024-10-04 12:26:10.271,7.17031329202,171.13441838471,792578.6511503914,514841.2137862026,-2.1931276637399764,31.529013671875,-0.4983152666666667,0.9859262986271011,0.019437397618311425,0.0018570333939541758,0.012216667978944676,0.9664889010087897,0.5800286532951282,0.9980822624147232,0.8060695847655728
data/train\GPAB4781_jpg.rf.b25d5c2493b85a3a5baf2eb1d7facd5d.jpg,0.9957723617553712,0.0299170576294882,0.0317251206495584,0.0,0.0,0.0,0.0,0.0042594623244988,0.0041864868653775,0.0,0.0,0.0,0.0,0.0179001119597175,0.0204542530289616,0.0,0.0,0.0077574833452718,0.0070843807552191,0.0,0.0,0.0,0.0,0.0042594623244988,0.0041864868653775,0.0,0.0,0.0,0.0,0.0179001119597175,0.0204542530289616,0.0,0.0,0.0077574833452718,0.0070843807552191,0.0,0.0,GPAB4781,GPAB4781.JPG,2024-10-04 00:26:12.273,2024-10-04 12:26:12.273,7.170318844620001,171.13444503709002,792579.2658390086,514844.1563168143,-2.2000093974389188,31.529013671875,-0.4981818000000001,0.9957434182857298,0.028692798282388132,0.0030323223671702704,0.0012242593471000693,0.9670506200033415,0.8708145126038178,0.9968741617497568,0.9779761892614371
data/train\GPAB4782_jpg.rf.4a1cdf2976fdae35a057fbebf48d41ec.jpg,0.9620676040649414,0.1656446901711658,0.1707270468175978,0.1135526950029094,0.1075014931163017,0.0463106104397155,0.0471565496434764,0.0943082982699055,0.0965004426537717,0.0,0.0,0.0,0.0,0.0077843690407375,0.001228100160738,0.0080580270124423,0.0067886381050961,0.0091833854083649,0.0190533162545153,0.0,0.0,0.0,0.0,0.0351242407191539,0.0523493296819998,0.0,0.0,0.0,0.0,0.0077843690407375,0.001228100160738,0.0,0.0,0.0091833854083649,0.0096481238585581,0.0,0.0,GPAB4782,GPAB4782.JPG,2024-10-04 00:26:14.275,2024-10-04 12:26:14.275,7.1703235132500005,171.13447189775,792579.782813735,514847.12187233794,-1.9838809410252876,31.529013671875,-0.4980483333333334,0.9618079093875247,0.14908982318814423,0.021637223629453556,0.016554866983021554,0.8127180861993807,0.7960716556264239,0.9740671349788709,0.9370625513164603
data/train\GPAB4787_jpg.rf.3b5cb17b0e6e2db09e9f7e90b335be9a.jpg,0.9854192733764648,0.070977275826111,0.0699681020427367,0.0094484015493842,0.0,0.0,0.0,0.0464229542386259,0.0490318269022109,0.0,0.0,0.0,0.0,0.024554321587485,0.0209362751405257,0.0,0.0,0.0,0.0,0.0,0.0,0.0,0.0,0.0426829619586613,0.0490318269022109,0.0,0.0,0.0,0.0,0.0188459123180654,0.0209362751405257,0.0,0.0,0.0,0.0,0.0,0.0,GPAB4787,GPAB4787.JPG,2024-10-04 00:26:24.285,2024-10-04 12:26:24.285,7.17035446765,171.13460951719998,792583.2092030795,514862.31554108986,-1.758146740375143,31.53452637207031,-0.4973810000000001,0.9853194500723034,0.06313241397057556,0.006835688072161131,0.007844861855535443,0.9221870361017278,0.8113354228880291,0.9926420658028149,0.9410578394058247
data/train\GPAB4789_jpg.rf.5c044e3717b48118b45c9ad51a6650a2.jpg,0.9735317230224608,0.0907152171115929,0.1022933498232265,0.0591110820916302,0.0392703990413329,0.0018551129871351,0.0,0.0795758973580963,0.0751071106903286,0.0,0.0,0.0,0.0,0.0034250455616517,0.006257645619648,0.0,0.0,0.0058783652728994,0.0139229494376088,0.0,0.0070056440756409,0.0018551129871351,0.0,0.0238898608281178,0.0358367116489957,0.0,0.0,0.0,0.0,0.0,0.006257645619648,0.0,0.0,0.0058783652728994,0.0139229494376088,0.0,0.0070056440756409,GPAB4789,GPAB4789.JPG,2024-10-04 00:26:28.289,2024-10-04 12:26:28.289,7.17036731021,171.13466328831,792584.630659105,514868.2520349691,-1.6904294632682666,31.55170368847656,-0.4971140666666668,0.973350514573007,0.0831795407539132,0.0191138090693133,0.0075356763576796965,0.8901709738190938,0.7573548054309707,0.9789792929244929,0.9479548488967524
data/train\GPAB4790_jpg.rf.feb20779db5e09d98fc2914cc0ca14fa.jpg,0.9682340621948242,0.1515124163902881,0.1327049122086022,0.0030073570785235,0.0,0.0,0.0,0.081232248239467,0.0706152791407331,0.0,0.0,0.0,0.0,0.0653869715760586,0.0570687294396444,0.0,0.0,0.0048931965747623,0.0050209036282246,0.0,0.0,0.0,0.0,0.081232248239467,0.0706152791407331,0.0,0.0,0.0,0.0,0.0623796144975351,0.0570687294396444,0.0,0.0,0.0048931965747623,0.0050209036282246,0.0,0.0,GPAB4790,GPAB4790.JPG,2024-10-04 00:26:30.291,2024-10-04 12:26:30.291,7.17037294113,171.13469172464002,792585.2540651899,514871.3915296992,-1.6738195365135105,31.56029234667968,-0.4969806000000001,0.9680165846332888,0.12611695661608946,0.00658795559251274,0.02539545977419863,0.8418996280171992,0.7977018335529867,0.992235648794664,0.9123112942817365
data/train\GPAB4791_jpg.rf.fe0bb824fa68257505c69f67ea1c5da5.jpg,0.9610996246337892,0.069643553290329,0.0611015837595036,0.005021863831634,0.0150031782732854,0.0,0.0,0.0070229277370118,0.0201719532265715,0.0119698957027056,0.0118268253946916,0.0,0.0,0.0305450306592948,0.0143396777173276,0.0014623897926536,0.0,0.0186529114327579,0.0147631274209128,0.0,0.0,0.0,0.0,0.0070229277370118,0.0201719532265715,0.0119698957027056,0.0,0.0,0.0,0.0255231668276607,0.0111633248387338,0.0014623897926536,0.0,0.0186529114327579,0.0147631274209128,0.0,0.0,GPAB4791,GPAB4791.JPG,2024-10-04 00:26:32.293,2024-10-04 12:26:32.293,7.17037917233,171.13471888132,792585.9437895418,514874.3897177267,-1.7025853811352671,31.568881004882805,-0.4968471333333334,0.9608333029268922,0.045789219988362384,0.015312363771141216,0.02385433330196661,0.9150440829385298,0.5389762311109113,0.9835414009057546,0.8205105322466183
data/train\GPAB4793_jpg.rf.c69e00462f231a9a204e3bc0538813db.jpg,0.9308404922485352,0.3479085809537892,0.3772956063012389,0.0436777326908932,0.02450727162042,0.0,0.0643461110801712,0.0525836193139154,0.02450727162042,0.0113649675547267,0.0123136485233031,0.0,0.0,0.020856578257538,0.0153574933313873,0.0,0.0,0.0,0.0,0.2631034158276089,0.2607710817459571,0.0,0.0643461110801712,0.0089058866230222,0.0,0.0113649675547267,0.0123136485233031,0.0,0.0,0.020856578257538,0.0153574933313873,0.0,0.0,0.0,0.0,0.2631034158276089,0.2607710817459571,GPAB4793,GPAB4793.JPG,2024-10-04 00:26:36.297,2024-10-04 12:26:36.297,7.170393686170001,171.1347741638,792587.5500520474,514880.4930282519,-1.802022563073488,31.58605832128906,-0.4965802000000001,0.9303670089471754,0.32778559810110175,0.04951000820013712,0.020122982852687432,0.6025814108460736,0.824786779095895,0.9240750502858118,0.9331175962387087
data/train\GPAB4794_jpg.rf.373be7edf4a54e3ac24fa4d08b0464b7.jpg,0.984689712524414,0.0687649671706454,0.0549149931921578,0.0,0.0,0.0,0.0,0.0294705630440752,0.0236392477382408,0.0,0.0,0.0,0.0,0.00472804158833,0.0044975927700524,0.0,0.0,0.0046204988064671,0.0034615332912124,0.0300918146500154,0.0233166193926521,0.0,0.0,0.0294705630440752,0.0236392477382408,0.0,0.0,0.0,0.0,0.00472804158833,0.0044975927700524,0.0,0.0,0.0046204988064671,0.0034615332912124,0.0300918146500154,0.0233166193926521,GPAB4794,GPAB4794.JPG,2024-10-04 00:26:38.299,2024-10-04 12:26:38.299,7.17040124816,171.13480478647,792588.3870050199,514883.8738554641,-1.78643672274087,31.594646979492182,-0.4964467333333334,0.9845848944640432,0.05413242741342317,0.0007825657787346313,0.01463253975722223,0.93045246705062,0.7783515118044992,0.9991596474024855,0.8931845154557629
data/train\GPAB4795_jpg.rf.c70fcc188f6d8ec7e06f3b2c8984d0f7.jpg,0.9684038162231444,0.0576131647728254,0.0269721137725815,0.0091968282560977,0.0,0.0,0.0,0.0190005050669933,0.0165836730853063,0.0,0.0,0.0,0.0,0.0327074087374669,0.0103884406872751,0.0,0.0,0.0059052509683651,0.0,0.0,0.0,0.0,0.0,0.0190005050669933,0.0165836730853063,0.0,0.0,0.0,0.0,0.0256710381527222,0.0103884406872751,0.0,0.0,0.003744793297012,0.0,0.0,0.0,GPAB4795,GPAB4795.JPG,2024-10-04 00:26:40.301,2024-10-04 12:26:40.301,7.17040647061,171.13483404054,792588.9652832075,514887.1036503549,-1.745148004757563,31.60323563769531,-0.4963132666666667,0.9681875008401779,0.02638638969279239,0.0005857240797891121,0.031226775080033013,0.9418011111473855,0.4533830492814815,0.9993784674637907,0.7286854171288378
data/train\GPAB4796_jpg.rf.0f42056b81b3aec69c254fcdf2e7fc31.jpg,0.9879226684570312,0.0734219537066732,0.0716167712968315,0.0040117298448503,0.0,0.0,0.0,0.033046360541017,0.0345586809109641,0.0,0.0,0.0,0.0,0.0370177618426687,0.0281233976605604,0.0,0.0,0.0033635925434444,0.0027567439886465,0.0,0.0061779487366603,0.0,0.0,0.033046360541017,0.0345586809109641,0.0,0.0,0.0,0.0,0.0339988823232313,0.0281233976605604,0.0,0.0,0.0023707422180314,0.0027567439886465,0.0,0.0061779487366603,GPAB4796,GPAB4796.JPG,2024-10-04 00:26:42.303,2024-10-04 12:26:42.303,7.170411499839999,171.13486026945,792589.5221034565,514889.9994412035,-1.916014548633353,31.61182429589844,-0.4961798000000001,0.9878399840222153,0.06643935451285998,0.005177416783971517,0.0069825991938132215,0.9214006295093553,0.8452911785186361,0.9944123252167659,0.9496549954077029
data/train\GPAB4797_jpg.rf.e4b9f8bdcb32587cb5017cdd72df915d.jpg,0.943561553955078,0.4961467037177156,0.4494500915073849,0.1746926868987926,0.1758631748549612,0.0777678343380261,0.0337962794038289,0.3271249781553724,0.3280410122080262,0.0,0.0,0.0,0.0,0.0,0.0,0.0,0.0,0.0093350975470643,0.0076701048350082,0.0820599435784476,0.0799426950605216,0.0777678343380261,0.0337962794038289,0.1524332514599893,0.1521778373530648,0.0,0.0,0.0,0.0,0.0,0.0,0.0,0.0,0.0093350975470643,0.0076701048350082,0.0820599435784476,0.0799426950605216,GPAB4797,GPAB4797.JPG,2024-10-04 00:26:44.305,2024-10-04 12:26:44.305,7.17041786875,171.13488588225002,792590.2270023427,514892.82716329774,-1.9408104983560643,31.62041295410156,-0.4960463333333334,0.9431751622263659,0.44438597872573316,0.005064112781651753,0.05176072499198242,0.4987891835006326,0.8866248773908774,0.9899492316136113,0.9428118939705724
data/train\GPAB4801_jpg.rf.9739c11121861706595f5b3390fbd58c.jpg,0.958721160888672,0.1474459549510968,0.1297090775709926,0.0668013511982378,0.0463663022374659,0.0,0.0,0.1089475594509941,0.101262091361434,0.0,0.0,0.0,0.0,0.0330694054228447,0.0241212698498049,0.0,0.0,0.0054328308908959,0.0043257163597536,0.0,0.0,0.0,0.0,0.0598197122078341,0.054895789123968,0.0,0.0,0.0,0.0,0.0154381504177845,0.0241212698498049,0.0,0.0,0.0054328308908959,0.0043257163597536,0.0,0.0,GPAB4801,GPAB4801.JPG,2024-10-04 00:26:52.313,2024-10-04 12:26:52.313,7.17044376207,171.13499876082,792593.0931116093,514905.2893312025,-1.926346110092773,31.65476758691405,-0.4955124666666668,0.9584385556236235,0.11779679407285648,0.011912283498136111,0.02964916087824032,0.8406417615507671,0.7391948807866827,0.9860275327208695,0.8924712967888755
data/train\GPAB4803_jpg.rf.dc872b5dd3a719c76a02e05e55e48979.jpg,0.8888835906982422,0.2486254688193147,0.3371735068356881,0.1453767166036453,0.1495574422485659,0.1016432921150016,0.1495574422485659,0.1086450953770046,0.13105144193746,0.0,0.0,0.0,0.0,0.0361852654866406,0.0565646226496621,0.0,0.0,0.0023342544884708,0.0,0.0,0.0,0.0,0.0,0.1010930955613637,0.13105144193746,0.0,0.0,0.0,0.0,0.0,0.0565646226496621,0.0,0.0,0.0023342544884708,0.0,0.0,0.0,GPAB4803,GPAB4803.JPG,2024-10-04 00:26:56.317,2024-10-04 12:26:56.317,7.170456016809999,171.13505360788997,792594.4496255554,514911.3446394829,-1.6831516373154105,31.67194490332031,-0.4952455333333334,0.8881228599466511,0.23696091780082695,0.10021258903486113,0.011664551018487734,0.6511619421458241,0.6792863119880208,0.8666276472302165,0.9098557461424323
data/train\GPAB4838_jpg.rf.577d2dba6fa6db597e730cd8e9cc4d40.jpg,0.8967275619506836,0.641118214482556,0.5664268718685367,0.096279595869589,0.0,0.0,0.0,0.0354190231658674,0.0418053360423872,0.0,0.0,0.0,0.0,0.0024216329987344,0.0,0.0,0.0,0.0,0.0,0.603277558317954,0.5246215358261495,0.0,0.0,0.0354190231658674,0.0418053360423872,0.0,0.0,0.0,0.0,0.0024216329987344,0.0,0.0,0.0,0.0,0.0,0.5075760049008782,0.5246215358261495,GPAB4838,GPAB4838.JPG,2024-10-04 00:28:06.387,2024-10-04 12:28:06.387,7.17065603551,171.13593115378998,792616.5898216679,515008.2286034483,-2.996728905647541,31.672245206054683,-0.4893613,0.8960205329897085,0.5517828096704007,0.014644062198135965,0.0893354048121553,0.344237723319308,0.8414372544626846,0.9591953038880984,0.9099260977796916
data/train\GPAB4862_jpg.rf.11a13aa47c9a9c8fb61cd72b53131a3d.jpg,0.9231271743774414,0.1391690015612907,0.1039900292477958,0.0178223354835488,0.024850064237608,0.0555074386958133,0.0072092071984529,0.039754341559716,0.03304059932056,0.0,0.0,0.0,0.002070198550861,0.0141284329672397,0.0188161460123712,0.0,0.0,0.0132027968804911,0.0173758408981358,0.0166134393910005,0.0254780372674147,0.0555074386958133,0.0072092071984529,0.0288070624881174,0.0146959131822485,0.0,0.0,0.0,0.002070198550861,0.0074242927621787,0.0123107679130747,0.0,0.0,0.0132027968804911,0.0173758408981358,0.0166134393910005,0.0254780372674147,GPAB4862,GPAB4862.JPG,2024-10-04 00:28:54.435,2024-10-04 12:28:54.435,7.1707948108,171.13652719585002,792631.9506352632,515074.0334719276,-3.3193200529455305,31.620970659179687,-0.4845565000000001,0.9226008837712181,0.0828799572901523,0.0211100719576435,0.0562890442711384,0.8397209264810658,0.5170978061609612,0.975477100620295,0.785505856105079
data/train\GPAB4875_jpg.rf.420ee51b2763bb6abc8d4e698fed5e40.jpg,0.9378585815429688,0.223925196313587,0.2000103701968225,0.1033697378452651,0.0831958642118746,0.0,0.0,0.1068821619171805,0.1120317328022768,0.0202257246175029,0.0099832348484703,0.0,0.0,0.0409382723636175,0.0261597816881528,0.0,0.0,0.0558886394493809,0.0518356208579225,0.0,0.0,0.0,0.0,0.0484259385508226,0.0526998039264637,0.0202257246175029,0.0099832348484703,0.0,0.0,0.0012693889073461,0.0022958463520912,0.0,0.0,0.0506440084267451,0.0518356208579225,0.0,0.0,GPAB4875,GPAB4875.JPG,2024-10-04 00:29:20.461,2024-10-04 12:29:20.461,7.17086359155,171.13684141494,792639.5645167669,515108.72435044666,-1.6703222816268362,31.657714843749996,-0.4822949166666668,0.9374331458376143,0.1806843561740119,0.01932601402281059,0.043240840139575104,0.7567487896636025,0.7427891352488623,0.9750977432445808,0.8909968961156569
data/train\GPAB4881_jpg.rf.8b2a14c2b37d92d63755a939f2eb6281.jpg,0.9845447540283204,0.4700282107761708,0.4687972300052043,0.0,0.0,0.0,0.0,0.4560342062862597,0.4516518379253461,0.0,0.0,0.0,0.0,0.0020519546860806,0.0054126666192966,0.0,0.0,0.0119420498038304,0.0117327254605615,0.0,0.0,0.0,0.0,0.4560342062862597,0.4516518379253461,0.0,0.0,0.0,0.0,0.0020519546860806,0.0054126666192966,0.0,0.0,0.0119420498038304,0.0117327254605615,0.0,0.0,GPAB4881,GPAB4881.JPG,2024-10-04 00:29:32.473,2024-10-04 12:29:32.473,7.1709007085500005,171.13697327143998,792643.6720563573,515123.2814905738,-1.967803534357146,31.657714843749996,-0.4812939166666667,0.9844389435458009,0.461632192163588,0.007165037841616317,0.008396018612582823,0.5228067513822128,0.9673904513543046,0.9864803410534173,0.9843087719211673
data/train\GPAB4888_jpg.rf.7f6403933175008ae00c4b79b70dbb31.jpg,0.982013702392578,0.945650566616032,0.960543321497226,0.0,0.0,0.945650566616032,0.960543321497226,0.0,0.0,0.0,0.0,0.0,0.0,0.0,0.0,0.0,0.0,0.0,0.0,0.0,0.0,0.945650566616032,0.960543321497226,0.0,0.0,0.0,0.0,0.0,0.0,0.0,0.0,0.0,0.0,0.0,0.0,0.0,0.0,GPAB4888,GPAB4888.JPG,2024-10-04 00:29:46.487,2024-10-04 12:29:46.487,7.1708360241,171.13696975361,792636.5212264387,515122.8952185005,-1.7619019142223171,31.657714843749996,-0.4801260833333334,0.9818905636970134,0.9440422259051358,0.01650109559209023,0.0016083407108962167,0.037848337791877795,0.9811781894535985,0.6963888201830322,0.8473440216035931
data/train\GPAB4890_jpg.rf.de3c1c5f1753fbe3dbfcdaa09e3628b2.jpg,0.9765453338623048,0.220125671422234,0.2097151460565406,0.2012663162564357,0.112159439855739,0.0,0.0103413907202101,0.2012663162564357,0.1862352920842751,0.0,0.0,0.0,0.0,0.0188593551657983,0.0,0.0,0.0131384632520553,0.0,0.0,0.0,0.0,0.0,0.0103413907202101,0.0,0.074075852228536,0.0,0.0,0.0,0.0,0.0188593551657983,0.0,0.0,0.0131384632520553,0.0,0.0,0.0,0.0,GPAB4890,GPAB4890.JPG,2024-10-04 00:29:50.491,2024-10-04 12:29:50.491,7.170791100110001,171.13697487390002,792631.5551535833,515123.4620352281,-1.8011756157744514,31.657714843749996,-0.4797924166666667,0.9763847573469965,0.20311278741288552,0.006602358643655076,0.017012884009348472,0.773271969934111,0.8958433033350983,0.9915340736299197,0.9571234658506373
data/train\GPAB4891_jpg.rf.b904748dfaec0495e1cf5166ada62dc2.jpg,0.9813442230224608,0.1276388790201316,0.1141172946076897,0.0100245235950783,0.0100974990541996,0.0,0.0,0.0077661251759572,0.0030217601296658,0.0,0.0,0.0,0.0,0.0546576586784144,0.0471661516775713,0.0,0.0,0.0078016527021084,0.0074809447633386,0.0574134424636515,0.0564484380371137,0.0,0.0,0.0048461466076973,0.0,0.0,0.0,0.0,0.0,0.0475531136515959,0.0400904127530376,0.0,0.0,0.0078016527021084,0.0074809447633386,0.0574134424636515,0.0564484380371137,GPAB4891,GPAB4891.JPG,2024-10-04 00:29:52.493,2024-10-04 12:29:52.493,7.17076510037,171.13697755834,792628.6810318569,515123.7592838308,-1.8924356363506367,31.657714843749996,-0.4796255833333334,0.9812165009035513,0.11148633726568624,0.0026309573420034565,0.01615254175444536,0.8697301636378649,0.8558108337203029,0.9969840960598424,0.9352176684739173
data/train\GPAB4901_jpg.rf.47fdedb2f1b1ad1872ea1d068c561138.jpg,0.9876365661621094,0.0908246803002748,0.1006033918225236,0.0096308401971873,0.0339950415095933,0.0,0.0,0.0423641744267105,0.0437612703875188,0.0045628866018977,0.0,0.0,0.0,0.0,0.0064583281322315,0.0,0.0047645293178907,0.0438976192716665,0.0456192639848825,0.0,0.0,0.0,0.0,0.0327333342295231,0.0097662288779255,0.0045628866018977,0.0,0.0,0.0,0.0,0.0064583281322315,0.0,0.0047645293178907,0.0438976192716665,0.0456192639848825,0.0,0.0,GPAB4901,GPAB4901.JPG,2024-10-04 00:30:12.513,2024-10-04 12:30:12.513,7.17065837548,171.13694130205,792616.8816515814,515119.75972158735,-1.775298312289581,31.65980409277343,-0.4777487000000001,0.9875519229993682,0.08948999756108333,0.011113394261440271,0.0013346827391914617,0.8980619254382849,0.8778858924484056,0.9877764012939653,0.9865406232331184
data/train\GPAB5033_jpg.rf.a42128c7f23b888e301bb1cfac56c0ea.jpg,0.9500102996826172,0.4244924844879139,0.4002185422959999,0.096575338519712,0.0895341669179198,0.0036055638026359,0.0039925257766605,0.2241969338784728,0.2112188245958023,0.0,0.0,0.0,0.0,0.0463019686090301,0.0342408535824229,0.0,0.0,0.0,0.0,0.150484038538724,0.1507663383411142,0.0,0.0,0.1622004405413242,0.1527933277385481,0.0,0.0,0.0,0.0,0.0154871207916685,0.0071247092984177,0.0,0.0,0.0,0.0,0.150484038538724,0.1507663383411142,GPAB5033,GPAB5033.JPG,2024-10-04 00:34:36.777,2024-10-04 12:34:36.777,7.16991286553,171.13341680482,792534.352688034,514730.64142489526,-1.8795256144849104,31.49660671679688,-0.4573223,0.9496680576813392,0.38718954223262647,0.01302900006337343,0.03730294225528741,0.5624785154487126,0.8849612096871536,0.9773608515750133,0.9447421422861064
data/train\GPAB5096_jpg.rf.e6b7fbc62c0b41cc3946e299a644d3f2.jpg,0.8589811325073242,0.5185578512952184,0.4757990332672073,0.3514680549927697,0.341022002100925,0.0383101956318426,0.0325931445317376,0.1079047785482876,0.1251279471043145,0.0,0.0,0.0096932534188042,0.0131461448793312,0.0036670168208433,0.0033741547809487,0.0,0.0,0.0,0.0,0.3591948118289378,0.3015576419708751,0.0383101956318426,0.0259600593789788,0.0444699005037227,0.0665132901753907,0.0,0.0,0.0096932534188042,0.0131461448793312,0.0036670168208433,0.0033741547809487,0.0,0.0,0.0,0.0,0.075409574764318,0.0257833819516326,GPAB5096,GPAB5096.JPG,2024-10-04 00:36:42.903,2024-10-04 12:36:42.903,7.16985190807,171.13416803992,792527.6381594011,514813.58792731486,-3.5501123602095825,31.40072863378905,-0.44642475,0.8580156820420838,0.4261862833022547,0.049612749964952574,0.09237156799296364,0.43182939873982906,0.7501026669753718,0.896949716391834,0.8594090309576983
data/train\GPAB5121_jpg.rf.fcbf5ec6808aa3c85aca6b2855ea846b.jpg,0.9869928359985352,0.6473537754237858,0.6491138282733815,0.5489386871714904,0.4462487733401444,0.0,0.0,0.6245258995665642,0.6261284790570034,0.0,0.0,0.0,0.0,0.0,0.0,0.0,0.0,0.0228317166708595,0.0229853492163779,0.0,0.0,0.0,0.0,0.075754287788325,0.179879705716859,0.0,0.0,0.0,0.0,0.0,0.0,0.0,0.0,0.0228317166708595,0.0229853492163779,0.0,0.0,GPAB5121,GPAB5121.JPG,2024-10-04 00:37:32.953,2024-10-04 12:37:32.953,7.169992247630001,171.13478921778,792543.1724576375,514882.1681807892,-1.9554523970221849,31.357412109375,-0.4411554833333334,0.9869037856979622,0.6416856946975646,0.007428133575816842,0.0056680807262211585,0.34521809100039735,0.9799991201313935,0.9789360184282606,0.9850901242450416
data/train\GPAB5140_jpg.rf.79c16d5485a87227cb76d2c41e7b4043.jpg,0.9641494750976562,0.4376943211649955,0.4250004320915342,0.047986165389276,0.2399586728452555,0.0,0.0,0.1926628937074029,0.1980870827676135,0.0,0.0,0.0,0.0,0.2122664065155562,0.1999220314831493,0.0087215275684,0.0,0.0241068667986626,0.0269913178407713,0.0,0.0,0.0,0.0,0.1926628937074029,0.0,0.0,0.0,0.0,0.0,0.1642802411262802,0.1580504414055073,0.0087215275684,0.0,0.0241068667986626,0.0269913178407713,0.0,0.0,GPAB5140,GPAB5140.JPG,2024-10-04 00:38:10.991,2024-10-04 12:38:10.991,7.1700981955200005,171.13528723270002,792554.9009220535,514937.1509907411,-1.9105571165167892,31.425975513671872,-0.4376336333333334,0.963904033430442,0.41329939334348575,0.011701038748048453,0.02439492782150976,0.550604640086956,0.9196788178308237,0.9791909646505955,0.9617279425356808
data/train\GPAB5142_jpg.rf.9cbf6dc4ce3a554c05d16f34fb84dbb1.jpg,0.9248762130737304,0.2453982251600178,0.1861181472683173,0.0018445507496308,0.0544156874192228,0.0,0.0,0.2094933390689483,0.1486010796527136,0.0,0.0,0.0,0.0,0.0018445507496308,0.0012405828050614,0.0,0.0,0.0340881812403139,0.0362764848105422,0.0,0.0,0.0,0.0,0.2094933390689483,0.0954259750385521,0.0,0.0,0.0,0.0,0.0,0.0,0.0,0.0,0.0340881812403139,0.0362764848105422,0.0,0.0,GPAB5142,GPAB5142.JPG,2024-10-04 00:38:14.995,2024-10-04 12:38:14.995,7.170110181849999,171.1353421404,792556.2277695981,514943.21300578257,-1.959862038265187,31.434654262695307,-0.4375001666666667,0.9243618968242231,0.17793913462627908,0.008179012642038214,0.06745909053373872,0.746422762197944,0.7017157224702459,0.9891611537174391,0.857132373046833
data/train\GPAB5150_jpg.rf.78a0f068bd61364295bdd1c46e50b387.jpg,0.406808853149414,0.7228046389347119,0.1356901846087075,0.0952675414759862,0.103673162122664,0.6275370974587257,0.036099807383196,0.0952675414759862,0.0974231981302919,0.0,0.0021671790952195,0.0,0.0,0.0,0.0,0.0,0.0,0.0,0.0,0.0,0.0,0.6275370974587257,0.0298498433908239,0.0,0.0,0.0,0.0021671790952195,0.0,0.0,0.0,0.0,0.0,0.0,0.0,0.0,0.0,0.0,GPAB5150,GPAB5150.JPG,2024-10-04 00:38:31.000,2024-10-04 12:38:31.000,7.170148777,171.13553107,792560.5005269216,514964.0716229777,-1.9724208967422867,31.503273437499995,-0.4369666666666667,0.4027477180765973,0.1306212708100084,0.005068913798699087,0.5921833681247035,0.27212644726658897,0.17945599248589458,0.9817135691621288,0.5812140289690648
data/train\GPAB5152_jpg.rf.dea64a52d7766208624c9075ac8e744b.jpg,0.9412612915039062,0.2664967746767475,0.2371664013304578,0.1399890152729954,0.0954586219544748,0.0,0.0,0.1597596034744,0.1120432552431907,0.0,0.0,0.0,0.0,0.1067371712023475,0.1050452927948256,0.0,0.0,0.0,0.0200778532924414,0.0,0.0,0.0,0.0,0.0209353149371162,0.0402747718076597,0.0,0.0,0.0,0.0,0.1055724444666358,0.0813551542758818,0.0,0.0,0.0,0.0200778532924414,0.0,0.0,GPAB5152,GPAB5152.JPG,2024-10-04 00:38:35.000,2024-10-04 12:38:35.000,7.170157929,171.135565338,792561.5133761679,514967.8548827452,-1.997539674710148,31.511853515625,-0.4368333333333333,0.9408591516026755,0.22226116380494043,0.014905237525517367,0.04423561087180705,0.7185979877977351,0.7898350195349159,0.9796793837969169,0.9068450460430564
data/train\GPAB5174_jpg.rf.46ca733d089fc887a9dc084787d33982.jpg,0.931483268737793,0.3271777893428944,0.34688980513632,0.1483495063594271,0.081234168646286,0.2024934562137643,0.218055472871373,0.0543811200964812,0.0620944340849165,0.0,0.0,0.0,0.0,0.0112526237558164,0.0228000299583463,0.0262558020291018,0.0088405927911768,0.0052955218033388,0.0022027066213706,0.028553568788012,0.0328965688091365,0.1003009277485342,0.2095567124939747,0.0373067830689253,0.01685925146383,0.0,0.0,0.0,0.0,0.0112526237558164,0.0228000299583463,0.0262558020291018,0.0088405927911768,0.0052955218033388,0.0022027066213706,0.0013318021289629,0.0053963431613352,GPAB5174,GPAB5174.JPG,2024-10-04 00:39:19.000,2024-10-04 12:39:19.000,7.170269569,171.136080145,792573.8717333142,515024.69149529695,-3.687099112672983,31.460373046875,-0.4341,0.9310141860451718,0.3025408902621931,0.0443489148741269,0.02463689908070127,0.6284732957829786,0.8143180202881696,0.9340852395006194,0.9293919908213378
data/train\GPAB5179_jpg.rf.f9eed0cac19d9f9bceeb29baf5d810fb.jpg,0.9502019882202148,0.5599080509215072,0.5496309938297329,0.1685224197894081,0.1479855892672303,0.0,0.0,0.1737228814552074,0.1671445278967896,0.3429529711574099,0.1800563831442052,0.0,0.1622138833890571,0.0254425097412635,0.01222530980963,0.0,0.0,0.0179058731801744,0.018539607430438,0.0,0.0094512821596126,0.0,0.0,0.0478680603699087,0.0426925639927562,0.3429529711574099,0.1800563831442052,0.0,0.1622138833890571,0.0005645996047802,0.0072312918768711,0.0,0.0,0.0,0.0,0.0,0.0094512821596126,GPAB5179,GPAB5179.JPG,2024-10-04 00:39:29.000,2024-10-04 12:39:29.000,7.170298348,171.136218668,792577.0577203328,515039.984987883,-3.931021964245786,31.443212890625,-0.4331,0.9498610585666467,0.5297000516589434,0.0199309421707895,0.03020799926256379,0.4201610069077033,0.9135295452174388,0.9547118682527076,0.9503800769183293
data/train\GPAB5226_jpg.rf.f2ca7f8c573d5d5c1b5f8e5eac9c6320.jpg,0.967259407043457,0.4723182959078051,0.4686935280369793,0.0528476752515252,0.0251304436331792,0.0259542981585219,0.0258746012755342,0.0899777808931043,0.0856991145004157,0.0,0.0,0.0,0.0,0.0142513390036545,0.0116299836957461,0.0,0.0024485186942001,0.0062902925355707,0.0058524397808431,0.3362814778682716,0.3371888700902399,0.0259542981585219,0.0258746012755342,0.0396746446767283,0.0605686708672365,0.0,0.0,0.0,0.0,0.0117087203753243,0.0116299836957461,0.0,0.0024485186942001,0.0062902925355707,0.0058524397808431,0.3362814778682716,0.3371888700902399,GPAB5226,GPAB5226.JPG,2024-10-04 00:41:03.163,2024-10-04 12:41:03.163,7.17054726185,171.13721431554,792604.6073028785,515149.90700976807,-2.583730597586801,31.40031249999999,-0.4238418500000001,0.9670352567487897,0.45402354034678705,0.014669987690192232,0.01829475556101806,0.5130117164020026,0.9323089602738321,0.9721991731446706,0.9667326091341067
data/train\GPAB5236_jpg.rf.c1137ff7d5cba4f3f3f0a4a9cce4bce8.jpg,0.949793815612793,0.2348100621635687,0.1907261634304611,0.1342364366467392,0.1313683090625918,0.0,0.0,0.1532619070023793,0.1313683090625918,0.0,0.0,0.0,0.0,0.0496751631865694,0.040890262193143,0.0,0.0,0.0225695811400687,0.0093302965300169,0.0093927097516337,0.0091372956447093,0.0,0.0,0.0198454840673448,0.0,0.0,0.0,0.0,0.0,0.0496751631865694,0.040890262193143,0.0,0.0,0.021749567428364,0.0093302965300169,0.0093927097516337,0.0091372956447093,GPAB5236,GPAB5236.JPG,2024-10-04 00:41:23.183,2024-10-04 12:41:23.183,7.1708257615,171.13717930095,792635.3936295178,515146.0318214842,-1.8982483219351955,31.40109757714843,-0.42284085,0.9494500915073849,0.18749315855070736,0.003233004879753726,0.04731690361286134,0.7619569329566775,0.787643853188065,0.9957748988585827,0.8971317510216559
data/train\GPAB5248_jpg.rf.e6a7d848114e0c62c755ad295d87f35f.jpg,0.9658174514770508,0.3821321508748413,0.3924418548825383,0.0867073280803805,0.3046514173562527,0.0,0.0,0.3519107087645446,0.3599812184213103,0.0014566285721967,0.0,0.0,0.0035661954628468,0.0034125629173284,0.0010130145970122,0.0,0.0030457652149031,0.0253762557060087,0.0248356611864657,0.0,0.0,0.0,0.0,0.2688454322163607,0.0724252625676223,0.0014566285721967,0.0,0.0,0.0035661954628468,0.0034125629173284,0.0,0.0,0.0,0.0217361245806311,0.0117989794958163,0.0,0.0,GPAB5248,GPAB5248.JPG,2024-10-04 00:41:47.207,2024-10-04 12:41:47.207,7.17113465383,171.1371389952,792669.5396216229,515141.5714334229,-1.8137734918361903,31.46126108496093,-0.42163965,0.9655834291936404,0.37007871747551,0.022363137407028277,0.012053433399331293,0.5955047117181305,0.9149147794711107,0.963805953912811,0.9661316876632426
data/train\GPAB5285_jpg.rf.917b9bc4a3094f60d6dd54576e66897b.jpg,0.9718456268310548,0.2226164390664518,0.2219423762729896,0.1164189021802378,0.0053368105499469,0.0,0.0,0.190686795090672,0.197692439166313,0.0,0.0,0.0,0.0,0.0147631274209128,0.0096058749085406,0.0028710081943758,0.0,0.014295508360491,0.014644062198136,0.0,0.0,0.0,0.0,0.0781307912268134,0.1936086940657508,0.0,0.0,0.0,0.0,0.0109002291045335,0.0083528094591558,0.0028710081943758,0.0,0.014295508360491,0.014644062198136,0.0,0.0,GPAB5285,GPAB5285.JPG,2024-10-04 00:43:01.281,2024-10-04 12:43:01.281,7.1717085239100005,171.13681439965998,792732.9689164312,515105.7137319276,-1.7140440882777934,31.700615234375,-0.4178292,0.9716528749450285,0.20810584514223485,0.013836531130754753,0.014510593924216941,0.7635470298027934,0.8801151661096511,0.9822011529107476,0.9585095558077803
data/train\GPAB5286_jpg.rf.7e8781dd4975ce7fca1bc1950bfe023e.jpg,0.8948144912719727,0.4685840648482974,0.4076485962786356,0.1236396318196046,0.1283628723908872,0.0,0.0,0.3575931925419081,0.3378120421029991,0.0822510240569362,0.0250190600376783,0.0,0.0,0.0,0.0114552266752188,0.0142811053093487,0.0167488280717387,0.014935964034621,0.0166134393910005,0.0,0.0,0.0,0.0,0.2471765218743938,0.230294225528736,0.0822510240569362,0.0250190600376783,0.0,0.0,0.0,0.00374863411065,0.0011119155481897,0.0036103648196834,0.014935964034621,0.0166134393910005,0.0,0.0,GPAB5286,GPAB5286.JPG,2024-10-04 00:43:03.283,2024-10-04 12:43:03.283,7.17170318078,171.13678659587,792732.3773308924,515102.6440785447,-1.7245947239099773,31.701829315429688,-0.4175622666666667,0.8940943649502711,0.3851635130386021,0.02248508324003351,0.08342055180969532,0.5089308519116691,0.7843366143810788,0.9576883534107521,0.8898307444659523
data/train\GPAB5287_jpg.rf.f316e103bf2987c11731ee8f25b032d8.jpg,0.9552230834960938,0.1661046276043117,0.1333348056452278,0.0711347491852674,0.0639072981220341,0.0,0.0,0.0986282534092022,0.0838526433439659,0.0,0.0,0.0,0.0,0.0132268019657284,0.0041807256449206,0.0,0.0,0.054249572229381,0.0453014366563412,0.0,0.0,0.0,0.0,0.033038678913741,0.0199453452219318,0.0,0.0,0.0,0.0,0.0084737950887516,0.0041807256449206,0.0,0.0,0.054249572229381,0.0453014366563412,0.0,0.0,GPAB5287,GPAB5287.JPG,2024-10-04 00:43:05.285,2024-10-04 12:43:05.285,7.1716971924,171.13675811605,792731.714392424,515099.4998055597,-1.735145359542161,31.710417973632808,-0.4172953333333334,0.954916529517613,0.12717798138357617,0.006156824261651622,0.03892664622073552,0.8277385481340367,0.7382846249463484,0.9926167904686126,0.8791333147378582
data/train\GPAB5297_jpg.rf.0296081ab463a9d1ecf239538718dd87.jpg,0.8376665115356445,0.3476685301014167,0.2112802776140097,0.052522166295708,0.0472506495776065,0.1994572930329561,0.0642088019926141,0.1073132932480416,0.0969334943914518,0.0,0.0012396226016519,0.0,0.0,0.0359125677183454,0.0423094428323696,0.0,0.0,0.0059590223592965,0.0065889157959222,0.0,0.0,0.1994572930329561,0.0642088019926141,0.0956785085352481,0.0969334943914518,0.0,0.0012396226016519,0.0,0.0,0.0009842084947275,0.0016477090506852,0.0,0.0,0.0,0.0,0.0,0.0,GPAB5297,GPAB5297.JPG,2024-10-04 00:43:25.305,2024-10-04 12:43:25.305,7.1716339027,171.13647984985,792724.7087187854,515068.7783846158,-1.8668061292396756,31.753404165039058,-0.414626,0.8365551358399763,0.19775197177770132,0.013528305836308374,0.14991655832371537,0.638803164062275,0.547490875063469,0.9792616078472933,0.7740280884866413
data/train\GPAB5299_jpg.rf.982209f62d95c666316b67c67161afb2.jpg,0.9573383331298828,0.1370843999592873,0.1122420173489552,0.0283951352254461,0.0393395336868162,0.0,0.0,0.1301334874779873,0.1021272346333847,0.0,0.0,0.0,0.0,0.0010504625299823,0.004778932369033,0.0,0.0,0.0059004499513176,0.0053358503465374,0.0,0.0,0.0,0.0,0.1048177245867764,0.0649260739395033,0.0,0.0,0.0,0.0,0.0010504625299823,0.004778932369033,0.0,0.0,0.0028258786341298,0.0031974773536025,0.0,0.0,GPAB5299,GPAB5299.JPG,2024-10-04 00:43:29.309,2024-10-04 12:43:29.309,7.17162769329,171.13644020415,792724.0209815676,515064.401287792,-1.7493072702860089,31.770581481445312,-0.4140921333333334,0.9570462606798624,0.10318633899405238,0.009055678354902813,0.03389806096523493,0.8538599216858098,0.7060783064055128,0.9895057194997106,0.8711134778241865
data/train\GPAB5302_jpg.rf.3c212643573c9f4bb59e48652eb6d846.jpg,0.9448261260986328,0.3393992583388865,0.3118030123501362,0.0064880944379257,0.006410317961757,0.3122610293764631,0.3003554673021933,0.0,0.0022276719100174,0.0102242459042523,0.0,0.0,0.0,0.0169437493638652,0.0092198731379255,0.0,0.0,0.0,0.0,0.0,0.0,0.3122610293764631,0.3003554673021933,0.0,0.0022276719100174,0.0102242459042523,0.0,0.0,0.0,0.0104556549259395,0.0028095551761685,0.0,0.0,0.0,0.0,0.0,0.0,GPAB5302,GPAB5302.JPG,2024-10-04 00:43:35.315,2024-10-04 12:43:35.315,7.17161126115,171.13637469375,792722.2022972753,515057.1687925721,-2.006464617815242,31.796347456054686,-0.4132913333333334,0.9444483919473501,0.29782533131818645,0.01397768103194974,0.04157392702070006,0.6466230606291637,0.8427978686114728,0.9788409546789152,0.9281741339853584
data/train\GPAB5307_jpg.rf.4d7d182d23541594f3ab8ffa499acae2.jpg,0.9564905166625975,0.2481828150475396,0.2290296376384373,0.2052540410160488,0.2226980563562585,0.0,0.0,0.184913091989407,0.1894279684208302,0.0199280615605609,0.0223938639161319,0.0,0.0,0.0230842501675554,0.017207805301475,0.0,0.0,0.0202574113300161,0.0,0.0,0.0,0.0,0.0,0.0,0.0,0.0199280615605609,0.0,0.0,0.0,0.0027433011409136,0.0063315812821788,0.0,0.0,0.0202574113300161,0.0,0.0,0.0,GPAB5307,GPAB5307.JPG,2024-10-04 00:43:45.325,2024-10-04 12:43:45.325,7.1715789255,171.136235001,792718.623086403,515041.7463089748,-1.7227296038120947,31.829316406249998,-0.4119566666666668,0.9561926398488254,0.21670254626740115,0.012327091371036158,0.03148026878013846,0.7394900935814243,0.8318399451543816,0.983603605214457,0.9283802704312227
data/train\GPAB5308_jpg.rf.115bcdb8bbdc8ee1e2920379b038f344.jpg,0.937702178955078,0.2626886079547091,0.2761352965012108,0.0,0.246965277124306,0.0,0.0,0.2055209775638871,0.2087808681391066,0.0210630219905784,0.0,0.0,0.0,0.0154583146893837,0.0269826760100859,0.0041432777119504,0.017213566521932,0.0165030159989092,0.0231581858300862,0.0,0.0,0.0,0.0,0.2055209775638871,0.0016832365768364,0.0210630219905784,0.0,0.0,0.0,0.0154583146893837,0.0035143444787343,0.0041432777119504,0.017213566521932,0.0165030159989092,0.0067588717994019,0.0,0.0,GPAB5308,GPAB5308.JPG,2024-10-04 00:43:47.327,2024-10-04 12:43:47.327,7.17157258802,171.13620713711,792717.9215797442,515038.670051001,-1.7196003956706876,31.829316406249998,-0.4116897333333334,0.9372756724784578,0.23804978846718883,0.038085508034022,0.02463881948752028,0.699225884011269,0.7914570297535432,0.9483454230533813,0.9272753228668666
data/train\GPAB5309_jpg.rf.d19f7d3fbbd76e45123f9b77fbf6c288.jpg,0.8752117156982422,0.3709947515281637,0.3286670648310138,0.2393815905961518,0.2381314057569955,0.0,0.0,0.2190531242138334,0.2333687968459238,0.1135296501210816,0.0079139965010187,0.0,0.0,0.027666340837643,0.0399876709882221,0.0,0.0188430317078369,0.0116933571207724,0.028553568788012,0.0,0.0,0.0,0.0,0.0023707422180314,0.0308369324957799,0.1135296501210816,0.0079139965010187,0.0,0.0,0.0049671322372931,0.0181584066768704,0.0,0.0188430317078369,0.0116933571207724,0.0147832916925121,0.0,0.0,GPAB5309,GPAB5309.JPG,2024-10-04 00:43:49.329,2024-10-04 12:43:49.329,7.171567026269999,171.13618006621,792717.3058543847,515035.6813219168,-1.7164711875292802,31.829316406249998,-0.4114228000000001,0.8743573838681986,0.28700960011368815,0.041657464717325676,0.08398515141447555,0.5873477837545106,0.695524194017522,0.9337724688012824,0.8536970975347793
data/train\GPAB5311_jpg.rf.411f63a94d59592bc074a6196bacf1d0.jpg,0.9362859725952148,0.1917065311115506,0.1706175836289159,0.0757802132803813,0.0536724899802774,0.0682214920408739,0.0615365559040027,0.0093735056834439,0.0172375716071692,0.0455866170689598,0.0099160206098059,0.0,0.0,0.0084814767160275,0.037139707675674,0.010499824282776,0.0129176164678725,0.049568580608116,0.0318701113643914,0.0,0.0,0.0,0.0264295988462195,0.0093735056834439,0.0172375716071692,0.0455866170689598,0.0099160206098059,0.0,0.0,0.0009227554765201,0.0185741747531797,0.010499824282776,0.0129176164678725,0.049568580608116,0.0318701113643914,0.0,0.0,GPAB5311,GPAB5311.JPG,2024-10-04 00:43:53.333,2024-10-04 12:43:53.333,7.171554007739999,171.13612366326998,792715.8648390349,515029.45427208015,-1.7102127712464663,31.83217357226562,-0.4108889333333334,0.9358497704153648,0.14908694257791566,0.02153064105100025,0.04261958853363493,0.7867628278374492,0.6991601936282787,0.9733628417403783,0.87552300522697
data/train\GPAB5332_jpg.rf.39ed198ee533269eccb7c8a2b4905b87.jpg,0.9751949310302734,0.0953462781555644,0.1013667535330684,0.0376793419918075,0.0442279292445311,0.0,0.0,0.0061289783627763,0.0,0.0,0.0,0.0,0.0,0.0462030676578526,0.0528419140310683,0.033735786589031,0.0341016240880468,0.0092851669697708,0.0144232154139532,0.0,0.0,0.0,0.0,0.0061289783627763,0.0,0.0,0.0,0.0,0.0,0.008523725666045,0.0086139847865371,0.033735786589031,0.0341016240880468,0.0092851669697708,0.0144232154139532,0.0,0.0,GPAB5332,GPAB5332.JPG,2024-10-04 00:44:35.375,2024-10-04 12:44:35.375,7.171433135,171.13557214225,792702.4846175902,514968.5645077629,-1.6849331047066314,31.958017578125,-0.4082312500000001,0.9750251093191582,0.08586907050389558,0.015497683029172815,0.009477207651668818,0.8891560388152628,0.774684246088811,0.9828689335433499,0.941735580590685
data/train\GPAB5333_jpg.rf.2fb14ea874aaf0bdc6acefaa46ae3b24.jpg,0.9891376495361328,0.0776641323698012,0.0758973580963391,0.0057564194398941,0.0065370648118097,0.0,0.0,0.0,0.0,0.0,0.0,0.0,0.0,0.0057564194398941,0.0065370648118097,0.0,0.0,0.071907712929907,0.0693602932845293,0.0,0.0,0.0,0.0,0.0,0.0,0.0,0.0,0.0,0.0,0.0,0.0,0.0,0.0,0.071907712929907,0.0693602932845293,0.0,0.0,GPAB5333,GPAB5333.JPG,2024-10-04 00:44:37.377,2024-10-04 12:44:37.377,7.17142301141,171.13554500266,792701.3645934836,514965.5683418304,-1.6873000221816383,31.958017578125,-0.4081311500000001,0.9890632831659059,0.07131238681602314,0.004584971280315958,0.006351745553778057,0.9177508963498828,0.8670293492726903,0.9950289569762734,0.9566220783546109
data/train\GPAB5334_jpg.rf.e95df04308622776ed1b1ed4b88ef51f.jpg,0.9166288375854492,0.3459728108802569,0.3157292840915419,0.0518845912318065,0.2075633302158729,0.0,0.0,0.1873520086495123,0.1810818803855408,0.0695667370175698,0.0666899676027369,0.0,0.0,0.0237323874689614,0.0,0.0214125360316329,0.0,0.0439216243569037,0.0499699456332829,0.0,0.0179874904699811,0.0,0.0,0.1873520086495123,0.0234884958029509,0.0695667370175698,0.0666899676027369,0.0,0.0,0.0228547615526873,0.0,0.0143271950730042,0.0,0.0,0.0,0.0,0.0179874904699811,GPAB5334,GPAB5334.JPG,2024-10-04 00:44:39.379,2024-10-04 12:44:39.379,7.17141783262,171.13551878546002,792700.7912356312,514962.6738559359,-1.7727826777607636,31.958017578125,-0.4080310500000002,0.9160580577389514,0.28888007635537516,0.026849207736166725,0.05709273452488173,0.6271779813835764,0.7748471440271564,0.9589478722248487,0.8969635007119936
data/train\GPAB5335_jpg.rf.6bf5e9d0887602d1badfe856c236a338.jpg,0.9844751358032228,0.2606491359129518,0.2586682362791734,0.230139632779808,0.2359306195424438,0.0,0.0,0.230139632779808,0.2428460044975927,0.0,0.0,0.0,0.0,0.0,0.0,0.0046032151450963,0.0,0.0259754226335306,0.0158222317815806,0.0,0.0,0.0,0.0,0.0,0.0069153849551488,0.0,0.0,0.0,0.0,0.0,0.0,0.0046032151450963,0.0,0.0259754226335306,0.0158222317815806,0.0,0.0,GPAB5335,GPAB5335.JPG,2024-10-04 00:44:41.381,2024-10-04 12:44:41.381,7.17141235196,171.13549373272002,792700.1845448859,514959.9079484744,-1.8446767599687932,31.958017578125,-0.4079309500000001,0.9843688486969081,0.2518431104445167,0.00682512583465672,0.008806025468435119,0.7325257382523915,0.9415601665709372,0.9907687592370851,0.9784918903386701
data/train\GPAB5336_jpg.rf.6cbd3774005119fe947d59c92202676a.jpg,0.992762565612793,0.0798697196014003,0.0848003641091328,0.0118133825469587,0.0130482041315632,0.0,0.0,0.0118133825469587,0.0130482041315632,0.0,0.0,0.0,0.0,0.0,0.0,0.0,0.0,0.0680563370544416,0.0717521599775696,0.0,0.0,0.0,0.0,0.0,0.0,0.0,0.0,0.0,0.0,0.0,0.0,0.0,0.0,0.0680563370544416,0.0717521599775696,0.0,0.0,GPAB5336,GPAB5336.JPG,2024-10-04 00:44:43.383,2024-10-04 12:44:43.383,7.17140816199,171.13547557735,792699.720761821,514957.9035411343,-1.9789388758016515,31.95966066308594,-0.4078308500000002,0.9927130163253783,0.07869155001795569,0.006108814091177112,0.0011781695834446049,0.9140214663074225,0.9152464765138137,0.9933609248371537,0.9893048913678432
data/train\GPAB5338_jpg.rf.ccf17be954dbf5bad62d1985c2c414ce.jpg,0.9550981521606444,0.1923537082095471,0.18856186494547,0.1360483404804473,0.1850139133474035,0.0,0.0,0.1673423297991446,0.1850139133474035,0.0056911256080488,0.0,0.0,0.0,0.0,0.0,0.0,0.0,0.0194402782285399,0.0035479515980665,0.0,0.0,0.0,0.0,0.0340843404266759,0.0,0.0056911256080488,0.0,0.0,0.0,0.0,0.0,0.0,0.0,0.0174670602220374,0.0035479515980665,0.0,0.0,GPAB5338,GPAB5338.JPG,2024-10-04 00:44:47.387,2024-10-04 12:44:47.387,7.17139677236,171.13542700523,792698.4600823004,514952.54103899776,-1.8747137546626165,31.976837979492185,-0.4076306500000001,0.9547907428709697,0.1678531580129934,0.020708706932476617,0.0245005501965537,0.7869375848579763,0.7878121436908775,0.974359187749667,0.9234934023669912
data/train\GPAB5348_jpg.rf.8ba371da13fb1ea879c422e3e3ba2cce.jpg,0.9741601943969728,0.3719876018535766,0.3637231311080939,0.0,0.0,0.0,0.0,0.2312937972780153,0.2176243415405119,0.0956765881284291,0.1058355402008361,0.0,0.0,0.0406166042214382,0.0402632493667458,0.0,0.0,0.0047866139963089,0.0,0.0,0.0,0.0,0.0,0.2312937972780153,0.2176243415405119,0.0956765881284291,0.1058355402008361,0.0,0.0,0.0406166042214382,0.0402632493667458,0.0,0.0,0.0047866139963089,0.0,0.0,0.0,GPAB5348,GPAB5348.JPG,2024-10-04 00:45:07.407,2024-10-04 12:45:07.407,7.171335484599999,171.1351507381,792691.6758733575,514922.0402324404,-1.8379267436231104,32.000917968749995,-0.4070000000000001,0.9739832886198614,0.35484701079076597,0.008876120317327929,0.01714059106281063,0.6191362778290954,0.9316902349432373,0.9858663294808736,0.9698939680341476
data/train\GPAB5349_jpg.rf.1ee7632cec92426ad67645eedadd0f50.jpg,0.927570343017578,0.4160811026207792,0.4118024362280905,0.0106419343873806,0.0851306740819975,0.0,0.0,0.2778838269098926,0.2679178757227931,0.0532279158016834,0.0410112478227387,0.0,0.0,0.0747326313606274,0.0821290782239309,0.0,0.0032666119990858,0.0104354906543402,0.0072053663848149,0.0,0.0102722560747268,0.0,0.0,0.2778838269098926,0.2522319928253601,0.0532279158016834,0.0410112478227387,0.0,0.0,0.0640906969732468,0.0301619094989082,0.0,0.0032666119990858,0.0104354906543402,0.0,0.0,0.0,GPAB5349,GPAB5349.JPG,2024-10-04 00:45:09.409,2024-10-04 12:45:09.409,7.171329521340001,171.13512224590002,792691.0157227529,514918.8945870737,-1.803991958030273,32.000917968749995,-0.4070000000000001,0.9270744714560332,0.3774790051524515,0.03432343107563901,0.03860209746832771,0.5495954663035818,0.8380888221850804,0.9412188383871605,0.9242217110939046
data/train\GPAB5420_jpg.rf.1a7945f6c17694f7cf560b2e8231a128.jpg,0.9634180068969728,0.4049254594093213,0.3900086994428899,0.1744161483168594,0.1577210916360522,0.0,0.0289347695415796,0.2667665918348142,0.2562811706031805,0.0305757571683985,0.0,0.0,0.0,0.1075879114231558,0.103136408416759,0.0,0.0,0.0,0.0016563508813707,0.0,0.0,0.0,0.0289347695415796,0.0948392907553536,0.1002164298484991,0.0305757571683985,0.0,0.0,0.0,0.1056799872484987,0.103136408416759,0.0,0.0,0.0,0.0,0.0,0.0,GPAB5420,GPAB5420.JPG,2024-10-04 00:47:31.551,2024-10-04 12:47:31.551,7.17090991298,171.13324741112,792644.5684907705,514711.9065212176,-3.4643090044134084,31.915117187499995,-0.4014224500000001,0.963167557415363,0.37905085813378714,0.010957841309102767,0.025874601275534148,0.5841166992815761,0.9114356298485413,0.9815857668885888,0.9588430508587139
data/train\GPAB5443_jpg.rf.32c02690be0eb7a25e3c884163f2a83f.jpg,0.9423389434814452,0.1894433316753821,0.2299082237581209,0.1648112336117283,0.2085206530151347,0.0,0.0,0.176573725377984,0.1854940150521486,0.0,0.0,0.0,0.0,0.0,0.0,0.0049162414565901,0.0,0.0079533648408078,0.0444142087059722,0.0,0.0,0.0,0.0,0.0117624917662557,0.013457250784006,0.0,0.0,0.0,0.0,0.0,0.0,0.0049162414565901,0.0,0.0079533648408078,0.0079303199589801,0.0,0.0,GPAB5443,GPAB5443.JPG,2024-10-04 00:48:17.597,2024-10-04 12:48:17.597,7.171084705389999,171.13284835162,792663.8786062483,514667.8405126255,-1.7115082758449596,31.84903771582031,-0.3991201500000001,0.9419441814553994,0.18064786844445124,0.04926035531366965,0.008795463230930861,0.7612963130109482,0.7567870891442776,0.9392265127921426,0.9463992874662961
data/train\GPAB5468_jpg.rf.4283e52525152382f8e24a20d09d9eb9.jpg,0.883366584777832,0.1804510267455057,0.2738432909627575,0.1631414398826247,0.1614802879842065,0.0,0.0,0.1804510267455057,0.2738432909627575,0.0,0.0,0.0,0.0,0.0,0.0,0.0,0.0,0.0,0.0,0.0,0.0,0.0,0.0,0.0173768011015453,0.1123630029785509,0.0,0.0,0.0,0.0,0.0,0.0,0.0,0.0,0.0,0.0,0.0,0.0,GPAB5468,GPAB5468.JPG,2024-10-04 00:49:07.647,2024-10-04 12:49:07.647,7.17127358944,171.13305999075,792684.7660601576,514691.2016624925,-1.6786733724160203,31.98098215722656,-0.3966176500000001,0.8825680832227499,0.16843120046550653,0.10541209049725098,0.012019826279999174,0.7141368827572433,0.5892022800635512,0.871377923788189,0.9023840079218708
data/train\GPAB5497_jpg.rf.0ffa6911ae7ba47037807745fe6d0550.jpg,0.9766731262207032,0.3116743450932646,0.3091240448376584,0.0,0.0032752538297712,0.0,0.0,0.250813772389543,0.2682961958661323,0.0,0.0,0.0,0.0,0.0318950766530381,0.0118421886492434,0.0,0.0,0.0289654960506833,0.0289856603222826,0.0,0.0,0.0,0.0,0.250813772389543,0.265020942036361,0.0,0.0,0.0,0.0,0.0318950766530381,0.0118421886492434,0.0,0.0,0.0289654960506833,0.0289856603222826,0.0,0.0,GPAB5497,GPAB5497.JPG,2024-10-04 00:50:05.705,2024-10-04 12:50:05.705,7.1714095789,171.13378492729998,792699.8226417995,514771.23792833154,-1.811664998456192,31.969622133789063,-0.3935245833333334,0.9765134246038681,0.29865590726739555,0.010468137570262825,0.013018437825869034,0.6778575173364725,0.9270925858584655,0.9847918823079734,0.9715112613097515
data/train\GPAB5501_jpg.rf.b589a7631d40c0e686a0a60ee8a45f5f.jpg,0.99237060546875,0.158322178970393,0.1557277093579503,0.0764552362772529,0.0754902318507152,0.0,0.0,0.1056146934166533,0.1051134672368994,0.0,0.0,0.0,0.0,0.0,0.0,0.0,0.0,0.0527074855537397,0.0506142421210509,0.0,0.0,0.0,0.0,0.0291594571394004,0.0296232353861842,0.0,0.0,0.0,0.0,0.0,0.0,0.0,0.0,0.0527074855537397,0.0506142421210509,0.0,0.0,GPAB5501,GPAB5501.JPG,2024-10-04 00:50:13.713,2024-10-04 12:50:13.713,7.17142579436,171.13387914153,792701.6182559169,514781.63964808895,-1.668172794077277,32.000917968749995,-0.3928572500000001,0.9923183727240779,0.1531841305262106,0.0025435788317396957,0.0051380484441823915,0.8391342421978673,0.9522482137847471,0.9969779661906403,0.9822624238172823
data/train\GPAB5519_jpg.rf.f4dccd4d27203da8024b20f802d49292.jpg,0.9356698989868164,0.6444136325839266,0.643536966871062,0.0508312480915957,0.025149647701369,0.5495676204047065,0.532066953063337,0.0915505940778494,0.0931272480762324,0.0,0.0,0.0,0.0,0.0,0.0,0.0,0.0,0.0042066511369768,0.0183427657314925,0.0,0.0,0.5254425097412636,0.532066953063337,0.0640628510743716,0.0718779466242128,0.0,0.0,0.0,0.0,0.0,0.0,0.0,0.0,0.0042066511369768,0.014442419482143,0.0,0.0,GPAB5519,GPAB5519.JPG,2024-10-04 00:50:49.749,2024-10-04 12:50:49.749,7.17151008902,171.13430237615,792710.9504844722,514828.3664769022,-1.6891820203595365,32.043818359375,-0.3898542500000001,0.935229479012834,0.6115900392339113,0.03194692763715068,0.03282359335001528,0.32363943977892273,0.9042366974118139,0.9101570516628681,0.9296107271301547
data/train\GPAB5545_jpg.rf.8c6a419671b63b24065f36515b5b7271.jpg,0.9550609588623048,0.3065151721740733,0.3133825469587477,0.025741133001615,0.0279812875559558,0.0,0.0,0.2393345406290868,0.238475158577593,0.0,0.0,0.0,0.0,0.0439081815091709,0.0508686960245658,0.0,0.0,0.0232724500358155,0.0240386923565888,0.0,0.0,0.0,0.0,0.2393345406290868,0.238475158577593,0.0,0.0,0.0,0.0,0.0186653940770812,0.0228874084686099,0.0,0.0,0.0232724500358155,0.0240386923565888,0.0,0.0,GPAB5545,GPAB5545.JPG,2024-10-04 00:51:41.801,2024-10-04 12:51:41.801,7.1716532794,171.13496683155998,792726.8013649527,514901.72467914346,-1.6943106733189328,32.215419921875004,-0.3841232166666668,0.9547532949379998,0.2873255070354104,0.0260570399233373,0.019189665138662937,0.6674277879025894,0.8639492314266248,0.962425940874545,0.9499100091473744
data/train\GPAB5552_jpg.rf.0aa5c6e322bdc54366f9d200985db4aa.jpg,0.9450674057006836,0.5560077046721578,0.5191061274420373,0.0,0.0023188912339189,0.0,0.0,0.1837291611855055,0.1875872584848374,0.0160584418203152,0.0,0.0,0.0,0.0,0.0035748372935322,0.0,0.0,0.0068865788528641,0.0067588717994019,0.3493853737975853,0.3211851598642656,0.0,0.0,0.1837291611855055,0.1875872584848374,0.0160584418203152,0.0,0.0,0.0,0.0,0.0012559460596132,0.0,0.0,0.0068865788528641,0.0067588717994019,0.3493853737975853,0.3211851598642656,GPAB5552,GPAB5552.JPG,2024-10-04 00:51:55.815,2024-10-04 12:51:55.815,7.17168588965,171.1351393367,792730.4119561116,514920.7699916087,-1.8816421422907517,32.28247323242187,-0.3824882500000001,0.9446913234099512,0.5099025777620732,0.009203549679964174,0.046105126910084615,0.43478874564787806,0.9021451250940733,0.9792709247957371,0.9481745918715601
data/train\GPAB5569_jpg.rf.8e265edd8d3471a629aa34b39cc85f3b.jpg,0.9594593048095704,0.6239987478947541,0.6116947014055457,0.0029583867046395,0.0225638199196117,0.0,0.0,0.563227474108115,0.5646034455939146,0.0,0.0,0.0,0.0,0.0166748924092079,0.0064756117936023,0.0,0.0,0.0440963813774309,0.0406156440180287,0.0,0.0,0.0,0.0,0.563227474108115,0.546709094854654,0.0,0.0,0.0,0.0,0.0137165057045684,0.0018061426132511,0.0,0.0,0.0440963813774309,0.0406156440180287,0.0,0.0,GPAB5569,GPAB5569.JPG,2024-10-04 00:52:29.849,2024-10-04 12:52:29.849,7.17176138765,171.13557306599,792738.772206239,514968.65577904746,-1.781908635820535,32.416403961914064,-0.3790151000000001,0.9591817530625689,0.5974376011814344,0.014257100224111308,0.02656114671331966,0.3617441518811346,0.936047202610466,0.9620823065234884,0.959758140432847
data/train\GPAB5573_jpg.rf.52eca794ae531745404865e3c713eb5e.jpg,0.9607582092285156,0.2515204820989278,0.2672313302850075,0.0445726422685381,0.0447233942038281,0.1077271409175319,0.1219055044620652,0.1233986207638226,0.1253535949055448,0.0,0.0,0.0,0.0,0.0,0.0,0.0,0.0,0.0203947204175732,0.0199722309173975,0.0,0.0,0.1077271409175319,0.1219055044620652,0.0788259784952844,0.0806302007017166,0.0,0.0,0.0,0.0,0.0,0.0,0.0,0.0,0.0203947204175732,0.0199722309173975,0.0,0.0,GPAB5573,GPAB5573.JPG,2024-10-04 00:52:37.857,2024-10-04 12:52:37.857,7.17178272998,171.13568441798,792741.1351840053,514980.9495046966,-1.6950860095766247,32.45075859472656,-0.3782143000000001,0.9604895501062946,0.23962068124511493,0.027610649039892576,0.01189980085381287,0.7208688688611795,0.858452012383901,0.9631110158935011,0.9578997786906089
data/train\GPAB5585_jpg.rf.05d053942efba9dcd4f589dfea18c2e5.jpg,0.9516839981079102,0.3265767020085535,0.3486412161552303,0.0399579046825279,0.1090915899624176,0.0,0.0,0.1832788257864546,0.1906877552940815,0.1234888798843146,0.127005144769868,0.0,0.0,0.0011839308039014,0.0191637396466067,0.0,0.0,0.018684598145271,0.011784576444674,0.0,0.0,0.0,0.0,0.1440343522371779,0.1007599049782706,0.1234888798843146,0.127005144769868,0.0,0.0,0.0011839308039014,0.0,0.0,0.0,0.018684598145271,0.011784576444674,0.0,0.0,GPAB5585,GPAB5585.JPG,2024-10-04 00:53:01.881,2024-10-04 12:53:01.881,7.171841328429999,171.13598618294,792747.6229664413,515014.2655886216,-1.810976036027344,32.47762281933593,-0.3757805500000001,0.9513532146649947,0.3132855664143892,0.0353556497408411,0.013291135594164283,0.6380676482506054,0.8655914976932239,0.9474986240507375,0.9534001329314232
data/train\GPAB5646_jpg.rf.89c32cce97796de1fa893918a8ad607b.jpg,0.9200124740600586,0.3141075005329129,0.2675078688669408,0.0340564945278007,0.0124384749665369,0.068946445615039,0.0718568221492041,0.115855262778867,0.0926423453544398,0.0292228305644267,0.020560835607415,0.0,0.0564580400712086,0.0452323020108579,0.0126362768688919,0.0073090683530399,0.0042440990699469,0.0177435988039706,0.0053857809238309,0.0301974370250593,0.0037236688220032,0.068946445615039,0.0718568221492041,0.1025958138972159,0.0841032564338429,0.0292228305644267,0.020560835607415,0.0,0.0564580400712086,0.0336512886889958,0.0102837785156407,0.0073090683530399,0.0042440990699469,0.0085496511581013,0.003838893231142,0.0301974370250593,0.0037236688220032,GPAB5646,GPAB5646.JPG,2024-10-04 00:55:04.000,2024-10-04 12:55:04.000,7.171688183,171.137206679,792730.7332066474,515149.026149588,-1.9212744834942652,32.511432617187495,-0.3646000000000001,0.9194648594358229,0.2505401144178383,0.01696775444910248,0.06356738611507462,0.6689247450179846,0.7567467234343687,0.9752617874342032,0.8864435836286342
data/train\GPAB5669_jpg.rf.c3ae775301186fb9b1b6950c2f4bc406.jpg,0.9489860534667968,0.1437712565029776,0.1257655221682161,0.0155197677075911,0.0,0.0765598984488874,0.0747998455992917,0.0429614209474135,0.0351530468214386,0.0040414961505445,0.0060886498195777,0.0,0.0,0.0095425014835142,0.0054635573999996,0.0,0.0,0.0106765017101222,0.0021969454009137,0.0,0.0020634771269945,0.0765598984488874,0.0747998455992917,0.0308878232764828,0.0351530468214386,0.0040414961505445,0.0060886498195777,0.0,0.0,0.0072783418439362,0.0054635573999996,0.0,0.0,0.0096548452824246,0.0021969454009137,0.0,0.0020634771269945,GPAB5669,GPAB5669.JPG,2024-10-04 00:55:50.000,2024-10-04 12:55:50.000,7.171255075,171.137531274,792682.8648593429,515184.879184978,-3.655809073323141,32.387021484375005,-0.3600000000000001,0.9486367992195466,0.10908678894537016,0.016678733222845937,0.03468446755760743,0.8395500102741764,0.6798803111909034,0.980520703901242,0.8696365624628764
data/train\GPAB5743_jpg.rf.e977816285ab91f398c9cf38144e91de.jpg,0.9597501754760742,0.1666797894465963,0.1532110162216764,0.0241769616475554,0.0696541155278334,0.0695542543732464,0.0766933667228065,0.0266197191212986,0.0460619177566575,0.0,0.0011839308039014,0.0,0.0,0.0258112278505078,0.0222853609308595,0.0040674216426007,0.002217109672513,0.0247732479648488,0.0047693303349381,0.0161947907044628,0.0,0.0695542543732464,0.0301715115330031,0.0251294834297697,0.0247934122364481,0.0,0.0011839308039014,0.0,0.0,0.0221010018762374,0.0204216061130389,0.0040674216426007,0.002217109672513,0.0219915386875555,0.0047693303349381,0.0,0.0,GPAB5743,GPAB5743.JPG,2024-10-04 00:58:18.197,2024-10-04 12:58:18.197,7.17031557878,171.13734979123,792578.9997574087,515164.8726458229,-2.3749683912438533,31.764120682617182,-0.3471803000000001,0.9594746151024633,0.13968271038536806,0.013528305836308346,0.026997079061228252,0.8197919047170953,0.7751189543737383,0.9837657773506726,0.9108980279706795
data/train\GPAB5767_jpg.rf.5e9dcd3a001722ecbb252bc7810e23dd.jpg,0.9108142852783204,0.4063744063542421,0.3401991077789919,0.1476514384807277,0.1475314130545414,0.0748228904811195,0.0266408435963074,0.0255049229628804,0.0,0.0,0.0,0.0,0.0,0.0243373156169402,0.0045590457882597,0.0,0.0,0.0138470933682591,0.0,0.2681175980319671,0.3089992183944247,0.0,0.0,0.0255049229628804,0.0,0.0,0.0,0.0,0.0,0.0230199165391196,0.0045590457882597,0.0,0.0,0.0138470933682591,0.0,0.1973467659388965,0.1881086489361906,GPAB5767,GPAB5767.JPG,2024-10-04 00:59:06.245,2024-10-04 12:59:06.245,7.1701961792,171.1367495979,792565.7806295662,515098.6087502649,-5.0828520103574295,31.70175209472656,-0.3423755000000001,0.9102036975512894,0.3283886058422617,0.011810501936730222,0.0779858005119804,0.5818150917090277,0.785271298250126,0.9801044596743278,0.8940990899585675
data/train\GPAB5827_jpg.rf.7cc4d07d38d46d7c26b93ba7539d1662.jpg,0.960174560546875,0.3893826468199023,0.3748317243524868,0.2144364662210042,0.191671963788809,0.0093072516481891,0.0,0.3439400602623659,0.3416211690284469,0.0,0.0,0.0,0.0,0.0074242927621787,0.0101407082076267,0.0,0.0019636159724075,0.0078899914157815,0.0051390086475919,0.0211129525678719,0.0159672224964136,0.0,0.0,0.1594532985867726,0.1550882138872298,0.0,0.0,0.0,0.0,0.0057372153717043,0.0101407082076267,0.0,0.0019636159724075,0.0,0.0,0.0109011893079429,0.0159672224964136,GPAB5827,GPAB5827.JPG,2024-10-04 01:01:06.365,2024-10-04 13:01:06.365,7.16986579645,171.13510032055,792529.2036757899,514916.5214228704,-2.214113554476133,31.557478081054683,-0.3261513333333334,0.9599019056196865,0.36205813839603773,0.012773585956449063,0.02732450842386458,0.5978437672236486,0.9002922468626436,0.9790808664543774,0.9544534710230117
data/train\GPAB5892_jpg.rf.546c74522ae889052219499406c99537.jpg,0.8153848648071289,0.5387806953024928,0.3741336564737874,0.1179139388888142,0.3244921004065501,0.0,0.0,0.3244911402031406,0.3741336564737874,0.0,0.0,0.0,0.0,0.0,0.0,6.721423866431865e-05,0.0,0.0,0.0,0.2142991571334471,0.0,0.0,0.0,0.2070822683077183,0.0496415560672372,0.0,0.0,0.0,0.0,0.0,0.0,6.721423866431865e-05,0.0,0.0,0.0,0.2142991571334471,0.0,GPAB5892,GPAB5892.JPG,2024-10-04 01:03:16.495,2024-10-04 13:03:16.495,7.16952585635,171.1333894979,792491.5688643499,514727.6388749973,-2.0427544147317285,31.48611328124999,-0.3080755833333334,0.8141209433806458,0.36351764757846294,0.010616008895324436,0.1752630477240299,0.4506032958021827,0.6616669608698158,0.9769827308024607,0.8258435114115562
data/train\GPAB5916_jpg.rf.d72c77ea11466eba34b333085f39bc94.jpg,0.8126630783081055,0.3387203945283769,0.4017779126330121,0.2025971581819892,0.113643914326811,0.0,0.0,0.3387203945283769,0.4017779126330121,0.0,0.0,0.0,0.0,0.0,0.0,0.0,0.0,0.0,0.0,0.0,0.0,0.0,0.0,0.1363219984521521,0.2881339983062012,0.0,0.0,0.0,0.0,0.0,0.0,0.0,0.0,0.0,0.0,0.0,0.0,GPAB5916,GPAB5916.JPG,2024-10-04 01:04:04.543,2024-10-04 13:04:04.543,7.16932066661,171.13322219640003,792468.8802615869,514709.1735353877,-1.8700283448927064,31.52239414160156,-0.3020914,0.8113805228499605,0.27593941500567476,0.12583849762733734,0.06278097952270212,0.5354411078442858,0.5939815589907671,0.8097045537377648,0.812178525100678
data/train\GPAB5933_jpg.rf.4c244c05d951f1eeef907e6435a977a1.jpg,0.8976669311523438,0.3844472012951223,0.3943737841424327,0.2809132686668343,0.3279296286125253,0.0,0.0,0.3824326945420118,0.3921864407756139,0.0,0.0,0.0,0.0,0.0,0.0,0.0,0.0,0.0020145067531105,0.0021873433668188,0.0,0.0,0.0,0.0,0.1016020033683935,0.0642568121630886,0.0,0.0,0.0,0.0,0.0,0.0,0.0,0.0,0.0020145067531105,0.0021873433668188,0.0,0.0,GPAB5933,GPAB5933.JPG,2024-10-04 01:04:38.577,2024-10-04 13:04:38.577,7.16934218864,171.1335317404,792471.2694001879,514743.3499142105,-1.8681219561183209,31.48611328124999,-0.2952846,0.8969663333480564,0.3378936593928057,0.05648012474962699,0.046553541902316586,0.5590726739552507,0.766325059559845,0.9082448737647509,0.8935763570234411
data/train\GPAB6017_jpg.rf.2a7ce631b79425a164d63b2137dcb999.jpg,0.9224138259887696,0.2816497446819134,0.2611042723290502,0.0551473624172544,0.0366010335629499,0.0382929119704718,0.0380058111510342,0.168533942230322,0.1391814842056141,0.0,0.0,0.0095578647380661,0.0113678481649552,0.017454577577714,0.0086331888547269,0.016320577351106,0.0063296608753598,0.0015929774563443,0.0,0.0321610529974669,0.0575862790773597,0.0284450658027396,0.0380058111510342,0.1259834883421704,0.1203624575830143,0.0,0.0,0.0095578647380661,0.0113678481649552,0.0153152443813697,0.0063287006719503,0.015776142017925,0.0063296608753598,0.0015929774563443,0.0,0.0321610529974669,0.0421087603197861,GPAB6017,GPAB6017.JPG,2024-10-04 01:07:26.745,2024-10-04 13:07:26.745,7.16981470915,171.135546364,792523.5706129366,514965.77115095983,-2.977653953488237,31.443212890625,-0.2747712500000001,0.9218826516209195,0.2323183343159415,0.02878593801310869,0.049331410365971884,0.6895643173049779,0.7483622124205852,0.9599277124216206,0.8923880438810579
data/train\GPAB6031_jpg.rf.c8c7491ba0185bc1872720abe9f324f0.jpg,0.9421110153198242,0.3684329288316437,0.3434839636428581,0.1388127660963698,0.184468517810813,0.1387349896202011,0.1317735149013967,0.1670504279626596,0.1458059275276874,0.0,0.0,0.0353354854692418,0.0336426468583104,0.0014355040971879,0.0018906405132863,0.0016227437620385,0.0,0.0,0.0,0.0257046452720544,0.0303712338421771,0.0570332019134933,0.0,0.1135786204949656,0.0931109246182711,0.0,0.0,0.0353354854692418,0.0336426468583104,0.0014355040971879,0.0018906405132863,0.0016227437620385,0.0,0.0,0.0,0.0224245904252356,0.0303712338421771,GPAB6031,GPAB6031.JPG,2024-10-04 01:07:54.773,2024-10-04 13:07:54.773,7.16987799673,171.13583757304,792530.5764094872,514997.92173814046,-1.9154087324724824,31.45081912988281,-0.2724355833333334,0.9417146928405313,0.3268157926575166,0.016668170985341513,0.0416171361741271,0.6148989001830147,0.8486493360128858,0.9736082330028597,0.9303255380175504
data/train\GPAB6033_jpg.rf.e583d1e7ca6b0479db2a6ff5d7a2ef5e.jpg,0.9253826141357422,0.2960479948072199,0.2756705580510175,0.0874918142659341,0.1097330058399571,0.0530118700345481,0.0635088137070957,0.1570892777926076,0.091148268849273,0.0044572642268538,0.0045158366348327,0.0013001154164498,0.0014547081653777,0.0273149063897696,0.01923287429209,0.009761427860878,0.0078688669407727,0.0012098562959577,0.0,0.0454925171348298,0.0879411894615755,0.0204792183176084,0.0,0.107670488916372,0.0697491756653729,0.0,0.0,0.0013001154164498,0.0014547081653777,0.0273149063897696,0.01923287429209,0.009761427860878,0.0078688669407727,0.0012098562959577,0.0,0.0444190097230197,0.0676319271474469,GPAB6033,GPAB6033.JPG,2024-10-04 01:07:58.777,2024-10-04 13:07:58.777,7.16988907487,171.13588483674,792531.802616167,515003.1398034479,-2.971095751825236,31.467996446289057,-0.2721019166666668,0.9248717648346626,0.24829515884645004,0.02737539920456744,0.047752835960769846,0.6765766059882127,0.7677093353284172,0.9611118385875319,0.8999054220798506
data/train\GPAB6112_jpg.rf.275e9e45ae9d2003a909da0c5f0de468.jpg,0.9352073669433594,0.4285589459271052,0.3793235559020823,0.0825246820286409,0.074183395010399,0.2588631575712999,0.0424438713096982,0.0061625854821085,0.0033971996627765,0.0,0.1878820409315509,0.0,0.0,0.0104441324850256,0.005967664189982,0.0076451395463615,0.0,0.003253169151353,0.0023438565225657,0.1424432951876525,0.1372889232855088,0.2510326987669067,0.0424438713096982,0.0061625854821085,0.0033971996627765,0.0,0.1878820409315509,0.0,0.0,0.0094407199221083,0.0014268622665025,0.0026444001897361,0.0,0.0,0.0,0.079356010777323,0.069990186721155,GPAB6112,GPAB6112.JPG,2024-10-04 01:10:36.935,2024-10-04 13:10:36.935,7.1703035254500005,171.1378388206,792577.6834748478,515218.8671727564,-3.6052201031697777,31.443212890625,-0.2526909166666667,0.9347637803592312,0.3713231410942094,0.008000414807872891,0.05723580483289581,0.563440639265022,0.8505673557636262,0.9859995799201847,0.9262227393619802
data/train\GPAB6151_jpg.rf.c36cadd2306d5b5385f070e07094abae.jpg,0.8425369262695312,0.3192599520282376,0.181013705943467,0.1040793281648784,0.0862310671892733,0.0396832865074137,0.0248212581353233,0.0091075293390151,0.0013250807050965,0.0,0.0,0.0015296040313179,0.0019732180065024,0.0435740307226682,0.0190456346272394,0.0037515147208784,0.0,0.0042181735778907,0.0,0.2183214492158018,0.1338485144693051,0.0036727780413002,0.0058082704240066,0.0046944344689979,0.0013250807050965,0.0,0.0,0.0015296040313179,0.0019732180065024,0.0346201339291715,0.0190456346272394,0.0037515147208784,0.0,0.0042181735778907,0.0,0.1656101228484242,0.0666304349913485,GPAB6151,GPAB6151.JPG,2024-10-04 01:11:55.000,2024-10-04 13:11:55.000,7.170167099,171.138620319,792562.6278342648,515305.1575997621,-3.3232167180315555,31.408892578124995,-0.2463333333333334,0.8414588946522431,0.17086627631197393,0.010147429631493066,0.14839367571626366,0.6705926183402694,0.5187080977088557,0.9850935321614661,0.7601441819584084
data/train\GPAB6199_jpg.rf.bfde89e764df96e5529e9f0eaca7fc63.jpg,0.951852798461914,0.089720446379361,0.116644549981468,0.0218734336681882,0.0335091785843913,0.0036132454299118,0.0037351912629171,0.0533537024483266,0.0539259836803828,0.0,0.008874199910509,0.0,0.0,0.0035882801412651,0.0066974187811946,0.0012213787368716,0.0,0.0,0.0,0.0280206558957449,0.0434117563464644,0.0036132454299118,0.0037351912629171,0.0436767724874837,0.0323271681873088,0.0,0.008874199910509,0.0,0.0,0.0035882801412651,0.0066974187811946,0.0012213787368716,0.0,0.0,0.0,0.0157924654758864,0.0315013932551471,GPAB6199,GPAB6199.JPG,2024-10-04 01:13:31.109,2024-10-04 13:13:31.109,7.16993752231,171.13745053573,792537.2098326972,515176.0084413009,-3.04765625,31.40031249999999,-0.2369260666666667,0.9515231706684742,0.07894408351465154,0.03770046646681646,0.010776362864709454,0.8725790871538225,0.6195535862308007,0.9585836391503437,0.9192365963814294
data/train\GPAB6203_jpg.rf.51578668f786e422636d911cb62b28bf.jpg,0.92913818359375,0.2014065059542213,0.2138891502775948,0.0867294127587988,0.0597179306464281,0.0247924520330386,0.0230429614209474,0.083351417164212,0.0882782208583066,0.0,0.0,0.0,0.0024965288646746,0.0214259788793658,0.0254626740128628,0.0,0.0,0.0,0.0,0.0720632658822445,0.0746087651208032,0.0247924520330386,0.0230429614209474,0.0316502247836181,0.06253996846692,0.0,0.0,0.0,0.0024965288646746,0.0181142373200338,0.0220030611284694,0.0,0.0,0.0,0.0,0.0402939758758495,0.044088699750155,GPAB6203,GPAB6203.JPG,2024-10-04 01:13:39.117,2024-10-04 13:13:39.117,7.16991384806,171.13734266319003,792534.5891352319,515164.09892051615,-3.117184197106855,31.426554668945307,-0.2363922000000001,0.9286530458612352,0.1719743510465257,0.04191479923106911,0.0294321549076956,0.7566786948147096,0.7067788450155089,0.9475142240156211,0.9006905673888761
data/train\GPAB6208_jpg.rf.c473a27a0a8d6f6587dc146ae5eb3014.jpg,0.9917383193969728,0.0642875386721923,0.0566779266519819,0.0446091299980987,0.0323300487975372,0.0,0.0,0.0354862374045317,0.0270623728930736,0.0,0.0,0.0,0.0,0.0007527994730403,0.0,0.0012828317550789,0.0,0.0,0.0,0.0267743118702265,0.0296155537589082,0.0,0.0,0.0196851300979599,0.0243478778544446,0.0,0.0,0.0,0.0,0.0,0.0,0.0,0.0,0.0,0.0,0.0,0.0,GPAB6208,GPAB6208.JPG,2024-10-04 01:13:49.127,2024-10-04 13:13:49.127,7.16988627398,171.13720448762,792531.5363234461,515148.8437423909,-4.449550425318252,31.469497959960933,-0.2357248666666667,0.9916817578635859,0.05632361159388011,0.0003543150581017951,0.007963927078312186,0.9353581462697059,0.8713180136955807,0.9996213419477187,0.9378707737340464
data/train\GPAB6213_jpg.rf.a18255c26a2019ef53cab4aad446882f.jpg,0.9844369888305664,0.0439091417125803,0.038471509804637,0.0030803325376447,0.0,0.0205281886914924,0.0205598754040055,0.0121187272311766,0.0064141587753949,0.0,0.0,0.0,0.0,0.0077997322952894,0.0114974756252364,0.0,0.0,0.0,0.0,0.0034692149184883,0.0,0.0205281886914924,0.0205598754040055,0.0090383946935318,0.0064141587753949,0.0,0.0,0.0,0.0,0.0077997322952894,0.0114974756252364,0.0,0.0,0.0,0.0,0.0034692149184883,0.0,GPAB6213,GPAB6213.JPG,2024-10-04 01:13:59.137,2024-10-04 13:13:59.137,7.1698582679,171.1370606626,792528.4355734693,515132.9648158341,-5.565012490417702,31.459785311523436,-0.2350575333333334,0.9843304405605283,0.03335554603887281,0.005115963765764189,0.010553595673707492,0.9509748945216555,0.6803768337348446,0.9946490820182843,0.8771491599599174
data/train\GPAB6218_jpg.rf.cbf157f68419fd36fb92aad2909ab5ec.jpg,0.9379987716674804,0.1409156115631535,0.1583077759192507,0.0165932751194012,0.0071160674677323,0.0,0.0,0.0085006807842173,0.0,0.1096379457024176,0.0358818412092417,0.0,0.0,0.0087666571286461,0.0,0.0028566051432335,0.0,0.0,0.0,0.0112017329751134,0.1224259347100089,0.0,0.0,0.0033539905093495,0.0,0.1096379457024176,0.0358818412092417,0.0,0.0,0.0028076347693495,0.0,0.0028566051432335,0.0,0.0,0.0,0.0057141704898765,0.1153098672422766,GPAB6218,GPAB6218.JPG,2024-10-04 01:14:09.147,2024-10-04 13:14:09.147,7.1698291044,171.13692091455,792525.2070127099,515117.5360676016,-5.80390625,31.443212890625,-0.23393285,0.9375742957388092,0.11839884161060665,0.039908934308644034,0.02251676995254684,0.8191754541282025,0.6547719560957728,0.9535448032279336,0.8968778828208677
data/train\GPAB6220_jpg.rf.3bc13f3d7e06c9294ec7edc12332c5da.jpg,0.984689712524414,0.1302016619200611,0.1361491618384438,0.0500986128901546,0.0,0.0,0.0,0.0091910670356408,0.0128408001951133,0.0,0.0,0.0,0.0,0.0,0.0,0.0,0.0,0.0,0.0,0.1210499632242094,0.1233083616433305,0.0,0.0,0.0086139847865371,0.0128408001951133,0.0,0.0,0.0,0.0,0.0,0.0,0.0,0.0,0.0,0.0,0.0799935858412246,0.1233083616433305,GPAB6220,GPAB6220.JPG,2024-10-04 01:14:13.151,2024-10-04 13:14:13.151,7.16981670387,171.13686720772,792523.8343950122,515111.6066558145,-4.899086617883359,31.44256509472656,-0.2334657166666667,0.9845848944640432,0.125467859111274,0.0106813027271698,0.004733802808787102,0.8591170353527691,0.8905821894467074,0.9877197940493326,0.9756811628250466
data/train\GPAB6227_jpg.rf.571570ca77f0db566886fcf2519c6b6b.jpg,0.9779272079467772,0.0515168333259717,0.0383418823443558,0.0060713661582069,0.0044140550734267,0.0006126097752547,0.0,0.0184762340054117,0.0013884541301229,0.0248327805762372,0.0,0.0,0.0,0.007595208969068,0.0,0.0,0.0097057360631276,0.0,0.0,0.0,0.0272476921511052,0.0,0.0,0.0140592983217564,0.0013884541301229,0.0248327805762372,0.0,0.0,0.0,0.006553388269771,0.0,0.0,0.0097057360631276,0.0,0.0,0.0,0.0228336370776785,GPAB6227,GPAB6227.JPG,2024-10-04 01:14:27.165,2024-10-04 13:14:27.165,7.1697810722,171.13668296365,792519.8893368469,515091.26527093205,-5.18070224556714,31.38244448730468,-0.23183075,0.9777760920873477,0.03381740387883758,0.00452447846551822,0.017699429447134117,0.9439586882085101,0.6034370502364451,0.995229774629123,0.8258319155707303
data/train\GPAB6236_jpg.rf.46b13879c47d4fdd782cf071312ef0fe.jpg,0.9659509658813475,0.0361804644695932,0.0127140533450606,0.0008555412378558,0.0,0.0269048995339172,0.0,0.0063277404685408,0.0030774519274163,0.0,0.0,0.0,0.0,0.0,0.0,0.0,0.0,0.0,0.0,0.0029478244671351,0.0096366014176443,0.0269048995339172,0.0,0.005472199230685,0.0030774519274163,0.0,0.0,0.0,0.0,0.0,0.0,0.0,0.0,0.0,0.0,0.0029478244671351,0.0096366014176443,GPAB6236,GPAB6236.JPG,2024-10-04 01:14:45.183,2024-10-04 13:14:45.183,7.16973146544,171.13644152815,792514.3974964669,515064.6097827693,-4.994814940572395,31.39094734472656,-0.2297286500000001,0.965717857670969,0.007306187742811443,0.005407865602249156,0.028874276726781757,0.9584116699281576,0.17567879571481385,0.9943891305344075,0.5981632489190086
data/train\GPAB6245_jpg.rf.47051ee1d535ca875a821dca928db358.jpg,0.9754238128662108,0.10179692466052,0.0884712217436141,0.0289357297449891,0.0117528897321608,0.0,0.0,0.0534036330256201,0.037682222602036,0.0,0.0,0.0,0.0073628397439713,0.0,0.0,0.0069835593972227,0.0,0.0,0.0,0.0414500607808758,0.0434261593976067,0.0,0.0,0.0304902990649539,0.0336311244173965,0.0,0.0,0.0,0.0073628397439713,0.0,0.0,0.0069835593972227,0.0,0.0,0.0,0.0354391874374667,0.0357243678500853,GPAB6245,GPAB6245.JPG,2024-10-04 01:15:03.201,2024-10-04 13:15:03.201,7.16968251421,171.13619248458,792508.9778883075,515037.1142533368,-4.642708411159734,31.39945020214843,-0.2277866000000001,0.9752555581374357,0.08276185227078492,0.005709369472829184,0.019035072389735078,0.8924937058666508,0.7698326217823896,0.9936435649915012,0.9033264610348388
data/train\GPAB6251_jpg.rf.d7a423a98ef5280e1fa58def52ffcf9b.jpg,0.9281225204467772,0.1299116804903951,0.0690395853457596,0.0469443446899791,0.025447310758311,0.0518509841124743,0.0104700579770818,0.0533997922119821,0.0296510812850594,0.0,0.0,0.0,0.0,0.0118057009196828,0.005666160319402,0.0066628514584529,0.00256182269652,0.0,0.0009630840197187,0.0062384415514582,0.0197273790479775,0.0518509841124743,0.0104700579770818,0.0124355943563084,0.0238600945224236,0.0,0.0,0.0,0.0,0.0096951738256232,0.005666160319402,0.0066628514584529,0.00256182269652,0.0,0.0,0.0023688218112124,0.001034139072021,GPAB6251,GPAB6251.JPG,2024-10-04 01:15:15.213,2024-10-04 13:15:15.213,7.16964938331,171.13603216293,792505.3100971096,515019.41407268046,-4.564289446117615,31.376399822265626,-0.2269858000000001,0.927630429230128,0.06329084753314129,0.00574873781261831,0.0666208329572538,0.8643395816969867,0.4665387909373373,0.9933929261159851,0.7402882913455985
data/train\GPAB6286_jpg.rf.b9de6c3dd697e300894bf557002032ac.jpg,0.9522666931152344,0.1661334337065964,0.1602358643655071,0.0484921925860774,0.0197657871843571,0.0066714932891383,0.0061894711775742,0.0593626553849167,0.0211936096542691,0.0253916189605606,0.021546004305552,0.0097335819620028,0.0251102793615799,0.0,0.0013356429426009,0.012229150623268,0.0082510278977498,0.0,0.0,0.0527852620299084,0.0766098290261809,0.0,0.0,0.0234596897006661,0.0182601882382763,0.0253916189605606,0.021546004305552,0.0097335819620028,0.0251102793615799,0.0,0.0013356429426009,0.012229150623268,0.0082510278977498,0.0,0.0,0.0468953743160951,0.0659669344353908,GPAB6286,GPAB6286.JPG,2024-10-04 01:16:25.283,2024-10-04 13:16:25.283,7.169465885129999,171.13513194522002,792484.995452033,514920.0261446709,-5.384701594971069,31.43341873144531,-0.2223144666666667,0.9519398989481932,0.13915459851014833,0.02108126585535877,0.02697883519644806,0.8127853004380449,0.7432888487695795,0.9747186579873727,0.906163044192595
data/train\GPAB6318_jpg.rf.d15aea90cad5a842336ad5d3bce3c7bf.jpg,0.9389257431030272,0.3316734617061278,0.3546482486850014,0.1566456638174231,0.2047998648033599,0.0195833485365539,0.0576275678239678,0.2416928002027949,0.2380008180933049,0.0,0.0,0.0,0.0,0.0,0.0,0.0,0.0030640090796834,0.038765332047941,0.0248126163046379,0.0317241604461489,0.0311432373834073,0.0177320763630567,0.0157194900167651,0.0977640703406609,0.0786416194406623,0.0,0.0,0.0,0.0,0.0,0.0,0.0,0.0030640090796834,0.0284959565834426,0.0212800279611232,0.0317241604461489,0.0311432373834073,GPAB6318,GPAB6318.JPG,2024-10-04 01:17:29.347,2024-10-04 13:17:29.347,7.16929995919,171.13430781073,792466.6260298442,514829.03799967805,-1.732463359564738,31.38464098730468,-0.2180435333333334,0.9385076134528337,0.3124146619219814,0.04223358676301997,0.019258799784146408,0.6260929515308522,0.8355409805754429,0.9368069583607508,0.9393707074821527
data/train\GPAB6343_jpg.rf.0d5a7465def88e0de6cf8a58d5eb8cfa.jpg,0.9087371826171876,0.3765034384884094,0.3338646458865846,0.2143548489311975,0.1384430877837161,0.0001699560034797,0.0,0.3328900394259519,0.3024967209053565,0.0,0.0,0.0105295905884702,0.0096202779596829,0.0087522540775037,0.0042719449688221,0.0,0.0,0.0159499388350428,0.0174757020527228,0.0083739339341646,0.0,0.0001699560034797,0.0,0.1390316924737336,0.1779285723887748,0.0,0.0,0.0105295905884702,0.0096202779596829,0.0047971762338133,0.0042719449688221,0.0,0.0,0.0,0.0036007627855884,0.0083739339341646,0.0,GPAB6343,GPAB6343.JPG,2024-10-04 01:18:19.397,2024-10-04 13:18:19.397,7.169163869960001,171.13363173647002,792451.5599054953,514754.3963204159,-2.044750354060691,31.345425740234376,-0.2140603,0.9081123745254196,0.3092402294502068,0.024624416436377805,0.0672632090382026,0.5988721450752128,0.7709268395439414,0.9605059306555292,0.8909268102888468
data/train\GPAB6357_jpg.rf.f77decaa064ed06ac4ae7dc5f14b7c03.jpg,0.8377742767333984,0.2624197510000518,0.1794908233360155,0.0018282272916694,0.0009986115458698,0.0,0.0,0.0011195971754656,0.0017158834927591,0.0884232115731396,0.0425514140915611,0.1545533805881438,0.1197920967577771,0.0089779018787339,0.015431428993918,0.0033626323400349,0.0,0.0,0.0,0.0068328074619327,0.0,0.0,0.0,0.0011195971754656,0.0017158834927591,0.0884232115731396,0.0425514140915611,0.1545533805881438,0.1197920967577771,0.0071496745870645,0.0144328174480481,0.0033626323400349,0.0,0.0,0.0,0.0068328074619327,0.0,GPAB6357,GPAB6357.JPG,2024-10-04 01:18:47.425,2024-10-04 13:18:47.425,7.16909412975,171.13327486775,792443.8388372533,514714.9963031027,-6.019362889462419,31.27654487304688,-0.2112575000000001,0.8366636388252487,0.13928710658065802,0.04020371675535747,0.12313264441939381,0.6973765322445906,0.46026538395639116,0.9454924168456681,0.7381361153369491
data/train\GPAB6362_jpg.rf.409a2850d857b0bd69c899eb31575f58.jpg,0.9718961715698242,0.0577706381319818,0.0369255823153576,0.0094983321266777,0.0057929071694547,0.0094983321266777,0.0057929071694547,0.0042028103233388,0.0,0.0,0.0,0.0440694956819652,0.0267311027167995,0.0,0.0,0.0,0.0,0.0,0.0,0.0,0.0044015724291033,0.0,0.0,0.0042028103233388,0.0,0.0,0.0,0.0440694956819652,0.0267311027167995,0.0,0.0,0.0,0.0,0.0,0.0,0.0,0.0044015724291033,GPAB6362,GPAB6362.JPG,2024-10-04 01:18:57.435,2024-10-04 13:18:57.435,7.16911079815,171.13322103775,792445.6797643244,514709.05233993765,-5.852673824165668,31.209684614257814,-0.2102565,0.9717037657257314,0.03319999308653532,0.003725589228822282,0.024570645045446482,0.9385037726391959,0.5398704036224511,0.9960459847892703,0.785366132093795
data/train\GPAB6368_jpg.rf.4ccdaea8dd51721346f6943ef0c1a15f.jpg,0.978191375732422,0.0620637075758128,0.0490087820203831,0.0087551346877322,0.0050103413907202,0.0047558874872052,0.0050103413907202,0.0028911724659751,0.0012012144652723,0.0,0.0126103513768356,0.045863155650893,0.0233857540381354,0.005517328790931,0.0,0.0030361631808082,0.0068011207494195,0.0,0.0,0.0,0.0,0.0,0.0,0.0,0.0012012144652723,0.0,0.0126103513768356,0.045863155650893,0.0233857540381354,0.0044092540563793,0.0,0.0030361631808082,0.0068011207494195,0.0,0.0,0.0,0.0,GPAB6368,GPAB6368.JPG,2024-10-04 01:19:09.447,2024-10-04 13:19:09.447,7.16910351872,171.13324235378,792444.8757236064,514711.4060993047,-5.518205718165454,31.241126310546875,-0.2092127500000001,0.9780420684317767,0.044557279013986206,0.0044515030063968924,0.017506428561826597,0.9334847894177903,0.6698810486199317,0.99525393884174,0.8565910142256221
data/train\GPAB6415_jpg.rf.6edab159b05aadee5406742ad5b6bae4.jpg,0.9608449935913086,0.3242386067064447,0.334319782302683,0.19255535092554,0.1393696840738742,0.0599502998715247,0.0484240181440036,0.2410609863593503,0.2656796415752713,0.0,0.0,0.0,0.0,0.0,0.0,0.0126670033779955,0.0106620986589799,0.0007998494401053,0.0,0.0098219206756759,0.0095540239244281,0.0066254035254828,0.0484240181440036,0.1137072877518373,0.136972056160377,0.0,0.0,0.0,0.0,0.0,0.0,0.0019348098701228,0.0,0.0007998494401053,0.0,0.0098219206756759,0.0095540239244281,GPAB6415,GPAB6415.JPG,2024-10-04 01:20:43.541,2024-10-04 13:20:43.541,7.169084826520001,171.13439770222,792442.8465272264,514838.96997430245,-1.85755426732758,31.140589245117187,-0.1991945333333334,0.9605769286165581,0.30956765881284287,0.024752123489840128,0.014670947893601849,0.6510092698037152,0.8870369096586919,0.9633715040020233,0.9590620613143495
data/train\GPAB6420_jpg.rf.b77275a4c2d4ceebbfe562a217560760.jpg,0.8036336898803711,0.43227973413888,0.2750761921405431,0.2167284717594575,0.196256935069125,0.2682952356627228,0.1073286565025935,0.1474593977988297,0.1438058238257192,0.0,0.0,0.0,0.0,0.0,0.003449050646889,0.0,0.0011522440913883,0.017107944146888,0.0193404170739529,0.0,0.0,0.1930344924268757,0.0584687060106813,0.0060291172081893,0.0,0.0,0.0,0.0,0.0,0.0,0.0010101339867837,0.0,0.0,0.017107944146888,0.0193404170739529,0.0,0.0,GPAB6420,GPAB6420.JPG,2024-10-04 01:20:53.551,2024-10-04 13:20:53.551,7.1691096744,171.13453434721,792445.5978203164,514854.0562914233,-1.7718979289673735,31.102373577148438,-0.1978598666666667,0.8022893169689067,0.2548226216241649,0.02025357051637816,0.17745711251471508,0.5474666953447418,0.5631024700343102,0.9643247357293868,0.7769051021404312
data/train\GPAB6428_jpg.rf.b16d2b18243733f492c9084c55db4346.jpg,0.973318099975586,0.3573454600622596,0.3488745455837365,0.1208732857968632,0.1099720964889202,0.0108541393408779,0.0057852255421788,0.2167035064708107,0.2054595245456797,0.0,0.0,0.0031408253524426,0.0,0.0012357817880139,0.0012857123653074,0.0020317904144814,0.0,0.0012943541959928,0.0012521052459753,0.1223260735554219,0.135091977884595,0.0052695963112825,0.0015516887097362,0.1032842797418205,0.1010066772545096,0.0,0.0,0.0031408253524426,0.0,0.0012357817880139,0.0,0.0013519664005622,0.0,0.0012943541959928,0.0012521052459753,0.1223260735554219,0.135091977884595,GPAB6428,GPAB6428.JPG,2024-10-04 01:21:09.567,2024-10-04 13:21:09.567,7.16915113478,171.13471969174,792450.1871680112,514874.5190367664,-1.9449270914314216,31.142910156250004,-0.19588385,0.9731354290092814,0.33967771732763874,0.009196828256097744,0.01766774273462085,0.6334577116816427,0.9267081266012461,0.9856893125550958,0.9681238402756562
data/train\GPAB6469_jpg.rf.804de9a3f3b0bcff6cafd0268423db33.jpg,0.9598283767700196,0.1361923709918709,0.1539455718299364,0.0063719098253774,0.0053224074988045,0.0973194961620669,0.1228109762772145,0.0020615567201756,0.0132988172214401,0.0,0.0,0.0029151775512124,0.0,0.0035873199378556,0.0019828200405974,0.0,0.0,0.0,0.0,0.0304883786581349,0.0158529582906843,0.0965782191299404,0.1228109762772145,0.0020615567201756,0.0132988172214401,0.0,0.0,0.0029151775512124,0.0,0.0023467371327942,0.0009899697151844,0.0,0.0,0.0,0.0,0.0261223337551827,0.0115234011172926,GPAB6469,GPAB6469.JPG,2024-10-04 01:22:31.649,2024-10-04 13:22:31.649,7.16936857664,171.13576585459,792474.2588783926,514990.0198938942,-4.47350256348325,31.185810546875,-0.1878900666666667,0.9595533517820416,0.12484564730192438,0.029099924528012022,0.01134672368994652,0.8347077044801171,0.7553022777574456,0.9663120311157403,0.9414990431176745
data/train\GPAB6581_jpg.rf.0e33f8c4bc7b403d776dbb15f4bb9251.jpg,0.9631872177124025,0.3486037682222602,0.3308851347069363,0.2308252180141841,0.2437197896002289,0.0,0.0,0.3161287287098899,0.2980202526103129,0.0,0.0,0.0,0.0,0.0,0.0,0.0013068368403162,0.0,0.031168202672054,0.0328648820966233,0.0,0.0,0.0,0.0,0.0862195447483595,0.0641435081607687,0.0,0.0,0.0,0.0,0.0,0.0,0.0013068368403162,0.0,0.031168202672054,0.0230218369459386,0.0,0.0,GPAB6581,GPAB6581.JPG,2024-10-04 01:26:15.873,2024-10-04 13:26:15.873,7.16980528795,171.13823361642,792522.6175966216,515262.4734853891,-1.8772298854255636,31.28393661035156,-0.1654127,0.9629351881902664,0.3212120455597315,0.009673089147204827,0.027391722662528706,0.641723142630535,0.8965470109292846,0.985150222437109,0.9532873507875421
data/train\GPAB6582_jpg.rf.a166616a1043774d17060f56687c0471.jpg,0.9350175857543944,0.3182959078051094,0.2639858427609304,0.0539038990019645,0.0564782043428079,0.2327773115456778,0.1792766979756991,0.0663058862389408,0.0689560476491339,0.0,0.0,0.0,0.0,0.0,0.0,0.0,0.0,0.0192808844625645,0.0157530971360973,0.0,0.0,0.2327773115456778,0.1792766979756991,0.0124019872369762,0.012477843306326,0.0,0.0,0.0,0.0,0.0,0.0,0.0,0.0,0.0192808844625645,0.0157530971360973,0.0,0.0,GPAB6582,GPAB6582.JPG,2024-10-04 01:26:17.875,2024-10-04 13:26:17.875,7.169792986999999,171.13823540675,792521.2578150097,515262.671566876,-1.841422546628415,31.292525268554687,-0.1652125,0.9345726998807427,0.25842722522339123,0.005558617537539168,0.05986868258171818,0.6761454746573514,0.7979731793155178,0.991845996523738,0.9018773616174052
data/train\GPAB6583_jpg.rf.226622e1572d169e84459d33d4b242e9.jpg,0.9610967636108398,0.1624136056982311,0.1514855306948224,0.05568315591975,0.0417890125844258,0.0234462468529333,0.0217697316999633,0.0152643536006667,0.025343608790086,0.017754161041475,0.0133045784418971,0.0,0.0,0.0131768713884349,0.00097940747768,0.0,0.0,0.0304739756069925,0.0195535822308597,0.0625313266362346,0.0705346220543359,0.0234462468529333,0.0217697316999633,0.0,0.0,0.0,0.0,0.0,0.0,0.0009515615788048,0.0,0.0,0.0,0.0200346441390144,0.0173921643560971,0.0625313266362346,0.0705346220543359,GPAB6583,GPAB6583.JPG,2024-10-04 01:26:19.877,2024-10-04 13:26:19.877,7.169782253729999,171.13823878568002,792520.0713895583,515263.0449950028,-1.8056152078312664,31.30111392675781,-0.1650123,0.9608304223166636,0.13736477935485858,0.014120751339963822,0.02504882634337252,0.8234656429618051,0.7781192378610945,0.9831411405008134,0.9144562600431883
data/train\GPAB6584_jpg.rf.bf60090261c1ac131e8b94b020257a0e.jpg,0.9781255722045898,0.3242693332155484,0.3227147638955836,0.1796050875417448,0.1925927988585102,0.0,0.0,0.2908398515141447,0.301467382850383,0.0,0.0,0.0,0.0,0.0172903827946912,0.0154247075700516,0.0,0.0,0.0115550878298058,0.0058226734751489,0.0046185783996481,0.0,0.0,0.0,0.113986706943999,0.1130572300436124,0.0,0.0,0.0,0.0,0.0145394000265016,0.011242061518312,0.0,0.0,0.0115550878298058,0.0058226734751489,0.0046185783996481,0.0,GPAB6584,GPAB6584.JPG,2024-10-04 01:26:21.879,2024-10-04 13:26:21.879,7.169759879630001,171.13824634002,792517.5982365229,515263.87982162,-1.769807869034118,31.30970258496094,-0.1648121000000001,0.9779758143965218,0.3124799557538269,0.010234808141756702,0.011789377461721484,0.6654958586426949,0.9341587057364628,0.984853716658354,0.9742484858250389
data/train\GPAB6596_jpg.rf.2ff0ce0a9390ffcde484219f10b26580.jpg,0.9241113662719728,0.1873654514972451,0.1742461923133796,0.0540604121577114,0.0529024068458662,0.0614856651232997,0.0534276381108574,0.064312503960839,0.0398926108506826,0.0,0.0228931696890669,0.0,0.0035076230548679,0.0185789757702271,0.0034759363423547,0.0005357935024955,0.0,0.0045619263984882,0.0018675956314585,0.0380883886442504,0.0491816186340914,0.0328572004693474,0.0260906470426695,0.0515715649203127,0.0211859280269932,0.0,0.0228931696890669,0.0,0.0035076230548679,0.0149340436278021,0.0034759363423547,0.0005357935024955,0.0,0.0045619263984882,0.0018675956314585,0.0291508153087149,0.0423228856801024,GPAB6596,GPAB6596.JPG,2024-10-04 01:26:45.903,2024-10-04 13:26:45.903,7.16965636146,171.13821500741,792506.1535042853,515260.4238040547,-3.3996716807427534,31.25915734472656,-0.1624097000000001,0.9235918136898121,0.14260172875021837,0.031644463563161224,0.044763722747026724,0.7809900849395937,0.6511199673808676,0.9610594164111472,0.8610740604612377
data/train\GPAB6643_jpg.rf.d790114b6394a3a5aa132aa793ce2dbc.jpg,0.9539155960083008,0.2861847853849359,0.2642086099519322,0.1599285992744703,0.2215093245353095,0.0015852958290684,0.0,0.2319582580373826,0.2354591596683841,0.0,0.0,0.0,0.0,0.0401701096360253,0.0163705079283995,0.0,0.0,0.012626674834797,0.0123789423551485,0.0,0.0,0.0015852958290684,0.0,0.1013187433625939,0.0303203430614741,0.0,0.0,0.0,0.0,0.0115560480332153,0.0,0.0,0.0,0.012626674834797,0.0123789423551485,0.0,0.0,GPAB6643,GPAB6643.JPG,2024-10-04 01:28:19.997,2024-10-04 13:28:19.997,7.16942434178,171.13700360692002,792480.4641821734,515126.679561913,-1.9996719177562496,31.258728340820312,-0.1526671666666668,0.9536000906432018,0.25199674299003494,0.012211866961897244,0.034188042394900975,0.7016033476531668,0.8445025807365073,0.9828921172988969,0.931715345940672
data/train\GPAB6646_jpg.rf.49fc6a67b97d38d25bea008e6f33d9f7.jpg,0.9702787399291992,0.306694730211648,0.2995037668779754,0.1872271822062785,0.1910939213362958,0.0,0.0,0.2610793070404034,0.2584185833927059,0.0,0.0,0.0,0.0,0.0185895380077315,0.0138048444182415,0.0,0.0,0.0273273890340929,0.0272803390670279,0.0,0.0,0.0,0.0,0.0742822959615765,0.06732466205641,0.0,0.0,0.0,0.0,0.0185895380077315,0.0138048444182415,0.0,0.0,0.0273273890340929,0.0272803390670279,0.0,0.0,GPAB6646,GPAB6646.JPG,2024-10-04 01:28:26.000,2024-10-04 13:28:26.000,7.169412688,171.136933902,792479.1735880836,515118.9837550301,-1.860344012859244,31.271611328125,-0.1516666666666667,0.9700752607432358,0.2881368789164296,0.011366887961545835,0.01855785129521842,0.6819383818268061,0.9059152769559595,0.9836047864384244,0.9615477956224231
data/train\GPAB6647_jpg.rf.ed1c984301bcc115058546f7d8048b07.jpg,0.9627141952514648,0.1740493506144341,0.1584969359909203,0.1285213059534531,0.1065086427908888,0.0199453452219318,0.0245898491136362,0.134163461187618,0.1167588141871974,0.0,0.0,0.0,0.0,0.0023534585566606,0.0014835142676624,0.0,0.0,0.0176245335811938,0.0156647584224242,0.0,0.0,0.0,0.0083873767818974,0.0320352663508237,0.0325720200567288,0.0,0.0,0.0,0.0,0.0008219341185236,0.0,0.0,0.0,0.0127082921246036,0.0110288963614052,0.0,0.0,GPAB6647,GPAB6647.JPG,2024-10-04 01:28:28.000,2024-10-04 13:28:28.000,7.169411472,171.136916949,792479.0386038743,515117.1119970958,-1.7071759994768791,31.271611328125,-0.1513333333333335,0.962458927299159,0.1475026069522567,0.010994329038663597,0.026546743662177408,0.8149563203469024,0.7971231831791313,0.9866888789943534,0.9170823231248337
data/train\GPAB6648_jpg.rf.c56ce6da35aa5d7bf1816fcefeee13f5.jpg,0.974543571472168,0.5426426334154627,0.5456663139519475,0.0913835186845981,0.0760490702350386,0.0,0.0,0.1513213359117995,0.1553445881975637,0.0,0.0,0.0,0.0,0.0007777647616871,0.0010984727004568,0.0095693871789799,0.0077498017179959,0.019675528063865,0.0197926728798228,0.3612995777025405,0.3616807784561081,0.0,0.0,0.0818006886578852,0.0997449699744393,0.0,0.0,0.0,0.0,0.0,0.0,0.0,0.0,0.0081598085738482,0.0081914952863614,0.3612995777025405,0.3616807784561081,GPAB6648,GPAB6648.JPG,2024-10-04 01:28:30.000,2024-10-04 13:28:30.000,7.169404414,171.136891354,792478.257515874,515114.2862596791,-1.6583315514627772,31.271611328125,-0.1510000000000001,0.9743692903904764,0.5313391188789431,0.014327195073004395,0.011303514536519566,0.4430301715115329,0.9539818706534212,0.9686739601900428,0.9739217327107772
data/train\GPAB6649_jpg.rf.47c706dd93e009a16e5bedc5215042d9.jpg,0.9191904067993164,0.4029656842505516,0.3793283569191297,0.2242593471000896,0.2628710466025122,0.0234904162097698,0.0131749509816159,0.3486220120870405,0.3399984252664084,0.0,0.0,0.0,0.0028124357863969,0.0090643201855881,0.0019434517008082,0.0,0.0,0.0217889357681531,0.0213990931839,0.0,0.0,0.0,0.0086888806524774,0.1593707210935564,0.0835569006938429,0.0,0.0,0.0,0.0028124357863969,0.0,0.0,0.0,0.0,0.0193615415489617,0.0213990931839,0.0,0.0,GPAB6649,GPAB6649.JPG,2024-10-04 01:28:32.000,2024-10-04 13:28:32.000,7.16939763,171.136865104,792477.5066965263,515111.3881939303,-1.670838908403124,31.271611328125,-0.1506666666666667,0.9186371640968423,0.35046560263326176,0.02886275428586793,0.05250008161728986,0.5681715614635805,0.8115852763682775,0.9516564567153281,0.9106861037684063
data/train\GPAB6650_jpg.rf.d42500ecead8b3cfa4dd6cdbd03046bd.jpg,0.9448204040527344,0.4382954084993365,0.3968741538207453,0.2755150050986801,0.0690223016843888,0.0,0.0,0.3878770478738216,0.3680757331633133,0.0,0.0,0.0,0.0,0.0337905181833719,0.0183005167814749,0.0,0.0,0.0167238627830919,0.010497903875957,0.0,0.0,0.0,0.0,0.1167031223894469,0.2990534314789245,0.0,0.0,0.0,0.0,0.0305171847604196,0.0183005167814749,0.0,0.0,0.0167238627830919,0.010497903875957,0.0,0.0,GPAB6650,GPAB6650.JPG,2024-10-04 01:28:34.000,2024-10-04 13:28:34.000,7.169395518,171.136846199,792477.2725976658,515109.3009431248,-1.6488130954096194,31.271611328125,-0.1503333333333334,0.9444426307268932,0.3898060965234875,0.00706805729725779,0.04848931197584899,0.5546365342034058,0.8752538689411024,0.9874167713702062,0.938392597479758
data/train\GPAB6651_jpg.rf.b6a9a159f89e82d53644c3a73ebaa154.jpg,0.9106903076171876,0.4146187128281255,0.3548114832646147,0.2949005517328791,0.2259589071348874,0.0012981950096308,0.0084641930546566,0.3539905093495006,0.3137483844577635,0.0,0.0,0.0,0.0,0.0044947121598239,0.0,0.0,0.0,0.0011349604300174,0.0022247912997889,0.0543244680953213,0.0303741144524055,0.0,0.0,0.0603891128296618,0.0962536703775327,0.0,0.0,0.0,0.0,0.0044947121598239,0.0,0.0,0.0,0.0011349604300174,0.0022247912997889,0.0543244680953213,0.0303741144524055,GPAB6651,GPAB6651.JPG,2024-10-04 01:28:36.000,2024-10-04 13:28:36.000,7.169392521,171.136827706,792476.9406777832,515107.2592108031,-1.6215006189221757,31.271611328125,-0.1500000000000001,0.9100788711080556,0.339754533600398,0.015056949664216723,0.07486417922772753,0.5703243375076577,0.7907232437360893,0.9742783891556207,0.8968584415492302
data/train\GPAB6652_jpg.rf.3746e0c1af503c85d382a9d829f4713a.jpg,0.9419441223144532,0.4434152130787386,0.421574426326473,0.312466512906094,0.272618071412248,0.0,0.0,0.3918945389391288,0.3982846926292865,0.0021806219429523,0.0025551012726535,0.011780735631036,0.0141764431377142,0.0157348532713169,0.0065581892868185,0.0,0.0,0.0218244632943042,0.0,0.0,0.0,0.0,0.0,0.0950226896065662,0.1274660424064233,0.0021806219429523,0.0025551012726535,0.011780735631036,0.0141764431377142,0.014348319548013,0.0047587680974337,0.0,0.0,0.008674477601335,0.0,0.0,0.0,GPAB6652,GPAB6652.JPG,2024-10-04 01:28:38.000,2024-10-04 13:28:38.000,7.169385318,171.136800788,792476.1435174012,515104.28740411816,-1.8328344906516505,31.271611328125,-0.1496666666666667,0.9415466572438707,0.40326814832454105,0.018306278001931964,0.04014706475419755,0.5382785089193295,0.8734012951848569,0.9671096328320563,0.9382845329773446
data/train\GPAB6653_jpg.rf.6462868b079303442dc200bdaa83cf5b.jpg,0.9657726287841796,0.2844314539592067,0.2574170912366075,0.2021295391215675,0.2344317420202295,0.0104191671963788,0.0108022883567654,0.2439147108923554,0.2277333630356254,0.0,0.0,0.0,0.0,0.0080791514874511,0.0,0.0,0.0,0.0222363905569755,0.0188814398442166,0.0,0.0,0.0,0.0,0.0813570746827007,0.0216420246465011,0.0,0.0,0.0,0.0,0.0,0.0,0.0,0.0,0.0010091737833742,0.0013433245698768,0.0,0.0,GPAB6653,GPAB6653.JPG,2024-10-04 01:28:40.000,2024-10-04 13:28:40.000,7.169379527,171.136773289,792475.5024313562,515101.2514020337,-1.7210257124804236,31.271611328125,-0.1493333333333334,0.9655382996333942,0.25369342241460413,0.0037236688220033676,0.030738031544602584,0.7118448772187899,0.8804057341268511,0.9947962094720257,0.9433639409388348
data/train\GPAB6654_jpg.rf.c041357eb333cbca4f87f2517eb356e9.jpg,0.954411506652832,0.5228778064345151,0.5295541007407009,0.0789815314476218,0.1556864206113423,0.3157542493801887,0.3317454769618396,0.178843646238019,0.1821217806780188,0.0,0.0,0.0,0.0,0.0043084326983828,0.0,0.0029631877216869,0.0,0.0069134645483299,0.0022881647248153,0.0141149901195069,0.0133986783760271,0.3157542493801887,0.3317454769618396,0.1031440900440349,0.0264353600666765,0.0,0.0,0.0,0.0,0.0043084326983828,0.0,0.0029631877216869,0.0,0.0069134645483299,0.0022881647248153,0.0141149901195069,0.0133986783760271,GPAB6654,GPAB6654.JPG,2024-10-04 01:28:42.000,2024-10-04 13:28:42.000,7.16937377,171.136746127,792474.8651151975,515098.2526072738,-1.8815804031126968,31.271611328125,-0.1490000000000001,0.9540993964161368,0.5032656517956764,0.026288448945024467,0.019612154638838697,0.45083374462046044,0.9164176547006874,0.9449020621980009,0.9536969795811389
data/train\GPAB6655_jpg.rf.fb96f38ea0bf68f9bcb15a2ea4533c20.jpg,0.9897575378417968,0.0740873746694499,0.0815385531270944,0.0080705096567656,0.0108800648329342,0.0080705096567656,0.0095837902301223,0.0599819865840379,0.0642596927733171,0.0,0.0,0.0,0.0,0.0,0.0012962746028118,0.0,0.0,0.0060348784286463,0.0063987955208431,0.0,0.0,0.0,0.0,0.0599819865840379,0.0642596927733171,0.0,0.0,0.0,0.0,0.0,0.0,0.0,0.0,0.0060348784286463,0.0063987955208431,0.0,0.0,GPAB6655,GPAB6655.JPG,2024-10-04 01:28:44.000,2024-10-04 13:28:44.000,7.16936744,171.13672111,792474.164525948,515095.4906629634,-1.7501634940298545,31.271611328125,-0.1486666666666668,0.9896874153820744,0.07265667158930933,0.008881881537785075,0.0014307030801405662,0.917030743792765,0.8757059531524838,0.9904074301453506,0.9855482030065248
data/train\GPAB6656_jpg.rf.5d4becc71a2154b3949645d8d64ed72e.jpg,0.9300804138183594,0.451320567749072,0.4597453924639396,0.3514968610950544,0.1878945235758743,0.0434107961430549,0.0,0.3767751760532951,0.4228313325894957,0.0,0.0,0.0,0.0,0.0,0.0,0.0,0.0,0.0314284177960259,0.0369140598744438,0.0,0.0,0.0271084626567292,0.0,0.0417726891264645,0.2349368090136214,0.0,0.0,0.0,0.0,0.0,0.0,0.0,0.0,0.0314284177960259,0.0369140598744438,0.0,0.0,GPAB6656,GPAB6656.JPG,2024-10-04 01:28:46.000,2024-10-04 13:28:46.000,7.169364156,171.136693708,792473.8005865643,515092.4652880094,-1.8482284700818783,31.271611328125,-0.1483333333333334,0.9296017268298117,0.4203338435214117,0.03941154894252791,0.0309867242276603,0.5092678833084001,0.8565443940274446,0.9281701725525884,0.9297561342608739
data/train\GPAB6657_jpg.rf.8e09ed048fbf8afdda873ac2b2f11aff.jpg,0.9787836074829102,0.4307578117348379,0.4351027321627813,0.107425637046952,0.1076464838311347,0.0199539870526172,0.0197494637263958,0.144220631698619,0.1358246130860361,0.0,0.0,0.0,0.0,0.0167891566149373,0.0166095985773626,0.0,0.0,0.0070642164836198,0.007542397781546,0.2427941535134803,0.2553766589914407,0.0199539870526172,0.0,0.0437391857091006,0.0529273721345129,0.0,0.0,0.0,0.0,0.0098142390484,0.0116098194241468,0.0,0.0,0.0070642164836198,0.007542397781546,0.2427941535134803,0.2553766589914407,GPAB6657,GPAB6657.JPG,2024-10-04 01:28:48.000,2024-10-04 13:28:48.000,7.169360176,171.136669234,792473.3598024391,515089.7632194224,-1.722593913853632,31.271611328125,-0.1480000000000001,0.97863835474907,0.42224944932334463,0.012853282839436653,0.008508362411493275,0.5563889054257255,0.9518460076580584,0.9774203614833809,0.9788341411439097
data/train\GPAB6658_jpg.rf.f6047019a05b50a74f0bc478b9487e2e.jpg,0.9880943298339844,0.1225546019668806,0.1141393792861079,0.0309531171083282,0.0846073632238253,0.0212886697918086,0.0,0.0819773660852315,0.105649260739395,0.0,0.0,0.0,0.0,0.0053656166522316,0.0,0.0,0.0,0.0139229494376088,0.0084901185467129,0.0,0.0,0.0212886697918086,0.0,0.0670663673392571,0.0295320160622826,0.0,0.0,0.0,0.0,0.0,0.0,0.0,0.0,0.0032464477274865,0.0,0.0,0.0,GPAB6658,GPAB6658.JPG,2024-10-04 01:28:50.000,2024-10-04 13:28:50.000,7.169352921,171.136642627,792472.5569048367,515086.8257518125,-1.7350617072712096,31.271611328125,-0.1476666666666668,0.9880128206359235,0.112353400944456,0.0017859783416518948,0.010201201022424597,0.8756594196914675,0.9035939889106829,0.997964570393035,0.9573632808559812
data/train\GPAB6659_jpg.rf.709b4d7ed4800dd29cbf1c81b90dd9e0.jpg,0.9886589050292968,0.0470701313366223,0.04976830291729,0.0147976947436544,0.0114878735911415,0.0071928837404915,0.0052398300055883,0.0202554909231971,0.020813369104111,0.0,0.0,0.0,0.0,0.0021594974679436,0.0011560849050262,0.0,0.0,0.0174622592049899,0.0225590189025643,0.0,0.0,0.0056440756409837,0.0052398300055883,0.009166101746994,0.0104815804179957,0.0,0.0,0.0,0.0,0.0,0.0,0.0,0.0,0.0174622592049899,0.0225590189025643,0.0,0.0,GPAB6659,GPAB6659.JPG,2024-10-04 01:28:52.000,2024-10-04 13:28:52.000,7.169348461,171.136615332,792472.0629654609,515083.8122293788,-1.7988772642900015,31.271611328125,-0.1473333333333334,0.9885812610543416,0.04270984765412689,0.0070584552631631145,0.004360283682495414,0.9458714134002146,0.78904420634357,0.9925928911504647,0.9499795609747537
data/train\GPAB6660_jpg.rf.31b6a04bb3b33417f99359b150249ea1.jpg,0.9712181091308594,0.1260833494967574,0.1074784482344739,0.011385131826326,0.0281541241696641,0.0,0.0,0.1176950125114504,0.1003326144610474,0.0057477776092087,0.0,0.0,0.0,0.0,0.0,0.0,0.0,0.0026405593760982,0.0,0.0,0.0071458337734265,0.0,0.0,0.1082350885211523,0.0721784902913833,0.0057477776092087,0.0,0.0,0.0,0.0,0.0,0.0,0.0,0.0008776259162741,0.0,0.0,0.0071458337734265,GPAB6660,GPAB6660.JPG,2024-10-04 01:28:54.000,2024-10-04 13:28:54.000,7.169344265,171.13658899,792471.5982421486,515080.9039199201,-1.835024762361084,31.267321289062497,-0.1470000000000001,0.9710210611015837,0.10229142941640756,0.0051870188180663385,0.023791920080349832,0.8687296316851763,0.7792423433374055,0.9940646298304542,0.9026823465200675
data/train\GPAB6661_jpg.rf.3c4167a579d558a7483fe8be14f117da.jpg,0.6335296630859375,0.474256946591566,0.1145205800396756,0.4322576494604617,0.0840802115520151,0.3734231059507646,0.0339047823891013,0.0910820148140182,0.0743312663354605,0.0,0.0,0.0,0.0,0.0,0.0,0.0033415078650261,0.0,0.006410317961757,0.0062845313151137,0.0,0.0,0.0,0.0018618344110016,0.0329647432512103,0.0234702519381705,0.0,0.0,0.0,0.0,0.0,0.0,0.0033415078650261,0.0,0.006410317961757,0.0051082821384882,0.0,0.0,GPAB6661,GPAB6661.JPG,2024-10-04 01:28:56.000,2024-10-04 13:28:56.000,7.16933892,171.136562202,792471.0064851146,515077.9464048741,-1.807229854026208,31.2587412109375,-0.1466666666666667,0.6310207154283564,0.10989912102979893,0.004621459009876677,0.36435782556176705,0.5211215943985573,0.2294927475206826,0.9912096622486681,0.6114693659715642
data/train\GPAB6662_jpg.rf.2108d9d531e28867ea4da578a80bbdb8.jpg,0.9878654479980468,0.1177055747489548,0.1146021973294822,0.0631564190558127,0.0068798574289977,0.0067588717994019,0.0061731477196129,0.096373695803719,0.0965494130276557,0.0,0.0,0.0,0.0,0.0,0.0,0.0009746064606326,0.0,0.0135984006852011,0.0118796365822135,0.0,0.0,0.0058802856797183,0.0061731477196129,0.0341755597505775,0.089669555598658,0.0,0.0,0.0,0.0,0.0,0.0,0.0009746064606326,0.0,0.0135984006852011,0.0118796365822135,0.0,0.0,GPAB6662,GPAB6662.JPG,2024-10-04 01:28:58.000,2024-10-04 13:28:58.000,7.169332731,171.13653283,792470.3213411965,515074.70361538697,-1.7130486748906493,31.2501611328125,-0.1463333333333334,0.9877823718176457,0.11004507194804136,0.0045571253814408325,0.007660502800913432,0.8777372998696044,0.9000706824785979,0.9948349153626986,0.9648765061705482
data/train\GPAB6663_jpg.rf.86f74cdd128bbd44c7c2229648721c5d.jpg,0.9796380996704102,0.1916950086706368,0.1936701470839582,0.0633206138388356,0.0841762318929642,0.0,0.0,0.1717304593805151,0.1788186809493723,0.0,0.0,0.0,0.0,0.0017533314257292,0.0097153380972225,0.0096846115881188,0.0,0.0085266062762735,0.0051361280373634,0.0,0.0,0.0,0.0,0.1247198606552812,0.1043577871536306,0.0,0.0,0.0,0.0,0.0017533314257292,0.0,0.0,0.0,0.0041845664585585,0.0051361280373634,0.0,0.0,GPAB6663,GPAB6663.JPG,2024-10-04 01:29:00.000,2024-10-04 13:29:00.000,7.169326641,171.136505063,792469.6471943948,515071.63803228026,-1.8487729341234416,31.2415810546875,-0.1460000000000001,0.9794986970039733,0.18243192637928407,0.011238220704674118,0.009263082291352726,0.7970667706246891,0.898975130592777,0.9860965590646776,0.9688872897507316
data/train\GPAB6664_jpg.rf.c6ef7a66d43f9061b3dfc2c5107657e0.jpg,0.8523616790771484,0.3128141065403295,0.2615085179644456,0.1402185038878636,0.0552885123184495,0.0,0.0,0.2372326553657126,0.24302076151812,0.0,0.0,0.0,0.0,0.0753874900858998,0.0184877564463255,0.0,0.0,0.000237170242144,0.0,0.0,0.0,0.0,0.0,0.1554444493521507,0.2004453423413215,0.0,0.0,0.0,0.0,0.0177762457198933,0.0057746633046744,0.0,0.0,0.000237170242144,0.0,0.0,0.0,GPAB6664,GPAB6664.JPG,2024-10-04 01:29:02.000,2024-10-04 13:29:02.000,7.169321373,171.136478481,792469.0639568346,515068.7032591689,-2.03809107328962,31.233000976562504,-0.1457333333333334,0.8513509101768119,0.2128367673407935,0.04867175062365209,0.099977339199536,0.6385141428360184,0.5887831103838841,0.9291723664777055,0.8047830651741525
data/train\GPAB6665_jpg.rf.1b65939da5c873cbe5254fc52cc442d4.jpg,0.97052001953125,0.1917036505013222,0.2010541113029384,0.0160488397862203,0.0,0.0,0.0,0.1782127925979839,0.1762434154051194,0.0,0.0,0.0,0.0,0.0134908579033382,0.0248106958978189,0.0,0.0,0.0,0.0,0.0,0.0,0.0,0.0,0.1621639528117636,0.1762434154051194,0.0,0.0,0.0,0.0,0.0134908579033382,0.0248106958978189,0.0,0.0,0.0,0.0,0.0,0.0,GPAB6665,GPAB6665.JPG,2024-10-04 01:29:04.000,2024-10-04 13:29:04.000,7.169316994,171.136450482,792468.5789498037,515065.6120043328,-1.6973860159705518,31.237291015625004,-0.1454666666666668,0.9703181922058369,0.1815379770050488,0.019516134297889592,0.010165673496273397,0.7887802152007882,0.8594743015083608,0.9758552240029367,0.9614135798750867
data/train\GPAB6666_jpg.rf.4c4e1b29088fb6b155dc41c398781370.jpg,0.9330291748046876,0.1887395025762257,0.1276283167826272,0.0744215254559525,0.0544502547419645,0.0070766991279432,0.0071563960109309,0.138156947167688,0.0841147788747568,0.0397130528131079,0.0178607436199284,0.0,0.0,0.0039982869971174,0.0,0.0,0.0,0.0,0.018496398277011,0.0,0.0,0.0070766991279432,0.0071563960109309,0.0637421431356018,0.0296645241327922,0.0397130528131079,0.0178607436199284,0.0,0.0,0.0039982869971174,0.0,0.0,0.0,0.0,0.018496398277011,0.0,0.0,GPAB6666,GPAB6666.JPG,2024-10-04 01:29:06.000,2024-10-04 13:29:06.000,7.169308918,171.136425875,792467.6853596184,515062.89538514696,-1.745175249458583,31.254451171875004,-0.1452000000000001,0.9325706757719556,0.12446924756540434,0.003159069217222865,0.06427025501082137,0.8081014282065514,0.6486199787843012,0.9961059743112666,0.8277911868076517
data/train\GPAB6667_jpg.rf.2a5460ac13ba5fc91010686eb1f3313c.jpg,0.8604612350463867,0.3084883901805758,0.2852927564175195,0.0750446974687117,0.0182073770507544,0.0229891900300159,0.024362280905587,0.2697605060656049,0.235171098645537,0.0,0.003298298711599,0.0,0.0,0.0,0.0,0.0,0.0,0.0054347512977149,0.0127831879905439,0.0104201273997883,0.0096778901642523,0.0229891900300159,0.024362280905587,0.200546163699318,0.222107531259422,0.0,0.003298298711599,0.0,0.0,0.0,0.0,0.0,0.0,0.0054347512977149,0.0076393783259045,0.0104201273997883,0.0096778901642523,GPAB6667,GPAB6667.JPG,2024-10-04 01:29:08.000,2024-10-04 13:29:08.000,7.169304405,171.136396833,792467.1855053433,515059.68897586135,-2.1451059800927315,31.271611328125005,-0.1449333333333334,0.8595059177336127,0.22664353216585398,0.05864922425166552,0.0818448580147218,0.6328623855677588,0.6173258289438581,0.9151869275673034,0.8249387827325863
data/train\GPAB6668_jpg.rf.8a52d79d063cb9a4eb650e20d0cde86a.jpg,0.9779129028320312,0.0906047937195015,0.0903282551375683,0.066582424820874,0.0742640520967961,0.0,0.0,0.0877798752887811,0.0876790539307846,0.0,0.0,0.0,0.0,0.0,0.0,0.0,0.0,0.0028249184307203,0.0026492012067836,0.0,0.0,0.0,0.0,0.0212243361633728,0.0134150018339885,0.0,0.0,0.0,0.0,0.0,0.0,0.0,0.0,0.0028249184307203,0.0026492012067836,0.0,0.0,GPAB6668,GPAB6668.JPG,2024-10-04 01:29:10.000,2024-10-04 13:29:10.000,7.169299547,171.136370858,792466.6476129234,515056.8212085205,-2.0173846455390065,31.288771484375005,-0.1446666666666668,0.9777616890362054,0.07934736894663763,0.01098088619093067,0.011257424772863872,0.8984143200895679,0.7810881318764418,0.987925066994972,0.9318387522342388
data/train\GPAB6669_jpg.rf.321fecc390e5ecce908b5f9958f266ec.jpg,0.9730472564697266,0.1689958000702869,0.1737353640995308,0.0497654223070615,0.0349878918350063,0.0,0.0,0.0542457314157431,0.0511077866735289,0.0,0.0,0.0,0.0,0.0437142204204538,0.0535611063847765,0.0,0.0,0.0043285969699821,0.0,0.0667072512641077,0.0690664710412253,0.0,0.0,0.0295454589100154,0.0161198948385225,0.0,0.0,0.0,0.0,0.0437142204204538,0.0535611063847765,0.0,0.0,0.0,0.0,0.0461752217589774,0.0690664710412253,GPAB6669,GPAB6669.JPG,2024-10-04 01:29:12.000,2024-10-04 13:29:12.000,7.169295013,171.136342698,792466.1454664543,515053.7121823484,-1.892686739762868,31.305931640625005,-0.1444000000000001,0.9728627312409861,0.15779694770540187,0.015938416394128935,0.01119885236488502,0.8150657835355841,0.8532598819308509,0.9808202938138254,0.9572766241796398
data/train\GPAB6670_jpg.rf.5e7d6bc2eaca9c5c6f30031c970d577c.jpg,0.9815492630004884,0.0445793636924045,0.0340353700527919,0.004481269312091,0.0,0.0,0.0,0.0101522306485405,0.024957607019471,0.0,0.0,0.0,0.0,0.0046310610439715,0.001617942744991,0.0,0.0,0.0048643904724776,0.0074598202883298,0.0249316815274147,0.0,0.0,0.0,0.0061433814139187,0.024957607019471,0.0,0.0,0.0,0.0,0.0041749644244636,0.001617942744991,0.0,0.0,0.0048643904724776,0.0074598202883298,0.0249316815274147,0.0,GPAB6670,GPAB6670.JPG,2024-10-04 01:29:14.000,2024-10-04 13:29:14.000,7.169292674,171.136313448,792465.8859365169,515050.48273603263,-1.7696344102151915,31.314511718750005,-0.1441333333333334,0.981422944636592,0.03001883919089421,0.004016530861897689,0.01456052450151029,0.9514041054456979,0.6177237700059304,0.9957960601757354,0.8345878872830352
data/train\GPAB6671_jpg.rf.8823d517f81d5155714d6730facb6945.jpg,0.9914016723632812,0.1237855827378471,0.1236242685650528,0.0653725685249163,0.064508385456375,0.0,0.0,0.0823883331444933,0.0818323753703984,0.0,0.0,0.0,0.0,0.0211283158224238,0.0210121312098755,0.0,0.0,0.0202718143811585,0.0207797619847788,0.0,0.0,0.0,0.0,0.017015764619577,0.0173239899140233,0.0,0.0,0.0,0.0,0.0211283158224238,0.0210121312098755,0.0,0.0,0.0202718143811585,0.0207797619847788,0.0,0.0,GPAB6671,GPAB6671.JPG,2024-10-04 01:29:16.000,2024-10-04 13:29:16.000,7.169283904,171.136286467,792464.9155492777,515047.5040233961,-1.7166508813415786,31.314511718750005,-0.1438666666666668,0.9913428060600358,0.11937632868146786,0.0042479398835849475,0.004409254056379236,0.8719664773785679,0.932383380830959,0.9951519402101848,0.9797659232528788
data/train\GPAB6672_jpg.rf.cfd673b99f828cebf1bf4d7528ea8aff.jpg,0.989333152770996,0.1169767803611517,0.1194992347178826,0.0,0.0059138927990505,0.0,0.0,0.1000935238120843,0.1058883513883581,0.0,0.0,0.0,0.0,0.0140266514058338,0.0136108833295245,0.002117248517926,0.0,0.0007393566253075,0.0,0.0,0.0,0.0,0.0,0.1000935238120843,0.1058883513883581,0.0,0.0,0.0,0.0,0.0140266514058338,0.0076969905304739,0.002117248517926,0.0,0.0007393566253075,0.0,0.0,0.0,GPAB6672,GPAB6672.JPG,2024-10-04 01:29:18.000,2024-10-04 13:29:18.000,7.169275155,171.136258655,792463.9474564865,515044.4335583781,-1.6778507588912617,31.314511718750005,-0.1436000000000001,0.9892601248648513,0.11286806997194287,0.006631164745939722,0.0041087103892088195,0.8763920548929086,0.9131133914907837,0.9924903846258405,0.9786831155634848
data/train\GPAB6673_jpg.rf.cd25a2f71375986cca89454d261f329d.jpg,0.9542398452758788,0.1275198137973548,0.1018564572719084,0.0,0.0,0.0551300787558836,0.044934638953916,0.0723897350414711,0.0547546392227729,0.0,0.0,0.0,0.0,0.0,0.0,0.0,0.0,0.0,0.0021671790952195,0.0,0.0,0.0551300787558836,0.044934638953916,0.0723897350414711,0.0547546392227729,0.0,0.0,0.0,0.0,0.0,0.0,0.0,0.0,0.0,0.0021671790952195,0.0,0.0,GPAB6673,GPAB6673.JPG,2024-10-04 01:29:20.000,2024-10-04 13:29:20.000,7.169270139,171.136232473,792463.3920916267,515041.5429408045,-1.6390506364409452,31.314511718750005,-0.1433333333333334,0.9539265598024285,0.09165141543584587,0.010205041836062523,0.03586839836150893,0.8622751443665827,0.6654675005054623,0.9883034113582813,0.8535131755033187
data/train\GPAB6674_jpg.rf.20c047131d1c05472033eea3285c7c80.jpg,0.988581657409668,0.0881639566525772,0.0791985374181666,0.0022411147577502,0.0,0.0,0.0,0.0623277635134226,0.0586357814039326,0.010942478054551,0.0083652921034792,0.0,0.0,0.0,0.0,0.0,0.0,0.014894675288013,0.0121974639107548,0.0,0.0,0.0,0.0,0.0623277635134226,0.0586357814039326,0.010942478054551,0.0083652921034792,0.0,0.0,0.0,0.0,0.0,0.0,0.0126535605302627,0.0121974639107548,0.0,0.0,GPAB6674,GPAB6674.JPG,2024-10-04 01:29:22.000,2024-10-04 13:29:22.000,7.169265686,171.136202893,792462.8988539486,515038.2771279485,-1.918966363003621,31.314511718750005,-0.1430666666666668,0.988503484578173,0.07793298932445836,0.0012655480937082408,0.010230967328118845,0.9105704952537146,0.8714460573784559,0.9986120881018672,0.9412836519273844
data/train\GPAB6675_jpg.rf.4f04c89d08e730b52a36b57e46d13726.jpg,0.8620071411132812,0.2515272035227943,0.1223721633190775,0.1174136729124697,0.0683952888579916,0.0,0.0,0.1030682339746852,0.09371585276625,0.0,0.0,0.0,0.0,0.144420354007793,0.0286563105528275,0.0,0.0,0.0041000685585234,0.0,0.0,0.0,0.0,0.0,0.0973723073495889,0.0253205639082583,0.0,0.0,0.0,0.0,0.0338750160834071,0.0286563105528275,0.0,0.0,0.0041000685585234,0.0,0.0,0.0,GPAB6675,GPAB6675.JPG,2024-10-04 01:29:24.000,2024-10-04 13:29:24.000,7.169259636,171.136174611,792462.2291144083,515035.1546809448,-1.9256653027499864,31.314511718750005,-0.1428000000000001,0.8610624074603964,0.11748088715113414,0.0048912761679433675,0.13404631637166015,0.7435815203092624,0.45816076630992436,0.9934649913918517,0.7302676471740593
data/train\GPAB6676_jpg.rf.62dd073dcce1a1a6cf857a62a9f0e112.jpg,0.9718465805053712,0.2483114823044113,0.2384703575605456,0.1104473971766178,0.1069580179865302,0.0,0.0,0.1231921770307822,0.1134134655085333,0.0,0.0,0.0,0.0,0.0037543953311069,0.0038120075356763,0.1074304380639994,0.1069580179865302,0.0139805616421782,0.0142868665298056,0.0,0.0,0.0,0.0,0.1201732975113448,0.1134134655085333,0.0,0.0,0.0,0.0,0.0037543953311069,0.0038120075356763,0.0,0.0,0.0139805616421782,0.0142868665298056,0.0,0.0,GPAB6676,GPAB6676.JPG,2024-10-04 01:29:26.000,2024-10-04 13:29:26.000,7.169253828,171.136146158,792461.5861219944,515032.013345638,-1.946981789004203,31.314511718750005,-0.1425333333333334,0.971653835148438,0.22921783750669744,0.009252520053848162,0.01909364479771386,0.7424359976417406,0.8899451608453659,0.9876910185056264,0.9553985461472037
data/train\GPAB6677_jpg.rf.fe0934180b433aa2bdd28762cc4c938e.jpg,0.8665390014648438,0.4725612273704061,0.3611142584445089,0.1117350299487443,0.0822500638535267,0.0357771790376073,0.028206935357186,0.4156653345444699,0.3046110888130541,0.011040418802319,0.0111882901273805,5.665200115992572e-05,0.0,0.0,0.0021690995020385,0.0,0.0010879104629524,0.0100821357996477,0.013850934181897,0.0,0.0,0.0,0.0157530971360973,0.3403661831722432,0.2509885294100702,0.011040418802319,0.0,5.665200115992572e-05,0.0,0.0,0.0021690995020385,0.0,0.0010879104629524,0.0100821357996477,0.0088655580798236,0.0,0.0,GPAB6677,GPAB6677.JPG,2024-10-04 01:29:28.000,2024-10-04 13:29:28.000,7.169248465,171.136124449,792460.9925442482,515029.61660783255,-1.9682982752584204,31.314511718750005,-0.1422666666666668,0.8656252940622942,0.34965038993860453,0.011463868505904362,0.12291083743180159,0.5159749041236896,0.7223807048797227,0.9782650250592118,0.8590849860791754
data/train\GPAB6678_jpg.rf.4fa0cceb63bfe1804bdd651c2a3fef64.jpg,0.9422817230224608,0.2096815389372084,0.1862909838820255,0.0284316229550067,0.0959147185739827,0.0082539085079783,0.0038801819777501,0.1864273327661731,0.1723094620364378,0.0,0.0,0.0,0.0011666471425306,0.0,0.007146793976836,0.0,0.0017878987484708,0.0152269056676966,0.0,0.0,0.0,0.0082539085079783,0.0038801819777501,0.1579957098111664,0.0813926022088519,0.0,0.0,0.0,0.0011666471425306,0.0,0.0021489352304392,0.0,0.0017878987484708,0.0152269056676966,0.0,0.0,0.0,GPAB6678,GPAB6678.JPG,2024-10-04 01:29:30.000,2024-10-04 13:29:30.000,7.169246621,171.136106414,792460.788104023,515027.62540487305,-1.9896147615126376,31.314511718750005,-0.1420000000000001,0.94188656925083,0.16892954603503196,0.017361437846993538,0.04075199290217643,0.7729570232157981,0.7440421563693416,0.9780323518905955,0.8918402559555554
data/train\GPAB6679_jpg.rf.56d98813e84f509e5216b1ab208b9c4d.jpg,0.983952522277832,0.1762174899130631,0.1726945036036433,0.1352379288028375,0.0359961054149711,0.0,0.0,0.1575146479030117,0.1607130854600238,0.0,0.0,0.0,0.0,0.0130376418940588,0.0059474999183827,0.0,0.0,0.0057487378126182,0.0060339182252368,0.0,0.0,0.0,0.0,0.0297691863044267,0.1306644799634354,0.0,0.0,0.0,0.0,0.0055451746898062,0.0,0.0,0.0,0.0057487378126182,0.0060339182252368,0.0,0.0,GPAB6679,GPAB6679.JPG,2024-10-04 01:29:32.000,2024-10-04 13:29:32.000,7.16924275,171.13608002,792460.3593102391,515024.7113422863,-1.953484708526,31.314511718750005,-0.1417333333333334,0.9838426572285073,0.16637732537260685,0.006317178231036447,0.009840164540456248,0.8174653318559004,0.9114834297738031,0.9923314975085235,0.9682452382949682
data/train\GPAB6680_jpg.rf.8ffe46388f899aa283fc4a3f321cec09.jpg,0.8304729461669922,0.2458005503885943,0.0810181228791507,0.1901548424018144,0.0369409455699095,0.0,0.0,0.2284314309143248,0.0784678226235445,0.0,0.0,0.0,0.0,0.0,0.0025503002556061,0.0,0.0,0.0173691194742694,0.0,0.0,0.0,0.0,0.0,0.0382881109534243,0.041526877053635,0.0,0.0,0.0,0.0,0.0,0.0025503002556061,0.0,0.0,0.0173691194742694,0.0,0.0,0.0,GPAB6680,GPAB6680.JPG,2024-10-04 01:29:34.000,2024-10-04 13:29:34.000,7.169237045,171.136054161,792459.7277897578,515021.8564096563,-1.8008656237559215,31.318801757812505,-0.1414666666666668,0.8293123215221913,0.07806549739496815,0.0029526254841825417,0.16773505299362615,0.7512468241272232,0.31382713857247085,0.9960850866628134,0.6568410026341865
data/train\GPAB6681_jpg.rf.0f833ea68a8c1dffcb4c3f6adea2c72d.jpg,0.9787654876708984,0.2642057293417037,0.2832868914950943,0.0075375967644985,0.231673077624764,0.0,0.0,0.2387862644822679,0.2472811840460283,0.0,0.0,0.0,0.0,0.0,0.0,0.0,0.0,0.02544923116513,0.0260483980926519,0.0,0.009957309356414,0.0,0.0,0.2315117634519696,0.0156081064212642,0.0,0.0,0.0,0.0,0.0,0.0,0.0,0.0,0.02544923116513,0.0260483980926519,0.0,0.009957309356414,GPAB6681,GPAB6681.JPG,2024-10-04 01:29:36.000,2024-10-04 13:29:36.000,7.169234798,171.136029154,792459.4785710478,515019.0954339144,-1.9278687425933263,31.3273818359375,-0.1412000000000001,0.9786201108842897,0.26305636586054393,0.020230525634550356,0.001149363481159793,0.715563745023746,0.9248341632205251,0.9725051873311672,0.9840774639210024
data/train\GPAB6682_jpg.rf.eb22232a2c018cc5851106de08352de7.jpg,0.9909753799438475,0.0402065973655859,0.0351568876350766,0.0290845612734601,0.0093014904277322,0.0056402348273458,0.0,0.0221912609967295,0.0220837182148666,0.0,0.0,0.0,0.0,0.0,0.0,0.0,0.0,0.0123751015415105,0.0130731694202099,0.0,0.0,0.0,0.0,0.0,0.0127822277871344,0.0,0.0,0.0,0.0,0.0,0.0,0.0,0.0,0.0114773113536371,0.0130731694202099,0.0,0.0,GPAB6682,GPAB6682.JPG,2024-10-04 01:29:38.000,2024-10-04 13:29:38.000,7.169234161,171.136014061,792459.4076584702,515017.4290206617,-1.9176450464476504,31.3359619140625,-0.1409333333333334,0.9909135951359935,0.03313854006832795,0.0020183475667486517,0.00706805729725795,0.9577750550676655,0.7848095508811778,0.9978971020625805,0.9110518156648237
data/train\GPAB6683_jpg.rf.a8e659241e83b43452b24e4ddccbe5bd.jpg,0.9962129592895508,0.0444372535878,0.0440790977160601,0.0,0.0154592748927932,0.0,0.0,0.0151760148869936,0.0154592748927932,0.0,0.0,0.0,0.0,0.0,0.0,0.0,0.0,0.0292612387008063,0.0286198228232668,0.0,0.0,0.0,0.0,0.0151760148869936,0.0,0.0,0.0,0.0,0.0,0.0,0.0,0.0,0.0,0.0292612387008063,0.0286198228232668,0.0,0.0,GPAB6683,GPAB6683.JPG,2024-10-04 01:29:40.000,2024-10-04 13:29:40.000,7.169228426,171.135987579,792458.7728015991,515014.5053027857,-1.9074213503019743,31.3445419921875,-0.1406666666666668,0.9961870322609142,0.04235169178238718,0.001727405933672918,0.0020855618054128194,0.953835340478527,0.9174050501268793,0.9981922632080847,0.9756297645693186
data/train\GPAB6684_jpg.rf.0736c8590fcf6864ecebf96c7bd09b8f.jpg,0.9460697174072266,0.1862746604240642,0.2027440693036412,0.141059642074577,0.1307134503373194,0.0,0.0,0.1579390578100064,0.1457214296276523,0.0,0.0282117363742335,0.0,0.0,0.0,0.0,0.0,0.0,0.0285334045164127,0.0288109033017554,0.0,0.0,0.0,0.0,0.0168938187865717,0.0150079792903328,0.0,0.0282117363742335,0.0,0.0,0.0,0.0,0.0,0.0,0.0285334045164127,0.0288109033017554,0.0,0.0,GPAB6684,GPAB6684.JPG,2024-10-04 01:29:42.000,2024-10-04 13:29:42.000,7.169221467,171.135963626,792458.0027172841,515011.86085449054,-1.8971976541562987,31.353122070312494,-0.1404000000000001,0.9457004971933254,0.1673596134605153,0.035384455843125884,0.018915046963548898,0.77834088373281,0.7550314928567088,0.9565154799510531,0.9274858128640027
data/train\GPAB6685_jpg.rf.42cdbc2507e32fe09d31984fc16f69b6.jpg,0.9721746444702148,0.2072685477691594,0.1948003064969283,0.1344496018036461,0.1185860812754573,0.0104700579770818,0.0103845998736372,0.1576942059405864,0.1466038565609738,0.0,0.0,0.0,0.0,0.0084353869523719,0.0081934156931804,0.0,0.0,0.030670817305938,0.0296184343691367,0.0,0.0,0.0104700579770818,0.0103845998736372,0.030525826591105,0.0401105770246369,0.0,0.0,0.0,0.0,0.0054289900772579,0.0,0.0,0.0,0.0266081966803847,0.0257190483231967,0.0,0.0,GPAB6685,GPAB6685.JPG,2024-10-04 01:29:44.000,2024-10-04 13:29:44.000,7.169215276,171.135939388,792457.3175243745,515009.18491382233,-1.886973958010623,31.353122070312494,-0.1401333333333334,0.9719841451213025,0.18702649969369511,0.007773806803233196,0.020242048075464286,0.7849576454276074,0.8697193632649416,0.9901936440375151,0.946266335451137
data/train\GPAB6686_jpg.rf.0541fbfe096aff1703cafa9538cc4c97.jpg,0.9927759170532228,0.0744647346093796,0.0779858005119804,0.0378569796225632,0.0538136398814724,0.0,0.0,0.0547584800364109,0.059386660470154,0.0,0.0,0.0,0.0,0.0067454289516691,0.0063498251469591,0.0,0.0,0.0129608256212996,0.0122493148948673,0.0,0.0,0.0,0.0,0.0191378141545505,0.0055730205886815,0.0,0.0,0.0,0.0,0.0067454289516691,0.0063498251469591,0.0,0.0,0.0129608256212996,0.0122493148948673,0.0,0.0,GPAB6686,GPAB6686.JPG,2024-10-04 01:29:46.000,2024-10-04 13:29:46.000,7.169210696,171.135913342,792456.8103647573,515006.3092971581,-1.876750261864947,31.3445419921875,-0.1398666666666668,0.9927264591731113,0.0725884971472357,0.005397303364744699,0.0018762374621438954,0.9201379620258756,0.9089236762371974,0.9941684519579416,0.9844860647689289
data/train\GPAB6687_jpg.rf.f4a6a527a7155e2ece923d872127b126.jpg,0.9488563537597656,0.2452733987167841,0.2910693401290129,0.0643989222676931,0.1286413313796394,0.0,0.0,0.2183185686055734,0.2567190233579081,0.0,0.0,0.0,0.0,0.0,0.0060175947672754,0.0030582478592264,0.0035335485469241,0.0238965822519842,0.0247991734569051,0.0,0.0,0.0,0.0,0.1539196463378802,0.1340952867455442,0.0,0.0,0.0,0.0,0.0,0.0,0.0030582478592264,0.0035335485469241,0.0238965822519842,0.0247991734569051,0.0,0.0,GPAB6687,GPAB6687.JPG,2024-10-04 01:29:48.000,2024-10-04 13:29:48.000,7.169205732,171.13588757,792456.2607639667,515003.4639456292,-1.784811701638932,31.3359619140625,-0.1396000000000001,0.948506211555856,0.24242447520082655,0.04864486492818637,0.0028489235159575577,0.7060817363550296,0.8248023521724928,0.9355463755411848,0.9619655389777301
data/train\GPAB6688_jpg.rf.57296e4a40af7ca9cfdf1f0f28a97d2c.jpg,0.9847087860107422,0.1206149910797103,0.1174347973874785,0.0528015854878697,0.032548975174901,0.0249336019342337,0.0253820169264657,0.0710166441659001,0.0349053143417901,0.0,0.0360748420945493,0.0,0.0,0.0108829454431626,0.0044611050404917,0.002117248517926,0.0,0.0042152929676622,0.0090787232367304,0.0075606416463263,0.0075327957474511,0.0200115992571866,0.0253820169264657,0.0325172884623878,0.0098891349143402,0.0,0.0360748420945493,0.0,0.0,0.0108829454431626,0.0044611050404917,0.002117248517926,0.0,0.0028652469739189,0.0090787232367304,0.0,0.0,GPAB6688,GPAB6688.JPG,2024-10-04 01:29:50.000,2024-10-04 13:29:50.000,7.169201204,171.135858382,792455.759250491,515000.241415584,-2.158006716413805,31.3273818359375,-0.1393333333333334,0.9846040985322331,0.11132694349971095,0.00610785388776755,0.009288047579999348,0.8732771550325221,0.878507293047926,0.9930544029909416,0.9580243276119864
data/train\GPAB6689_jpg.rf.be92867710229776bc9c7cdaf8ee7bb8.jpg,0.9588451385498048,0.2263276252441317,0.2151566187781219,0.1078145194277955,0.0491288074465694,0.0030707305035498,0.0,0.1185294292742974,0.1220428135496223,0.0,0.0,0.0,0.0,0.0660293476570076,0.055485354017395,0.0026712858852019,0.0046493049087518,0.0157550175429162,0.0130280398599639,0.0202794960084344,0.0199511064423887,0.0,0.0,0.0689282017502587,0.0848032447193613,0.0,0.0,0.0,0.0,0.0212185749429159,0.0526479529423513,0.0019559343451316,0.0046493049087518,0.0157550175429162,0.0130280398599639,0.0110010504625299,0.010899268901124,GPAB6689,GPAB6689.JPG,2024-10-04 01:29:52.000,2024-10-04 13:29:52.000,7.169194708,171.135831447,792455.0402530708,514997.26770597394,-2.581387878283764,31.318801757812505,-0.1390666666666667,0.9585633820668572,0.2000238130445554,0.015132805733566485,0.026303812199576282,0.7585395690223018,0.8283916840313684,0.9804402920055901,0.9321101115533917
data/train\GPAB6690_jpg.rf.58efacb471360e1d9e71b80ee71f6572.jpg,0.929987907409668,0.2536780591600525,0.243314583761424,0.0635059330968672,0.0679171075600655,0.0132402448134612,0.0159547398520902,0.2100838641657848,0.1751180570091968,0.0,0.0,0.0,0.0043650846995427,0.0029190183648504,0.0054645176034091,0.0,0.0036305290912826,0.0028316398545867,0.0010936716834094,0.0247338796250597,0.0376879838224929,0.0132402448134612,0.0159547398520902,0.1508710005127486,0.1214138803164062,0.0,0.0,0.0,0.0043650846995427,0.0,0.0027058532079435,0.0,0.0036305290912826,0.0028316398545867,0.0010936716834094,0.0247338796250597,0.0262337173506835,GPAB6690,GPAB6690.JPG,2024-10-04 01:29:54.000,2024-10-04 13:29:54.000,7.169189223,171.135805456,792454.4330503186,514994.3981912784,-2.1617272627344906,31.310221679687505,-0.1388000000000001,0.9295085870990911,0.21325061501028375,0.030063968751140258,0.04042744414976873,0.7162579720888073,0.7515651332309086,0.9597171580976103,0.9001759997125647
data/train\GPAB6691_jpg.rf.e53cc0d0f407655cd9ee813792227553.jpg,0.940333366394043,0.2424897690326719,0.22842182888023,0.1280123981464233,0.0726057808086065,0.0507659542597503,0.0476356911448121,0.0690443863628071,0.0457344883940213,0.0,0.0107600394067479,0.0517299984828786,0.0472084006275889,0.0,0.0060675253445689,0.0005146690274867,0.0,0.0029977550444286,0.0018906405132863,0.0678402912873063,0.0691250434492042,0.0,0.0,0.02914121327462,0.0308945447003493,0.0,0.0107600394067479,0.0517299984828786,0.0472084006275889,0.0,0.0060675253445689,0.0005146690274867,0.0,0.0,0.0,0.0336916172321944,0.0608855379923683,GPAB6691,GPAB6691.JPG,2024-10-04 01:29:56.000,2024-10-04 13:29:56.000,7.169180876,171.135777268,792453.509388651,514991.2861969621,-3.150713330221463,31.3016416015625,-0.1385333333333334,0.9399248736852415,0.2054182357990717,0.02300359308115829,0.037071533233600185,0.7345066378861698,0.7737226805354128,0.9696326305035075,0.9083769393113087
data/train\GPAB6692_jpg.rf.6ad73c56d9ae12964e6c6e531ac3da38.jpg,0.9645538330078124,0.1353051430415019,0.105108666219852,0.0011003931072758,0.0,0.0,0.0,0.0121523343505088,0.0019568945485411,0.0,0.0624324256850571,0.0441731976501902,0.0,0.0039656400811948,0.001923287429209,0.0,0.0,0.0,0.0,0.075013970959608,0.0387960585570447,0.0,0.0,0.0110519412432329,0.0019568945485411,0.0,0.0624324256850571,0.0441731976501902,0.0,0.0039656400811948,0.001923287429209,0.0,0.0,0.0,0.0,0.075013970959608,0.0387960585570447,GPAB6692,GPAB6692.JPG,2024-10-04 01:29:58.000,2024-10-04 13:29:58.000,7.169179128,171.135748624,792453.3152161486,514988.1236393834,-4.142362470757451,31.2930615234375,-0.1382666666666668,0.9643111596760656,0.10236248446870977,0.002746181751142232,0.03294265857279213,0.8619486752073559,0.7414813629819219,0.9968241030589661,0.8766773641691966
data/train\GPAB6694_jpg.rf.23021e03dc2ebb10427984d31a572e3d.jpg,0.8594446182250977,0.2129577529703892,0.3293315255903811,0.0036372505151491,0.0,0.0,0.0,0.0045494437541648,0.032603706769242,0.1598393003573877,0.083940982057639,0.0371041801495228,0.0236325263143744,0.008135803488611,0.0010072533765552,0.0,0.0265025743053408,0.0,0.0,0.0033386272547976,0.1616444827672294,0.0,0.0,0.0011983338550438,0.032603706769242,0.1598393003573877,0.083940982057639,0.0371041801495228,0.0236325263143744,0.0078496628725829,0.0010072533765552,0.0,0.0265025743053408,0.0,0.0,0.0033386272547976,0.1616444827672294,GPAB6694,GPAB6694.JPG,2024-10-04 01:30:02.000,2024-10-04 13:30:02.000,7.169165298,171.135689272,792451.7844051031,514981.57097335777,-4.442040755610942,31.275901367187497,-0.1377333333333334,0.858482340899096,0.20038580972993314,0.12894571586044795,0.012571943240456074,0.6580965311691629,0.5860888467004048,0.8361641749892028,0.8885646290665813
data/train\GPAB6695_jpg.rf.b95d2c9058d219316957c2f1e02a8d4e.jpg,0.8370532989501953,0.4412134666607774,0.2877383945014912,0.0018080630200701,0.0012088960925482,0.0,0.0,0.0114619480990853,0.0068952206835496,0.3550457728965304,0.1915893862955928,0.0770553634081843,0.0880448914298004,0.0,0.0012088960925482,0.0,0.0,0.0,0.0,0.0,0.0,0.0,0.0,0.0096606065028815,0.0068952206835496,0.3550457728965304,0.1915893862955928,0.0770553634081843,0.0880448914298004,0.0,0.0,0.0,0.0,0.0,0.0,0.0,0.0,GPAB6695,GPAB6695.JPG,2024-10-04 01:30:04.101,2024-10-04 13:30:04.101,7.16915778513,171.13566134031,792450.9529636947,514978.4872508725,-4.524629945716737,31.27633466113281,-0.1374532000000001,0.835937725047674,0.2824447931049714,0.005293601396519798,0.15876867355580598,0.5534929319427028,0.6325651110829162,0.9905266124348308,0.8153405641064253
data/train\GPAB6696_jpg.rf.7b1873494355502f46e4f7212e94cfcf.jpg,0.9396390914916992,0.1424096880683203,0.1031498512644918,0.0209670016496294,0.0,0.0,0.0,0.0220501110955344,0.0180210975893133,0.0,0.0216900348169756,0.0966559956061092,0.0432946115305066,0.0057861857455883,0.0102943407531451,0.0,0.0,0.0,0.0,0.0179260374517737,0.0098497665745511,0.0,0.0,0.013308419255535,0.0180210975893133,0.0,0.0216900348169756,0.0966559956061092,0.0432946115305066,0.001919446615571,0.0102943407531451,0.0,0.0,0.0,0.0,0.009567466772161,0.0098497665745511,GPAB6696,GPAB6696.JPG,2024-10-04 01:30:06.103,2024-10-04 13:30:06.103,7.16915249176,171.13563493517,792450.3669327501,514975.5720038356,-4.969298863172379,31.284923319335935,-0.1371862666666667,0.9392258456031326,0.09239269246797233,0.010757158796519478,0.050016995600347974,0.8468331531351602,0.6032159984954389,0.987456529479339,0.8181187388752754
data/train\GPAB6699_jpg.rf.1f86c763a14196b5d571d2540d89638c.jpg,0.9636554718017578,0.0570802518805583,0.0832131478732454,0.0014038173846747,0.0,0.0,0.0,0.0014038173846747,0.0010552635470298,0.0160843673123714,0.0,0.0,0.0242912258532847,0.0203735959425644,0.0,0.0,0.0,0.0,0.0,0.0192184712409476,0.0578666584729309,0.0,0.0,0.0,0.0010552635470298,0.0160843673123714,0.0,0.0,0.0242912258532847,0.0203735959425644,0.0,0.0,0.0,0.0,0.0,0.0192184712409476,0.0578666584729309,GPAB6699,GPAB6699.JPG,2024-10-04 01:30:12.109,2024-10-04 13:30:12.109,7.169136881590001,171.13555126348,792448.6385368854,514966.3342319396,-5.109011044839026,31.31068929394532,-0.1363854666666668,0.963406648064326,0.05185002390906479,0.0313631239641806,0.005230227971493508,0.9115566241552611,0.5862510720993597,0.9667382892057026,0.9375544556414406
data/train\GPAB6700_jpg.rf.f7961569fdb6334ea3abacfaa8f67f96.jpg,0.9904747009277344,0.0124797637131449,0.0216919552237946,0.0,0.0,0.0,0.0,0.0,0.0,0.0,0.0,0.0,0.0,0.0124797637131449,0.0216919552237946,0.0,0.0,0.0,0.0,0.0,0.0,0.0,0.0,0.0,0.0,0.0,0.0,0.0,0.0,0.0124797637131449,0.0216919552237946,0.0,0.0,0.0,0.0,0.0,0.0,GPAB6700,GPAB6700.JPG,2024-10-04 01:30:14.111,2024-10-04 13:30:14.111,7.169130419810001,171.1355234025,792447.9232942329,514963.2582818996,-5.20908849352362,31.314511718750005,-0.1361185333333334,0.9904094883460112,0.012290603641475384,0.009401351582319216,0.00018916007166951652,0.9781188847045359,0.5616991398981928,0.9904798390586212,0.9876612475280822
data/train\GPAB6701_jpg.rf.149875ae1fe458dc6e8531c3f26d32f6.jpg,0.9900884628295898,0.0288781175404197,0.0348457817304017,0.0,0.0,0.0,0.0,0.0049863363054829,0.0049940179327588,0.0,0.0,0.0238917812349368,0.0274867828000683,0.0,0.0023649809975745,0.0,0.0,0.0,0.0,0.0,0.0,0.0,0.0,0.0049863363054829,0.0049940179327588,0.0,0.0,0.0238917812349368,0.0274867828000683,0.0,0.0023649809975745,0.0,0.0,0.0,0.0,0.0,0.0,GPAB6701,GPAB6701.JPG,2024-10-04 01:30:16.113,2024-10-04 13:30:16.113,7.16912639746,171.13549590216,792447.4777367411,514960.2220708408,-5.248091899714451,31.314511718750005,-0.1358516000000001,0.9900206059651676,0.02687225261799453,0.007973529112407167,0.0020058649224251705,0.9631483533471732,0.7292008650564107,0.9917893631516032,0.9611648395142885
data/train\GPAB6704_jpg.rf.9790ef8bf24b48dda270de4b435b6865.jpg,0.968125343322754,0.088827457208535,0.0870213145952838,0.0187911807237245,0.0110884289727935,0.0,0.0,0.0072236102495952,0.0107840444919851,0.0241856034782408,0.0330742064398922,0.0258813226994006,0.0266245201383461,0.0055903042500523,0.0035844393276271,0.0,0.0,0.0,0.0,0.0259888654812635,0.0129541041974331,0.0,0.0,0.0046646681633037,0.0107840444919851,0.0241856034782408,0.0330742064398922,0.0258813226994006,0.0266245201383461,0.0051063617316692,0.0035844393276271,0.0,0.0,0.0,0.0,0.0102540122099465,0.0018656752246395,GPAB6704,GPAB6704.JPG,2024-10-04 01:30:22.119,2024-10-04 13:30:22.119,7.16910697445,171.135410916,792445.3278004432,514950.8392902045,-5.396656174994381,31.314511718750005,-0.1350508000000001,0.9679071214446069,0.07187794662421287,0.015143367971070923,0.01694951058432212,0.896029174820394,0.6913280384189148,0.983380350855747,0.8962832420484188
data/train\GPAB6705_jpg.rf.01585a7db7bb160584e50946bb0e8993.jpg,0.9134359359741212,0.2737645542831793,0.3104260806609272,0.0246503419284341,0.039008263510542,0.0026885695465727,0.0022036668247801,0.0212915504020371,0.0065697117277324,0.1172974882999214,0.155864058242098,0.0504836544573602,0.0131240602009129,0.0026741664954303,0.0009621238163092,0.0146123754856228,0.0572079589340205,0.0,0.0,0.0647292322405578,0.0744945009150738,0.0,0.0,0.0069720369563088,0.0065697117277324,0.1172974882999214,0.155864058242098,0.0504836544573602,0.0131240602009129,0.0019991434985587,0.0,0.0144251358207722,0.0572079589340205,0.0,0.0,0.0582228939378517,0.0386520280456211,GPAB6705,GPAB6705.JPG,2024-10-04 01:30:24.121,2024-10-04 13:30:24.121,7.16910373298,171.13538275394998,792444.9685465923,514947.7299933162,-5.325390625,31.30970258496094,-0.1347838666666667,0.9128432967239781,0.24851696583404226,0.06190911482688494,0.02524758844913705,0.6643263308899359,0.7403528745430309,0.9147533830908262,0.9112648263420362
data/train\GPAB6706_jpg.rf.9f01d89475c6a9d588cbb65cc6f65da0.jpg,0.8791313171386719,0.3902257054134347,0.2975411111089773,0.0985591187637189,0.0792667118602404,0.026332618301861,0.0413223537274136,0.0267426251577134,0.0162255172135665,0.133517244293031,0.0597352143077989,0.0511068264701194,0.0415528025456912,0.0,0.0,0.0141793237479427,0.0169111024479425,0.0,0.0,0.1385006999882855,0.1217941208665643,0.0,0.0,0.0234385652256574,0.014346399141194,0.0731588579724728,0.0597352143077989,0.0511068264701194,0.0415528025456912,0.0,0.0,0.0141793237479427,0.0169111024479425,0.0,0.0,0.1302496720905356,0.0857288808061099,GPAB6706,GPAB6706.JPG,2024-10-04 01:30:26.123,2024-10-04 13:30:26.123,7.169099500050001,171.13535498519002,792444.4997021761,514944.664152283,-4.875002950148463,31.30111392675781,-0.1345169333333334,0.8783038198812037,0.28303531820180794,0.014505792907169357,0.10719038721162677,0.5952685016793959,0.6993162612157364,0.9762112095640166,0.8507615168290361
data/train\GPAB6710_jpg.rf.9e215ac6bc82835890363fb4d212536b.jpg,0.9140300750732422,0.2468087639685591,0.2742821039208946,0.0427367333495927,0.0374671370383101,0.0479400756256205,0.0510799407746537,0.0345625217246021,0.0143924889048496,0.0,0.0311749240959204,0.074430167286638,0.0777803169823495,0.0050813964430224,0.001472952030158,0.0012223389402811,0.0013414041630579,0.0,0.0,0.0837758270712067,0.0970400769699053,0.0479400756256205,0.0510799407746537,0.014647903011774,0.0127649441257636,0.0,0.0311749240959204,0.074430167286638,0.0777803169823495,0.0028210776170824,0.0,0.0,0.0,0.0,0.0,0.0644210069461114,0.064014840903897,GPAB6710,GPAB6710.JPG,2024-10-04 01:30:34.131,2024-10-04 13:30:34.131,7.169083018089999,171.13524108163,792442.6739542901,514932.0884729776,-4.707182664825742,31.271611328125,-0.1334492000000001,0.9134415034480905,0.2172661856687721,0.05701591825212249,0.029542578299787015,0.6961753177793184,0.7151038028930179,0.9243008740349411,0.902301309651089
data/train\GPAB6711_jpg.rf.0304d9a3dd979cd916641d89cb49b8f0.jpg,0.8696727752685547,0.2037618849177009,0.2240701870284201,0.0160872479225999,0.0059215744263264,0.0,0.0,0.0336013581117023,0.0300025157329328,0.0320304653337763,0.0282002139333196,0.0829001215617516,0.0888956316506088,0.0134678130215104,0.0,0.0,0.0,0.0,0.0,0.041822619703758,0.0769718257115587,0.0,0.0,0.0269327454327924,0.0274483746636887,0.0320304653337763,0.0282002139333196,0.0829001215617516,0.0888956316506088,0.0082135799647797,0.0,0.0,0.0,0.0,0.0,0.0376985460599973,0.0736043923544763,GPAB6711,GPAB6711.JPG,2024-10-04 01:30:36.133,2024-10-04 13:30:36.133,7.16907513498,171.13521506870998,792441.8016491574,514929.2166147285,-5.75203190290056,31.271611328125,-0.1331822666666667,0.8687805224658792,0.14830629720600008,0.07576388982242002,0.05545558771170081,0.7204742252598791,0.530563942963337,0.9048476977083808,0.8163444546777495
data/train\GPAB6712_jpg.rf.822cd24c51032f70db27a6d6f422a8c4.jpg,0.9360265731811525,0.1403529323651922,0.1199130823873729,0.0303001787898748,0.0199971962060442,0.0124807239165544,0.0127006104973277,0.0475166259220353,0.0255116443867468,0.0274992654443917,0.0276202510739875,0.0222287089296996,0.0213510830134255,0.0107840444919851,0.0018608742075921,0.0,0.0,0.0,0.0,0.019922300340104,0.030868619208293,0.0,0.0,0.038520480178521,0.0255116443867468,0.0274992654443917,0.0276202510739875,0.0222287089296996,0.0213510830134255,0.0093226149027409,0.0018608742075921,0.0,0.0,0.0,0.0,0.0126343564620729,0.0235720334995765,GPAB6712,GPAB6712.JPG,2024-10-04 01:30:38.135,2024-10-04 13:30:38.135,7.16906862945,171.135189385,792441.0816431044,514926.38105998107,-5.6933212707096175,31.271611328125,-0.1329153333333334,0.9355885950879835,0.09792730492027424,0.021985777467098663,0.04242562744491796,0.8376612901677092,0.6032283059378821,0.974424646701129,0.8360732387230758
data/train\GPAB6713_jpg.rf.27d0d3fc4947952724f70345fd4f81b9.jpg,0.8224105834960938,0.3234550807243006,0.2939153830347421,0.0514534599009454,0.0631420160046704,0.0347055920326161,0.023034319590262,0.0601135344511381,0.061901433199609,0.0130347612838303,0.0540930590736341,0.06668420638228,0.0583736458731417,0.0170234462468529,0.0011954532448153,0.0,0.0,0.0,0.0,0.1325119113232947,0.0953174720532797,0.0250785926490667,0.0,0.0379145918271326,0.0359922646013331,0.0130347612838303,0.0540930590736341,0.06668420638228,0.0583736458731417,0.0053089646510716,0.0,0.0,0.0,0.0,0.0,0.124735223909833,0.0823143974819625,GPAB6713,GPAB6713.JPG,2024-10-04 01:30:40.137,2024-10-04 13:30:40.137,7.16906143231,171.13516344986002,792440.2851731871,514923.517767007,-4.386167476909542,31.271611328125,-0.1326484000000001,0.8211947618983606,0.21928261282870165,0.07463277020604042,0.10417246789559897,0.601912149069659,0.5508397513670232,0.8896854176572025,0.7838118979006519
data/train\GPAB6714_jpg.rf.d664e0d22c48cb5ba50f7da1a60f33a3.jpg,0.8448657989501953,0.4813778150763457,0.3527835336637713,0.2693687430745329,0.1600275002256478,0.0020778801781369,0.0017072416620736,0.0504375646937047,0.0229037319265713,0.0,0.0329023300295934,0.1121536786352821,0.0772570061241773,0.012027507907275,0.0192491977500513,0.0,0.0,0.0,0.0,0.3051968128928432,0.1987640261713041,0.0,0.0,0.037582361447449,0.0141073084922309,0.0,0.0329023300295934,0.1121536786352821,0.0772570061241773,0.006355586367416,0.0170781778411938,0.0,0.0,0.0,0.0,0.0564618808848466,0.0514112109509278,GPAB6714,GPAB6714.JPG,2024-10-04 01:30:42.139,2024-10-04 13:30:42.139,7.169057979549999,171.13513705483,792439.9026208395,514920.6035751404,-5.252205352991271,31.271611328125,-0.1323814666666667,0.8438037113782184,0.3389825300591677,0.013801003604603623,0.14239528501717802,0.5048211813190506,0.6845658927054772,0.9733890990285436,0.8387906780047442
data/train\GPAB6717_jpg.rf.d75823f43240ef0ce9f9964a1c4519d3.jpg,0.9764442443847656,0.0417198779389425,0.0415163148161306,0.0019060037678381,0.0,0.0,0.0,0.0053166462783476,0.0,0.0193394568705434,0.017652379480069,0.0099985981030221,0.0,0.0070651766870293,0.0052619146840066,0.0,0.0031705916581368,0.0,0.0,0.0,0.015431428993918,0.0,0.0,0.0053166462783476,0.0,0.0193394568705434,0.017652379480069,0.0099985981030221,0.0,0.0051591729191912,0.0052619146840066,0.0,0.0031705916581368,0.0,0.0,0.0,0.015431428993918,GPAB6717,GPAB6717.JPG,2024-10-04 01:30:48.145,2024-10-04 13:30:48.145,7.1690417472000005,171.1350614461,792438.1057164291,514912.2560601711,-6.176634580516761,31.271611328125,-0.1315806666666668,0.9762829757855904,0.029759584270331763,0.011756730545798837,0.01196029366861074,0.9465233915152587,0.5564972258632139,0.9877314260463709,0.8505252448881304
data/train\GPAB6718_jpg.rf.0f4f6dd3bde84d2d235fde632ef8b650.jpg,0.9447107315063475,0.1380129166562644,0.1319281076503246,0.0123376536085404,0.0017869385450613,0.0,0.0,0.0127073319211941,0.0085861388876619,0.0173652786606314,0.0113476838933559,0.0771993939196079,0.0915054645176034,0.0230487226414043,0.013357389629419,0.0005175496377152,0.0,0.0,0.0,0.0071880827234441,0.0071314307222842,0.0,0.0,0.0096538850790151,0.0085861388876619,0.0173652786606314,0.0113476838933559,0.0771993939196079,0.0915054645176034,0.0146623060629163,0.0115704510843577,0.0,0.0,0.0,0.0,0.006851051326713,0.0071314307222842,GPAB6718,GPAB6718.JPG,2024-10-04 01:30:50.147,2024-10-04 13:30:50.147,7.169036087529999,171.1350350276,792437.4791952916,514909.33934851486,-5.490395638486129,31.271611328125,-0.1313137333333334,0.9443322073348017,0.10713661582069545,0.024791491829629142,0.030876300835568943,0.8371955915141065,0.6580695008021143,0.9712391376754042,0.8737593836331912
data/train\GPAB6720_jpg.rf.470f598882af8d62b6eb1b2dd1b45516.jpg,0.9611415863037108,0.1629503594041361,0.1510495983469138,0.0300994962772913,0.0345365962325459,0.0,0.0,0.0088281101468535,0.0098891349143402,0.0632994893638268,0.0161909498908248,0.0342149280903666,0.0735487005567259,0.0082193411852366,0.0345365962325459,0.0,0.0,0.0,0.0,0.0485257997054095,0.0168842167524768,0.0,0.0,0.0088281101468535,0.0098891349143402,0.0632994893638268,0.0161909498908248,0.0342149280903666,0.0735487005567259,0.00567000113304,0.0,0.0,0.0,0.0,0.0,0.0209756434803148,0.0168842167524768,GPAB6720,GPAB6720.JPG,2024-10-04 01:30:54.151,2024-10-04 13:30:54.151,7.169024922749999,171.13498138271,792436.2432135439,514903.4167199475,-6.1409680531797886,31.26667349316406,-0.1307798666666667,0.9608755518769095,0.13743775481397968,0.013611843532934126,0.025512604590156418,0.8234377970629297,0.7784098324994553,0.9837383078938492,0.9135857899720035
data/train\GPAB6721_jpg.rf.6d79cc0bee61efd5fc70bf8565773f07.jpg,0.9296808242797852,0.2409342395092976,0.1989935147861723,0.0149004365084699,0.0325480149714915,0.0,0.0,0.0076393783259045,0.0,0.048781213812334,0.0751944892005922,0.1219765595143675,0.0843970786771469,0.0238168853689965,0.0,0.0,0.0,0.0,0.0,0.038765332047941,0.039401946908433,0.0,0.0,0.005521169604569,0.0,0.0471344649650582,0.0736447208976749,0.1219765595143675,0.0843970786771469,0.0138029240114225,0.0,0.0,0.0,0.0,0.0,0.037727352162282,0.0084037002398588,GPAB6721,GPAB6721.JPG,2024-10-04 01:30:56.153,2024-10-04 13:30:56.153,7.169020021390001,171.13495599016,792435.7005555936,514900.6132597183,-5.318911086554553,31.258084834960936,-0.1305129333333334,0.9291994016012352,0.18456357794835254,0.014429936837819762,0.05637066156094506,0.7446358236528826,0.7227465519575254,0.9809898725658611,0.8735114355655704
data/train\GPAB6722_jpg.rf.3905acae98248caaa1018f868607f294.jpg,0.9154720306396484,0.1953889111869458,0.1461170334323623,0.0056776827603159,0.0011464828709313,0.0,0.0,0.0119650946856582,0.0026856889363442,0.0461358534191883,0.0462664410828789,0.1216731352369686,0.066735097162983,0.0126429982927583,0.0146469428083645,0.0,0.0109347964272751,0.0,0.0,0.0029766305694198,0.0048480670145163,0.0,0.0,0.0076653038179607,0.0026856889363442,0.0461358534191883,0.0462664410828789,0.1216731352369686,0.066735097162983,0.0112718278240062,0.0135004599374331,0.0,0.0109347964272751,0.0,0.0,0.0029766305694198,0.0048480670145163,GPAB6722,GPAB6722.JPG,2024-10-04 01:30:58.155,2024-10-04 13:30:58.155,7.16901490135,171.13493014905,792435.1337086876,514897.76028053,-5.862160784116668,31.249496176757813,-0.1302460000000001,0.9148933310032398,0.12819963781127386,0.017917395621088433,0.06718927337567193,0.7866936931919658,0.6010119425425503,0.9777316073936791,0.8169285300626515
data/train\GPAB6723_jpg.rf.a9391a805eef75647fdc4a53714dddc1.jpg,0.9488487243652344,0.1518849753131703,0.1622225252197425,0.0210284546678368,0.0169715952627404,0.0,0.0,0.0038024055015814,0.0028892520591562,0.0,0.0,0.1228964343806592,0.1207724644388667,0.0071275899086462,0.0071621572313878,0.0,0.0123338127949024,0.0,0.0,0.0180585455222834,0.0190648386954292,0.0,0.0,0.0016563508813707,0.0028892520591562,0.0,0.0,0.1202337903261426,0.1178284807853695,0.0071275899086462,0.0071621572313878,0.0,0.0123338127949024,0.0,0.0,0.0018387895291738,0.0050372270861859,GPAB6723,GPAB6723.JPG,2024-10-04 01:31:00.157,2024-10-04 13:31:00.157,7.169009831650001,171.13490141795,792434.5723331526,514894.5882126477,-5.923800945880752,31.24090751855469,-0.1299738333333334,0.9484985299285801,0.1313030152307464,0.03091950998899612,0.02058196008242391,0.8171955146978336,0.7182702055352157,0.963543258769159,0.9140165402456237
data/train\GPAB6724_jpg.rf.abb977d8b1d48600b80c49827e043ca3.jpg,0.9387502670288086,0.1294757481424865,0.1564699465934863,0.0168573310570111,0.010004359323479,0.0,0.0,0.0151251241062906,0.0087378510263614,0.0053944227545163,0.0163993140306842,0.0749630801789051,0.0797650574297659,0.0159595408691377,0.0220549121125819,0.0,0.0040664614391912,0.0,0.0,0.0180335802336366,0.0254463505549015,0.0,0.0,0.0119074824810887,0.007736358870263,0.0053944227545163,0.0163993140306842,0.0749630801789051,0.0797650574297659,0.0159595408691377,0.0190494754408773,0.0,0.0040664614391912,0.0,0.0,0.0043938908018274,0.0194489200592253,GPAB6724,GPAB6724.JPG,2024-10-04 01:31:02.159,2024-10-04 13:31:02.159,7.16900642149,171.13487374687,792434.1944504175,514891.5331287893,-6.065637027945872,31.23231886035157,-0.1296401666666667,0.9383309360254877,0.11213831538073016,0.04433163121275613,0.01733743276175634,0.8261926206447573,0.645187309058565,0.9490747889927686,0.9075849612782472
data/train\GPAB6725_jpg.rf.990d5f2625903257e8bc17df9fa2bf20.jpg,0.9141635894775392,0.2116758814187197,0.1957710721439229,0.0314524228812631,0.019673607657046,0.0,0.0,0.033984479272089,0.0026357583590507,0.0505115003562354,0.0261972296211229,0.0932299898410479,0.107670488916372,0.0149839742050956,0.0190427540170109,0.0017754161041475,0.0,0.0,0.0,0.0175986080891376,0.0402248412303662,0.0,0.0,0.017111784960526,0.0026357583590507,0.0505115003562354,0.0261972296211229,0.0932299898410479,0.107670488916372,0.0123664597108251,0.0137453118068531,0.0,0.0,0.0,0.0,0.0074002876769414,0.0258486757834779,GPAB6725,GPAB6725.JPG,2024-10-04 01:31:04.161,2024-10-04 13:31:04.161,7.16900298417,171.13484529288002,792433.8135400076,514888.3916038072,-4.975761548808768,31.228710937500004,-0.1293065000000001,0.9135759319254192,0.16051144274403095,0.03525962939989194,0.051164438674688756,0.7530644891813884,0.650013609674535,0.9552726745651935,0.8567807198835613
data/train\GPAB6726_jpg.rf.6e8b4f32f5c8ad2068d284eea6b3ba73.jpg,0.8125619888305664,0.3020406242858487,0.1947907044628334,0.0335466265173614,0.0146623060629163,0.0,0.0,0.0580615797650574,0.012573863647275,0.1232536300489895,0.0697530164790109,0.0857394430436143,0.0781643983461456,0.0135311864465368,0.0058485989672052,0.0,0.0,0.0,0.0,0.0219147224147963,0.0284508270231965,0.0,0.0,0.0349926928520537,0.0100629317314579,0.1232536300489895,0.0697530164790109,0.0857394430436143,0.0781643983461456,0.0060694457513879,0.0020241087872054,0.0,0.0,0.0,0.0,0.0190033856772218,0.020123943056097,GPAB6726,GPAB6726.JPG,2024-10-04 01:31:06.163,2024-10-04 13:31:06.163,7.16899529134,171.13481892773,792432.9622609598,514885.4808480675,-4.774601687521754,31.228710937500004,-0.1289728333333334,0.8112787412885546,0.1540550350186184,0.040735669444215,0.14798558926723032,0.6572237062699363,0.4494331662852295,0.9416360452174822,0.725841722455193
data/train\GPAB6727_jpg.rf.2b47a87edd848492b696c791dce918bb.jpg,0.9016342163085938,0.1784192363310243,0.1832605819216743,0.0280225763025639,0.0341621169028447,0.0154736779439356,0.0159364959873099,0.0172490940480831,0.0036324494981016,0.0,0.0,0.1064510305863194,0.0982825801817857,0.0116078990173278,0.0012636276868891,0.0014335836903689,0.0013759714857995,0.0,0.0,0.0263316580984515,0.0627694570817882,0.0037150269913178,0.0,0.016565429220526,0.0036324494981016,0.0,0.0,0.1064510305863194,0.0982825801817857,0.0062922129423897,0.0012636276868891,0.0014335836903689,0.0013759714857995,0.0,0.0,0.0160805264987334,0.0445438361662534,GPAB6727,GPAB6727.JPG,2024-10-04 01:31:08.165,2024-10-04 13:31:08.165,7.1689874498,171.1347928018,792432.0945502974,514882.5965096066,-5.287109374999999,31.228710937500004,-0.1286391666666667,0.900960779531536,0.13132029889211727,0.05194028302955703,0.04709893743890703,0.7696404806394187,0.570066734192833,0.9367800643267199,0.8364005157652414
data/train\GPAB6728_jpg.rf.c94a7a80fbc13b2ef9bf80be068ef9ee.jpg,0.9554481506347656,0.1480700871672655,0.1366839951375299,0.0357935024955686,0.0301014166841103,0.0201537093617912,0.0208316129688913,0.0183523677655874,0.0054837216715989,0.0107581189999289,0.0,0.0682973481102236,0.0724953574165151,0.0046512253155708,0.0064381638606322,0.0,0.0,0.0,0.0,0.0259274124630561,0.0314351392198923,0.0,0.0,0.0123011658789798,0.0054837216715989,0.0107581189999289,0.0,0.0682973481102236,0.0724953574165151,0.0032541293547625,0.0064381638606322,0.0,0.0,0.0,0.0,0.0177359171766947,0.0221653355046733,GPAB6728,GPAB6728.JPG,2024-10-04 01:31:10.167,2024-10-04 13:31:10.167,7.16898296277,171.13476440396,792431.597599309,514879.46121808334,-5.530522789442914,31.228710937500004,-0.1283055000000001,0.9551431375222527,0.11994860991352396,0.016735385224005944,0.028121477253741534,0.8351945276087285,0.7278193386002927,0.9803559131192383,0.8952179352895078
data/train\GPAB6729_jpg.rf.252f5cc0c0084ddbc28a453a606bd948.jpg,0.951507568359375,0.0914728176016807,0.0752434595744762,0.0138029240114225,0.0194114721262552,0.007932240365799,0.0052110239033036,0.0132844141702978,0.0039185901141297,0.0,0.0,0.0486045363849877,0.0385646495353575,0.003351109899121,0.0,0.0,0.0,0.0,0.0,0.0183005167814749,0.0275491960216852,0.0,0.0,0.0124432759835843,0.0039185901141297,0.0,0.0,0.0486045363849877,0.0385646495353575,0.0028863714489277,0.0,0.0,0.0,0.0,0.0,0.0137357097727582,0.0133487477987336,GPAB6729,GPAB6729.JPG,2024-10-04 01:31:12.169,2024-10-04 13:31:12.169,7.168977656619999,171.13474127202,792431.0102673694,514876.9073669709,-5.637044292964015,31.228710937500004,-0.1279718333333334,0.9511755770342389,0.05894592710519797,0.01629753246927823,0.03252689049648273,0.8922296499290411,0.5469586678189908,0.9820615906876268,0.8132354056897995
data/train\GPAB6730_jpg.rf.faeabf355c420e2ba8d4915690db7746.jpg,0.982386589050293,0.0699287337029476,0.070632562802104,0.0098718512529694,0.007689308903198,0.0042076113403863,0.0035671556662563,0.0083883369853069,0.0100206827814404,0.0,0.0,0.0550004512956024,0.0529225711174655,0.0,0.0,0.0,0.0,0.0,0.0,0.0023323340816518,0.0041221532369417,0.0,0.0,0.0050689137986991,0.0100206827814404,0.0,0.0,0.0550004512956024,0.0529225711174655,0.0,0.0,0.0,0.0,0.0,0.0,0.0,0.0,GPAB6730,GPAB6730.JPG,2024-10-04 01:31:14.171,2024-10-04 13:31:14.171,7.168972473169999,171.13471396553,792430.4363645088,514873.8925950936,-5.655041727306826,31.23373457324219,-0.1276381666666667,0.9822660032301243,0.061413649867587905,0.0092189129345161,0.00851508383535969,0.9208523533625363,0.7759377881302462,0.99008794995762,0.9341599621813583
data/train\GPAB6731_jpg.rf.9aff60cc937711da4f513b555afdcc79.jpg,0.9708995819091796,0.1135795806983751,0.101849735848042,0.039456678502774,0.0333488246150064,0.0278497396888556,0.0288128237085744,0.0216977164442515,0.0104402916713876,0.0,0.0,0.0443988454514204,0.0468271998740213,0.0032666119990858,0.0042258552051666,0.0,0.0,0.0,0.0,0.0163666671147615,0.0115435653888919,0.0,0.0,0.0131279010145509,0.0104402916713876,0.0,0.0,0.0443988454514204,0.0468271998740213,0.0030659294865024,0.0018608742075921,0.0,0.0,0.0,0.0,0.0135695945829164,0.0093725454800344,GPAB6731,GPAB6731.JPG,2024-10-04 01:31:16.173,2024-10-04 13:31:16.173,7.16896810566,171.13468763357997,792429.9526936309,514870.9853967354,-4.649392276889026,31.242323231445315,-0.1273045000000001,0.9707003531628139,0.09306483485461547,0.00878490099342652,0.02051474584375962,0.8776355183081984,0.7605543174613127,0.9900894645451107,0.9047347235649201
data/train\GPAB6733_jpg.rf.acb5d981beab731e09c53f2eedd2e502.jpg,0.9564085006713868,0.0981779180101512,0.1144677688521536,0.0295800262327571,0.0334054766161663,0.0,0.003985804352794,0.0410141284329672,0.0414875087138459,0.0,0.001868555834868,0.0,0.0021210893315639,0.0064160791822139,0.0047645293178907,0.0,0.0,0.0032800548468187,0.0,0.0474839790061126,0.0602402813011908,0.0,0.0,0.0174805030697703,0.0301379044136709,0.0,0.001868555834868,0.0,0.0021210893315639,0.0009458003583479,0.0,0.0,0.0,0.0032800548468187,0.0,0.0474839790061126,0.0469347426558842,GPAB6733,GPAB6733.JPG,2024-10-04 01:31:20.177,2024-10-04 13:31:20.177,7.16895696415,171.13463376235,792428.7192815159,514865.0377752315,-2.1211390371408827,31.25950054785156,-0.1266371666666668,0.9561100623556095,0.08437787460895718,0.030089894243196413,0.01380004340119402,0.8717321877466524,0.6578257875194643,0.9666343341506966,0.9130363764409046
data/train\GPAB6734_jpg.rf.46683f64576f9a3cfb6bbe554cb86593.jpg,0.9755029678344728,0.1145100178021712,0.1124523018956335,0.0855205166662505,0.0901938266602397,0.0270479698419313,0.0285017178038995,0.0822001332762332,0.0603967944569377,0.0,0.0,0.0,0.0,0.0017926997655183,0.0012127369061862,0.0,0.0,0.0,0.0,0.0034932200037255,0.02234105272861,0.001817665054165,0.0,0.0274743001557449,0.0222584752353938,0.0,0.0,0.0,0.0,0.0,0.0,0.0,0.0,0.0,0.0,0.0,0.0,GPAB6734,GPAB6734.JPG,2024-10-04 01:31:22.179,2024-10-04 13:31:22.179,7.168952550799999,171.13460934606,792428.2306056579,514862.3420883556,-2.345086326690444,31.26808920605469,-0.1263035000000001,0.9753352550204236,0.10114878735911426,0.011303514536519246,0.01336123044305694,0.8741864676613096,0.8039579326556175,0.9872347347075984,0.9352764872303678
data/train\GPAB6735_jpg.rf.20b7c5c450a55f6155703cf2bbbe373f.jpg,0.9709844589233398,0.1395271574330306,0.1244778893960896,0.1010719710863549,0.0351703304828094,0.0315119554926515,0.0305498316763423,0.1045594298696235,0.0926605892192202,0.0,0.0,0.0,0.0,0.0,0.0012674685005271,0.0,0.0,0.0016669131188751,0.0,0.0020586761099471,0.0,0.0,0.0,0.0372184443552522,0.0893075589132801,0.0,0.0,0.0,0.0,0.0,0.0,0.0,0.0,0.0016669131188751,0.0,0.0,0.0,GPAB6735,GPAB6735.JPG,2024-10-04 01:31:24.181,2024-10-04 13:31:24.181,7.16894498778,171.13458193565,792427.3936444817,514859.31591934856,-1.850149117868296,31.271611328125,-0.1259698333333334,0.9707858112662586,0.1173954290476894,0.007082460348400196,0.022131728385341193,0.8533903822185692,0.8007348414392935,0.99176910647491,0.9165748016718365
data/train\GPAB6736_jpg.rf.2a447b81d9e09d99d2aa4e6de92083cb.jpg,0.8796415328979492,0.3973052851516065,0.3024496709382915,0.2508204938134094,0.2334187274232173,0.0007182321502987,0.0,0.3819804387361418,0.27596726090455,0.0,0.0,0.0,0.0,0.0063757506390153,0.0012665082971176,0.0010379798856589,0.0,0.0072389735041471,0.014250378800245,0.0,0.0109655229363788,0.0,0.0,0.1353176256858252,0.0438150417784503,0.0,0.0,0.0,0.0,0.0030140785023899,0.0,0.0010379798856589,0.0,0.0072389735041471,0.014250378800245,0.0,0.0109655229363788,GPAB6736,GPAB6736.JPG,2024-10-04 01:31:26.183,2024-10-04 13:31:26.183,7.16894337818,171.13455720401998,792427.2149066468,514856.5853244711,-1.8184826048314324,31.271611328125,-0.1256361666666667,0.878817528705281,0.2892862423975895,0.013163428540702016,0.10801904275401703,0.5895312863076914,0.7047705044200795,0.9781590443446757,0.8531399225860923
data/train\GPAB6737_jpg.rf.b1b33630159b660adb00a54e0dd9619a.jpg,0.9842977523803712,0.3330542342089748,0.3416509353341412,0.1442148704781621,0.2699045365770284,0.0,0.0,0.3275445870453197,0.3264393929209964,0.0,0.0,0.0,0.0,0.0,0.0,0.0,0.0,0.0055096471636551,0.0152115424131448,0.0,0.0,0.0,0.0,0.1881749029714454,0.0565348563439679,0.0,0.0,0.0,0.0,0.0,0.0,0.0,0.0,0.0055096471636551,0.0152115424131448,0.0,0.0,GPAB6737,GPAB6737.JPG,2024-10-04 01:31:28.185,2024-10-04 13:31:28.185,7.1689391439,171.13452796425,792426.7458709519,514853.35706579685,-1.7868160917945692,31.271611328125,-0.1253025000000001,0.9841902508627429,0.3294477102029295,0.012203225131211692,0.0036065240060452752,0.6547425406598135,0.954208812265865,0.9817028223925552,0.9854370917917954
data/train\GPAB6738_jpg.rf.fb0e439af4ed6e91340673e23d74129f.jpg,0.9142494201660156,0.2184366736249407,0.1681853883926771,0.0599301355999254,0.0713940041058297,0.0656279826318407,0.009708616673356,0.1272634394870209,0.1388770997248057,0.0089222100809835,0.0,0.0,0.0,0.0,0.0036286086844637,0.0,0.0,0.0174920255106841,0.0159710633100516,0.0,0.0,0.0656279826318407,0.0086860000422489,0.0673333038870954,0.068505712250083,0.0089222100809835,0.0,0.0,0.0,0.0,0.0036286086844637,0.0,0.0,0.0174920255106841,0.0159710633100516,0.0,0.0,GPAB6738,GPAB6738.JPG,2024-10-04 01:31:30.187,2024-10-04 13:31:30.187,7.16892920512,171.13450362028,792425.6463748636,514850.6695425962,-1.7343474034941393,31.271611328125,-0.1249688333333334,0.9136623502322732,0.15014220612494555,0.01804318226773155,0.06829446749999515,0.7635201441073278,0.6349048444662806,0.9769139855225589,0.8321314399897292
data/train\GPAB6739_jpg.rf.4d32d55f2ea6573a4c99327645b6c1e2.jpg,0.9376850128173828,0.2016638404679647,0.2298573329774179,0.1707184049869124,0.1579332965895495,0.0,0.0,0.1902547035564014,0.2164490525672958,0.0,0.0,0.0,0.0,0.0,0.0,0.0,0.0,0.0114091369115633,0.013408280410122,0.0,0.0,0.0,0.0,0.0195372587728984,0.0585157559777463,0.0,0.0,0.0,0.0,0.0,0.0,0.0,0.0,0.0114091369115633,0.013408280410122,0.0,0.0,GPAB6739,GPAB6739.JPG,2024-10-04 01:31:32.189,2024-10-04 13:31:32.189,7.16892010284,171.13447748312998,792424.6392940213,514847.7840051692,-1.7793849382944296,31.271611328125,-0.1246351666666667,0.937258388817087,0.18438978113123483,0.04546755184618306,0.017274059336729874,0.7528686076858523,0.7461204317452425,0.9430471095373721,0.928694708266891
data/train\GPAB6740_jpg.rf.43588fe8737c9d3ec2b756b24d86e2c0.jpg,0.8738040924072266,0.3685654369021534,0.3305490635136147,0.0680208095282904,0.1987332996622004,0.0527161273844251,0.0885778043220675,0.2891038037497863,0.2188966110580865,0.0,0.0,0.0,0.0,0.0,0.0,0.0,0.0011359206334269,0.0272265676760965,0.0219387275000336,0.0,0.0,0.0204331285539528,0.051337275288397,0.2533659930519681,0.0574038404295565,0.0,0.0,0.0,0.0,0.0,0.0,0.0,0.0011359206334269,0.0272265676760965,0.0219387275000336,0.0,0.0,GPAB6740,GPAB6740.JPG,2024-10-04 01:31:34.191,2024-10-04 13:31:34.191,7.16891572447,171.13445425826998,792424.1545245689,514845.219863928,-1.739033733922689,31.266501891601564,-0.1243015000000001,0.872940123635791,0.28602731202577947,0.044521751487835215,0.08253812487637391,0.5869128116100114,0.6924139021124662,0.929491107883912,0.8527734092257844
data/train\GPAB6741_jpg.rf.4813cc555ec276c90547ec3f17feecce.jpg,0.9507770538330078,0.3762960345519595,0.4039268478634514,0.0,0.3700230256777596,0.0,0.0,0.3762960345519595,0.4039268478634514,0.0,0.0,0.0,0.0,0.0,0.0,0.0,0.0,0.0,0.0,0.0,0.0,0.0,0.0,0.3762960345519595,0.0339038221856918,0.0,0.0,0.0,0.0,0.0,0.0,0.0,0.0,0.0,0.0,0.0,0.0,GPAB6741,GPAB6741.JPG,2024-10-04 01:31:36.193,2024-10-04 13:31:36.193,7.1689250626500005,171.134435868,792425.1862436478,514843.1890711834,-1.7346929494300067,31.25791323339844,-0.1239678333333334,0.9504400612225694,0.36533147181899017,0.03859537604446123,0.010964562732969307,0.5851085894035792,0.8805472046138857,0.9381190786293364,0.9544904743682034
data/train\GPAB6742_jpg.rf.19f506fad94038a2fdef528bee2aa3ad.jpg,0.8448410034179688,0.5028277990409489,0.4241352888195835,0.4750817613203181,0.3777661059718891,0.1432220201527491,0.0340430516800679,0.3569018460870751,0.3857185106092874,0.0,0.0,0.0,0.0,0.0028095551761685,0.0027519429715991,0.0,0.0,0.0,0.0,0.0,0.001621783558629,0.0121869016732504,0.0286284646539522,0.016220716196519,0.0177407181937421,0.0,0.0,0.0,0.0,0.0,0.0,0.0,0.0,0.0,0.0,0.0,0.0,GPAB6742,GPAB6742.JPG,2024-10-04 01:31:38.195,2024-10-04 13:31:38.195,7.16892056225,171.13441745895,792424.6881399691,514841.15665289,-1.774308732500588,31.24932457519532,-0.1236341666666667,0.8437787460895716,0.385370916975052,0.03876437184453152,0.11745688206589688,0.4584078291145196,0.7115518607755846,0.9220302909741241,0.8442188165152708
data/train\GPAB6743_jpg.rf.0ee30ee003eb99a660a748a583191988.jpg,0.9599018096923828,0.500838257576485,0.5187153246543748,0.4391941588906194,0.4297438369344162,0.0,0.0,0.4960314793085767,0.5107254720840063,0.0,0.0,0.0,0.0,0.0,0.0,0.0048163803020031,0.0079898525703685,0.0,0.0,0.0,0.0,0.0,0.0,0.0628443529477284,0.0828511511878676,0.0,0.0,0.0,0.0,0.0,0.0,0.0,0.0061203365320909,0.0,0.0,0.0,0.0,GPAB6743,GPAB6743.JPG,2024-10-04 01:31:40.197,2024-10-04 13:31:40.197,7.16891060314,171.13439135116002,792423.5863400948,514838.274384631,-1.813924515571169,31.24073591699219,-0.1233005000000001,0.9596272874445723,0.489590434837716,0.029124889816658728,0.011247822738769009,0.47003685260685624,0.9238197735936573,0.9416523997306916,0.9595972027104596
data/train\GPAB6743_jpg.rf.effa400c62434f49e21656a7fe755769.jpg,0.9617595672607422,0.500838257576485,0.5143233542593663,0.4391941588906194,0.4503555633225342,0.0,0.0,0.4960314793085767,0.5073340336416866,0.0,0.0,0.0,0.0,0.0,0.0,0.0048163803020031,0.0069893206176796,0.0,0.0,0.0,0.0,0.0,0.0,0.0628443529477284,0.0605062576456196,0.0,0.0,0.0,0.0,0.0,0.0,0.0,0.0034615332912124,0.0,0.0,0.0,0.0,GPAB6743,GPAB6743.JPG,2024-10-04 01:31:40.197,2024-10-04 13:31:40.197,7.16891060314,171.13439135116002,792423.5863400948,514838.274384631,-1.813924515571169,31.24073591699219,-0.1233005000000001,0.9614977636862593,0.48832968776105523,0.02599366649831103,0.012508569815429804,0.47316807592520393,0.9269174198557593,0.9479253630855053,0.961475047435129
data/train\GPAB6744_jpg.rf.a8dbeb68f8cee29da713eb411b6cabde.jpg,0.9629802703857422,0.2765760298661668,0.2827424561619133,0.1966323746022357,0.2053663848149592,0.0,0.0,0.2625705029353418,0.2743666018209297,0.0,0.0,0.0,0.0,0.0,0.0,0.0031245018944813,0.0023697820146219,0.0109357566306846,0.0060060723263616,0.0,0.0,0.0,0.0,0.0663769412912431,0.0690002170059705,0.0,0.0,0.0,0.0,0.0,0.0,0.0031245018944813,0.0023697820146219,0.0109357566306846,0.0060060723263616,0.0,0.0,GPAB6744,GPAB6744.JPG,2024-10-04 01:31:42.199,2024-10-04 13:31:42.199,7.16890342456,171.13436713468002,792422.7919825062,514835.600847962,-1.9434682010566895,31.232147258789063,-0.1229668333333334,0.9627268240504069,0.2610226550392436,0.02171980112266969,0.015553374826923205,0.7017041690111635,0.8750462726011486,0.9699763872647854,0.9568704734625548
data/train\GPAB6745_jpg.rf.2153b608d7e2146d34b9d9fc3febb368.jpg,0.9513492584228516,0.3836559936857023,0.3707143721325925,0.1289015465036113,0.1246084770597803,0.0694303881334221,0.0828885991208377,0.3011898840650403,0.1095572886160204,0.0,0.0,0.0,0.0,0.0019568945485411,0.0,0.0,0.0,0.0110941901932505,0.0140007259137775,0.0,0.1642677584819568,0.0,0.0,0.2437687599741129,0.0678374106770778,0.0,0.0,0.0,0.0,0.0,0.0,0.0,0.0,0.0110941901932505,0.0140007259137775,0.0,0.1642677584819568,GPAB6745,GPAB6745.JPG,2024-10-04 01:31:44.201,2024-10-04 13:31:44.201,7.16889801106,171.13434034792,792422.1926674303,514832.6434665895,-1.7142084496488923,31.223558600585942,-0.1226331666666667,0.9510161832682635,0.35269327454327914,0.018021097589313362,0.030962719142423156,0.5983229087249844,0.8780517540190043,0.9707612998509088,0.9450284598749734
data/train\GPAB6798_jpg.rf.8586409eb79e92bd79db8bd31825a216.jpg,0.94061279296875,0.1052824630369697,0.0845804775283596,0.0236757354678015,0.0126506799200342,0.0025839073749383,0.0024984492714936,0.0289347695415796,0.0190504356442868,0.0,0.0,0.0631477772251273,0.0481647632234412,0.0028815704318802,0.0031014570126535,0.0003216681421792,0.0,0.0,0.0,0.0074194917451312,0.0117653723764842,0.0025839073749383,0.0024984492714936,0.0055807022159574,0.0063997557242526,0.0,0.0,0.0631477772251273,0.0481647632234412,0.0028815704318802,0.0031014570126535,0.0,0.0,0.0,0.0,0.0074194917451312,0.0117653723764842,GPAB6798,GPAB6798.JPG,2024-10-04 01:33:30.307,2024-10-04 13:33:30.307,7.1687081731,171.13343346163998,792401.1773320517,514732.5192261088,-2.3261127650775,31.068662450195312,-0.1079693000000001,0.9402062132842222,0.06503457692477577,0.019545900603583827,0.04024788611219393,0.8751716363594464,0.5209919847386969,0.9781541103241039,0.7979346514263939
data/train\GPAB6809_jpg.rf.e379cb9b5655b5b9c1ab48d1da37d5cf.jpg,0.9243507385253906,0.3503791843264077,0.3601444530009237,0.1801840901976674,0.0241481555452707,0.0248414224069226,0.0,0.1052411742903616,0.1412286378746473,0.0,0.0,0.0,0.0241798422577838,0.074034563481928,0.0537022562859716,0.0,0.0,0.013316100882811,0.0089750212685055,0.1330246599439625,0.1320586953140153,0.0,0.0,0.0976642091860739,0.1202395515465996,0.0,0.0,0.0,0.0241798422577838,0.0595134073202067,0.0505431870687486,0.0,0.0,0.013316100882811,0.0089750212685055,0.0,0.1320586953140153,GPAB6809,GPAB6809.JPG,2024-10-04 01:33:52.329,2024-10-04 13:33:52.329,7.168701449439999,171.13371424313,792400.4430665501,514763.52085681295,-1.795977126663397,31.05998799121094,-0.1057671000000001,0.9238328247455941,0.3171782310364627,0.04296622196446098,0.03320095328994499,0.6066545937091313,0.8063605827442095,0.93385953632057,0.9195511641005536
data/train\GPAB6810_jpg.rf.942a61223106aacf8e8c96d03620647b.jpg,0.9809789657592772,0.0789748100237554,0.0868820851009077,0.0447464390856559,0.0,0.0,0.0,0.0707477872112428,0.0749784434334569,0.0,0.0,0.0,0.0016774753563794,0.0,0.0,0.0,0.0033107813559224,0.0082270228125126,0.0069153849551488,0.0,0.0,0.0,0.0,0.0260397562619665,0.0749784434334569,0.0,0.0,0.0,0.0016774753563794,0.0,0.0,0.0,0.0033107813559224,0.0082270228125126,0.0069153849551488,0.0,0.0,GPAB6810,GPAB6810.JPG,2024-10-04 01:33:54.331,2024-10-04 13:33:54.331,7.16869812829,171.13373856906,792400.0767035815,514766.20681832975,-1.759718266649589,31.057109375000003,-0.1055669000000001,0.9808487429977165,0.07335281906118984,0.013529266039717852,0.005621990962565562,0.9074959239365268,0.7929685067159369,0.9853106449346225,0.9570617518029787
data/train\GPAB6811_jpg.rf.5d27bc2691a61663881664b2487e0d80.jpg,0.9144964218139648,0.0355284863545493,0.1034907234748609,0.0244842267385923,0.0186097022793308,0.0,0.0,0.0200442461731093,0.0116463071537074,0.0,0.0,0.0,0.0,0.0,0.0752050514380966,0.0,0.0,0.01548424018144,0.0166393648830568,0.0,0.0,0.0,0.0,0.0012972348062213,0.0,0.0,0.0,0.0,0.0,0.0,0.0752050514380966,0.0,0.0,0.0097470248097356,0.0096759697574334,0.0,0.0,GPAB6811,GPAB6811.JPG,2024-10-04 01:33:56.333,2024-10-04 13:33:56.333,7.16869701437,171.13376660415,792399.9544641038,514769.3022415243,-1.722317103147787,31.057109375000003,-0.1053667,0.9139110429153312,0.02646512637237075,0.07702559710249014,0.009063359982178547,0.8874459165429606,0.23513252970934792,0.9201369910746732,0.8325178887969791
data/train\GPAB6822_jpg.rf.b99bfee0fa8e636686edfa07726c9c29.jpg,0.7733993530273438,0.2941794389723519,0.3873691002702012,0.0954307760555996,0.0849463150273754,0.0835405772358816,0.0590477086666039,0.0,0.0,0.040289174858802,0.2004290188833602,0.1574800805802701,0.1102726401560906,0.0115234011172926,0.0139940044899111,0.0,0.0036257280742352,0.0,0.0,0.0018608742075921,0.0,0.0009717258504041,0.0,0.0,0.0,0.040289174858802,0.17771156641823,0.1574800805802701,0.1102726401560906,0.0,0.0108128505942698,0.0,0.0036257280742352,0.0,0.0,0.0005377139093145,0.0,GPAB6822,GPAB6822.JPG,2024-10-04 01:34:18.355,2024-10-04 13:34:18.355,7.16868527085,171.1340315693,792398.6647776446,514798.557735146,-5.710669226125269,31.057109375000003,-0.1022467500000001,0.7718479882778367,0.22669826376019486,0.16067083651000635,0.06748117521215702,0.5451497245176418,0.49840194890458533,0.7723630546040262,0.7714876257705414
data/train\GPAB6851_jpg.rf.d59056d1d0d3c9d325f4a76cc1ba4c8b.jpg,0.8720083236694336,0.423644624877334,0.3618603364936828,0.1924468479402676,0.1783721863639593,0.2207161965190706,0.1900837873495121,0.0209689220564484,0.0315705279006304,0.0,0.0042469796801754,0.0614991079710325,0.0326353934817551,0.003643011735606,0.0015180815904041,0.000442653771775,0.0009784472742705,0.0,0.0,0.1167876202894821,0.1008271192169349,0.0441712772433712,0.0234001570892777,0.0172529348617211,0.0236613324166591,0.0,0.0042469796801754,0.0614991079710325,0.0326353934817551,0.0,0.0015180815904041,0.0,0.0009784472742705,0.0,0.0,0.1086873443270222,0.0970477585971812,GPAB6851,GPAB6851.JPG,2024-10-04 01:35:16.413,2024-10-04 13:35:16.413,7.16875022831,171.13465870244,792405.8659317096,514867.7981415239,-3.2306869771339577,31.07072595898437,-0.0938116,0.8711320606157208,0.32831851099336884,0.03354182550031398,0.09532611388396517,0.5428135496223521,0.7181282619425164,0.9418035695543306,0.8583946168748618
data/train\GPAB6884_jpg.rf.1295437527df283efdef3e5a9c3b06b7.jpg,0.9115982055664062,0.2265004618578399,0.1860163657069113,0.044039729376271,0.0455030793723342,0.0574960199568676,0.0289597348302264,0.1239939468777065,0.094947793740626,0.0008449790003514,0.0343608790086091,0.0260695225676607,0.0,0.0,0.0,0.0,0.0024802054067133,0.0025954298158521,0.0025166931362739,0.016716181155816,0.0227510595844623,0.0574960199568676,0.0078458220589449,0.0870107523577794,0.0842943369123315,0.0,0.0343608790086091,0.0260695225676607,0.0,0.0,0.0,0.0,0.0024802054067133,0.0,0.0,0.0131739907782064,0.0115320429479781,GPAB6884,GPAB6884.JPG,2024-10-04 01:36:22.479,2024-10-04 13:36:22.479,7.1688979698,171.13539749561,792422.2223936402,514949.3643442677,-1.8049468223718568,31.057109375000003,-0.0853774500000001,0.9109929847538902,0.16175490615932075,0.02426145954759054,0.06474555569851914,0.7492380785945696,0.6450537037391589,0.9686341641446055,0.8413912019936214
data/train\GPAB6885_jpg.rf.be97c790ae34175e4f797ccc4b6c5bfc.jpg,0.3894214630126953,0.881810482732662,0.2825129675470452,0.0251717323797873,0.1380782104881098,0.0883607983515227,0.09947995383342,0.0045619263984882,0.0032080395911069,0.0,0.0,0.0,0.0,0.0009986115458698,0.0244438981953937,0.0,0.0,0.0,0.0,0.7967345402450055,0.1553810759271244,0.0702753671337736,0.09947995383342,0.0,0.0032080395911069,0.0,0.0,0.0,0.0,0.0,0.0244438981953937,0.0,0.0,0.0,0.0,0.7959750193480987,0.0173028654390146,GPAB6885,GPAB6885.JPG,2024-10-04 01:36:24.481,2024-10-04 13:36:24.481,7.16890168891,171.13542394727995,792422.6343938304,514952.28478196607,-2.148950008292204,31.057109375000003,-0.0851438833333334,0.3852412895147708,0.27478236989723903,0.007730597649806159,0.607028112835423,0.11045891961753179,0.30890351885614237,0.9345915117639411,0.6231015527498587
data/train\GPAB6906_jpg.rf.73105f6b446d8109bac51ef296914ed4.jpg,0.8973817825317383,0.3601972641884456,0.3576344812885161,0.1024786690812581,0.0952761833066716,0.1407706208483205,0.1237731000935238,0.1732600634118331,0.1715489809361215,0.0,0.0,0.0,0.0107283526942347,0.0328706433170802,0.0379395571157794,0.0,0.0,0.014452021516238,0.0136444904488566,0.0,0.0,0.0958052553853008,0.0851402761160924,0.1157467597935946,0.1149056216068812,0.0,0.0,0.0,0.0107283526942347,0.0328706433170802,0.0379395571157794,0.0,0.0,0.014452021516238,0.0136444904488566,0.0,0.0,GPAB6906,GPAB6906.JPG,2024-10-04 01:37:06.523,2024-10-04 13:37:06.523,7.16899891327,171.13589136209004,792433.3975658395,515003.8894016694,-2.111131482425992,31.100009765625,-0.0801302666666668,0.8966792325286188,0.3072554890027903,0.05037899228572579,0.05294177518565529,0.5894237435258285,0.7483518205396253,0.9212585544483131,0.8871393031887658
data/train\GPAB6910_jpg.rf.1d5376253b5d5d1d7e6717476f5b5ed4.jpg,0.9816741943359376,0.0787597244600296,0.0634963310627723,0.0391436521912802,0.0336676121469572,0.0,0.0,0.0350800713623173,0.0336676121469572,0.0,0.0,0.0,0.0,0.0019050435644286,0.0,0.0,0.0,0.0417746095332835,0.0298287189158151,0.0,0.0,0.0,0.0,0.0018013415962037,0.0,0.0,0.0,0.0,0.0,0.0019050435644286,0.0,0.0,0.0,0.0363004898957795,0.0298287189158151,0.0,0.0,GPAB6910,GPAB6910.JPG,2024-10-04 01:37:14.531,2024-10-04 13:37:14.531,7.16901583956,171.1359891331,792435.2719235414,515014.6838536999,-1.8894878927652905,31.100009765625,-0.0790625333333335,0.9815487312832352,0.06190239340301851,0.0015939376597537969,0.016857331057011093,0.9196463378802167,0.7703742650924915,0.9982697916036948,0.8921174374969612
data/train\GPAB6911_jpg.rf.6054641356b5c6b94a2f979a7675620d.jpg,0.9814729690551758,0.0879690353604507,0.0801462581833335,0.012323250557398,0.0574796964989063,0.0036843004822141,0.0031398651490331,0.0398695659688548,0.040195074924672,0.0,0.002213268858875,0.0,0.0,0.03422741073469,0.0236939793325818,0.0,0.0,0.0101877581746917,0.0109040699181714,0.0,0.0,0.0036843004822141,0.0031398651490331,0.0398695659688548,0.0046665885701226,0.0,0.002213268858875,0.0,0.0,0.0219041601772919,0.0017427691882248,0.0,0.0,0.0101877581746917,0.0109040699181714,0.0,0.0,GPAB6911,GPAB6911.JPG,2024-10-04 01:37:16.533,2024-10-04 13:37:16.533,7.169020167759999,171.13601692102,792435.7513046934,515017.7518070874,-1.9407512940689933,31.100009765625,-0.0787956000000001,0.9813461283638326,0.07473071095380834,0.0054155472295251555,0.013238324406642354,0.906615417410024,0.8002467739447833,0.9940621015738588,0.9217868222217378
data/train\GPAB6915_jpg.rf.7e7b783f170b910f9398380099ea6085.jpg,0.9729776382446288,0.1494297351951037,0.1706339070868772,0.1219391115813974,0.1424087278649109,0.0,0.0,0.0845622336635792,0.1042876923047378,0.0,0.0,0.0,0.0,0.0545760413886077,0.0525394499570789,0.0,0.0,0.010302022380421,0.0138067648250605,0.0,0.0,0.0,0.0,0.0171991634707896,0.0221634150978543,0.0,0.0,0.0,0.0,0.0,0.0,0.0,0.0,0.010302022380421,0.006061764124112,0.0,0.0,GPAB6915,GPAB6915.JPG,2024-10-04 01:37:24.541,2024-10-04 13:37:24.541,7.16904027871,171.13612555063003,792437.9780774721,515029.7450638336,-1.854974571305256,31.100009765625,-0.0777278666666668,0.9727926363920932,0.14642813933703702,0.02420576774984018,0.003001595858066669,0.8263644970550561,0.8433076004247027,0.9715417188309627,0.9757273568483797
data/train\GPAB6916_jpg.rf.2ea16833db5bc53744b52042ad162eea.jpg,0.9444961547851562,0.1705561306107085,0.1492626598018524,0.0808500872824899,0.0079581658578553,0.0,0.0,0.1323525175573193,0.1280421644521175,0.0,0.0,0.0,0.0,0.0196179158592956,0.0193356160569054,0.0,0.0,0.0185856971940935,0.0018848792928293,0.0,0.0,0.0,0.0,0.0800809643514882,0.1219688778870916,0.0,0.0,0.0,0.0,0.0103605947883999,0.0193356160569054,0.0,0.0,0.0,0.0,0.0,0.0,GPAB6916,GPAB6916.JPG,2024-10-04 01:37:26.543,2024-10-04 13:37:26.543,7.169045328199999,171.13615016193,792438.5370924346,515032.4622591548,-1.847457879748456,31.100009765625,-0.0774609333333335,0.9441161615676665,0.13196747599011371,0.017295183811738696,0.0385886546205948,0.8121486855775528,0.7025102613513805,0.9791484578402239,0.8764482612916813
data/train\GPAB6917_jpg.rf.3654181da791af09652ebca09656faa3.jpg,0.9077529907226562,0.1614908502217109,0.1936173358964363,0.0150838353596825,0.0087224877718095,0.0,0.0174171296447439,0.0800752031310312,0.0796690370888169,0.0,0.039895491460911,0.0,0.0,0.0596334327463929,0.049225787990928,0.0,0.0,0.0217822143442866,0.0074098897110363,0.0,0.0,0.0,0.0174171296447439,0.0773069367014708,0.0796690370888169,0.0,0.039895491460911,0.0,0.0,0.0473178638162708,0.0405033002191184,0.0,0.0,0.0217822143442866,0.0074098897110363,0.0,0.0,GPAB6917,GPAB6917.JPG,2024-10-04 01:37:28.545,2024-10-04 13:37:28.545,7.16904913125,171.1361712113,792438.9581998963,515034.7862186647,-1.8399411881916563,31.100009765625,-0.0771940000000001,0.9071214446068255,0.13111481536248637,0.06250252053394992,0.03037603485922452,0.7760066292443392,0.5853513205331001,0.9254599421479465,0.8686811911662533
data/train\GPAB6921_jpg.rf.7d23b8ba81f4b7b036919eb82f4b2115.jpg,0.9573383331298828,0.313553463165637,0.3160576736575876,0.2632455259322134,0.0375794808372205,0.0,0.0,0.2412165393116878,0.2604014034333033,0.0,0.0,0.0,0.0,0.0590553902938798,0.0419311226890304,0.0,0.0,0.0132815335600693,0.0137251475352538,0.0,0.0,0.0,0.0,0.0242364942589438,0.2604014034333033,0.0,0.0,0.0,0.0,0.0127899094144103,0.0043516418518098,0.0,0.0,0.0132815335600693,0.0137251475352538,0.0,0.0,GPAB6921,GPAB6921.JPG,2024-10-04 01:37:36.553,2024-10-04 13:37:36.553,7.169065346529999,171.13626145805,792440.7537171774,515044.7499299968,-1.8098744219644585,31.100009765625,-0.0761262666666668,0.9570462606798624,0.29332869875154344,0.02272897490604414,0.020224764414093543,0.6637175619283189,0.8722688595739817,0.9668889364481875,0.9511935656030475
data/train\GPAB6929_jpg.rf.da2115ed575dc3b6a07ef26d6f83377a.jpg,0.9044055938720704,0.2266713780647292,0.2134839444387899,0.1545687438426956,0.1190508197256506,0.1393005494283909,0.122565164204385,0.0400779301087142,0.0472362465264641,0.0,0.00241107076123,0.0,0.0,0.0152681944143047,0.0085515715649203,0.0,0.0,0.0321303264883632,0.0327198913817903,0.0,0.0,0.0,0.0144769868048847,0.0400779301087142,0.0472362465264641,0.0,0.0,0.0,0.0,0.0,0.0,0.0,0.0,0.0321303264883632,0.0327198913817903,0.0,0.0,GPAB6929,GPAB6929.JPG,2024-10-04 01:37:52.569,2024-10-04 13:37:52.569,7.1691011,171.13641438106998,792444.711192937,515061.6331546482,-1.8375864210357329,31.100009765625,-0.0739908000000001,0.9037511306395147,0.1719532265715169,0.041530717867273,0.0547181514932123,0.7317979040679978,0.6411330454893707,0.9462961583351958,0.8524487832079934
data/train\GPAB6931_jpg.rf.5fe64cd601f36dfacddfb1c7ad0ca2ea.jpg,0.950735092163086,0.1764873070711299,0.218999352822902,0.0278449386718082,0.0612148877618234,0.0,0.0,0.1462274568244537,0.1761301114027995,0.0108762240192962,0.0202257246175029,0.0,0.0,0.0,0.0,0.0076019303929344,0.0081665299977147,0.0119574130583822,0.0144769868048847,0.0,0.0,0.0,0.0,0.1275390178655446,0.1149152236409761,0.0108762240192962,0.0202257246175029,0.0,0.0,0.0,0.0,0.0076019303929344,0.0081665299977147,0.0028642867705094,0.0144769868048847,0.0,0.0,GPAB6931,GPAB6931.JPG,2024-10-04 01:37:56.573,2024-10-04 13:37:56.573,7.16910506648,171.1364634008,792445.1512863929,515067.04534629226,-1.688894214619291,31.11533807519531,-0.0734569333333335,0.9503978122725519,0.17294223608329184,0.04605711673961016,0.003545070987838045,0.77745557618926,0.7771133202167685,0.9440723656901931,0.9619927665601813
data/train\GPAB6942_jpg.rf.ad7a548a4c1e9f9e656996478eed1274.jpg,0.7559423446655273,0.2409784088661342,0.4608563478087198,0.0160834071089619,0.0126420380893488,0.0101627928860449,0.0,0.2085292948458201,0.4408802760776843,0.0,0.0,0.0,0.0,0.0102396091588042,0.0073340336416866,0.0,0.0,0.0124144698812996,0.0126420380893488,0.0,0.0,0.0101627928860449,0.0,0.2085292948458201,0.4408802760776843,0.0,0.0,0.0,0.0,0.0066340453561682,0.0073340336416866,0.0,0.0,0.0,0.0,0.0,0.0,GPAB6942,GPAB6942.JPG,2024-10-04 01:38:18.595,2024-10-04 13:38:18.595,7.16915590665,171.13672765685,792450.7802281115,515096.2204717725,-1.7035846264442662,31.142910156250004,-0.0714504166666668,0.7542714648671175,0.22805311077098578,0.23280323703773403,0.012925298095148419,0.5262183540961318,0.4813464445966708,0.6932850926019635,0.8198241724973591
data/train\GPAB6943_jpg.rf.6c8af24769bb96f9b4497d80a41f4c3d.jpg,0.9715566635131836,0.2674665801203327,0.2578847102970293,0.0803402192720506,0.0793396873193617,0.0,0.0,0.2397810352144998,0.2422122702473292,0.0,0.0,0.0,0.0,0.017456497984533,0.0068750564119503,0.0,0.0,0.0102453703792611,0.0087973836377498,0.0,0.0,0.0,0.0,0.159657821912994,0.1652087578232572,0.0,0.0,0.0,0.0,0.017262536895816,0.0045388815166604,0.0,0.0,0.0102453703792611,0.0087973836377498,0.0,0.0,GPAB6943,GPAB6943.JPG,2024-10-04 01:38:20.597,2024-10-04 13:38:20.597,7.16915843805,171.13674400749,792451.0606060858,515098.0256802618,-1.6879937884960403,31.142910156250004,-0.0712835833333334,0.9713619333119528,0.2483566118646574,0.009528098432371901,0.01910996825567529,0.7230053214472955,0.8966114914637315,0.9869929505278584,0.9577724452802996
data/train\GPAB6944_jpg.rf.29853f1d5567546dbca6ebf05b96d79a.jpg,0.9561052322387696,0.4278263107256641,0.4185862733161393,0.16049415908266,0.3375451055551608,0.1023538426380244,0.0806570863971823,0.3048761049540734,0.3169602648625085,0.0,0.0,0.0,0.0,0.0147247192845332,0.0145115541276263,0.0,0.0,0.0061913915843932,0.006457367928822,0.0,0.0,0.1023538426380244,0.0040126900482598,0.1443838662782323,0.0560595556562702,0.0,0.0,0.0,0.0,0.0147247192845332,0.0145115541276263,0.0,0.0,0.0061913915843932,0.006457367928822,0.0,0.0,GPAB6944,GPAB6944.JPG,2024-10-04 01:38:22.599,2024-10-04 13:38:22.599,7.169164573900001,171.13676550263,792451.7396167796,515100.3987798346,-1.874585057855012,31.142910156250004,-0.0711167500000001,0.9558047176713916,0.4011086508565975,0.017477622459541764,0.0267176598690666,0.5546960668147941,0.9007525444195276,0.9694539913540801,0.9535021046415295
data/train\GPAB6946_jpg.rf.69a736a184165b6b0dbcc98f8e658fd4.jpg,0.9736175537109376,0.1972344221399861,0.1813507373401981,0.1178592072944732,0.0400520046166579,0.0,0.0,0.1113816750940519,0.1030221442110296,0.0,0.0,0.0,0.0,0.0071707990620733,0.0067799962744107,0.0,0.0,0.0787443612054777,0.0715485968547577,0.0,0.0,0.0,0.0,0.0099035379654826,0.0826677523366549,0.0,0.0,0.0,0.0,0.0071707990620733,0.0067799962744107,0.0,0.0,0.0623978583623154,0.0518509841124743,0.0,0.0,GPAB6946,GPAB6946.JPG,2024-10-04 01:38:26.603,2024-10-04 13:38:26.603,7.16917431191,171.13681415191002,792452.8177312422,515105.76987854927,-1.8940408960402704,31.142910156250004,-0.0707830833333334,0.9734369328798613,0.17601104618002272,0.0053396911601753805,0.021223375959963375,0.7974258866998385,0.8688723515191731,0.9933483805142594,0.9428717765362119
data/train\GPAB6951_jpg.rf.fd609cc90f60eda0e6252f5f464ff693.jpg,0.9422273635864258,0.2697614662690144,0.2678036115170638,0.1534040171069839,0.193295667754257,0.0390197859514559,0.0201921174981708,0.2086694845436057,0.2252838841380158,0.0,0.0,0.0,0.0,0.0,0.0,0.0023083289964146,0.0018541527837257,0.019869489152582,0.0204734570971514,0.0,0.0,0.0390197859514559,0.0201921174981708,0.0566596827872016,0.0416036933263942,0.0,0.0,0.0,0.0,0.0,0.0,0.0023083289964146,0.0018541527837257,0.019869489152582,0.0108579801545159,0.0,0.0,GPAB6951,GPAB6951.JPG,2024-10-04 01:38:36.613,2024-10-04 13:38:36.613,7.16919823084,171.1369354768,792455.4659062888,515119.164701696,-1.832246988826309,31.17390997851563,-0.0699489166666667,0.9418318376564891,0.23969845772128373,0.028105153795780047,0.030063008547730696,0.7021333799352055,0.804717419055356,0.9615123654839423,0.9250347171013764
data/train\GPAB6953_jpg.rf.cafe2c5508e2ff7b8f76d42a30658cbb.jpg,0.9602642059326172,0.3931447237782852,0.4094931470282664,0.1381233400483558,0.1621668334219921,0.0,0.0,0.3494535482396591,0.367663805900642,0.0,0.0,0.0,0.0,0.0014470265381018,0.0,0.0027058532079435,0.0,0.0398205955949708,0.0418293411276244,0.0,0.0,0.0,0.0,0.2136366167808988,0.2054969724786498,0.0,0.0,0.0,0.0,0.0009602034094902,0.0,0.0027058532079435,0.0,0.0398205955949708,0.0418293411276244,0.0,0.0,GPAB6953,GPAB6953.JPG,2024-10-04 01:38:40.617,2024-10-04 13:38:40.617,7.1692078537,171.13698826535,792456.5314295619,515124.99282467546,-1.784375,31.20826461132813,-0.0696152500000001,0.9599921647401786,0.3813150177733651,0.02817812925490132,0.011829706004920115,0.5786771469668135,0.9050423328053603,0.953566969986092,0.9617385088183288
data/train\GPAB6980_jpg.rf.fc99a764c38c296eeaa04df2539d9919.jpg,0.9337406158447266,0.2295923168363986,0.2177760536792114,0.1289005863002018,0.0168477290229162,0.0016640325086466,0.008034021927205,0.1140750456576721,0.1326290561392525,0.0129214572815105,0.0049181618634091,0.0,0.0,0.0225926260218964,0.0112516635524069,0.0027625052091034,0.0,0.0008267351355711,0.0,0.0747806415311019,0.0609431501969377,0.0016640325086466,0.008034021927205,0.064563117050716,0.1186177679879705,0.0,0.0049181618634091,0.0,0.0,0.016768992343338,0.0084152226807726,0.0027625052091034,0.0,0.0008267351355711,0.0,0.0141610798831624,0.0609431501969377,GPAB6980,GPAB6980.JPG,2024-10-04 01:39:34.671,2024-10-04 13:39:34.671,7.16934008578,171.1376363897,792471.1707777292,515196.5485460576,-2.9103836594129717,31.19297920214844,-0.0627993500000001,0.9332869875154353,0.19032767901552272,0.027448374663688685,0.039264637820875886,0.7429593084999128,0.7404573879130655,0.9643716239290674,0.8966763350754294
data/train\GPAB6997_jpg.rf.c826182a13a0d7947e84cecc52a9bd70.jpg,0.9398040771484376,0.3307987164000822,0.2942821807371674,0.0628433927443189,0.1719215398590037,0.0,0.0,0.2917674080077123,0.2785876560090489,0.0,0.0,0.0,0.0,0.0208392945961672,0.0143780858537072,0.0067895983085056,0.0013164388744111,0.0064122383685759,0.0,0.0051850984112474,0.0,0.0,0.0,0.2460002726977683,0.1155412762639637,0.0,0.0,0.0,0.0,0.0107235516771872,0.0068193646141998,0.0,0.0,0.0064122383685759,0.0,0.0051850984112474,0.0,GPAB6997,GPAB6997.JPG,2024-10-04 01:40:08.705,2024-10-04 13:40:08.705,7.1694092757,171.13802445385,792478.8324242838,515239.3928135568,-2.099872347904135,31.228710937500004,-0.0576942500000001,0.9393919607929745,0.28223642896511203,0.012045751772055358,0.04856228743497015,0.6571555318278625,0.8232200171402648,0.9819998077301105,0.9175983381584991
data/train\GPAB7009_jpg.rf.28247ed465ee7cd05cd23f3380511de3.jpg,0.8289766311645508,0.3160595940644066,0.2063880412426568,0.1592795017696548,0.0526825202650929,0.0054357115011243,0.0018599140041826,0.1237567766355624,0.1331149190644546,0.007889031212372,0.0,0.0,0.0,0.0059321366638308,0.0094109536164141,0.0,0.0067358269175742,0.0082039779306848,0.003893624825483,0.1649879110390745,0.0513728028145482,0.0054357115011243,0.0018599140041826,0.1014858187558452,0.1113730332633665,0.007889031212372,0.0,0.0,0.0,0.0012088960925482,0.0094109536164141,0.0,0.0067358269175742,0.0082039779306848,0.003893624825483,0.0328869667750416,0.0204321683505433,GPAB7009,GPAB7009.JPG,2024-10-04 01:40:32.729,2024-10-04 13:40:32.729,7.169486012839999,171.13820746935,792487.3216140093,515259.59718892607,-3.421483089893936,31.227548336914065,-0.0540906500000001,0.827805762372701,0.1751266988398822,0.03126134240277462,0.1409328952245244,0.6526790635328188,0.5042215439737251,0.9542923007158632,0.7541931094263453
data/train\GPAB7021_jpg.rf.7c0a3f03fd6f538b6a5b3e820de08068.jpg,0.943425178527832,0.3965054357115011,0.3600455520497462,0.0815587173986937,0.0780002035631228,0.0,0.0,0.3106853355814896,0.2875367517854982,0.0,0.0,0.0,0.0,0.0536571267257255,0.0031321835217572,0.0,0.013952715743303,0.0224543567309298,0.0221278875717031,0.0097470248097356,0.0332960134274844,0.0,0.0,0.2305256345504231,0.2095365482223754,0.0,0.0,0.0,0.0,0.0522581103580982,0.0031321835217572,0.0,0.013952715743303,0.0224543567309298,0.0221278875717031,0.0097470248097356,0.0332960134274844,GPAB7021,GPAB7021.JPG,2024-10-04 01:40:56.753,2024-10-04 13:40:56.753,7.169346866270001,171.13793782263,792471.930333738,515229.8298446225,-1.7866200715890028,31.159010672851565,-0.05048705,0.943037853138809,0.34979442045002807,0.010251131599718133,0.04671101526147303,0.5932434326887808,0.8599601052842791,0.9830137134510832,0.9326034835881047
data/train\GPAB7022_jpg.rf.ef80630b7a7d3048fbaa5f24c5ae6cf6.jpg,0.937347412109375,0.6547338988291279,0.6890995788547846,0.0794376280671297,0.5105334314021083,0.003053446842179,0.0030889743683301,0.6478962903501477,0.6822898162746797,0.0,0.0,0.0,0.0,0.0,0.0,0.0037870422470296,0.0,0.0,0.0037207882117747,0.0,0.0,0.003053446842179,0.0,0.568458662283018,0.1785661474526763,0.0,0.0,0.0,0.0,0.0,0.0,0.0037870422470296,0.0,0.0,0.0,0.0,0.0,GPAB7022,GPAB7022.JPG,2024-10-04 01:40:58.755,2024-10-04 13:40:58.755,7.16933294775,171.13791411699998,792470.3908877452,515227.2129435688,-1.8893125268812017,31.16759933105469,-0.05018675,0.9369184768101274,0.6403759772470199,0.04872360160776468,0.014357921582108024,0.2965424995631074,0.9103264615834006,0.858881015418159,0.9184758076929473
data/train\GPAB7023_jpg.rf.3d860cb9b2b20806f8f8e342858c372c.jpg,0.9330101013183594,0.3526318215250719,0.327852812339766,0.1352619338880748,0.1004065501235781,0.069545612542561,0.0413655628808406,0.2505871643849033,0.2618349871236722,0.0,0.0,0.0,0.0,0.0,0.0028124357863969,0.0,0.0,0.021547924712371,0.0218398265488561,0.0109511198852364,0.0,0.069545612542561,0.0354036599113156,0.1271299712131018,0.1702027757560161,0.0,0.0,0.0,0.0,0.0,0.0,0.0,0.0,0.021547924712371,0.0218398265488561,0.0,0.0,GPAB7023,GPAB7023.JPG,2024-10-04 01:41:00.757,2024-10-04 13:41:00.757,7.169319976130001,171.13788957333,792468.9560916687,515224.50348204776,-1.8306168606146211,31.17618798925781,-0.0499116833333333,0.9325514717037657,0.3065180527843018,0.02133475955546421,0.04611376874077011,0.6260334189194638,0.8196402253341755,0.9670438550042346,0.9181367779978327
data/train\GPAB7024_jpg.rf.a1ef511de11f5c302d455d82c0d37bd8.jpg,0.9879112243652344,0.1881518580896177,0.183775250949161,0.1255706008760896,0.0889138755153891,0.0,0.0,0.1748751255465958,0.1589482315933807,0.0,0.0,0.0,0.0,0.0,0.0,0.0,0.0,0.0132911355941642,0.0248270193557803,0.0,0.0,0.0,0.0,0.0504663707959894,0.0711990828137032,0.0,0.0,0.0,0.0,0.0,0.0,0.0,0.0,0.012129289468681,0.0236622926200686,0.0,0.0,GPAB7024,GPAB7024.JPG,2024-10-04 01:41:02.759,2024-10-04 13:41:02.759,7.1693104161,171.13786662773998,792467.8984919772,515221.9703528025,-1.7287384685680398,31.184776647460936,-0.0496781166666667,0.9878284615813013,0.17987778531004006,0.0038974656391209395,0.008274072779577646,0.8079506762712613,0.9366228519716615,0.9951992676488121,0.9756118818468607
data/train\GPAB7026_jpg.rf.074569e48485ec38a4cb5c629f52f56c.jpg,0.9841604232788086,0.1423280707785137,0.1534040171069839,0.0770515225945464,0.1190306554540513,0.0,0.0,0.1365831737795334,0.1387340294167916,0.0,0.0,0.0,0.0,0.0029276601955358,0.0044159754802457,0.0,0.0,0.0028172368034444,0.0029257397887168,0.0,0.0073282724212297,0.0,0.0,0.0595460542361293,0.0270316463839699,0.0,0.0,0.0,0.0,0.0029276601955358,0.0044159754802457,0.0,0.0,0.0028172368034444,0.0029257397887168,0.0,0.0,GPAB7026,GPAB7026.JPG,2024-10-04 01:41:06.763,2024-10-04 13:41:06.763,7.16929121405,171.1378184247,792465.7741525518,515216.6488418356,-1.9362742624734817,31.201953963867187,-0.0492109833333333,0.9840519815717762,0.13989203472863687,0.013511982378347026,0.0024360360498768274,0.8441599468431392,0.8976641877029432,0.9842457448845132,0.9835650523420049
data/train\GPAB7027_jpg.rf.5bf488c10f515218c4a6f6359ff04865.jpg,0.7757987976074219,0.1586544093500767,0.3745830316694288,0.0210726240246733,0.0204292877403149,0.0,0.0,0.0851623607945107,0.0936899272741937,0.0053089646510716,0.005470278823866,0.0,0.0,0.0031859549126887,0.054151631481613,0.0,0.0,0.0012194583300526,0.0014028571812652,0.0637776706617529,0.2198683369084907,0.0,0.0,0.0640897367698373,0.0897559739055121,0.0053089646510716,0.0,0.0,0.0,0.0031859549126887,0.054151631481613,0.0,0.0,0.0012194583300526,0.0014028571812652,0.0637776706617529,0.2088432813607234,GPAB7027,GPAB7027.JPG,2024-10-04 01:41:08.765,2024-10-04 13:41:08.765,7.16928368085,171.13779101404998,792464.9404665793,515213.6226530331,-2.0010091155978,31.210542622070317,-0.0489774166666667,0.7742638600561143,0.1537506505378099,0.2208323811316189,0.004903758812266817,0.6205132095183044,0.40515415659830717,0.7375247655829157,0.8533081674552597
data/train\GPAB7050_jpg.rf.5d195395bfbe8803ccd8968785d9d541.jpg,0.9682826995849608,0.3889851226083733,0.3798343841159311,0.2487474146523199,0.1771018372532037,0.0,0.0,0.3889851226083733,0.3700115032368457,0.0,0.0,0.0,0.0,0.0,0.0,0.0,0.0,0.0,0.0098228808790854,0.0,0.0,0.0,0.0,0.1402569120242432,0.1929096659836419,0.0,0.0,0.0,0.0,0.0,0.0,0.0,0.0,0.0,0.0098228808790854,0.0,0.0,GPAB7050,GPAB7050.JPG,2024-10-04 01:41:54.811,2024-10-04 13:41:54.811,7.1690949939,171.1371846255,792444.061518298,515146.6768870659,-1.9374079819466337,31.185810546875,-0.0436053833333334,0.9680655550071726,0.3684425308657385,0.011391853250192596,0.020542591742634786,0.599623024141434,0.9202390573924802,0.981355849633607,0.9642725553712002
data/train\GPAB7059_jpg.rf.9d98a90bf8301b908be647a4c522fe68.jpg,0.7917718887329102,0.5661263282013662,0.4490362438378946,0.0926260218964785,0.1267103623231545,0.0503453851663936,0.0503012158095571,0.4920427943455541,0.3791343958304127,0.0,0.0,0.0,0.0,0.0,0.0,0.0,0.0,0.0237381486894183,0.0196006321979248,0.0,0.0,0.0,0.0,0.4497698392427451,0.3027252493168152,0.0,0.0,0.0,0.0,0.0,0.0,0.0,0.0,0.0237381486894183,0.0196006321979248,0.0,0.0,GPAB7059,GPAB7059.JPG,2024-10-04 01:42:12.829,2024-10-04 13:42:12.829,7.16905271796,171.13696329635,792439.3807166718,515122.24108694406,-1.7366416851331024,31.22797734082032,-0.0412894666666668,0.7903463069616667,0.40275443950046375,0.04628180433743084,0.16337188870090247,0.38759186746120294,0.6576569090139387,0.8933288481286074,0.802375172211321
data/train\GPAB7061_jpg.rf.017d56e7556882c1de865eb499bdbf21.jpg,0.9472255706787108,0.2285255308484549,0.2158085968931658,0.0403208615713152,0.0765378137704691,0.0,0.0,0.208681967187929,0.1752937742331335,0.0,0.0,0.0,0.0,0.0040501379812299,0.0043718061234091,0.0042306562222141,0.0034125629173284,0.0101205439360274,0.0064324026401752,0.0015334448449559,0.0262980509791194,0.0,0.0,0.1720828540317981,0.1021685233799928,0.0,0.0,0.0,0.0,0.0040501379812299,0.0043718061234091,0.0014172602324076,0.0,0.0092784455459044,0.0064324026401752,0.0015334448449559,0.0262980509791194,GPAB7061,GPAB7061.JPG,2024-10-04 01:42:16.833,2024-10-04 13:42:16.833,7.16904214197,171.1369118196,792438.209870679,515116.5578306459,-1.9333950791604049,31.228710937500004,-0.0407556000000001,0.9468642637256275,0.19559919573362405,0.020209401159541757,0.03292633511483084,0.7512650679920034,0.7863760596655385,0.9738041867000892,0.9148612693060438
data/train\GPAB7062_jpg.rf.2c7208719da7236acf8888944147a4c5.jpg,0.8754520416259766,0.2795517002321772,0.3410008776259163,0.1574752795632227,0.2809804829054987,0.0818976692022438,0.0837748668677972,0.1429992529617474,0.2248076232469086,0.0,0.0,0.0,0.0,0.0072264908598237,0.0,0.0187959817407719,0.0029814315864672,0.0286582309596464,0.0294369559247431,0.0,0.0,0.0,0.0,0.0812802584099415,0.0305834387956744,0.0,0.0,0.0,0.0,0.0,0.0,0.0122435536744103,0.0,0.0286582309596464,0.0294369559247431,0.0,0.0,GPAB7062,GPAB7062.JPG,2024-10-04 01:42:18.835,2024-10-04 13:42:18.835,7.16903530485,171.1368833331,792437.4531053411,515113.4128299322,-1.66770584331926,31.228710937500004,-0.0404886666666668,0.8745993551273902,0.24757596649274183,0.09342491113317447,0.03197573373943535,0.6270233886346483,0.6637841595118874,0.8703239203100593,0.8779708686451615
data/train\GPAB7065_jpg.rf.4039f0083a44753ef687177038eeddbf.jpg,0.9750080108642578,0.240451257194324,0.2233461936576644,0.0963458499048438,0.0919241132041411,0.0,0.0,0.2139073941423751,0.2064427728369978,0.0,0.0048989577952193,0.0,0.0,0.0053166462783476,0.0,0.0,0.0,0.0212550626724765,0.0120044630254473,0.0,0.0,0.0,0.0,0.1199898986601321,0.1186139271743326,0.0,0.0048989577952193,0.0,0.0,0.0053166462783476,0.0,0.0,0.0,0.0188295888601041,0.0079091954839713,0.0,0.0,GPAB7065,GPAB7065.JPG,2024-10-04 01:42:24.841,2024-10-04 13:42:24.841,7.16902007194,171.13680370179,792435.7665224517,515104.6211503224,-1.8206082643381216,31.228710937500004,-0.0396878666666668,0.9748369094508981,0.2193171801514432,0.004029013506221202,0.02113407704288081,0.7555197292994548,0.8970751689819447,0.9946955168521002,0.9534010615164952
data/train\GPAB7067_jpg.rf.a302de79c7c7c7514de83ec1b06bfd44.jpg,0.9717340469360352,0.2733708708852883,0.2749964952575554,0.0121830608596125,0.0465890694284677,0.0115723714911766,0.0121628965880132,0.2443266381550267,0.2481837752509491,0.0,0.0,0.0,0.0,0.0047616487076622,0.0037083055674514,0.0,0.0,0.0130664479963435,0.0109415178511415,0.0,0.0,0.0115723714911766,0.0121628965880132,0.2328118788684194,0.2015947058224814,0.0,0.0,0.0,0.0,0.0041010287619329,0.0037083055674514,0.0,0.0,0.0130664479963435,0.0109415178511415,0.0,0.0,GPAB7067,GPAB7067.JPG,2024-10-04 01:42:28.845,2024-10-04 13:42:28.845,7.16901003395,171.13674629140002,792434.6549579452,515098.2827357203,-2.140769632878274,31.228710937500004,-0.0391540000000001,0.971540531146118,0.25995394864448085,0.015042546613074526,0.013416922240807427,0.7115865825016372,0.9013240469159397,0.9792981783824141,0.9651093088602635
data/train\GPAB7079_jpg.rf.909e521c3f586cbc8b357fbd01b9cb3a.jpg,0.9624834060668944,0.1949510584322182,0.174303804517949,0.083447437505161,0.0637555859833347,0.0128100736860096,0.0135753558033733,0.1071270137866005,0.1080084805165126,0.0,0.0,0.0,0.0,0.0423564927994346,0.0294571201963423,0.0,0.0,0.0186039410588739,0.0162888906385928,0.0147035948095244,0.0069739573631278,0.0128100736860096,0.0135753558033733,0.0696473941039669,0.0727075623700124,0.0,0.0,0.0,0.0,0.0141274727638302,0.0079764097226356,0.0,0.0,0.0138835810978197,0.0162888906385928,0.0017485304086817,0.0,GPAB7079,GPAB7079.JPG,2024-10-04 01:42:52.869,2024-10-04 13:42:52.869,7.16894795828,171.13643534954002,792427.7824251797,515063.9533373167,-1.7599497285399888,31.228710937500004,-0.0359508000000001,0.9622265580740623,0.1657407105121148,0.008563094005834188,0.02921034792010338,0.7964858475619476,0.8143940287521998,0.9893632628233034,0.9197645005301607
data/train\GPAB7080_jpg.rf.534c4e4511da2cce23e581aeb17807ff.jpg,0.955824851989746,0.3288792697845111,0.3342324037924193,0.0389247258139164,0.0267109384452002,0.0254031414014744,0.0270095617055517,0.2446348634494731,0.2472792636392093,0.0,0.0,0.0,0.0,0.0086677561774686,0.0318240216007359,0.0019367302769418,0.0019876210576448,0.0054549155693142,0.0,0.0428375547075892,0.0261319357892776,0.0254031414014744,0.0270095617055517,0.2092292831313385,0.2205683251940091,0.0,0.0,0.0,0.0,0.0053877013306498,0.0318240216007359,0.0019367302769418,0.0019876210576448,0.0054549155693142,0.0,0.0428375547075892,0.0261319357892776,GPAB7080,GPAB7080.JPG,2024-10-04 01:42:54.871,2024-10-04 13:42:54.871,7.168944026329999,171.13641147815,792427.3469742186,515061.3177993175,-1.6781225130747026,31.228710937500004,-0.0356838666666668,0.9555224178690013,0.3093170457229658,0.024915358069453497,0.019562224061545286,0.6462053721460355,0.874284178929484,0.9628749985692538,0.9516967617879113
data/train\GPAB7081_jpg.rf.2159b20d8b296fd86124587d2ea73ea6.jpg,0.9492406845092772,0.193344638128141,0.1570825563687411,0.0452783917745135,0.0117327254605615,0.0,0.0,0.1322920247425214,0.1257338354557029,0.0,0.0,0.0,0.0,0.0526297090775709,0.0313487209130382,0.0084353869523719,0.0,0.0,0.0,0.0,0.0,0.0,0.0,0.0942785319642112,0.1140011099951413,0.0,0.0,0.0,0.0,0.0453648100813676,0.0313487209130382,0.0084353869523719,0.0,0.0,0.0,0.0,0.0,GPAB7081,GPAB7081.JPG,2024-10-04 01:42:56.873,2024-10-04 13:42:56.873,7.168940021180001,171.13638184477,792426.9032423209,515058.0460758501,-1.9840623468999428,31.228710937500004,-0.0354169333333334,0.9488931735298805,0.14966018401338121,0.007422372355359891,0.043684454114759796,0.7992329895164991,0.7454421104989276,0.9907985830055897,0.882428860727757
data/train\GPAB7090_jpg.rf.5a202a153d5630556c96afc11f25bef5.jpg,0.9035005569458008,0.1994025614386151,0.2579759296209309,0.0769583828638258,0.1038680834147905,0.0399761485473082,0.0222440721842515,0.1392448576306404,0.2206374598394924,0.0,0.0,0.0,0.0027164154454479,0.0078679067373632,0.0015910570495253,0.0021806219429523,0.0,0.0101330265803507,0.0107869251022136,0.0,0.0,0.0,0.0,0.1063002786510294,0.1406045056584786,0.0,0.0,0.0,0.0027164154454479,0.0040395757437255,0.0,0.0021806219429523,0.0,0.0101330265803507,0.0107869251022136,0.0,0.0,GPAB7090,GPAB7090.JPG,2024-10-04 01:43:14.891,2024-10-04 13:43:14.891,7.16888878852,171.13613666112,792421.2315584876,515030.97675110056,-1.915011105299152,31.228710937500004,-0.0315254333333334,0.9028398976039084,0.18010919433172723,0.07786673528920368,0.019293367106887865,0.7227307032721813,0.6495821804191011,0.9027392150677817,0.9029916755562537
data/train\GPAB7095_jpg.rf.da1a17f02f4eb3d1397d87151efeb1a6.jpg,0.9281911849975586,0.4766776193868909,0.4361503140825352,0.2782947939691544,0.2781555644747783,0.0017370079677678,0.0,0.4083764304630293,0.3843108524109747,0.0,0.0,0.0,0.0095242576187339,0.0524155837172546,0.0260042287358153,0.0,0.0,0.0145000316867125,0.0163109753170111,0.0,0.0,0.0017370079677678,0.0,0.1503380876204815,0.1149747562523645,0.0,0.0,0.0,0.0095242576187339,0.0397332170847072,0.0260042287358153,0.0,0.0,0.0071343113325126,0.007491507000843,0.0,0.0,GPAB7095,GPAB7095.JPG,2024-10-04 01:43:24.901,2024-10-04 13:43:24.901,7.16886371902,171.13599963206,792418.4557005992,515015.84803695057,-1.8013337541251049,31.220555573242198,-0.0291897666666668,0.9276995638756114,0.4202637486725187,0.015886565410016484,0.056413870714372205,0.5074358152030927,0.8532162135292087,0.9696428702487285,0.9256474059482804
data/train\GPAB7183_jpg.rf.4ec008fb929778140b3f448a821803ac.jpg,0.9748783111572266,0.0120985629595773,0.0328063096886444,0.0106803425237602,0.0085448501410538,0.0,0.0018656752246395,0.0116309438991555,0.0309406344640048,0.0,0.0,0.0,0.0,0.0004676190604217,0.0,0.0,0.0,0.0,0.0,0.0,0.0,0.0,0.0018656752246395,0.0014182204358171,0.0223957843229509,0.0,0.0,0.0,0.0,0.0,0.0,0.0,0.0,0.0,0.0,0.0,0.0,GPAB7183,GPAB7183.JPG,2024-10-04 01:46:21.000,2024-10-04 13:46:21.000,7.168413479,171.133674596,792368.6073435536,514759.15263881406,-1.7577722600134087,31.014208984375,-0.0032,0.9747063217872074,0.009805597217714568,0.02300071247092983,0.002292965741862732,0.9649007245694928,0.2793675110794984,0.9767176039951557,0.8935968972356736
data/train\GPAB7185_jpg.rf.bbdd85b10b2ce4494aa5e4f51cb88e08.jpg,0.9936408996582032,0.0622941563940905,0.0671182183233696,0.0605974769695212,0.062980701831876,0.0,0.0024081901510015,0.0567883500440733,0.062980701831876,0.0,0.0,0.0,0.0,0.0,0.0,0.0,0.0017293263404919,0.0055077267568361,0.0,0.0,0.0,0.0,0.0024081901510015,0.0,0.0,0.0,0.0,0.0,0.0,0.0,0.0,0.0,0.0017293263404919,0.0016966794245693,0.0,0.0,0.0,GPAB7185,GPAB7185.JPG,2024-10-04 01:46:25.000,2024-10-04 13:46:25.000,7.168397024,171.133619861,792366.7865233223,514753.1098086224,-2.577563361417647,31.00562890625,-0.0026666666666666,0.993597363665519,0.061504869191489564,0.005613349131880038,0.0007892872026009357,0.9320924944740294,0.9057153361047501,0.9940137419744617,0.9906717085234543
