image,accuracy,coral_cover,coral_cover_pred,pct_bleached_true,pct_bleached_pred,cover_true__branching_acropora,cover_pred__branching_acropora,cover_true__finger-knob_porites,cover_pred__finger-knob_porites,cover_true__finger_acropora,cover_pred__finger_acropora,cover_true__mounding_,cover_pred__mounding_,cover_true__oddball,cover_pred__oddball,cover_true__pocillopora_,cover_pred__pocillopora_,cover_healthy_true__branching_acropora,cover_healthy_pred__branching_acropora,cover_healthy_true__finger-knob_porites,cover_healthy_pred__finger-knob_porites,cover_healthy_true__finger_acropora,cover_healthy_pred__finger_acropora,cover_healthy_true__mounding_,cover_healthy_pred__mounding_,cover_healthy_true__oddball,cover_healthy_pred__oddball,cover_healthy_true__pocillopora_,cover_healthy_pred__pocillopora_,image_id,filename,DateTimeUTC,DateTimeLocal,latPhoto,lonPhoto,NorthPhoto_UTM,EastPhoto_UTM,Depth_WaterSurface,HoboTempPhoto,photo_tide
data/train\GPAB5767_jpg.rf.ff45ee3ec5f3fbc48cde27a5273de27d.jpg,0.9463434219360352,0.40390284277821414,0.3907048469147704,0.2585194047507024,0.02966932514983974,0.0747566364458647,0.0,0.0,0.019594870977467867,0.2933507834299618,0.07929551796252518,0.015515926893953215,0.25028277990409487,0.006554348473180559,0.025374335299189782,0.013833650520526269,0.01615734277149271,0.0747566364458647,0.0,0.0,0.0,0.07152555197292995,0.07929551796252518,0.0,0.249186227610457,0.0,0.01639643342045579,0.0,0.01615734277149271,GPAB5767,GPAB5767.JPG,2024-10-04 00:59:06.245,2024-10-04 12:59:06.245,7.1701961792,171.1367495979,792565.7806295662,515098.6087502649,-5.0828520103574295,31.701752094726558,-0.3423755000000001
data/train\GPAB4628_jpg.rf.a32dd5456b0963e5b59d0ca007cce0b1.jpg,0.8621683120727539,0.21332263026599554,0.1379495432312381,0.001997223091739754,0.04987584569915291,0.2113254071742558,0.07221785863117243,0.0,0.0,0.0,0.0,0.0,0.059803388749872774,0.001997223091739754,0.004478388701862603,0.0,0.0014499071483303023,0.2113254071742558,0.03557841693184284,0.0,0.0,0.0,0.0,0.0,0.04656698475004945,0.0,0.004478388701862603,0.0,0.0014499071483303023,GPAB4628,GPAB4628.JPG,2024-10-04 00:21:05.967,2024-10-04 12:21:05.967,7.1708208102,171.13555926371,792634.7931323395,514967.162573959,-1.7523282070788608,31.786416015625,-0.5206022000000001
data/train\GPAB3115_jpg.rf.579f0cdc4939c117334ea9da5ff03dd0.jpg,0.8914127349853516,0.6422896626421342,0.6354184470438218,0.6273786638961598,0.009842084947275231,0.007606731409981891,0.005041067899823898,0.6001472952030158,0.6079422264812578,0.0013759714857995518,0.0,0.020087455326536375,0.004589772297363474,0.013005955181545658,0.0178453803653766,9.506013753953637e-05,0.0,0.0,0.005041067899823898,0.0,0.6000704789302566,0.0,0.0,0.0031917161331456454,0.004589772297363474,0.01174520810488494,0.015875042969102575,0.0,0.0,GPAB3115,GPAB3115.JPG,2024-10-03 23:30:36.941,2024-10-04 11:30:36.941,7.18183213901,171.1210261328,793851.6207128506,513362.22902216314,-1.8412103286384136,31.97492462207031,-0.6583843166666667
data/train\GPAB3141_jpg.rf.deb6e80db7bd7689306dbd1b22440fe5.jpg,0.8078479766845703,0.5167152209524065,0.4872446579083313,0.5064832934208783,0.08861717266185669,0.015740614491773938,0.011169086059190779,0.36137063275484277,0.37131545946693345,0.1265855358799208,0.028006252844602602,0.006490975048154201,0.0021143679076975667,0.007256257165517943,0.07463949162990688,0.0,0.0,0.0,0.011169086059190779,0.0,0.2868598083818076,0.010258813226994007,0.023844731267871785,0.0,0.0021143679076975667,0.0,0.07463949162990688,0.0,0.0,GPAB3141,GPAB3141.JPG,2024-10-03 23:31:28.993,2024-10-04 11:31:28.993,7.18214828539,171.12041647082998,793886.5522166146,513294.90830559866,-2.4789721325142886,32.06100854589844,-0.6575167833333335
data/train\GPAB6690_jpg.rf.637f5097d9a3bab3fa7b446bc3a42681.jpg,0.8797540664672852,0.2496672895186116,0.3053370025906288,0.20294763242645322,0.0758695121974639,0.013237364203232812,0.015954739852090265,0.0,0.02598598487103508,0.2307003915709504,0.20811256656610136,0.0029122969409839782,0.03092527120945301,0.0,0.023264768408539666,0.002822037820491893,0.0010936716834094135,0.0,0.015954739852090265,0.0,0.005595105267099783,0.04816764383366973,0.16332963975088483,0.0,0.02821941800150944,0.0,0.015274915838171158,0.0,0.0010936716834094135,GPAB6690,GPAB6690.JPG,2024-10-04 01:29:54.000,2024-10-04 13:29:54.000,7.169189223,171.135805456,792454.4330503186,514994.3981912784,-2.1617272627344906,31.310221679687505,-0.13880000000000012
data/train\GPAB2867_jpg.rf.a760f33822f6d3414eebcb42d8a10ffe.jpg,0.9218006134033203,0.250126266748348,0.28304780084613124,0.207111074410003,0.11532619070023793,0.01848871664973508,0.0013423643664673924,0.0,0.0,0.2316375500986129,0.2635662338709832,0.0,0.0,0.0,0.0034250455616517805,0.0,0.014714157047028843,0.01848871664973508,0.0,0.0,0.0,0.024526475688609876,0.15482607835643902,0.0,0.0,0.0,0.0009630840197187372,0.0,0.011932447769735541,GPAB2867,GPAB2867.JPG,2024-10-03 23:22:20.445,2024-10-04 11:22:20.445,,,,,,31.271611328124997,-0.66034075
data/train\GPAB6583_jpg.rf.34fe1addfc3ac25bcef690a08010fba2.jpg,0.8408136367797852,0.16226957518680757,0.229851571756961,0.11907578501429743,0.12392865304586123,0.02342416217451505,0.07034450177925691,0.0177368773801042,0.006317178231036463,0.07774863026983636,0.10698778429222447,0.013165348947521043,0.007876548568048656,0.0,0.01877197665553471,0.03041828380924215,0.019553582230859786,0.0,0.03374922943676388,0.013606082312477076,0.0,0.01524610973588645,0.045782498564495906,0.004146158322178971,0.0009794074776800718,0.0,0.008019618876062706,0.01041916719637888,0.017392164356097195,GPAB6583,GPAB6583.JPG,2024-10-04 01:26:19.877,2024-10-04 13:26:19.877,7.169782253729999,171.13823878568002,792520.0713895583,515263.0449950028,-1.8056152078312664,31.301113926757814,-0.16501230000000006
data/train\GPAB3676_jpg.rf.cf29c1b5e8ed14be8d55b94129a9427f.jpg,0.8668489456176758,0.5781557565154603,0.5808971372495549,0.4134760707708321,0.15147304805049902,0.0,0.0,0.0,0.0016659529154656122,0.572013335304951,0.5751829667596784,0.002681848122706314,0.001600659083620274,0.003665096414024347,0.002447558490790689,0.0,0.0,0.0,0.0,0.0,0.0,0.16578968088599888,0.42537587162464496,0.0,0.001600659083620274,0.0,0.002447558490790689,0.0,0.0,GPAB3676,GPAB3676.JPG,2024-10-03 23:49:20.000,2024-10-04 11:49:20.000,7.181872391,171.119543633,793856.0275155021,513198.54808750324,-1.7041007584351475,31.7992861328125,-0.6196666666666668
data/train\GPAB6715_jpg.rf.a898d0fb7c3a95601530c5917ce4fd7a.jpg,0.8825597763061523,0.0,0.11824424886167886,0.0,0.07914764663746368,0.0,0.0,0.0,0.08122264620537215,0.0,0.009051837541264741,0.0,0.01889680309876844,0.0,0.009072962016273528,0.0,0.0,0.0,0.0,0.0,0.023345425494936848,0.0,0.009051837541264741,0.0,0.0066993391880135885,0.0,0.0,0.0,0.0,GPAB6715,GPAB6715.JPG,2024-10-04 01:30:44.141,2024-10-04 13:30:44.141,7.1690539837900005,171.13511138252,792439.4600647765,514917.7691972076,-5.927349385907954,31.271611328124997,-0.13211453333333345
data/train\GPAB3222_jpg.rf.ef789681cc6f68d058b4fab3aa2fddd8.jpg,0.8512125015258789,0.7322002292965741,0.7185855051534117,0.7322002292965741,0.0012713093141651127,0.0,0.0,0.0,0.0012713093141651127,0.7322002292965741,0.6575981855996375,0.0,0.05971601023960916,0.0,0.0,0.0,0.0,0.0,0.0,0.0,0.0,0.0,0.6575981855996375,0.0,0.05971601023960916,0.0,0.0,0.0,0.0,GPAB3222,GPAB3222.JPG,2024-10-03 23:34:11.155,2024-10-04 11:34:11.155,7.18277562025,171.11937817575,793955.8726085277,513180.2542818626,-1.893687892520337,32.47282226562499,-0.6492563333333334
data/train\GPAB6725_jpg.rf.990d5f2625903257e8bc17df9fa2bf20.jpg,0.8910284042358398,0.2114636764652224,0.198528776335979,0.18014088104424042,0.041282025184215025,0.0,0.0,0.1433362843584785,0.13410776938986754,0.05148226600323012,0.01971105559001619,0.014966690543724783,0.04282987308031334,0.0017696548836905611,0.0,0.0,0.0018800782757819416,0.0,0.0,0.0,0.115516310975317,0.027016283129418135,0.01546119529961227,0.002608872663585054,0.02626924487683471,0.0017696548836905611,0.0,0.0,0.0,GPAB6725,GPAB6725.JPG,2024-10-04 01:31:04.161,2024-10-04 13:31:04.161,7.16900298417,171.13484529288002,792433.8135400076,514888.3916038072,-4.975761548808768,31.228710937500004,-0.1293065000000001
data/train\GPAB2988_jpg.rf.83afaab24b357370faadb37c4a8f2e80.jpg,0.18329524993896484,0.1740839179371758,0.9601822850152576,0.15737157759499773,0.8199138505501006,0.0054539553659047136,0.0029593469080490013,0.0,0.0,0.1544525592301473,0.1352475308369325,0.014189885985447157,0.0,0.0,0.8219754072702762,0.0,0.0,0.0054539553659047136,0.0029593469080490013,0.0,0.0,0.011270867620596748,0.1352475308369325,0.0,0.0,0.0,0.002061556720175602,0.0,0.0,GPAB2988,GPAB2988.JPG,2024-10-03 23:26:22.687,2024-10-04 11:26:22.687,7.181609474519999,171.11955204547002,793826.9629640498,513199.4844728102,-1.8869325698804025,31.48611328124999,-0.6603781166666668
data/train\GPAB3224_jpg.rf.3496e1b9cc1114642afead4714dc1e93.jpg,0.8865509033203125,0.4271186408128698,0.3361912187477795,0.34280798044257693,0.026148259247238934,0.0,0.0,0.0,0.0,0.4271186408128698,0.17502779788870473,0.0,0.16116342085907479,0.0,0.0,0.0,0.0,0.0,0.0,0.0,0.0,0.08431066037029285,0.16553810759271245,0.0,0.14450485190782816,0.0,0.0,0.0,0.0,GPAB3224,GPAB3224.JPG,2024-10-03 23:34:15.159,2024-10-04 11:34:15.159,7.18274942123,171.11941347125003,793952.9773842017,513184.15193248907,-1.928564232694475,32.47282226562499,-0.6489894
data/train\GPAB6717_jpg.rf.d75823f43240ef0ce9f9964a1c4519d3.jpg,0.9764127731323242,0.04168723102301992,0.04887243313623558,0.039783147662000716,0.0055922246568713115,0.0,0.0,0.029315010091737835,0.022984389012968506,0.005310885057890663,0.015159691429032326,0.007061335873391419,0.007298506115535515,0.0,0.0034298465786992316,0.0,0.0,0.0,0.0,0.0,0.020822010934796426,0.0,0.015159691429032326,0.0019040833610191983,0.007298506115535515,0.0,0.0,0.0,0.0,GPAB6717,GPAB6717.JPG,2024-10-04 01:30:48.145,2024-10-04 13:30:48.145,7.1690417472000005,171.1350614461,792438.1057164291,514912.2560601711,-6.176634580516761,31.271611328124997,-0.1315806666666668
data/train\GPAB4862_jpg.rf.11a13aa47c9a9c8fb61cd72b53131a3d.jpg,0.8634634017944336,0.1390057669816774,0.13381970836702048,0.1214071588925398,0.020206520549313167,0.055452707101472376,0.005711289879648105,0.0,0.0,0.056305367729099734,0.05810574912189398,0.014106348288821504,0.03111059046748463,0.0,0.02594949714147445,0.013175911185025436,0.0129425817565193,0.0,0.0031734722683653305,0.0,0.0,0.01110571263416442,0.05810574912189398,0.006690697357328176,0.026711898648609723,0.0,0.01578862466224845,0.0,0.009833443116589818,GPAB4862,GPAB4862.JPG,2024-10-04 00:28:54.435,2024-10-04 12:28:54.435,7.1707948108,171.13652719585002,792631.9506352632,515074.03347192757,-3.3193200529455305,31.620970659179687,-0.4845565000000001
data/train\GPAB5096_jpg.rf.e6b7fbc62c0b41cc3946e299a644d3f2.jpg,0.8338518142700195,0.5183254820701217,0.5019050435644287,0.17120618831893347,0.08437019298168123,0.03827946912273896,0.06303735383303599,0.009687492198347298,0.019517094501299154,0.46689314664418513,0.4038740366759294,0.0036602953969768954,0.0,0.0,0.015476558554164114,0.0,0.0,0.0,0.05291296908337062,0.0,0.013146144879331238,0.3513633928211352,0.33766897179498506,0.0,0.0,0.0,0.013806764825060542,0.0,0.0,GPAB5096,GPAB5096.JPG,2024-10-04 00:36:42.903,2024-10-04 12:36:42.903,7.16985190807,171.13416803992,792527.6381594011,514813.58792731486,-3.5501123602095825,31.400728633789054,-0.44642475000000004
data/train\GPAB6696_jpg.rf.7b1873494355502f46e4f7212e94cfcf.jpg,0.9179658889770508,0.14228582182849614,0.12470353719731989,0.12135626811183681,0.028927087914303765,0.0,0.0,0.09660894563904418,0.06851147347054,0.039909894512053436,0.02426049934418107,0.005772742897855482,0.011804740716273335,0.0,0.020126823666325476,0.0,0.0,0.0,0.0,0.0,0.06491647190540845,0.01707721763778439,0.02194736933071902,0.0038580972993318904,0.008912608046888653,0.0,0.0,0.0,0.0,GPAB6696,GPAB6696.JPG,2024-10-04 01:30:06.103,2024-10-04 13:30:06.103,7.16915249176,171.13563493517,792450.3669327501,514975.5720038356,-4.969298863172379,31.284923319335938,-0.13718626666666678
data/train\GPAB3205_jpg.rf.b2dcf1145d64430a21b33c0963363d7a.jpg,0.7156505584716797,0.5118892386163085,0.25742957388093096,0.5071381521461507,0.015432389197327562,0.0,0.0011272788027415729,0.49181522613750495,0.24222859370529054,0.013103895929313665,0.010878144426115227,0.006579313761827306,0.001185851210720479,0.0004176884831282659,0.0020097057360631276,0.0,0.0,0.0,0.0,0.0,0.23071959563914018,0.004774131351985605,0.008082032097679572,0.0,0.001185851210720479,0.0,0.0020097057360631276,0.0,0.0,GPAB3205,GPAB3205.JPG,2024-10-03 23:33:37.121,2024-10-04 11:33:37.121,7.18291238176,171.1191378104,793970.9843631607,513153.7121595843,-1.9111520310986594,32.429921875,-0.6507626333333334
data/train\GPAB3605_jpg.rf.bf13048d1dac93ecc93ebc3fdf76088c.jpg,0.8293018341064453,0.5807204598222088,0.6126376211536652,0.3673450183686912,0.16546705254041016,0.06523333903054022,0.010249211192899104,0.0,0.0676933801656543,0.5156849226940236,0.532454875240771,0.0,0.0022401545543407914,0.0,0.0,0.0,0.0,0.0587750108983087,0.0,0.0,0.013638729228399744,0.15486256608599966,0.4335318393848553,0.0,0.0,0.0,0.0,0.0,0.0,GPAB3605,GPAB3605.JPG,2024-10-03 23:46:57.921,2024-10-04 11:46:57.921,7.18187017132,171.11950278196,793855.7809588568,513194.0378721418,-1.8919838432644815,31.958017578125002,-0.62389605
data/train\GPAB6719_jpg.rf.dd248025fd19862bd137b864063d396f.jpg,0.9493827819824219,0.10138499739784876,0.12912527389802256,0.10028076347693496,0.0,0.0,0.0,0.07469998444470477,0.07128838173078585,0.023186031728961463,0.022982468606149525,0.003565235259437359,0.03485442356108718,0.0,0.0,0.0,0.0,0.0,0.0,0.0,0.07128838173078585,0.0008056106605623336,0.022982468606149525,0.0003831211603866163,0.03485442356108718,0.0,0.0,0.0,0.0,GPAB6719,GPAB6719.JPG,2024-10-04 01:30:52.149,2024-10-04 13:30:52.149,7.16902995546,171.13500939241,792436.800477056,514906.5091382736,-5.987450898668887,31.271611328124997,-0.13104680000000013
data/train\GPAB6672_jpg.rf.cfd673b99f828cebf1bf4d7528ea8aff.jpg,0.9752779006958008,0.11688940185088809,0.13343658720663384,0.11688940185088809,0.01449331026284608,0.0,0.0,0.0,0.0,0.10003399120069595,0.10533239361426325,0.014015128964919929,0.013610883329524526,0.002107646483831135,0.01449331026284608,0.0007326352014410733,0.0,0.0,0.0,0.0,0.0,0.0,0.10533239361426325,0.0,0.013610883329524526,0.0,0.0,0.0,0.0,GPAB6672,GPAB6672.JPG,2024-10-04 01:29:18.000,2024-10-04 13:29:18.000,7.169275155,171.136258655,792463.9474564865,515044.43355837814,-1.6778507588912617,31.314511718750005,-0.14360000000000012
data/train\GPAB2868_jpg.rf.6445c69d124f351e333570e6fb451f09.jpg,0.7963047027587891,0.6183057018798862,0.5055374930625304,0.08011361126741089,0.02937262229630725,0.0,0.0,0.003466334308259862,0.0,0.5949141866212938,0.47045070027634656,0.01928280486938353,0.017649498869840588,0.0006731025900526767,0.0034260057650612706,0.0,0.014011288151281968,0.0,0.0,0.0,0.0,0.5290884020870982,0.45675723945360586,0.00943783931187983,0.015981625547555993,0.0,0.0034260057650612706,0.0,0.0,GPAB2868,GPAB2868.JPG,2024-10-03 23:22:22.447,2024-10-04 11:22:22.447,,,,,,31.271611328124997,-0.6603741166666668
data/train\GPAB2910_jpg.rf.6a59ae7e8c4bd736c88f0483d80245eb.jpg,0.9234151840209961,0.16276311973928556,0.13248886644146696,0.15326190700237938,0.026577470171281085,0.0561114066403827,0.025063229394514934,0.0,0.008717686754762128,0.10665171309890287,0.07254048697676116,0.0,0.005331049329489959,0.0,0.02083641398593878,0.0,0.0,0.004983455695254483,0.025063229394514934,0.0,0.0,0.004580170263268571,0.07254048697676116,0.0,0.0019501731246747312,0.0,0.006357506774235054,0.0,0.0,GPAB2910,GPAB2910.JPG,2024-10-03 23:23:46.531,2024-10-04 11:23:46.531,7.181792219249999,171.11960475175,793847.1664791272,513205.29839603044,-1.9118225728934242,31.415460627929683,-0.6602244833333335
data/train\GPAB3096_jpg.rf.a6470fed9e9e1c7e6665b90f39689d33.jpg,0.6983175277709961,0.3785697962256324,0.34729693138194395,0.0,0.14481019659204605,0.0,0.01495420789940141,0.0,0.0026549624272405865,0.3785697962256324,0.0,0.0,0.22052511604058203,0.0,0.10437699122182043,0.0,0.004785653792899488,0.0,0.01495420789940141,0.0,0.0,0.3785697962256324,0.0,0.0,0.10678422116941252,0.0,0.07596265192818447,0.0,0.004785653792899488,GPAB3096,GPAB3096.JPG,2024-10-03 23:29:58.903,2024-10-04 11:29:58.903,7.18195057503,171.12094092804,793864.711051514,513352.8182833422,-1.7607678557088322,31.837064216796875,-0.6590548500000001
data/train\GPAB6730_jpg.rf.faeabf355c420e2ba8d4915690db7746.jpg,0.9065151214599609,0.06987784292224465,0.142450016611519,0.06003575797496942,0.046301008405620646,0.004200889916519916,0.00356715566625634,0.054978366617184186,0.0923946128747914,0.010698586388540548,0.011414898132020287,0.0,0.03507334993845096,0.0,0.0,0.0,0.0,0.004200889916519916,0.0,0.0,0.052922571117465525,0.005651757268259708,0.008153087149981851,0.0,0.03507334993845096,0.0,0.0,0.0,0.0,GPAB6730,GPAB6730.JPG,2024-10-04 01:31:14.171,2024-10-04 13:31:14.171,7.168972473169999,171.13471396553,792430.4363645088,514873.89259509364,-5.655041727306826,31.23373457324219,-0.12763816666666677
data/train\GPAB2994_jpg.rf.399149a84f76c2e820ddc039f29be960.jpg,0.9279680252075195,0.06014906197728927,0.12051224931489486,0.034282142329030985,0.061605690549486,0.0,0.002508051305588576,0.0,0.06312857315693757,0.06014906197728927,0.04369789696249254,0.0,0.0,0.0,0.0,0.0,0.011177727889876192,0.0,0.002508051305588576,0.0,0.05356302679159553,0.025866919648258286,0.0,0.0,0.0,0.0,0.0,0.0,0.002835480668224757,GPAB2994,GPAB2994.JPG,2024-10-03 23:26:34.699,2024-10-04 11:26:34.699,7.18169822016,171.11941638227,793836.7696792112,513184.50361296936,-1.8536099372675652,31.53630244824219,-0.6605783166666668
data/train\GPAB3207_jpg.rf.59b13473fdee7f43b0c8751b7481a7a2.jpg,0.15036678314208984,0.9175070046838723,0.06500865143271951,0.9174945220395488,0.018107515896167443,0.0,0.0,0.9174945220395488,0.0463547797965521,0.0023841850657643315,0.016524140473917995,0.0,0.0,0.0,0.002129731162249411,0.0,0.0,0.0,0.0,0.0,0.03153596057788882,0.0014143796221791625,0.014278224699120263,0.0,0.0,0.0,0.0010869502595429817,0.0,0.0,GPAB3207,GPAB3207.JPG,2024-10-03 23:33:41.125,2024-10-04 11:33:41.125,7.1829288039999994,171.11912720050003,793972.7994983876,513152.54027305415,-1.7181146972041004,32.429921875,-0.6506291666666668
data/train\GPAB6691_jpg.rf.e53cc0d0f407655cd9ee813792227553.jpg,0.9144821166992188,0.24229580794395486,0.2543290770716869,0.11489890018301477,0.14101547271774054,0.05072178490291383,0.047635691144812115,0.051691590346499006,0.07168590594231482,0.13676945324097456,0.05582430582094511,0.0,0.01376643628186195,0.0005146690274867827,0.06541673788175287,0.00299199382397167,0.0,0.05072178490291383,0.0,0.0,0.061535595700593214,0.07419587765472238,0.03161085644382906,0.0,0.012147533333461361,0.0,0.008019618876062706,0.00299199382397167,0.0,GPAB6691,GPAB6691.JPG,2024-10-04 01:29:56.000,2024-10-04 13:29:56.000,7.169180876,171.135777268,792453.509388651,514991.2861969621,-3.150713330221463,31.3016416015625,-0.13853333333333345
data/train\GPAB3128_jpg.rf.a46449772c1897c0cbd0221fb3dd1bcf.jpg,0.878199577331543,0.2708695410035662,0.37492774469343587,0.2694263552791023,0.17609554408005793,0.0,0.0,0.21423578370842078,0.37028036019150296,0.049717412136587015,0.0,0.0032560497615814936,0.003517225088962846,0.003755355534516432,0.0011301594129700435,0.0,0.0,0.0,0.0,0.0,0.19767611570835167,0.000439773161546542,0.0,0.0010130145970122311,0.0011560849050262808,0.0,0.0,0.0,0.0,GPAB3128,GPAB3128.JPG,2024-10-03 23:31:02.967,2024-10-04 11:31:02.967,7.18200171798,171.12074581036,793870.3591033138,513331.2742544917,-3.885745321346401,32.04367678808594,-0.6579505500000001
data/train\GPAB3025_jpg.rf.0e7dd03ddf2d70bda47a0516e862f4c9.jpg,0.9079751968383789,0.11878484338122187,0.107576388982242,0.10949679580122253,0.017580364224357287,0.005524050214797503,0.0027807490738838117,0.02036495411187906,0.016778594377432916,0.068462503096656,0.05088021846547973,0.02375831296101766,0.0027490623613706327,0.0006817444207380892,0.010538232419155674,0.0,0.023849532284919237,0.0,0.0,0.0,0.01463157955381268,0.004664668163303715,0.05088021846547973,0.004267143951774744,0.0014259020630930457,0.0006817444207380892,0.002750022564780123,0.0,0.020308302110719136,GPAB3025,GPAB3025.JPG,2024-10-03 23:27:36.761,2024-10-04 11:27:36.761,7.181611070430001,171.11936024494,793827.133868634,513178.30811254133,-1.6505947402376657,31.545148508789058,-0.661
data/train\GPAB3069_jpg.rf.b4e787e9b2ba7d152d6ea99e92e0ca40.jpg,0.8344001770019531,0.49780593520931476,0.40084459491898766,0.30103241070588393,0.14139859387812714,0.1794024846223424,0.1832288952091611,0.09895280216160991,0.03892856662755438,0.20115685306775388,0.1550661292088116,0.008949095776449282,0.007337874455324616,0.010061011324639012,0.01628312941813594,0.0,0.0,0.14463735997833782,0.07531547483018802,0.0,0.02692602400892605,0.04689153350245716,0.13358349832828587,0.006207715042354572,0.007337874455324616,0.0,0.01628312941813594,0.0,0.0,GPAB3069,GPAB3069.JPG,2024-10-03 23:29:04.849,2024-10-04 11:29:04.849,7.1822129296099995,171.12020825516998,793893.692446972,513271.91778134025,-2.704696373318395,31.579846344726555,-0.6617575500000001
data/train\GPAB6798_jpg.rf.8586409eb79e92bd79db8bd31825a216.jpg,0.876953125,0.10515667639032653,0.18194414304726314,0.08150974702480973,0.006584114778874757,0.002574305340843404,0.0045561651780313146,0.06308152318987255,0.10564541992575707,0.036311052133283915,0.04958202345584889,0.002876769414832838,0.009883373693883313,0.00031974773536025874,0.0,0.0,0.012277160793742546,0.0,0.0045561651780313146,0.0,0.10183053177985224,0.023327181630156534,0.046812796822878956,0.0,0.009883373693883313,0.00031974773536025874,0.0,0.0,0.012277160793742546,GPAB6798,GPAB6798.JPG,2024-10-04 01:33:30.307,2024-10-04 13:33:30.307,7.1687081731,171.13343346163998,792401.1773320517,514732.51922610874,-2.3261127650775,31.068662450195312,-0.1079693000000001
data/train\GPAB2909_jpg.rf.718211b27fd0ab996f522c68a9d720b7.jpg,0.862269401550293,0.4183126153444346,0.34789801871628484,0.3435252523894662,0.07650516685454646,0.0,0.008616865396765651,0.0,0.0,0.4157805589536087,0.3241377853484482,0.0,0.0016313855927239627,0.0,0.008200137117046875,0.043115053492931946,0.005311845261300154,0.0,0.0,0.0,0.0,0.07498516485732337,0.25726921991154605,0.0,0.0016313855927239627,0.0,0.007180401096168213,0.0,0.005311845261300154,GPAB2909,GPAB2909.JPG,2024-10-03 23:23:44.529,2024-10-04 11:23:44.529,7.181777899069999,171.11962778518,793845.5840809033,513207.8418833558,-1.9054290197613137,31.406871969726552,-0.6602578500000001
data/train\GPAB3124_jpg.rf.92bf37e1d4aa0722678a51604b6e4ba1.jpg,0.891326904296875,0.465817718825556,0.39274239854970877,0.4588053533260486,0.10058706836456235,0.04598702189071733,0.03841485780347709,0.35802048305913126,0.29645512105284383,0.049776944747975414,0.036348500066254036,0.007272580623479278,0.010490222248681161,0.002926699992126332,0.011033697378452651,0.0031657906410894085,0.0,0.0,0.0,0.0,0.2476268572734448,0.0012021746686818136,0.027095019808996337,0.0026616838511070184,0.009428237277784926,0.0,0.00800521582492035,0.0031657906410894085,0.0,GPAB3124,GPAB3124.JPG,2024-10-03 23:30:54.959,2024-10-04 11:30:54.959,7.18194740729,171.12084499048,793864.3580711955,513342.2261082077,-2.273749828539728,32.00932215527344,-0.6580840166666668
data/train\GPAB4591_jpg.rf.5ac7ba27479417886e5a0d0c916ff54a.jpg,0.9531927108764648,0.5462587594556031,0.5677721168452325,0.4665772397224628,0.0,0.5462587594556031,0.04338679105781769,0.0,0.0,0.0,0.5243853257874148,0.0,0.0,0.0,0.0,0.0,0.0,0.08015009899697152,0.04338679105781769,0.0,0.0,0.0,0.5243853257874148,0.0,0.0,0.0,0.0,0.0,0.0,GPAB4591,GPAB4591.JPG,2024-10-04 00:19:51.893,2024-10-04 12:19:51.893,7.17101803052,171.13641941296999,792656.6235121574,515062.12575605826,-1.9551582476975398,31.79116508886719,-0.5245404666666669
data/train\GPAB2912_jpg.rf.bf1be34d721f9328c589ea24f4d294f3.jpg,0.09871387481689453,0.9285675877577906,0.04222590513574396,0.9285675877577906,0.0046252998235146135,0.0,0.0,0.0,0.0,0.9285675877577906,0.0,0.0,0.004496632566642918,0.0,0.004522558058699155,0.0,0.033206714510401886,0.0,0.0,0.0,0.0,0.0,0.0,0.0,0.0033933588491386014,0.0,0.0010005319526888575,0.0,0.033206714510401886,GPAB2912,GPAB2912.JPG,2024-10-03 23:23:50.535,2024-10-04 11:23:50.535,7.181822289299999,171.11955959135,793850.4893509048,513200.3114610261,-1.9246096791576446,31.432637944335934,-0.6601577500000002
data/train\GPAB2996_jpg.rf.d08388c725e99d9745b5436805937c36.jpg,0.9241943359375,0.36226266172225924,0.40130837316577145,0.36226266172225924,0.047803726741472916,0.0,0.0,0.0,0.004834624166783492,0.36226266172225924,0.38795194373976183,0.0,0.0,0.0,0.005003619966853778,0.0,0.003518185292372336,0.0,0.0,0.0,0.0,0.0,0.3505654637878488,0.0,0.0,0.0,0.0009995717492793674,0.0,0.001939610887170338,GPAB2996,GPAB2996.JPG,2024-10-03 23:26:38.703,2024-10-04 11:26:38.703,7.181728541769999,171.11937125129998,793840.1203632256,513179.51992041303,-1.7041323392946366,31.55347976464843,-0.6606450500000001
data/train\GPAB2995_jpg.rf.77053a52828cd1b35e1a6b481dda0977.jpg,0.6551370620727539,0.8345348678664088,0.5415297576638635,0.09983906990856943,0.04963867545700881,0.0,0.0,0.0,0.0017706150871000513,0.8266007070937907,0.5236526905859737,0.007934160772618071,0.005951340732020671,0.0,0.010155111258769058,0.0,0.0,0.0,0.0,0.0,0.0,0.7392903712722503,0.48388490617852487,0.0,0.0,0.0,0.008006176028329842,0.0,0.0,GPAB2995,GPAB2995.JPG,2024-10-03 23:26:36.701,2024-10-04 11:26:36.701,7.181713407969999,171.11939274595,793838.4479756963,513181.8935371008,-1.9125443441250336,31.54489110644531,-0.6606116833333334
data/train\GPAB3161_jpg.rf.f8abfc3136242b349fd3ba132abde642.jpg,0.46274662017822266,0.7806271280508063,0.28017391204152686,0.7806271280508063,0.010566078318030891,0.0,0.006505378099296555,0.7683797335627579,0.2588929238769941,0.004293069443830982,0.0009832482913180328,0.0006366148604920466,0.0,0.0,0.013792361773918186,0.007655701783865894,0.0,0.0,0.006505378099296555,0.0,0.2483268455589632,0.0,0.0009832482913180328,0.0,0.0,0.0,0.013792361773918186,0.0,0.0,GPAB3161,GPAB3161.JPG,2024-10-03 23:32:09.000,2024-10-04 11:32:09.000,7.182367748,171.119936609,793910.799395506,513241.9214286669,-2.671297966794547,32.181099609375,-0.65625
data/train\GPAB6695_jpg.rf.b95d2c9058d219316957c2f1e02a8d4e.jpg,0.8443307876586914,0.44109344123459115,0.31705724540686697,0.43930074146907283,0.015691644117889935,0.0,0.0,0.4296583788309716,0.31064596724170046,0.011435062403619583,0.005202382072618263,0.0,0.0012088960925482454,0.0,0.0,0.0,0.0,0.0,0.0,0.0,0.2961632192163588,0.0017994211893847592,0.005202382072618263,0.0,0.0,0.0,0.0,0.0,0.0,GPAB6695,GPAB6695.JPG,2024-10-04 01:30:04.101,2024-10-04 13:30:04.101,7.1691577851299995,171.13566134031,792450.9529636947,514978.48725087254,-4.524629945716737,31.276334661132815,-0.13745320000000014
data/train\GPAB6670_jpg.rf.49b33c338c42f4e138b2648057f66f03.jpg,0.9120702743530273,0.04455247799693887,0.10399963128189076,0.04409926198765947,0.0662329107798196,0.0,0.0,0.0,0.06428273765514486,0.03507431014186045,0.02602631341423367,0.004618578399648182,0.006231720127591829,0.0,0.0,0.004859589455430239,0.00745886008492039,0.0,0.0,0.0,0.0,0.0,0.02602631341423367,0.00046761906042175973,0.004281547002917098,0.0,0.0,0.0,0.00745886008492039,GPAB6670,GPAB6670.JPG,2024-10-04 01:29:14.000,2024-10-04 13:29:14.000,7.169292674,171.136313448,792465.8859365169,515050.48273603263,-1.7696344102151915,31.314511718750005,-0.14413333333333345
data/train\GPAB6689_jpg.rf.a04eec44b5731bb373922f7f4ba9573a.jpg,0.8925409317016602,0.22610965907017744,0.2869260624170624,0.11131926187243506,0.09276717179767362,0.0030668896899119107,0.0,0.0,0.0073570785235144215,0.13870522331450694,0.14994248381577152,0.06593908853651557,0.07994557567075009,0.002671285885201921,0.03372714475834561,0.015731972661088525,0.015953779648680777,0.0030668896899119107,0.0,0.0,0.0,0.059161972872333275,0.08951784345995856,0.04474547888224641,0.07321262936340435,0.0007153515400702485,0.029833519932862578,0.007436775406502114,0.0015948978631633325,GPAB6689,GPAB6689.JPG,2024-10-04 01:29:52.000,2024-10-04 13:29:52.000,7.169194708,171.135831447,792455.0402530708,514997.26770597394,-2.5813878782837634,31.318801757812505,-0.13906666666666678
data/train\GPAB6724_jpg.rf.abb977d8b1d48600b80c49827e043ca3.jpg,0.9362831115722656,0.12934612068220533,0.1658568951246632,0.11251183450702197,0.046397988949979166,0.0,0.0,0.08028644788111913,0.1055647628393599,0.03311549518650031,0.010636173166923682,0.015944177614585876,0.03824010078294986,0.0,0.009998598103022144,0.0,0.0014172602324076333,0.0,0.0,0.0,0.08066572822786779,0.01683428617518335,0.006385352673110272,0.0,0.03240782527370598,0.0,0.0,0.0,0.0,GPAB6724,GPAB6724.JPG,2024-10-04 01:31:02.159,2024-10-04 13:31:02.159,7.16900642149,171.13487374687,792434.1944504175,514891.5331287893,-6.065637027945872,31.23231886035157,-0.12964016666666678
data/train\GPAB2991_jpg.rf.349d021fabfa3966b9f88f23b1096169.jpg,0.8093500137329102,0.41065115234011174,0.24288921365101984,0.22034555800300737,0.15434117563464644,0.0,0.0038120075356763575,0.0,0.0,0.39834326503726547,0.14795582296153617,0.012307887302846234,0.025715207509558826,0.0,0.005626791979612961,0.0,0.05977938366463552,0.0,0.0038120075356763575,0.0,0.0,0.19030751474392335,0.009206430290192675,0.0,0.01622071619651907,0.0,0.005626791979612961,0.0,0.053682092014372323,GPAB2991,GPAB2991.JPG,2024-10-03 23:26:28.693,2024-10-04 11:26:28.693,7.1816533577,171.11948583327998,793831.8122391552,513192.1728520808,-1.8373921594233966,31.510536473632804,-0.6604782166666667
data/train\GPAB3203_jpg.rf.7e712af6a7413b28534183109cd92231.jpg,0.8076314926147461,0.019166620256835208,0.184372497469864,0.018038381250684146,0.056921818317992486,0.0,0.03708305567451409,0.0,0.12763695861331265,0.013870138250086898,0.01174424790147545,0.005296482006748309,0.0020231485837959914,0.0,0.005885086696765843,0.0,0.0,0.0,0.02363348651778393,0.0,0.09137199624368426,0.001128239006151063,0.010422047806607352,0.0,0.0020231485837959914,0.0,0.0,0.0,0.0,GPAB3203,GPAB3203.JPG,2024-10-03 23:33:33.117,2024-10-04 11:33:33.117,7.18289944754,171.11912153702,793969.5540486408,513151.9158249665,-1.7444739212007425,32.429921875,-0.6508961000000002
data/train\GPAB6709_jpg.rf.245c3530c4a8d14b6a624eff467c3c88.jpg,0.8843717575073242,0.10016073805074867,0.14592307234364527,0.0768854074047046,0.06366340645602364,0.007909195483971324,0.007573124290649731,0.022372739441123207,0.04825118153029538,0.06680327160505682,0.041323313930823106,0.003085133554692226,0.030655454051386245,0.0,0.018119998540490817,0.0,0.0,0.006794399325553125,0.0,0.0,0.026284608131386552,0.01549960343599188,0.025319603704848835,0.0009813278844990523,0.030655454051386245,0.0,0.0,0.0,0.0,GPAB6709,GPAB6709.JPG,2024-10-04 01:30:32.129,2024-10-04 13:30:32.129,7.16908899749,171.13526931727,792443.3358812565,514935.2058060701,-5.477429381032182,31.275347952148437,-0.13371613333333343
data/train\GPAB7059_jpg.rf.9d98a90bf8301b908be647a4c522fe68.jpg,0.9162111282348633,0.5657720131432643,0.6196787927554573,0.473264096266153,0.12476018919847981,0.050284892351595764,0.05030793723342353,0.0,0.016167905008997105,0.4917921812556772,0.5291575367325815,0.0,0.0,0.0,0.0,0.023694939535991305,0.02404541378045525,0.050284892351595764,0.0,0.0,0.0,0.04222878574597243,0.47087318977652226,0.0,0.0,0.0,0.0,0.0,0.02404541378045525,GPAB7059,GPAB7059.JPG,2024-10-04 01:42:12.829,2024-10-04 13:42:12.829,7.16905271796,171.13696329635,792439.3807166718,515122.24108694406,-1.7366416851331024,31.227977340820317,-0.041289466666666816
data/train\GPAB4087_jpg.rf.18a3baaf217c949f1b3ddd5cc3ff25e5.jpg,0.8982706069946289,0.26780841253411125,0.25437228622511393,0.18975923859710442,0.14182492419194082,0.06067429324228044,0.05881053842445984,0.022697288193530916,0.055440224457149,0.17898191552898565,0.03015998909208927,0.0013164388744111553,0.08041223452776236,0.004219133781300231,0.029549299723653458,0.0,0.0,0.03145338308467266,0.0,0.0,0.02159497467943609,0.04466962281289669,0.005449154348857262,0.0,0.08041223452776236,0.004033814523268609,0.005090998477117393,0.0,0.0,GPAB4087,GPAB4087.JPG,2024-10-04 00:03:02.885,2024-10-04 12:03:02.885,7.175950583900001,171.12678973660002,793201.6006902149,513998.7566307257,-6.36859841827768,31.228217583007815,-0.5988557500000001
data/train\GPAB3103_jpg.rf.0626b7b9a4d81eaa1cebe57af180ff38.jpg,0.7510557174682617,0.30260810450085746,0.16945573750343274,0.19770396160722686,0.0651373186895912,0.0028777296182423283,0.0,0.16734329000255413,0.11747608613408664,0.018360049392863384,0.01340924061353157,0.11193955327496577,0.020554114183548643,0.0024206727953249617,0.018016296572265868,0.0,0.0,0.0028777296182423283,0.0,0.002827799040948835,0.08362027411886934,0.005103481121440766,0.01167607345940164,0.09450129915521303,0.0022977667589102074,0.0,0.006724304476660336,0.0,0.0,GPAB3103,GPAB3103.JPG,2024-10-03 23:30:12.917,2024-10-04 11:30:12.917,7.1818102564399995,171.12094493018998,793849.1992796991,513353.2642460624,-4.072380215829762,31.914761114257807,-0.6587847166666667
data/train\GPAB3101_jpg.rf.b62e7eeebc3c25bf04dbff6c796cb5d3.jpg,0.8075714111328125,0.3870051831780044,0.3225448078921039,0.13266650407222266,0.05752290565233339,0.0,0.0,0.05592512717894159,0.006662851458452959,0.32411185985639196,0.2952942351307701,0.007087261365447657,0.011323678808118711,0.0,0.00926404249476209,0.0,0.0,0.0,0.0,0.05592512717894159,0.0,0.19201859721963502,0.2623400541170642,0.007087261365447657,0.0,0.0,0.002681848122706314,0.0,0.0,GPAB3101,GPAB3101.JPG,2024-10-03 23:30:08.913,2024-10-04 11:30:08.913,7.181867211749999,171.12094311030998,793855.4955015458,513353.0616552514,-1.8421058093688463,31.89758379785156,-0.6588514500000001
data/train\GPAB4093_jpg.rf.885f17112c89b85f617b50199b5001d7.jpg,0.8838539123535156,0.38794906312953337,0.3909314549194101,0.13385331548635263,0.23655379155520306,0.16880183898156986,0.16348423249981275,0.03655110298565648,0.0870174737816459,0.1808034213967887,0.05316454237665707,0.002209428045237103,0.07498132404368542,0.0,0.012283882217608979,0.0,0.0,0.16543632603130648,0.0,0.011868114141299693,0.07039827317018837,0.07837372268941453,0.007516472289489805,0.0002314090216871542,0.07498132404368542,0.0,0.0014815938608434811,0.0,0.0,GPAB4093,GPAB4093.JPG,2024-10-04 00:03:14.897,2024-10-04 12:03:14.897,7.17584147574,171.12690752943,793189.5426382795,514011.7654038577,-3.639501362200935,31.185810546874997,-0.5982551500000001
data/train\GPAB6723_jpg.rf.a9391a805eef75647fdc4a53714dddc1.jpg,0.8989362716674805,0.15178703456540232,0.1640824392239252,0.13078258498280276,0.026379668268926088,0.0,0.0,0.1228369017692708,0.1328604651609397,0.021829264311351716,0.007796851685060963,0.007120868484779816,0.009854567591598605,0.0,0.013570554786325935,0.0,0.0,0.0,0.0,0.002662644054516509,0.11395021921443839,0.01834180552808307,0.0016083407108961963,0.0,0.00857365624333859,0.0,0.013570554786325935,0.0,0.0,GPAB6723,GPAB6723.JPG,2024-10-04 01:31:00.157,2024-10-04 13:31:00.157,7.169009831650001,171.13490141795,792434.5723331526,514894.5882126477,-5.923800945880752,31.24090751855469,-0.12997383333333346
data/train\GPAB6911_jpg.rf.6054641356b5c6b94a2f979a7675620d.jpg,0.9683218002319336,0.08785093034108346,0.0934306723536314,0.07554208283482773,0.03012158095570966,0.0036785392617572107,0.003139865149033171,0.0,0.006321019044674424,0.03983979966316065,0.04400228144330095,0.03416115669943521,0.029063436798451383,0.0,0.0,0.010171434716730392,0.010904069918171465,0.0,0.003139865149033171,0.0,0.0,0.0,0.035528486354549346,0.012308847506255726,0.01373666997616775,0.0,0.0,0.0,0.010904069918171465,GPAB6911,GPAB6911.JPG,2024-10-04 01:37:16.533,2024-10-04 13:37:16.533,7.169020167759999,171.13601692102,792435.7513046934,515017.7518070874,-1.9407512940689935,31.100009765624996,-0.07879560000000019
data/train\GPAB6584_jpg.rf.fbd70af85d16529ea84b50563e90760c.jpg,0.9552192687988281,0.31940974376011816,0.3412486101055648,0.14266798278547327,0.16508393138002356,0.0,0.0,0.0,0.015538011572371491,0.2906458904254277,0.3014625818333356,0.017261576692406518,0.01729614401514817,0.0,0.001128239006151063,0.01153492355820657,0.005823633678558465,0.0,0.0,0.0,0.0,0.17676192524624418,0.15491537727352162,0.0,0.01542566777346113,0.0,0.0,0.0,0.005823633678558465,GPAB6584,GPAB6584.JPG,2024-10-04 01:26:21.879,2024-10-04 13:26:21.879,7.169759879630001,171.13824634002,792517.5982365229,515263.87982162,-1.769807869034118,31.30970258496094,-0.1648121000000001
data/train\GPAB2953_jpg.rf.525a5128fa0eaaf1e66a5fda8ef5249f.jpg,0.8511180877685547,0.2740756601878542,0.3498088235011705,0.15298632862385567,0.18558523437605023,0.0,0.0,0.009641402434691766,0.08309024183683071,0.22172537030244488,0.22882703471903487,0.04271272826435552,0.031495632034690225,0.0,0.006395914910614664,0.0,0.0,0.0,0.0,0.0,0.005246551429454816,0.09248967301233094,0.14756502017387363,0.028920366490437333,0.005016102611177152,0.0,0.006395914910614664,0.0,0.0,GPAB2953,GPAB2953.JPG,2024-10-03 23:25:12.617,2024-10-04 11:25:12.617,7.1816409941999995,171.11967140085,793830.4508291548,513212.66135271476,-1.8271586887563156,31.443212890625,-0.6607897166666666
data/train\GPAB3274_jpg.rf.6f8cbaf27e8d238f2d942b271ee4af69.jpg,0.8268966674804688,0.9194638992324133,0.8342516078606091,0.9194638992324133,0.0,0.0,0.0,0.9194638992324133,0.8342516078606091,0.0,0.0,0.0,0.0,0.0,0.0,0.0,0.0,0.0,0.0,0.0,0.8342516078606091,0.0,0.0,0.0,0.0,0.0,0.0,0.0,0.0,GPAB3274,GPAB3274.JPG,2024-10-03 23:35:55.259,2024-10-04 11:35:55.259,7.18248967291,171.11908783078002,793924.2534660709,513148.2061691525,-1.7780769382102024,32.42023067675781,-0.6423160666666669
data/train\GPAB6721_jpg.rf.6d79cc0bee61efd5fc70bf8565773f07.jpg,0.9131202697753906,0.24071819374216233,0.20844767755601346,0.22596178774511594,0.02190896119433941,0.0,0.018296675967837028,0.17062046423914443,0.14146388770997248,0.046364381830647006,0.012425992322213537,0.023777517029207468,0.03626112155599042,0.0,0.0,0.0,0.0,0.0,0.0,0.0016448284404568265,0.14146388770997248,0.003154268200175525,0.010110941901932506,0.010078294986009836,0.03496388674976907,0.0,0.0,0.0,0.0,GPAB6721,GPAB6721.JPG,2024-10-04 01:30:56.153,2024-10-04 13:30:56.153,7.169020021390001,171.13495599016,792435.7005555936,514900.6132597183,-5.318911086554553,31.258084834960936,-0.13051293333333344
data/train\GPAB6687_jpg.rf.f4a6a527a7155e2ece923d872127b126.jpg,0.8758544921875,0.24509672128943796,0.36415042162531713,0.1807448489888098,0.1708893211938017,0.0,0.0,0.0,0.07775151088006484,0.21819470236574917,0.24302748294198642,0.0,0.013759714857995518,0.003048645825131596,0.004813499691774706,0.023853373098557198,0.02479821325349562,0.0,0.0,0.0,0.03387405587999762,0.06435187230062817,0.13458883129802218,0.0,0.0,0.0,0.0,0.0,0.02479821325349562,GPAB6687,GPAB6687.JPG,2024-10-04 01:29:48.000,2024-10-04 13:29:48.000,7.169205732,171.13588757,792456.2607639667,515003.4639456292,-1.784811701638932,31.3359619140625,-0.13960000000000014
data/train\GPAB7022_jpg.rf.dbd4d6ab4c43310a5cc493f0528c7535.jpg,0.9444065093994141,0.6826374099089151,0.7134522577262767,0.13002114367907697,0.13591199159629977,0.003045765214903125,0.004970973050931109,0.0,0.010646735404428074,0.6758132442776678,0.6799027505986869,0.0,0.0022785626907204024,0.003781281026572669,0.015653235981510322,0.0,0.0,0.0,0.004970973050931109,0.0,0.010646735404428074,0.5526162662298382,0.5528870435913144,0.0,0.0,0.0,0.009035514083303407,0.0,0.0,GPAB7022,GPAB7022.JPG,2024-10-04 01:40:58.755,2024-10-04 13:40:58.755,7.16933294775,171.13791411699998,792470.3908877452,515227.2129435688,-1.8893125268812017,31.16759933105469,-0.050186750000000044
data/train\GPAB3260_jpg.rf.2a852c74755eedf1b0bbf6519188576e.jpg,0.14952564239501953,0.9302220182323423,0.07675962075806139,0.9302220182323423,0.0,0.0,0.0,0.929719831849179,0.07424964904565383,0.00047049967065023054,0.0025099717124075563,0.0006058883513883581,0.0,0.0,0.0,0.0,0.0,0.0,0.0,0.0,0.07424964904565383,0.0,0.0025099717124075563,0.0,0.0,0.0,0.0,0.0,0.0,GPAB3260,GPAB3260.JPG,2024-10-03 23:35:27.231,2024-10-04 11:35:27.231,7.182438264689999,171.11916138718,793918.5725202152,513156.3288467623,-1.7303938332222044,32.497571500976555,-0.6441846000000002
data/train\GPAB6718_jpg.rf.7f7818197c5ceb86c0d72a23ee969dcf.jpg,0.9417486190795898,0.13390324606364612,0.12640309723211765,0.12307119140118643,0.009747985013145185,0.0,0.0,0.09447729406997578,0.09566794629774371,0.018433985055394134,0.01978787186277541,0.020480178521017894,0.010947279071598528,0.0005175496377152536,0.0,0.0,0.0,0.0,0.0,0.0,0.08838960445380749,0.0034231251548327997,0.017318228693566445,0.006934589023338704,0.010947279071598528,0.0005175496377152536,0.0,0.0,0.0,GPAB6718,GPAB6718.JPG,2024-10-04 01:30:50.147,2024-10-04 13:30:50.147,7.169036087529999,171.1350350276,792437.4791952916,514909.33934851486,-5.490395638486129,31.271611328124997,-0.13131373333333346
data/train\GPAB3030_jpg.rf.858513a40e7d2ee5fd53fa98a19b3285.jpg,0.8475542068481445,0.4295220299468239,0.5120985629595773,0.4295220299468239,0.0826283839968659,0.0,0.0,0.0,0.017059933976413564,0.4295220299468239,0.49047958319490403,0.0,0.00277594805683636,0.0,0.0,0.0,0.0017830977314234248,0.0,0.0,0.0,0.0,0.0,0.42947017896271145,0.0,0.0,0.0,0.0,0.0,0.0,GPAB3030,GPAB3030.JPG,2024-10-03 23:27:46.771,2024-10-04 11:27:46.771,7.18153632576,171.11946747662,793818.8741073374,513190.1495024488,-1.6519932299905977,31.588091799804683,-0.661
data/train\GPAB3204_jpg.rf.6183f6d5f541f47d27658919cb096075.jpg,0.9203672409057617,0.0938243557515224,0.1304916433497272,0.09199804886667191,0.028390334208398708,0.0,0.004450542802987385,0.0753077932029121,0.11113490281781292,0.013724187331844377,0.00955306372101866,0.00479237521676592,0.003524906716238768,0.0,0.0018282272916694672,0.0,0.0,0.0,0.0017322069507204405,0.0,0.08895228365176878,0.0018531925803162142,0.006063684530931032,0.0,0.003524906716238768,0.0,0.0018282272916694672,0.0,0.0,GPAB3204,GPAB3204.JPG,2024-10-03 23:33:35.119,2024-10-04 11:33:35.119,7.18290168692,171.11913126026,793969.8018858859,513152.98928112054,-1.688671875,32.429921875,-0.6508293666666668
data/train\GPAB6679_jpg.rf.2ea0641fa4b8b5262fa83d8b36690699.jpg,0.9435338973999023,0.127700332038339,0.1835352000967885,0.0,0.027986088573003304,0.0,0.0,0.0,0.0030102376887519854,0.127700332038339,0.16237999857889895,0.0,0.010551675266888537,0.0,0.0015555295233742317,0.0,0.006037759038874795,0.0,0.0,0.0,0.0,0.127700332038339,0.1466019361541549,0.0,0.0029094163307555074,0.0,0.0,0.0,0.006037759038874795,GPAB6679,GPAB6679.JPG,2024-10-04 01:29:32.000,2024-10-04 13:29:32.000,7.16924275,171.13608002,792460.3593102391,515024.7113422863,-1.9534847085259996,31.314511718750005,-0.14173333333333346
data/train\GPAB6652_jpg.rf.4816dc93a41128594dc78c8a75e9e630.jpg,0.8999404907226562,0.44101854536865087,0.41016528941490965,0.12971003777440213,0.21429723672662818,0.0,0.0,0.011770173393531686,0.04415591398881939,0.39172554313905855,0.35282962342742685,0.01571756960994617,0.013179751998663397,0.0,0.0,0.02180525922611446,0.0,0.0,0.0,0.0,0.0,0.297031243098538,0.18268830068961808,0.0018829588860104125,0.013179751998663397,0.0,0.0,0.013424603868083414,0.0,GPAB6652,GPAB6652.JPG,2024-10-04 01:28:38.000,2024-10-04 13:28:38.000,7.169385318,171.136800788,792476.1435174012,515104.28740411816,-1.8328344906516505,31.271611328124997,-0.14966666666666678
data/train\GPAB6734_jpg.rf.fb045e70502c763141742c68b0351ff1.jpg,0.9457311630249023,0.11383499480529956,0.14861644290726547,0.028809943098345954,0.10051217249862211,0.02703068618056049,0.039189741954935735,0.0,0.01394599431943663,0.08556948704013458,0.09313973072055584,0.0012348215846044825,0.0012127369061862064,0.0,0.0,0.0,0.001128239006151063,0.02703068618056049,0.0,0.0,0.01106442388755634,0.05704472435440724,0.03591160751493597,0.0012348215846044825,0.0,0.0,0.0,0.0,0.001128239006151063,GPAB6734,GPAB6734.JPG,2024-10-04 01:31:22.179,2024-10-04 13:31:22.179,7.168952550799999,171.13460934606,792428.2306056579,514862.34208835557,-2.3450863266904434,31.268089206054686,-0.12630350000000012
data/train\GPAB6650_jpg.rf.cedf38f1f3e5e78e3730578955f74765.jpg,0.9465770721435547,0.4274393487516395,0.4115537435450326,0.15630575181046352,0.018463751361088333,0.0,0.0,0.0,0.008616865396765651,0.38688419754840864,0.3688784632136472,0.0268223220407011,0.023560511058662668,0.0,0.0,0.013742431196624693,0.010497903875957082,0.0,0.0,0.0,0.005726653134199949,0.2722003829291197,0.35650240146872714,0.0,0.02036303370506008,0.0,0.0,0.0,0.010497903875957082,GPAB6650,GPAB6650.JPG,2024-10-04 01:28:34.000,2024-10-04 13:28:34.000,7.169395518,171.136846199,792477.2725976658,515109.3009431248,-1.6488130954096194,31.271611328124997,-0.15033333333333349
data/train\GPAB3213_jpg.rf.aad7bced0969440a4a59c024517dbe40.jpg,0.014361381530761719,0.002871968397785387,0.9952239482411954,0.0013769316892090421,0.0,0.0,0.0,0.0,0.9952239482411954,0.0014950367085763449,0.0,0.0,0.0,0.0013769316892090421,0.0,0.0,0.0,0.0,0.0,0.0,0.9952239482411954,0.0014950367085763449,0.0,0.0,0.0,0.0,0.0,0.0,0.0,GPAB3213,GPAB3213.JPG,2024-10-03 23:33:53.137,2024-10-04 11:33:53.137,7.18288006807,171.11922162336,793967.4145679286,513162.96668446454,-1.6730113787119636,32.47282226562499,-0.6502287666666667
data/train\GPAB3280_jpg.rf.9dcf0019e869d86acfed8f793c0121c8.jpg,0.6259212493896484,0.6508345127831879,0.32622430735727054,0.6508345127831879,0.04155664335932924,0.0,0.0,0.6417730732078284,0.31674517929878265,0.0,0.0,0.0,0.0,0.009061439575359645,0.00947912805848791,0.0,0.0,0.0,0.0,0.0,0.2846676639979413,0.0,0.0,0.0,0.0,0.0,0.0,0.0,0.0,GPAB3280,GPAB3280.JPG,2024-10-03 23:36:07.271,2024-10-04 11:36:07.271,7.182503248130001,171.11906136012,793925.7534150813,513145.2832120824,-5.608960781852125,32.387021484375005,-0.6416364500000001
data/train\GPAB6655_jpg.rf.fb96f38ea0bf68f9bcb15a2ea4533c20.jpg,0.9619417190551758,0.07402976246488056,0.0832390733653017,0.06597557626607621,0.018148804642775525,0.008054186198804355,0.0,0.0,0.014138995204744173,0.059948379464705805,0.06509026872252618,0.0,0.004009809438031353,0.0,0.0,0.006027196801370403,0.0,0.008054186198804355,0.0,0.0,0.0,0.0,0.06509026872252618,0.0,0.0,0.0,0.0,0.0,0.0,GPAB6655,GPAB6655.JPG,2024-10-04 01:28:44.000,2024-10-04 13:28:44.000,7.16936744,171.13672111,792474.164525948,515095.4906629634,-1.7501634940298545,31.271611328124997,-0.1486666666666668
data/train\GPAB6469_jpg.rf.804de9a3f3b0bcff6cafd0268423db33.jpg,0.9528217315673828,0.13610883329524526,0.16555443105067377,0.12976572957215257,0.011169086059190779,0.09727532680523042,0.030677538729804523,0.0029113367375744876,0.10134562905805966,0.03251344764874991,0.02915177551212449,0.0035834791242176744,0.003413523120737897,0.0,0.000965964629947208,0.0,0.0,0.0007403168287169954,0.030677538729804523,0.0,0.09213535795422903,0.004388129581370518,0.02915177551212449,0.0012386623982424438,0.0024206727953249617,0.0,0.0,0.0,0.0,GPAB6469,GPAB6469.JPG,2024-10-04 01:22:31.649,2024-10-04 13:22:31.649,7.16936857664,171.13576585459,792474.2588783926,514990.0198938942,-4.47350256348325,31.185810546874997,-0.18789006666666674
data/train\GPAB3211_jpg.rf.2bbee665257083af1512a10f8e4cb798.jpg,0.03347301483154297,0.0254415495378541,0.9985836999710018,0.0254415495378541,0.0,0.0,0.0,0.02407902089978741,0.997481386456907,0.0,0.0,0.0,0.0,0.001362528638066688,0.001102313514094826,0.0,0.0,0.0,0.0,0.0,0.997481386456907,0.0,0.0,0.0,0.0,0.0,0.001102313514094826,0.0,0.0,GPAB3211,GPAB3211.JPG,2024-10-03 23:33:49.133,2024-10-04 11:33:49.133,7.18289899295,171.11918541537,793969.5056286976,513158.9684994189,-1.6712989004813255,32.45623268457031,-0.6503622333333334
data/train\GPAB3196_jpg.rf.b987e9397cd4dc6740305db480e7d1a3.jpg,0.8915328979492188,0.09289103803749786,0.07817111977001208,0.08575672670498519,0.021025574057608364,0.0,0.0,0.047803726741472916,0.034029608832335044,0.04283467409736078,0.033757871267449294,0.0020740393644989755,0.002400508523725666,0.00018819986826009222,0.007983131146502075,0.0,0.0,0.0,0.0,0.0,0.017994211893847593,0.005648876658031238,0.033757871267449294,0.0014988775222143059,0.002400508523725666,0.0,0.0029929540273811606,0.0,0.0,GPAB3196,GPAB3196.JPG,2024-10-03 23:33:19.103,2024-10-04 11:33:19.103,7.182800003970001,171.11921814572,793958.5635712167,513162.58502895833,-2.731530934999372,32.379767028320316,-0.6513632333333335
data/train\GPAB3117_jpg.rf.74b472135e9c313bb3330ea9a51ede0e.jpg,0.9119415283203125,0.2471832432982603,0.20998112240096942,0.2286858848178398,0.01658943430576333,0.10531895076653038,0.10854523422241767,0.01474392335272304,0.010111902105341996,0.08160288675553029,0.07141896939447652,0.04385729072846792,0.010803248560174988,0.001023576834516624,0.006943230854024116,0.0006731025900526767,0.002158537264534119,0.0019002425473812372,0.10854523422241767,0.0,0.010111902105341996,0.016063242837362667,0.062185653408818126,0.0,0.007908235280561834,0.0,0.0024821258135323387,0.0006731025900526767,0.002158537264534119,GPAB3117,GPAB3117.JPG,2024-10-03 23:30:40.945,2024-10-04 11:30:40.945,7.18185749815,171.12098008600003,793854.4227635316,513357.1443488932,-1.818136563724237,31.99210193847656,-0.6583175833333335
data/train\GPAB3125_jpg.rf.a045ca8067c98ff158a6793f5b0036c2.jpg,0.9107742309570312,0.48416336516727704,0.439579200457825,0.406335038014453,0.035543849609101195,0.10318249818041454,0.09499964472473849,0.2830333977949889,0.26919686666423415,0.07879909279981871,0.047090295608221644,0.019834921829840434,0.019963589086712127,0.0,0.0,0.0,0.00832880437391857,0.031703996174549616,0.070879335078343,0.001276110331212564,0.2671497129952009,0.03203910716446172,0.047090295608221644,0.01329689681462121,0.018916007166958248,0.0,0.0,0.0,0.0,GPAB3125,GPAB3125.JPG,2024-10-03 23:30:56.961,2024-10-04 11:30:56.961,7.181962799759999,171.12082182225998,793866.0589979307,513339.6677043583,-2.5934685258492784,32.01791081347656,-0.6580506500000002
data/train\GPAB2949_jpg.rf.7fbf6a8deca8c7aae18c53062828ddff.jpg,0.9981317520141602,0.0034826577662211964,0.005121724986221081,0.0,0.0013414041630579023,0.0,0.0,0.0,0.0,0.0034826577662211964,0.0,0.0,0.0,0.0,0.0013414041630579023,0.0,0.003780320823163179,0.0,0.0,0.0,0.0,0.0034826577662211964,0.0,0.0,0.0,0.0,0.0,0.0,0.003780320823163179,GPAB2949,GPAB2949.JPG,2024-10-03 23:25:04.609,2024-10-04 11:25:04.609,7.1817043122,171.11957447253002,793837.447690738,513201.9578644839,-1.798862482697682,31.443212890625,-0.6609231833333334
data/train\GPAB6660_jpg.rf.31b6a04bb3b33417f99359b150249ea1.jpg,0.9658346176147461,0.12598732915580838,0.1372399529116248,0.11476927272273359,0.002570464527205443,0.0,0.0,0.005742016388751793,0.0,0.11761435542505325,0.12481492079282075,0.0,0.004729961995149052,0.0,0.007695070123654995,0.00263095734200333,0.0,0.0,0.0,0.0,0.0,0.009458963786888614,0.12481492079282075,0.0,0.004729961995149052,0.0,0.005124605596449552,0.0019165660053425718,0.0,GPAB6660,GPAB6660.JPG,2024-10-04 01:28:54.000,2024-10-04 13:28:54.000,7.169344265,171.13658899,792471.5982421486,515080.9039199201,-1.8350247623610838,31.267321289062497,-0.14700000000000013
data/train\GPAB3217_jpg.rf.2f1ef4bd35e7cb3d66255acbcc57cad6.jpg,0.011270523071289062,0.0,0.9954985664163096,0.0,0.0,0.0,0.0,0.0,0.9954985664163096,0.0,0.0,0.0,0.0,0.0,0.0,0.0,0.0,0.0,0.0,0.0,0.9954985664163096,0.0,0.0,0.0,0.0,0.0,0.0,0.0,0.0,GPAB3217,GPAB3217.JPG,2024-10-03 23:34:01.145,2024-10-04 11:34:01.145,7.1828394191000005,171.1192924677,793962.9229561161,513170.789614943,-1.6764363351732396,32.47282226562499,-0.6499236666666668
data/train\GPAB3160_jpg.rf.c692f2f8534baa6480662c80140f8c01.jpg,0.826512336730957,0.337574871860855,0.41492789832598137,0.2680071746398757,0.07590503972361505,0.0,0.0,0.3234550807243006,0.3998824711026784,0.009630840197187372,0.005720891913743007,0.004488950939366996,0.0029535856875920596,0.0,0.006370949621967918,0.0,0.0,0.0,0.0,0.06654305648108495,0.3269050915745992,0.0007047893025658556,0.005720891913743007,0.0023198514373284837,0.0014940765051668545,0.0,0.0049027986088573,0.0,0.0,GPAB3160,GPAB3160.JPG,2024-10-03 23:32:07.000,2024-10-04 11:32:07.000,7.182357198,171.119957411,793909.6337191093,513244.21843755944,-1.9795973267046292,32.163939453125,-0.6564166666666668
data/train\GPAB2863_jpg.rf.e0d1f8749cb1c9db1972f58a2977121d.jpg,0.7379341125488281,0.4370029747101626,0.23252957906602933,0.4260451334010597,0.033547586720770926,0.0616652231608744,0.058267063294688344,0.32177760536792116,0.12352152680023737,0.000554997570685374,0.0,0.05319910969939872,0.022959423724321762,0.0,0.027781565246781877,0.0,0.0,0.0,0.058267063294688344,0.0,0.1062253827850892,0.0,0.0,0.01106538409096583,0.010937677037503625,0.0,0.023551869227977255,0.0,0.0,GPAB2863,GPAB2863.JPG,2024-10-03 23:22:12.437,2024-10-04 11:22:12.437,,,,,,31.26919603613281,-0.6602072833333335
data/train\GPAB6743_jpg.rf.3e8eefe6b4a8d00eaf0033b44a38f0ee.jpg,0.8366794586181641,0.45723254014130355,0.6006293173145799,0.03476128383036663,0.2620923216374157,0.0,0.0,0.0,0.02127042592702838,0.4393132241133962,0.5635904309969024,0.0,0.0,0.013866297436448937,0.014075621779717815,0.004592652907591944,0.0016928386109313397,0.0,0.0,0.0,0.0,0.40544012843680804,0.3371907904970589,0.0,0.0,0.013866297436448937,0.0013462051801053534,0.004592652907591944,0.0,GPAB6743,GPAB6743.JPG,2024-10-04 01:31:40.197,2024-10-04 13:31:40.197,7.16891060314,171.13439135116002,792423.5863400948,514838.274384631,-1.813924515571169,31.24073591699219,-0.12330050000000012
data/train\GPAB3265_jpg.rf.8995466d2b3f0f2c217c0f02097fd53f.jpg,0.7694883346557617,0.7677027901590673,0.9985097643084712,0.7677027901590673,0.0,0.0,0.0,0.7677027901590673,0.9985097643084712,0.0,0.0,0.0,0.0,0.0,0.0,0.0,0.0,0.0,0.0,0.0,0.9985097643084712,0.0,0.0,0.0,0.0,0.0,0.0,0.0,0.0,GPAB3265,GPAB3265.JPG,2024-10-03 23:35:37.241,2024-10-04 11:35:37.241,7.18245681178,171.11913149964002,793920.6219991444,513153.0284960235,-1.6695312500000001,32.45462820996093,-0.6435172666666668
data/train\GPAB7067_jpg.rf.a302de79c7c7c7514de83ec1b06bfd44.jpg,0.9411382675170898,0.27316250674542897,0.3128736391517179,0.26100057036082525,0.06910487917760498,0.011541644982073003,0.012153294553918302,0.0,0.016771872953566483,0.24418164744019374,0.26126654670525407,0.004754927283795799,0.005475079840913499,0.0,0.006265327246923988,0.013038602097468328,0.010941517851141586,0.0,0.012153294553918302,0.0,0.0,0.011509958269559823,0.21519886772813954,0.000659659742319813,0.005475079840913499,0.0,0.0,0.0,0.010941517851141586,GPAB7067,GPAB7067.JPG,2024-10-04 01:42:28.845,2024-10-04 13:42:28.845,7.16901003395,171.13674629140002,792434.6549579452,515098.2827357203,-2.140769632878274,31.228710937500004,-0.03915400000000015
data/train\GPAB6208_jpg.rf.c473a27a0a8d6f6587dc146ae5eb3014.jpg,0.9812908172607422,0.06422416524716595,0.06861613564217443,0.019663045419541676,0.01319511525321524,0.0,0.0,0.0,0.005831315305834388,0.06220389727359844,0.05666832461788705,0.0007499188628118981,0.0014028571812652792,0.001278990941441035,0.004713638537187718,0.0,0.0,0.0,0.0,0.0,0.0,0.0425475732779232,0.05070738185177148,0.0007499188628118981,0.0,0.001278990941441035,0.004713638537187718,0.0,0.0,GPAB6208,GPAB6208.JPG,2024-10-04 01:13:49.127,2024-10-04 13:13:49.127,7.16988627398,171.13720448762,792531.5363234461,515148.8437423909,-4.449550425318252,31.469497959960933,-0.23572486666666675
data/train\GPAB6701_jpg.rf.149875ae1fe458dc6e8531c3f26d32f6.jpg,0.9564046859741211,0.028854112455182507,0.06875344472973155,0.028854112455182507,0.057358710869310554,0.0,0.0,0.023875457776975473,0.03149371162787125,0.004978654678207031,0.003344388475254598,0.0,0.005254233056730738,0.0,0.028661111569874963,0.0,0.0,0.0,0.0,0.0,0.0027961123284356557,0.0,0.003344388475254598,0.0,0.005254233056730738,0.0,0.0,0.0,0.0,GPAB6701,GPAB6701.JPG,2024-10-04 01:30:16.113,2024-10-04 13:30:16.113,7.16912639746,171.13549590216,792447.4777367411,514960.22207084077,-5.248091899714451,31.314511718750005,-0.1358516000000001
data/train\GPAB6227_jpg.rf.7947fb31ec78b32776222ffff08dc447.jpg,0.9769287109375,0.047146947609381575,0.041752524854865254,0.04212796438797595,0.012824476737151999,0.0006068485547978484,0.0,0.024811656101228485,0.02123585860428673,0.015727171644041072,0.015922092936167597,0.006001271309314165,0.003300219118418046,0.0,0.0012943541959928792,0.0,0.0,0.0006068485547978484,0.0,0.0,0.009705736063127614,0.004412134666607774,0.015922092936167597,0.0,0.003300219118418046,0.0,0.0,0.0,0.0,GPAB6227,GPAB6227.JPG,2024-10-04 01:14:27.165,2024-10-04 13:14:27.165,7.1697810722,171.13668296365,792519.8893368469,515091.26527093205,-5.18070224556714,31.38244448730468,-0.23183075000000009
data/train\GPAB2755_jpg.rf.415a644cf4ee8cdb38ffcd2059822280.jpg,0.8383684158325195,0.34998262031828825,0.369590934143489,0.20167248229865015,0.09454642871545908,0.07769869969254287,0.06217893198495169,0.0,0.024845263220560642,0.2532987788133038,0.263244565728804,0.01185947231061428,0.0,0.0003581558717398694,0.015086715969911065,0.007107425637046952,0.004235457239261565,0.0,0.040892182599961975,0.0,0.018854554148750872,0.1460882273300776,0.20021105270940595,0.0023044881827766392,0.0,0.0,0.015086715969911065,0.0,0.0,GPAB2755,GPAB2755.JPG,2024-10-03 23:18:36.221,2024-10-04 11:18:36.221,,,,,,29.983153866210934,-0.6657926333333334
data/train\GPAB6745_jpg.rf.2153b608d7e2146d34b9d9fc3febb368.jpg,0.9331474304199219,0.38336217144239837,0.41889545881399515,0.25467955131615083,0.1777346113000578,0.06938045755612869,0.09343451316726935,0.0,0.012588266698417392,0.30096999748426706,0.2920785139123872,0.0019501731246747312,0.0,0.0,0.005007460780491739,0.011074025921651243,0.01578670425542947,0.06938045755612869,0.0,0.0,0.0,0.05745665161707856,0.23013003074571317,0.0019501731246747312,0.0,0.0,0.0,0.0,0.011030816768224181,GPAB6745,GPAB6745.JPG,2024-10-04 01:31:44.201,2024-10-04 13:31:44.201,7.16889801106,171.13434034792,792422.1926674303,514832.64346658945,-1.7142084496488925,31.223558600585942,-0.12263316666666677
data/train\GPAB6735_jpg.rf.20b7c5c450a55f6155703cf2bbbe373f.jpg,0.9599761962890625,0.13940713200684432,0.15015756937949734,0.03883542689683383,0.05128350389746564,0.03149083101764278,0.030549831676342315,0.0,0.008198216710227895,0.10639917960220693,0.09674817513342027,0.0,0.0022776024873109118,0.0,0.012383743372195966,0.0016621121018276512,0.0,0.03149083101764278,0.0,0.0,0.0,0.06965411552783342,0.09674817513342027,0.0,0.0,0.0,0.0021258903486114497,0.0,0.0,GPAB6735,GPAB6735.JPG,2024-10-04 01:31:24.181,2024-10-04 13:31:24.181,7.16894498778,171.13458193565,792427.3936444817,514859.31591934856,-1.8501491178682958,31.271611328124997,-0.12596983333333345
data/train\GPAB6731_jpg.rf.9aff60cc937711da4f513b555afdcc79.jpg,0.9399824142456055,0.11346723689946478,0.1323265920652631,0.07407873283876457,0.06994889797454693,0.027836296841122824,0.028812823708574426,0.04438060158664012,0.07309356414062755,0.03801445298171965,0.01794332111314461,0.003235885489982198,0.007407969304217405,0.0,0.005068913798699117,0.0,0.0,0.027836296841122824,0.0,0.0,0.044027246731947696,0.01138897263996405,0.010942478054551076,0.00019876210576448515,0.007407969304217405,0.0,0.0,0.0,0.0,GPAB6731,GPAB6731.JPG,2024-10-04 01:31:16.173,2024-10-04 13:31:16.173,7.16896810566,171.13468763357997,792429.9526936309,514870.9853967354,-4.649392276889026,31.242323231445315,-0.1273045000000001
data/train\GPAB6727_jpg.rf.e012109ba11f86741fe0f7d1129d77e2.jpg,0.8762350082397461,0.17816766303773793,0.1788599696959804,0.1516698897494445,0.06123889284706072,0.015457354485974309,0.01593649598730995,0.10633004495672363,0.1316650119161243,0.043492413432861615,0.01591921232593913,0.011566610270719748,0.0024898074408082607,0.0014335836903689677,0.010699546591950038,0.0,0.0021498954338487067,0.01174424790147545,0.0039656400811948,0.0,0.09911987755486122,0.010929995410227702,0.010436450857749706,0.0038484952652369877,0.0024898074408082607,0.0,0.0016093009143056864,0.0,0.0,GPAB6727,GPAB6727.JPG,2024-10-04 01:31:08.165,2024-10-04 13:31:08.165,7.1689874498,171.1347928018,792432.0945502974,514882.5965096066,-5.287109374999999,31.228710937500004,-0.12863916666666678
data/train\GPAB6415_jpg.rf.0bf2e3c5d4735b766e74bcec33713a76.jpg,0.9300575256347656,0.3240580884654605,0.36503764957568613,0.10697050063085364,0.17819454873320364,0.05988692644649843,0.05373490320189429,0.0,0.03243471096917171,0.2507744040497539,0.25571561079499083,0.0,0.0,0.012662202360948144,0.011382251216097618,0.0007950484230579406,0.011770173393531686,0.053270164751701,0.04845378444969783,0.0,0.0,0.15433829502441798,0.12700706517668703,0.0,0.0,0.010729312897644236,0.011382251216097618,0.0,0.0,GPAB6415,GPAB6415.JPG,2024-10-04 01:20:43.541,2024-10-04 13:20:43.541,7.169084826520001,171.13439770222,792442.8465272264,514838.96997430245,-1.85755426732758,31.140589245117187,-0.1991945333333334
data/train\GPAB5174_jpg.rf.46ca733d089fc887a9dc084787d33982.jpg,0.895660400390625,0.32697614662690144,0.3921105847062642,0.1815744647346094,0.20919951682564433,0.20239359505917734,0.2188716457694398,0.0,0.021432700303232237,0.08278297674579382,0.11218824595802375,0.011230539077398157,0.026192428604075488,0.026215473485903255,0.013425564071492905,0.005286879972653407,0.0,0.10212915504020371,0.1099144842843508,0.0,0.0,0.04702500177637631,0.04093539175338904,0.0,0.026192428604075488,0.0,0.005868763238804508,0.0,0.0,GPAB5174,GPAB5174.JPG,2024-10-04 00:39:19.000,2024-10-04 12:39:19.000,7.170269569,171.136080145,792573.8717333142,515024.69149529695,-3.687099112672983,31.460373046875,-0.43410000000000004
data/train\GPAB6714_jpg.rf.8e1aac5423a5e428027a8bd98ada5e69.jpg,0.8178796768188477,0.4641738505885087,0.41415973559838914,0.3330475127851084,0.16031940206213285,0.0020749995679084656,0.0017072416620736938,0.10152326668881535,0.09658782116403539,0.3408472450803978,0.24315711040226762,0.019865648338944122,0.04909135951359936,0.0,0.023616202856413103,0.0,0.0,0.0020749995679084656,0.0,0.0,0.08319490400846516,0.12491670235422672,0.09948859566410548,0.00432379595293467,0.04909135951359936,0.0,0.022065474350086323,0.0,0.0,GPAB6714,GPAB6714.JPG,2024-10-04 01:30:42.139,2024-10-04 13:30:42.139,7.169057979549999,171.13513705483,792439.9026208395,514920.60357514035,-5.252205352991271,31.271611328124997,-0.13238146666666678
data/train\GPAB3032_jpg.rf.1d597c1e44f74b2246f4f867092f84fd.jpg,0.8002233505249023,0.4903451547175754,0.40187297277055173,0.47032107281606533,0.06446901711658598,0.04812443468024266,0.04322835749525179,0.04735627195265045,0.025462674012862885,0.3816126808303071,0.30307860417150767,0.00684721051307509,0.015467916723478702,0.0076595425975038555,0.010600645640772541,0.0,0.004034774726678099,0.0,0.04322835749525179,0.0,0.0,0.01846279115767884,0.2722599155405081,0.0023044881827766392,0.01449235005943659,0.0,0.00742333255876925,0.0,0.0,GPAB3032,GPAB3032.JPG,2024-10-03 23:27:50.775,2024-10-04 11:27:50.775,7.181504749250001,171.119512943,793815.384707788,513195.17026592407,-1.6525526258917704,31.605269116210938,-0.661
data/train\GPAB6676_jpg.rf.6abe3e26a544322581b09d5a7e1da98c.jpg,0.7863321304321289,0.23226072211137208,0.348131348144791,0.13776614438002546,0.006779996274410771,0.0,0.15696445134937384,0.0,0.0,0.12311632096143248,0.14295124279127291,0.0037524749242879613,0.03372426414811714,0.09148241963577564,0.0,0.01395367594671255,0.0144913898560271,0.0,0.15696445134937384,0.0,0.0,0.0030140785023899464,0.14295124279127291,0.0,0.026944267873706365,0.09148241963577564,0.0,0.0,0.0144913898560271,GPAB6676,GPAB6676.JPG,2024-10-04 01:29:26.000,2024-10-04 13:29:26.000,7.169253828,171.136146158,792461.5861219944,515032.013345638,-1.946981789004203,31.314511718750005,-0.14253333333333346
data/train\GPAB6732_jpg.rf.e471efce5973afce8c168678effb0283.jpg,0.9060192108154297,0.12398626525043065,0.15227577810083287,0.07408065324558355,0.07991100834800845,0.03253169151353023,0.05420540287254452,0.024920159086500884,0.05138912627250957,0.05751618422846696,0.03182882261778335,0.009145937475394788,0.0056162297421085685,0.0,0.009236196595886873,0.0,0.0,0.03253169151353023,0.0,0.0,0.0414721454592941,0.0152806770586281,0.022806751382212807,0.0022900851316342854,0.0056162297421085685,0.0,0.002469643169208965,0.0,0.0,GPAB6732,GPAB6732.JPG,2024-10-04 01:31:18.175,2024-10-04 13:31:18.175,7.16896310075,171.1346608905,792429.3985465459,514868.032825675,-3.679296875,31.250911889648435,-0.12697083333333342
data/train\GPAB2911_jpg.rf.a892723d63b47464304a3bf61c90205b.jpg,0.9660835266113281,0.20827388073889572,0.2138507421412152,0.02288836867201948,0.03480737359402216,0.0,0.0,0.0,0.0,0.1763432765597064,0.1925131019755225,0.0,0.0049575302031982455,0.03193060417918932,0.016380109962494456,0.0,0.0,0.0,0.0,0.0,0.0,0.17111688940185088,0.16265365655060368,0.0,0.003048645825131596,0.01426862266502536,0.013341066171457762,0.0,0.0,GPAB2911,GPAB2911.JPG,2024-10-03 23:23:48.533,2024-10-04 11:23:48.533,7.1818067895199995,171.11958187100998,793848.7765287331,513202.7717598418,-1.9182161260255344,31.424049286132806,-0.6601911166666667
data/train\GPAB7080_jpg.rf.df00a769985bf2e3b51c4a8d6aca5a3c.jpg,0.8790454864501953,0.32859216896507354,0.4118802127042593,0.29322787739354705,0.029025988865481262,0.02536377306168539,0.02750118585121072,0.0,0.0,0.2872371683217373,0.27285428145098256,0.008659114346783223,0.10003399120069595,0.001931929259894416,0.011490754201370018,0.005449154348857262,0.0,0.0,0.02518613543092969,0.0,0.0,0.03560050161026112,0.24614334300578233,0.0,0.10003399120069595,0.0,0.011490754201370018,0.0,0.0,GPAB7080,GPAB7080.JPG,2024-10-04 01:42:54.871,2024-10-04 13:42:54.871,7.168944026329999,171.13641147815,792427.3469742186,515061.3177993175,-1.6781225130747026,31.228710937500004,-0.035683866666666814
data/train\GPAB3268_jpg.rf.29fefe45e6a87e115961b6cbdb159bec.jpg,0.9939250946044922,0.9937807625167315,0.998771899839262,0.9937807625167315,0.0,0.0,0.0,0.9937807625167315,0.9971453152635854,0.0,0.0,0.0,0.0016265845756765114,0.0,0.0,0.0,0.0,0.0,0.0,0.0,0.9971453152635854,0.0,0.0,0.0,0.0016265845756765114,0.0,0.0,0.0,0.0,GPAB3268,GPAB3268.JPG,2024-10-03 23:35:43.247,2024-10-04 11:35:43.247,7.18246992732,171.119116197,793922.0714518355,513151.3385883042,-1.648477806711806,32.429921875,-0.6431168666666668
data/train\GPAB6251_jpg.rf.8b3bf7684a9fedc046ef83653d618b39.jpg,0.9180240631103516,0.12776562587018434,0.1107028112835423,0.0817795641828765,0.06101900626628745,0.05180681475563784,0.013445728343092201,0.0,0.008511243021721722,0.059565258304319184,0.054142989650927655,0.009786393149524796,0.021795657192019556,0.006653249424358056,0.012807193075781173,0.0,0.0,0.0,0.013445728343092201,0.0,0.0,0.044786767628854494,0.016946629974093713,0.0012453838221088756,0.018078709793882736,0.0,0.0012127369061862064,0.0,0.0,GPAB6251,GPAB6251.JPG,2024-10-04 01:15:15.213,2024-10-04 13:15:15.213,7.16964938331,171.13603216293,792505.3100971096,515019.41407268046,-4.564289446117615,31.376399822265622,-0.2269858000000001
data/train\GPAB3092_jpg.rf.3bad61d847234ef79c48d0ea084de422.jpg,0.8539981842041016,0.8321602848347394,0.7094040401518658,0.8040676136832826,0.024666665386395455,0.16412564837735225,0.12988191418470088,0.5824277014842825,0.533539905093495,0.06666404211068072,0.02231032621950634,0.019814757558241136,0.018472393191773746,0.0,0.005199501462389793,0.0,0.0,0.0,0.12988191418470088,0.027650017379681712,0.5088732397070995,0.0005127486206678022,0.02231032621950634,0.0,0.018472393191773746,0.0,0.005199501462389793,0.0,0.0,GPAB3092,GPAB3092.JPG,2024-10-03 23:29:50.895,2024-10-04 11:29:50.895,7.18196865065,171.1208785949,793866.7074528929,513345.93568328663,-1.6549656534731565,31.786416015625,-0.6594552500000002
data/train\GPAB2750_jpg.rf.6fa6e1b299c3217ba75c1aeb86c0384d.jpg,0.8834810256958008,0.2729320579271513,0.23134852887235632,0.2187237744443783,0.12476018919847981,0.0,0.0,0.25719528424901533,0.20268741730248135,0.010691864964674117,0.014874511016413718,0.004068381846010259,0.012715973751879599,0.0009765268674516009,0.001070626801581647,0.0,0.0,0.0,0.0,0.04341655736351189,0.08463328871588158,0.010574720148716304,0.014874511016413718,0.00024965288646746926,0.007080539941581225,0.0,0.0,0.0,0.0,GPAB2750,,,,,,,,,,
data/train\GPAB3154_jpg.rf.e44dadb333cb93a8771cdb05af5993c6.jpg,0.9064502716064453,0.1869775293198111,0.13998901527299543,0.18447715964149847,0.0202919786527578,0.020823931341615406,0.022937339045903483,0.12062171250357676,0.06974821546196346,0.042105879709557675,0.03978122725518174,0.0005146690274867827,0.0,0.0029113367375744876,0.007522233509946747,0.0,0.0,0.0,0.022937339045903483,0.0,0.06548107151018871,0.0025368574078732838,0.030218561500068176,0.0,0.0,0.0,0.0010600645640772542,0.0,0.0,GPAB3154,GPAB3154.JPG,2024-10-03 23:31:55.000,2024-10-04 11:31:55.000,7.182295179,171.120088121,793902.7814450376,513258.6516415335,-3.526171875,32.129619140625,-0.6570833333333334
data/train\GPAB2754_jpg.rf.5222dd952d3f495dd28b9d48b00baaf6.jpg,0.7825937271118164,0.29704756655649933,0.3740184320646486,0.1998836233467698,0.10176331754118792,0.015334448449559555,0.008594780718347374,0.01084645771360205,0.019097485611351907,0.2700207211895768,0.2998311962406116,0.0,0.0,0.0,0.03192964397577983,0.0008459392037609247,0.014565325518557852,0.0,0.004590732500772964,0.0,0.0,0.09635353153211977,0.26365169197442784,0.0,0.0,0.0,0.0,0.0008459392037609247,0.004012690048259823,GPAB2754,GPAB2754.JPG,2024-10-03 23:18:34.219,2024-10-04 11:18:34.219,,,,,,29.95738789160156,-0.6658593666666667
data/train\GPAB2985_jpg.rf.dba8ba6e865affe21974c4920fc363dd.jpg,0.8656816482543945,0.3283617201467959,0.2938548902199442,0.32643747251417743,0.04092482951588464,0.03933665307658774,0.03604123497521715,0.28263683378686943,0.23945360585186365,0.00017187641029875768,0.005935977477468827,0.006220197686677946,0.007339794862143596,0.0,0.005084277053250961,0.0,0.0,0.0,0.03604123497521715,0.0,0.20371387474722646,0.0,0.005935977477468827,0.00198185983718791,0.006221157890087436,0.0,0.0010178156140596825,0.0,0.0,GPAB2985,GPAB2985.JPG,2024-10-03 23:26:16.681,2024-10-04 11:26:16.681,7.181565685290001,171.11962067311998,793822.1241455423,513207.0627783834,-2.1936917121794934,31.48611328124999,-0.6602780166666667
data/train\GPAB3191_jpg.rf.e826bca6abc790f4761354a9d8dccd08.jpg,0.9010887145996094,0.259004307472495,0.2313600513132702,0.2478352214133042,0.012607470766607199,0.018027819013179753,0.02014506753110579,0.043700777572721006,0.027957282470718596,0.17016244721281756,0.13713817135021883,0.025687361610683607,0.026379668268926088,0.0006222118093496926,0.019739861692300898,0.00133372253578198,0.0,0.0,0.02014506753110579,0.0,0.018118078133671837,0.007780528227099629,0.1360080119372488,0.0023236922509664447,0.024741561252335696,0.0,0.019739861692300898,0.00133372253578198,0.0,GPAB3191,GPAB3191.JPG,2024-10-03 23:33:09.000,2024-10-04 11:33:09.000,7.18272835,171.119314667,793950.645168024,513173.24378584966,-2.164392240204076,32.301220703125004,-0.6517000000000002
data/train\GPAB3215_jpg.rf.006beb5ee5b8d23dc7a38e00e61556ec.jpg,0.02880096435546875,0.015937456190719443,0.9905189515346932,0.007051733839296517,0.0015142407767661501,0.0,0.0,0.0,0.9807075930965216,0.009948667525728651,0.0,0.005988788664990792,0.006024316191141931,0.0,0.0037870422470296108,0.0,0.0,0.0,0.0,0.0,0.9791933523197555,0.008885722351422926,0.0,0.0,0.006024316191141931,0.0,0.0037870422470296108,0.0,0.0,GPAB3215,GPAB3215.JPG,2024-10-03 23:33:57.141,2024-10-04 11:33:57.141,7.18285863753,171.11925683887,793965.0464841718,513166.8553644935,-1.6747238569426015,32.47282226562499,-0.6500953000000002
data/train\GPAB6151_jpg.rf.ba5d76d5c0fe110e28357ddc64a64e6f.jpg,0.8608102798461914,0.316763423163563,0.23550236882181122,0.21659020246849092,0.05002371702421441,0.0396467987778531,0.0,0.0015267234210895235,0.02761256944671159,0.2271697236342547,0.053259602514196605,0.04123113440351204,0.154630196860903,0.0037467137038310195,0.0,0.004205690933567367,0.0,0.03598362277064773,0.0,0.0,0.0019722578030930073,0.05908227598934558,0.028876197133600782,0.008042663757890471,0.154630196860903,0.0,0.0,0.0,0.0,GPAB6151,GPAB6151.JPG,2024-10-04 01:11:55.000,2024-10-04 13:11:55.000,7.170167099,171.138620319,792562.6278342648,515305.1575997621,-3.3232167180315555,31.408892578124995,-0.24633333333333343
data/train\GPAB3031_jpg.rf.fb95fce5eff83312342fb3c822f020f4.jpg,0.8675031661987305,0.17866600860726337,0.29179621410999707,0.11264722318776009,0.14794718113085076,0.0,0.015453513672336348,0.0,0.03477856749173745,0.17647290401998758,0.23371543027674982,0.00154976830291729,0.0015728131847450564,0.0006462168945869494,0.0009976513424603869,0.0,0.005278238141967995,0.0,0.0,0.0,0.010269375464498399,0.06602262623314123,0.13200684432990284,0.0,0.0015728131847450564,0.0,0.0,0.0,0.0,GPAB3031,GPAB3031.JPG,2024-10-03 23:27:48.773,2024-10-04 11:27:48.773,7.18152035736,171.11949011228,793817.1094900925,513192.6491211966,-1.652272927941184,31.59668045800781,-0.661
data/train\GPAB3123_jpg.rf.0244cdd3ba695a837440d64823fca41d.jpg,0.8644752502441406,0.30744464907445995,0.2628259170422662,0.2849701280719308,0.0205781192687859,0.0,0.0,0.15449672858698388,0.13542900928132615,0.1497590849645589,0.12623794224568533,0.0005761220456941598,0.0,0.0027125746318100025,0.0011589655152547515,0.0,0.0,0.0,0.0,0.0,0.12272263756354146,0.029029829679119226,0.11836619469468412,0.0,0.0,0.0,0.0011589655152547515,0.0,0.0,GPAB3123,GPAB3123.JPG,2024-10-03 23:30:52.957,2024-10-04 11:30:52.957,7.181936703470001,171.12086533271,793863.1753814731,513344.4723638048,-2.8563503442603,32.000917968749995,-0.6581173833333335
data/train\GPAB3142_jpg.rf.13d3a59829dbccf728469ca35f2de966.jpg,0.7420949935913086,0.4829880761940609,0.26011814342750367,0.47234710201008984,0.04003664136210615,0.010767721034023847,0.009812318641581032,0.37883673277347074,0.18802607144297448,0.07356694442150626,0.052091034964846954,0.006403596537890586,0.007274501030298259,0.015517847300772195,0.0029142173478029585,0.0,0.0,0.0,0.0,0.0,0.160601701864523,0.006881777835816739,0.049291081822773336,0.0030803325376447745,0.007274501030298259,0.0008161728980667264,0.0029142173478029585,0.0,0.0,GPAB3142,GPAB3142.JPG,2024-10-03 23:31:30.995,2024-10-04 11:31:30.995,7.182161020200001,171.12039186505,793887.9593059864,513292.19126373314,-2.4418031363051345,32.052419887695315,-0.6574834166666668
data/train\GPAB6728_jpg.rf.4800b71dc64fceae56a1c8a925e4e96b.jpg,0.9406967163085938,0.14477370886248542,0.13371024517833857,0.11045795941412229,0.028026417116201897,0.020129704276553945,0.018214098474620865,0.076255513968079,0.08121304417127724,0.044211605786569824,0.024455420636307595,0.004235457239261565,0.006438163860632237,0.0,0.0033895180355006404,0.0,0.0,0.020129704276553945,0.0,0.0,0.08121304417127724,0.014216771680912885,0.018032620030227202,0.0,0.006438163860632237,0.0,0.0,0.0,0.0,GPAB6728,GPAB6728.JPG,2024-10-04 01:31:10.167,2024-10-04 13:31:10.167,7.16898296277,171.13476440396,792431.597599309,514879.46121808334,-5.530522789442914,31.228710937500004,-0.1283055000000001
data/train\GPAB4077_jpg.rf.9a5ffc9ad55a59ca7c25d9668bc0f0c0.jpg,0.8443403244018555,0.2248681160617065,0.23178446122026491,0.15487312832350406,0.06538889198287766,0.059554696066814794,0.0468675284172199,0.10905126141921904,0.10362995296923701,0.04014514434737855,0.026042636872195005,0.010932876020456173,0.03771582972136817,0.005376178889736002,0.017528513240244813,0.0,0.0,0.049168175786358584,0.01012822556330333,0.0,0.09571403606139925,0.011440823624076524,0.014643101994726564,0.006084809005939818,0.036266882776447365,0.003456732274164959,0.009643322841510746,0.0,0.0,GPAB4077,GPAB4077.JPG,2024-10-04 00:02:42.865,2024-10-04 12:02:42.865,7.1761243938,171.1265882109,793220.8088171581,513976.5009959153,-5.048632712043547,31.185810546874997,-0.6004279166666667
data/train\GPAB3277_jpg.rf.723ca0b955fa1ca90899447e24f64111.jpg,0.8925924301147461,0.8783806361539629,0.9844859935128658,0.8783806361539629,0.0,0.0,0.0,0.8783806361539629,0.9844859935128658,0.0,0.0,0.0,0.0,0.0,0.0,0.0,0.0,0.0,0.0,0.0,0.9844859935128658,0.0,0.0,0.0,0.0,0.0,0.0,0.0,0.0,GPAB3277,GPAB3277.JPG,2024-10-03 23:36:01.265,2024-10-04 11:36:01.265,7.18249735635,171.11907440550002,793925.1024669898,513146.7236929025,-3.9501746289606583,32.39446470214844,-0.6419367500000001
data/train\GPAB3078_jpg.rf.2174b632f18eb5e71d5a552bdede8009.jpg,0.8624563217163086,0.5557494099550049,0.5043084326983829,0.5195334179592604,0.06534856343967906,0.02055123357332017,0.021030375074655817,0.5029939142307907,0.45848368518386934,0.03211784384403992,0.016228397823794993,0.00019012027507907275,0.006698378984604098,0.0,0.0018675956314585683,0.0,0.0,0.02055123357332017,0.021030375074655817,0.003930112555043661,0.39500271737564885,0.011850830479928869,0.016228397823794993,0.0,0.006698378984604098,0.0,0.0,0.0,0.0,GPAB3078,GPAB3078.JPG,2024-10-03 23:29:22.867,2024-10-04 11:29:22.867,7.18212274645,171.12045121957,793883.7299554158,513298.7455824094,-4.204579762379488,31.699474083984374,-0.6608566500000002
data/train\GPAB3067_jpg.rf.85e7f8fb577eac71eb9aab2339aeb922.jpg,0.7638692855834961,0.5783814043166905,0.49258242866168767,0.5194681241274152,0.04176500749918863,0.034107385308503754,0.03185090729620163,0.34311620573702334,0.3200751647228949,0.11359206334269852,0.10641934387380622,0.07140072552969622,0.01900242547381237,0.016769952546747503,0.015234587294972566,0.0,0.0,0.0,0.03185090729620163,0.0,0.28196565160363574,0.0,0.10641934387380622,0.05930504318034732,0.017235651200350283,0.0,0.013345867188505212,0.0,0.0,GPAB3067,GPAB3067.JPG,2024-10-03 23:29:00.845,2024-10-04 11:29:00.845,7.182187386700001,171.12014592600002,793890.8669340626,513265.0368910774,-2.1882824372899274,31.562669028320304,-0.6619577500000001
data/train\GPAB6942_jpg.rf.ad7a548a4c1e9f9e656996478eed1274.jpg,0.7328176498413086,0.24086606506722383,0.4432087693456982,0.22506783837088049,0.002241114757750282,0.010133986783760271,0.009698054435851691,0.0,0.0,0.20846496121738428,0.4222244840346979,0.010227126514480827,0.011286230875148592,0.0,0.0,0.012407748457433223,0.0,0.0,0.009698054435851691,0.0,0.0,0.0,0.4222244840346979,0.003666056617433837,0.00904511611739831,0.0,0.0,0.012407748457433223,0.0,GPAB6942,GPAB6942.JPG,2024-10-04 01:38:18.595,2024-10-04 13:38:18.595,7.16915590665,171.13672765685,792450.7802281115,515096.2204717725,-1.7035846264442662,31.142910156250004,-0.07145041666666681
data/train\GPAB3114_jpg.rf.a0eef7d84c3db00e2182b17cfb131176.jpg,0.9024906158447266,0.3508448829800105,0.3374481250108023,0.3241992383666556,0.026246199995006943,0.049324688942105496,0.05053166462783476,0.28047061489505937,0.2800730906835304,0.0028575653466430327,0.0,0.012954104197433184,0.004850947624744826,0.005727613337609439,0.001992422074692303,0.0,0.0,0.026856889363442753,0.026277886707520123,0.0,0.2800730906835304,0.0,0.0,0.0,0.004850947624744826,0.0,0.0,0.0,0.0,GPAB3114,GPAB3114.JPG,2024-10-03 23:30:34.939,2024-10-04 11:30:34.939,7.1818119115800005,171.12105188884,793849.3853693068,513365.0732846164,-2.0632837024689312,31.966335963867188,-0.6584176833333334
data/train\GPAB3029_jpg.rf.5d51a10673dfbc7f88c36ffd7b48fa3a.jpg,0.9400062561035156,0.3673757448777949,0.3612630899729799,0.32879093107083807,0.04637782467837987,0.0013778918926185323,0.0031254620978908173,0.0,0.0,0.36309803868851576,0.3537254932084813,0.0028998142966606046,0.00277402765001738,0.0,0.0016381070165903946,0.0,0.0,0.0013778918926185323,0.0,0.0,0.0,0.03720692191433833,0.31047313062799226,0.0,0.00277402765001738,0.0,0.0016381070165903946,0.0,0.0,GPAB3029,GPAB3029.JPG,2024-10-03 23:27:44.769,2024-10-04 11:27:44.769,7.18155052254,171.1194474342,793820.4429509345,513187.9362494151,-1.6517135320400111,31.579503141601556,-0.661
data/train\GPAB3219_jpg.rf.ff338c196dc32a1235219d6a9764c2bc.jpg,0.8725786209106445,0.13606082312477075,0.23760329388177592,0.0795605341035445,0.04389761927166651,0.0,0.0,0.0,0.010983766801159157,0.08934308643943133,0.08406964931451079,0.04671773668533942,0.1025842914563021,0.0,0.03996558630980387,0.0,0.0,0.0,0.0,0.0,0.0,0.009782552335886834,0.07465389468104923,0.04671773668533942,0.08296445519018748,0.0,0.03608732473887268,0.0,0.0,GPAB3219,GPAB3219.JPG,2024-10-03 23:34:05.149,2024-10-04 11:34:05.149,7.18281422578,171.11932803372002,793960.138916602,513174.7171030238,-1.6781488134038778,32.47282226562499,-0.6496567333333334
data/train\GPAB3405_jpg.rf.0a744a0303d7a1212bd37f5aef217427.jpg,0.8867502212524414,0.34006755991189175,0.2661501412459215,0.34006755991189175,0.006102092667310643,0.0,0.0,0.34006755991189175,0.1685022555178089,0.0,0.04807930511999662,0.0,0.007577925307697183,0.0,0.04199065530041884,0.0,0.0,0.0,0.0,0.0,0.1685022555178089,0.0,0.04807930511999662,0.0,0.007577925307697183,0.0,0.0358885626331082,0.0,0.0,GPAB3405,GPAB3405.JPG,2024-10-03 23:40:17.521,2024-10-04 11:40:17.521,7.18240262892,171.11932467664,793914.6377613753,513174.3583036533,-7.294909925412178,32.51572265625,-0.6324159666666668
data/train\GPAB3414_jpg.rf.79f5f83a7d2e3362e7ffb0a7840a4535.jpg,0.8568973541259766,0.8529525294638416,0.9968447715964149,0.8529525294638416,0.0,0.0,0.021023653650789384,0.8529525294638416,0.9742713496427083,0.0,0.0,0.0,0.00154976830291729,0.0,0.0,0.0,0.0,0.0,0.021023653650789384,0.0,0.9742713496427083,0.0,0.0,0.0,0.00154976830291729,0.0,0.0,0.0,0.0,GPAB3414,GPAB3414.JPG,2024-10-03 23:40:35.539,2024-10-04 11:40:35.539,7.18250852007,171.11917022070998,793926.3393397228,513157.302117723,-2.0790131098393303,32.45103744726562,-0.6318153666666668
data/train\GPAB6656_jpg.rf.5d4becc71a2154b3949645d8d64ed72e.jpg,0.9503307342529297,0.4510805168966994,0.4883844193553962,0.09992356780860458,0.1438884013189354,0.04336854719303737,0.024667625589804943,0.0,0.01928664568302149,0.3766090608634533,0.407516088208126,0.0,0.0,0.0,0.0,0.0313900096596463,0.0369140598744438,0.016300413079506762,0.024667625589804943,0.0,0.0,0.3350437756734387,0.2829143325722121,0.0,0.0,0.0,0.0,0.0,0.0369140598744438,GPAB6656,GPAB6656.JPG,2024-10-04 01:28:46.000,2024-10-04 13:28:46.000,7.169364156,171.136693708,792473.8005865643,515092.4652880094,-1.8482284700818785,31.271611328124997,-0.14833333333333346
data/train\GPAB2865_jpg.rf.a0aa2ad9cf1986ac821e09da15c74528.jpg,0.9092302322387695,0.2422794844859935,0.1923076184458916,0.2276632681867327,0.025182294617291726,0.006714702442565433,0.0,0.05261242541620017,0.0,0.1534798731763337,0.14930778936209846,0.014190846188856647,0.01448466843216067,0.0008171331014762167,0.02039760102780173,0.014616216299260836,0.008117559623830713,0.0,0.0,0.0,0.0,0.0,0.14930778936209846,0.0,0.01448466843216067,0.0,0.0033328660343407146,0.014616216299260836,0.0,GPAB2865,GPAB2865.JPG,2024-10-03 23:22:16.441,2024-10-04 11:22:16.441,,,,,,31.271611328124997,-0.6602740166666667
data/train\GPAB6368_jpg.rf.d2c256279e5c0d2c04d4f255540806c8.jpg,0.9664440155029297,0.058152799088959005,0.061442455969872654,0.050522062593739855,0.015113601665376793,0.004749166063338858,0.00501034139072021,0.04582090670087551,0.037713909314549196,0.0028815704318802893,0.004384288767732556,0.0016707539325130636,0.006365188401510976,0.003030401960351281,0.007968728095359721,0.0,0.0,0.004749166063338858,0.0,0.0,0.037713909314549196,0.0028815704318802893,0.004384288767732556,0.0,0.004230656222214114,0.0,0.0,0.0,0.0,GPAB6368,GPAB6368.JPG,2024-10-04 01:19:09.447,2024-10-04 13:19:09.447,7.16910351872,171.13324235378,792444.8757236064,514711.4060993047,-5.518205718165454,31.241126310546875,-0.2092127500000001
data/train\GPAB3119_jpg.rf.a07bb269b747616a05385b7d94ce252b.jpg,0.8205490112304688,0.4730365280581038,0.3549526331658098,0.44641872934362414,0.022900851316342855,0.1263080370945781,0.0676328873508564,0.15362390368775722,0.143730927959779,0.12736138023478893,0.09847654127050275,0.06645663817423082,0.031470666746043485,0.0,0.012413509677890164,0.0,0.0012281001607380507,0.0,0.0676328873508564,0.0,0.1320020433128554,0.0241491157486802,0.0968528373050547,0.002720256259085925,0.029748061829417943,0.0,0.004587851890544493,0.0,0.0012281001607380507,GPAB3119,GPAB3119.JPG,2024-10-03 23:30:44.949,2024-10-04 11:30:44.949,7.18188524309,171.12094256332,793857.4888076202,513353.0007371752,-1.8634344901203086,32.000917968749995,-0.6582508500000002
data/train\GPAB3412_jpg.rf.aabe456f2f3adad085609422103a52ae.jpg,0.9229001998901367,0.9272693927481598,0.9333311568722719,0.9193419533994082,0.0,0.0,0.0036948627197185453,0.9272693927481598,0.9277283699778961,0.0,0.0,0.0,0.0,0.0,0.0019079241746571595,0.0,0.0,0.0,0.0036948627197185453,0.00792743934875164,0.9277283699778961,0.0,0.0,0.0,0.0,0.0,0.0019079241746571595,0.0,0.0,GPAB3412,GPAB3412.JPG,2024-10-03 23:40:31.535,2024-10-04 11:40:31.535,7.1824871547,171.11920221685,793923.9783674488,513160.8353551912,-1.740642492948766,32.479107172851556,-0.6319488333333334
data/train\GPAB3200_jpg.rf.06b39b4ef0f72de364bef81911229eb2.jpg,0.7808427810668945,0.4043282128886183,0.2116297916550642,0.38437134522577265,0.03805670193173722,0.0,0.0,0.29221390259312535,0.1672578318991095,0.07741639989015273,0.021089907686044213,0.03206887347015592,0.011458107285447348,0.003923391131177229,0.011823944784463141,0.0,0.0,0.0,0.0,0.0,0.1356412142348235,0.0007105505230227972,0.021089907686044213,0.019400909888750834,0.007842941448716495,0.0,0.008999026353742777,0.0,0.0,GPAB3200,GPAB3200.JPG,2024-10-03 23:33:27.111,2024-10-04 11:33:27.111,7.18286926572,171.11915339727,793966.2184344176,513155.4343093257,-2.89453125,32.429921875,-0.6510963000000001
data/train\GPAB6658_jpg.rf.f6047019a05b50a74f0bc478b9487e2e.jpg,0.7760801315307617,0.12247394488048348,0.3113565177647233,0.09156691753581078,0.20250209804444974,0.021279067757713793,0.0,0.0,0.058935364867693574,0.08194375896589934,0.08067629046537218,0.005354094211317726,0.0,0.0,0.17004626260026925,0.013897023945552625,0.0016985998313882812,0.0,0.0,0.0,0.0,0.014900436508469955,0.08067629046537218,0.005354094211317726,0.0,0.0,0.026479529423513077,0.010652496624885016,0.0016985998313882812,GPAB6658,GPAB6658.JPG,2024-10-04 01:28:50.000,2024-10-04 13:28:50.000,7.169352921,171.136642627,792472.5569048367,515086.8257518125,-1.7350617072712096,31.271611328124997,-0.1476666666666668
data/train\GPAB2948_jpg.rf.4acdaada60495f5c29e1e122f2d83397.jpg,0.9894142150878906,0.028070586473038447,0.02061172638811806,0.008189574879542482,0.02061172638811806,0.0,0.0,0.0,0.0014153398255886526,0.019881011593495965,0.016738265834234323,0.008189574879542482,0.0,0.0,0.0,0.0,0.002458120728295082,0.0,0.0,0.0,0.0,0.019881011593495965,0.0,0.0,0.0,0.0,0.0,0.0,0.0,GPAB2948,GPAB2948.JPG,2024-10-03 23:25:02.607,2024-10-04 11:25:02.607,7.181720565209999,171.11955040574998,793839.2437292718,513199.30023111496,-1.8316198561026176,31.443212890625,-0.6609565500000001
data/train\GPAB7062_jpg.rf.2c7208719da7236acf8888944147a4c5.jpg,0.8130874633789062,0.2793510177195937,0.40382410609863595,0.12205337578712674,0.2583609711881365,0.08186022126927368,0.08375374239278849,0.0,0.004103909372161398,0.14289651119693195,0.2797744674231789,0.007220729639366804,0.0,0.018772936858944198,0.009569387178979994,0.028624623840314334,0.026622599731527127,0.08186022126927368,0.0,0.0,0.0,0.061758362891594955,0.12498103598266257,0.007220729639366804,0.0,0.006539945422038205,0.006587955592512718,0.0,0.013894143335324155,GPAB7062,GPAB7062.JPG,2024-10-04 01:42:18.835,2024-10-04 13:42:18.835,7.16903530485,171.1368833331,792437.4531053411,515113.4128299322,-1.66770584331926,31.228710937500004,-0.04048866666666682
data/train\GPAB6651_jpg.rf.5316b34793087787dd67e7e0da128a58.jpg,0.9052858352661133,0.4130497404570184,0.3560818323753704,0.11961253872020249,0.20989950511116276,0.0,0.0,0.0,0.004260422527908312,0.4074383117319573,0.34071857782352616,0.004479348905272093,0.0026376787658697618,0.0,0.00846515325806619,0.001132079819789024,0.0,0.0,0.0,0.0,0.0,0.29343816194022543,0.1435446484983379,0.0,0.0026376787658697618,0.0,0.0,0.0,0.0,GPAB6651,GPAB6651.JPG,2024-10-04 01:28:36.000,2024-10-04 13:28:36.000,7.169392521,171.136827706,792476.9406777832,515107.2592108031,-1.6215006189221755,31.271611328124997,-0.15000000000000013
data/train\GPAB2913_jpg.rf.a426d17e675cf5b48b74ca8af4351b03.jpg,0.9876794815063477,0.21768387415190033,0.2227201410346768,0.055960654705092726,0.0,0.0,0.0,0.0,0.0,0.17895502983351994,0.17889069620508408,0.0,0.001282831755078996,0.0,0.0,0.038728844318380404,0.042546613074513705,0.0,0.0,0.0,0.0,0.160255068433697,0.17889069620508408,0.0,0.001282831755078996,0.0,0.0,0.001492156098347874,0.042546613074513705,GPAB2913,GPAB2913.JPG,2024-10-03 23:23:52.537,2024-10-04 11:23:52.537,7.1818379628199995,171.11953759440001,793852.2213878798,513197.88237080124,-1.9310032322897555,31.44122660253906,-0.6601243833333335
data/train\GPAB6681_jpg.rf.0f833ea68a8c1dffcb4c3f6adea2c72d.jpg,0.9584293365478516,0.2641221916450781,0.30402440452985563,0.2568899395647974,0.015008939493742355,0.0,0.0,0.0,0.00699220122790812,0.23872289105724157,0.26149315470989376,0.0,0.0,0.0,0.020459054046009107,0.025425226079892765,0.015079994546044634,0.0,0.0,0.0,0.0,0.007518392696308786,0.26149315470989376,0.0,0.0,0.0,0.014622937723127267,0.0,0.012899372603092239,GPAB6681,GPAB6681.JPG,2024-10-04 01:29:36.000,2024-10-04 13:29:36.000,7.169234798,171.136029154,792459.4785710478,515019.0954339144,-1.9278687425933263,31.3273818359375,-0.14120000000000013
data/train\GPAB6822_jpg.rf.106375de053996d29e65d45e4eb95eea.jpg,0.7546720504760742,0.3028222298611738,0.3810279169539275,0.20790996364669892,0.10243930074146908,0.08342247221651435,0.04437772097641164,0.20618927913689236,0.2455950668589634,0.0018541527837257045,0.0,0.011493634811598489,0.016447324201158773,0.0,0.0746078049173937,0.0,0.0,0.08246803002748102,0.0,0.0,0.22001236741991423,0.001319319484639626,0.0,0.011274708434234709,0.01081285059426989,0.0,0.04776339819827432,0.0,0.0,GPAB6822,GPAB6822.JPG,2024-10-04 01:34:18.355,2024-10-04 13:34:18.355,7.16868527085,171.1340315693,792398.6647776446,514798.557735146,-5.710669226125269,31.057109375000003,-0.10224675000000011
data/train\GPAB2946_jpg.rf.4ae04bdc56ebbfb34e63f95e6dec2beb.jpg,0.9941377639770508,0.005404024788611219,0.010175275530368353,0.005404024788611219,0.0018435905462213114,0.0,0.0,0.0,0.0,0.005404024788611219,0.0,0.0,0.003142745759261642,0.0,0.0070325297711067115,0.0,0.0,0.0,0.0,0.0,0.0,0.0,0.0,0.0,0.0012991552130403304,0.0,0.0070325297711067115,0.0,0.0,GPAB2946,GPAB2946.JPG,2024-10-03 23:24:58.603,2024-10-04 11:24:58.603,7.18175193193,171.11950449876997,793842.709923937,513194.23082997807,-1.8971346029124891,31.443212890625,-0.6609767166666667
data/train\GPAB3266_jpg.rf.8a9ceca39439e1caada154d49866ef8d.jpg,0.9972934722900391,0.998427186815255,0.9980008565014412,0.998427186815255,0.0,0.0,0.0,0.998427186815255,0.9980008565014412,0.0,0.0,0.0,0.0,0.0,0.0,0.0,0.0,0.0,0.0,0.0,0.9980008565014412,0.0,0.0,0.0,0.0,0.0,0.0,0.0,0.0,GPAB3266,GPAB3266.JPG,2024-10-03 23:35:39.243,2024-10-04 11:35:39.243,7.18246118515,171.11912624191,793921.1053139324,513152.44787593227,-1.6626526826031682,32.446039551757806,-0.6433838000000002
data/train\GPAB3415_jpg.rf.90f875249c32b02ae81d4b3bce2a27ef.jpg,0.7297468185424805,0.5799474960775691,0.356958498088235,0.5799474960775691,0.0067771156641823005,0.0,0.34167302001255945,0.5799474960775691,0.0,0.0,0.0,0.0,0.006913464548329918,0.0,0.008372013527345634,0.0,0.0,0.0,0.34167302001255945,0.0,0.0,0.0,0.0,0.0,0.006913464548329918,0.0,0.0015948978631633325,0.0,0.0,GPAB3415,GPAB3415.JPG,2024-10-03 23:40:37.541,2024-10-04 11:40:37.541,7.182523715170001,171.11914722647,793928.0184619031,513154.7629377739,-2.3298229964261026,32.43386013085937,-0.6317486333333334
data/train\GPAB3095_jpg.rf.c30fe8fea9a0ca71fd70d7ad21b1c91c.jpg,0.35692405700683594,0.929367437197896,0.3046149296266921,0.0,0.13159779767746,0.0,0.0,0.0,0.0,0.929367437197896,0.0,0.0,0.2847483210843385,0.0,0.01986660854235361,0.0,0.0,0.0,0.0,0.0,0.0,0.929367437197896,0.0,0.0,0.1662025683520797,0.0,0.0068145635971524204,0.0,0.0,GPAB3095,GPAB3095.JPG,2024-10-03 23:29:56.901,2024-10-04 11:29:56.901,7.18195119901,171.1209391796,793864.779980085,513352.6252234937,-1.7343173051499134,31.819886900390625,-0.65915495
data/train\GPAB3116_jpg.rf.875191a63a6aeebad657f0fb148c4561.jpg,0.9143524169921875,0.43456213764323837,0.41438826400984785,0.42701397864123536,0.015803987916800294,0.1502036591431529,0.15087004030933912,0.25697827827847053,0.22687686159436016,0.021424058472546824,0.029175780597361745,0.004688673248540971,0.00230640858959562,0.0012674685005271517,0.0051591729191912015,0.0,0.0,0.0,0.14962081567359228,0.0,0.21933158320258564,0.0033741547809487964,0.02703548719760794,0.002936302026221235,0.0,0.0012674685005271517,0.0025963900192616804,0.0,0.0,GPAB3116,GPAB3116.JPG,2024-10-03 23:30:38.943,2024-10-04 11:30:38.943,7.181846042430001,171.12100138796,793853.156981673,513359.49658905994,-1.7954876005262008,31.983513280273435,-0.6583509500000001
data/train\GPAB3077_jpg.rf.391aeefd68784db44a3aa0d96880ed5b.jpg,0.84515380859375,0.5760932395918752,0.4875067934391221,0.5000729754591212,0.08390833514171642,0.011275668637644199,0.024366121719225,0.4829448670406339,0.42777445974155165,0.06800256566351016,0.0169082218377141,0.007582726324744634,0.0,0.006794399325553125,0.018457990140631392,0.0,0.0,0.010160872479225999,0.014463543957151883,0.047121022117325335,0.36004459184633675,0.013966158591035924,0.015915371512301164,0.0,0.0,0.0049815352884355025,0.013174950981615946,0.0,0.0,GPAB3077,GPAB3077.JPG,2024-10-03 23:29:20.865,2024-10-04 11:29:20.865,7.1821353351,171.1204218756,793885.1207494766,513295.505410992,-2.818750234959402,31.682296767578126,-0.6609567500000001
data/train\GPAB3216_jpg.rf.55b7a0b3177f516a9877b302a2d24331.jpg,0.015051841735839844,0.003925311537996209,0.9956166714356769,0.003925311537996209,0.9868125663740607,0.0,0.0,0.0,0.9868125663740607,0.003925311537996209,0.0033501496957115393,0.0,0.003870579943655264,0.0,0.0015833754222494493,0.0,0.0,0.0,0.0,0.0,0.0,0.0,0.0033501496957115393,0.0,0.003870579943655264,0.0,0.0015833754222494493,0.0,0.0,GPAB3216,GPAB3216.JPG,2024-10-03 23:33:59.143,2024-10-04 11:33:59.143,7.182848365330001,171.11927469186,793963.9114297905,513168.8267677318,-1.6755800960579208,32.47282226562499,-0.6500285666666668
data/train\GPAB6680_jpg.rf.838f9dbec7aa1cd9ac863c3ff99e066c.jpg,0.9468479156494141,0.2457323759465205,0.2117872650142206,0.2085033693537639,0.16414677285236104,0.0,0.0,0.0,0.1393504800056844,0.22837861972680293,0.0724367850085362,0.0,0.0,0.0,0.0,0.017353756219717586,0.0,0.0,0.0,0.0,0.0,0.03723572801662304,0.04764049216185957,0.0,0.0,0.0,0.0,0.0,0.0,GPAB6680,GPAB6680.JPG,2024-10-04 01:29:34.000,2024-10-04 13:29:34.000,7.169237045,171.136054161,792459.7277897578,515021.8564096563,-1.8008656237559215,31.318801757812505,-0.1414666666666668
data/train\GPAB6596_jpg.rf.2ff0ce0a9390ffcde484219f10b26580.jpg,0.8990230560302734,0.18717245061193763,0.2030465333776307,0.13339817907025425,0.0639533878856897,0.06144533658010113,0.07229851571756961,0.0,0.03377419472541063,0.10229719063686452,0.08399283304175156,0.018539607430438063,0.003474976138945274,0.0005348332990860784,0.008263510542073233,0.004548483550755392,0.0012425032118804048,0.028608300382352996,0.029677966980525154,0.0,0.022893169689066933,0.02176397047950638,0.07618829972941468,0.003633409701511168,0.003474976138945274,0.0,0.006858732953988973,0.0,0.0,GPAB6596,GPAB6596.JPG,2024-10-04 01:26:45.903,2024-10-04 13:26:45.903,7.1696563614599995,171.13821500741,792506.1535042853,515260.4238040547,-3.3996716807427534,31.25915734472656,-0.16240970000000013
data/train\GPAB3262_jpg.rf.77bd56029fdd05e1a937a6123d894b5b.jpg,0.9566564559936523,0.9555051342076305,0.9963704311121268,0.9555051342076305,0.0,0.0,0.0,0.9555051342076305,0.9963704311121268,0.0,0.0,0.0,0.0,0.0,0.0,0.0,0.0,0.0,0.0,0.0,0.9963704311121268,0.0,0.0,0.0,0.0,0.0,0.0,0.0,0.0,GPAB3262,GPAB3262.JPG,2024-10-03 23:35:31.235,2024-10-04 11:35:31.235,7.182445456,171.11914905275,793919.3671484097,513154.9668227054,-1.881980884757716,32.4803941845703,-0.6439176666666668
data/train\GPAB2944_jpg.rf.4c5671d6eb3325a6fb91a55ecd6b13f6.jpg,0.8815374374389648,0.2096949817849413,0.15472237638821407,0.0,0.04666876631145542,0.0,0.007021967533602318,0.0,0.0,0.14209762196023606,0.12456430770294379,0.0,0.006225958907134887,0.0,0.007539517171317572,0.06770682301338715,0.00937062507321551,0.0,0.007021967533602318,0.0,0.0,0.14209762196023606,0.0824200198570065,0.0,0.001701480441616752,0.0,0.007539517171317572,0.06770682301338715,0.00937062507321551,GPAB2944,GPAB2944.JPG,2024-10-03 23:24:54.599,2024-10-04 11:24:54.599,7.18178445178,171.1194595016,793846.3036210738,513189.2618465898,-2.2780189666290656,31.443212890625,-0.6609099833333334
data/train\GPAB5743_jpg.rf.e977816285ab91f398c9cf38144e91de.jpg,0.9008855819702148,0.1665079130362976,0.2241863716409684,0.14262093281840826,0.12242977552364694,0.06950912481300038,0.10604198393387655,0.0,0.03811623454312561,0.04272329050185991,0.04735723215605994,0.025776660527766202,0.024502470603372618,0.004055899201686885,0.008168450404533697,0.02473195921824079,0.0,0.0,0.04652185518980341,0.0,0.012711172734832146,0.017671583548258863,0.023131300134620517,0.003704464753813448,0.01939226805806542,0.0,0.0,0.002779788870474321,0.0,GPAB5743,GPAB5743.JPG,2024-10-04 00:58:18.197,2024-10-04 12:58:18.197,7.1703155787799995,171.13734979123,792578.9997574087,515164.87264582294,-2.3749683912438533,31.764120682617182,-0.3471803000000001
data/train\GPAB5669_jpg.rf.9ff6ca653fa1cc1ec05bc94ed09c74df.jpg,0.9204158782958984,0.13454082112754767,0.16871446047130625,0.11920061145753116,0.032820712739786796,0.07653205255001219,0.07479984559929176,0.0,0.0013164388744111553,0.014983974205095608,0.025494360725376062,0.009530979042600385,0.038436942481895366,0.02462057562273992,0.028666872790331904,0.008879961130965983,0.0,0.0,0.07479984559929176,0.0,0.0,0.01221858838576364,0.025494360725376062,0.0022622392327590678,0.013394837562389217,0.0,0.022204703844462412,0.0010206962242881531,0.0,GPAB5669,GPAB5669.JPG,2024-10-04 00:55:50.000,2024-10-04 12:55:50.000,7.171255075,171.137531274,792682.8648593429,515184.879184978,-3.6558090733231414,32.387021484375005,-0.3600000000000001
data/train\GPAB6684_jpg.rf.0736c8590fcf6864ecebf96c7bd09b8f.jpg,0.8917064666748047,0.186148873777421,0.2537798407214584,0.04519581428129735,0.10061299385661858,0.0,0.06676102265503925,0.0,0.014029532016062283,0.15784687828269542,0.14433969692139584,0.0,0.0,0.0,0.0017437293916343238,0.028494996380033145,0.026905859737326756,0.0,0.06676102265503925,0.0,0.0,0.14096938295408498,0.05949996447247385,0.0,0.0,0.0,0.0,0.0,0.026905859737326756,GPAB6684,GPAB6684.JPG,2024-10-04 01:29:42.000,2024-10-04 13:29:42.000,7.169221467,171.135963626,792458.0027172841,515011.86085449054,-1.8971976541562987,31.353122070312498,-0.14040000000000014
data/train\GPAB6647_jpg.rf.ed1c984301bcc115058546f7d8048b07.jpg,0.7786979675292969,0.17384194667798428,0.36700798697196013,0.04552708445757149,0.19900983824413362,0.019881011593495965,0.06026524658983759,0.0,0.029686608811210567,0.1340347939307463,0.2579845714516163,0.002350577946432172,0.003406801696871465,0.0,0.0,0.017610130530051487,0.015664758422424208,0.019881011593495965,0.021249301452019597,0.0,0.029686608811210567,0.10202545307197877,0.10411005467398214,0.0015296040313179944,0.0019232874292090037,0.0,0.0,0.004913360846361693,0.0110288963614052,GPAB6647,GPAB6647.JPG,2024-10-04 01:28:28.000,2024-10-04 13:28:28.000,7.169411472,171.136916949,792479.0386038743,515117.1119970958,-1.7071759994768791,31.271611328124997,-0.1513333333333335
data/train\GPAB4073_jpg.rf.fdcf2e1d63bb3c1057b2777db9c017bf.jpg,0.8171825408935547,0.3481409501788859,0.30458036230395047,0.31468458278201655,0.054769042273915304,0.2171836081755559,0.15376601379236177,0.00641607918221396,0.023514421295007134,0.1025247588449137,0.1003460573087803,0.011563729660491278,0.025944696124427,0.00944168012551779,0.0010091737833742701,0.0017888589518803664,0.0,0.006525542370895851,0.1414523652690586,0.0,0.008482436919437014,0.01561002682808326,0.08064940476990645,0.009995717492793673,0.019227113071633096,0.0019684169894550463,0.0,0.0,0.0,GPAB4073,GPAB4073.JPG,2024-10-04 00:02:34.857,2024-10-04 12:02:34.857,7.176162150150001,171.12652209925,793224.9806781523,513969.2004996764,-3.8304323253447063,31.185810546874997,-0.6010952500000001
data/train\GPAB3150_jpg.rf.6c8b56def24a487f2d90b80b7048e1f4.jpg,0.8658790588378906,0.5426896833825278,0.5062826109082949,0.5300841330227395,0.03523370390783584,0.06863149889672628,0.03701008021539283,0.0,0.03325856549451436,0.4738680642107224,0.4301768886720963,0.0,0.001975138413321478,0.0023937870998592342,0.0038619381129698514,0.0,0.0,0.0,0.03701008021539283,0.0,0.0,0.012605550359788217,0.4301768886720963,0.0,0.0,0.0,0.0038619381129698514,0.0,0.0,GPAB3150,GPAB3150.JPG,2024-10-03 23:31:47.000,2024-10-04 11:31:47.000,7.18225485,171.120184701,793898.3259648548,513269.3160003807,-1.724583198465142,32.129619140625,-0.6572166666666668
data/train\GPAB3201_jpg.rf.64c5d806908d0ba5fcd43bc8fbac2fe3.jpg,0.8603906631469727,0.3677799905131903,0.33850818957487955,0.3677799905131903,0.041353080236517306,0.0,0.03743929113943498,0.3386483792726651,0.2618321065134438,0.03001403817384675,0.03189891746667614,0.0,0.0009602034094902664,0.0,0.00637767104583435,0.0,0.0,0.0,0.03743929113943498,0.0,0.22143922968641677,0.0,0.03189891746667614,0.0,0.0,0.0,0.00637767104583435,0.0,0.0,GPAB3201,GPAB3201.JPG,2024-10-03 23:33:29.113,2024-10-04 11:33:29.113,7.18288475733,171.11913769114,793967.9305443658,513153.69978634216,-2.820654438377169,32.429921875,-0.6510295666666668
data/train\GPAB6951_jpg.rf.fd609cc90f60eda0e6252f5f464ff693.jpg,0.8468818664550781,0.2694878082973097,0.27042304641815323,0.11769309210463144,0.11423635983046648,0.03894200947528725,0.036054677822950014,0.0,0.014909078339155366,0.20849184691285003,0.20004397731615464,0.0,0.0,0.00230544838618613,0.0067223840698413554,0.019850285084392277,0.012692928870051832,0.0,0.036054677822950014,0.0,0.0,0.1532695886296553,0.10379126714203137,0.0,0.0,0.0,0.005482761468189421,0.0,0.010857980154515933,GPAB6951,GPAB6951.JPG,2024-10-04 01:38:36.613,2024-10-04 13:38:36.613,7.16919823084,171.1369354768,792455.4659062888,515119.16470169596,-1.8322469888263095,31.17390997851563,-0.06994891666666678
data/train\GPAB3079_jpg.rf.e7c5099d099663c09dfc56f1c1dff4d2.jpg,0.8382120132446289,0.409738959101096,0.28918254042936453,0.38793273967157205,0.0881524342116634,0.002721216462495415,0.0,0.29175972638043646,0.2640991467632503,0.07479312417542532,0.004862470065658709,0.023381913224497477,0.016770912750156994,0.01719052164010424,0.0034500108502985272,0.0,0.0,0.002721216462495415,0.0,0.002880610228470799,0.1777461337409717,0.0,0.004862470065658709,0.0042450592733564675,0.016770912750156994,0.011974696719753113,0.001650589660913768,0.0,0.0,GPAB3079,GPAB3079.JPG,2024-10-03 23:29:24.869,2024-10-04 11:29:24.869,7.1821073562999995,171.12048114737001,793882.0294793072,513302.0502948686,-4.475635194740176,31.708633317382812,-0.6607565500000001
data/train\GPAB4668_jpg.rf.b51dd75e3f5f90910571442c1666adc0.jpg,0.9094295501708984,0.2097468327690538,0.252838841380158,0.19935359106473116,0.009849766574551153,0.0,0.0,0.0,0.004651225315570851,0.16642149472944348,0.18330667168532983,0.012454798424498245,0.04656506434323047,0.030548871472932827,0.01831588003602683,0.00032166814217923925,0.0,0.0,0.0,0.0,0.0,0.0,0.18330667168532983,0.010393241704322643,0.04394370903532204,0.0,0.015738694084954957,0.0,0.0,GPAB4668,GPAB4668.JPG,2024-10-04 00:22:26.000,2024-10-04 12:22:26.000,7.170562865,171.134480608,792606.242866083,514848.07582593476,-2.243036043501715,31.803576171874994,-0.5152666666666668
data/train\GPAB6722_jpg.rf.3905acae98248caaa1018f868607f294.jpg,0.9108638763427734,0.1952141541664186,0.21346762098082858,0.189552794864064,0.05192299936818616,0.0,0.02039952143462071,0.16767648058564727,0.17345018368691223,0.01491868037325027,0.004535040703022528,0.012622834021159043,0.011477311353637155,0.0,0.0036055638026359503,0.0,0.0,0.0,0.0,0.0,0.14821795849232702,0.004302671477925884,0.0018493517666782532,0.001365409248295159,0.011477311353637155,0.0,0.0,0.0,0.0,GPAB6722,GPAB6722.JPG,2024-10-04 01:30:58.155,2024-10-04 13:30:58.155,7.16901490135,171.13493014905,792435.1337086876,514897.76028052997,-5.862160784116668,31.249496176757813,-0.1302460000000001
data/train\GPAB3481_jpg.rf.e4fc253b7043c340198c9e586f1f566a.jpg,0.7715616226196289,0.8208394866368491,0.6786746504379487,0.8208394866368491,0.02767306226150948,0.0,0.0,0.8208394866368491,0.5596708806793631,0.0,0.10850874649285705,0.0,0.010495023265728612,0.0,0.0,0.0,0.0,0.0,0.0,0.0,0.5319978184178537,0.0,0.10850874649285705,0.0,0.010495023265728612,0.0,0.0,0.0,0.0,GPAB3481,GPAB3481.JPG,2024-10-03 23:42:49.673,2024-10-04 11:42:49.673,7.18244700313,171.11902497977002,793919.5346201229,513141.26815300225,-17.5190337743286,32.20114696191406,-0.6271721166666668
data/train\GPAB2987_jpg.rf.8edaf56f6842917821771008f1c445b3.jpg,0.9409065246582031,0.28567491737449663,0.27380104201273997,0.19065606858156833,0.0,0.004391010191598988,0.0,0.0,0.0,0.27247308069741494,0.2547774920639188,0.008819468316168097,0.01211200580731022,0.0,0.006911544141510938,0.0,0.0,0.0,0.0,0.0,0.0,0.08941894250878106,0.2547774920639188,0.0055999062841472335,0.01211200580731022,0.0,0.006911544141510938,0.0,0.0,GPAB2987,GPAB2987.JPG,2024-10-03 23:26:20.685,2024-10-04 11:26:20.685,7.18159529225,171.11957497240002,793825.3958080882,513202.01619852294,-1.8851799596251315,31.48611328124999,-0.6603447500000001
data/train\GPAB3671_jpg.rf.4e2585f33266214a8b05bf058c060fa6.jpg,0.8606081008911133,0.6072441586025583,0.6908423480430095,0.4913005571100182,0.14659425452687896,0.0,0.0,0.0,0.02634126013254648,0.6072441586025583,0.4401207551807775,0.0,0.0,0.0,0.20326257914476603,0.0,0.02111775358491943,0.0,0.0,0.0,0.0,0.11642370319728532,0.34098551437136443,0.0,0.0,0.0,0.20326257914476603,0.0,0.0,GPAB3671,GPAB3671.JPG,2024-10-03 23:49:10.000,2024-10-04 11:49:10.000,7.181869566,171.119544941,793855.7152561134,513198.6925825554,-1.6247117974602123,31.816446289062497,-0.6193333333333335
data/train\GPAB6657_jpg.rf.e81b49fc4c8a81547b26c0fb3ee603b1.jpg,0.758427619934082,0.4150085554123786,0.3251824866579736,0.3231583778707681,0.10662098658979918,0.019925180950332518,0.05013510061971528,0.0,0.002000103701968225,0.3762038550246484,0.24593785947615143,0.011831626411739063,0.01701768502639599,0.0,0.002555101272653599,0.007049813432477536,0.007536636561089101,0.0,0.011391853250192522,0.0,0.002000103701968225,0.09188378466094257,0.178060120255875,0.0,0.01701768502639599,0.0,0.002555101272653599,0.0,0.007536636561089101,GPAB6657,GPAB6657.JPG,2024-10-04 01:28:48.000,2024-10-04 13:28:48.000,7.169360176,171.136669234,792473.3598024391,515089.7632194224,-1.7225939138536321,31.271611328124997,-0.14800000000000013
data/train\GPAB6031_jpg.rf.c8c7491ba0185bc1872720abe9f324f0.jpg,0.8884449005126953,0.3682178432679179,0.4013813486248927,0.2307484017414249,0.21558967051580208,0.138650491720166,0.1338869226056848,0.03532012221468996,0.05457892199883623,0.19214822467991619,0.16009375426090264,0.001420140842636104,0.02324268373012139,0.0016160223381721183,0.029579066029347657,0.0,0.0,0.08164417550213837,0.002115328111107057,0.0,0.04382848462618321,0.05718299364537384,0.10698586388540549,0.0,0.02324268373012139,0.0,0.009619317756273489,0.0,0.0,GPAB6031,GPAB6031.JPG,2024-10-04 01:07:54.773,2024-10-04 13:07:54.773,7.1698779967299995,171.13583757304,792530.5764094872,514997.92173814046,-1.9154087324724822,31.45081912988281,-0.27243558333333345
data/train\GPAB3066_jpg.rf.e12db764904a5ff43af91282f16a52d8.jpg,0.8662872314453125,0.5562890442711383,0.5737320994079386,0.43119374408274647,0.008698482686572324,0.10582593816674124,0.10471978383900846,0.4231165130021144,0.4442179431290725,0.0067617524096304565,0.006073286565025935,0.0207951252393307,0.009964030780280495,0.0,0.00875705509455123,0.0,0.0,0.10582593816674124,0.10471978383900846,0.0,0.4355194604425001,0.0,0.006073286565025935,0.019479646568329036,0.009964030780280495,0.0,0.00875705509455123,0.0,0.0,GPAB3066,GPAB3066.JPG,2024-10-03 23:28:58.843,2024-10-04 11:28:58.843,7.18216337228,171.12011810266,793888.2113914719,513261.9656711851,-2.7399758070910196,31.554080370117184,-0.6619807166666668
data/train\GPAB6744_jpg.rf.a8dbeb68f8cee29da713eb411b6cabde.jpg,0.8394927978515625,0.27635326267516513,0.24095248337407796,0.08028932849134761,0.17270794645137627,0.0,0.0,0.0,0.0022468759782072233,0.26237942245685325,0.20002573345137434,0.0,0.010537272215746183,0.0031148998603864244,0.0,0.010908870935218917,0.02814260172875022,0.0,0.0,0.0,0.0,0.19647874205671728,0.029564662978205303,0.0,0.010537272215746183,0.0,0.0,0.0,0.02814260172875022,GPAB6744,GPAB6744.JPG,2024-10-04 01:31:42.199,2024-10-04 13:31:42.199,7.16890342456,171.13436713468002,792422.7919825062,514835.600847962,-1.9434682010566897,31.232147258789066,-0.12296683333333344
data/train\GPAB6884_jpg.rf.fc4d3d0c8326c5b6c3cf32a04a8006f7.jpg,0.7741203308105469,0.07194804147310566,0.19375944600104086,0.069498562575496,0.07210839544249054,0.02666388847813521,0.030116779938662207,0.02605800012674685,0.028416259700454943,0.01971297599683517,0.11949251329401621,0.0,0.010080215392828816,0.0,0.0056536776750786884,0.0,0.0,0.0,0.007844861855535477,0.0,0.004710757926959247,0.0024494788976096695,0.09744336240189122,0.0,0.010080215392828816,0.0,0.001571852981335566,0.0,0.0,GPAB6884,GPAB6884.JPG,2024-10-04 01:36:22.479,2024-10-04 13:36:22.479,7.1688979698,171.13539749561,792422.2223936402,514949.3643442677,-1.8049468223718568,31.057109375000003,-0.08537745000000012
data/train\GPAB6203_jpg.rf.51578668f786e422636d911cb62b28bf.jpg,0.9215936660766602,0.2012442315780175,0.2098831816532014,0.11461179936357718,0.06615225369342241,0.02479245203303868,0.010025483798487871,0.0,0.0,0.15510069653155326,0.1543066083119048,0.021402933997538037,0.02861502180621943,0.0,0.01693606773658932,0.0,0.0,0.0,0.010025483798487871,0.0,0.0,0.08338214367331576,0.09679618530389478,0.003302139525237026,0.025112199768398936,0.0,0.011797059088997414,0.0,0.0,GPAB6203,GPAB6203.JPG,2024-10-04 01:13:39.117,2024-10-04 13:13:39.117,7.16991384806,171.13734266319003,792534.5891352319,515164.09892051615,-3.117184197106855,31.426554668945307,-0.2363922000000001
data/train\GPAB7183_jpg.rf.fab8bfb6e90da76e1104f286c677bd7f.jpg,0.02501392364501953,0.012093761942529906,0.9927447030378915,0.0018829588860104125,0.007324431607591752,0.0,0.0,0.0,0.901056799872485,0.011627103085517636,0.09168790316540656,0.0004666588570122695,0.0,0.0,0.0,0.0,0.0,0.0,0.0,0.0,0.901056799872485,0.010210803056519493,0.0843634715578148,0.0,0.0,0.0,0.0,0.0,0.0,GPAB7183,GPAB7183.JPG,2024-10-04 01:46:21.000,2024-10-04 13:46:21.000,7.168413479,171.133674596,792368.6073435536,514759.15263881406,-1.7577722600134087,31.014208984374996,-0.003200000000000003
data/train\GPAB3188_jpg.rf.6ef4c2c858b06742b682fe5136f161be.jpg,0.8830595016479492,0.36185745588345436,0.3340144376184651,0.3136926926600131,0.013472614038557928,0.0021105270940596057,0.0,0.06801216769760506,0.058991056665444006,0.26906819940736243,0.25376063665326865,0.023193713356237385,0.017182840012828316,0.0,0.004079904286924142,0.0,0.0,0.0021105270940596057,0.0,0.0,0.05475079840913499,0.0464632827818245,0.2459493819170653,0.0,0.017182840012828316,0.0,0.0026588032408785475,0.0,0.0,GPAB3188,GPAB3188.JPG,2024-10-03 23:33:03.000,2024-10-04 11:33:03.000,7.1826883,171.119373082,793946.2194149835,513179.6944071611,-2.169791510272034,32.301220703125004,-0.6519
data/train\GPAB4356_jpg.rf.ab8b96243dec13600dff6a53412e9ddc.jpg,0.8618974685668945,0.6230779128250529,0.6342710039694809,0.5510837815882916,0.05513199916270263,0.05090902456776444,0.05475079840913499,0.013813486248926973,0.011954532448153816,0.5544819414544777,0.4529049033747309,0.0034346475957466828,0.10738530850375344,0.0009217952731106557,0.007275461233707749,0.0,0.0,0.0,0.05475079840913499,0.0,0.011954532448153816,0.07258081551995975,0.39777290421202827,0.0,0.10738530850375344,0.0,0.007275461233707749,0.0,0.0,GPAB4356,GPAB4356.JPG,2024-10-04 00:12:01.423,2024-10-04 12:12:01.423,7.17127096498,171.13230103928,792684.4517081422,514607.4054943818,,31.100009765624996,-0.5559051333333334
data/train\GPAB3121_jpg.rf.1b45c081583cecc29304e3ac5124201e.jpg,0.8685321807861328,0.12491670235422672,0.14876815504596494,0.11330784313348939,0.04063004706917114,0.0,0.0,0.06424144890853678,0.06794111264530278,0.049550336743335706,0.07357078523514421,0.0026991317840771387,0.0023198514373284837,0.008425784918277088,0.00493640572818946,0.0,0.0,0.0,0.0,0.0,0.03372042333447917,0.0044082938529698135,0.07209783320498614,0.0008219341185236681,0.0023198514373284837,0.00637863124924384,0.0,0.0,0.0,GPAB3121,GPAB3121.JPG,2024-10-03 23:30:48.953,2024-10-04 11:30:48.953,7.18191316151,171.12090398872,793860.5739992075,513348.74098058394,-1.7339945180051872,32.000917968749995,-0.6581841166666668
data/train\GPAB2869_jpg.rf.854568362cd06f0704ba47a3d0a0d686.jpg,0.8634872436523438,0.3884512495126968,0.5014748724369771,0.25592589534166915,0.12554563558744283,0.0350397428191188,0.008631268447908005,0.0,0.05399127751222819,0.35341150669357796,0.4211404143853834,0.0,0.001539206065412897,0.0,0.0037419126867835684,0.0,0.01243079333926099,0.0350397428191188,0.006149142634375666,0.0,0.0,0.09873387578424614,0.36824088814974565,0.0,0.001539206065412897,0.0,0.0,0.0,0.0,GPAB2869,GPAB2869.JPG,2024-10-03 23:22:24.449,2024-10-04 11:22:24.449,,,,,,31.271611328124997,-0.6604074833333334
data/train\GPAB3259_jpg.rf.839025428ad843c1b67707a3f6164648.jpg,0.29793357849121094,0.8972543943709035,0.2183195288089829,0.8972543943709035,0.0063891934867482325,0.0,0.0,0.8972543943709035,0.2147667761938689,0.0,0.0,0.0,0.0,0.0,0.003552752615113986,0.0,0.0,0.0,0.0,0.0,0.20837758270712067,0.0,0.0,0.0,0.0,0.0,0.003552752615113986,0.0,0.0,GPAB3259,GPAB3259.JPG,2024-10-03 23:35:25.229,2024-10-04 11:35:25.229,7.18243510712,171.11916807929998,793918.2236504618,513157.0677998219,-1.7209173324634972,32.506160159179686,-0.6443180666666668
data/train\GPAB6740_jpg.rf.43588fe8737c9d3ec2b756b24d86e2c0.jpg,0.7983207702636719,0.3683810778475312,0.4342817582476672,0.30039771625221084,0.18957968055952973,0.052680599858273974,0.0832006652289221,0.0,0.0,0.2889655344588198,0.3156447861915068,0.0,0.0,0.0,0.001672674339332044,0.02721216462495415,0.03376363248790624,0.032268595779329896,0.05133727528839709,0.0,0.0,0.03571476581599046,0.17142607489970677,0.0,0.0,0.0,0.0,0.0,0.021938727500033606,GPAB6740,GPAB6740.JPG,2024-10-04 01:31:34.191,2024-10-04 13:31:34.191,7.16891572447,171.13445425826998,792424.1545245689,514845.21986392804,-1.739033733922689,31.266501891601564,-0.1243015000000001
data/train\GPAB2864_jpg.rf.3d22d093a0caea49f240aa6619901423.jpg,0.7646703720092773,0.3602107070361785,0.169033248003257,0.35055298114352546,0.051204767217887436,0.0,0.0,0.33867142415449286,0.12282153851471896,0.0008997105946923796,0.007846782262354458,0.020276615398205956,0.0315378809847078,0.0006135699786642803,0.006827046241475794,0.0,0.0,0.0,0.0,0.00670606061188002,0.0871759073442118,0.0,0.0,0.002561822696520031,0.027583763344426884,0.0006135699786642803,0.0030688100967308915,0.0,0.0,GPAB2864,GPAB2864.JPG,2024-10-03 23:22:14.439,2024-10-04 11:22:14.439,,,,,,31.271611328124997,-0.66024065
data/train\GPAB3228_jpg.rf.92aef0621bb3c3054cd3952cab4294ff.jpg,0.7167139053344727,0.4483727432819368,0.21193897715292007,0.4370433032533612,0.01485242633799544,0.0,0.0,0.007688348699788563,0.012700610497327755,0.41883592620260673,0.1830118892386163,0.01625528351926072,0.013719386314796926,0.0,0.0025070911021790854,0.005644075640983786,0.0,0.0,0.0,0.0,0.008039783147662,0.017963485384743905,0.177566575703397,0.0030073570785235145,0.010393241704322643,0.0,0.0010869502595429817,0.005644075640983786,0.0,GPAB3228,GPAB3228.JPG,2024-10-03 23:34:23.167,2024-10-04 11:34:23.167,7.18264550066,171.11943199017998,793941.4897439154,513186.19955971866,-3.3084672087825417,32.474255138671865,-0.6484555333333335
data/train\GPAB6678_jpg.rf.82cfe60ae6e10f7bf4f03fd25a99d0c4.jpg,0.9482431411743164,0.20733576200782375,0.22927737011808583,0.20733576200782375,0.12426184362895436,0.008238545253426486,0.0038801819777501668,0.0,0.005758339846713128,0.1862967451024825,0.17984129758047945,0.0,0.007146793976836053,0.0,0.007693149716836015,0.013017477622459542,0.024957607019471004,0.0,0.0038801819777501668,0.0,0.0,0.0,0.095590169821575,0.0,0.005545174689806288,0.0,0.0,0.0,0.0,GPAB6678,GPAB6678.JPG,2024-10-04 01:29:30.000,2024-10-04 13:29:30.000,7.169246621,171.136106414,792460.788104023,515027.62540487305,-1.9896147615126378,31.314511718750005,-0.14200000000000013
data/train\GPAB2950_jpg.rf.502dd1ed83690517b5d11f810ee8abd0.jpg,0.9563198089599609,0.21926436896392132,0.22044541915759436,0.20446283340662885,0.05377811235532135,0.0,0.0,0.0,0.051987332996622004,0.21464387015745415,0.1521768771496554,0.0,0.0022334331304743596,0.0022776024873109118,0.010978005580702216,0.0028585255500525233,0.0030697703001403816,0.0,0.0,0.0,0.0,0.014801535557292456,0.1521768771496554,0.0,0.0022334331304743596,0.0,0.009187226222002869,0.0,0.0030697703001403816,GPAB2950,GPAB2950.JPG,2024-10-03 23:25:06.611,2024-10-04 11:25:06.611,7.1816871993,171.11959672775,793835.5565413483,513204.4155121492,-1.883458616841578,31.443212890625,-0.6608898166666668
data/train\GPAB3279_jpg.rf.e80fecf07458b621fb3eb07d30d469f8.jpg,0.7330055236816406,0.7095605533076127,0.9600622595890713,0.7095605533076127,0.9536048916602493,0.0,0.0,0.6981139684630793,0.9600622595890713,0.0,0.0,0.0,0.0,0.011458107285447348,0.0,0.0,0.0,0.0,0.0,0.0,0.006457367928822041,0.0,0.0,0.0,0.0,0.0,0.0,0.0,0.0,GPAB3279,GPAB3279.JPG,2024-10-03 23:36:05.269,2024-10-04 11:36:05.269,7.18250128355,171.1190655084,793925.5363544137,513145.74127094087,-4.931097308021999,32.387021484375005,-0.6417365500000002
data/train\GPAB3202_jpg.rf.b3fcaab315619b91de7398386de9ccee.jpg,0.86053466796875,0.15480303347461127,0.13689716029443677,0.1525475156657186,0.020839294596167252,0.0,0.005380979906783453,0.14331131906983174,0.057755274877430034,0.006393994503795684,0.06885138547749955,0.005172615766924065,0.0012232991436905995,0.0,0.0036862208890331327,0.0,0.0,0.0,0.005380979906783453,0.0,0.03916477666628899,0.0012117767027767163,0.06782588823616395,0.0011186369720561603,0.0,0.0,0.0036862208890331327,0.0,0.0,GPAB3202,GPAB3202.JPG,2024-10-03 23:33:31.115,2024-10-04 11:33:31.115,7.1828977607999995,171.11912320435,793969.3676313786,513152.0999595012,-2.6260990850950483,32.429921875,-0.6509628333333335
data/train\GPAB3227_jpg.rf.2b959500f6e4dec0055fc1e6488e6c59.jpg,0.8900527954101562,0.3264086664118927,0.3267850661484129,0.28917293839526964,0.05697174889528598,0.0,0.0,0.009750865623373656,0.02562974940611419,0.2725883051065538,0.25196313587070285,0.03859441584105177,0.03298586772621912,0.004571528432583159,0.005866842831985528,0.0011128757515992188,0.01033947031339119,0.0,0.0,0.0,0.0036478127526535222,0.03669993451412747,0.23702813203949125,0.0,0.023270529628996606,0.0,0.005866842831985528,0.0011128757515992188,0.0,GPAB3227,GPAB3227.JPG,2024-10-03 23:34:21.165,2024-10-04 11:34:21.165,7.1826749713,171.11943963055,793944.7478732975,513187.0422666777,-2.7444110312132333,32.47282226562499,-0.6485890000000001
data/train\GPAB3099_jpg.rf.fd9c504343c7c4aa14009c61fb4860e5.jpg,0.3553304672241211,0.8168171945544944,0.1865713632775967,0.7455278526202991,0.0637066156094507,0.0,0.0,0.0,0.010012040950755008,0.8168171945544944,0.0,0.0,0.06367876971057548,0.0,0.07659350556821957,0.0,0.03628704704804666,0.0,0.0,0.0,0.0,0.0713815214615064,0.0,0.0,0.011990059974304957,0.0,0.0745876406457944,0.0,0.03628704704804666,GPAB3099,GPAB3099.JPG,2024-10-03 23:30:04.909,2024-10-04 11:30:04.909,7.18191607192,171.12095479222,793860.897218229,513354.35000544717,-2.0691802872051688,31.880406481445313,-0.6589181833333334
data/train\GPAB6357_jpg.rf.a5b69f96502a1649356ec4c0bc698158.jpg,0.8471565246582031,0.255055951052671,0.17513630087397714,0.25355899393727566,0.04536673048818662,0.0,0.0,0.2419751000051851,0.1372879630820993,0.007936081179437051,0.005020903628224603,0.0018263068848504867,0.0038072065186289064,0.00335207010253052,0.02902022764502432,0.0,0.0,0.0,0.0,0.0,0.11740407087837487,0.0,0.005020903628224603,0.0015305642347274847,0.0028085949727590293,0.0,0.004536000906432019,0.0,0.0,GPAB6357,GPAB6357.JPG,2024-10-04 01:18:47.425,2024-10-04 13:18:47.425,7.16909412975,171.13327486775,792443.8388372533,514714.9963031027,-6.019362889462419,31.27654487304688,-0.2112575000000001
data/train\GPAB6648_jpg.rf.c56ce6da35aa5d7bf1816fcefeee13f5.jpg,0.9550161361694336,0.5424938018869917,0.5539442275451631,0.45117077601719147,0.029558901757748363,0.0,0.005927335646783415,0.0,0.0011925726345869108,0.5125095300188391,0.5297202159305427,0.0007768045582776255,0.001099432903866355,0.00955018311079019,0.007814135346431788,0.019657284199084735,0.008190535082951972,0.0,0.0,0.0,0.0,0.06948992074481058,0.5144145735832679,0.0007768045582776255,0.0,0.00955018311079019,0.001780217121194954,0.011507077659331353,0.008190535082951972,GPAB6648,GPAB6648.JPG,2024-10-04 01:28:30.000,2024-10-04 13:28:30.000,7.169404414,171.136891354,792478.257515874,515114.2862596791,-1.6583315514627772,31.271611328124997,-0.15100000000000013
data/train\GPAB6199_jpg.rf.bfde89e764df96e5529e9f0eaca7fc63.jpg,0.8513908386230469,0.08962442603841198,0.23112000046089765,0.06777211684523249,0.03798180606579698,0.003612285226502382,0.0,0.0,0.02718047791244097,0.08126393495198023,0.11884629639942926,0.0035777179037607327,0.08381807602122433,0.0012156175164146773,0.0012751501278030737,0.0,0.0,0.0,0.0,0.0,0.0,0.021852309193179483,0.10932011837387633,0.0,0.08381807602122433,0.0,0.0,0.0,0.0,GPAB6199,GPAB6199.JPG,2024-10-04 01:13:31.109,2024-10-04 13:13:31.109,7.16993752231,171.13745053573,792537.2098326972,515176.0084413009,-3.04765625,31.40031249999999,-0.23692606666666677
data/train\GPAB6661_jpg.rf.3c4167a579d558a7483fe8be14f117da.jpg,0.6441526412963867,0.4740303385869263,0.15252639119070985,0.0426560762631956,0.037609247142914755,0.37328771727002646,0.042246069407343254,0.0,0.004517757041651704,0.09102536281285828,0.10065428260322666,0.0,0.0,0.0033328660343407146,0.0,0.006384392469700782,0.005108282138488217,0.37328771727002646,0.0091545793060802,0.0,0.0,0.058798055780136464,0.10065428260322666,0.0,0.0,0.0,0.0,0.0,0.005108282138488217,GPAB6661,GPAB6661.JPG,2024-10-04 01:28:56.000,2024-10-04 13:28:56.000,7.16933892,171.136562202,792471.0064851146,515077.9464048741,-1.807229854026208,31.2587412109375,-0.14666666666666678
data/train\GPAB6931_jpg.rf.128f7a7f397fe6d4e864d6d33b1771d7.jpg,0.9095678329467773,0.17634711737334438,0.25592205452803124,0.14877007545278392,0.04123113440351204,0.0,0.0,0.010853179137468482,0.04717959452530424,0.14614007831419007,0.17623093276079604,0.0,0.0020346710247098744,0.007595208969068007,0.018964017337432762,0.011933407973145032,0.011512838879788293,0.0,0.0,0.0,0.020091296140174335,0.018729727705517136,0.16904669085098986,0.0,0.0020346710247098744,0.0,0.015876003172512063,0.00908448445718741,0.00764225893613303,GPAB6931,GPAB6931.JPG,2024-10-04 01:37:56.573,2024-10-04 13:37:56.573,7.16910506648,171.1364634008,792445.1512863929,515067.04534629226,-1.6888942146192907,31.11533807519531,-0.07345693333333352
data/train\GPAB3226_jpg.rf.c75bfba17fbb447344c44f31fb1f214a.jpg,0.9835958480834961,0.0,0.016516458846642074,0.0,0.00320803959110698,0.0,0.0,0.0,0.0,0.0,0.009935224677995787,0.0,0.004954649592969775,0.0,0.0016265845756765114,0.0,0.0,0.0,0.0,0.0,0.0,0.0,0.008353769662565317,0.0,0.004954649592969775,0.0,0.0,0.0,0.0,GPAB3226,GPAB3226.JPG,2024-10-03 23:34:19.163,2024-10-04 11:34:19.163,7.182704106459999,171.11943790926,793947.96864677,513186.8513834353,-1.8215662989806276,32.47282226562499,-0.6487224666666668
data/train\GPAB3221_jpg.rf.8d374c772359fb68a5172ca00d2a6e6e.jpg,0.9411354064941406,0.2295644709375234,0.2652456296341817,0.18630826754339638,0.02404157296681729,0.0,0.0,0.0,0.0032666119990858865,0.2223447015015661,0.24335011128757517,0.003522026106010297,0.010302022380421069,0.003726549432231724,0.00832688396709959,0.0,0.0,0.0,0.0,0.0,0.0,0.04331285539528694,0.22697288193530918,0.0,0.010302022380421069,0.0,0.0039291523516341706,0.0,0.0,GPAB3221,GPAB3221.JPG,2024-10-03 23:34:09.153,2024-10-04 11:34:09.153,7.18278753202,171.11936130038998,793957.1889411682,513178.39076874073,-1.6798612916345157,32.47282226562499,-0.6493898000000001
data/train\GPAB3162_jpg.rf.8427e11d3cb16eaac10a9b2e994311b9.jpg,0.9986915588378906,0.9987200488551494,0.9982034594208438,0.9987200488551494,0.0,0.0,0.0,0.9987200488551494,0.9982034594208438,0.0,0.0,0.0,0.0,0.0,0.0,0.0,0.0,0.0,0.0,0.0,0.9982034594208438,0.0,0.0,0.0,0.0,0.0,0.0,0.0,0.0,GPAB3162,GPAB3162.JPG,2024-10-03 23:32:11.000,2024-10-04 11:32:11.000,7.182380693,171.119915287,793912.2298185714,513239.56693853124,-2.9892691937973934,32.198259765625004,-0.6560833333333334
data/train\GPAB6706_jpg.rf.cb010cdced4c1802c4c01e3ba7e02cc2.jpg,0.8266515731811523,0.3888334104696739,0.4208859604818685,0.3470943284625415,0.15914699369914523,0.08664683526558266,0.05065745127447799,0.12415142023686297,0.16480355198445237,0.16398257806933822,0.09278637586586343,0.0,0.04599854433163121,0.01416107988316245,0.06664003702544347,0.0,0.0,0.02630573260639534,0.024962408036518457,0.0,0.1336670360249115,0.01585679910432226,0.057110978389662066,0.0,0.04599854433163121,0.0,0.0,0.0,0.0,GPAB6706,GPAB6706.JPG,2024-10-04 01:30:26.123,2024-10-04 13:30:26.123,7.169099500050001,171.13535498519002,792444.4997021761,514944.664152283,-4.875002950148463,31.301113926757814,-0.13451693333333345
data/train\GPAB6649_jpg.rf.a58e0e1bfc3624eeb9491a658021c1a4.jpg,0.907745361328125,0.40263057326063956,0.39213362958809195,0.17860551579246547,0.09041851425806043,0.023454888683618738,0.013175911185025436,0.0,0.011148921787591484,0.331656178044757,0.3485519172381477,0.009040315100350858,0.004070302252829239,0.01672194237627299,0.005417467636344083,0.021757249055639947,0.00976910948815397,0.023454888683618738,0.00868984085588691,0.0,0.0,0.1891370267877547,0.27847819282036707,0.009040315100350858,0.0021268505520209403,0.0,0.005417467636344083,0.00241587177827751,0.007002763465412513,GPAB6649,GPAB6649.JPG,2024-10-04 01:28:32.000,2024-10-04 13:28:32.000,7.16939763,171.136865104,792477.5066965263,515111.3881939303,-1.670838908403124,31.271611328124997,-0.15066666666666678
data/train\GPAB4627_jpg.rf.2fb7bd47296ae69f79ff5f44a291d51e.jpg,0.9686393737792969,0.05988020502263199,0.07363223825335159,0.05291296908337062,0.008048424978347414,0.0,0.0024888472373987705,0.0,0.0,0.0,0.012526813680210016,0.0,0.0025397380181017546,0.0015728131847450564,0.0030198397228468877,0.05830739183788694,0.05305699959479416,0.0,0.0,0.0,0.0,0.0,0.012526813680210016,0.0,0.0,0.0,0.0,0.006967235939261373,0.05305699959479416,GPAB4627,GPAB4627.JPG,2024-10-04 00:21:03.965,2024-10-04 12:21:03.965,7.170826442700001,171.13558768425,792635.4167187954,514970.30032103317,-1.7841088141004704,31.786416015625,-0.5207356666666668
data/train\GPAB3144_jpg.rf.4bc949a594eacdf2d8492217745d9740.jpg,0.6839303970336914,0.6341394561023808,0.4149567044282661,0.6231345648262128,0.05497164519331775,0.0,0.0,0.29045288954012016,0.20587337221517008,0.3055837748668678,0.19663333480564524,0.0066609310516339785,0.009469526024393007,0.03302907687964619,0.002980471383057787,0.0,0.0,0.0,0.0,0.0013500459937433147,0.191525052667157,0.009847846167732172,0.15704318802895206,0.0,0.009469526024393007,0.0,0.0019472925144462603,0.0,0.0,GPAB3144,GPAB3144.JPG,2024-10-03 23:31:34.999,2024-10-04 11:31:34.999,7.18218228506,171.12033840677,793890.308535768,513286.28843119123,-3.5832195820271897,32.06096993554688,-0.6574166833333335
data/train\GPAB3151_jpg.rf.2c56a82516e6b16eb781cce5002c00e2.jpg,0.9177541732788086,0.5585359202493456,0.5555448866287834,0.35305239061842864,0.45694639952527544,0.43060705979954794,0.43925945272246475,0.0,0.005161093326010182,0.11282294041169681,0.09437359210175084,0.013959437167169493,0.011357285927450871,0.0019549741417221825,0.005393462551106827,0.0,0.0,0.18652911432757915,0.0,0.0,0.0,0.019793633083232353,0.0838612851746514,0.0,0.011357285927450871,0.0,0.0033799160014057377,0.0,0.0,GPAB3151,GPAB3151.JPG,2024-10-03 23:31:49.000,2024-10-04 11:31:49.000,7.182267531,171.120159377,793899.7270862269,513266.51966430387,-1.719609892636461,32.129619140625,-0.6571833333333333
data/train\GPAB6726_jpg.rf.86e6d7ed436687c775be4fb138f7b9a2.jpg,0.8000497817993164,0.29636582213576124,0.221958699730951,0.26755779944423425,0.0632044292262873,0.0,0.0,0.2080703176160838,0.17536002826838837,0.07976217681953746,0.03142649738920693,0.008831950960491471,0.014108268695640485,0.0,0.0,0.0,0.0010639053777152152,0.0,0.0,0.0,0.1293096329526447,0.025884203309629112,0.017933719079049705,0.003138904945623681,0.011510918472969313,0.0,0.0,0.0,0.0,GPAB6726,GPAB6726.JPG,2024-10-04 01:31:06.163,2024-10-04 13:31:06.163,7.16899529134,171.13481892773,792432.9622609598,514885.4808480675,-4.774601687521754,31.228710937500004,-0.12897283333333345
data/train\GPAB3273_jpg.rf.7792a8041112c3f484a16677ed8557f4.jpg,0.8957443237304688,0.8191533694497842,0.7267318708795271,0.8191533694497842,0.004892236371352907,0.0,0.0,0.8090030592080626,0.7180429902270496,0.010150310241721605,0.00868888065247742,0.0,0.0,0.0,0.0,0.0,0.0,0.0,0.0,0.0,0.7131507538556968,0.0,0.00868888065247742,0.0,0.0,0.0,0.0,0.0,0.0,GPAB3273,GPAB3273.JPG,2024-10-03 23:35:53.257,2024-10-04 11:35:53.257,7.182487038800001,171.11909244636,793923.9624038818,513148.715840834,-1.6873049813618488,32.428819334960934,-0.6424495333333334
data/train\GPAB7090_jpg.rf.5a202a153d5630556c96afc11f25bef5.jpg,0.7907018661499023,0.1992105207567171,0.38400070670970937,0.12254019891573831,0.10939597444322605,0.03992909858024324,0.03597402073655283,0.0,0.07181169258895805,0.13914019545900605,0.2190569650274714,0.007844861855535477,0.032059271436061014,0.0021748607224954535,0.014311831818452421,0.010121504139436898,0.010786925102213653,0.03992909858024324,0.0,0.0,0.022614710700314754,0.032916733080735824,0.2096104838849062,0.004029973709630649,0.028143561932159708,0.0,0.003449050646889037,0.0,0.010786925102213653,GPAB7090,GPAB7090.JPG,2024-10-04 01:43:14.891,2024-10-04 13:43:14.891,7.1688887885199994,171.13613666112,792421.2315584876,515030.97675110056,-1.9150111052991516,31.228710937500004,-0.03152543333333348
data/train\GPAB6582_jpg.rf.a166616a1043774d17060f56687c0471.jpg,0.9371509552001953,0.31810770793684934,0.2787758558773091,0.26429310785196736,0.0015315244381369749,0.2326524851024441,0.18853401904659484,0.0,0.0,0.06625691586505686,0.06843369699437128,0.0,0.002670325681792431,0.0,0.0033847170184531893,0.019260720190965253,0.01575309713609731,0.0,0.18853401904659484,0.0,0.0,0.05387605310308936,0.06843369699437128,0.0,0.002670325681792431,0.0,0.0018531925803162142,0.0,0.01575309713609731,GPAB6582,GPAB6582.JPG,2024-10-04 01:26:17.875,2024-10-04 13:26:17.875,7.169792986999999,171.13823540675,792521.2578150097,515262.671566876,-1.841422546628415,31.292525268554687,-0.16521250000000007
data/train\GPAB3149_jpg.rf.b85de5970d00d2f79e110927d0172e6e.jpg,0.8954095840454102,0.3315880036026832,0.2801700712278889,0.3301361760475339,0.030863818191245635,0.011093229989841047,0.010218484683795416,0.07639666386927407,0.07205654445837806,0.215548381769194,0.16899003884982994,0.0019636159724075947,0.0010696665981721567,0.026874173024813576,0.027835336637713332,0.0,0.0,0.0,0.010218484683795416,0.0,0.0656404652761641,0.0006875056411950307,0.1536642322309558,0.0007720035412301742,0.0010696665981721567,0.0,0.0187134042475558,0.0,0.0,GPAB3149,GPAB3149.JPG,2024-10-03 23:31:45.000,2024-10-04 11:31:45.000,7.182241211,171.120209606,793896.8189268685,513272.06610349886,-2.1266335270286083,32.129619140625,-0.6572500000000001
data/train\GPAB3269_jpg.rf.c2d884cd6974e828bacc14f4aaf2636f.jpg,0.9982385635375977,0.9988948058756767,0.999218394424675,0.9988948058756767,0.0,0.0,0.0,0.9988948058756767,0.999218394424675,0.0,0.0,0.0,0.0,0.0,0.0,0.0,0.0,0.0,0.0,0.0,0.999218394424675,0.0,0.0,0.0,0.0,0.0,0.0,0.0,0.0,GPAB3269,GPAB3269.JPG,2024-10-03 23:35:45.249,2024-10-04 11:35:45.249,7.18247463256,171.11911154853,793922.5914715718,513150.82522576326,-1.641390368766125,32.429921875,-0.6429834000000001
data/train\GPAB3036_jpg.rf.73115f2d96e2a173cce8abbe17c95bd0.jpg,0.8010492324829102,0.39805808462464687,0.23930477432339267,0.35170426503150426,0.06191583625075136,0.0,0.0,0.367814557835932,0.19436149353879126,0.009564586161932544,0.0,0.006531303591352792,0.0,0.014175482934304803,0.04494328078460141,0.0,0.0,0.0,0.0,0.046712935668291974,0.14050272409707273,0.0,0.0,0.0,0.0,0.0,0.036886213975568585,0.0,0.0,GPAB3036,GPAB3036.JPG,2024-10-03 23:27:58.783,2024-10-04 11:27:58.783,7.18145090131,171.119602255,793809.4345179967,513205.0325815873,-9.191130577745062,31.590005157226557,-0.661
data/train\GPAB6704_jpg.rf.9790ef8bf24b48dda270de4b435b6865.jpg,0.9319562911987305,0.08874007869827144,0.08042567737549522,0.07002667445071564,0.019406671109207775,0.0,0.0,0.050036199668537784,0.034366640229066124,0.03312221661036674,0.021508556372581967,0.005581662419366919,0.008949095776449282,0.0,0.01560138499739785,0.0,0.0,0.0,0.0,0.0,0.025532768861755675,0.018286113730332634,0.01769846924372459,0.0004820221115641137,0.008949095776449282,0.0,0.008838672384357902,0.0,0.0,GPAB6704,GPAB6704.JPG,2024-10-04 01:30:22.119,2024-10-04 13:30:22.119,7.16910697445,171.135410916,792445.3278004432,514950.8392902045,-5.396656174994381,31.314511718750005,-0.13505080000000014
data/train\GPAB6712_jpg.rf.46682450c134719875ebb46291663bc3.jpg,0.8777532577514648,0.13970959608083378,0.1850552020940116,0.11106384776551065,0.03210728160653553,0.012463440255183658,0.012700610497327755,0.04971549172976803,0.089522644477006,0.06730161717458226,0.040034720955287165,0.010302982583830559,0.008444028783057403,0.0,0.03435319738133326,0.0,0.0,0.012463440255183658,0.0,0.0,0.07795219339264829,0.01632249775792504,0.03765533690657029,0.0,0.008444028783057403,0.0,0.028896361405200077,0.0,0.0,GPAB6712,GPAB6712.JPG,2024-10-04 01:30:38.135,2024-10-04 13:30:38.135,7.16906862945,171.135189385,792441.0816431044,514926.38105998107,-5.6933212707096175,31.271611328124997,-0.13291533333333344
data/train\GPAB6683_jpg.rf.a8e659241e83b43452b24e4ddccbe5bd.jpg,0.9962177276611328,0.04439308423096349,0.04407813751265068,0.04439308423096349,0.0,0.0,0.0,0.0,0.0,0.01517409448017468,0.01545927489279329,0.0,0.0,0.0,0.0,0.029218989750788807,0.02861886261985739,0.0,0.0,0.0,0.0,0.0,0.01545927489279329,0.0,0.0,0.0,0.0,0.0,0.02861886261985739,GPAB6683,GPAB6683.JPG,2024-10-04 01:29:40.000,2024-10-04 13:29:40.000,7.169228426,171.135987579,792458.7728015991,515014.5053027857,-1.9074213503019746,31.3445419921875,-0.1406666666666668
data/train\GPAB3199_jpg.rf.12b7ef0103aaee8e8ecbbd351b47aecd.jpg,0.8049240112304688,0.32917501243463415,0.21077617082402736,0.3191639316872886,0.025487639301509633,0.0,0.0,0.11077002552220662,0.0853899290025599,0.20844383674237552,0.11509766228877925,0.011398574674058953,0.00356715566625634,0.0,0.006721423866431865,0.0,0.0,0.0,0.0,0.0,0.05990228970105027,0.0022401545543407914,0.11509766228877925,0.007838140431669045,0.00356715566625634,0.0,0.006721423866431865,0.0,0.0,GPAB3199,GPAB3199.JPG,2024-10-03 23:33:25.109,2024-10-04 11:33:25.109,7.18285244347,171.11917001387002,793964.3592515676,513157.2693935823,-2.8731678336494997,32.429921875,-0.6511630333333335
data/train\GPAB6741_jpg.rf.4813cc555ec276c90547ec3f17feecce.jpg,0.9451169967651367,0.37617984993941117,0.403471711447353,0.37617984993941117,0.3422049727014171,0.0,0.0,0.0,0.001812864037117623,0.37617984993941117,0.3972303892856663,0.0,0.0,0.0,0.002936302026221235,0.0,0.001492156098347874,0.0,0.0,0.0,0.0,0.0,0.058330436719714704,0.0,0.0,0.0,0.002936302026221235,0.0,0.0,GPAB6741,GPAB6741.JPG,2024-10-04 01:31:36.193,2024-10-04 13:31:36.193,7.1689250626500005,171.134435868,792425.1862436478,514843.18907118344,-1.7346929494300067,31.257913233398437,-0.12396783333333344
data/train\GPAB4624_jpg.rf.171cc1916947444aa4cda7c4944883bc.jpg,0.9649810791015625,0.5645266293211554,0.5737042535090634,0.019220391647766663,0.5531626219698381,0.537143548489312,0.539711132406289,0.0,0.004634901857609516,0.024301788090789152,0.02505266715701054,0.0,0.0,0.0,0.0,0.0036094046162739113,0.004305552088154354,0.537143548489312,0.0,0.0,0.0,0.0086908010592964,0.016236079451070914,0.0,0.0,0.0,0.0,0.0,0.004305552088154354,GPAB4624,GPAB4624.JPG,2024-10-04 00:20:57.959,2024-10-04 12:20:57.959,7.1708466954,171.13567124569,792637.6583333114,514979.52573416475,-1.8794506351652993,31.764789928710933,-0.5211020500000001
data/train\GPAB3023_jpg.rf.2d06d6161234dba9738fbea660799947.jpg,0.8742046356201172,0.2882012125448655,0.2338671424154493,0.27764185565070104,0.036121892061614334,0.0,0.0,0.22546824319263792,0.16772545095953126,0.0,0.008711925534305187,0.06003095695792197,0.0467590254319475,0.002891172465975192,0.01067074048966533,0.0,0.0,0.0,0.0,0.0,0.15182256209155348,0.0,0.008711925534305187,0.01055935689416446,0.03721076272797629,0.0,0.0,0.0,0.0,GPAB3023,GPAB3023.JPG,2024-10-03 23:27:32.757,2024-10-04 11:27:32.757,7.18164363371,171.11931476459,793830.7323545158,513173.28578060964,-2.4121166927391693,31.530056151367187,-0.661
data/train\GPAB6692_jpg.rf.6ad73c56d9ae12964e6c6e531ac3da38.jpg,0.9285383224487305,0.1352369685994281,0.09512447116797222,0.13413657549215227,0.004165362390368776,0.0,0.0,0.0441549537854099,0.04021427899286185,0.08711733493623289,0.03184898688938265,0.00396467987778531,0.018895842895358953,0.0,0.004165362390368776,0.0,0.0,0.0,0.0,0.0,0.04021427899286185,0.0011003931072758454,0.03184898688938265,0.0,0.018895842895358953,0.0,0.0,0.0,0.0,GPAB6692,GPAB6692.JPG,2024-10-04 01:29:58.000,2024-10-04 13:29:58.000,7.169179128,171.135748624,792453.3152161486,514988.12363938347,-4.142362470757451,31.2930615234375,-0.1382666666666668
data/train\GPAB6213_jpg.rf.a18255c26a2019ef53cab4aad446882f.jpg,0.9396266937255859,0.04384768869437301,0.09633432746392996,0.040773117377185183,0.03982731701883727,0.020518586657397503,0.020556994793777112,0.0,0.019383626227380008,0.015556255437151806,0.0050660331884706455,0.007779568023690138,0.011500356235464922,0.0,0.01550152384281086,0.0,0.02432579317602641,0.0,0.020556994793777112,0.0,0.019383626227380008,0.003074571317187833,0.0050660331884706455,0.0,0.011500356235464922,0.0,0.0,0.0,0.0,GPAB6213,GPAB6213.JPG,2024-10-04 01:13:59.137,2024-10-04 13:13:59.137,7.1698582679,171.1370606626,792528.4355734693,515132.9648158341,-5.565012490417702,31.459785311523433,-0.23505753333333343
data/train\GPAB2915_jpg.rf.a6786972f25a53ecff6281be316a127d.jpg,0.8055400848388672,0.5328792851477657,0.5628222682693101,0.17390051908596316,0.31428801877389706,0.10386328239774313,0.0636384411673769,0.0,0.019854125898030237,0.32903770334707705,0.44553246159666465,0.0,0.0010034125629173284,0.0,0.028301035291316112,0.10002822998023901,0.0044927917530049565,0.09463476742913218,0.0,0.0,0.0,0.22141330419436053,0.2465322253866259,0.0,0.0,0.0,0.0020020241087872056,0.043017112745163934,0.0,GPAB2915,GPAB2915.JPG,2024-10-03 23:23:56.541,2024-10-04 11:23:56.541,7.181867538410001,171.119492745,793855.4896079496,513192.92978790746,-1.943790338553976,31.428021862304682,-0.6600576500000002
data/train\GPAB3288_jpg.rf.7a58e4d38c7055a146449a1c5f7d18bb.jpg,0.3908977508544922,0.6530564234727485,0.04412038646266825,0.6530564234727485,0.005604707301194685,0.0,0.0,0.6530564234727485,0.041251298675111334,0.0,0.0,0.0,0.0,0.0,0.002869087787556916,0.0,0.0,0.0,0.0,0.0,0.03564659137391665,0.0,0.0,0.0,0.0,0.0,0.002869087787556916,0.0,0.0,GPAB3288,GPAB3288.JPG,2024-10-03 23:36:23.287,2024-10-04 11:36:23.287,7.18261981584,171.11911451795,793938.641224611,513151.1489010602,-6.0440607003362805,32.345352334960936,-0.6408356500000001
data/train\GPAB6694_jpg.rf.67e4d8af87f25847383602bf3d39837a.jpg,0.8812055587768555,0.21180166806536296,0.2953806534376242,0.20845727959010837,0.02645840494850429,0.0,0.08401491772016983,0.19691467440462587,0.05170983421127932,0.007878468974867636,0.15606858156831943,0.007017166516554867,0.002212308655465574,0.0,0.0013750112823900614,0.0,0.0,0.0,0.08401491772016983,0.0,0.026626440545165088,0.003344388475254598,0.15606858156831943,0.0,0.002212308655465574,0.0,0.0,0.0,0.0,GPAB6694,GPAB6694.JPG,2024-10-04 01:30:02.000,2024-10-04 13:30:02.000,7.169165298,171.135689272,792451.7844051031,514981.57097335777,-4.442040755610942,31.275901367187497,-0.13773333333333346
data/train\GPAB5179_jpg.rf.f9eed0cac19d9f9bceeb29baf5d810fb.jpg,0.9053535461425781,0.5597208112566566,0.5679478340691693,0.39129825262183543,0.14483996289774026,0.0,0.0,0.3429088018005734,0.07315021614178747,0.17363838355517233,0.24424886167885804,0.025415624045797863,0.010123424546255878,0.0,0.23155017158834929,0.01787418646766131,0.008875160113918533,0.0,0.0,0.0,0.061636417058589694,0.12581065172846215,0.21469188032792866,0.024853905051246055,0.010123424546255878,0.0,0.1366561492386547,0.01787418646766131,0.0,GPAB5179,GPAB5179.JPG,2024-10-04 00:39:29.000,2024-10-04 12:39:29.000,7.170298348,171.136218668,792577.0577203328,515039.984987883,-3.931021964245786,31.443212890625,-0.43310000000000004
data/train\GPAB3102_jpg.rf.a6765907f9771f066375b21716880e39.jpg,0.8497562408447266,0.5041125512028468,0.4928666488708968,0.4721224144122691,0.09607219193313912,0.003983883945975116,0.004607055958734298,0.2580969152505267,0.2865439014600853,0.19614555147362417,0.1501326040908506,0.04444397501166647,0.03834764356481277,0.0018983221405622567,0.013235443796413832,0.0,0.0,0.0,0.004607055958734298,0.0025099717124075563,0.24595226252729377,0.014647903011774014,0.13668207473071095,0.015056949664216867,0.0027999531420736168,0.0,0.0067531105789450435,0.0,0.0,GPAB3102,GPAB3102.JPG,2024-10-03 23:30:10.915,2024-10-04 11:30:10.915,7.181838991549999,171.12094180095002,793852.3757869997,513352.9179147675,-3.0662345305877095,31.906172456054684,-0.6588180833333332
data/train\GPAB3163_jpg.rf.0e42e962764a40f2e739c5cd3e6b899f.jpg,0.96380615234375,0.9630696166675948,0.9992654443917399,0.9630696166675948,0.0,0.0,0.0,0.9630696166675948,0.9992654443917399,0.0,0.0,0.0,0.0,0.0,0.0,0.0,0.0,0.0,0.0,0.0,0.9992654443917399,0.0,0.0,0.0,0.0,0.0,0.0,0.0,0.0,GPAB3163,GPAB3163.JPG,2024-10-03 23:32:13.000,2024-10-04 11:32:13.000,7.182394336,171.119895117,793913.7374372673,513237.3396181467,-2.9300292523236817,32.215419921875004,-0.6559166666666667
data/train\GPAB3126_jpg.rf.76285c70c541f39744fa6fe1b09f9432.jpg,0.843963623046875,0.5985197504239298,0.4630638554471379,0.299493204640471,0.012337653608540434,0.32633569095277143,0.29361387916416215,0.21934310564349951,0.15620397024905755,0.05456547915110337,0.0060099131399995774,0.0003879221774340676,0.0,0.0,0.007236092893918648,0.0,0.0,0.29740860303846767,0.2812762255556217,0.0,0.15620397024905755,0.0016208233552195697,0.0060099131399995774,0.0,0.0,0.0,0.007236092893918648,0.0,0.0,GPAB3126,GPAB3126.JPG,2024-10-03 23:30:58.963,2024-10-04 11:30:58.963,7.181975081859999,171.12079520857998,793867.415980475,513336.72898523207,-3.8314897825617846,32.026499471679685,-0.6580172833333334
data/train\GPAB6733_jpg.rf.56e37896c6d5df8d33caeaff2d89cdf2.jpg,0.8969812393188477,0.0931829398739829,0.1879137276440641,0.07355254137036389,0.1031671349258627,0.0,0.049401505214864715,0.0,0.0,0.08455455203630337,0.1296034551959487,0.005354094211317726,0.0026031114431281123,0.0,0.00630565579012258,0.0032742936263618085,0.0,0.0,0.003984844149384606,0.0,0.0,0.0202132419731796,0.07815863712568871,0.0,0.0026031114431281123,0.0,0.0,0.0,0.0,GPAB6733,GPAB6733.JPG,2024-10-04 01:31:20.177,2024-10-04 13:31:20.177,7.16895696415,171.13463376235,792428.7192815159,514865.0377752315,-2.1211390371408827,31.25950054785156,-0.1266371666666668
data/train\GPAB3155_jpg.rf.d0fa59781b378d4a698078e736ac7453.jpg,0.9828996658325195,0.6913378130023065,0.7001303956230088,0.6913378130023065,0.0017658140700525999,0.0,0.0,0.6913378130023065,0.6983645815529562,0.0,0.0,0.0,0.0,0.0,0.0017658140700525999,0.0,0.0,0.0,0.0,0.0,0.6983645815529562,0.0,0.0,0.0,0.0,0.0,0.0,0.0,0.0,GPAB3155,GPAB3155.JPG,2024-10-03 23:31:57.000,2024-10-04 11:31:57.000,7.182306964,171.120065409,793904.0835918672,513256.1437172398,-3.622143034822753,32.129619140625,-0.65705
data/train\GPAB5933_jpg.rf.4c244c05d951f1eeef907e6435a977a1.jpg,0.9221172332763672,0.3842513197995863,0.4384624838925878,0.10354833567943034,0.3080121292894687,0.0,0.0,0.0,0.001654430474551729,0.3822425742669327,0.39195311134710775,0.0,0.0,0.0,0.037035045504039577,0.0020087455326536375,0.00781989656688873,0.0,0.0,0.0,0.0,0.2807846014099627,0.12726920070747788,0.0,0.0,0.0,0.0009938105288224257,0.0,0.002187343366818827,GPAB5933,GPAB5933.JPG,2024-10-04 01:04:38.577,2024-10-04 13:04:38.577,7.16934218864,171.1335317404,792471.2694001879,514743.3499142105,-1.8681219561183209,31.48611328124999,-0.2952846
data/train\GPAB6997_jpg.rf.c826182a13a0d7947e84cecc52a9bd70.jpg,0.8698492050170898,0.33060763592159365,0.3796385026203951,0.26816080718539415,0.19093932858736795,0.0,0.0,0.0,0.05300994962772914,0.29681039631435524,0.2968920136041619,0.020813369104111013,0.01437712565029776,0.006779996274410771,0.01369538122955967,0.006393034300386194,0.0016640325086466317,0.0,0.0,0.0,0.0,0.04572296595310751,0.18187980941882728,0.010271295871317379,0.006819364614199872,0.006779996274410771,0.0,0.0,0.0,GPAB6997,GPAB6997.JPG,2024-10-04 01:40:08.705,2024-10-04 13:40:08.705,7.1694092757,171.13802445385,792478.8324242838,515239.39281355677,-2.099872347904135,31.228710937500004,-0.05769425000000015
data/train\GPAB3028_jpg.rf.6408fbaff7ee716237710768afc67aaf.jpg,0.8340692520141602,0.30205406713358157,0.2125755920134121,0.2979271128795924,0.036066200263863896,0.0,0.0360268319240748,0.0,0.01056223750439293,0.15329263351148306,0.15856222982276566,0.0,0.0048490272179258454,0.0,0.0025752655442528947,0.16499751307316943,0.0,0.0,0.01700616258548211,0.0,0.0,0.004134635881265087,0.15465420194614027,0.0,0.0048490272179258454,0.0,0.0,0.0,0.0,GPAB3028,GPAB3028.JPG,2024-10-03 23:27:42.767,2024-10-04 11:27:42.767,7.1815659492799995,171.11942598263,793822.1477232475,513185.56737962645,-1.651433834089425,31.570914483398433,-0.661
data/train\GPAB2951_jpg.rf.42d2aa39a63a8cd50185c4c34c3d023a.jpg,0.9734601974487305,0.13266842447904165,0.14607766509257322,0.050010274176481545,0.10300101973602088,0.0,0.0,0.0,0.012006383432266291,0.1244558047176714,0.12569542731932332,0.0,0.0,0.008340326814832454,0.0024821258135323387,0.0,0.005893728527451255,0.0,0.0,0.0,0.0,0.08265815030256009,0.04059451954301999,0.0,0.0,0.0,0.0024821258135323387,0.0,0.0,GPAB2951,GPAB2951.JPG,2024-10-03 23:25:08.613,2024-10-04 11:25:08.613,7.18167128111,171.1196227408,793833.7975727249,513207.28801999305,-1.819858265493361,31.443212890625,-0.66085645
data/train\GPAB6713_jpg.rf.d991c480a6e4da69850a6e3da6da04bd.jpg,0.7682209014892578,0.31570335859948573,0.3045765214903125,0.2679418808080304,0.08709236964758614,0.03463837779395187,0.025141966074093136,0.07572548168604037,0.12060442884220593,0.1891763951275438,0.12283018034540437,0.016672972002388986,0.027383080831843418,0.0,0.008616865396765651,0.0,0.0,0.009597233077855212,0.0,0.0,0.09704103717331479,0.028516120855041932,0.09425548708238353,0.010133026580350781,0.026187627587028035,0.0,0.0,0.0,0.0,GPAB6713,GPAB6713.JPG,2024-10-04 01:30:40.137,2024-10-04 13:30:40.137,7.1690614323099995,171.13516344986002,792440.2851731871,514923.517767007,-4.386167476909542,31.271611328124997,-0.1326484000000001
data/train\GPAB6685_jpg.rf.42cdbc2507e32fe09d31984fc16f69b6.jpg,0.887639045715332,0.2071312386816023,0.31021771652106783,0.0729706581042128,0.18418333739819442,0.01045469472253002,0.010384599873637232,0.0,0.09399719236523064,0.15763467332919806,0.16436281861949636,0.008423864511458106,0.008193415693180443,0.0,0.0,0.030619926525235104,0.033279689969523144,0.0,0.010384599873637232,0.0,0.01787898748470876,0.12721830992677488,0.06916537199240287,0.00309857640242509,0.0,0.0,0.0,0.0040520583880489245,0.028605419772124527,GPAB6685,GPAB6685.JPG,2024-10-04 01:29:44.000,2024-10-04 13:29:44.000,7.169215276,171.135939388,792457.3175243745,515009.18491382233,-1.886973958010623,31.353122070312498,-0.14013333333333344
data/train\GPAB6739_jpg.rf.4d32d55f2ea6573a4c99327645b6c1e2.jpg,0.9109468460083008,0.20157166094065368,0.28972313494890756,0.03091950998899607,0.1716594043282129,0.0,0.011345763486536988,0.0,0.0,0.19017212606318523,0.2626674834797003,0.0,0.0,0.0,0.013329543730543878,0.011399534877468443,0.0023803442521263705,0.0,0.0,0.0,0.0,0.1706531111550671,0.10473418689015081,0.0,0.0,0.0,0.013329543730543878,0.0,0.0,GPAB6739,GPAB6739.JPG,2024-10-04 01:31:32.189,2024-10-04 13:31:32.189,7.16892010284,171.13447748312998,792424.6392940213,514847.78400516923,-1.7793849382944296,31.271611328124997,-0.12463516666666678
data/train\GPAB6742_jpg.rf.530e1cc831ea0cbdda9366292822c5e5.jpg,0.844517707824707,0.49893129360523736,0.44248957699199,0.024124150460033453,0.3559310804400804,0.14178651605556122,0.04483381759591952,0.0,0.0,0.3543486652212405,0.39046287565557886,0.0028066745659400486,0.005571100181862526,0.0,0.00162178355862906,0.0,0.0,0.13147393143763575,0.031041455822001334,0.0,0.0,0.34053709937913246,0.0526978835196448,0.0028066745659400486,0.002819157210263422,0.0,0.0,0.0,0.0,GPAB6742,GPAB6742.JPG,2024-10-04 01:31:38.195,2024-10-04 13:31:38.195,7.16892056225,171.13441745895,792424.6881399691,514841.15665289,-1.774308732500588,31.249324575195317,-0.12363416666666677
data/train\GPAB6720_jpg.rf.2fd4860f1fba2e49d2eaf75027641000.jpg,0.953826904296875,0.1508450750206924,0.16111925150223824,0.12334196876266268,0.015090556783549028,0.0,0.0,0.09630264075141678,0.09182329184614468,0.05462309135567279,0.012997313350860247,0.0,0.04951096840354661,0.0,0.006787677901686693,0.0,0.0,0.0,0.0,0.0,0.0860121408119096,0.027546315411456763,0.010505585503233005,0.0,0.04951096840354661,0.0,0.0,0.0,0.0,GPAB6720,GPAB6720.JPG,2024-10-04 01:30:54.151,2024-10-04 13:30:54.151,7.169024922749999,171.13498138271,792436.2432135439,514903.4167199475,-6.1409680531797886,31.26667349316406,-0.13077986666666677
data/train\GPAB3098_jpg.rf.64f8658b6d719daf7a6ca2fc4cd9cecf.jpg,0.9207563400268555,0.0,0.07978618190477471,0.0,0.03478048789855643,0.0,0.0,0.0,0.0,0.0,0.0,0.0,0.04777204002895973,0.0,0.010874303612477267,0.0,0.021139838263337707,0.0,0.0,0.0,0.0,0.0,0.0,0.0,0.014588370400385617,0.0,0.009277485342494955,0.0,0.021139838263337707,GPAB3098,GPAB3098.JPG,2024-10-03 23:30:02.907,2024-10-04 11:30:02.907,7.18193308361,171.12095030236,793862.7776895182,513353.85379293514,-2.1687322030721528,31.871418849609377,-0.65895155
data/train\GPAB3220_jpg.rf.c40e169919da8e837e5cb08ee3bd4133.jpg,0.9310426712036133,0.09688068320392992,0.15345106707404896,0.07154667644793873,0.05890751896881836,0.0,0.0,0.0,0.048095628577957954,0.0842645706066373,0.08548594934350894,0.01121325541602733,0.01848775644632559,0.0,0.0013817327062564933,0.0014028571812652792,0.0,0.0,0.0,0.0,0.03207751530084133,0.02461865521592094,0.0425965436518072,0.0,0.01848775644632559,0.0,0.0013817327062564933,0.0014028571812652792,0.0,GPAB3220,GPAB3220.JPG,2024-10-03 23:34:07.151,2024-10-04 11:34:07.151,7.18280050351,171.11934450850998,793958.6224258172,513176.5364420406,-1.6790050525191966,32.47282226562499,-0.6495232666666668
data/train\GPAB3210_jpg.rf.5cd479b61a80836090325f6067951741.jpg,0.5755863189697266,0.5708658922306101,0.9975514813057998,0.5708658922306101,0.0,0.0,0.0,0.5072101674018624,0.9842881916105107,0.06292020901707818,0.01326328969528905,0.0009160340526537142,0.0,0.0,0.0,0.0,0.0,0.0,0.0,0.0,0.9842881916105107,0.0,0.01326328969528905,0.0,0.0,0.0,0.0,0.0,0.0,GPAB3210,GPAB3210.JPG,2024-10-03 23:33:47.131,2024-10-04 11:33:47.131,7.182908817709999,171.11916812149997,793970.5912360761,513157.05884063494,-1.6704426613660064,32.447644026367186,-0.6504289666666667
data/train\GPAB4541_jpg.rf.e77dc1d8b513409bfb6fe75f8bc01f13.jpg,0.8942193984985352,0.35867918259804155,0.28741960696954044,0.2687666955367825,0.030590160219540908,0.1364103371658252,0.14151477849067545,0.0,0.0,0.09906130514688231,0.11531466825932406,0.09027640415345586,0.030590160219540908,0.004857669048611258,0.0,0.02866015136646547,0.0,0.0,0.14151477849067545,0.0,0.0,0.0,0.11531466825932406,0.09027640415345586,0.0,0.0,0.0,0.0,0.0,GPAB4541,GPAB4541.JPG,2024-10-04 00:18:11.793,2024-10-04 12:18:11.793,7.171384496610001,171.1366600891,792697.143382749,515088.686897138,-1.8885746355968378,31.786416015625,-0.5336241500000002
data/train\GPAB3256_jpg.rf.7d206d4c2dfb923b428f093deabfd85f.jpg,0.44972896575927734,0.9024586968503407,0.37602621739389275,0.9024586968503407,0.1666567445647686,0.0,0.0,0.9024586968503407,0.37267894830840964,0.0,0.0,0.0,0.0,0.0,0.003347269085483069,0.0,0.0,0.0,0.0,0.0,0.20602220374364105,0.0,0.0,0.0,0.0,0.0,0.003347269085483069,0.0,0.0,GPAB3256,GPAB3256.JPG,2024-10-03 23:35:19.223,2024-10-04 11:35:19.223,7.18242705814,171.11918836195,793917.3344371691,513159.3073941548,-2.633820758665392,32.51572265625,-0.6447184666666668
data/train\GPAB6665_jpg.rf.1b65939da5c873cbe5254fc52cc442d4.jpg,0.9573469161987305,0.19157882405808846,0.21418105211407984,0.17553094447527764,0.013391956952160746,0.0,0.008699442889981814,0.0,0.002785550090931263,0.17809852839225462,0.17269162299341492,0.01348029566583385,0.026627400748574576,0.0,0.003377035391177267,0.0,0.0,0.0,0.0,0.0,0.0,0.01604787958281082,0.17269162299341492,0.0,0.02472043677732691,0.0,0.003377035391177267,0.0,0.0,GPAB6665,GPAB6665.JPG,2024-10-04 01:29:04.000,2024-10-04 13:29:04.000,7.169316994,171.136450482,792468.5789498037,515065.6120043328,-1.6973860159705518,31.237291015625004,-0.1454666666666668
data/train\GPAB2942_jpg.rf.fa5fdb4faaa02afcbd2ae3923f5deedc.jpg,0.8188209533691406,0.26085846025622067,0.23373463434493963,0.20080541861988044,0.06156344159946843,0.015804948120209786,0.009852647184779623,0.02545307197876798,0.03742872890193059,0.18377525094916106,0.15989403195172866,0.03447610341774802,0.013788520960280225,0.0014047775880842597,0.012770705346220544,0.0,0.0,0.015804948120209786,0.0,0.0013999765710368084,0.011697197934410425,0.02854300655050766,0.15084891583433035,0.014364643005974386,0.0012232991436905995,0.0,0.008401779833039831,0.0,0.0,GPAB2942,GPAB2942.JPG,2024-10-03 23:24:50.595,2024-10-04 11:24:50.595,7.181814178900001,171.11941556735,793849.5886195905,513184.4102991731,-1.7465148474437358,31.453530434570308,-0.66084325
data/train\GPAB2908_jpg.rf.88dda92c5d3e1444f5a1b36c77499932.jpg,0.8966121673583984,0.4788966494662229,0.4424703729238002,0.39432673417536773,0.0049805750850260115,0.04318706874864371,0.041419334271772135,0.0,0.0,0.42134301730478585,0.3682658534383924,0.0,0.002429314626010374,0.0145998928412995,0.024836621389875232,0.0,0.005519249197750051,0.0,0.041419334271772135,0.0,0.0,0.08775106918649647,0.3682658534383924,0.0,0.002429314626010374,0.0006855852343760502,0.02367861607802997,0.0,0.0016966794245693007,GPAB2908,GPAB2908.JPG,2024-10-03 23:23:42.527,2024-10-04 11:23:42.527,7.18176264308,171.11965013168,793843.898211427,513210.3095553055,-1.899035466629203,31.40031249999999,-0.6602912166666668
data/train\GPAB3258_jpg.rf.c7ef61abe1c7481746e6bde8d974d808.jpg,0.4407949447631836,0.8581683543841927,0.40443095465343376,0.8581683543841927,0.07009772950301792,0.0,0.0,0.8581683543841927,0.399280423564928,0.0,0.005150531088505789,0.0,0.0,0.0,0.0,0.0,0.0,0.0,0.0,0.0,0.3291826940619101,0.0,0.005150531088505789,0.0,0.0,0.0,0.0,0.0,0.0,GPAB3258,GPAB3258.JPG,2024-10-03 23:35:23.227,2024-10-04 11:35:23.227,7.1824323121199996,171.11917461084002,793917.9148573641,513157.7890131845,-1.9668606057813707,32.51474881738281,-0.6444515333333335
data/train\GPAB6663_jpg.rf.86f74cdd128bbd44c7c2229648721c5d.jpg,0.9738378524780273,0.19159226690582132,0.19945345221931815,0.13059246470772368,0.009715338097222515,0.0,0.0,0.0,0.0,0.17164788188729901,0.1788206013561913,0.0017504508155007556,0.005780424525131404,0.009684611588118827,0.009715338097222515,0.008509322614902741,0.005137088240772926,0.0,0.0,0.0,0.0,0.049256514500031684,0.1788206013561913,0.0,0.005780424525131404,0.009684611588118827,0.0,0.0043305173768011015,0.005137088240772926,GPAB6663,GPAB6663.JPG,2024-10-04 01:29:00.000,2024-10-04 13:29:00.000,7.169326641,171.136505063,792469.6471943948,515071.63803228026,-1.8487729341234416,31.2415810546875,-0.14600000000000013
data/train\GPAB2941_jpg.rf.18f7f408bdbb3d1b44d43910c2e6eba4.jpg,0.7949228286743164,0.4129537201160694,0.2785377254317555,0.3278288072545288,0.1051883631028397,0.08278969816966027,0.0797564155990805,0.3278288072545288,0.17850757504469747,0.0,0.00472035996105415,0.0023352146918803277,0.011293912502424513,0.0,0.004259462324498822,0.0,0.0,0.08278969816966027,0.0070555746529344775,0.0,0.1549681884610436,0.0,0.002568544120386463,0.0023352146918803277,0.00875705509455123,0.0,0.0,0.0,0.0,GPAB2941,GPAB2941.JPG,2024-10-03 23:24:48.593,2024-10-04 11:24:48.593,7.18182882747,171.11939410201998,793851.2073668182,513182.03993405536,-3.1361685678854676,31.462119092773435,-0.6608098833333333
data/train\GPAB3090_jpg.rf.125d5f6ed38bdc5cbae2b664e2362386.jpg,0.8739566802978516,0.6007637457919086,0.5781778411938785,0.44125667581420447,0.021323237114550347,0.1437712565029776,0.14414285522245032,0.3680056383144205,0.37546929941638835,0.07814519427795584,0.05856568655503982,0.01164438674688846,0.0,0.0006078087582073386,0.0,0.0,0.0,0.1437712565029776,0.14414285522245032,0.0,0.3554528991421543,0.0046329814507905355,0.057258849714723566,0.01164438674688846,0.0,0.0,0.0,0.0,0.0,GPAB3090,GPAB3090.JPG,2024-10-03 23:29:46.891,2024-10-04 11:29:46.891,7.18198188811,171.12081489287002,793868.1689682072,513338.90208848723,-1.713360244309154,31.786416015625,-0.65965545
data/train\GPAB3120_jpg.rf.5603d780549b726b1d30303f98c1122b.jpg,0.6466035842895508,0.5384993557035123,0.35268175210236535,0.5046272202303336,0.024983532511527243,0.2165047443650463,0.03225515293159703,0.007630736495219147,0.0636970135753558,0.3115111105136512,0.23995195142138911,0.0032752538297712987,0.009841124743865741,0.0,0.006936509430157684,0.0,0.0,0.0,0.03225515293159703,0.0,0.05388373473036528,0.03412370876646509,0.22972098409327033,0.0,0.009841124743865741,0.0,0.001997223091739754,0.0,0.0,GPAB3120,GPAB3120.JPG,2024-10-03 23:30:46.951,2024-10-04 11:30:46.951,7.181898669340001,171.12092381255002,793858.9725015343,513350.93011153804,-1.793066161387885,32.000917968749995,-0.6582174833333334
data/train\GPAB2986_jpg.rf.9b8fb396a045dfc7a3e3f8303d4eb2b7.jpg,0.9057960510253906,0.224968937419703,0.19609562089633067,0.1927301079460673,0.026655246647449796,0.011049060633004495,0.009917941016624961,0.013869178046677408,0.021462466608926437,0.17351835812898606,0.13541076541654584,0.02245627713774886,0.012957945011071146,0.0041922480858345035,0.012686207446185399,0.0,0.0036602953969768954,0.0019674567860455557,0.00789383222941948,0.0,0.008942374352582851,0.013377553901018392,0.13403671433756528,0.018180491355288705,0.011372649182002715,0.0,0.0071948041473105665,0.0,0.0,GPAB2986,GPAB2986.JPG,2024-10-03 23:26:18.683,2024-10-04 11:26:18.683,7.18158056869,171.11959776963,793823.7688101891,513204.53362008586,-1.9871425792245294,31.48611328124999,-0.6603113833333334
data/train\GPAB6581_jpg.rf.0e33f8c4bc7b403d776dbb15f4bb9251.jpg,0.9714212417602539,0.3484578173040177,0.36767628854496537,0.11856399659703912,0.2387891450924964,0.0,0.0,0.0,0.0,0.31601734511438906,0.33232543982117174,0.0,0.0,0.0013020358232688012,0.0,0.03113843636635985,0.03535084872379365,0.0,0.0,0.0,0.0,0.23078488947098552,0.09602226135584563,0.0,0.0,0.0,0.0,0.0,0.032864882096623346,GPAB6581,GPAB6581.JPG,2024-10-04 01:26:15.873,2024-10-04 13:26:15.873,7.16980528795,171.13823361642,792522.6175966216,515262.4734853891,-1.8772298854255633,31.28393661035156,-0.16541270000000005
data/train\GPAB3271_jpg.rf.21bf1e78667a608bb741f6939825a79c.jpg,0.8904047012329102,0.8885098219206756,0.9980488666719157,0.8003084173351283,0.0,0.0,0.0,0.8885098219206756,0.9980488666719157,0.0,0.0,0.0,0.0,0.0,0.0,0.0,0.0,0.0,0.0,0.09195676012006383,0.9980488666719157,0.0,0.0,0.0,0.0,0.0,0.0,0.0,0.0,GPAB3271,GPAB3271.JPG,2024-10-03 23:35:49.253,2024-10-04 11:35:49.253,7.1824812825399995,171.11910119791997,793923.3263140876,513149.6822466488,-1.7804063317461045,32.429921875,-0.6427164666666668
data/train\GPAB6664_jpg.rf.c6ef7a66d43f9061b3dfc2c5107657e0.jpg,0.8461465835571289,0.31258077711182336,0.33041655544310505,0.17331863581981208,0.03469118898147384,0.0,0.0,0.0,0.0,0.23708862485428914,0.24444378297098457,0.07529723096540772,0.026802157769101807,0.0,0.01380196380801309,0.00023524983532511527,0.0453686508950056,0.0,0.0,0.0,0.0,0.08241425863654957,0.2191654680127438,0.0576899810455847,0.026802157769101807,0.0,0.004389089784780008,0.0,0.0453686508950056,GPAB6664,GPAB6664.JPG,2024-10-04 01:29:02.000,2024-10-04 13:29:02.000,7.169321373,171.136478481,792469.0639568346,515068.7032591689,-2.03809107328962,31.233000976562504,-0.14573333333333346
data/train\GPAB3153_jpg.rf.861109ea12d8895926392ecc8c013b29.jpg,0.7399196624755859,0.592675952473772,0.40001305876636906,0.4711286038834467,0.0491172850056556,0.0032925374911421234,0.0,0.09853415347507216,0.024502470603372618,0.42590782431350255,0.3216940676712955,0.01707817784119388,0.05157444553054119,0.04859109353725493,0.002242074961159772,0.0,0.0,0.0,0.0,0.0,0.0,0.10998361892983409,0.2970792532690125,0.015290279092723003,0.05157444553054119,0.0,0.002242074961159772,0.0,0.0,GPAB3153,GPAB3153.JPG,2024-10-03 23:31:53.000,2024-10-04 11:31:53.000,7.182285358,171.120110085,793901.6963922414,513261.0769239804,-2.48557480475799,32.129619140625,-0.6571166666666668
data/train\GPAB6736_jpg.rf.5f196747695b52b1c60eac92e55965fc.jpg,0.8838968276977539,0.39697977619578934,0.3784488105960367,0.1414725295406579,0.23407646675871815,0.0007153515400702485,0.015939376597538423,0.0,0.0,0.38169621852693275,0.2904672925912625,0.006357506774235054,0.001354847010790766,0.0010350992754305072,0.008027300503338627,0.007219769435957313,0.06265999389310632,0.0007153515400702485,0.015939376597538423,0.0,0.0,0.25228576421629156,0.1208540817286734,0.0025925492056237194,0.001354847010790766,0.0,0.0,0.0,0.006224038500315907,GPAB6736,GPAB6736.JPG,2024-10-04 01:31:26.183,2024-10-04 13:31:26.183,7.16894337818,171.13455720401998,792427.2149066468,514856.5853244711,-1.8184826048314324,31.271611328124997,-0.12563616666666677
data/train\GPAB4096_jpg.rf.8edbf446cf34a5eff495750e9f13b50a.jpg,0.9075298309326172,0.3580329657034546,0.3323744101950557,0.23285796863207503,0.15790064967362685,0.2271063502092283,0.22530884942666254,0.011405296097925385,0.041353080236517306,0.10989624041957048,0.05327592597215794,0.004701155892864344,0.0062432425685057125,0.005410746212477651,0.0027192960556764343,0.0,0.003474015935535784,0.0843048991498359,0.1390845036612556,0.011405296097925385,0.002815316396625461,0.02825782613788905,0.024619615419330432,0.0015622509472406636,0.0062432425685057125,0.0018397497325833504,0.0,0.0,0.0017110824757116548,GPAB4096,GPAB4096.JPG,2024-10-04 00:03:20.903,2024-10-04 12:03:20.903,7.17579289564,171.12695962765,793184.1738151227,514017.51902503823,-3.305588967480523,31.185810546874997,-0.59795485
data/train\GPAB6669_jpg.rf.d5ef3890575d20c081d625d5d84fbdb6.jpg,0.8877601623535156,0.16641861411921502,0.15644978232188708,0.11688556103725013,0.030222402313706136,0.0,0.0,0.0,0.011773054003760157,0.11961349892361198,0.08946791288266506,0.04248419985289684,0.04245443354720264,0.0,0.01275438188825921,0.004320915342706199,0.0,0.0,0.0,0.0,0.009682691181299847,0.04540609882797572,0.06806689929194601,0.0,0.03910332364808161,0.0,0.009374465886853471,0.004320915342706199,0.0,GPAB6669,GPAB6669.JPG,2024-10-04 01:29:12.000,2024-10-04 13:29:12.000,7.169295013,171.136342698,792466.1454664543,515053.7121823484,-1.8926867397628682,31.305931640625005,-0.14440000000000014
data/train\GPAB6662_jpg.rf.2108d9d531e28867ea4da578a80bbdb8.jpg,0.9784317016601562,0.11759803196709191,0.12411589271071184,0.0545722005749698,0.013507181361299577,0.006751190172126063,0.0061731477196129226,0.0,0.008504521597855289,0.09630456115823575,0.0965474926208368,0.0,0.0,0.0009717258504041497,0.0010110941901932506,0.013570554786325935,0.011879636582213577,0.000875705509455123,0.0061731477196129226,0.0,0.0,0.062228862562245184,0.09255592704758576,0.0,0.0,0.0,0.0,0.0,0.011879636582213577,GPAB6662,GPAB6662.JPG,2024-10-04 01:28:58.000,2024-10-04 13:28:58.000,7.169332731,171.13653283,792470.3213411965,515074.70361538697,-1.7130486748906493,31.2501611328125,-0.14633333333333348
data/train\GPAB6700_jpg.rf.f7961569fdb6334ea3abacfaa8f67f96.jpg,0.9642515182495117,0.012468241272231109,0.023524983532511527,0.012468241272231109,0.023524983532511527,0.0,0.0,0.0,0.023524983532511527,0.0,0.0,0.012468241272231109,0.0,0.0,0.0,0.0,0.0,0.0,0.0,0.0,0.0,0.0,0.0,0.0,0.0,0.0,0.0,0.0,0.0,GPAB6700,GPAB6700.JPG,2024-10-04 01:30:14.111,2024-10-04 13:30:14.111,7.169130419810001,171.1355234025,792447.9232942329,514963.25828189956,-5.20908849352362,31.314511718750005,-0.13611853333333346
data/train\GPAB3093_jpg.rf.58bff31c4e825166db93db59fa417a42.jpg,0.5466623306274414,0.7421210509234276,0.3606024700272506,0.16549873925292333,0.07452714783099652,0.6087545585656866,0.13458883129802218,0.0,0.02577089930730926,0.16537679341991807,0.1602253021280028,0.0,0.02637486725187864,0.0019252078360279842,0.013642570042037705,0.0,0.0,0.6087545585656866,0.09274412691584585,0.0,0.015790545069067432,0.0018032620030227202,0.15904425193432978,0.0,0.018496398277011,0.0,0.0,0.0,0.0,GPAB3093,GPAB3093.JPG,2024-10-03 23:29:52.897,2024-10-04 11:29:52.897,7.18196284038,171.1209099686,793866.0660550382,513349.399757903,-1.6814162040320757,31.786416015625,-0.65935515
data/train\GPAB3709_jpg.rf.a45e2057dad709053cf0cfe214794ee1.jpg,0.8543004989624023,0.5014364643005974,0.6029827758712406,0.4386007531835544,0.16641477330557705,0.0,0.0,0.0,0.012015025262951704,0.49987709396358526,0.5884193707595017,0.0,0.0,0.0015603305404216828,0.0,0.0,0.002548379848787167,0.0,0.0,0.0,0.0,0.06285107437159487,0.43401962271687633,0.0,0.0,0.0,0.0,0.0,0.002548379848787167,GPAB3709,GPAB3709.JPG,2024-10-03 23:50:26.129,2024-10-04 11:50:26.129,7.181876390779999,171.11954049554998,793856.4695913475,513198.2015727621,-1.7783400108252807,31.786416015625,-0.6205645166666667
data/train\GPAB6286_jpg.rf.b9de6c3dd697e300894bf557002032ac.jpg,0.9108333587646484,0.1659164277360516,0.1874422677700044,0.11758650952617802,0.07458091922192797,0.006653249424358056,0.006189471177574258,0.03508775298959332,0.135246570633523,0.11199236446248774,0.04174292282077035,0.0,0.0013356429426009606,0.012222429199401601,0.0029276601955358222,0.0,0.0,0.006653249424358056,0.0,0.0,0.08761279989552986,0.04174292282077035,0.023912905709945594,0.0,0.0013356429426009606,0.0,0.0,0.0,0.0,GPAB6286,GPAB6286.JPG,2024-10-04 01:16:25.283,2024-10-04 13:16:25.283,7.169465885129999,171.13513194522002,792484.995452033,514920.0261446709,-5.384701594971069,31.43341873144531,-0.22231446666666677
data/train\GPAB3257_jpg.rf.3ee28745ceb92561a0b0b7379c7e81aa.jpg,0.5677642822265625,0.9308663147201103,0.506116495718453,0.9308663147201103,0.06235368900547892,0.0,0.011558928643443827,0.9308663147201103,0.474897402265696,0.0,0.0,0.0,0.0,0.0,0.019660164809313204,0.0,0.0,0.0,0.011558928643443827,0.0,0.4199084734110074,0.0,0.0,0.0,0.0,0.0,0.012295404658522862,0.0,0.0,GPAB3257,GPAB3257.JPG,2024-10-03 23:35:21.225,2024-10-04 11:35:21.225,7.182429365000001,171.1191813925,793917.5892549516,513158.53784612805,-2.2564008853274835,32.51572265625,-0.6445850000000001
data/train\GPAB6699_jpg.rf.eeb4568c8aa8184f237f80378ad2a69c.jpg,0.9501762390136719,0.05565819063110329,0.07602026413275388,0.05565819063110329,0.024485186942001795,0.0,0.0,0.016082446905552474,0.03031074102737924,0.01920790900344329,0.02105534036330256,0.02036783472210753,0.0,0.0,0.01766294171757345,0.0,0.00699124102449863,0.0,0.0,0.0,0.02447174409426893,0.0,0.018071028166606815,0.0,0.0,0.0,0.008992304929876346,0.0,0.0,GPAB6699,GPAB6699.JPG,2024-10-04 01:30:12.109,2024-10-04 13:30:12.109,7.169136881590001,171.13555126348,792448.6385368854,514966.33423193963,-5.109011044839026,31.310689293945316,-0.1363854666666668
data/train\GPAB3278_jpg.rf.67e2d52633a3ffb9fbefaa6b690632d9.jpg,0.8040494918823242,0.7382936801331994,0.9342663949931154,0.7382936801331994,0.9096506203874228,0.0,0.0062115558559925335,0.7382936801331994,0.9280548391371228,0.0,0.0,0.0,0.0,0.0015257632176800334,0.0,0.0,0.0,0.0,0.0062115558559925335,0.0,0.018404218749699938,0.0,0.0,0.0,0.0,0.0,0.0,0.0,0.0,GPAB3278,GPAB3278.JPG,2024-10-03 23:36:03.267,2024-10-04 11:36:03.267,7.18249938968,171.11906971145999,793925.3271121432,513146.2053759038,-4.263808955096497,32.387021484375005,-0.6418366500000001
data/train\GPAB6668_jpg.rf.8a52d79d063cb9a4eb650e20d0cde86a.jpg,0.9285545349121094,0.09054142029447518,0.15605801933081503,0.024025249508855956,0.08217516798758649,0.0,0.0,0.0,0.007978330129454623,0.08772226308421176,0.13037545873717887,0.0,0.015055029257397887,0.0,0.0,0.002819157210263422,0.0026492012067836452,0.0,0.0,0.0,0.0,0.06654305648108495,0.056178620879047014,0.0,0.015055029257397887,0.0,0.0,0.0,0.0026492012067836452,GPAB6668,GPAB6668.JPG,2024-10-04 01:29:10.000,2024-10-04 13:29:10.000,7.169299547,171.136370858,792466.6476129234,515056.8212085205,-2.0173846455390065,31.288771484375005,-0.1446666666666668
data/train\GPAB6677_jpg.rf.460b45c3c5f61adb8b6a2efef9d2635a.jpg,0.9319639205932617,0.4723567040441847,0.4656477628220762,0.35031965171501933,0.08284346956059171,0.03576085557964599,0.028206935357186068,0.011077866735289203,0.011189250330790075,0.4155059407784945,0.38941049271877753,0.0,0.004477428498453112,0.0,0.007990812773777996,0.010071573562143405,0.024372843143091433,0.03576085557964599,0.020755756899541598,0.011022174937538768,0.0,0.07591656216452894,0.3252074519466204,0.0,0.004477428498453112,0.0,0.007990812773777996,0.0,0.024372843143091433,GPAB6677,GPAB6677.JPG,2024-10-04 01:29:28.000,2024-10-04 13:29:28.000,7.169248465,171.136124449,792460.9925442482,515029.61660783255,-1.9682982752584204,31.314511718750005,-0.1422666666666668
data/train\GPAB3104_jpg.rf.e80e02c3e101d1c16303a7ca427c6a49.jpg,0.8698453903198242,0.4624877334014438,0.414073317291535,0.46088035289395707,0.054754639222772954,0.0,0.0,0.3737985454838753,0.3618228885607127,0.05085813378706145,0.015148168988118443,0.03801157237149118,0.011041379005728574,0.0,0.02606088073697532,0.0,0.0,0.0,0.0,0.0,0.33223998171772706,0.00017475702052722848,0.0,0.001471031623339088,0.00490183840544781,0.0,0.022176857945587193,0.0,0.0,GPAB3104,GPAB3104.JPG,2024-10-03 23:30:14.919,2024-10-04 11:30:14.919,7.181783056,171.12095404865002,793846.1926010571,513354.27179026953,-5.6778910536273814,31.915117187499995,-0.6587513500000001
data/train\GPAB3267_jpg.rf.e3a20dea0057ae4369291cfe9aaf4c33.jpg,0.9779815673828125,0.9760870942900544,0.9971097877374343,0.9760870942900544,0.0,0.0,0.0,0.9760870942900544,0.9936809013621446,0.0,0.0,0.0,0.0,0.0,0.0034288863752897415,0.0,0.0,0.0,0.0,0.0,0.9936809013621446,0.0,0.0,0.0,0.0,0.0,0.0034288863752897415,0.0,0.0,GPAB3267,GPAB3267.JPG,2024-10-03 23:35:41.245,2024-10-04 11:35:41.245,7.182465398350001,171.11912089695,793921.5709198124,513151.8576295826,-1.655565244657487,32.43745089355468,-0.6432503333333335
data/train\GPAB3276_jpg.rf.a8a21ae6b31115095960af1c82759954.jpg,0.7133655548095703,0.8601895825611697,0.5900709206238249,0.8601895825611697,0.010711069032863922,0.0,0.0,0.8601895825611697,0.5900709206238249,0.0,0.0,0.0,0.0,0.0,0.0,0.0,0.0,0.0,0.0,0.0,0.579359851590961,0.0,0.0,0.0,0.0,0.0,0.0,0.0,0.0,GPAB3276,GPAB3276.JPG,2024-10-03 23:35:59.263,2024-10-04 11:35:59.263,7.18249511641,171.11907922421,793924.8549851738,513147.2557803745,-3.3994214865645342,32.403053360351564,-0.6420491333333335
data/train\GPAB2752_jpg.rf.8037cefac4b3ec365fb847f303ee6663.jpg,0.7580633163452148,0.21248533289292004,0.13313316292923494,0.1945151260843097,0.015814550154304687,0.0035777179037607327,0.026468967186008684,0.1974850352298631,0.050147583264038655,0.003417363934375858,0.04559045788259785,0.003340547661616637,0.008535248106958979,0.0,0.0023909064896307634,0.004730922198558542,0.0,0.0035777179037607327,0.026468967186008684,0.009727820741545889,0.03863858519788832,0.0,0.04559045788259785,0.0,0.006620602508435387,0.0,0.0,0.004730922198558542,0.0,GPAB2752,GPAB2752.JPG,2024-10-03 23:18:30.215,2024-10-04 11:18:30.215,,,,,,29.90585594238281,-0.6659928333333334
data/train\GPAB3097_jpg.rf.1d99e8ef816fb9dcb878d24c738e0e5f.jpg,0.28624916076660156,0.595198406830503,0.5262385183677311,0.595198406830503,0.09798395692143423,0.0,0.0,0.0,0.3163198091883785,0.595198406830503,0.0,0.0,0.11600697491756654,0.0,0.032708368940876434,0.0,0.06120336532090958,0.0,0.0,0.0,0.30637594267969726,0.0,0.0,0.0,0.05107609996101574,0.0,0.014228294121826768,0.0,0.05657422468375701,GPAB3097,GPAB3097.JPG,2024-10-03 23:30:00.905,2024-10-04 11:30:00.905,7.1819479649,171.1209451833,793864.4226317973,513353.2881739402,-1.8466938043185603,31.854241533203126,-0.6589849166666667
data/train\GPAB6112_jpg.rf.275e9e45ae9d2003a909da0c5f0de468.jpg,0.8437557220458984,0.42837746748271155,0.3719155865978649,0.3482984235380423,0.021107191347415035,0.25879690353604506,0.03626880318326634,0.0,0.12319889845464864,0.1485261837867734,0.05666256339743011,0.01042012739978837,0.14042206701067556,0.007628816088400167,0.015363254551844263,0.003246447727486591,0.0,0.00782373738052669,0.03626880318326634,0.0,0.10663250903071307,0.06534856343967906,0.05666256339743011,0.0010581441572582737,0.13588126508719608,0.004991137322530405,0.015363254551844263,0.003246447727486591,0.0,GPAB6112,GPAB6112.JPG,2024-10-04 01:10:36.935,2024-10-04 13:10:36.935,7.1703035254500005,171.1378388206,792577.6834748478,515218.8671727564,-3.6052201031697777,31.443212890625,-0.25269091666666676
data/train\GPAB3080_jpg.rf.78f928f2c19bd787656114709b49bc5b.jpg,0.28951454162597656,0.29873464394697374,0.890594423522679,0.29873464394697374,0.6518715324654375,0.0,0.0,0.272271437981422,0.8748979783877416,0.015233627091563076,0.015696445134937384,0.009259241477714638,0.0,0.001971297599683517,0.0,0.0,0.0,0.0,0.0,0.0,0.22302644592230417,0.0,0.015696445134937384,0.0,0.0,0.0,0.0,0.0,0.0,GPAB3080,GPAB3080.JPG,2024-10-03 23:29:26.871,2024-10-04 11:29:26.871,7.18209165935,171.12050913623,793880.2950311012,513305.14094218216,-4.708335343403753,31.717221975585936,-0.6606564500000001
data/train\GPAB3189_jpg.rf.cb7c692b5418f563afa01bc4fa3ee9b5.jpg,0.8738718032836914,0.17841827612761488,0.24116468832757532,0.1672597523059285,0.008569815429700627,0.0,0.00587260405244247,0.03191716133145646,0.021889757126149604,0.1288842628422405,0.1944056628956278,0.017846340568786093,0.015446792248469916,0.0,0.003549872004885515,0.0,0.0,0.0,0.00587260405244247,0.0,0.021889757126149604,0.0020644373304040727,0.1893857194708127,0.009094086491282313,0.015446792248469916,0.0,0.0,0.0,0.0,GPAB3189,GPAB3189.JPG,2024-10-03 23:33:05.000,2024-10-04 11:33:05.000,7.182701076,171.119353707,793947.6312143448,513177.5548892039,-2.66484375,32.301220703125004,-0.6518333333333335
data/train\GPAB3732_jpg.rf.17cb4bb5e9fdf6d4fc4f7156adfc86f8.jpg,0.6696224212646484,0.4735031869151161,0.1716882104304976,0.4594160426944844,0.054076735615672826,0.0,0.0,0.442442527024925,0.15189169673703679,0.0,0.006889459463092661,0.017133869638944314,0.006368069011739447,0.01409290544108864,0.006538985218628715,0.0,0.0,0.0,0.0,0.0,0.10843385062691681,0.0,0.006889459463092661,0.01416396049339092,0.002288164724815305,0.0,0.0,0.0,0.0,GPAB3732,GPAB3732.JPG,2024-10-03 23:51:12.175,2024-10-04 11:51:12.175,7.181966355499999,171.119545339,793866.4151174838,513198.73373386293,-13.710155610539246,31.747054907226556,-0.6197970833333335
data/train\GPAB3118_jpg.rf.dcc5421f468a6a26074826d75b8ef1f7.jpg,0.7311067581176758,0.6120893450068462,0.439134626279231,0.6073440197571454,0.01792123643472633,0.2664497247096825,0.06714414381542586,0.024883671356940255,0.021486471694163692,0.31466345830700776,0.28196565160363574,0.002408190151001588,0.0011647267357116932,0.005357935024955686,0.06737363243029404,0.0,0.0,0.004745325249700897,0.06714414381542586,0.0,0.006189471177574258,0.0,0.28196565160363574,0.0,0.0011647267357116932,0.0,0.06474939651215714,0.0,0.0,GPAB3118,GPAB3118.JPG,2024-10-03 23:30:42.947,2024-10-04 11:30:42.947,7.181871725480001,171.12096148066001,793855.9950190149,513355.0897562573,-1.8407855269222724,32.00069059667968,-0.6582842166666668
data/train\GPAB3027_jpg.rf.747b37a57bb87ebb8bad757bc73c82cb.jpg,0.943354606628418,0.18153701680163925,0.189306022587825,0.13253111539148454,0.002301607572548169,0.01369634143296916,0.01531716478818873,0.0,0.015127044513109656,0.13487593211745977,0.13134238357053557,0.0,0.0036305290912826975,0.020908429241650553,0.0038657789266078125,0.012099523162986847,0.020023121698100527,0.01369634143296916,0.01531716478818873,0.0,0.012825436940561489,0.02327725105286304,0.13134238357053557,0.0,0.0036305290912826975,0.0,0.0038657789266078125,0.012099523162986847,0.020023121698100527,GPAB3027,GPAB3027.JPG,2024-10-03 23:27:40.765,2024-10-04 11:27:40.765,7.1815813863499995,171.1194030899,793823.8535961721,513183.0393940944,-1.6511541361388384,31.562325825195305,-0.661
data/train\GPAB6666_jpg.rf.3b9f9efbe0ccad9eaf54a918d77f1058.jpg,0.9263887405395508,0.18482859408937188,0.1773898982760508,0.11047428287208362,0.10256220677788383,0.007065176687029381,0.0,0.0,0.04175924627873168,0.13807244926765286,0.13442175590477087,0.0,0.0,0.039690968134689655,0.0012088960925482454,0.0,0.0,0.0,0.0,0.0,0.0,0.0743610326411547,0.07482769149816697,0.0,0.0,0.0,0.0,0.0,0.0,GPAB6666,GPAB6666.JPG,2024-10-04 01:29:06.000,2024-10-04 13:29:06.000,7.169308918,171.136425875,792467.6853596184,515062.89538514696,-1.745175249458583,31.254451171875004,-0.14520000000000013
data/train\GPAB3159_jpg.rf.ed9a35831ae623a1f7ac0a397fdfcda7.jpg,0.9760637283325195,0.34567034680626746,0.3386272547976563,0.3440802499601516,0.0010975124970473745,0.0,0.0,0.3343937179652138,0.32717202812243745,0.009903537965482608,0.0010283778515640754,0.001416300028998143,0.0,0.0,0.010426848823654803,0.0,0.0,0.0,0.0,0.0,0.32717202812243745,0.0016237039654480405,0.0010283778515640754,0.0,0.0,0.0,0.00932933632660743,0.0,0.0,GPAB3159,GPAB3159.JPG,2024-10-03 23:32:05.000,2024-10-04 11:32:05.000,7.182346786,171.119978339,793908.4833020279,513246.5293539517,-3.2424889104995978,32.146779296875,-0.6565833333333333
data/train\GPAB3143_jpg.rf.dda8da8226fa5b640de9bb0a181d693d.jpg,0.8311529159545898,0.6392266137658602,0.51173560607079,0.621483975165299,0.010717790456730355,0.08832239021514318,0.08907326928136457,0.2546286605354478,0.23737476547031724,0.2850181382424053,0.15218167816670283,0.011766332579893724,0.003095695792196619,0.003788002450439101,0.030010197360208785,0.0005607587911423156,0.0,0.0,0.08907326928136457,0.0,0.23426562683038776,0.006904822717644506,0.14669603608828494,0.007572164087240241,0.0009726860538136399,0.003788002450439101,0.030010197360208785,0.0,0.0,GPAB3143,GPAB3143.JPG,2024-10-03 23:31:32.997,2024-10-04 11:31:32.997,7.18217181787,171.12036375139002,793889.1521475344,513289.0869806836,-3.0438340468584912,32.043831229492184,-0.65745005
data/train\GPAB3127_jpg.rf.a33eb97ca070a71c354688a5df3fe396.jpg,0.93231201171875,0.42914467000689427,0.3780887343174778,0.42447136001290514,0.007515512086080315,0.13231218901412076,0.12973596326645837,0.2375380000499306,0.20003053446842178,0.05574268853113844,0.044856862477747284,0.0016054601006677254,0.0,0.002726017479542866,0.0034653741048503717,0.0,0.0,0.0,0.12973596326645837,0.0,0.193548201250953,0.0033386272547976563,0.04382368360913576,0.0013414041630579023,0.0,0.0,0.0034653741048503717,0.0,0.0,GPAB3127,GPAB3127.JPG,2024-10-03 23:31:00.965,2024-10-04 11:31:00.965,7.18198795975,171.1207688769,793868.83883457,513333.821383947,-3.6211313104343597,32.03508812988281,-0.6579839166666668
data/train\GPAB6245_jpg.rf.47051ee1d535ca875a821dca928db358.jpg,0.9491872787475586,0.101657695166144,0.10941709891823484,0.07283430922006517,0.017973087418838806,0.0,0.0,0.0,0.01898898262607951,0.09471926532916733,0.05508686960245658,0.0,0.003358791526396952,0.0069787583801752566,0.031982455163301796,0.0,0.0,0.0,0.0,0.0,0.007362839743971363,0.028874276726781802,0.05103577141781715,0.0,0.003358791526396952,0.0,0.029686608811210567,0.0,0.0,GPAB6245,GPAB6245.JPG,2024-10-04 01:15:03.201,2024-10-04 13:15:03.201,7.16968251421,171.13619248458,792508.9778883075,515037.1142533368,-4.642708411159734,31.39945020214843,-0.2277866000000001
data/train\GPAB3065_jpg.rf.623b37a3e1def7e946fbe7642cf75b09.jpg,0.9156570434570312,0.2972511296793113,0.345708754942647,0.2972511296793113,0.003286776270685182,0.0,0.0,0.295006174107923,0.3000001920406819,0.0020557954997186606,0.013925830047837333,0.00018916007166958247,0.0027010521908961195,0.0,0.029081680663231697,0.0,0.0,0.0,0.0,0.0,0.2967134157699967,0.0,0.013925830047837333,0.0,0.0027010521908961195,0.0,0.029081680663231697,0.0,0.0,GPAB3065,GPAB3065.JPG,2024-10-03 23:28:56.841,2024-10-04 11:28:56.841,7.182134732220001,171.12010157259,793885.0448222712,513260.14145100187,-3.7961113456198454,31.545491711914057,-0.6619473500000002
data/train\GPAB3070_jpg.rf.94ac6f05bf5c9af60cc3fa812fa92778.jpg,0.9059343338012695,0.27797600643720366,0.22528100352778732,0.2029620354775956,0.03507431014186045,0.0410083672125103,0.034575004368925515,0.014637340774269621,0.02079992625637815,0.198430835588211,0.16697361168990038,0.009618357552863999,0.0,0.013721306721615907,0.002932461212583274,0.0010005319526888575,0.0,0.021039016905341226,0.018947693879471428,0.0,0.014265742054796889,0.05141889257820376,0.15699325745165857,0.001903123157609708,0.0,0.0008881881537784965,0.0,0.0,0.0,GPAB3070,GPAB3070.JPG,2024-10-03 23:29:06.851,2024-10-04 11:29:06.851,7.18221415116,171.12023974668,793893.8283985731,513275.39465628646,-3.0647223851466303,31.588435002929685,-0.6616574500000001
data/train\GPAB3122_jpg.rf.dfef5ccb273d37124bbe24778f8a3383.jpg,0.3930320739746094,0.7374083725896494,0.12844737029092243,0.1020427367333496,0.016409876268188652,0.0,0.0,0.0,0.0,0.7374083725896494,0.12557348148631806,0.0,0.0018877599030578639,0.0,0.0009861289015465036,0.0,0.0,0.0,0.0,0.0,0.0,0.6355691989791117,0.11105136512118727,0.0,0.0,0.0,0.0009861289015465036,0.0,0.0,GPAB3122,GPAB3122.JPG,2024-10-03 23:30:50.955,2024-10-04 11:30:50.955,7.181925151,171.12088413050003,793861.8988306188,513346.54812583,-1.9617614046598515,32.000917968749995,-0.6581507500000001
data/train\GPAB6659_jpg.rf.1642ff06a30f006b30706269e90791fb.jpg,0.961064338684082,0.04700483750477701,0.07755178857089086,0.034385844297255934,0.031235416910718367,0.0071707990620733094,0.0,0.0,0.026257722435920824,0.020233406244778894,0.04337142780326585,0.0021566168577151386,0.0011560849050262808,0.0,0.006766553426677907,0.01744401534020967,0.0,0.001542086675641368,0.0,0.0,0.0,0.011076906531879713,0.04337142780326585,0.0,0.0011560849050262808,0.0,0.0017888589518803664,0.0,0.0,GPAB6659,GPAB6659.JPG,2024-10-04 01:28:52.000,2024-10-04 13:28:52.000,7.169348461,171.136615332,792472.0629654609,515083.8122293788,-1.7988772642900017,31.271611328124997,-0.14733333333333345
data/train\GPAB3263_jpg.rf.d701924d1f6c7c918723e49532d90267.jpg,0.9699487686157227,0.9344104255045389,0.9616561972488252,0.9344104255045389,0.0,0.0,0.0,0.9344104255045389,0.9616561972488252,0.0,0.0,0.0,0.0,0.0,0.0,0.0,0.0,0.0,0.0,0.0,0.9616561972488252,0.0,0.0,0.0,0.0,0.0,0.0,0.0,0.0,GPAB3263,GPAB3263.JPG,2024-10-03 23:35:33.237,2024-10-04 11:35:33.237,7.18244956257,171.11914331777,793919.8209553713,513154.33351812925,-1.9522675662125777,32.47180552636718,-0.6437842000000001
data/train\GPAB3212_jpg.rf.18fffd5daee83a4157cdafc4403a2b74.jpg,0.009368896484375,0.0,0.9974132120148332,0.0,0.0,0.0,0.0,0.0,0.9974132120148332,0.0,0.0,0.0,0.0,0.0,0.0,0.0,0.0,0.0,0.0,0.0,0.9974132120148332,0.0,0.0,0.0,0.0,0.0,0.0,0.0,0.0,GPAB3212,GPAB3212.JPG,2024-10-03 23:33:51.135,2024-10-04 11:33:51.135,7.182889294899999,171.11920356309997,793968.4340534005,513160.9724273522,-1.6721551395966445,32.46482134277343,-0.6502955000000001
data/train\GPAB3270_jpg.rf.e0b91e356fe900e9f8f67900f88a75b3.jpg,0.91888427734375,0.9177076871964557,0.9993038525281196,0.9171709334905507,0.001210816499367226,0.0,0.0,0.9171709334905507,0.9979288412457294,0.001243463415289895,0.0,0.0,0.0,0.0,0.0013750112823900614,0.0,0.0,0.0,0.0,0.0,0.9967180247463623,0.001243463415289895,0.0,0.0,0.0,0.0,0.0013750112823900614,0.0,0.0,GPAB3270,GPAB3270.JPG,2024-10-03 23:35:47.251,2024-10-04 11:35:47.251,7.18247816041,171.1191061104,793922.9813109781,513150.22471244796,-1.6410218024824499,32.429921875,-0.6428499333333335
data/train\GPAB2952_jpg.rf.4c5df035af0e0688e303e300b81967a9.jpg,0.9715404510498047,0.16322881839288836,0.1755367056957346,0.10871230961566898,0.14963233811450619,0.052992665966358314,0.09798971814189118,0.0,0.0023361748952898183,0.10704251588656541,0.06656706156632221,0.003193636539964626,0.00637863124924384,0.0,0.0022651198429875386,0.0,0.0,0.03323071959563914,0.0,0.0,0.0,0.01917238147729215,0.020190197091351832,0.003193636539964626,0.003449050646889037,0.0,0.0022651198429875386,0.0,0.0,GPAB2952,GPAB2952.JPG,2024-10-03 23:25:10.615,2024-10-04 11:25:10.615,7.18165717875,171.1196474574,793832.2393025958,513210.017337189,-1.933986998466123,31.443212890625,-0.6608230833333334
data/train\GPAB3148_jpg.rf.215b32be1c7c28f0b92ea81efb374979.jpg,0.5122604370117188,0.24348069895126584,0.5540354468690647,0.22095816777826216,0.03200453984172007,0.0,0.0,0.07142281020811449,0.4567034680626744,0.147775304720552,0.07129702356147126,0.014243657376378612,0.012200344520983324,0.010702427202178509,0.01383461072393576,0.0,0.0,0.0,0.0,0.0,0.4501836869122355,0.02152103901690534,0.05013414041630579,0.0,0.012200344520983324,0.0013173990778206455,0.009512735177820069,0.0,0.0,GPAB3148,GPAB3148.JPG,2024-10-03 23:31:43.000,2024-10-04 11:31:43.000,7.182228609,171.120232489,793895.4264683556,513274.5929320117,-2.528683855592075,32.129619140625,-0.6572833333333334
data/train\GPAB7050_jpg.rf.5d195395bfbe8803ccd8968785d9d541.jpg,0.9626893997192383,0.3888055645707987,0.40752280963199244,0.14018777737875993,0.2112265062230783,0.0,0.0,0.0,0.008306719695500295,0.3888055645707987,0.3828138952955794,0.0,0.00428634801996455,0.0,0.0013173990778206455,0.0,0.010798447543127537,0.0,0.0,0.0,0.0,0.2486331504465906,0.19103534892831697,0.0,0.00428634801996455,0.0,0.0,0.0,0.0009746064606326204,GPAB7050,GPAB7050.JPG,2024-10-04 01:41:54.811,2024-10-04 13:41:54.811,7.1690949939,171.1371846255,792444.061518298,515146.6768870659,-1.9374079819466339,31.185810546874997,-0.04360538333333347
data/train\GPAB2943_jpg.rf.785d4f902aaf6a01200939a608fa2ac6.jpg,0.8328571319580078,0.35245418389431615,0.33163121275611024,0.32368456933916884,0.04005872604052443,0.0,0.005063152578242175,0.0,0.03788962653848591,0.3258795943332636,0.25805082548687114,0.0018359089189453894,0.005745857202389754,0.0,0.005215824920351127,0.02482221833873288,0.019665926029770145,0.0,0.005063152578242175,0.0,0.008736890822951935,0.016141019313531377,0.24922175513660813,0.0,0.005745857202389754,0.0,0.003138904945623681,0.012659321750719672,0.019665926029770145,GPAB2943,GPAB2943.JPG,2024-10-03 23:24:52.597,2024-10-04 11:24:52.597,7.18179962841,171.11943696119002,793847.980712926,513186.77276855626,-2.0122669070364005,31.444941776367184,-0.6608766166666667
data/train\GPAB2992_jpg.rf.e4effd5df06ee1d3cc045935c76638eb.jpg,0.9912233352661133,0.108118903908604,0.10893603701008021,0.019121490696589166,0.08631172427567056,0.0,0.012895531789454278,0.0,0.0,0.108118903908604,0.09284974929088978,2.1124475008785862e-05,0.0031907559297361552,0.0,0.0,0.0,0.0,0.0,0.012895531789454278,0.0,0.0,0.08899741321201483,0.006538025015219224,2.1124475008785862e-05,0.0031907559297361552,0.0,0.0,0.0,0.0,GPAB2992,GPAB2992.JPG,2024-10-03 23:26:30.695,2024-10-04 11:26:30.695,7.181668666649999,171.11946243695,793833.503933898,513189.58926902356,-1.8208786892710616,31.519125131835935,-0.6605115833333335
data/train\GPAB3193_jpg.rf.b20fe77d2415b67a0fc966d613aaf1f4.jpg,0.9025039672851562,0.5259494971414744,0.4856171131292453,0.5248711887126168,0.013367951866923489,0.0,0.0,0.20458189862940565,0.1921367022390023,0.10780875820733864,0.05745089039662162,0.21174405586079356,0.21152801009365824,0.0022334331304743596,0.02450151039996313,0.0,0.0,0.0,0.0,0.0,0.18480939002118207,0.0010783084288575693,0.05606915769036513,0.0,0.21152801009365824,0.0,0.019842603457116356,0.0,0.0,GPAB3193,GPAB3193.JPG,2024-10-03 23:33:13.000,2024-10-04 11:33:13.000,7.182755807,171.119273757,793953.6792985428,513168.72621528566,-2.9320769255961587,32.301220703125004,-0.6515666666666668
data/train\GPAB2756_jpg.rf.e3eab669406113c45048b693e012a15e.jpg,0.919189453125,0.24998799745738137,0.2172047326505647,0.20952694618828052,0.06859885198080361,0.014096746254726601,0.009506973957363128,0.018300516781474988,0.009260201681124128,0.1839605702071927,0.15736773678135976,0.033684895808328036,0.022300724185411437,0.00015939376597538422,0.001809023223479662,0.0,0.016960072821826575,0.0,0.0,0.0,0.0,0.040640609306675526,0.13292671919619453,0.0,0.013716505704568456,0.0,0.0,0.0,0.0019626557689981046,GPAB2756,GPAB2756.JPG,2024-10-03 23:18:38.223,2024-10-04 11:18:38.223,,,,,,30.00891984082031,-0.6657259000000001
data/train\GPAB3091_jpg.rf.faf2ca9266200302fb94cdc9d1b5e21f.jpg,0.8715267181396484,0.667309682883222,0.6100316291003086,0.6032285879440701,0.061057414402667064,0.41790164828517273,0.41230558281466345,0.1498359012373181,0.1342402774603772,0.08143581136227898,0.04638934711929375,0.01867211550094772,0.017096421705974193,0.0,0.0,0.0,0.0,0.0,0.3880527650977583,0.0,0.12426568444259233,0.05379635622010167,0.03555633225342456,0.010479660011176768,0.001099432903866355,0.0,0.0,0.0,0.0,GPAB3091,GPAB3091.JPG,2024-10-03 23:29:48.893,2024-10-04 11:29:48.893,7.181975412649999,171.12084657587,793867.4540436959,513342.4003314678,-1.6327820544643443,31.786416015625,-0.6595553500000001
data/train\GPAB6729_jpg.rf.fad7588f7ac2b1f450624a9539241113.jpg,0.8695297241210938,0.08115927278034579,0.17651707337682415,0.07164173658547827,0.13122715916139674,0.006689737153918686,0.005211023903303676,0.0423997019528617,0.13533778995742457,0.02896933686432134,0.016067083651000628,0.00310049680924407,0.004522558058699155,0.0,0.015378617806396107,0.0,0.0,0.006689737153918686,0.0,0.0,0.024848143830789114,0.002827799040948835,0.01012822556330333,0.0,0.004522558058699155,0.0,0.005790986762635797,0.0,0.0,GPAB6729,GPAB6729.JPG,2024-10-04 01:31:12.169,2024-10-04 13:31:12.169,7.168977656619999,171.13474127202,792431.0102673694,514876.90736697085,-5.637044292964015,31.228710937500004,-0.12797183333333345
data/train\GPAB6236_jpg.rf.46b13879c47d4fdd782cf071312ef0fe.jpg,0.043964385986328125,0.036125732875252295,0.9987066060074166,0.03527115184080595,0.9886014253259411,0.026872252617994596,0.0,0.0,0.98579667116682,0.009253480257257697,0.010105180681475564,0.0,0.0010821492424955303,0.0,0.001722604916625538,0.0,0.0,0.0,0.0,0.0,0.0,0.0008545810344463371,0.010105180681475564,0.0,0.0,0.0,0.0,0.0,0.0,GPAB6236,GPAB6236.JPG,2024-10-04 01:14:45.183,2024-10-04 13:14:45.183,7.16973146544,171.13644152815,792514.3974964669,515064.60978276934,-4.994814940572395,31.39094734472656,-0.2297286500000001
data/train\GPAB2916_jpg.rf.7f634b0de0ff892d3d6e051ea3b40642.jpg,0.8690519332885742,0.22084486377594229,0.34080211552015177,0.21412247970610093,0.051345917119082506,0.0007201525571176998,0.0,0.0,0.029856564814690345,0.10773002152776044,0.1737872150836433,0.11239468969106416,0.13603009661566706,0.0,0.0,0.0,0.001128239006151063,0.0,0.0,0.0,0.0,0.0067223840698413554,0.15599656631260767,0.0,0.13345963208846162,0.0,0.0,0.0,0.0,GPAB2916,GPAB2916.JPG,2024-10-03 23:23:58.543,2024-10-04 11:23:58.543,7.181882009540001,171.11946999066,793857.0887021101,513190.4171109587,-1.9501838916860867,31.41943320410156,-0.6600242833333334
data/train\GPAB6362_jpg.rf.409a2850d857b0bd69c899eb31575f58.jpg,0.9648542404174805,0.05768421982512775,0.04407909771606017,0.048204131563230355,0.006940350243795646,0.0094800882618974,0.005792907169454777,0.04400900286716738,0.025583659642458657,0.004195128696062974,0.004401572429103382,0.0,0.005400183974973259,0.0,0.0029007745000700948,0.0,0.0,0.0094800882618974,0.0,0.0,0.025583659642458657,0.0,0.004401572429103382,0.0,0.005400183974973259,0.0,0.0017533314257292265,0.0,0.0,GPAB6362,GPAB6362.JPG,2024-10-04 01:18:57.435,2024-10-04 13:18:57.435,7.16911079815,171.13322103775,792445.6797643244,514709.05233993765,-5.852673824165668,31.209684614257814,-0.21025650000000007
data/train\GPAB6682_jpg.rf.eb22232a2c018cc5851106de08352de7.jpg,0.9777841567993164,0.04016050760193039,0.048436500788327,0.011463868505904291,0.010456615129349001,0.005634473606888883,0.0,0.0,0.010456615129349001,0.02216437530126382,0.02490575603535853,0.0,0.0,0.0,0.0,0.01236165869377769,0.013074129623619467,0.005634473606888883,0.0,0.0,0.0,0.02216437530126382,0.02490575603535853,0.0,0.0,0.0,0.0,0.0012482644323373463,0.013074129623619467,GPAB6682,GPAB6682.JPG,2024-10-04 01:29:38.000,2024-10-04 13:29:38.000,7.169234161,171.136014061,792459.4076584702,515017.4290206617,-1.9176450464476502,31.3359619140625,-0.14093333333333347
data/train\GPAB3026_jpg.rf.1228d6183b1611e5f8290b88f82e5802.jpg,0.9456462860107422,0.10700698836041427,0.14759286607274885,0.10700698836041427,0.028633265670999743,0.0,0.013935432081932236,0.0,0.009358142428892137,0.09122220451180378,0.10206962242881532,0.015948018428223836,0.016889977972933786,0.0,0.0,0.0,0.005339691160175372,0.0,0.0,0.0,0.0,0.0,0.10206962242881532,0.0,0.016889977972933786,0.0,0.0,0.0,0.0,GPAB3026,GPAB3026.JPG,2024-10-03 23:27:38.763,2024-10-04 11:27:38.763,7.1815961039600005,171.11938063974998,793825.4799473536,513180.56029382243,-1.6508744381882519,31.553737166992185,-0.661
data/train\GPAB5916_jpg.rf.d72c77ea11466eba34b333085f39bc94.jpg,0.8110361099243164,0.3385744436101344,0.4044703229932229,0.13625670462030676,0.10186029808554645,0.0,0.0,0.0,0.010611207878276935,0.3385744436101344,0.3914691688287247,0.0,0.0023899462862212732,0.0,0.0,0.0,0.0,0.0,0.0,0.0,0.0,0.20250785926490666,0.30022007862145517,0.0,0.0023899462862212732,0.0,0.0,0.0,0.0,GPAB5916,GPAB5916.JPG,2024-10-04 01:04:04.543,2024-10-04 13:04:04.543,7.16932066661,171.13322219640003,792468.8802615869,514709.1735353877,-1.8700283448927062,31.52239414160156,-0.30209140000000007
data/train\GPAB4410_jpg.rf.9548ace7ba62af809617e4b4a701449f.jpg,0.8823423385620117,0.5076000099861154,0.4401697255546615,0.15294311947042863,0.008452670613742816,0.0,0.052378135784284546,0.12372220931282082,0.004752046673567329,0.3686393725646841,0.029055755171175462,0.01210816499367226,0.00976334826769703,0.0033674333570823645,0.34422043965793714,0.0,0.0,0.0,0.052378135784284546,0.0,0.0,0.35444852637582747,0.026692694580419916,0.00036199668537783045,0.008425784918277088,0.0,0.34422043965793714,0.0,0.0,GPAB4410,GPAB4410.JPG,2024-10-04 00:13:49.531,2024-10-04 12:13:49.531,7.17058381995,171.13335149097998,792608.523015039,514723.4085186233,-1.653111735781542,31.342529963867186,-0.5486979333333334
data/train\GPAB2990_jpg.rf.26380753fc33e784adf7e3cfce47a36f.jpg,0.4026927947998047,0.8728037747516434,0.28755787626050705,0.7927160889762888,0.12308847506255725,0.0,0.0023361748952898183,0.0,0.00904799672762678,0.8728037747516434,0.16207465389468104,0.0,0.06261774494308875,0.0,0.04382848462618321,0.0,0.007652821173637424,0.0,0.0,0.0,0.0,0.08035750293342142,0.08419447575774452,0.0,0.03294169836938257,0.0,0.03968040589718526,0.0,0.007652821173637424,GPAB2990,GPAB2990.JPG,2024-10-03 23:26:26.691,2024-10-04 11:26:26.691,7.18163748061,171.11950655929,793830.0576611377,513194.46162700036,-1.8539056295757321,31.501947815429684,-0.6604448500000002
data/train\GPAB3281_jpg.rf.55f02dc1fe6c46a6329e2a014ae50f24.jpg,0.48938465118408203,0.7457170126919687,0.30854696258855474,0.6321508748413264,0.07908043239879936,0.0,0.0,0.7304776243799487,0.2894619596215262,0.0,0.0011992940584533427,0.0,0.0,0.015241308718838999,0.01788570890857519,0.0,0.0,0.0,0.0,0.11356613785064228,0.2115808212811802,0.0,0.0,0.0,0.0,0.0,0.01788570890857519,0.0,0.0,GPAB3281,GPAB3281.JPG,2024-10-03 23:36:09.273,2024-10-04 11:36:09.273,7.18250513721,171.11905637659,793925.9621054482,513144.7329372932,-5.81895489286899,32.387021484375005,-0.6415363500000002
data/train\GPAB3264_jpg.rf.7edd339bc280e2edab14e6c55b7b5448.jpg,0.928706169128418,0.9276179465858048,0.9991963097462566,0.9276179465858048,0.0,0.0,0.0,0.9276179465858048,0.9991963097462566,0.0,0.0,0.0,0.0,0.0,0.0,0.0,0.0,0.0,0.0,0.0,0.9991963097462566,0.0,0.0,0.0,0.0,0.0,0.0,0.0,0.0,GPAB3264,GPAB3264.JPG,2024-10-03 23:35:35.239,2024-10-04 11:35:35.239,7.182453370599999,171.11913733616,793920.2417523711,513153.6729922647,-2.0225542476674394,32.463216868164054,-0.6436507333333334
data/train\GPAB2871_jpg.rf.158bcbc9f58f2bac1f263b486899dad6.jpg,0.9137907028198242,0.35291988254791895,0.3385715629999059,0.35291988254791895,0.051238374337219596,0.0,0.0,0.35291988254791895,0.32833003343428274,0.0,0.0013279613153250385,0.0,0.004868231286115651,0.0,0.004045336964182493,0.0,0.0,0.0,0.0,0.0,0.28349333522813475,0.0,0.0013279613153250385,0.0,0.0,0.0,0.002511892119226537,0.0,0.0,GPAB2871,GPAB2871.JPG,2024-10-03 23:22:28.453,2024-10-04 11:22:28.453,7.181823345210001,171.11973100054,793850.6110198823,513219.2363689625,-11.485707618568583,31.271611328124997,-0.6604742166666667
data/train\GPAB3209_jpg.rf.f6dac21895ad4908531149409119db3c.jpg,0.9468765258789062,0.9429015042546613,0.9950616738649916,0.9429015042546613,0.0,0.0,0.0,0.9429015042546613,0.9950616738649916,0.0,0.0,0.0,0.0,0.0,0.0,0.0,0.0,0.0,0.0,0.0,0.9950616738649916,0.0,0.0,0.0,0.0,0.0,0.0,0.0,0.0,GPAB3209,GPAB3209.JPG,2024-10-03 23:33:45.129,2024-10-04 11:33:45.129,7.182918915699999,171.11915110765997,793971.7070564969,513155.180091546,-1.6695864222506875,32.43905536816406,-0.6504957000000001
data/train\GPAB2753_jpg.rf.ecc3e09a60fddd4051f8cc1817f5abe0.jpg,0.8318033218383789,0.18804911632480226,0.28158925186711553,0.08596125003120661,0.026942347466887385,0.002576225747662385,0.0022939259452722464,0.02919210405532308,0.04237761727444342,0.147085878672538,0.22643324761917566,0.008861717266185669,0.004525438668927626,0.0007163117434797388,0.0010898308697714523,0.0,0.004869191489525141,0.0,0.0022939259452722464,0.0,0.023943632219049285,0.09325879594333264,0.22359104552708445,0.008861717266185669,0.0020596363133566216,0.0007163117434797388,0.0010898308697714523,0.0,0.001668833525694083,GPAB2753,GPAB2753.JPG,2024-10-03 23:18:32.217,2024-10-04 11:18:32.217,,,,,,29.931621916992185,-0.6659261000000001
data/train\GPAB6705_jpg.rf.01585a7db7bb160584e50946bb0e8993.jpg,0.8921127319335938,0.2735331452614922,0.32418579551892274,0.24921119289910373,0.03817000593405707,0.002681848122706314,0.0022036668247801612,0.16765631631404798,0.19178910860476683,0.0859420459630168,0.08884666127672486,0.0026645644613354892,0.0009621238163092469,0.01460085304470899,0.040384234996341625,0.0,0.0,0.002681848122706314,0.0,0.0,0.1648006713742239,0.021063021990578485,0.08771266105011685,0.0006692617764147157,0.0,0.0001853192580316214,0.033502457160524884,0.0,0.0,GPAB6705,GPAB6705.JPG,2024-10-04 01:30:24.121,2024-10-04 13:30:24.121,7.16910373298,171.13538275394998,792444.9685465923,514947.7299933162,-5.325390625,31.30970258496094,-0.13478386666666678
data/train\GPAB3068_jpg.rf.f079ef9d00e8ebeea16a9fd4dca0c364.jpg,0.7519798278808594,0.7365701150131644,0.533197112476307,0.7348964804704229,0.2779721656235657,0.0,0.0,0.2887638917428268,0.22097545143963296,0.4323479085809538,0.021938727500033606,0.0014143796221791625,0.004712678333778228,0.014099626864955072,0.28557025520286217,0.0,0.0,0.0,0.0,0.0,0.19214150325604976,0.0016774753563794955,0.02033038678913741,0.0,0.004712678333778228,0.0,0.038040378473775886,0.0,0.0,GPAB3068,GPAB3068.JPG,2024-10-03 23:29:02.847,2024-10-04 11:29:02.847,7.18220460289,171.12017676875,793892.7710360206,513268.4416743356,-2.3103211573301174,31.57125768652343,-0.6618576500000001
data/train\GPAB3208_jpg.rf.88ac674c1a1d170840701939258f0f75.jpg,0.8456554412841797,0.7177299639155559,0.8361096014579729,0.7174860722495453,0.00450335399050935,0.0,0.0,0.7174860722495453,0.8361096014579729,0.002353458556660643,0.0,0.0,0.0,0.0,0.0,0.0,0.0,0.0,0.0,0.0,0.8316062474674635,0.0015219224040420724,0.0,0.0,0.0,0.0,0.0,0.0,0.0,GPAB3208,GPAB3208.JPG,2024-10-03 23:33:43.127,2024-10-04 11:33:43.127,7.18292720815,171.11913661727,793972.6233512487,513153.5800027163,-1.6661644212816213,32.43046670996094,-0.6505624333333335
data/train\GPAB6673_jpg.rf.cd25a2f71375986cca89454d261f329d.jpg,0.9293069839477539,0.12737962409956927,0.1322795420981981,0.12737962409956927,0.021613218544216408,0.05508686960245658,0.04493271854709702,0.0,0.01956030365472622,0.07229275449711267,0.052614345823019146,0.0,0.007007564482459964,0.0,0.0,0.0,0.008164609590895735,0.0,0.04493271854709702,0.0,0.007448297847415996,0.0,0.052614345823019146,0.0,0.005670961336449514,0.0,0.0,0.0,0.0,GPAB6673,GPAB6673.JPG,2024-10-04 01:29:20.000,2024-10-04 13:29:20.000,7.169270139,171.136232473,792463.3920916267,515041.5429408045,-1.6390506364409452,31.314511718750005,-0.14333333333333348
data/train\GPAB3024_jpg.rf.d47ec2fb405b0fe5f1d720bdbee28730.jpg,0.8833808898925781,0.3013329543730544,0.29358219245164896,0.28634225874409236,0.005144769868048848,0.007321550997363282,0.006228839517363359,0.28381596357372346,0.23734403896121353,0.00026501614101931355,0.002781709277293302,0.009930423660948335,0.046071519790752476,0.0,0.0011560849050262808,0.0,0.0,0.007321550997363282,0.006228839517363359,0.0,0.23734403896121353,0.00026501614101931355,0.002781709277293302,0.0074041284905794445,0.04092674992270363,0.0,0.0011560849050262808,0.0,0.0,GPAB3024,GPAB3024.JPG,2024-10-03 23:27:34.759,2024-10-04 11:27:34.759,7.181627274650001,171.11933799093,793828.9245668937,513175.85062521865,-1.7310628325454875,31.536559850585938,-0.661
data/train\GPAB6218_jpg.rf.cbf157f68419fd36fb92aad2909ab5ec.jpg,0.8804855346679688,0.14081094939151909,0.14468056913176489,0.12428584871419161,0.06707500916994256,0.0,0.0,0.10958609471830513,0.036957269027870866,0.019672647453636578,0.05960078583047033,0.008745532653637346,0.0,0.0028518041261860914,0.048122514273423685,0.0,0.0,0.0,0.0,0.0,0.018004774131351986,0.010619849708962346,0.05960078583047033,0.005950380528611181,0.0,0.0,0.0,0.0,0.0,GPAB6218,GPAB6218.JPG,2024-10-04 01:14:09.147,2024-10-04 13:14:09.147,7.1698291044,171.13692091455,792525.2070127099,515117.53606760164,-5.80390625,31.443212890625,-0.23393285000000008
data/train\GPAB3100_jpg.rf.e7ec1e1b776eaf06f12dc677181b3f99.jpg,0.7837705612182617,0.29860789709692104,0.13639593411468284,0.17921332455067282,0.04074239086808149,0.03809414986470734,0.007698910937292957,0.0,0.0,0.2605233492663086,0.005992629478628753,0.0,0.10598437172930714,0.0,0.01254121673135237,0.0,0.00417880523810164,0.0,0.007698910937292957,0.0,0.0,0.11954628468494766,0.005992629478628753,0.0,0.07851775320083806,0.0,0.0034442496298415855,0.0,0.0,GPAB3100,GPAB3100.JPG,2024-10-03 23:30:06.911,2024-10-04 11:30:06.911,7.18189891666,171.12094992168,793859.0006028657,513353.81275966554,-1.969628371338184,31.888995139648436,-0.6588848166666668
data/train\GPAB3147_jpg.rf.222d60f9bf3617419677a3560ff40a20.jpg,0.7793588638305664,0.4147464198815877,0.22970658104212796,0.4062265350291806,0.0018656752246395875,0.0,0.0,0.054658618881823925,0.13687891642965647,0.32896952890500325,0.05958254196569001,0.0028854112455182507,0.003182114099050743,0.028330801597010312,0.030063008547730752,0.0,0.0,0.0,0.0,0.0,0.13687891642965647,0.005698807235324731,0.05958254196569001,0.0028854112455182507,0.003182114099050743,0.0,0.028197333323091163,0.0,0.0,GPAB3147,GPAB3147.JPG,2024-10-03 23:31:41.000,2024-10-04 11:31:41.000,7.182217117,171.120259045,793894.156824257,513277.5252565527,-3.339718710051053,32.112458984375,-0.6573166666666668
data/train\GPAB3033_jpg.rf.b0cd7079602c43998bfd2c3b473d35e1.jpg,0.8265562057495117,0.18468456357794835,0.2934420027538634,0.11646211133366492,0.10695321696948282,0.04155472295251026,0.03421780870059513,0.011734645867380546,0.05450210572607701,0.11362663066544017,0.15869953891032276,0.019415312939893188,0.0390946818173962,0.0006327740468540856,0.006927867599472272,0.0,0.0,0.032786145417045144,0.0,0.0,0.009175703781088985,0.03250288541124552,0.1441860643758774,0.005148610681686808,0.027222726862458545,0.0,0.005904290764955648,0.0,0.0,GPAB3033,GPAB3033.JPG,2024-10-03 23:27:52.777,2024-10-04 11:27:52.777,7.18149028518,171.1195379142,793813.786458155,513197.92770403624,-3.2874767756282726,31.61385777441406,-0.661
data/train\GPAB6711_jpg.rf.4345af58599cc6228f08d77fef12edc7.jpg,0.8602323532104492,0.20024465982873813,0.2362628499221275,0.1879166082542926,0.03308284827057764,0.0,0.0,0.11486529306368261,0.09475479285531847,0.07390589622505632,0.1070329138524705,0.011518600100245236,0.003294457897961104,0.0,0.03118068531637742,0.0,0.0,0.0,0.0,0.0,0.09143921048234858,0.0071871225200346445,0.08024611933792054,0.00515533210555324,0.003294457897961104,0.0,0.028200213933319635,0.0,0.0,GPAB6711,GPAB6711.JPG,2024-10-04 01:30:36.133,2024-10-04 13:30:36.133,7.16907513498,171.13521506870998,792441.8016491574,514929.2166147285,-5.75203190290056,31.271611328124997,-0.13318226666666677
data/train\GPAB6033_jpg.rf.48634e5136cd5e5e2238da211896211a.jpg,0.8928699493408203,0.2955621318820179,0.3043710379606816,0.21187944454153168,0.11126068946445615,0.05290912826973266,0.0692316260276577,0.005738175575113832,0.011515719490016766,0.20218619112272743,0.13713241012976188,0.02727841866020898,0.05202382072618263,0.01095784130910292,0.034467461587062605,0.0,0.0,0.0324654374782754,0.0,0.004443821379120953,0.0,0.05033386272547977,0.11850926500269818,0.0,0.05202382072618263,0.0,0.022577262767344633,0.0,0.0,GPAB6033,GPAB6033.JPG,2024-10-04 01:07:58.777,2024-10-04 13:07:58.777,7.1698890748699995,171.13588483674,792531.802616167,515003.1398034479,-2.971095751825236,31.467996446289057,-0.2721019166666668
data/train\GPAB2870_jpg.rf.bf5e43594708726bc8b61ede51e9e0d6.jpg,0.8955564498901367,0.14889586209942715,0.14165304778164206,0.10762631955953549,0.07455307332305275,0.01106346368414685,0.007146793976836053,0.09409225250277019,0.07818360241433546,0.003679499465166701,0.010109981698523014,0.03801253257490067,0.037661098127027226,0.0014259020630930457,0.007538556967908082,0.0006951872684709529,0.0010130145970122311,0.004703076299683325,0.0,0.009386948531176845,0.05037227086185938,0.002627116528365369,0.010109981698523014,0.024342116633987745,0.005255193260140228,0.0,0.001362528638066688,0.00024389166601052767,0.0,GPAB2870,GPAB2870.JPG,2024-10-03 23:22:26.451,2024-10-04 11:22:26.451,,,,,,31.271611328124997,-0.6604408500000001
data/train\GPAB2751_jpg.rf.4de6e0d105f7e4cb8e7340d64f41d244.jpg,0.9466676712036133,0.13124732343299605,0.09082756091050329,0.07815191570182227,0.055793579311841424,0.052076631913704596,0.051891312655672976,0.06982791234495116,0.02887139611655333,0.004116392016484772,0.002406269744182608,0.004477428498453112,0.004239298052899527,0.0007489586594024078,0.0,0.0,0.0034192843411948387,0.052076631913704596,0.0,0.0,0.02496912946038489,0.0010187758174691726,0.002406269744182608,0.0,0.004239298052899527,0.0,0.0,0.0,0.0034192843411948387,GPAB2751,,,,,,,,,,
data/train\GPAB6743_jpg.rf.0ee30ee003eb99a660a748a583191988.jpg,0.8059778213500977,0.45723254014130355,0.4447162886985979,0.03476128383036663,0.26788714921368945,0.0,0.0,0.0,0.021649706273777037,0.4393132241133962,0.3797383637749821,0.0,0.0015411264722318776,0.013866297436448937,0.03925023476973362,0.004592652907591944,0.0025368574078732838,0.0,0.0,0.0,0.0,0.40544012843680804,0.14156374886455947,0.0,0.0,0.013866297436448937,0.035265390620349016,0.004592652907591944,0.0,GPAB6743,GPAB6743.JPG,2024-10-04 01:31:40.197,2024-10-04 13:31:40.197,7.16891060314,171.13439135116002,792423.5863400948,514838.274384631,-1.813924515571169,31.24073591699219,-0.12330050000000012
data/train\GPAB6738_jpg.rf.7f615b6ddeadc841aab14743084008fa.jpg,0.8114166259765625,0.21831472779193545,0.24642948362181044,0.20561411729460768,0.05754306992393268,0.06556845002045233,0.009708616673356084,0.008915488657117124,0.06056675046041753,0.12723175277450774,0.14129201129967373,0.0,0.003628608684463717,0.0,0.01820257603370698,0.017466100018627945,0.013030920470192405,0.0,0.009708616673356084,0.0,0.03741432585078823,0.014808256981158889,0.11610683607215352,0.0,0.003628608684463717,0.0,0.008997105946923796,0.0,0.013030920470192405,GPAB6738,GPAB6738.JPG,2024-10-04 01:31:30.187,2024-10-04 13:31:30.187,7.1689292051199995,171.13450362028,792425.6463748636,514850.6695425962,-1.7343474034941393,31.271611328124997,-0.12496883333333345
data/train\GPAB2907_jpg.rf.bf31d322ee0d726153fd605a1778f741.jpg,0.7203187942504883,0.3918599716163872,0.33910543609558247,0.3918599716163872,0.061027648096972864,0.05307236284934601,0.056071078097184104,0.0,0.061027648096972864,0.31327404397347536,0.18320296971710487,0.013310339662354074,0.027689385719470813,0.012587306495007902,0.011114354464849834,0.0,0.0,0.0,0.056071078097184104,0.0,0.0,0.0,0.18320296971710487,0.0,0.027689385719470813,0.0,0.011114354464849834,0.0,0.0,GPAB2907,GPAB2907.JPG,2024-10-03 23:23:40.525,2024-10-04 11:23:40.525,7.1817482795,171.11967145875002,793842.3109664902,513212.6646484559,-1.7512347074613492,31.40031249999999,-0.6603245833333334
data/train\GPAB2914_jpg.rf.3741dcaecd66e9fb2070d310620984d9.jpg,0.8948888778686523,0.3698137013344907,0.30055711001818625,0.28980859305235224,0.0,0.0,0.0,0.0,0.0,0.343889169481663,0.2506495776065202,0.0,0.0,0.006122256938909939,0.012236832250543955,0.019802274913917766,0.03767070016112213,0.0,0.0,0.0,0.0,0.08000510828213848,0.2506495776065202,0.0,0.0,0.0,0.012236832250543955,0.0,0.03767070016112213,GPAB2914,GPAB2914.JPG,2024-10-03 23:23:54.539,2024-10-04 11:23:54.539,7.18185321232,171.11951561188,793853.9065509804,513195.4548861475,-1.9373967854218659,31.436610520507806,-0.6600910166666668
data/train\GPAB6710_jpg.rf.9e215ac6bc82835890363fb4d212536b.jpg,0.8381471633911133,0.24653606620026386,0.34014533638806044,0.2039155174632194,0.11620285641310255,0.04790838891310735,0.0510799407746537,0.07433510714909847,0.14640509445520938,0.11816071116505321,0.08097107291208569,0.005066993391880136,0.03161085644382906,0.0012194583300526383,0.030078371802282594,0.0,0.0,0.0,0.0510799407746537,0.0,0.08964939132705872,0.039192622565164204,0.050046761906042174,0.0022545576054831457,0.03161085644382906,0.0012194583300526383,0.0015555295233742317,0.0,0.0,GPAB6710,GPAB6710.JPG,2024-10-04 01:30:34.131,2024-10-04 13:30:34.131,7.169083018089999,171.13524108163,792442.6739542901,514932.08847297763,-4.707182664825742,31.271611328124997,-0.1334492000000001
data/train\GPAB6686_jpg.rf.e32547c5fea709267189bd2183dcaa64.jpg,0.975184440612793,0.07440616220140074,0.0956794687386576,0.03878645652294982,0.06593332731605864,0.0,0.0,0.0,0.013898944352371606,0.05472775352730722,0.05938570026674451,0.0,0.002570464527205443,0.006734866714164729,0.007576004900878202,0.012943541959928792,0.012248354691457838,0.0,0.0,0.0,0.005574940995500487,0.03783681535096395,0.005573020588681506,0.0,0.0,0.0,0.006349825146959131,0.0,0.012248354691457838,GPAB6686,GPAB6686.JPG,2024-10-04 01:29:46.000,2024-10-04 13:29:46.000,7.169210696,171.135913342,792456.8103647573,515006.3092971581,-1.876750261864947,31.3445419921875,-0.1398666666666668
data/train\GPAB6654_jpg.rf.c041357eb333cbca4f87f2517eb356e9.jpg,0.9546213150024414,0.5225359740207366,0.5422326265596104,0.446925716743835,0.05143233542593663,0.3156543882256017,0.3306374022272878,0.0,0.0019732180065024974,0.19275507323471405,0.19777309625271017,0.004294029647240472,0.002412030964639549,0.0029574265012300206,0.0071487143836550335,0.006887539056273681,0.002288164724815305,0.0,0.3306374022272878,0.0,0.0,0.07887590907257794,0.14955936265538491,0.0,0.002412030964639549,0.0,0.005903330561546158,0.0,0.002288164724815305,GPAB6654,GPAB6654.JPG,2024-10-04 01:28:42.000,2024-10-04 13:28:42.000,7.16937377,171.136746127,792474.8651151975,515098.25260727387,-1.8815804031126966,31.271611328124997,-0.14900000000000013
data/train\GPAB6667_jpg.rf.c0797ceef0cde7f53784487b37dc0d16.jpg,0.9068937301635742,0.30103145050247443,0.3724196933878473,0.23185551627256717,0.01063521296351419,0.022932538028856034,0.02436228090558704,0.0,0.0,0.2750656299030387,0.3276214033180789,0.0,0.004157680763092853,0.0,0.0031773130820032915,0.0031408253524426613,0.013101015319085195,0.0,0.02436228090558704,0.0,0.0,0.07501589136642707,0.3200194729251445,0.0,0.001124398192513102,0.0,0.0031773130820032915,0.0,0.013101015319085195,GPAB6667,GPAB6667.JPG,2024-10-04 01:29:08.000,2024-10-04 13:29:08.000,7.169304405,171.136396833,792467.1855053433,515059.68897586135,-2.1451059800927315,31.271611328125005,-0.14493333333333347
data/train\GPAB3152_jpg.rf.4b094425141a923f1581397e7fa15cee.jpg,0.902165412902832,0.4535549610829558,0.41252450919202727,0.42994163883677117,0.1459605202766154,0.17663421819278197,0.147034987891835,0.0,0.00868888065247742,0.23541979132859506,0.2111669736116899,0.007836220024850064,0.006832807461932736,0.03806342335560365,0.03722516577911865,0.00068462503096656,0.001575693794973527,0.0,0.02829719447767815,0.0,0.0,0.023886980217889358,0.19801026649485426,0.0,0.006832807461932736,0.0,0.03342372048094668,0.0,0.0,GPAB3152,GPAB3152.JPG,2024-10-03 23:31:51.000,2024-10-04 11:31:51.000,7.182276598,171.120133824,793900.7286819712,513263.6981497219,-1.6625186873860356,32.129619140625,-0.65715
data/train\GPAB6653_jpg.rf.6462868b079303442dc200bdaa83cf5b.jpg,0.29340076446533203,0.2843354336182577,0.9714291475506172,0.0823422433808378,0.8919521511436983,0.0104172467895599,0.0,0.0,0.0,0.2438494170605101,0.23312010416286585,0.008064748436308748,0.0,0.0,0.7369657188178744,0.022219106895604766,0.0013433245698768828,0.0104172467895599,0.0,0.0,0.0,0.16251538725963707,0.07813367183704197,0.008064748436308748,0.0,0.0,0.0,0.021210893315639984,0.0013433245698768828,GPAB6653,GPAB6653.JPG,2024-10-04 01:28:40.000,2024-10-04 13:28:40.000,7.169379527,171.136773289,792475.5024313562,515101.2514020337,-1.7210257124804236,31.271611328124997,-0.14933333333333346
data/train\GPAB6428_jpg.rf.b16d2b18243733f492c9084c55db4346.jpg,0.9465160369873047,0.3570967673792016,0.3843531013609923,0.23758024899994815,0.10731809426508912,0.010827253645412245,0.004233536832442585,0.0031369845388047003,0.028591016720982174,0.33874439961361413,0.3462963994292551,0.001229060364147541,0.0016121815245341573,0.0020231485837959914,0.003619966853778304,0.001290513382354918,0.0,0.005573980792090996,0.0,0.0,0.007446377440597016,0.11451577902262815,0.2680369409455699,0.0,0.0,0.0006788638105096183,0.0015516887097362705,0.0,0.0,GPAB6428,GPAB6428.JPG,2024-10-04 01:21:09.567,2024-10-04 13:21:09.567,7.16915113478,171.13471969174,792450.1871680112,514874.51903676643,-1.9449270914314216,31.142910156250004,-0.19588385000000005
data/train\GPAB3225_jpg.rf.83718ce0f906ef09e77f85fef62d54c7.jpg,0.991180419921875,0.0056700011330400235,0.008673517397925577,0.0056700011330400235,0.0042690643585937245,0.0,0.0,0.0,0.0,0.0,0.0,0.0056700011330400235,0.004240258256309017,0.0,0.00443325914161656,0.0,0.0,0.0,0.0,0.0,0.0,0.0,0.0,0.0,0.00277498785342687,0.0,0.001629465185904982,0.0,0.0,GPAB3225,GPAB3225.JPG,2024-10-03 23:34:17.161,2024-10-04 11:34:17.161,7.18272886782,171.11942812206001,793950.7056749004,513185.7700873652,-1.8836679839970571,32.47282226562499,-0.6488559333333335
data/train\GPAB3192_jpg.rf.e3e951baa1d962ebeafb53b44cb70978.jpg,0.8460378646850586,0.383300718424191,0.3957363127804994,0.3582701359455987,0.007039251194973143,0.016700817901264205,0.01484762532094799,0.23456040927710126,0.20301580686852702,0.046130092198731376,0.11612796054716232,0.08601310101531909,0.04497112668347663,0.0,0.016773793360385463,0.0,0.0,0.0,0.01484762532094799,0.0,0.20004109670592618,0.0,0.11612796054716232,0.025030582478592266,0.04256101612565606,0.0,0.015119362885833735,0.0,0.0,GPAB3192,GPAB3192.JPG,2024-10-03 23:33:11.000,2024-10-04 11:33:11.000,7.182740657,171.119294081,793952.005086007,513170.9705779962,-3.0689132061818776,32.301220703125004,-0.6516333333333334
data/train\GPAB6017_jpg.rf.2a7ce631b79425a164d63b2137dcb999.jpg,0.8755226135253906,0.2813280765397342,0.24548944448391946,0.22814625050170628,0.04773747270621809,0.038250663020454254,0.0,0.009545382093742739,0.021178246399717316,0.20027826694807027,0.19275219262448556,0.017429612289067316,0.025636470829980624,0.016276407994269507,0.004167282797187756,0.0015843356256589397,0.001755251832548207,0.009832482913180328,0.0,0.0,0.012418310694937616,0.04262246914386344,0.16394801074659657,0.002136452586115843,0.018184332168926665,0.0005425149263620006,0.003201318167240548,0.0,0.0,GPAB6017,GPAB6017.JPG,2024-10-04 01:07:26.745,2024-10-04 13:07:26.745,7.16981470915,171.135546364,792523.5706129366,514965.77115095983,-2.977653953488237,31.443212890625,-0.27477125000000013
data/train\GPAB3035_jpg.rf.d5c32d9742ccdb6a97e4a8d5755c24d6.jpg,0.6110038757324219,0.4894569665637969,0.24860338414089642,0.4894569665637969,0.03968808752446118,0.0,0.0,0.4894569665637969,0.20252994394332496,0.0,0.0,0.0,0.03650501322200095,0.0,0.009568426975570504,0.0,0.0,0.0,0.0,0.0,0.16735961346051548,0.0,0.0,0.0,0.03554000879546323,0.0,0.006015674360456519,0.0,0.0,GPAB3035,GPAB3035.JPG,2024-10-03 23:27:56.781,2024-10-04 11:27:56.781,7.18146152717,171.11958317853,793810.6086320414,513202.9260793198,-6.007587007726488,31.598593815429684,-0.661
data/train\GPAB3197_jpg.rf.3dc14b4a19e5446b09d9de6a624b0993.jpg,0.8784637451171875,0.20145451612469586,0.23458345415892903,0.19094316940100592,0.04560294052692122,0.0,0.0,0.14964194014860108,0.17924693167000497,0.040243085095146555,0.036308171523055446,0.011756730545798823,0.00918914662882185,0.0,0.00983920433704676,0.0,0.0,0.0,0.0,0.0056085481148326465,0.14077638206877746,0.004922002677047106,0.03426581887106965,0.0,0.006537064811809734,0.0,0.007401247880350973,0.0,0.0,GPAB3197,GPAB3197.JPG,2024-10-03 23:33:21.105,2024-10-04 11:33:21.105,7.18281844515,171.11920238335,793960.6017472934,513160.8442113252,-2.6103847825225492,32.40553300292969,-0.6512965000000002
data/train\GPAB2989_jpg.rf.4f541ca61fc23dd272943a2aa4022b0e.jpg,0.7453784942626953,0.7168830645083855,0.47880639034573086,0.4445799398144503,0.1313711896728203,0.1109102152199922,0.04626260026924103,0.0,0.0015228826074515625,0.6061351236645971,0.4239202032558577,0.0,0.0,0.0,0.001027417648154585,0.0,0.006073286565025935,0.0,0.03536045075788855,0.0,0.0,0.27429074575158,0.3049740457018415,0.0,0.0,0.0,0.001027417648154585,0.0,0.006073286565025935,GPAB2989,GPAB2989.JPG,2024-10-03 23:26:24.689,2024-10-04 11:26:24.689,7.18162410047,171.11952957446,793828.579181038,513197.0030716784,-1.8704190997280674,31.493359157226553,-0.6604114833333334
data/train\GPAB6646_jpg.rf.49fc6a67b97d38d25bea008e6f33d9f7.jpg,0.959228515625,0.3064892466820171,0.31766025314802687,0.12005039147493005,0.18206320827003994,0.0,0.010700506795359528,0.0,0.006044480462741227,0.26093047551193244,0.2542263353068714,0.018559771702037358,0.01820257603370698,0.0,0.005042028103233389,0.027288980897713373,0.023444326446114345,0.0,0.006195232398031199,0.0,0.0,0.18712348023805364,0.08722775832832427,0.0,0.01719148184351373,0.0,0.0015382458620034067,0.0,0.023444326446114345,GPAB6646,GPAB6646.JPG,2024-10-04 01:28:26.000,2024-10-04 13:28:26.000,7.169412688,171.136933902,792479.1735880836,515118.9837550301,-1.860344012859244,31.271611328124997,-0.15166666666666678
data/train\GPAB5646_jpg.rf.dc801d7415daa5132f4b66050114462c.jpg,0.842620849609375,0.31379639462823805,0.2598579283035318,0.2798359204413863,0.03817192634087605,0.06891859971616388,0.09661086604586315,0.010427809027064293,0.03789346735212387,0.14593939580160661,0.0968038669311707,0.04516796838242213,0.015415105535956737,0.026039756261966536,0.013134622438417355,0.01769654883690561,0.0,0.0,0.09661086604586315,0.0,0.007692189513426525,0.013257528474832109,0.09525697923848188,0.011556048033215357,0.015415105535956737,0.0,0.006710861628927472,0.009168982357222554,0.0,GPAB5646,GPAB5646.JPG,2024-10-04 00:55:04.000,2024-10-04 12:55:04.000,7.171688183,171.137206679,792730.7332066474,515149.02614958794,-1.9212744834942654,32.511432617187495,-0.36460000000000015
data/train\GPAB3072_jpg.rf.0ac2243c6b202e76c28f399d6eb11d70.jpg,0.9043636322021484,0.3561682506822245,0.2786318253658855,0.3561682506822245,0.0013183592812301358,0.0,0.0,0.046118569757817494,0.10540248846315603,0.3042740574163231,0.08044968246073249,0.0,0.08706452374871093,0.00591005198541259,0.005715130693286065,0.0,0.0,0.0,0.0,0.0,0.10540248846315603,0.0,0.08044968246073249,0.0,0.08706452374871093,0.0,0.00439677141205593,0.0,0.0,GPAB3072,GPAB3072.JPG,2024-10-03 23:29:10.855,2024-10-04 11:29:10.855,7.18219436635,171.12029780295,793891.6429168184,513281.805099224,-3.5758215988123316,31.605612319335933,-0.6614572500000001
data/train\GPAB3223_jpg.rf.665c44ab9c7d66a0223d88910b91bfc1.jpg,0.8472528457641602,0.1559437551250857,0.0996537506505378,0.15340497731039343,0.06830983075454704,0.0,0.0,0.0,0.021689074613566138,0.15033712741707203,0.051949885063651884,0.0,0.02601479097331979,0.005606627708013665,0.0,0.0,0.0,0.0,0.0,0.0,0.0,0.0025387778146922645,0.029584827249804598,0.0,0.001759092646186168,0.0,0.0,0.0,0.0,GPAB3223,GPAB3223.JPG,2024-10-03 23:34:13.157,2024-10-04 11:34:13.157,7.18276496344,171.11939568099,793954.6950269346,513182.1873025557,-1.9734604813918935,32.47282226562499,-0.6491228666666669
data/train\GPAB6675_jpg.rf.ff620a925e7b59025304d2d058117d72.jpg,0.9393777847290039,0.15439590722898738,0.17853830155380115,0.14091561156315355,0.011348644096765458,0.0,0.0,0.0,0.0,0.10301734319398222,0.10589603301563404,0.04734570971514605,0.06242666446460018,0.0,0.010215604073566944,0.004086625710790574,0.0,0.0,0.0,0.0,0.0,0.0,0.10589603301563404,0.01348029566583385,0.059692005154371904,0.0,0.0016016192870297644,0.0,0.0,GPAB6675,GPAB6675.JPG,2024-10-04 01:29:24.000,2024-10-04 13:29:24.000,7.169259636,171.136174611,792462.2291144083,515035.1546809448,-1.9256653027499862,31.314511718750005,-0.14280000000000015
data/train\GPAB3206_jpg.rf.4e643a6937100e965b0d605f248af3bf.jpg,0.40586090087890625,0.4012613231987064,0.9970675387874167,0.3885943198207108,0.0,0.0,0.0,0.36165101215041395,0.9911958949383838,0.01524706993929594,0.0058716438490329795,0.0020385118383478354,0.0,0.0,0.0,0.0406041215771149,0.0,0.0,0.0,0.005473159434094518,0.9911958949383838,0.004943127152055892,0.0058716438490329795,0.0,0.0,0.0,0.0,0.0022507167918451843,0.0,GPAB3206,GPAB3206.JPG,2024-10-03 23:33:39.123,2024-10-04 11:33:39.123,7.182924741420001,171.11913155712,793972.3505148317,513153.02139415086,-1.9570219370624313,32.429921875,-0.6506959000000001
data/train\GPAB3074_jpg.rf.38770129f002645fcdacee0bd4225300.jpg,0.7961254119873047,0.2864133137963946,0.30233156591892424,0.2793519779230032,0.02008169410607943,0.0,0.0,0.18604805241942454,0.14041438538339962,0.09165717665630287,0.08256981158888699,0.002303527979367149,0.008057066809032825,0.002371702421440958,0.06871983761039939,0.0042690643585937245,0.002570464527205443,0.0,0.0,0.0,0.12889962609679234,0.007073818517714793,0.08256981158888699,0.0,0.006020475377503971,0.0,0.06475995874966153,0.0,0.0,GPAB3074,GPAB3074.JPG,2024-10-03 23:29:14.859,2024-10-04 11:29:14.859,7.1821703567699995,171.12034786485,793888.9901657362,513287.3330239746,-2.80073389696871,31.630764818359378,-0.6612570500000001
data/train\GPAB7185_jpg.rf.bbdd85b10b2ce4494aa5e4f51cb88e08.jpg,0.7325830459594727,0.062263429884986836,0.32996333943382566,0.0016957192211598106,0.08070029555060944,0.0,0.030179193160279075,0.0,0.015991227581650898,0.05676434495883608,0.26821361837291613,0.0,0.0039906053698415475,0.0,0.011588694949138025,0.005501005332969737,0.0,0.0,0.030179193160279075,0.0,0.0,0.05676434495883608,0.20523291654104006,0.0,0.0039906053698415475,0.0,0.009860328812055546,0.0038052861118099256,0.0,GPAB7185,GPAB7185.JPG,2024-10-04 01:46:25.000,2024-10-04 13:46:25.000,7.168397024,171.133619861,792366.7865233223,514753.1098086224,-2.577563361417647,31.005628906249996,-0.0026666666666666687
data/train\GPAB4076_jpg.rf.84745450bdb0a4cac8743ffeda6c073c.jpg,0.8946619033813477,0.3638076290081291,0.3596413064143508,0.29668941068475946,0.05575229056523334,0.1926801773687738,0.18034636457387132,0.12483508506442005,0.1414418030315542,0.03802213460899557,0.024532236909066817,0.008559253192196236,0.00897598147191501,0.0006174107923022413,0.004344920427943455,0.0,0.0,0.05516080526498734,0.1667239588034329,0.0,0.10803344580515936,0.01113547893985862,0.018394616715605033,0.0015872162358874103,0.00897598147191501,0.0,0.0017610130530051485,0.0,0.0,GPAB4076,GPAB4076.JPG,2024-10-04 00:02:40.863,2024-10-04 12:02:40.863,7.17613304455,171.12656933383,793221.7645618921,513974.4165268224,-4.259482329383644,31.185810546874997,-0.6005947500000001
data/train\GPAB3022_jpg.rf.4a7028ccc8d0c43d90f9f26c5b803a76.jpg,0.8518447875976562,0.2627951905331625,0.206717391012112,0.2627951905331625,0.013213359117995557,0.0,0.004043416557363512,0.21680336762539776,0.14500895869781055,0.0,0.00544051251817185,0.04601678819641153,0.0522245032387661,0.0,0.0,0.0,0.0,0.0,0.004043416557363512,0.0,0.131795599579815,0.0,0.00544051251817185,0.0,0.0522245032387661,0.0,0.0,0.0,0.0,GPAB3022,GPAB3022.JPG,2024-10-03 23:27:30.755,2024-10-04 11:27:30.755,7.18165891345,171.119292086,793832.4208417427,513170.78144321777,-3.659645768708851,31.53864480957031,-0.661
data/train\GPAB6220_jpg.rf.3bc13f3d7e06c9294ec7edc12332c5da.jpg,0.9861612319946289,0.1301392486984443,0.1409866666154558,0.08850098804930837,0.008296157457995902,0.0,0.0,0.0,0.0,0.1301392486984443,0.006933628819929214,0.0,0.12238560616681038,0.0,0.011667431628716227,0.0,0.0,0.0,0.0,0.0,0.0,0.05005924455036555,0.006933628819929214,0.0,0.12238560616681038,0.0,0.0033712741707203255,0.0,0.0,GPAB6220,GPAB6220.JPG,2024-10-04 01:14:13.151,2024-10-04 13:14:13.151,7.16981670387,171.13686720772,792523.8343950122,515111.6066558145,-4.899086617883359,31.44256509472656,-0.23346571666666677
data/train\GPAB3198_jpg.rf.6a4a94373c659a065374d5d3634da775.jpg,0.9119014739990234,0.19648450327717423,0.18131713022086599,0.1928366905245207,0.0022862443179963244,0.0,0.016098770363513808,0.12160784140512326,0.09269227593173338,0.06546282764540841,0.06506530343387944,0.009510814771001089,0.0062586058230575566,0.0,0.0012021746686818136,0.0,0.0,0.0,0.016098770363513808,0.0,0.09150930533124137,0.0,0.06506530343387944,0.0036593351935674053,0.00515533210555324,0.0,0.0012021746686818136,0.0,0.0,GPAB3198,GPAB3198.JPG,2024-10-03 23:33:23.107,2024-10-04 11:33:23.107,7.182835553159999,171.11918655065998,793962.4925426184,513159.09566828783,-2.8246587126076634,32.429921875,-0.6512297666666668
data/train\GPAB6688_jpg.rf.57296e4a40af7ca9cfdf1f0f28a97d2c.jpg,0.9036092758178711,0.12051128911148537,0.17696836897928458,0.0683338358397843,0.11451673922603764,0.024916318272862923,0.0,0.0,0.06405997046414312,0.07851199198038113,0.07328272421229713,0.010873343409067777,0.011361126741088832,0.0021134077042880765,0.025386817943513156,0.004204730730157876,0.0028777296182423283,0.005065072985061155,0.0,0.0,0.0,0.04633269511813382,0.04821277339391577,0.0,0.011361126741088832,0.0,0.0,0.0013481255869243342,0.0028777296182423283,GPAB6688,GPAB6688.JPG,2024-10-04 01:29:50.000,2024-10-04 13:29:50.000,7.169201204,171.135858382,792455.759250491,515000.241415584,-2.1580067164138055,31.3273818359375,-0.13933333333333345
data/train\GPAB3218_jpg.rf.7f693488a22da0d8f7d7290197305846.jpg,0.9299249649047852,0.06555404696930998,0.11471358092498316,0.046192505420348244,0.034931239833846404,0.0013289215187345287,0.001740848781405853,0.0,0.0165039762023187,0.040572434864601714,0.05395863059630552,0.004278666392688627,0.03240398446006802,0.0013414041630579023,0.010106140884885054,0.018032620030227202,0.0,0.0013289215187345287,0.001740848781405853,0.0,0.0,0.0,0.03553136696477782,0.0,0.03240398446006802,0.0,0.010106140884885054,0.018032620030227202,0.0,GPAB3218,GPAB3218.JPG,2024-10-03 23:34:03.147,2024-10-04 11:34:03.147,7.18282839871,171.11931166958,793961.7052300284,513172.9099677462,-1.6772925742885585,32.47282226562499,-0.6497902000000002
data/train\GPAB6737_jpg.rf.b1b33630159b660adb00a54e0dd9619a.jpg,0.8021917343139648,0.33292268634187466,0.46668190189409725,0.1936000522350655,0.1806469082410418,0.0,0.0,0.0,0.04100932741591979,0.3274226412123144,0.4112877672006038,0.0,0.0013615684346571979,0.0,0.004347801038171927,0.005500045129560246,0.008675437804744557,0.0,0.0,0.0,0.0,0.1441524572565452,0.2753296858406485,0.0,0.0013615684346571979,0.0,0.0032666119990858865,0.0,0.006077127378663896,GPAB6737,GPAB6737.JPG,2024-10-04 01:31:28.185,2024-10-04 13:31:28.185,7.1689391439,171.13452796425,792426.7458709519,514853.35706579685,-1.7868160917945692,31.271611328124997,-0.12530250000000012
data/train\GPAB3261_jpg.rf.8999c48d44cc28e7c338a83f1c9f0ff3.jpg,0.9831485748291016,0.9857937905565916,0.9961447833108966,0.9857937905565916,0.0,0.0,0.0,0.9857937905565916,0.9961447833108966,0.0,0.0,0.0,0.0,0.0,0.0,0.0,0.0,0.0,0.0,0.0,0.9961447833108966,0.0,0.0,0.0,0.0,0.0,0.0,0.0,0.0,GPAB3261,GPAB3261.JPG,2024-10-03 23:35:29.233,2024-10-04 11:35:29.233,7.182441730159999,171.11915499369,793918.9554361686,513155.6228559433,-1.8116942033028542,32.48898284277343,-0.6440511333333335
data/train\GPAB6674_jpg.rf.148aacfe1180e80f7909bfa5817c3478.jpg,0.9648990631103516,0.08808041895595163,0.08395538510878145,0.0858441052152488,0.009775830912020403,0.0,0.0,0.0,0.004212412357433799,0.062273992122491226,0.06254668989078646,0.0,0.0010552635470298028,0.010924234189770761,0.002103805670193174,0.014883152847099129,0.014037213643338205,0.0,0.0,0.0,0.0,0.0,0.06254668989078646,0.0,0.0,0.0,0.002103805670193174,0.0022363137407028304,0.009529058635781403,GPAB6674,GPAB6674.JPG,2024-10-04 01:29:22.000,2024-10-04 13:29:22.000,7.169265686,171.136202893,792462.8988539486,515038.2771279485,-1.9189663630036211,31.314511718750005,-0.1430666666666668
data/train\GPAB3272_jpg.rf.2b8771d36365460b06cf19eab013370a.jpg,0.6030721664428711,0.8995108723832057,0.5198570065082587,0.8904177460953329,0.04455055759011989,0.0,0.0020154669565200694,0.8904177460953329,0.5086293480410891,0.009093126287872823,0.009212191510649616,0.0,0.0,0.0,0.0,0.0,0.0,0.0,0.0020154669565200694,0.0,0.47329098196161873,0.009093126287872823,0.0,0.0,0.0,0.0,0.0,0.0,0.0,GPAB3272,GPAB3272.JPG,2024-10-03 23:35:51.255,2024-10-04 11:35:51.255,7.18248412795,171.1190967639,793923.6407401916,513149.1926145262,-1.7338556565539767,32.429921875,-0.6425830000000001
data/train\GPAB2866_jpg.rf.5a98983bcb97a76879d7a1bebe213158.jpg,0.5233345031738281,0.633916688911379,0.2387891450924964,0.6321364717901841,0.013448608953320671,0.3072295635107341,0.1052094875778485,0.0,0.0,0.10531607015630191,0.11784384403992142,0.0,0.007276421437117239,0.22575246340184704,0.008459392037609247,0.0,0.0,0.0,0.10106428945907901,0.0,0.0,0.0018762374621439806,0.11265874562867398,0.0,0.006283571111704304,0.0,0.00533392993971843,0.0,0.0,GPAB2866,GPAB2866.JPG,2024-10-03 23:22:18.443,2024-10-04 11:22:18.443,,,,,,31.271611328124997,-0.6603073833333335
data/train\GPAB3275_jpg.rf.1d25169dab7666cefd953b8af141cd76.jpg,0.8151178359985352,0.9128682620126247,0.7403360327851852,0.9128682620126247,0.0,0.0,0.0,0.9128682620126247,0.7390435989960114,0.0,0.0,0.0,0.0012924337891738987,0.0,0.0,0.0,0.0,0.0,0.0,0.0,0.7390435989960114,0.0,0.0,0.0,0.0012924337891738987,0.0,0.0,0.0,0.0,GPAB3275,GPAB3275.JPG,2024-10-03 23:35:57.261,2024-10-04 11:35:57.261,7.1824924914,171.11908363835,793924.564923179,513147.7432112376,-2.61394537594488,32.41164201855469,-0.6421826
data/train\GPAB3580_jpg.rf.6faa88328d805010559cf4cac7351afb.jpg,0.7310953140258789,0.8294150632870068,0.587644486608043,0.6076925735947903,0.24186371640968424,0.03347461126164967,0.029932420884040075,0.0,0.0,0.7960239897219827,0.5432225962747949,0.0,0.0,0.0,0.0,0.0,0.01448946944920812,0.0,0.029932420884040075,0.0,0.0,0.2219289334252568,0.31584834931431877,0.0,0.0,0.0,0.0,0.0,0.0,GPAB3580,GPAB3580.JPG,2024-10-03 23:46:07.871,2024-10-04 11:46:07.871,7.18182117425,171.11960703218,793850.3674514771,513205.5493382917,-1.7004513139112614,32.000917968749995,-0.6213935500000001
data/train\GPAB3145_jpg.rf.d9128aab05116feac9fb4af5f6406429.jpg,0.9220809936523438,0.22893841831453576,0.19197634826961743,0.19096141326578622,0.039670803863090354,0.0,0.0,0.12314704747053616,0.09702567391876295,0.09186362038934327,0.07711969703662024,0.009057598761721682,0.003045765214903125,0.005856280594481135,0.014785212099331122,0.0,0.0,0.0,0.0,0.013686739398874258,0.06623675159345756,0.022909493147028268,0.07032721811788609,0.0016851569836554175,0.0019348098701228867,0.00042633031381367827,0.013806764825060542,0.0,0.0,GPAB3145,GPAB3145.JPG,2024-10-03 23:31:37.000,2024-10-04 11:31:37.000,7.182193582,171.120312998,793891.5566491956,513283.4827750855,-3.6717042176352543,32.078138671875,-0.6573833333333334
data/train\GPAB7095_jpg.rf.da1a17f02f4eb3d1397d87151efeb1a6.jpg,0.903223991394043,0.47647021545044105,0.47471016260084536,0.19875442413720923,0.14082919325629942,0.001734127357539421,0.0020202679735675205,0.0,0.041358841456974244,0.40823624076524373,0.3824490179999731,0.052358931716094737,0.02778060504337239,0.0,0.0020557954997186606,0.014480827618522709,0.019045634627239433,0.0,0.0020202679735675205,0.0,0.0,0.2581929355914757,0.31563902497104984,0.012674685005271517,0.01622167639992856,0.0,0.0,0.0073570785235144215,0.0,GPAB7095,GPAB7095.JPG,2024-10-04 01:43:24.901,2024-10-04 13:43:24.901,7.16886371902,171.13599963206,792418.4557005992,515015.84803695057,-1.8013337541251049,31.220555573242194,-0.029189766666666804
data/train\GPAB5827_jpg.rf.7cc4d07d38d46d7c26b93ba7539d1662.jpg,0.9535207748413086,0.3891963673584612,0.3818517714792702,0.1759908819084235,0.19846924372459063,0.009294769003865779,0.0,0.0,0.006796319732372106,0.3646334039402907,0.36538140239628364,0.00742333255876925,0.002609832866994544,0.0,0.0,0.007878468974867636,0.00706421648361989,0.009294769003865779,0.0,0.0,0.0,0.19548589173130437,0.178847487051657,0.0016861171870649078,0.002609832866994544,0.0,0.0,0.007878468974867636,0.0019252078360279842,GPAB5827,GPAB5827.JPG,2024-10-04 01:01:06.365,2024-10-04 13:01:06.365,7.16986579645,171.13510032055,792529.2036757899,514916.52142287034,-2.214113554476133,31.557478081054683,-0.3261513333333334
data/train\GPAB6953_jpg.rf.3c4797ae04ca57b08f99af0dc3792d45.jpg,0.9298238754272461,0.39169865744359283,0.4427497921159618,0.25689858139548283,0.08221933734442305,0.0,0.0,0.0,0.0294763242645322,0.3480612532958982,0.35487005567259367,0.00144222552105438,0.0,0.0026952909704391777,0.01657407105121149,0.03977354562790582,0.04182934112762447,0.0,0.0,0.0,0.0,0.13636520760557916,0.3034818896034936,0.00048586292520207483,0.0,0.0,0.015219224040420722,0.0,0.04182934112762447,GPAB6953,GPAB6953.JPG,2024-10-04 01:38:40.617,2024-10-04 13:38:40.617,7.1692078537,171.13698826535,792456.5314295619,515124.99282467546,-1.784375,31.208264611328126,-0.0696152500000001
data/train\GPAB6671_jpg.rf.f7066ac41f976d19e9ae069cb9ee4bba.jpg,0.9890050888061523,0.12367803995598428,0.1260622250217486,0.11270099457869155,0.012887850162178355,0.0,0.0,0.0,0.0,0.08231535768537207,0.08183429577721744,0.02111487297469096,0.02101117100646601,0.0,0.002404349337363627,0.02025068990614972,0.020812408900701525,0.0,0.0,0.0,0.0,0.010977045377292726,0.07135079495240272,0.0,0.02101117100646601,0.0,0.0,0.0,0.020812408900701525,GPAB6671,GPAB6671.JPG,2024-10-04 01:29:16.000,2024-10-04 13:29:16.000,7.169283904,171.136286467,792464.9155492777,515047.5040233961,-1.7166508813415786,31.314511718750005,-0.1438666666666668
data/train\GPAB3140_jpg.rf.3734bd1b93d5f65c2538d0366e470a65.jpg,0.8465375900268555,0.5192107896136717,0.4348732435479132,0.516479010913672,0.003709265770860899,0.0,0.0,0.34040075049498486,0.2669221447871517,0.15884933064220325,0.003229164066115766,0.01917046107047317,0.009652924875605649,0.0008603422549032787,0.15506900981904007,0.0,0.0,0.0,0.0,0.0,0.2632128790162908,0.0006980678786994237,0.003229164066115766,0.002148935230439216,0.009652924875605649,0.0,0.15506900981904007,0.0,0.0,GPAB3140,GPAB3140.JPG,2024-10-03 23:31:26.991,2024-10-04 11:31:26.991,7.18213383554,171.12044317156,793884.955594556,513297.8566964489,-2.3918563590903603,32.06959720410156,-0.65755015
data/train\GPAB5892_jpg.rf.546c74522ae889052219499406c99537.jpg,0.8728837966918945,0.5385636893319481,0.5792158210795375,0.42127964387975947,0.1190479391154222,0.0,0.009075842626501998,0.0,0.06708749181426593,0.5384993557035123,0.5004004048217574,0.0,0.0011215175822846311,6.433362843584784e-05,0.0015305642347274847,0.0,0.0,0.0,0.0,0.0,0.0,0.11785824709106377,0.45751580014710314,0.0,0.0011215175822846311,0.0,0.0015305642347274847,0.0,0.0,GPAB5892,GPAB5892.JPG,2024-10-04 01:03:16.495,2024-10-04 13:03:16.495,7.16952585635,171.1333894979,792491.5688643499,514727.6388749973,-2.0427544147317285,31.48611328124999,-0.3080755833333334
data/train\GPAB3190_jpg.rf.d4e76a4459f59060c22cf6bab4fc09c1.jpg,0.8804454803466797,0.3782318046254919,0.3351225123530169,0.36830810238840994,0.027517509309172055,0.0,0.0,0.14709260009640443,0.16059306003383758,0.16684590463643817,0.10854907503605564,0.06373830232196388,0.045747931241754254,0.0009621238163092469,0.01874797157029745,0.0,0.0014844744710719518,0.0,0.0,0.0,0.1444722049919055,0.008287515627310489,0.10038830625879787,0.0018243864780315062,0.045747931241754254,0.0,0.016996560551387208,0.0,0.0,GPAB3190,GPAB3190.JPG,2024-10-03 23:33:07.000,2024-10-04 11:33:07.000,7.182715335,171.119333808,793949.2069408701,513175.35747502244,-2.4663410285945595,32.301220703125004,-0.6517666666666667
data/train\GPAB3214_jpg.rf.a9331ffc6e7ef157654776be1e3f6aa5.jpg,0.010386466979980469,0.0,0.9963886749769071,0.0,0.0,0.0,0.0,0.0,0.9963886749769071,0.0,0.0,0.0,0.0,0.0,0.0,0.0,0.0,0.0,0.0,0.0,0.9963886749769071,0.0,0.0,0.0,0.0,0.0,0.0,0.0,0.0,GPAB3214,GPAB3214.JPG,2024-10-03 23:33:55.139,2024-10-04 11:33:55.139,7.18286993287,171.11923921322,793966.2946508654,513164.90903200005,-1.6738676178272827,32.47282226562499,-0.6501620333333336
