image,taxonomy,tp_px,fp_px,fn_px,iou,dice_f1,precision,recall
GPAB2750_jpg.rf.cdad5a44fc68268026febd47efc11e6c.jpg,lcc,177674,19603,119585,0.5607299076569611,0.7185482957762428,0.9006321061248904,0.5977077228948493
GPAB2751_jpg.rf.5c54bc040bd61f476b2936c0f427baaf.jpg,lcc,80864,9967,56518,0.5487923229882795,0.70867128515904,0.8902687408483888,0.588606949964333
GPAB2752_jpg.rf.3d3a23e7d01325a3e36b5203981b2c6b.jpg,lcc,159698,48511,63430,0.5879052713343813,0.7404790222030571,0.767008150464197,0.7157237101573984
GPAB2753_jpg.rf.ecc3e09a60fddd4051f8cc1817f5abe0.jpg,lcc,142975,99090,53073,0.4844344001788994,0.6526854943815865,0.5906471402309297,0.7292856851383335
GPAB2755_jpg.rf.989ddbf0acb4906444222985aa1c08ad.jpg,lcc,238569,41062,126316,0.5876850918962327,0.7403043524132837,0.8531564812198934,0.6538196966167422
GPAB2756_jpg.rf.e3eab669406113c45048b693e012a15e.jpg,lcc,127383,14671,133307,0.4626036366805757,0.6325755318514987,0.8967223731820294,0.4886378457171353
GPAB2863_jpg.rf.96811bd1325e7bbd6bdfefe68952512f.jpg,lcc,194263,18535,271393,0.40121150537701034,0.5726637325448741,0.9128986174682093,0.4171813527582593
GPAB2864_jpg.rf.bba294c9d2767e1fca67088d5f57ed2c.jpg,lcc,106874,21632,278064,0.26286740290724847,0.4163024594697766,0.8316654475277419,0.277639515974001
GPAB2865_jpg.rf.bc51b557fce1c755711f160a6fb06174.jpg,lcc,152100,28327,68942,0.609939487265859,0.7577172832771646,0.8430002161539015,0.6881045231223025
GPAB2866_jpg.rf.419a33f7e1a92b4b4cd4c79fef598c57.jpg,lcc,178731,21912,482692,0.26155692303189504,0.41465734642127167,0.8907911065923058,0.27022193059509575
GPAB2867_jpg.rf.a760f33822f6d3414eebcb42d8a10ffe.jpg,lcc,226614,57992,34058,0.7111377501066954,0.8311870275345787,0.7962376056724032,0.8693453842376626
GPAB2868_jpg.rf.388ca1bea37ef902bb25b8564d68772c.jpg,lcc,496318,21543,147845,0.7455513394801909,0.8542302052281192,0.9584000339859537,0.7704851101351676
GPAB2869_jpg.rf.f5f4b6550e77b27a16ff75349110b44f.jpg,lcc,393254,60919,32973,0.8072610675239046,0.89335302135393,0.8658682924788572,0.9226398139958285
GPAB2870_jpg.rf.bf5e43594708726bc8b61ede51e9e0d6.jpg,lcc,76432,11222,78885,0.4589435507598821,0.6291450420008973,0.8719738973692016,0.49210324690793666
GPAB2871_jpg.rf.504bfd08c70eccfa9fd23ba467a0b88b.jpg,lcc,311377,36231,64752,0.7551096129595499,0.8604700326223477,0.895770523117995,0.8278462974139191
GPAB2907_jpg.rf.bf31d322ee0d726153fd605a1778f741.jpg,lcc,240026,37443,168242,0.5385238416821663,0.7000526440894979,0.8650551953551568,0.5879128415648545
GPAB2908_jpg.rf.88dda92c5d3e1444f5a1b36c77499932.jpg,lcc,417932,23739,81156,0.7993695811425194,0.8884996051060898,0.9462518480950753,0.8373914019170968
GPAB2909_jpg.rf.f8bd8c4e84c1945b4c81d8aa05b48c12.jpg,lcc,335104,19744,100824,0.7354061693498832,0.8475320444727711,0.9443592749571648,0.7687140995760768
GPAB2910_jpg.rf.6a59ae7e8c4bd736c88f0483d80245eb.jpg,lcc,114425,9306,55219,0.6394244202291143,0.78005965061781,0.9247884523684444,0.6745007191530499
GPAB2911_jpg.rf.a892723d63b47464304a3bf61c90205b.jpg,lcc,206672,21324,10322,0.8672110373534521,0.9288837951414639,0.906472043369182,0.9524318644755154
GPAB2912_jpg.rf.bf1be34d721f9328c589ea24f4d294f3.jpg,lcc,956123,46771,11093,0.9429341796295219,0.9706290511697316,0.9533639646861981,0.9885310003143042
GPAB2913_jpg.rf.a426d17e675cf5b48b74ca8af4351b03.jpg,lcc,204344,80183,22442,0.6656828539689675,0.7992912364833282,0.7181884320292977,0.9010432742761899
GPAB2914_jpg.rf.05ad5a37a80ee9922fa2d84461e64b23.jpg,lcc,354497,26175,30855,0.8614185703489686,0.9255506354892274,0.9312400176529926,0.919930349394839
GPAB2915_jpg.rf.a6786972f25a53ecff6281be316a127d.jpg,lcc,434228,105186,121125,0.6573843482368187,0.7932793005269615,0.8049994994568179,0.7818954790916768
GPAB2916_jpg.rf.7f634b0de0ff892d3d6e051ea3b40642.jpg,lcc,217419,85774,12674,0.6883245163312407,0.8153936161834363,0.7170976902501047,0.9449179244914013
GPAB2941_jpg.rf.18f7f408bdbb3d1b44d43910c2e6eba4.jpg,lcc,210708,11997,219523,0.4764691516593251,0.6454170087114204,0.946130531420489,0.48975550343885027
GPAB2942_jpg.rf.1e3195c08fa8efff9464de31cf8e5d3c.jpg,lcc,183205,25004,92364,0.6095191517534841,0.7573928537469666,0.8799091297686459,0.6648244178409037
GPAB2943_jpg.rf.785d4f902aaf6a01200939a608fa2ac6.jpg,lcc,269351,30066,97927,0.6778786139969397,0.8080186592069837,0.8995848599110939,0.7333709070513345
GPAB2944_jpg.rf.4c5671d6eb3325a6fb91a55ecd6b13f6.jpg,lcc,199272,27891,19242,0.8087173555731417,0.8942440377223864,0.8772203219714478,0.9119415689612564
GPAB2946_jpg.rf.4ae04bdc56ebbfb34e63f95e6dec2beb.jpg,lcc,5040,91,605,0.8786610878661087,0.9354120267260579,0.9822646657571623,0.8928255093002657
GPAB2948_jpg.rf.4acdaada60495f5c29e1e122f2d83397.jpg,lcc,17322,5126,11940,0.5037222286844248,0.6699671243473216,0.7716500356379188,0.5919622718884561
GPAB2949_jpg.rf.7fbf6a8deca8c7aae18c53062828ddff.jpg,lcc,0,0,3628,0.0,0.0,,0.0
GPAB2950_jpg.rf.502dd1ed83690517b5d11f810ee8abd0.jpg,lcc,203557,6324,24857,0.8671667987287955,0.9288584172760356,0.969868639848295,0.8911756722442582
GPAB2951_jpg.rf.42d2aa39a63a8cd50185c4c34c3d023a.jpg,lcc,131311,40841,6973,0.7330690858339148,0.8459779149325465,0.7627619777870719,0.9495747881172081
GPAB2952_jpg.rf.d5edd999c3d70eee6ea6ae39f932ee17.jpg,lcc,143093,9500,30922,0.7797346265972809,0.8762369568412286,0.9377428846670555,0.822302675056748
GPAB2953_jpg.rf.e9d7fd4bca495dd962d44280979b6764.jpg,lcc,230459,86695,56305,0.6170931748866676,0.763212886517706,0.7266469916822742,0.8036538756608221
GPAB2985_jpg.rf.1aa4eb008b359be4a92a854650b08c4f.jpg,lcc,223688,30413,130407,0.5817512249420038,0.7355786621418096,0.8803113722496173,0.6317174769482766
GPAB2986_jpg.rf.8384c7104ca8ce5717f2a1895ec3f4e6.jpg,lcc,154901,17936,79794,0.613151196804826,0.7601906107986612,0.8962259238473244,0.6600097999531307
GPAB2987_jpg.rf.8edaf56f6842917821771008f1c445b3.jpg,lcc,262799,19414,34884,0.8287653304824707,0.9063659690703161,0.9312079882925308,0.8828149407255369
GPAB2988_jpg.rf.83afaab24b357370faadb37c4a8f2e80.jpg,lcc,146087,9991,35355,0.7631233904290274,0.8656494429959706,0.9359871346378092,0.8051443436470056
GPAB2989_jpg.rf.8c0306c24da4ca0fa0a6db116a0c7028.jpg,lcc,520078,11860,226785,0.6854649193447411,0.8133837868440829,0.977704168530919,0.696349932986371
GPAB2990_jpg.rf.26380753fc33e784adf7e3cfce47a36f.jpg,lcc,474038,3833,434977,0.5192956549173575,0.6836005266474677,0.9919790068867959,0.5214853440262261
GPAB2991_jpg.rf.349d021fabfa3966b9f88f23b1096169.jpg,lcc,287104,13640,140818,0.650200877792926,0.7880263385419383,0.9546458117202671,0.6709260098803053
GPAB2992_jpg.rf.e4effd5df06ee1d3cc045935c76638eb.jpg,lcc,108448,1673,4183,0.9487681970884658,0.973710673753771,0.9848076207081301,0.9628610240519928
GPAB2994_jpg.rf.399149a84f76c2e820ddc039f29be960.jpg,lcc,49644,57416,13053,0.4133107989976106,0.5848830976042225,0.4637025966747618,0.7918082204890187
GPAB2995_jpg.rf.77053a52828cd1b35e1a6b481dda0977.jpg,lcc,435653,17077,433668,0.4914868941491294,0.6590562693874896,0.9622799461047423,0.5011416956452219
GPAB2996_jpg.rf.71234c52d0bc86b7485ea41a885640db.jpg,lcc,350544,54958,30730,0.8035724110106549,0.8910897129551486,0.8644692257991329,0.9194017950345421
GPAB3022_jpg.rf.4a7028ccc8d0c43d90f9f26c5b803a76.jpg,lcc,169193,31116,104714,0.5546893185104074,0.7135693439276617,0.8446600002995373,0.6177023588298218
GPAB3023_jpg.rf.2d06d6161234dba9738fbea660799947.jpg,lcc,183207,28578,117164,0.556946517545273,0.7154343598434851,0.8650612649621078,0.6099357128351273
GPAB3024_jpg.rf.962d5da92455184bd060dd0c24c8dab4.jpg,lcc,240751,38190,75626,0.67900001974239,0.8088147847033015,0.8630893271336949,0.7609623961286692
GPAB3025_jpg.rf.0e7dd03ddf2d70bda47a0516e862f4c9.jpg,lcc,45316,18453,78615,0.318266097314305,0.48285562067128396,0.71062742084712,0.3656550822635176
GPAB3026_jpg.rf.0132f1051a4116579dca9e90f5fe8dac.jpg,lcc,60499,14986,68084,0.4213931976958814,0.5929298077111551,0.8014704908259919,0.47050543228887176
GPAB3027_jpg.rf.747b37a57bb87ebb8bad757bc73c82cb.jpg,lcc,144873,9924,44355,0.7274493853940709,0.8422236756049706,0.9358902304308223,0.7656002282960238
GPAB3028_jpg.rf.bab6e79b28a15e973dd2a4273d4b3f69.jpg,lcc,161626,7155,158858,0.4933051315624819,0.6606889926726824,0.9576077876064248,0.504318468316671
GPAB3029_jpg.rf.9be364b3f26fd5581081ef77d347a1a7.jpg,lcc,333704,25103,54346,0.8077007791302495,0.8936222061251351,0.930037596813886,0.8599510372374694
GPAB3030_jpg.rf.adc799d4514f57aa03abab83f2ad6e6e.jpg,lcc,420381,28116,88590,0.7827055951829033,0.878109764503879,0.9373106174623241,0.8259429319155708
GPAB3031_jpg.rf.ab0edf94425b881b01d5ae81bd81b21d.jpg,lcc,172030,100918,14215,0.5990674286032671,0.7492710036956138,0.6302665709219338,0.9236758033772718
GPAB3032_jpg.rf.1d597c1e44f74b2246f4f867092f84fd.jpg,lcc,339611,24612,171430,0.6340130644279038,0.7760195780930097,0.9324260137333447,0.6645474629237185
GPAB3033_jpg.rf.50b9b3afcefbc3350536ce8c5bc36581.jpg,lcc,163085,80259,35110,0.5856802200722561,0.7387116426861501,0.6701829508843448,0.8228512323721587
GPAB3035_jpg.rf.d5c32d9742ccdb6a97e4a8d5755c24d6.jpg,lcc,177921,48566,332107,0.31851577353140204,0.48314290951304456,0.7855682666113287,0.3488455535774507
GPAB3036_jpg.rf.73115f2d96e2a173cce8abbe17c95bd0.jpg,lcc,248109,14806,166775,0.577413949591566,0.732101994839178,0.943685221459407,0.5980201694931595
GPAB3065_jpg.rf.623b37a3e1def7e946fbe7642cf75b09.jpg,lcc,291424,44578,18289,0.8225554699385533,0.9026397094693479,0.8673281706656508,0.9409485555982474
GPAB3066_jpg.rf.c7ab7f595d1fabcf9345d55074498965.jpg,lcc,511810,68951,71730,0.7843939609895002,0.8791712795917894,0.8812747412446772,0.8770778352812146
GPAB3067_jpg.rf.787b1d28ce4fe02d8dcdc53034e25912.jpg,lcc,305183,11989,347328,0.4592671181339353,0.6294490054997355,0.9622003203309245,0.46770552527083836
GPAB3068_jpg.rf.7d5b5b389e42fbf25daa11b1aab52fd6.jpg,lcc,514264,7349,253122,0.6637934261392605,0.7979276942806007,0.9859110106534922,0.6701503545803547
GPAB3069_jpg.rf.b4e787e9b2ba7d152d6ea99e92e0ca40.jpg,lcc,404790,30869,114168,0.7362133907574564,0.8480678638658227,0.9291441241888725,0.7800053183494619
GPAB3070_jpg.rf.9cd39d8ce8d5b63ee10a306d3f11ec2a.jpg,lcc,184128,14577,106848,0.6026057672482351,0.7520324456125519,0.9266399939608968,0.6327944572748267
GPAB3072_jpg.rf.0ac2243c6b202e76c28f399d6eb11d70.jpg,lcc,291330,8580,79782,0.7672797952024273,0.8683172831889268,0.9713914174252276,0.785019077798616
GPAB3074_jpg.rf.38770129f002645fcdacee0bd4225300.jpg,lcc,209159,101652,89428,0.5225852553099523,0.686444655217116,0.6729459382068202,0.7004960028400433
GPAB3075_jpg.rf.3f2d5382731b43b7f93907122f078970.jpg,lcc,491592,31531,137865,0.7437230327933336,0.8530288569990804,0.9397254565369904,0.7809778904674982
GPAB3076_jpg.rf.6688d0a1b6f765cccf799dc184aea270.jpg,lcc,332880,25439,267398,0.5319976922474537,0.6945150047413042,0.9290046020445469,0.5545430617147389
GPAB3077_jpg.rf.e6dd2d28fb69105d93898db9cb337457.jpg,lcc,413837,20700,196487,0.6558181622252085,0.7921379015964803,0.9523630899094899,0.678061160957131
GPAB3078_jpg.rf.cd093ba40852e610c6dba2034d50c1dc.jpg,lcc,408869,24126,191050,0.6551915326619074,0.7916806239435229,0.9442811117911293,0.6815403412794061
GPAB3079_jpg.rf.a4a8223fb26f718eff035a84cb461caa.jpg,lcc,263044,14232,163975,0.5961323600399773,0.746971084559737,0.9486720812475656,0.616000693177587
GPAB3080_jpg.rf.78f928f2c19bd787656114709b49bc5b.jpg,lcc,251383,682725,59819,0.2529189769469991,0.40372758590230545,0.2691155626544254,0.8077807983239182
GPAB3090_jpg.rf.125d5f6ed38bdc5cbae2b664e2362386.jpg,lcc,548592,30354,77369,0.8358669236570854,0.910596419474698,0.9475702397114757,0.8763996479013868
GPAB3091_jpg.rf.2419e7ae9b651b8df0f426db91599eee.jpg,lcc,550408,26898,151573,0.755143171911936,0.8604918208345742,0.9534077248460955,0.7840782015467656
GPAB3092_jpg.rf.3bad61d847234ef79c48d0ea084de422.jpg,lcc,714172,16614,152796,0.8082690684056488,0.8939699102615296,0.9772655743268207,0.8237582009947311
GPAB3093_jpg.rf.285d85f2bda7ab2fe223676c69049377.jpg,lcc,366774,9678,430929,0.4542762338970077,0.6247454552422806,0.9742915431449428,0.4597876653340905
GPAB3095_jpg.rf.c30fe8fea9a0ca71fd70d7ad21b1c91c.jpg,lcc,276830,6404,691146,0.284108869229664,0.4424996603288017,0.9773897201607151,0.2859884955825351
GPAB3096_jpg.rf.a6470fed9e9e1c7e6665b90f39689d33.jpg,lcc,143247,122735,251123,0.277017240212336,0.4338504312851328,0.5385590002330984,0.3632299617110835
GPAB3097_jpg.rf.1d99e8ef816fb9dcb878d24c738e0e5f.jpg,lcc,619771,408451,196,0.6026450334397103,0.7520630218985808,0.6027599098249211,0.9996838541406237
GPAB3098_jpg.rf.64f8658b6d719daf7a6ca2fc4cd9cecf.jpg,lcc,0,58961,0,0.0,0.0,0.0,
GPAB3099_jpg.rf.fd9c504343c7c4aa14009c61fb4860e5.jpg,lcc,155431,21737,695395,0.17813155038661965,0.3023967065955638,0.8773085433035311,0.1826824756178114
GPAB3100_jpg.rf.e7ec1e1b776eaf06f12dc677181b3f99.jpg,lcc,73688,48294,237439,0.20501862718093822,0.340274619091268,0.604089127904117,0.23684218984530434
GPAB3101_jpg.rf.b62e7eeebc3c25bf04dbff6c796cb5d3.jpg,lcc,324922,53886,78449,0.7105894496967788,0.830812384377489,0.8577485163988089,0.8055165096152177
GPAB3102_jpg.rf.474b567b589316cba823bc1f8cfcd7ea.jpg,lcc,422637,52391,102925,0.7312653451059169,0.8447755824063803,0.889709659220088,0.804162020846256
GPAB3103_jpg.rf.57b80bcdb3fdddfed29907c8e94f6a12.jpg,lcc,112432,39404,203103,0.3167642890750242,0.4811252730700022,0.740483152875471,0.3563218026526376
GPAB3104_jpg.rf.e80e02c3e101d1c16303a7ca427c6a49.jpg,lcc,388224,48252,93760,0.7321720894092442,0.8453803105197831,0.8894509663761582,0.8054707210197849
GPAB3114_jpg.rf.a0eef7d84c3db00e2182b17cfb131176.jpg,lcc,269716,21155,95900,0.6973532141758302,0.8216948698146346,0.927270164437156,0.7377029451665135
GPAB3115_jpg.rf.66786619ec5b1d81981d8d1dcbacae6b.jpg,lcc,581845,15940,99838,0.834039302029893,0.9095108279378616,0.9733348946527598,0.8535418955731623
GPAB3116_jpg.rf.ed8a4389d5c8493ac5b2c1d64f48a03b.jpg,lcc,389968,18506,62738,0.827585036034736,0.9056596762581575,0.9546947908557215,0.8614155765552036
GPAB3117_jpg.rf.48324a5515ea6a6df152c7f05a2f131c.jpg,lcc,207064,18068,53035,0.7443873644249678,0.8534656689288195,0.9197448607927794,0.7960968708068851
GPAB3118_jpg.rf.57920e1593dd8f883f267a8dc21b88b2.jpg,lcc,383183,24140,256929,0.5768639010496016,0.73165972112828,0.9407349940955949,0.5986186792311345
GPAB3119_jpg.rf.1eb13bc3f53bc0650f9acc7db755b399.jpg,lcc,347593,24702,145415,0.671404840547797,0.8034018141622068,0.9336493909399803,0.7050453542336027
GPAB3120_jpg.rf.5603d780549b726b1d30303f98c1122b.jpg,lcc,265876,21492,295311,0.4562992659766355,0.6266559032708545,0.92521087942986,0.47377433903493843
GPAB3121_jpg.rf.1b45c081583cecc29304e3ac5124201e.jpg,lcc,62103,21341,68151,0.40966390712094725,0.5812220984754186,0.7442476391352284,0.47678382237781564
GPAB3122_jpg.rf.dfef5ccb273d37124bbe24778f8a3383.jpg,lcc,136371,2775,631740,0.17690164304449685,0.3006226460639047,0.980056918632228,0.17754074606404543
GPAB3123_jpg.rf.0e78506e475476935d0cdd5fd34e42bc.jpg,lcc,195351,26238,125152,0.5633916958190696,0.7207300605801229,0.8815915952506668,0.6095137955026942
GPAB3124_jpg.rf.261f7fde12c4e7185009978cb8d41d5e.jpg,lcc,386829,27735,102699,0.7478381403657327,0.8557292841878924,0.933098387703708,0.7902081188410061
GPAB3125_jpg.rf.cdb4c107b0c18a67d6336053f841f63c.jpg,lcc,437054,24693,69333,0.8229532273857046,0.9028791468949546,0.9465226628435052,0.8630829780385357
GPAB3126_jpg.rf.7f2a9644a452c8bf6f9b43429e1cf1ca.jpg,lcc,498971,12277,124621,0.7847072274320654,0.8793680166367065,0.975986214126999,0.8001561918690426
GPAB3127_jpg.rf.a33eb97ca070a71c354688a5df3fe396.jpg,lcc,378590,6122,68624,0.8351200875288969,0.910153066498703,0.984086797396494,0.8465522099039833
GPAB3128_jpg.rf.9c417291ab540802a566e82e730a3fa4.jpg,lcc,217958,11831,65975,0.7369321486049688,0.8485445435468989,0.9485136364229794,0.7676388443752575
GPAB3140_jpg.rf.3474ae4fcf56e867239b0fa23c90c845.jpg,lcc,421385,23328,119651,0.7466546413307723,0.8549539487232551,0.9475436967212562,0.778848357595428
GPAB3141_jpg.rf.496a8f719ffca8981eff66e05d24afae.jpg,lcc,408994,27749,130040,0.7216059761848891,0.8382939954518297,0.93646377846926,0.7587536222204907
GPAB3142_jpg.rf.47763a8ac2730698e4e7bffda081cd94.jpg,lcc,174677,11246,343013,0.33024222212139087,0.49651441914802597,0.9395125939232908,0.3374162143367652
GPAB3143_jpg.rf.9fc36c71d76476227a44163b79392c05.jpg,lcc,516641,25041,150743,0.7461327941654331,0.8546117416253538,0.953771770152968,0.7741285376934418
GPAB3144_jpg.rf.a2b5b1860a1a0c32d5417f89d91114ef.jpg,lcc,406714,17206,299923,0.5618815129800246,0.719493134799926,0.9594121532364597,0.5755628420249718
GPAB3145_jpg.rf.60b0ade51bedfe79a34ae3c4cb01ef63.jpg,lcc,161088,70043,78211,0.5207440308784452,0.6848542822524074,0.6969554062414821,0.6731662062942176
GPAB3147_jpg.rf.08712d02692fd16b9c2191bf24d63a26.jpg,lcc,240033,16606,191941,0.5350951892638994,0.6971491970090602,0.9352943239336188,0.5556653872686782
GPAB3148_jpg.rf.215b32be1c7c28f0b92ea81efb374979.jpg,lcc,154159,12053,99734,0.5796627886864251,0.733906999440616,0.9274841768344042,0.6071809778134883
GPAB3149_jpg.rf.b85de5970d00d2f79e110927d0172e6e.jpg,lcc,261272,16196,84433,0.7219432938842391,0.8385215662424399,0.941629305000937,0.7557657540388482
GPAB3150_jpg.rf.6c8b56def24a487f2d90b80b7048e1f4.jpg,lcc,452305,73445,113255,0.7078270123081979,0.8289212047905729,0.860304327151688,0.7997471532640215
GPAB3151_jpg.rf.2c56a82516e6b16eb781cce5002c00e2.jpg,lcc,540479,32589,41408,0.8795770705446592,0.9359308371321826,0.9431324031354045,0.9288384170809797
GPAB3152_jpg.rf.20844ffc2344e194ff3830fb974c5f8f.jpg,lcc,331052,20310,146810,0.6645335346025067,0.7984621766856724,0.9421963672793302,0.6927774127258497
GPAB3153_jpg.rf.861109ea12d8895926392ecc8c013b29.jpg,lcc,442836,22368,174840,0.6918836829967939,0.8178856382978723,0.9519178682900405,0.7169389777164727
GPAB3154_jpg.rf.87d38b2413cadb6976ac03e5f0992a06.jpg,lcc,411599,611540,4363,0.400582188647808,0.5720223945365892,0.4022904023793443,0.9895110611065434
GPAB3155_jpg.rf.d0fa59781b378d4a698078e736ac7453.jpg,lcc,717532,15336,2532,0.9757030187652977,0.9877021085639245,0.9790739942254266,0.9964836458981424
GPAB3159_jpg.rf.ed9a35831ae623a1f7ac0a397fdfcda7.jpg,lcc,339937,5132,20142,0.930796169885354,0.9641578789133629,0.9851276121587277,0.9440622752229372
GPAB3160_jpg.rf.f7c2f442d5222845a4cf61cc49b880d6.jpg,lcc,345991,9760,118113,0.7301483125960191,0.844029736965683,0.97256508063224,0.7455031630841363
GPAB3161_jpg.rf.cb2162d68a96947fa46eb221ba5066b1.jpg,lcc,805696,56428,7430,0.9265623526543493,0.9618815102223549,0.9345476984749294,0.9908624247656574
GPAB3162_jpg.rf.8427e11d3cb16eaac10a9b2e994311b9.jpg,lcc,1039541,563,589,0.9988930453073096,0.9994462161468374,0.9994587079753563,0.999433724630575
GPAB3163_jpg.rf.0e42e962764a40f2e739c5cd3e6b899f.jpg,lcc,1002857,37398,254,0.9638138641760907,0.9815735409123965,0.9640491994751287,0.9997467877433305
GPAB3188_jpg.rf.652a96859d459386ddd0760e01ffd599.jpg,lcc,289270,24474,111210,0.6807089708533159,0.8100259862452116,0.9219937273700851,0.7223082301238514
GPAB3190_jpg.rf.26f6a121f4430f3d59f86dedf34efe38.jpg,lcc,298350,28936,105640,0.6891477989309951,0.8159709876982152,0.9115880300410039,0.7385083789202703
GPAB3191_jpg.rf.e826bca6abc790f4761354a9d8dccd08.jpg,lcc,168785,30421,101370,0.56153851272224,0.719211864641502,0.8472887362830437,0.6247709648164942
GPAB3192_jpg.rf.1439ae1e342b14aff4b7668dcbeaf30e.jpg,lcc,393357,39967,122190,0.708095565548303,0.8291053262245343,0.9077664749702301,0.7629896013360566
GPAB3193_jpg.rf.26438fdc8ba83c1997cdc08912b8e571.jpg,lcc,459292,20654,90699,0.8048646706796695,0.8918836783220722,0.9569659920074342,0.835090028745925
GPAB3196_jpg.rf.b987e9397cd4dc6740305db480e7d1a3.jpg,lcc,48819,13990,48068,0.44029870938066507,0.6113991584009618,0.7772612205257209,0.5038756489518718
GPAB3197_jpg.rf.61ef5ee307e4fe0e326bb6dfa6132654.jpg,lcc,190654,36593,57558,0.6694194273274696,0.8019787195110409,0.8389725716951159,0.7681095192819042
GPAB3198_jpg.rf.6a4a94373c659a065374d5d3634da775.jpg,lcc,149510,26865,55360,0.6451766025848491,0.7843250403283978,0.8476824946846209,0.7297798603992776
GPAB3199_jpg.rf.12b7ef0103aaee8e8ecbbd351b47aecd.jpg,lcc,148897,20089,194386,0.4097646488997501,0.5813234843412348,0.881120329494751,0.4337441702618539
GPAB3200_jpg.rf.195175530cb552d58d2e1d0d144f0c0f.jpg,lcc,219795,25132,204721,0.48881569583318507,0.6566503794945947,0.897389834522123,0.5177543367034458
GPAB3201_jpg.rf.64c5d806908d0ba5fcd43bc8fbac2fe3.jpg,lcc,271958,60734,111245,0.612604941692177,0.7597706367553901,0.8174467675808255,0.7096969491366195
GPAB3202_jpg.rf.26fcceb9e7688f7eb1ddf902d85cb3e8.jpg,lcc,77467,36850,85706,0.3872904615969164,0.5583408411113914,0.6776507431090739,0.4747537889234126
GPAB3203_jpg.rf.f3c3a83f132b77b020cd73afb748d82e.jpg,lcc,67215,132854,112355,0.21514032212634113,0.35409955246958297,0.33595909411253116,0.37431085370607564
GPAB3204_jpg.rf.4d64e7738074531250627689a92bb0d3.jpg,lcc,39331,53251,63085,0.25266112920529077,0.4033990092206074,0.4248233997969368,0.38403179190751446
GPAB3205_jpg.rf.8246c4bca81e9d44ca242b4c3e16fa1b.jpg,lcc,533741,502677,1721,0.5141325005611002,0.6791116370206377,0.5149862314240008,0.99678595306483
GPAB3206_jpg.rf.4e643a6937100e965b0d605f248af3bf.jpg,lcc,417232,621527,927,0.40130577886015584,0.5727597572409703,0.40166390856781986,0.9977831399061122
GPAB3207_jpg.rf.59b13473fdee7f43b0c8751b7481a7a2.jpg,lcc,955294,82726,266,0.9200682663543571,0.958370368884118,0.9203040403845784,0.9997216292017247
GPAB3208_jpg.rf.88ac674c1a1d170840701939258f0f75.jpg,lcc,30156,7384,717431,0.03994325609857862,0.07681814534463852,0.8033031433137986,0.040337780084458395
GPAB3209_jpg.rf.f6dac21895ad4908531149409119db3c.jpg,lcc,981573,57764,450,0.944013533541004,0.9712005778287885,0.9444222614993981,0.9995417622601507
GPAB3210_jpg.rf.d299f498373d90b3cc0570fb8429706d.jpg,lcc,594301,444633,295,0.5718672207954166,0.7276278978653591,0.5720295995703288,0.9995038648090468
GPAB3211_jpg.rf.2bbee665257083af1512a10f8e4cb798.jpg,lcc,26514,1013761,2,0.025487442287006248,0.0497079559163885,0.02548749128836125,0.9999245738422085
GPAB3212_jpg.rf.18fffd5daee83a4157cdafc4403a2b74.jpg,lcc,0,1037668,0,0.0,0.0,0.0,
GPAB3213_jpg.rf.aad7bced0969440a4a59c024517dbe40.jpg,lcc,1498,5424,1497,0.17793087064972088,0.30210749218513666,0.21641144177983243,0.5001669449081803
GPAB3214_jpg.rf.a9331ffc6e7ef157654776be1e3f6aa5.jpg,lcc,0,5690,0,0.0,0.0,0.0,
GPAB3215_jpg.rf.006beb5ee5b8d23dc7a38e00e61556ec.jpg,lcc,9791,13701,6829,0.3229115134725108,0.4881830873554049,0.4167801804869743,0.5891095066185319
GPAB3216_jpg.rf.6eae2e3fa8c98eff50cf0d32d1c876b1.jpg,lcc,3481,9742,2423,0.22248498018662918,0.36398807967794217,0.2632534220676095,0.5896002710027101
GPAB3217_jpg.rf.2f1ef4bd35e7cb3d66255acbcc57cad6.jpg,lcc,0,0,0,1.0,1.0,,
GPAB3218_jpg.rf.d9d14010d4157d4108be2e17946d432c.jpg,lcc,46389,15009,21947,0.5565900773891655,0.7151402099680886,0.7555457832502688,0.6788369234371342
GPAB3219_jpg.rf.ff338c196dc32a1235219d6a9764c2bc.jpg,lcc,125627,54206,16186,0.6408919543513639,0.7811507060557259,0.6985759009747933,0.885863778356004
GPAB3220_jpg.rf.c40e169919da8e837e5cb08ee3bd4133.jpg,lcc,85955,7503,15056,0.7921097738540649,0.8839969352441778,0.9197179481692311,0.8509469265723535
GPAB3221_jpg.rf.8d374c772359fb68a5172ca00d2a6e6e.jpg,lcc,217463,44949,21776,0.7652082424310668,0.8669892016561315,0.8287082907793851,0.9089780512374654
GPAB3222_jpg.rf.ef789681cc6f68d058b4fab3aa2fddd8.jpg,lcc,443080,512,319576,0.5805798985282402,0.7346416325664374,0.998845786217966,0.5809696639113834
GPAB3223_jpg.rf.665c44ab9c7d66a0223d88910b91bfc1.jpg,lcc,157151,39478,5325,0.7781524505580478,0.8752370476601551,0.7992259534453209,0.9672259287525542
GPAB3224_jpg.rf.3496e1b9cc1114642afead4714dc1e93.jpg,lcc,283584,9368,161403,0.6241463173069516,0.7685838531369124,0.968022065048199,0.6372860330751235
GPAB3225_jpg.rf.83718ce0f906ef09e77f85fef62d54c7.jpg,lcc,1638,3,4272,0.2770167427701674,0.433849821215733,0.9981718464351006,0.27715736040609135
GPAB3226_jpg.rf.c75bfba17fbb447344c44f31fb1f214a.jpg,lcc,0,9298,0,0.0,0.0,0.0,
GPAB3227_jpg.rf.2b959500f6e4dec0055fc1e6488e6c59.jpg,lcc,239294,33762,100958,0.6397995796948778,0.7803387531224116,0.8763550333997422,0.7032846243372559
GPAB3228_jpg.rf.92aef0621bb3c3054cd3952cab4294ff.jpg,lcc,177406,22846,289882,0.36195407786442074,0.5315217065644007,0.8859137486766674,0.3796502371128726
GPAB3256_jpg.rf.7d206d4c2dfb923b428f093deabfd85f.jpg,lcc,939815,100374,151,0.903372935770998,0.949233772103699,0.9035040747402635,0.9998393558915961
GPAB3257_jpg.rf.3ee28745ceb92561a0b0b7379c7e81aa.jpg,lcc,385612,5015,583905,0.39568941810017527,0.5670164335540943,0.9871616657322715,0.39773619235144925
GPAB3258_jpg.rf.c7ef61abe1c7481746e6bde8d974d808.jpg,lcc,539824,11032,354116,0.5965090632638358,0.747266742155986,0.9799729874958247,0.6038705058505045
GPAB3259_jpg.rf.839025428ad843c1b67707a3f6164648.jpg,lcc,933902,106213,614,0.8973536818902904,0.9459002720001863,0.8978834071232508,0.9993429754011702
GPAB3260_jpg.rf.2a852c74755eedf1b0bbf6519188576e.jpg,lcc,967841,72193,962,0.9297259547587119,0.963583406717419,0.9305859231525123,0.9990070220674379
GPAB3261_jpg.rf.8999c48d44cc28e7c338a83f1c9f0ff3.jpg,lcc,1024202,14492,2479,0.9837001151585759,0.9917830902378503,0.9860478639522323,0.9975854233203887
GPAB3262_jpg.rf.77bd56029fdd05e1a937a6123d894b5b.jpg,lcc,993847,43995,1375,0.9563421306618348,0.9776839292811245,0.9576091543799538,0.9986183987090318
GPAB3263_jpg.rf.d701924d1f6c7c918723e49532d90267.jpg,lcc,972385,61180,831,0.940051005611004,0.9690992689286972,0.9408068191163594,0.9991461299444316
GPAB3264_jpg.rf.7edd339bc280e2edab14e6c55b7b5448.jpg,lcc,966156,74481,102,0.9283364993528637,0.9628366207499645,0.9284274920072993,0.9998944381314308
GPAB3265_jpg.rf.8995466d2b3f0f2c217c0f02097fd53f.jpg,lcc,799437,241252,192,0.7680388055887273,0.8688031090278963,0.7681805034933588,0.9997598886483606
GPAB3266_jpg.rf.8a9ceca39439e1caada154d49866ef8d.jpg,lcc,1038173,1193,1640,0.9972785939754429,0.9986374429522422,0.9988521848896347,0.9984227933291852
GPAB3267_jpg.rf.e3a20dea0057ae4369291cfe9aaf4c33.jpg,lcc,1016263,22327,385,0.9781399937438341,0.9889492117214649,0.9785025852357523,0.9996213045223126
GPAB3268_jpg.rf.29fefe45e6a87e115961b6cbdb159bec.jpg,lcc,1034091,5680,882,0.9936943438398774,0.9968372001557783,0.994537258684845,0.9991478038557527
GPAB3269_jpg.rf.c2d884cd6974e828bacc14f4aaf2636f.jpg,lcc,1039547,1084,759,0.9982302499543879,0.9991143412799138,0.9989583243243763,0.9992704069764089
GPAB3270_jpg.rf.e0b91e356fe900e9f8f67900f88a75b3.jpg,lcc,955912,84810,41,0.9184723131010615,0.9575038501508758,0.9185084969857464,0.9999571108621449
GPAB3271_jpg.rf.21bf1e78667a608bb741f6939825a79c.jpg,lcc,924967,114479,391,0.8895307629945848,0.9415361532244437,0.8898653705916421,0.9995774608313756
GPAB3272_jpg.rf.2b8771d36365460b06cf19eab013370a.jpg,lcc,936449,103757,360,0.8999419546669793,0.9473362619909308,0.9002534113435223,0.9996157167576315
GPAB3273_jpg.rf.7792a8041112c3f484a16677ed8557f4.jpg,lcc,777715,35207,75493,0.8753960705301014,0.9335586058710905,0.9566908018235452,0.9115186449259735
GPAB3274_jpg.rf.6f8cbaf27e8d238f2d942b271ee4af69.jpg,lcc,813797,40493,143925,0.8152522252220213,0.8982247358185266,0.9526004050146906,0.8497215267060796
GPAB3275_jpg.rf.1d25169dab7666cefd953b8af141cd76.jpg,lcc,757726,8339,192978,0.790085533182558,0.8827349515281322,0.989114500727745,0.7970156852185328
GPAB3276_jpg.rf.a8a21ae6b31115095960af1c82759954.jpg,lcc,601800,4688,294103,0.6682278637028352,0.801123009922184,0.9922702510189814,0.6717245058895885
GPAB3277_jpg.rf.723ca0b955fa1ca90899447e24f64111.jpg,lcc,914049,119312,819,0.883839370322381,0.9383383575544764,0.8845398655455354,0.9991047888875773
GPAB3278_jpg.rf.67e2d52633a3ffb9fbefaa6b690632d9.jpg,lcc,152622,8276,616359,0.19635976260104443,0.32826206420405235,0.9485636863105819,0.1984730441974509
GPAB3279_jpg.rf.e80fecf07458b621fb3eb07d30d469f8.jpg,lcc,736666,297144,2768,0.7106710734744515,0.8308681715545069,0.7125738772114799,0.9962565962614649
GPAB3280_jpg.rf.9dcf0019e869d86acfed8f793c0121c8.jpg,lcc,301706,24490,376157,0.42956462063947903,0.6009726520055096,0.9249224392696416,0.44508403615479825
GPAB3281_jpg.rf.55f02dc1fe6c46a6329e2a014ae50f24.jpg,lcc,241184,43997,535759,0.29379004555753163,0.4541541288964377,0.845722541123006,0.3104268910331903
GPAB3288_jpg.rf.7a58e4d38c7055a146449a1c5f7d18bb.jpg,lcc,679245,351537,985,0.6583317745188594,0.7939687155905394,0.6589608666041898,0.9985519603663466
GPAB3405_jpg.rf.0a744a0303d7a1212bd37f5aef217427.jpg,lcc,296853,11318,57474,0.8118612315223782,0.8961627053968465,0.9632736370391763,0.8377939022428434
GPAB3412_jpg.rf.aabe456f2f3adad085609422103a52ae.jpg,lcc,949775,50624,16062,0.9343939413317383,0.9660844374734264,0.949396190919823,0.9833698646873127
GPAB3413_jpg.rf.d71936d8b4efe613f0112d09b364d35d.jpg,lcc,986041,50934,158,0.950737272847359,0.9747466110181329,0.9508821331276067,0.9998397889269812
GPAB3414_jpg.rf.79f5f83a7d2e3362e7ffb0a7840a4535.jpg,lcc,888570,149441,98,0.8559505793707597,0.922385098918917,0.8560313908041437,0.9998897225960651
GPAB3415_jpg.rf.90f875249c32b02ae81d4b3bce2a27ef.jpg,lcc,603937,434456,403,0.5813817149854255,0.7352832140098239,0.5816073490480002,0.9993331568322468
GPAB3481_jpg.rf.e4fc253b7043c340198c9e586f1f566a.jpg,lcc,853899,172221,1263,0.8311398962217595,0.9077841599505019,0.8321629049234007,0.9985230868537189
GPAB3580_jpg.rf.ffad78ff6b840b81c294748dc1370522.jpg,lcc,735984,31386,128193,0.821811530847076,0.9021916009774772,0.9590992611126314,0.851658861552668
GPAB3586_jpg.rf.c59c039c860f1f9b98ea9f314e7dca24.jpg,lcc,233491,3719,9308,0.947155988609351,0.9728609255243131,0.9843219088571308,0.9616637630303255
GPAB3587_jpg.rf.25c7a80ed8216118dd3cb579f5aa563d.jpg,lcc,426128,15707,85023,0.8088099639751128,0.894300650796549,0.9644505301752917,0.8336636336425048
GPAB3590_jpg.rf.a50fd703628d75dc3f8bdc270e10fd2a.jpg,lcc,307865,23473,15365,0.8879790483497403,0.9406662103860867,0.9291569334033525,0.9524641895863627
GPAB3591_jpg.rf.9e62f22fe7bdeccd173ff1e1d01228c6.jpg,lcc,231809,12315,67491,0.7438955120902395,0.8531422977270051,0.9495543248513051,0.774503842298697
GPAB3596_jpg.rf.622852fcf571639a210332332c8070c8.jpg,lcc,431699,28921,64486,0.8221178200211005,0.9023761372484467,0.9372128869784204,0.8700363775607888
GPAB3605_jpg.rf.5ac2aa8438d68ded3aa8d984a7d541ea.jpg,lcc,519071,52521,58134,0.824280718915846,0.9036774991578147,0.908114529244636,0.8992836167392867
GPAB3605_jpg.rf.f4da4dd3d31a95d97b751dc27409bdec.jpg,lcc,502493,18667,93775,0.8171481538699212,0.8993742773583623,0.9641818251592601,0.8427301146464341
GPAB3663_jpg.rf.e62d33ea7902a680b354db04cec4a201.jpg,lcc,584324,24071,158732,0.761704385323421,0.8647357543854716,0.9604352435506538,0.7863794922589953
GPAB3671_jpg.rf.ada0ddbaf3cc43539c7fefb5a1af2779.jpg,lcc,544689,45148,95168,0.7951606192655528,0.8858935637646439,0.9234568194263839,0.8512667674183451
GPAB3676_jpg.rf.cf29c1b5e8ed14be8d55b94129a9427f.jpg,lcc,484723,46821,117826,0.7464511757549624,0.8548205482266445,0.9119151001610403,0.8044540775936895
GPAB3709_jpg.rf.a45e2057dad709053cf0cfe214794ee1.jpg,lcc,477889,101044,44639,0.7663734099670928,0.8677365789619423,0.8254651229071412,0.9145710851858656
GPAB3732_jpg.rf.17cb4bb5e9fdf6d4fc4f7156adfc86f8.jpg,lcc,187773,29314,305616,0.3592345940237573,0.5285836537757785,0.8649665802189905,0.3805780023470325
GPAB4073_jpg.rf.6886e5e5c27978f16dcfe556ec6fc71c.jpg,lcc,235811,93466,128783,0.5148037375016373,0.6796969465505837,0.7161478026099606,0.6467769628682863
GPAB4076_jpg.rf.c94e7dec6537b171e7a7ec59e4ff64dd.jpg,lcc,242375,23978,139703,0.5969004275272376,0.7475737588116546,0.9099766099874977,0.6343599997906186
GPAB4077_jpg.rf.c9ad90251943ebe0b020904f23bbbbbd.jpg,lcc,162137,39511,72313,0.5918251137935692,0.7435805713394695,0.8040595493136555,0.6915632330987417
GPAB4087_jpg.rf.0b3c644eb44aee30141ba3ed42989ad1.jpg,lcc,152158,26539,127006,0.4977314583108442,0.6646471308978052,0.8514860350201738,0.5450487885257411
GPAB4093_jpg.rf.24dd5cf3a470f49ab60fa436ea11fdfa.jpg,lcc,291961,67374,112476,0.6188092265758959,0.7645239678857041,0.8125036525804611,0.7218948810321508
GPAB4096_jpg.rf.39c6815800f20b8678d0f61c3e1d2ad6.jpg,lcc,311292,17597,63106,0.7941223740098726,0.885248838667571,0.94649562618391,0.8314467491813524
GPAB4102_jpg.rf.f6eb7ddcb156cec380829d721e732203.jpg,lcc,348954,27614,31025,0.8561334468452598,0.9224912662399032,0.9266692868220348,0.9183507509625531
GPAB4356_jpg.rf.a4c2fab051c83d8f922555d153eea266.jpg,lcc,601230,88783,129370,0.7337594263000331,0.8464374182131235,0.8713314096980782,0.8229263618943334
GPAB4410_jpg.rf.9548ace7ba62af809617e4b4a701449f.jpg,lcc,436345,16326,92436,0.8004758698750888,0.8891825580874052,0.9639340713233231,0.825190390728865
GPAB4414_jpg.rf.41fc0520b81a5365ed2cebcb322ec768.jpg,lcc,488494,32764,37604,0.8740869839065816,0.9328136755792682,0.9371443699665041,0.9285228227440515
GPAB4427_jpg.rf.d641d79fb8b16c710f5704f22c6c1f40.jpg,lcc,339347,13060,40182,0.8643823438761656,0.9272586674244743,0.9629405772303047,0.8941266675273827
GPAB4429_jpg.rf.9c5778f2144405c14429452fd5c16a8c.jpg,lcc,256659,22484,83965,0.7068392874847153,0.8282435173218322,0.9194534700852252,0.7534965240264926
GPAB4438_jpg.rf.7c5e910cd083c00029efa53e83f0c2a1.jpg,lcc,489355,20102,10766,0.9406639075934743,0.9694248487982108,0.9605423028832659,0.9784732094833051
GPAB4446_jpg.rf.d76aab185399ee99678d32ea3165905d.jpg,lcc,149416,5199,4054,0.9416836307029098,0.9699660807893925,0.9663745432202567,0.9735844138919658
GPAB4447_jpg.rf.aeeafd0ada2ec9d0aaebd6965fb0895c.jpg,lcc,298275,15122,61973,0.7946159789008178,0.8855554483444544,0.9517481022473093,0.8279712864471143
GPAB4448_jpg.rf.ee36154d05bad5ec4095003019f0d7da.jpg,lcc,539777,35794,67201,0.8397643332316902,0.9129042432913985,0.9378113212792166,0.8892859378758373
GPAB4451_jpg.rf.411bce69ce7f9a897fa647a01fb3860d.jpg,lcc,256226,20344,121225,0.644115687728604,0.7835405896752551,0.9264417688107893,0.6788324842164943
GPAB4454_jpg.rf.5c968bee42f968821b240683bc03bef8.jpg,lcc,234132,29250,10417,0.8551236491002524,0.9219047469045992,0.8889445748001003,0.95740321980462
GPAB4456_jpg.rf.4095bf134e113d9e917e6244502d5524.jpg,lcc,116108,37254,58124,0.5490103363816045,0.7088530314963033,0.7570845450633142,0.6663988245557647
GPAB4457_jpg.rf.1312e0f6c664f6ad040e3d483a8fbc3f.jpg,lcc,170677,60629,60200,0.585500813019286,0.7385689218339921,0.7378840151141778,0.7392551012010724
GPAB4462_jpg.rf.01068273795b1b0956583030599c0dee.jpg,lcc,495774,8628,70014,0.8630922536976686,0.926515852325288,0.9828945959770183,0.876254003266241
GPAB4479_jpg.rf.e9535a9e7200ff32640d39823eb08211.jpg,lcc,352178,27624,118967,0.7060944044236911,0.8277319269002652,0.9272673656273532,0.7474938713135022
GPAB4488_jpg.rf.94af4e778abfecc91782b790f52d8f89.jpg,lcc,267932,31719,3058,0.8851140864658797,0.9390562542824648,0.8941468575109044,0.9887154507546404
GPAB4491_jpg.rf.12a0aec71fbb0323e170546f88ad9e24.jpg,lcc,104685,63995,200347,0.2836784300335748,0.4419774039922991,0.6206129950201565,0.3431935010097301
GPAB4494_jpg.rf.c523c5a95299bacfd030f227431c02c8.jpg,lcc,81699,183973,5411,0.3013800201414327,0.4631698896202187,0.30751829323376195,0.9378831362644932
GPAB4498_jpg.rf.b6877a7fc44b00cec0c46af5dbae2b1a.jpg,lcc,47647,16629,43119,0.4436612505237674,0.6146334541608081,0.7412875723442653,0.5249432606923298
GPAB4505_jpg.rf.13a1db335485f434ce177e813406f6e1.jpg,lcc,237135,15290,23916,0.8581245634922071,0.923645895815968,0.9394275527384371,0.9083857177333164
GPAB4507_jpg.rf.8e55a9561d7c6ba559c55fd404f96b5c.jpg,lcc,156126,10945,15125,0.8569123361654482,0.9229432315959353,0.9344889298561689,0.9116793478578227
GPAB4525_jpg.rf.6ac0c98a728c8be78057fee83f71b76c.jpg,lcc,317551,39970,3078,0.8806208558537323,0.9365214185652142,0.8882023713292366,0.9904001197645877
GPAB4526_jpg.rf.acbd0ab7d910680595cd55a037d26f3e.jpg,lcc,127018,17655,90347,0.5404561313930729,0.7016832487197476,0.8779661719878623,0.5843535067743197
GPAB4528_jpg.rf.5de0daa0ed0222a80389722c2d9b9b6d.jpg,lcc,138694,94599,26060,0.5347692141598517,0.6968724798830289,0.5945056216860343,0.8418247811889241
GPAB4529_jpg.rf.d3f81e072c8902d00583b47350aa6ec8.jpg,lcc,50401,2489,57042,0.458474329585562,0.6287040097796461,0.9529400642843637,0.4690952411976583
GPAB4531_jpg.rf.822f10de5d5f23d8920ae0c54a335239.jpg,lcc,914945,109491,3685,0.8899195717235617,0.9417539085136584,0.8931207025133829,0.9959885917072162
GPAB4534_jpg.rf.c9971bd4981c506c5892842e85189683.jpg,lcc,188932,21247,51358,0.7223910957149466,0.8388235372467362,0.8989099767341171,0.7862665945316076
GPAB4535_jpg.rf.d00094f083e5ab28a3b18bd3a5f5e579.jpg,lcc,162197,7152,119907,0.560738584506458,0.7185554199440474,0.9577676868478704,0.5749546266625074
GPAB4536_jpg.rf.626fb5f38e0392a40c4fd81e1b51fa7a.jpg,lcc,220752,24388,314017,0.3947943064291424,0.5660968138590527,0.9005139920045688,0.4127987972376858
GPAB4541_jpg.rf.e77dc1d8b513409bfb6fe75f8bc01f13.jpg,lcc,263893,30501,109866,0.6527803888586553,0.7899178780907966,0.8963939482462279,0.7060512255223286
GPAB4546_jpg.rf.8b2ed08293556ec68404056ddae731eb.jpg,lcc,263397,38555,21526,0.8142655760206258,0.8976255591054313,0.8723141426451886,0.9244497636203466
GPAB4553_jpg.rf.943f4941aea2cefec255237b0d6361d3.jpg,lcc,132178,37478,41770,0.6251738196815907,0.7693624055598887,0.7790941670203235,0.7598707659760389
GPAB4554_jpg.rf.6b291c5aaa77f010267e5d2c4688d0c7.jpg,lcc,163347,57499,7927,0.7140134543849143,0.8331480159134959,0.7396421035472682,0.9537174352207574
GPAB4555_jpg.rf.e9611418c52e38b5feea68c1d6d92b5d.jpg,lcc,147027,7296,1453,0.9438360209531635,0.9711066270809734,0.9527225364981241,0.9902141702586207
GPAB4561_jpg.rf.36a5e769967fb55febee4557b2741043.jpg,lcc,144922,14601,50803,0.6890351169137434,0.8158919965770391,0.9084708788074447,0.7404368373994125
GPAB4579_jpg.rf.a48ec6435f51ef0c7d07347a796e51af.jpg,lcc,1034259,1937,1791,0.9964084328609125,0.9982009857902971,0.9981306625387475,0.998271318951788
GPAB4580_jpg.rf.0496ca1e8738a9c36fad566623244f47.jpg,lcc,321291,19809,55126,0.8108781352056654,0.8955634500645978,0.9419261213720317,0.8535507163597819
GPAB4582_jpg.rf.00e1bc8aa55f6785af673809468f4781.jpg,lcc,116922,52631,26366,0.5967874478738663,0.7474851442106374,0.6895896858209527,0.8159929652169058
GPAB4583_jpg.rf.d0f6ee6e27b8aac8b47085b723d6e97c.jpg,lcc,129945,20928,43266,0.6693400089626504,0.8019217239974822,0.8612873078682071,0.7502121689731022
GPAB4584_jpg.rf.5e0c84dd7c16e04e3c9c949fcb14098e.jpg,lcc,448751,53628,10406,0.8751250524098794,0.933404469515442,0.8932519074244744,0.977336727960153
GPAB4585_jpg.rf.db7c05489c86feb0202db4c7dd4a8d2f.jpg,lcc,227923,9677,25183,0.8673430168618214,0.9289594991705828,0.9592718855218855,0.9005041366067972
GPAB4591_jpg.rf.5ac7ba27479417886e5a0d0c916ff54a.jpg,lcc,525584,19700,43315,0.8929406947684246,0.9434428635152394,0.9638720373236699,0.923861704801731
GPAB4592_jpg.rf.974ab00ec7fa04dcc551ce9db859dc81.jpg,lcc,98641,4099,200207,0.32560480876192865,0.491254718766497,0.9601031730582051,0.3300708052253989
GPAB4600_jpg.rf.7e83c163f416736020b735d0bfeee1b3.jpg,lcc,274348,10193,4817,0.9481265422072311,0.9733726446055213,0.9641773944703926,0.9827449716117708
GPAB4602_jpg.rf.7bef0784627890ce0bfb4278c99e4f5f.jpg,lcc,308300,3253,4603,0.9751515074836473,0.9874194498891835,0.989558758862858,0.985289370827381
GPAB4619_jpg.rf.e6b9dac7f6f65d310b5114459475f4be.jpg,lcc,78312,9419,20627,0.7227154432529209,0.8390421599614293,0.8926377221278682,0.7915180060441283
GPAB4624_jpg.rf.171cc1916947444aa4cda7c4944883bc.jpg,lcc,573754,16685,14321,0.9487300747403928,0.9736905968024139,0.9717413653230901,0.9756476639884368
GPAB4627_jpg.rf.2fb7bd47296ae69f79ff5f44a291d51e.jpg,lcc,53101,12216,9309,0.7115616541151878,0.8314765084907655,0.8129736515761593,0.8508412113443359
GPAB4628_jpg.rf.8640cf52804df4fb7657188b9a2a88b1.jpg,lcc,122838,11662,161743,0.4146528356788177,0.5862255745309379,0.9132936802973978,0.4316451203699474
GPAB4630_jpg.rf.fca28b4034a377b0c3e818f7d4f5dc9a.jpg,lcc,107683,20771,119248,0.4347280199594674,0.6060075692558774,0.8383000918616781,0.47451868629671573
GPAB4631_jpg.rf.dd22940b64b82a91d566f7fa67cb397c.jpg,lcc,83353,42648,53761,0.46368531725281203,0.6335860745301484,0.6615264958214617,0.6079102061058681
GPAB4642_jpg.rf.1bba5d5da6ee6019ae8e15d12fe59034.jpg,lcc,227008,14441,10005,0.902781423242422,0.9489071232407171,0.9401902679240751,0.9577871256007054
GPAB4645_jpg.rf.762770d4b7be019fe6b898a15242bf8d.jpg,lcc,409679,9967,75891,0.8267374585550625,0.9051519195418553,0.9762490289434428,0.8437073954321725
GPAB4651_jpg.rf.7dd43fb9145f7d8fe7e26714948f9c92.jpg,lcc,149621,16392,40746,0.7236492728248831,0.8396711375498064,0.90126074464048,0.7859608020297636
GPAB4652_jpg.rf.c570831734f216ba9352a3381cbcaa47.jpg,lcc,207299,11984,20706,0.863785423498577,0.9269150972080629,0.94534916067365,0.9091862020569724
GPAB4656_jpg.rf.b71458af3c7814bcf5bbb13b2e7898b2.jpg,lcc,164702,12047,14568,0.8608853369015822,0.9252427538979662,0.9318411985357767,0.9187371004629888
GPAB4658_jpg.rf.ded39fa01a4d8cd6a33f7b760137487d.jpg,lcc,176343,14040,19502,0.8401886747504586,0.9131549240345082,0.926253919730228,0.9004212514999106
GPAB4668_jpg.rf.9b64fc78be54147de88dae3e766fc32a.jpg,lcc,159209,39650,82719,0.5654170425246291,0.7223851883109076,0.8006124942798667,0.6580842234053107
GPAB4697_jpg.rf.292fd9e107fea3d55c9bfd096212d60c.jpg,lcc,306744,119048,54769,0.6383039822207794,0.7792253319869682,0.7204080865774839,0.8485006071704199
GPAB4698_jpg.rf.25243bc4c2c864ddaa33e789c26e180e.jpg,lcc,526958,83986,39053,0.8107083571154944,0.8954598943884855,0.8625307720511209,0.9310031077134543
GPAB4699_jpg.rf.0d6e76c517269db09ec4782f5dacd29b.jpg,lcc,278298,19739,25921,0.8590558035300873,0.924185064158763,0.9337699681583159,0.9147949339127405
GPAB4700_jpg.rf.d8e12fbb64685ee6cd74a619a0073d75.jpg,lcc,13442,3773,1676,0.7115557672965963,0.8314724894071073,0.7808306709265176,0.8891387749702342
GPAB4701_jpg.rf.a45eb667fac3084a3428071bc71fd11e.jpg,lcc,178928,55837,18278,0.7071051165216979,0.8284259822997377,0.7621579025834345,0.9073151932496983
GPAB4702_jpg.rf.3378d632b7a7c15b5ace4e81185da950.jpg,lcc,334191,53158,45969,0.7712372899348746,0.8708458141858922,0.8627645869745372,0.8790798611111111
GPAB4703_jpg.rf.56c9b72e12b4eb872342433fc2f49833.jpg,lcc,511764,29995,94140,0.8047881817710045,0.8918367151332752,0.944634053149094,0.8446288520953814
GPAB4704_jpg.rf.11f2a8e934d7dd311afb0f66af02c859.jpg,lcc,461674,19795,7485,0.9442074305558396,0.9713031806342755,0.9588862418971938,0.9840459204661959
GPAB4705_jpg.rf.b5c44f0c2c4fd0f3946874519ffa0715.jpg,lcc,279654,27006,2375,0.9049266264338991,0.9500907949698397,0.9119350420661319,0.9915788801860802
GPAB4706_jpg.rf.db3d09671ba54781fdfb79212c4a7024.jpg,lcc,19573,5841,1591,0.7247917052397704,0.8404396925587188,0.7701660502085464,0.9248251748251748
GPAB4707_jpg.rf.4f386fdf457538f6c9b6d6e80216f6bf.jpg,lcc,86068,20613,13161,0.7181789355985381,0.8359768831042689,0.8067790890599076,0.8673674026746213
GPAB4708_jpg.rf.f81a35c268be55c24fc983549b70edb4.jpg,lcc,629869,24662,69774,0.8696184618358288,0.9302630238063941,0.9623211123690093,0.9002719958607461
GPAB4709_jpg.rf.55c440d6a547649c3349d6a494e9b1d9.jpg,lcc,426065,56493,14671,0.8568788224339289,0.9229237924214823,0.8829301348231715,0.9667124990924272
GPAB4710_jpg.rf.890e10b24cc2fb0897115284e8c07d37.jpg,lcc,84834,8752,5727,0.8542084117889903,0.9213725990648776,0.9064817387216036,0.9367608573226885
GPAB4711_jpg.rf.b6e1309af2162be1be770f3a1a6067f3.jpg,lcc,724921,41380,92102,0.8444996114878442,0.9156950819920623,0.946000331462441,0.8872712273705881
GPAB4712_jpg.rf.d172da199d968dc3df9ea841e06c5823.jpg,lcc,166539,15334,94928,0.6016560633812739,0.7512924617674922,0.9156884199413877,0.6369407994125453
GPAB4713_jpg.rf.81b91a34b07ea0531234410f109193ef.jpg,lcc,363185,48059,108684,0.6985294117647058,0.8225108225108225,0.8831375047417105,0.7696733627341487
GPAB4716_jpg.rf.fdcbb2188944973f7e718fc2ef62b363.jpg,lcc,359174,25039,57619,0.8129198428361911,0.896807264864433,0.9348304195849698,0.8617563154851449
GPAB4717_jpg.rf.127dd27685f604288918bf70319f14a7.jpg,lcc,176306,60351,97723,0.5272623960763203,0.6904673321767192,0.7449853585568988,0.6433844593090512
GPAB4726_jpg.rf.ec6edd51400a4877a682ec239940f715.jpg,lcc,170287,53964,90596,0.5408563524505553,0.7020204726941423,0.7593589326246036,0.6527332175726284
GPAB4735_jpg.rf.7389747fa8cc09c069ff4b2f3556899a.jpg,lcc,17444,20965,818,0.4446937058658577,0.6156235111432655,0.4541643885547658,0.955207534771657
GPAB4737_jpg.rf.e31e343fd9087743fd45c0fb8c7956fd.jpg,lcc,133465,73223,29354,0.5654290338160158,0.7223949749260501,0.6457317309180988,0.8197139154521278
GPAB4739_jpg.rf.6729ce5fbf63cfc65c3544bc6d0e4e4a.jpg,lcc,490356,60679,159957,0.689678646173234,0.8163429747250589,0.8898817679457748,0.7540307513458904
GPAB4740_jpg.rf.391db90ac7705a61bc4d0c6e12c34bbc.jpg,lcc,468179,36689,114461,0.7559455475199772,0.8610125166895324,0.9273295197952732,0.8035476452011534
GPAB4742_jpg.rf.3add0941dddb3e0ab5f1644d703bdc8a.jpg,lcc,888201,5951,3658,0.9892972900725098,0.9946198539650651,0.9933445320258748,0.9958984548005907
GPAB4743_jpg.rf.37867df2f8150edd78237e955061905e.jpg,lcc,340340,36417,57480,0.7837655473854139,0.8787764160309434,0.9033408801959883,0.8555125433613192
GPAB4744_jpg.rf.3dbb7c6843fe2207f57c096097fc8c0e.jpg,lcc,325160,31465,86632,0.7335699154215275,0.8463113127377453,0.911770066596565,0.7896219450596418
GPAB4746_jpg.rf.2180e682eaa484a3fc02b94c156f25b8.jpg,lcc,264404,29000,79400,0.7092305876546389,0.8298828639941745,0.9011601750487382,0.7690544612628125
GPAB4747_jpg.rf.1f22312dc4183f0bcb9100eab300fb07.jpg,lcc,174645,10888,78478,0.6615065281370852,0.7962731616574263,0.941315022125444,0.6899610070993154
GPAB4749_jpg.rf.e8a97dea10ca41981c87fdee4739cba3.jpg,lcc,319252,12699,26761,0.8899953165770869,0.9417963195685907,0.9617443538353552,0.9226589752408146
GPAB4753_jpg.rf.e2d94acde6ee937917909a1591d0d659.jpg,lcc,215543,15414,23621,0.8466678189002977,0.9169681847864699,0.9332603038660876,0.9012351357227676
GPAB4754_jpg.rf.537af39d94461458299a14cfc3bba350.jpg,lcc,297097,42756,28844,0.8058025967122054,0.8924592291309323,0.8741926656525028,0.9115054565090001
GPAB4755_jpg.rf.4adad876a08bd71ca5759c87a32c3b43.jpg,lcc,160596,72721,9755,0.6606931279620853,0.7956835815571212,0.6883167536013235,0.9427358806229491
GPAB4756_jpg.rf.eabc4ca97f0f629b22f925f8a786d528.jpg,lcc,72911,30192,40051,0.5093186358746524,0.6748987573183995,0.707166619787979,0.6454471415166162
GPAB4758_jpg.rf.dc9f9d53832bbaffadad72867f306fbe.jpg,lcc,276630,38735,27377,0.8071085539560369,0.8932596242645777,0.8771740681432626,0.9099461525556978
GPAB4761_jpg.rf.abcedb2548500e30fd19e3a419c01bc6.jpg,lcc,140222,8767,19691,0.8312900165994783,0.9078736945697988,0.9411567296914537,0.8768642949603848
GPAB4767_jpg.rf.7f3e0c78cd1015f30bb0eb3479b01bf2.jpg,lcc,156178,28406,45147,0.6798298879994428,0.8094032530985285,0.8461080050275214,0.7757506519309574
GPAB4771_jpg.rf.6badf0b6546595b33a14eb844b771aa4.jpg,lcc,134518,25393,33144,0.6967858900313382,0.8213009008678982,0.8412054205151616,0.8023165654710072
GPAB4776_jpg.rf.211c5a333604278aded2096234325892.jpg,lcc,145222,29403,20719,0.7434167417478909,0.852827352113834,0.8316220472440945,0.8751423698784507
GPAB4777_jpg.rf.6f578feb4e1dbdd7b5b447d584fb8f86.jpg,lcc,381472,12876,58444,0.842488383186982,0.9145114735862988,0.967348636229929,0.8671473644968585
GPAB4778_jpg.rf.bfed75b62b8d65486555d766d64a397f.jpg,lcc,541797,13938,6512,0.9636280851654166,0.9814771875033966,0.9749197009365975,0.9881234851151449
GPAB4779_jpg.rf.18bd369271c26a99d825e5e4fecce011.jpg,lcc,47721,5359,17781,0.6734451955236308,0.8048607714492925,0.8990391861341371,0.7285426399193917
GPAB4780_jpg.rf.8a201d1beedd40edffaaf46e84e7a05b.jpg,lcc,22493,18247,10473,0.43920488938355495,0.6103437983339213,0.5521109474717723,0.6823090456834314
GPAB4781_jpg.rf.b25d5c2493b85a3a5baf2eb1d7facd5d.jpg,lcc,29882,11199,1275,0.705496269713854,0.8273208006866193,0.7273922251162338,0.9590782167731168
GPAB4782_jpg.rf.4a1cdf2976fdae35a057fbebf48d41ec.jpg,lcc,154159,29162,18351,0.7644045777301758,0.866473129097802,0.840923843967685,0.8936235580546056
GPAB4787_jpg.rf.3b5cb17b0e6e2db09e9f7e90b335be9a.jpg,lcc,55504,8993,18415,0.6694326514859128,0.8019882094555543,0.8605671581623952,0.7508759588197892
GPAB4789_jpg.rf.5c044e3717b48118b45c9ad51a6650a2.jpg,lcc,84144,10118,10331,0.8044897842111804,0.8916534648744019,0.8926608813731939,0.8906483196612861
GPAB4790_jpg.rf.feb20779db5e09d98fc2914cc0ca14fa.jpg,lcc,120873,11870,36919,0.712434133748276,0.8320718674170066,0.9105790889161763,0.7660274285134862
GPAB4791_jpg.rf.fe0bb824fa68257505c69f67ea1c5da5.jpg,lcc,61461,21807,11069,0.6515047118309889,0.7889831705156677,0.7381106787721574,0.8473872880187509
GPAB4793_jpg.rf.c69e00462f231a9a204e3bc0538813db.jpg,lcc,330362,5338,31966,0.8985383473043469,0.9465580177299477,0.9840988978254394,0.9117760703009428
GPAB4794_jpg.rf.373be7edf4a54e3ac24fa4d08b0464b7.jpg,lcc,62916,45291,8699,0.5381759704377876,0.6997586502207739,0.5814411267293244,0.8785310340012568
GPAB4795_jpg.rf.c70fcc188f6d8ec7e06f3b2c8984d0f7.jpg,lcc,27480,610,32521,0.45338304928148354,0.6239002849326265,0.9782840868636525,0.4579923667938868
GPAB4796_jpg.rf.0f42056b81b3aec69c254fcdf2e7fc31.jpg,lcc,69198,3613,7267,0.8641324708409301,0.9271148744607305,0.9503783768936013,0.9049630549924802
GPAB4797_jpg.rf.e4b9f8bdcb32587cb5017cdd72df915d.jpg,lcc,469531,7196,47179,0.89621229762591,0.945265779309609,0.9849054070778454,0.9086934644191133
GPAB4801_jpg.rf.9739c11121861706595f5b3390fbd58c.jpg,lcc,116056,9535,37501,0.7115983616609031,0.8315015690601402,0.9240789547021682,0.7557844969620402
GPAB4803_jpg.rf.dc872b5dd3a719c76a02e05e55e48979.jpg,lcc,224495,104378,34435,0.6179192310656523,0.7638443492122361,0.6826191265321264,0.8670103889081991
GPAB4838_jpg.rf.577d2dba6fa6db597e730cd8e9cc4d40.jpg,lcc,625215,15292,42475,0.9154194400438079,0.9558422775774597,0.9761251633471609,0.9363851487965972
GPAB4862_jpg.rf.11a13aa47c9a9c8fb61cd72b53131a3d.jpg,lcc,81413,62733,63524,0.39203062551162904,0.5632500008648035,0.5647954157590221,0.5617130201397849
GPAB4875_jpg.rf.420ee51b2763bb6abc8d4e698fed5e40.jpg,lcc,184308,41831,48898,0.6701207473903511,0.8024817947294517,0.8150208500081808,0.7903227189694948
GPAB4881_jpg.rf.8b2a14c2b37d92d63755a939f2eb6281.jpg,lcc,481149,3203,8360,0.9765319294029778,0.9881266423031624,0.9933870408298098,0.9829216623187725
GPAB4888_jpg.rf.7f6403933175008ae00c4b79b70dbb31.jpg,lcc,983489,17253,1355,0.9814309393202455,0.9906284593062199,0.9827597922341622,0.9986241475807336
GPAB4890_jpg.rf.de3c1c5f1753fbe3dbfcdaa09e3628b2.jpg,lcc,200761,6431,28488,0.8518372369314324,0.9199914765111435,0.9689611568014209,0.8757333728827607
GPAB4891_jpg.rf.b904748dfaec0495e1cf5166ada62dc2.jpg,lcc,117324,7435,15605,0.8358553475250065,0.9105895501536743,0.9404051010347951,0.8826065042240595
GPAB4901_jpg.rf.47fdedb2f1b1ad1872ea1d068c561138.jpg,lcc,93199,17449,1390,0.8318516931755298,0.908208558885581,0.8423017135420432,0.9853048451722716
GPAB5033_jpg.rf.a42128c7f23b888e301bb1cfac56c0ea.jpg,lcc,407464,16869,34622,0.8878081729145559,0.9405703245196608,0.9602458446550233,0.9216849210334641
GPAB5096_jpg.rf.e6b7fbc62c0b41cc3946e299a644d3f2.jpg,lcc,444705,30071,95345,0.7800186276246621,0.8764162526383833,0.9366627630714274,0.8234515322655309
GPAB5121_jpg.rf.fcbf5ec6808aa3c85aca6b2855ea846b.jpg,lcc,668285,9097,5899,0.9780529533237423,0.9889047223738981,0.9865703546890824,0.9912501631602055
GPAB5140_jpg.rf.79c16d5485a87227cb76d2c41e7b4043.jpg,lcc,428962,11041,26873,0.9187921418106735,0.9576776158189315,0.9749069892705277,0.9410466506521
GPAB5142_jpg.rf.9cbf6dc4ce3a554c05d16f34fb84dbb1.jpg,lcc,183468,13311,72101,0.6823415650104135,0.8111807723257315,0.9323555867241932,0.7178804941131358
GPAB5150_jpg.rf.78a0f068bd61364295bdd1c46e50b387.jpg,lcc,192831,6806,559931,0.2538693046573842,0.404937426435769,0.9659081232436872,0.2561646310520457
GPAB5152_jpg.rf.dea64a52d7766208624c9075ac8e744b.jpg,lcc,217715,31254,59827,0.7050447544657314,0.8270102618938636,0.8744662990171467,0.7844398325298514
GPAB5174_jpg.rf.46ca733d089fc887a9dc084787d33982.jpg,lcc,216842,62675,123896,0.537518622354758,0.6992027472571765,0.7757739243051407,0.6363892492178741
GPAB5179_jpg.rf.f9eed0cac19d9f9bceeb29baf5d810fb.jpg,lcc,551212,39048,31902,0.8859621770535648,0.9395333457192677,0.9338461017178871,0.9452902862905024
GPAB5226_jpg.rf.f2ca7f8c573d5d5c1b5f8e5eac9c6320.jpg,lcc,467713,16557,24181,0.919878218353391,0.9582672583705197,0.9658103950275673,0.9508410348571034
GPAB5236_jpg.rf.c1137ff7d5cba4f3f3f0a4a9cce4bce8.jpg,lcc,191620,4795,52922,0.7685181100277937,0.8691096864320104,0.9755874042206553,0.7835872774410939
GPAB5241_jpg.rf.3652b87908eefc756b80da270e2a609f.jpg,lcc,0,50048,0,0.0,0.0,0.0,
GPAB5248_jpg.rf.e6a7d848114e0c62c755ad295d87f35f.jpg,lcc,379028,41149,18942,0.8631555455354927,0.9265523188375683,0.9020674620457569,0.9524034474960424
GPAB5285_jpg.rf.917b9bc4a3094f60d6dd54576e66897b.jpg,lcc,217248,17065,14595,0.872804409661401,0.932082822059568,0.9271700673884932,0.937047916046635
GPAB5286_jpg.rf.7e8781dd4975ce7fca1bc1950bfe023e.jpg,lcc,352539,15858,135466,0.6996723315663186,0.8233026078874174,0.9569540468570591,0.722408581879284
GPAB5287_jpg.rf.f316e103bf2987c11731ee8f25b032d8.jpg,lcc,132353,6460,40636,0.7375521735980697,0.8489554268413929,0.953462571949313,0.7650948904265589
GPAB5297_jpg.rf.0296081ab463a9d1ecf239538718dd87.jpg,lcc,330810,39153,31268,0.8244876392900847,0.9038018362359486,0.8941704981308942,0.9136429167196018
GPAB5299_jpg.rf.982209f62d95c666316b67c67161afb2.jpg,lcc,107515,28900,35251,0.6263034031200121,0.7702171709392831,0.7881464648315801,0.7530854685289214
GPAB5302_jpg.rf.3c212643573c9f4bb59e48652eb6d846.jpg,lcc,311248,33030,42218,0.8053071700612684,0.8921552890458392,0.9040600909729928,0.8805599407015102
GPAB5307_jpg.rf.4d7d182d23541594f3ab8ffa499acae2.jpg,lcc,247050,21911,11419,0.8811256152364648,0.9368067800466413,0.9185346574410417,0.9558206206547013
GPAB5308_jpg.rf.115bcdb8bbdc8ee1e2920379b038f344.jpg,lcc,257567,76025,16009,0.7367456042745874,0.8484208653947507,0.772101848965203,0.9414824399801152
GPAB5309_jpg.rf.d19f7d3fbbd76e45123f9b77fbf6c288.jpg,lcc,316944,42554,69427,0.7389263857317713,0.8498650567324825,0.8816293831954559,0.820310012915048
GPAB5311_jpg.rf.411f63a94d59592bc074a6196bacf1d0.jpg,lcc,168644,37983,31008,0.7096766048772277,0.830188121955602,0.8161760079757244,0.8446897601827179
GPAB5332_jpg.rf.39ed198ee533269eccb7c8a2b4905b87.jpg,lcc,40581,18939,58717,0.34321743616634387,0.5110377916860809,0.6818044354838709,0.40867892606094786
GPAB5333_jpg.rf.2fb14ea874aaf0bdc6acefaa46ae3b24.jpg,lcc,71929,6970,8954,0.8187426724186995,0.9003392121765906,0.9116592098759173,0.889296885624915
GPAB5334_jpg.rf.e95df04308622776ed1b1ed4b88ef51f.jpg,lcc,300967,33939,59345,0.7633893128996502,0.8658205052228222,0.8986611168506984,0.8352955216590067
GPAB5335_jpg.rf.6bf5e9d0887602d1badfe856c236a338.jpg,lcc,260156,11802,11296,0.9184548144068575,0.9574943412892659,0.9566035932018915,0.9583867497752826
GPAB5336_jpg.rf.6cbd3774005119fe947d59c92202676a.jpg,lcc,82071,20847,1109,0.7889394099608755,0.8820191511999054,0.7974406809304495,0.9866674681413802
GPAB5338_jpg.rf.ccf17be954dbf5bad62d1985c2c414ce.jpg,lcc,130940,15977,69386,0.6053545258271961,0.7541692705108526,0.8912515229687511,0.653634575641704
GPAB5348_jpg.rf.8ba371da13fb1ea879c422e3e3ba2cce.jpg,lcc,373657,15741,13748,0.9268528027067117,0.9620379941890028,0.9595760635647846,0.9645125901833999
GPAB5349_jpg.rf.1ee7632cec92426ad67645eedadd0f50.jpg,lcc,389057,56337,44269,0.7945403267144955,0.8855084668608886,0.8735119916298828,0.8978390403529906
GPAB5420_jpg.rf.1a7945f6c17694f7cf560b2e8231a128.jpg,lcc,374868,14835,46840,0.858719530492987,0.9239904314829352,0.9619325486331899,0.8889278837489447
GPAB5443_jpg.rf.32c02690be0eb7a25e3c884163f2a83f.jpg,lcc,188012,50518,9283,0.7586849761715487,0.8627866689611656,0.7882111264830419,0.9529486302237766
GPAB5468_jpg.rf.4283e52525152382f8e24a20d09d9eb9.jpg,lcc,182088,141222,5842,0.5532033832393545,0.7123386276504186,0.5631994061427114,0.9689139573245358
GPAB5497_jpg.rf.0ffa6911ae7ba47037807745fe6d0550.jpg,lcc,300598,15942,23994,0.8827253666300575,0.9377101751277428,0.9496366967839768,0.9260795090452013
GPAB5501_jpg.rf.b589a7631d40c0e686a0a60ee8a45f5f.jpg,lcc,157575,2647,7309,0.940572192609129,0.9693761419352457,0.9834791726479509,0.9556718662817496
GPAB5519_jpg.rf.f4dccd4d27203da8024b20f802d49292.jpg,lcc,251212,16954,419910,0.36509339084636,0.5348987743908151,0.9367779658868015,0.3743164432100274
GPAB5545_jpg.rf.8c6a419671b63b24065f36515b5b7271.jpg,lcc,286477,21666,32742,0.8403919210290861,0.9132749513040318,0.9296884887860506,0.8974309173326149
GPAB5552_jpg.rf.0aa5c6e322bdc54366f9d200985db4aa.jpg,lcc,532024,59996,47028,0.8325258822498467,0.908610230626298,0.8986588290936117,0.9187844960383523
GPAB5569_jpg.rf.8e265edd8d3471a629aa34b39cc85f3b.jpg,lcc,628369,17480,21492,0.9416010705171719,0.9699222819921124,0.9729348500965396,0.966928312362182
GPAB5573_jpg.rf.52eca794ae531745404865e3c713eb5e.jpg,lcc,250119,33786,11826,0.8457652393560364,0.9164385820280296,0.8809954033919797,0.9548531180209586
GPAB5585_jpg.rf.05d053942efba9dcd4f589dfea18c2e5.jpg,lcc,311036,44345,29076,0.8090267572186226,0.8944331574868475,0.8752184275467737,0.9145105141835631
GPAB5646_jpg.rf.89c32cce97796de1fa893918a8ad607b.jpg,lcc,274249,36772,52877,0.753642504218215,0.85951669442934,0.8817700412512338,0.8383589198046013
GPAB5669_jpg.rf.c3ae775301186fb9b1b6950c2f4bc406.jpg,lcc,96824,22680,52906,0.5615915550142103,0.7192553689355727,0.810215557638238,0.6466573165030388
GPAB5743_jpg.rf.e977816285ab91f398c9cf38144e91de.jpg,lcc,147487,29836,26101,0.7250226128677049,0.8405949086805486,0.8317420751961111,0.8496382238403576
GPAB5767_jpg.rf.5e9dcd3a001722ecbb252bc7810e23dd.jpg,lcc,348641,12874,74576,0.7994684595646322,0.8885606805890419,0.9643887528871554,0.8237877968040036
GPAB5827_jpg.rf.7cc4d07d38d46d7c26b93ba7539d1662.jpg,lcc,377011,13995,28510,0.898680860801495,0.9466370882594062,0.9642077103676159,0.9296953795241184
GPAB5892_jpg.rf.546c74522ae889052219499406c99537.jpg,lcc,378372,18367,182739,0.6529531750989683,0.7900443702041029,0.9537050806701635,0.6743264701636574
GPAB5916_jpg.rf.d72c77ea11466eba34b333085f39bc94.jpg,lcc,287459,136322,65300,0.5877533578282534,0.7403585134056198,0.6783196981459764,0.8148877845781397
GPAB5933_jpg.rf.4c244c05d951f1eeef907e6435a977a1.jpg,lcc,355803,63897,44578,0.7663576564041372,0.8677264806769087,0.8477555396711937,0.888661050349542
GPAB6017_jpg.rf.2a7ce631b79425a164d63b2137dcb999.jpg,lcc,236164,23117,57159,0.746315257236759,0.8547314170726235,0.9108419051145282,0.8051329080910805
GPAB6031_jpg.rf.c8c7491ba0185bc1872720abe9f324f0.jpg,lcc,343717,18274,39986,0.8550663346410367,0.9218714378820266,0.9495180819412637,0.8957891911191729
GPAB6033_jpg.rf.e583d1e7ca6b0479db2a6ff5d7a2ef5e.jpg,lcc,258538,44156,49780,0.7334952365280843,0.8462616118832363,0.8541233060450488,0.8385433221543991
GPAB6112_jpg.rf.275e9e45ae9d2003a909da0c5f0de468.jpg,lcc,383682,22486,62639,0.8184220798750872,0.9001453391187453,0.9446386716826535,0.8596548224260118
GPAB6151_jpg.rf.c36cadd2306d5b5385f070e07094abae.jpg,lcc,138642,11792,193850,0.4026966109374818,0.5741749253508819,0.9216134650411476,0.41697845361692915
GPAB6199_jpg.rf.bfde89e764df96e5529e9f0eaca7fc63.jpg,lcc,82236,52044,11203,0.5652619206367754,0.7222585730659278,0.6124218051831993,0.8801035969991117
GPAB6203_jpg.rf.51578668f786e422636d911cb62b28bf.jpg,lcc,168774,50651,40980,0.6481211958295732,0.7864970094063316,0.769164862709354,0.8046282788409279
GPAB6208_jpg.rf.c473a27a0a8d6f6587dc146ae5eb3014.jpg,lcc,54476,11506,12476,0.6943332738535267,0.819594686084824,0.8256191082416416,0.8136575457043852
GPAB6213_jpg.rf.a18255c26a2019ef53cab4aad446882f.jpg,lcc,34715,70162,11014,0.29954871387769544,0.46100420965964173,0.3310067984400774,0.7591462747928011
GPAB6218_jpg.rf.cbf157f68419fd36fb92aad2909ab5ec.jpg,lcc,75896,26716,70860,0.43751152923814796,0.6087068108177472,0.7396405878454761,0.5171577312000872
GPAB6220_jpg.rf.3bc13f3d7e06c9294ec7edc12332c5da.jpg,lcc,130031,112230,5567,0.5246824410478235,0.6882514377055992,0.536739301827368,0.9589448221950176
GPAB6227_jpg.rf.571570ca77f0db566886fcf2519c6b6b.jpg,lcc,30380,18265,23272,0.42243141399112866,0.5939568120277232,0.624524617124062,0.5662417058077984
GPAB6236_jpg.rf.46b13879c47d4fdd782cf071312ef0fe.jpg,lcc,7618,3045,30062,0.18705954573357889,0.3151645532962373,0.7144330863734408,0.20217622080679407
GPAB6245_jpg.rf.47051ee1d535ca875a821dca928db358.jpg,lcc,82916,9130,23100,0.7200944887360394,0.8372731770859629,0.9008104643330509,0.7821083610021129
GPAB6251_jpg.rf.d7a423a98ef5280e1fa58def52ffcf9b.jpg,lcc,63941,13428,71355,0.4299306097200183,0.6013307314320645,0.826442115059003,0.4726008159886471
GPAB6286_jpg.rf.b9de6c3dd697e300894bf557002032ac.jpg,lcc,137367,24759,35652,0.6945514667961047,0.8197466768115294,0.8472854446541579,0.7939417058242159
GPAB6318_jpg.rf.d15aea90cad5a842336ad5d3bce3c7bf.jpg,lcc,318536,37400,26884,0.8320777388851157,0.9083432664723764,0.8949249303245528,0.9221701117480169
GPAB6343_jpg.rf.0d5a7465def88e0de6cf8a58d5eb8cfa.jpg,lcc,314004,40256,78104,0.7262491789325661,0.8414187103412794,0.8863659459154294,0.8008099809236231
GPAB6357_jpg.rf.f77decaa064ed06ac4ae7dc5f14b7c03.jpg,lcc,137200,17524,136096,0.4717694794030672,0.6410915377786085,0.8867402600760063,0.5020197880686142
GPAB6362_jpg.rf.409a2850d857b0bd69c899eb31575f58.jpg,lcc,31321,5885,28844,0.4742013626040878,0.6433332306333508,0.841826587109606,0.5205850577578326
GPAB6368_jpg.rf.4ccdaea8dd51721346f6943ef0c1a15f.jpg,lcc,42636,4636,22000,0.6154867767640605,0.7619830575115273,0.9019292604501608,0.6596324029952348
GPAB6415_jpg.rf.6edab159b05aadee5406742ad5b6bae4.jpg,lcc,308970,20630,28707,0.862305229872707,0.9260621900649955,0.9374089805825243,0.914986806919038
GPAB6420_jpg.rf.b77275a4c2d4ceebbfe562a217560760.jpg,lcc,268966,42945,181230,0.5454139891025082,0.7058483913676163,0.8623164941281327,0.5974420030386765
GPAB6428_jpg.rf.b16d2b18243733f492c9084c55db4346.jpg,lcc,352601,22252,19555,0.894000628790491,0.9440341414895939,0.9406380634542074,0.9474548307698922
GPAB6469_jpg.rf.804de9a3f3b0bcff6cafd0268423db33.jpg,lcc,131702,34921,10135,0.7450978173548015,0.8539324385657784,0.790419089801528,0.9285447379738714
GPAB6581_jpg.rf.0e33f8c4bc7b403d776dbb15f4bb9251.jpg,lcc,353306,17170,9746,0.929209777445808,0.9633061041977947,0.9536542178170786,0.973155360664588
GPAB6582_jpg.rf.a166616a1043774d17060f56687c0471.jpg,lcc,273500,5783,57988,0.8109205950111334,0.8955893452701585,0.9792934048975412,0.8250675740901632
GPAB6583_jpg.rf.226622e1572d169e84459d33d4b242e9.jpg,lcc,147128,12139,22017,0.8115884468568655,0.8959964922110033,0.9237820766386006,0.8698335747435633
GPAB6584_jpg.rf.bf60090261c1ac131e8b94b020257a0e.jpg,lcc,325430,10657,12279,0.9341611982799699,0.965960023508599,0.9682909484746509,0.9636402938624674
GPAB6596_jpg.rf.2ff0ce0a9390ffcde484219f10b26580.jpg,lcc,151000,34781,44131,0.6567730262013292,0.7928340404082833,0.8127849457156544,0.7738391132111249
GPAB6643_jpg.rf.d790114b6394a3a5aa132aa793ce2dbc.jpg,lcc,258876,26649,39170,0.7972897642402871,0.8872133810624585,0.9066666666666666,0.8685773337001671
GPAB6646_jpg.rf.49fc6a67b97d38d25bea008e6f33d9f7.jpg,lcc,287805,19497,31601,0.8492252945533088,0.9184660160712804,0.9365542690903411,0.9010632236088238
GPAB6647_jpg.rf.ed1c984301bcc115058546f7d8048b07.jpg,lcc,153693,9798,27570,0.8044184841490414,0.8916096695034721,0.9400700956015927,0.847900564373314
GPAB6648_jpg.rf.c56ce6da35aa5d7bf1816fcefeee13f5.jpg,lcc,553368,34875,11765,0.922267703097292,0.9595621896068585,0.9407132766560758,0.979181891696291
GPAB6649_jpg.rf.47c706dd93e009a16e5bedc5215042d9.jpg,lcc,378667,38888,41000,0.825783166686657,0.9045796694305692,0.9068673587910575,0.9023034930075512
GPAB6650_jpg.rf.d42500ecead8b3cfa4dd6cdbd03046bd.jpg,lcc,401725,11604,54736,0.8582675483105979,0.9237287161268812,0.9719255121223045,0.8800861409846624
GPAB6651_jpg.rf.b6a9a159f89e82d53644c3a73ebaa154.jpg,lcc,385843,14666,45960,0.8642100571372257,0.927159526715943,0.9633815969179219,0.8935625736736429
GPAB6652_jpg.rf.3746e0c1af503c85d382a9d829f4713a.jpg,lcc,418194,37620,43599,0.8373710736404539,0.9114882515063638,0.9174663349524148,0.9055875684559965
GPAB6653_jpg.rf.6462868b079303442dc200bdaa83cf5b.jpg,lcc,264208,3878,32012,0.8804057341268519,0.9363997547429941,0.9855344926628022,0.8919316724056444
GPAB6654_jpg.rf.c041357eb333cbca4f87f2517eb356e9.jpg,lcc,522893,27638,21656,0.9138498427961488,0.9549859371004858,0.9497975590838663,0.9602313106809488
GPAB6655_jpg.rf.fb96f38ea0bf68f9bcb15a2ea4533c20.jpg,lcc,64184,12903,12974,0.71267252195734,0.8322344322344323,0.8326176916989895,0.8318515254413023
GPAB6656_jpg.rf.5d4becc71a2154b3949645d8d64ed72e.jpg,lcc,456069,19708,13957,0.9312586016082199,0.964405906938337,0.9585772326110762,0.9703058979716016
GPAB6657_jpg.rf.8e09ed048fbf8afdda873ac2b2f11aff.jpg,lcc,432497,14174,16114,0.9345527620817442,0.9661693187174544,0.9682674720319877,0.9640802387814833
GPAB6658_jpg.rf.f6047019a05b50a74f0bc478b9487e2e.jpg,lcc,108526,63571,19108,0.5675897596820166,0.7241559932072424,0.6306094818619732,0.850290674898538
GPAB6659_jpg.rf.709b4d7ed4800dd29cbf1c81b90dd9e0.jpg,lcc,44480,7367,4541,0.7888203163793714,0.8819447198318595,0.8579088471849866,0.9073662307990453
GPAB6660_jpg.rf.31b6a04bb3b33417f99359b150249ea1.jpg,lcc,120730,23579,10579,0.7794664531790714,0.8760676008098165,0.8366075573942027,0.9194343114333366
GPAB6661_jpg.rf.3c4167a579d558a7483fe8be14f117da.jpg,lcc,169610,12064,324303,0.33521286540692563,0.5021114971128811,0.9335953411054967,0.3434005583979365
GPAB6662_jpg.rf.2108d9d531e28867ea4da578a80bbdb8.jpg,lcc,114605,7130,7979,0.883520668547728,0.9381587187242908,0.9414301556659959,0.9349099393069242
GPAB6663_jpg.rf.86f74cdd128bbd44c7c2229648721c5d.jpg,lcc,171136,16737,28504,0.790915855197179,0.8832529489333261,0.9109132232944596,0.8572230014025245
GPAB6664_jpg.rf.c6ef7a66d43f9061b3dfc2c5107657e0.jpg,lcc,240206,74005,85573,0.6008394533047846,0.7506554789918592,0.7644735543949767,0.7373280659588248
GPAB6665_jpg.rf.1b65939da5c873cbe5254fc52cc442d4.jpg,lcc,172571,29067,27078,0.7545208905367355,0.8600876679284403,0.8558456243366825,0.8643719728122856
GPAB6666_jpg.rf.4c4e1b29088fb6b155dc41c398781370.jpg,lcc,122169,8170,74393,0.5967264521423129,0.747437297530445,0.9373173033397525,0.6215290849706454
GPAB6667_jpg.rf.2a5460ac13ba5fc91010686eb1f3313c.jpg,lcc,233895,26053,87379,0.6734143904735307,0.8048387707278802,0.8997761090679675,0.7280234317124946
GPAB6668_jpg.rf.8a52d79d063cb9a4eb650e20d0cde86a.jpg,lcc,82568,24550,11792,0.694373896224035,0.819622986132481,0.7708134953975989,0.8750317931326833
GPAB6669_jpg.rf.321fecc390e5ecce908b5f9958f266ec.jpg,lcc,154385,16634,21615,0.8014421130226232,0.8897783694840916,0.9027359533151287,0.8771875
GPAB6670_jpg.rf.5e7d6bc2eaca9c5c6f30031c970d577c.jpg,lcc,31263,7701,15164,0.5775753768844221,0.732231734023492,0.8023560209424084,0.6733797143903332
GPAB6671_jpg.rf.8823d517f81d5155714d6730facb6945.jpg,lcc,124074,7570,4842,0.9090602699177938,0.9523641387780166,0.9424964297651242,0.9624406590337894
GPAB6672_jpg.rf.cfd673b99f828cebf1bf4d7528ea8aff.jpg,lcc,120622,8652,1203,0.9244694467224108,0.9607525318699,0.9330723888794343,0.9901251795608454
GPAB6673_jpg.rf.cd25a2f71375986cca89454d261f329d.jpg,lcc,56653,8232,76152,0.4016889185107454,0.573149881127017,0.8731293827541035,0.4265878543729528
GPAB6674_jpg.rf.20c047131d1c05472033eea3285c7c80.jpg,lcc,78572,2234,13246,0.8354101986135329,0.9103253313560108,0.9723535381036061,0.8557363479927683
GPAB6675_jpg.rf.4f04c89d08e730b52a36b57e46d13726.jpg,lcc,178828,6681,83124,0.6656963217475143,0.7993009446633338,0.963985574823863,0.6826746884925482
GPAB6676_jpg.rf.62dd073dcce1a1a6cf857a62a9f0e112.jpg,lcc,246282,14214,12321,0.9027369995271556,0.9488825830910866,0.9454348627234199,0.9523555411190125
GPAB6677_jpg.rf.fe0934180b433aa2bdd28762cc4c938e.jpg,lcc,450176,13083,41971,0.8910318072956871,0.9423763300628215,0.9717587785666334,0.9147185698581928
GPAB6678_jpg.rf.4fa0cceb63bfe1804bdd651c2a3fef64.jpg,lcc,155386,14509,62986,0.6672334797600491,0.800407966682721,0.9146001942376174,0.7115655853314528
GPAB6679_jpg.rf.56d98813e84f509e5216b1ab208b9c4d.jpg,lcc,173268,12563,10253,0.8836417045755901,0.9382269488184712,0.9323955637111139,0.9441317342429477
GPAB6680_jpg.rf.8ffe46388f899aa283fc4a3f321cec09.jpg,lcc,94357,3529,161631,0.3635869711810787,0.533280207079356,0.9639478577120324,0.3685993093426254
GPAB6681_jpg.rf.0f833ea68a8c1dffcb4c3f6adea2c72d.jpg,lcc,272060,14837,3096,0.9381605762897726,0.9680937562827705,0.9482845759976577,0.988748201020512
GPAB6682_jpg.rf.eb22232a2c018cc5851106de08352de7.jpg,lcc,34512,3721,7361,0.7569417028556389,0.8616583027488578,0.9026756990034787,0.8242065292670695
GPAB6683_jpg.rf.a8e659241e83b43452b24e4ddccbe5bd.jpg,lcc,44137,1796,2142,0.9180863234529382,0.9572940615104325,0.9608995711144493,0.9537155081138313
GPAB6684_jpg.rf.0736c8590fcf6864ecebf96c7bd09b8f.jpg,lcc,171876,76871,22119,0.6345425413303996,0.7764160617244354,0.6909671272417356,0.8859815974638522
GPAB6685_jpg.rf.42cdbc2507e32fe09d31984fc16f69b6.jpg,lcc,194778,10726,21081,0.8596244235055277,0.924514017604773,0.9478063687324821,0.902339026864759
GPAB6686_jpg.rf.0541fbfe096aff1703cafa9538cc4c97.jpg,lcc,75597,5621,1954,0.9089236762371952,0.952289174838917,0.9307912039203132,0.9748036775799152
GPAB6687_jpg.rf.f4a6a527a7155e2ece923d872127b126.jpg,lcc,252469,30409,2970,0.8832281492261621,0.937993784331537,0.8925013610107537,0.9883729579273329
GPAB6688_jpg.rf.57296e4a40af7ca9cfdf1f0f28a97d2c.jpg,lcc,75357,20950,50257,0.5141576376190606,0.6791335655481004,0.7824664873789029,0.5999092457847055
GPAB6689_jpg.rf.be92867710229776bc9c7cdaf8ee7bb8.jpg,lcc,182561,22435,53147,0.7072087951251825,0.8284971318617484,0.8905588401724912,0.7745218660376398
GPAB6690_jpg.rf.58efacb471360e1d9e71b80ee71f6572.jpg,lcc,218170,26163,46022,0.7513905391675707,0.8580502433508677,0.8929207270405554,0.8258009326550387
GPAB6691_jpg.rf.e53cc0d0f407655cd9ee813792227553.jpg,lcc,218383,37709,34157,0.7523988024075879,0.8587072775602007,0.8527521359511425,0.8647461788231567
GPAB6692_jpg.rf.6ad73c56d9ae12964e6c6e531ac3da38.jpg,lcc,96398,4188,44515,0.6643510382423278,0.7983304278692666,0.9583639870359693,0.6840958605664488
GPAB6694_jpg.rf.23021e03dc2ebb10427984d31a572e3d.jpg,lcc,208416,43796,13368,0.7847578883952104,0.8793998261588706,0.8263524336669151,0.9397251379720809
GPAB6695_jpg.rf.b95d2c9058d219316957c2f1e02a8d4e.jpg,lcc,290591,36026,168909,0.5864293700027849,0.7393072532460181,0.8896995563611202,0.6324069640914037
GPAB6696_jpg.rf.7b1873494355502f46e4f7212e94cfcf.jpg,lcc,96785,7068,51527,0.6228922641266572,0.7676323042452362,0.9319422645470039,0.652576999838179
GPAB6699_jpg.rf.1f86c763a14196b5d571d2540d89638c.jpg,lcc,42502,59481,16944,0.35737889629772884,0.526572053348531,0.4167557337987704,0.7149682064394577
GPAB6700_jpg.rf.f7961569fdb6334ea3abacfaa8f67f96.jpg,lcc,0,37028,12997,0.0,0.0,0.0,0.0
GPAB6701_jpg.rf.149875ae1fe458dc6e8531c3f26d32f6.jpg,lcc,26360,13797,3715,0.6008388037928519,0.7506549720924934,0.6564235376148617,0.8764754779717373
GPAB6704_jpg.rf.9790ef8bf24b48dda270de4b435b6865.jpg,lcc,69755,16541,22754,0.6396607060981201,0.7802354520287464,0.8083225178455549,0.7540347425655882
GPAB6705_jpg.rf.01585a7db7bb160584e50946bb0e8993.jpg,lcc,248681,73594,36430,0.6932744176969934,0.8188565426269292,0.7716422310138856,0.8722252035172267
GPAB6706_jpg.rf.9f01d89475c6a9d588cbb65cc6f65da0.jpg,lcc,313481,70259,92918,0.6576644050870855,0.7934831719482268,0.8169098869025903,0.7713626263844153
GPAB6710_jpg.rf.9e215ac6bc82835890363fb4d212536b.jpg,lcc,203321,102200,53717,0.5659785434725725,0.72284329288128,0.6654894426242386,0.7910153362537835
GPAB6711_jpg.rf.0304d9a3dd979cd916641d89cb49b8f0.jpg,lcc,148702,19320,63505,0.6422663447459691,0.7821707444724101,0.8850150575519873,0.7007403148812245
GPAB6712_jpg.rf.822cd24c51032f70db27a6d6f422a8c4.jpg,lcc,94292,110022,51878,0.36805208593554833,0.5380673582816905,0.46150533003122646,0.6450844906615585
GPAB6713_jpg.rf.27d0d3fc4947952724f70345fd4f81b9.jpg,lcc,202552,89917,134309,0.4746074071297021,0.6437067992944878,0.6925588694870226,0.6012925212476362
GPAB6714_jpg.rf.d664e0d22c48cb5ba50f7da1a60f33a3.jpg,lcc,453389,13290,47940,0.8810187731117584,0.9367463905256981,0.9715221811994968,0.9043741734469779
GPAB6717_jpg.rf.d75823f43240ef0ce9f9964a1c4519d3.jpg,lcc,32825,28824,10624,0.45418067604776335,0.6246550838265238,0.5324498369803241,0.7554834403553592
GPAB6718_jpg.rf.0f4f6dd3bde84d2d235fde632ef8b650.jpg,lcc,108082,13991,35651,0.6852603281681925,0.8132397312325531,0.8853882512922595,0.7519637104909798
GPAB6720_jpg.rf.470f598882af8d62b6eb1b2dd1b45516.jpg,lcc,138584,26038,31120,0.7079931746891316,0.8290351333728158,0.8418315899454508,0.8166218828077123
GPAB6721_jpg.rf.6d79cc0bee61efd5fc70bf8565773f07.jpg,lcc,198747,43505,52173,0.6750343890634287,0.8059946631195607,0.820414279345475,0.7920731707317074
GPAB6722_jpg.rf.3905acae98248caaa1018f868607f294.jpg,lcc,137900,22090,65587,0.6113211896602934,0.7587825364465978,0.8619288705544097,0.6776845695302403
GPAB6723_jpg.rf.a9391a805eef75647fdc4a53714dddc1.jpg,lcc,124545,45996,33635,0.6099884413447222,0.7577550567198323,0.7302935950885711,0.7873624984195221
GPAB6724_jpg.rf.abb977d8b1d48600b80c49827e043ca3.jpg,lcc,93152,56553,41690,0.4867002795266334,0.6547389359227123,0.6222370662302529,0.6908233339760609
GPAB6725_jpg.rf.990d5f2625903257e8bc17df9fa2bf20.jpg,lcc,144567,32381,75882,0.5717952774591623,0.727569659559584,0.8170027352668581,0.6557843310697712
GPAB6726_jpg.rf.6e8b4f32f5c8ad2068d284eea6b3ba73.jpg,lcc,149236,37592,165323,0.42378411533688676,0.5952926581662469,0.7987881902070354,0.47442928035758
GPAB6727_jpg.rf.2b47a87edd848492b696c791dce918bb.jpg,lcc,134668,66615,51146,0.5334886245241236,0.6957842607925145,0.6690480567161659,0.724746251627972
GPAB6728_jpg.rf.c94a7a80fbc13b2ef9bf80be068ef9ee.jpg,lcc,111724,35857,42483,0.5878230490782053,0.7404138004161862,0.75703511969698,0.7245066696064381
GPAB6729_jpg.rf.252f5cc0c0084ddbc28a453a606bd948.jpg,lcc,63062,29127,32202,0.5069659380501805,0.6728299893840056,0.6840512425560533,0.6619709439032583
GPAB6730_jpg.rf.faeabf355c420e2ba8d4915690db7746.jpg,lcc,57916,9545,14911,0.7031029961637449,0.8256729014598541,0.858510843302056,0.7952545072569239
GPAB6731_jpg.rf.9aff60cc937711da4f513b555afdcc79.jpg,lcc,90056,38779,28231,0.5733640635147008,0.7288383875170968,0.6990026002250941,0.7613347197916931
GPAB6733_jpg.rf.acb5d981beab731e09c53f2eedd2e502.jpg,lcc,87900,47224,14347,0.5880739407644292,0.7406127960028815,0.6505136023208312,0.8596829246823867
GPAB6734_jpg.rf.46683f64576f9a3cfb6bbe554cb86593.jpg,lcc,108269,13777,10987,0.8138506986988191,0.8973734158854879,0.8871163331858479,0.9078704635406185
GPAB6735_jpg.rf.20b7c5c450a55f6155703cf2bbbe373f.jpg,lcc,107059,6667,38251,0.7044421195312449,0.8265955311230871,0.9413766421047078,0.7367627830156218
GPAB6736_jpg.rf.2a447b81d9e09d99d2aa4e6de92083cb.jpg,lcc,363374,25052,50398,0.8280631870636064,0.9059459136023774,0.9355038025260924,0.878198621463028
GPAB6737_jpg.rf.b1b33630159b660adb00a54e0dd9619a.jpg,lcc,343061,16335,3797,0.944569416260776,0.9714946747204264,0.9545487428908502,0.9890531571997763
GPAB6738_jpg.rf.fb0e439af4ed6e91340673e23d74129f.jpg,lcc,143120,28121,84370,0.5599133057654013,0.7178774662617153,0.8357811505422182,0.6291265550134072
GPAB6739_jpg.rf.4d32d55f2ea6573a4c99327645b6c1e2.jpg,lcc,209366,57081,656,0.7838399418950742,0.878823176324168,0.7857697778545076,0.9968765176981459
GPAB6740_jpg.rf.43588fe8737c9d3ec2b756b24d86e2c0.jpg,lcc,338521,69442,45320,0.746820419031819,0.855062616506105,0.8297835833151536,0.881930278422576
GPAB6741_jpg.rf.4813cc555ec276c90547ec3f17feecce.jpg,lcc,379080,51340,12812,0.8552631578947368,0.9219858156028369,0.8807211560801078,0.9673073193634981
GPAB6742_jpg.rf.19f506fad94038a2fdef528bee2aa3ad.jpg,lcc,508606,203976,15062,0.6989764225362952,0.8228206268958544,0.7137508384999902,0.9712375016231658
GPAB6743_jpg.rf.0ee30ee003eb99a660a748a583191988.jpg,lcc,461980,76435,14417,0.835660743227599,0.9104740582492127,0.8580370160563877,0.9697374248788301
GPAB6743_jpg.rf.effa400c62434f49e21656a7fe755769.jpg,lcc,510916,34308,10680,0.9190723578171771,0.9578298119645301,0.9370754038707027,0.9795243828556968
GPAB6744_jpg.rf.a8dbeb68f8cee29da713eb411b6cabde.jpg,lcc,265038,25055,23001,0.8465125489469616,0.9168771145689911,0.9136311458739094,0.920146230197994
GPAB6745_jpg.rf.2153b608d7e2146d34b9d9fc3febb368.jpg,lcc,357898,21418,41659,0.8501644990795177,0.9190150383952198,0.9435352054751184,0.895737028759351
GPAB6798_jpg.rf.8586409eb79e92bd79db8bd31825a216.jpg,lcc,66947,19595,42699,0.5180012534721954,0.6824780312761229,0.7735781470268771,0.6105740291483501
GPAB6809_jpg.rf.e379cb9b5655b5b9c1ab48d1da37d5cf.jpg,lcc,322462,44348,42439,0.7879359509736127,0.8813916969951251,0.8790981707150841,0.8836972219862373
GPAB6810_jpg.rf.942a61223106aacf8e8c96d03620647b.jpg,lcc,74684,17058,7564,0.7520592914828913,0.8584861198919478,0.8140655315994855,0.9080342379145997
GPAB6811_jpg.rf.5d27bc2691a61663881664b2487e0d80.jpg,lcc,28670,9306,8331,0.6191288574081673,0.764767862144391,0.754950495049505,0.7748439231372125
GPAB6822_jpg.rf.b99bfee0fa8e636686edfa07726c9c29.jpg,lcc,201738,72946,104634,0.5318439936939454,0.6943840180636633,0.7344366617640634,0.6584740119854294
GPAB6851_jpg.rf.d59056d1d0d3c9d325f4a76cc1ba4c8b.jpg,lcc,319998,43105,121205,0.6607324264724102,0.7957120797308487,0.8812871278948398,0.7252851861841375
GPAB6884_jpg.rf.1295437527df283efdef3e5a9c3b06b7.jpg,lcc,168781,30930,67107,0.6325697666574219,0.7749374998565194,0.8451262073696492,0.7155132944448213
GPAB6885_jpg.rf.be97c790ae34175e4f797ccc4b6c5bfc.jpg,lcc,291541,16001,626817,0.3120224667392298,0.4756358593686271,0.9479713339966573,0.31745898658257454
GPAB6906_jpg.rf.73105f6b446d8109bac51ef296914ed4.jpg,lcc,323516,49199,51610,0.7624250279856243,0.8651999556055364,0.8679983365305931,0.862419560361052
GPAB6910_jpg.rf.1d5376253b5d5d1d7e6717476f5b5ed4.jpg,lcc,76608,3348,5416,0.8973433912758282,0.945894554883319,0.9581269698334084,0.9339705452062811
GPAB6911_jpg.rf.6054641356b5c6b94a2f979a7675620d.jpg,lcc,76269,13327,15346,0.7267728840692954,0.841770091219628,0.8512545202910844,0.8324946788189707
GPAB6915_jpg.rf.7e7b783f170b910f9398380099ea6085.jpg,lcc,146119,23857,9504,0.8141241363940271,0.8975396116081438,0.8596448910434414,0.9389293356380484
GPAB6916_jpg.rf.2ea16833db5bc53744b52042ad162eea.jpg,lcc,134461,17208,43164,0.6901346281174133,0.8166623139200836,0.8865424048421233,0.7569936664320901
GPAB6917_jpg.rf.3654181da791af09652ebca09656faa3.jpg,lcc,116245,80685,51939,0.46709312931703023,0.6367600256358288,0.5902858883867365,0.6911775198592018
GPAB6921_jpg.rf.7d23b8ba81f4b7b036919eb82f4b2115.jpg,lcc,113562,27522,212987,0.3207322825083105,0.4856885634675055,0.8049247256953305,0.3477640415374109
GPAB6929_jpg.rf.da2115ed575dc3b6a07ef26d6f83377a.jpg,lcc,188006,30965,48060,0.7040605772363508,0.8263328037060722,0.8585885802229519,0.796412867587878
GPAB6931_jpg.rf.5fe64cd601f36dfacddfb1c7ad0ca2ea.jpg,lcc,172835,61908,10967,0.7034105246021733,0.8258849108220143,0.736273286104378,0.9403325317461181
GPAB6942_jpg.rf.ad7a548a4c1e9f9e656996478eed1274.jpg,lcc,181094,244215,69872,0.3657127393821653,0.5355631954456397,0.42579395216183996,0.7215877847995346
GPAB6943_jpg.rf.6c8af24769bb96f9b4497d80a41f4c3d.jpg,lcc,240075,6449,38477,0.842365465384332,0.9144390526323808,0.9738402751861888,0.8618678020620926
GPAB6944_jpg.rf.29853f1d5567546dbca6ebf05b96d79a.jpg,lcc,428185,22650,17373,0.9145187608925948,0.9553510569582762,0.9497598899819224,0.9610084433451986
GPAB6946_jpg.rf.69a736a184165b6b0dbcc98f8e658fd4.jpg,lcc,152820,15315,52589,0.6923578768054222,0.8182168633414002,0.9089124810420198,0.7439790856291594
GPAB6951_jpg.rf.fd609cc90f60eda0e6252f5f464ff693.jpg,lcc,250810,35008,30132,0.7938281373635069,0.8850659891312019,0.8775164615244666,0.8927465455503271
GPAB6953_jpg.rf.cafe2c5508e2ff7b8f76d42a30658cbb.jpg,lcc,385011,31021,24428,0.8741111565181855,0.9328274403340638,0.9254360241519883,0.940337876948703
GPAB6980_jpg.rf.fc99a764c38c296eeaa04df2539d9919.jpg,lcc,168071,47613,71037,0.5861830839038648,0.7391115059191894,0.7792464902357152,0.7029083092159192
GPAB6997_jpg.rf.c826182a13a0d7947e84cecc52a9bd70.jpg,lcc,293377,14264,51132,0.817723184297592,0.8997224564900713,0.9536342685142748,0.8515800748311365
GPAB7009_jpg.rf.28247ed465ee7cd05cd23f3380511de3.jpg,lcc,129010,22876,200149,0.36646924311503115,0.5363739359103619,0.8493870402802102,0.391938242612233
GPAB7021_jpg.rf.7c0a3f03fd6f538b6a5b3e820de08068.jpg,lcc,345465,36379,67474,0.7688652580132557,0.8693316288848655,0.9047281088612104,0.8366005632793221
GPAB7022_jpg.rf.ef80630b7a7d3048fbaa5f24c5ae6cf6.jpg,lcc,669604,56420,12266,0.9069660973330264,0.9512136567099512,0.9222890703337631,0.9820112338128969
GPAB7023_jpg.rf.3d860cb9b2b20806f8f8e342858c372c.jpg,lcc,322416,30217,44831,0.8111828995833585,0.8957492915485914,0.9143103453165189,0.8779268448755198
GPAB7024_jpg.rf.a1ef511de11f5c302d455d82c0d37bd8.jpg,lcc,187333,5103,8617,0.9317592873520912,0.9646743188477442,0.9734820927477187,0.9560244960449095
GPAB7026_jpg.rf.074569e48485ec38a4cb5c629f52f56c.jpg,lcc,142960,13626,5267,0.883270622107715,0.9380177354640387,0.91298072624628,0.9644666626188211
GPAB7027_jpg.rf.5bf488c10f515218c4a6f6359ff04865.jpg,lcc,160136,249720,5094,0.3859163754669237,0.556911488020922,0.3907128357276702,0.9691702475337408
GPAB7050_jpg.rf.5d195395bfbe8803ccd8968785d9d541.jpg,lcc,385769,19209,19338,0.909154969409591,0.952416104482863,0.9525677938060833,0.9522644634627395
GPAB7059_jpg.rf.9d98a90bf8301b908be647a4c522fe68.jpg,lcc,476634,53717,112956,0.7409121927788754,0.8511769816445688,0.8987142477340478,0.8084160179107516
GPAB7061_jpg.rf.017d56e7556882c1de865eb499bdbf21.jpg,lcc,188220,21720,49777,0.7247118979504614,0.84038603642923,0.8965418691054587,0.7908503048357752
GPAB7062_jpg.rf.2c7208719da7236acf8888944147a4c5.jpg,lcc,254617,133484,36521,0.5996321434122585,0.7497125459521612,0.6560586033017178,0.8745577698548455
GPAB7065_jpg.rf.4039f0083a44753ef687177038eeddbf.jpg,lcc,234693,28234,15724,0.8422471119787835,0.9143693118065079,0.8926165817888615,0.9372087358286378
GPAB7067_jpg.rf.a302de79c7c7c7514de83ec1b06bfd44.jpg,lcc,269971,7768,14730,0.9230756080131569,0.959999288813029,0.9720312955688614,0.9482615094432405
GPAB7079_jpg.rf.909e521c3f586cbc8b357fbd01b9cb3a.jpg,lcc,171600,17181,31431,0.779249087243202,0.8759302930997519,0.9089897818106695,0.8451911284483651
GPAB7080_jpg.rf.534c4e4511da2cce23e581aeb17807ff.jpg,lcc,251021,13473,91489,0.7051488413772568,0.8270818643699218,0.9490612263416184,0.7328866310472687
GPAB7081_jpg.rf.2159b20d8b296fd86124587d2ea73ea6.jpg,lcc,173086,11464,28272,0.8132899794194209,0.8970324533308457,0.9378813329720943,0.8595933610782784
GPAB7090_jpg.rf.5a202a153d5630556c96afc11f25bef5.jpg,lcc,188650,100410,19017,0.6123469132716821,0.7595721593551388,0.6526326714176988,0.9084255081452518
GPAB7095_jpg.rf.da1a17f02f4eb3d1397d87151efeb1a6.jpg,lcc,446978,14535,49456,0.8747653967266116,0.933199853436568,0.9685057625679017,0.9003774922749046
GPAB7183_jpg.rf.4ec008fb929778140b3f448a821803ac.jpg,lcc,11661,98006,939,0.10542827694700106,0.19074648106193823,0.10633098379640184,0.9254761904761905
GPAB7185_jpg.rf.bbdd85b10b2ce4494aa5e4f51cb88e08.jpg,lcc,5682,234146,59194,0.019001946345084977,0.03729521109010712,0.02369197925179712,0.08758246501017325
GPAB2750_jpg.rf.cdad5a44fc68268026febd47efc11e6c.jpg,bleached,9962,10471,49325,0.14280799334843317,0.24992473657802308,0.4875446581510302,0.16803009091369103
GPAB2751_jpg.rf.5c54bc040bd61f476b2936c0f427baaf.jpg,bleached,4814,3017,51071,0.08172897354928525,0.1511080419360914,0.6147363044311072,0.08614118278607856
GPAB2752_jpg.rf.3d3a23e7d01325a3e36b5203981b2c6b.jpg,bleached,6440,183244,12378,0.03187140580613871,0.06177398777949372,0.0339512030534995,0.34222552874907003
GPAB2753_jpg.rf.ecc3e09a60fddd4051f8cc1817f5abe0.jpg,bleached,54197,43053,53004,0.3607025436926804,0.5301710434284987,0.5572956298200514,0.5055643137657297
GPAB2755_jpg.rf.989ddbf0acb4906444222985aa1c08ad.jpg,bleached,45250,38109,54848,0.3274074395652897,0.4933036079299236,0.5428328074952915,0.4520569841555276
GPAB2756_jpg.rf.e3eab669406113c45048b693e012a15e.jpg,bleached,20497,21800,21894,0.3193126762318705,0.48405913470621575,0.48459701633685603,0.483522445802175
GPAB2863_jpg.rf.96811bd1325e7bbd6bdfefe68952512f.jpg,bleached,950,2611,12549,0.058969584109248914,0.11137162954279015,0.2667789946644201,0.07037558337654641
GPAB2864_jpg.rf.bba294c9d2767e1fca67088d5f57ed2c.jpg,bleached,0,18816,4320,0.0,0.0,0.0,0.0
GPAB2865_jpg.rf.bc51b557fce1c755711f160a6fb06174.jpg,bleached,15038,86576,202,0.14769780781016736,0.2573810053571123,0.14799141850532407,0.986745406824147
GPAB2866_jpg.rf.419a33f7e1a92b4b4cd4c79fef598c57.jpg,bleached,293,56335,2522,0.004953508030431107,0.009858183469878707,0.005174118810482447,0.10408525754884547
GPAB2867_jpg.rf.a760f33822f6d3414eebcb42d8a10ffe.jpg,bleached,24435,48289,20423,0.2623272891236433,0.41562484053681686,0.33599636983664266,0.5447188907218333
GPAB2868_jpg.rf.388ca1bea37ef902bb25b8564d68772c.jpg,bleached,1706,360837,9558,0.004584776713849197,0.009127704938644808,0.004705648709256557,0.1514559659090909
GPAB2869_jpg.rf.f5f4b6550e77b27a16ff75349110b44f.jpg,bleached,22727,57368,68531,0.15291402580975064,0.26526527110701303,0.2837505462263562,0.24904117995134673
GPAB2870_jpg.rf.bf5e43594708726bc8b61ede51e9e0d6.jpg,bleached,19658,11401,23472,0.36049219709889785,0.5299437922063918,0.6329244341414727,0.4557848365406909
GPAB2871_jpg.rf.504bfd08c70eccfa9fd23ba467a0b88b.jpg,bleached,630,7222,4528,0.05088852988691438,0.09684857801691008,0.08023433520122261,0.1221403644823575
GPAB2907_jpg.rf.bf31d322ee0d726153fd605a1778f741.jpg,bleached,0,4001,0,0.0,0.0,0.0,
GPAB2908_jpg.rf.88dda92c5d3e1444f5a1b36c77499932.jpg,bleached,88885,48275,3300,0.6328136124163463,0.775120451721206,0.6480387868183144,0.9642024190486521
GPAB2909_jpg.rf.f8bd8c4e84c1945b4c81d8aa05b48c12.jpg,bleached,13785,65247,64367,0.09613037747822509,0.17539953175895764,0.17442301852414213,0.17638704063875524
GPAB2910_jpg.rf.6a59ae7e8c4bd736c88f0483d80245eb.jpg,bleached,7035,20335,2950,0.2320250659630607,0.3766564047650917,0.2570332480818414,0.7045568352528793
GPAB2911_jpg.rf.a892723d63b47464304a3bf61c90205b.jpg,bleached,163453,12960,29686,0.7930800246483486,0.8846008139585227,0.9265360262565684,0.8462972263499345
GPAB2912_jpg.rf.bf1be34d721f9328c589ea24f4d294f3.jpg,bleached,0,12405,0,0.0,0.0,0.0,
GPAB2913_jpg.rf.a426d17e675cf5b48b74ca8af4351b03.jpg,bleached,165327,941,3179,0.9756856126104327,0.9876931900326787,0.9943404623860274,0.981134202936394
GPAB2914_jpg.rf.05ad5a37a80ee9922fa2d84461e64b23.jpg,bleached,252059,11764,125782,0.6469603829519641,0.7856417065629364,0.9554094980346672,0.6671033582909213
GPAB2915_jpg.rf.a6786972f25a53ecff6281be316a127d.jpg,bleached,243446,54347,130716,0.5681234233119958,0.7245901883310638,0.817500747163298,0.6506433042372021
GPAB2916_jpg.rf.7f634b0de0ff892d3d6e051ea3b40642.jpg,bleached,1525,146470,5484,0.009936212771779853,0.01967691156357255,0.010304402175749182,0.2175774004850906
GPAB2941_jpg.rf.18f7f408bdbb3d1b44d43910c2e6eba4.jpg,bleached,74488,3900,14202,0.8044929258019224,0.8916553944864075,0.9502474868602337,0.8398692073514489
GPAB2942_jpg.rf.1e3195c08fa8efff9464de31cf8e5d3c.jpg,bleached,44201,59936,18498,0.36042728421739306,0.5298736483732528,0.42445048349770015,0.7049713711542449
GPAB2943_jpg.rf.785d4f902aaf6a01200939a608fa2ac6.jpg,bleached,29056,69403,981,0.2921962992759453,0.45224754077947954,0.295107608243025,0.9673402803209376
GPAB2944_jpg.rf.4c5671d6eb3325a6fb91a55ecd6b13f6.jpg,bleached,137817,16849,80697,0.5855508299945191,0.7386087142933705,0.8910620304397864,0.6307010077157528
GPAB2946_jpg.rf.4ae04bdc56ebbfb34e63f95e6dec2beb.jpg,bleached,0,0,0,1.0,1.0,,
GPAB2948_jpg.rf.4acdaada60495f5c29e1e122f2d83397.jpg,bleached,17322,5126,3407,0.6699671243473216,0.8023716330453714,0.7716500356379188,0.8356408895749916
GPAB2949_jpg.rf.7fbf6a8deca8c7aae18c53062828ddff.jpg,bleached,0,0,3628,0.0,0.0,,0.0
GPAB2950_jpg.rf.502dd1ed83690517b5d11f810ee8abd0.jpg,bleached,5156,4412,10261,0.2600231983458571,0.41272763658194916,0.5388795986622074,0.33443601219433094
GPAB2951_jpg.rf.42d2aa39a63a8cd50185c4c34c3d023a.jpg,bleached,20974,77717,65186,0.12798623357762223,0.22692871556009975,0.21252191182579971,0.24343082636954502
GPAB2952_jpg.rf.d5edd999c3d70eee6ea6ae39f932ee17.jpg,bleached,52102,64041,6514,0.42477803957377075,0.596272581097397,0.44860215424089267,0.8888699331240617
GPAB2953_jpg.rf.e9d7fd4bca495dd962d44280979b6764.jpg,bleached,107762,79588,19875,0.5200241283628906,0.6842314127249696,0.5751908193221243,0.8442849643912032
GPAB2985_jpg.rf.1aa4eb008b359be4a92a854650b08c4f.jpg,bleached,2249,1798,5882,0.22650820827877932,0.3693545738216456,0.5557202866320732,0.2765957446808511
GPAB2986_jpg.rf.8384c7104ca8ce5717f2a1895ec3f4e6.jpg,bleached,9299,77844,25686,0.08241675455778213,0.15228285077951,0.10670966113170306,0.26579962841217664
GPAB2987_jpg.rf.8edaf56f6842917821771008f1c445b3.jpg,bleached,76181,33654,22844,0.5741752651135448,0.7294934405822082,0.6935949378613374,0.7693107801060338
GPAB2988_jpg.rf.83afaab24b357370faadb37c4a8f2e80.jpg,bleached,8228,4373,9236,0.37679168383935524,0.547347413936471,0.6529640504721848,0.4711406321575813
GPAB2989_jpg.rf.8c0306c24da4ca0fa0a6db116a0c7028.jpg,bleached,157765,112154,137623,0.3871134754209382,0.5581568952799099,0.5844901618633739,0.5340941405879724
GPAB2990_jpg.rf.26380753fc33e784adf7e3cfce47a36f.jpg,bleached,79954,7066,3770,0.8806476484194294,0.9365365693670056,0.918800275798667,0.954971095504276
GPAB2991_jpg.rf.349d021fabfa3966b9f88f23b1096169.jpg,bleached,7164,173759,191185,0.019252475087877714,0.037777637157501744,0.039596955610950516,0.03611815537260082
GPAB2992_jpg.rf.e4effd5df06ee1d3cc045935c76638eb.jpg,bleached,89615,7075,3099,0.8980448746855866,0.9462841333868345,0.9268280070327852,0.9665746273486205
GPAB2994_jpg.rf.399149a84f76c2e820ddc039f29be960.jpg,bleached,14762,38608,12205,0.22511627906976744,0.3675018982536067,0.27659733932921116,0.5474097971594912
GPAB2995_jpg.rf.77053a52828cd1b35e1a6b481dda0977.jpg,bleached,283370,51137,486712,0.3450602092742618,0.5130777148785657,0.8471272649002861,0.36797380019270676
GPAB2996_jpg.rf.71234c52d0bc86b7485ea41a885640db.jpg,bleached,97923,232799,2069,0.29424774107472856,0.45470079913817524,0.2960885577615036,0.9793083446675734
GPAB3022_jpg.rf.4a7028ccc8d0c43d90f9f26c5b803a76.jpg,bleached,0,0,0,1.0,1.0,,
GPAB3023_jpg.rf.2d06d6161234dba9738fbea660799947.jpg,bleached,0,20225,11008,0.0,0.0,0.0,0.0
GPAB3024_jpg.rf.962d5da92455184bd060dd0c24c8dab4.jpg,bleached,7460,3397,8337,0.3886631238928832,0.5597658887971787,0.6871143041355807,0.4722415648540862
GPAB3025_jpg.rf.0e7dd03ddf2d70bda47a0516e862f4c9.jpg,bleached,4445,27203,5597,0.11934487850718217,0.21324058527224754,0.14045121334681496,0.4426409081856204
GPAB3026_jpg.rf.0132f1051a4116579dca9e90f5fe8dac.jpg,bleached,4032,30776,13047,0.08425451885905338,0.15541465106866845,0.11583544012870604,0.23607939574916564
GPAB3027_jpg.rf.747b37a57bb87ebb8bad757bc73c82cb.jpg,bleached,33160,4782,18003,0.5927249977656627,0.7442904438583693,0.8739655263296611,0.6481246213083673
GPAB3028_jpg.rf.bab6e79b28a15e973dd2a4273d4b3f69.jpg,bleached,4064,25582,6053,0.11384072382979915,0.20441113598068555,0.13708426094582743,0.40170010872788375
GPAB3029_jpg.rf.9be364b3f26fd5581081ef77d347a1a7.jpg,bleached,37305,123290,30551,0.19516495244472812,0.32659082253962557,0.23229241259067843,0.5497671539731196
GPAB3030_jpg.rf.adc799d4514f57aa03abab83f2ad6e6e.jpg,bleached,60478,145008,4183,0.2884451206425366,0.44774141485931734,0.2943168877685098,0.9353087641700562
GPAB3031_jpg.rf.ab0edf94425b881b01d5ae81bd81b21d.jpg,bleached,67997,76581,2431,0.46253630730091355,0.6325125810442499,0.4703136023461384,0.9654824785596637
GPAB3032_jpg.rf.1d597c1e44f74b2246f4f867092f84fd.jpg,bleached,14631,97620,7025,0.12266507931184815,0.21852479706064656,0.13034182323542776,0.675609530845955
GPAB3033_jpg.rf.50b9b3afcefbc3350536ce8c5bc36581.jpg,bleached,96561,22245,11799,0.7393361663029746,0.8501360238768125,0.812761981718095,0.8911129568106312
GPAB3035_jpg.rf.d5c32d9742ccdb6a97e4a8d5755c24d6.jpg,bleached,0,0,0,1.0,1.0,,
GPAB3036_jpg.rf.73115f2d96e2a173cce8abbe17c95bd0.jpg,bleached,19625,1976,29079,0.3872336227308603,0.5582817722779319,0.9085227535762234,0.40294431668856767
GPAB3065_jpg.rf.623b37a3e1def7e946fbe7642cf75b09.jpg,bleached,0,0,0,1.0,1.0,,
GPAB3066_jpg.rf.c7ab7f595d1fabcf9345d55074498965.jpg,bleached,39138,705,93105,0.29438577488943046,0.45486559046058367,0.9823055492809276,0.2959551734307298
GPAB3067_jpg.rf.787b1d28ce4fe02d8dcdc53034e25912.jpg,bleached,5208,14743,73609,0.05566481402308679,0.10545925805929046,0.2610395468898802,0.06607711534313664
GPAB3068_jpg.rf.7d5b5b389e42fbf25daa11b1aab52fd6.jpg,bleached,1606,5486,11555,0.08612645465758567,0.15859378857453216,0.22645234066553863,0.12202720158042701
GPAB3069_jpg.rf.b4e787e9b2ba7d152d6ea99e92e0ca40.jpg,bleached,157001,19084,49171,0.6969892033952481,0.8214421187839595,0.8916205241786637,0.7615049570261723
GPAB3070_jpg.rf.9cd39d8ce8d5b63ee10a306d3f11ec2a.jpg,bleached,17925,21103,60803,0.17955344532259518,0.30444308570263934,0.45928564107820025,0.22768265420180875
GPAB3072_jpg.rf.0ac2243c6b202e76c28f399d6eb11d70.jpg,bleached,0,0,0,1.0,1.0,,
GPAB3074_jpg.rf.38770129f002645fcdacee0bd4225300.jpg,bleached,0,4896,7382,0.0,0.0,0.0,0.0
GPAB3075_jpg.rf.3f2d5382731b43b7f93907122f078970.jpg,bleached,52203,7007,44813,0.5018409390231007,0.66830105104144,0.8816585036311434,0.538086501195679
GPAB3076_jpg.rf.6688d0a1b6f765cccf799dc184aea270.jpg,bleached,34123,13026,33340,0.423946129284747,0.5954524831605765,0.7237269083119472,0.5058031810029201
GPAB3077_jpg.rf.e6dd2d28fb69105d93898db9cb337457.jpg,bleached,53868,3552,31237,0.6076000767000914,0.7559094895632346,0.9381400208986416,0.6329592855883908
GPAB3078_jpg.rf.cd093ba40852e610c6dba2034d50c1dc.jpg,bleached,0,0,42405,0.0,0.0,,0.0
GPAB3079_jpg.rf.a4a8223fb26f718eff035a84cb461caa.jpg,bleached,0,2914,23925,0.0,0.0,0.0,0.0
GPAB3080_jpg.rf.78f928f2c19bd787656114709b49bc5b.jpg,bleached,0,0,0,1.0,1.0,,
GPAB3090_jpg.rf.125d5f6ed38bdc5cbae2b664e2362386.jpg,bleached,1339,2191,165433,0.007924811941075856,0.015725006165517728,0.3793201133144476,0.008028925718945626
GPAB3091_jpg.rf.2419e7ae9b651b8df0f426db91599eee.jpg,bleached,1333,31110,69771,0.013041266362729176,0.025746762339807043,0.041087445673951235,0.018747187218721872
GPAB3092_jpg.rf.3bad61d847234ef79c48d0ea084de422.jpg,bleached,0,0,29350,0.0,0.0,,0.0
GPAB3093_jpg.rf.285d85f2bda7ab2fe223676c69049377.jpg,bleached,97829,5168,546222,0.1506872103250213,0.26190820402437326,0.9498237812751827,0.15189635603391657
GPAB3095_jpg.rf.c30fe8fea9a0ca71fd70d7ad21b1c91c.jpg,bleached,82990,23,884986,0.08573355964210706,0.1579274378704249,0.9997229349619939,0.08573559675033265
GPAB3096_jpg.rf.a6470fed9e9e1c7e6665b90f39689d33.jpg,bleached,96908,39308,297462,0.22345611259967071,0.36528668302593736,0.7114289070300112,0.24572863047392043
GPAB3097_jpg.rf.1d99e8ef816fb9dcb878d24c738e0e5f.jpg,bleached,0,1028222,0,0.0,0.0,0.0,
GPAB3098_jpg.rf.64f8658b6d719daf7a6ca2fc4cd9cecf.jpg,bleached,0,22285,0,0.0,0.0,0.0,
GPAB3099_jpg.rf.fd9c504343c7c4aa14009c61fb4860e5.jpg,bleached,2649,100059,71720,0.01518678193867957,0.029919187698007083,0.025791564435097558,0.03561968024311205
GPAB3100_jpg.rf.e7ec1e1b776eaf06f12dc677181b3f99.jpg,bleached,18283,22799,106288,0.1240618850512316,0.22073853175010413,0.44503675575677915,0.14676770676963338
GPAB3101_jpg.rf.b62e7eeebc3c25bf04dbff6c796cb5d3.jpg,bleached,96078,53428,169613,0.30107264061368955,0.46280681218794933,0.6426364159297955,0.36161556093356567
GPAB3102_jpg.rf.474b567b589316cba823bc1f8cfcd7ea.jpg,bleached,9800,16820,25035,0.18972025941341594,0.3189325522740216,0.3681442524417731,0.2813262523324243
GPAB3103_jpg.rf.57b80bcdb3fdddfed29907c8e94f6a12.jpg,bleached,17638,11863,92323,0.14478263724717624,0.2529434541308744,0.5978780380326091,0.16040232446049055
GPAB3104_jpg.rf.e80e02c3e101d1c16303a7ca427c6a49.jpg,bleached,0,0,1732,0.0,0.0,,0.0
GPAB3114_jpg.rf.a0eef7d84c3db00e2182b17cfb131176.jpg,bleached,24670,539,3313,0.8649463571979524,0.9275830952022861,0.9786187472727994,0.8816066897759354
GPAB3115_jpg.rf.66786619ec5b1d81981d8d1dcbacae6b.jpg,bleached,0,0,15898,0.0,0.0,,0.0
GPAB3116_jpg.rf.ed8a4389d5c8493ac5b2c1d64f48a03b.jpg,bleached,4518,113,3827,0.534168834239773,0.6963625154130703,0.9755992226301015,0.5414020371479928
GPAB3117_jpg.rf.48324a5515ea6a6df152c7f05a2f131c.jpg,bleached,15587,4644,7190,0.5684329528463586,0.7248418898809523,0.7704512876278978,0.6843306844623963
GPAB3118_jpg.rf.57920e1593dd8f883f267a8dc21b88b2.jpg,bleached,4569,163937,385,0.027052951311792812,0.05268073331027326,0.027114761492172384,0.9222850222042793
GPAB3119_jpg.rf.1eb13bc3f53bc0650f9acc7db755b399.jpg,bleached,17415,1704,12032,0.5590510738018041,0.717168389408228,0.9108739996861761,0.5914015010017999
GPAB3120_jpg.rf.5603d780549b726b1d30303f98c1122b.jpg,bleached,1565,43132,34014,0.01988286262402968,0.038990482834221935,0.03501353558404367,0.04398662132156609
GPAB3121_jpg.rf.1b45c081583cecc29304e3ac5124201e.jpg,bleached,2324,2212,9797,0.16214330565827112,0.27904184426967643,0.5123456790123457,0.19173335533371835
GPAB3122_jpg.rf.dfef5ccb273d37124bbe24778f8a3383.jpg,bleached,71600,42065,590392,0.10169631152023202,0.18461768539444626,0.6299212598425197,0.1081584067481178
GPAB3123_jpg.rf.0e78506e475476935d0cdd5fd34e42bc.jpg,bleached,7709,9389,24942,0.18337297811607992,0.3099157772015518,0.45087144695285997,0.23610302900370586
GPAB3124_jpg.rf.261f7fde12c4e7185009978cb8d41d5e.jpg,bleached,22916,18216,13558,0.41901627354178095,0.5905728938484138,0.5571331323543713,0.6282831606075561
GPAB3125_jpg.rf.cdb4c107b0c18a67d6336053f841f63c.jpg,bleached,56086,3636,26890,0.647554611370249,0.7860796927777545,0.9391179129968855,0.6759303895102198
GPAB3126_jpg.rf.7f2a9644a452c8bf6f9b43429e1cf1ca.jpg,bleached,297228,11231,14682,0.9198089997864709,0.958229698776051,0.9635899746805896,0.952928729441185
GPAB3127_jpg.rf.a33eb97ca070a71c354688a5df3fe396.jpg,bleached,0,29165,4903,0.0,0.0,0.0,0.0
GPAB3128_jpg.rf.9c417291ab540802a566e82e730a3fa4.jpg,bleached,0,1697,1517,0.0,0.0,0.0,0.0
GPAB3140_jpg.rf.3474ae4fcf56e867239b0fa23c90c845.jpg,bleached,0,0,3748,0.0,0.0,,0.0
GPAB3141_jpg.rf.496a8f719ffca8981eff66e05d24afae.jpg,bleached,6172,2273,5767,0.4342808893892485,0.6055729984301413,0.7308466548253404,0.5169612195326242
GPAB3142_jpg.rf.47763a8ac2730698e4e7bffda081cd94.jpg,bleached,2840,3183,27489,0.0847457627118644,0.15625,0.4715258176988212,0.09363975073362128
GPAB3143_jpg.rf.9fc36c71d76476227a44163b79392c05.jpg,bleached,5122,146477,18183,0.030168097913795336,0.05856927228651146,0.03378650254948911,0.21978116284059215
GPAB3144_jpg.rf.a2b5b1860a1a0c32d5417f89d91114ef.jpg,bleached,15113,52188,4215,0.21132334023155658,0.3489131814981126,0.22455832751370708,0.7819225993377483
GPAB3145_jpg.rf.60b0ade51bedfe79a34ae3c4cb01ef63.jpg,bleached,3177,18588,34600,0.056364765368579796,0.10671458802190051,0.1459682977257064,0.08409879026921142
GPAB3147_jpg.rf.08712d02692fd16b9c2191bf24d63a26.jpg,bleached,0,8170,8963,0.0,0.0,0.0,0.0
GPAB3148_jpg.rf.215b32be1c7c28f0b92ea81efb374979.jpg,bleached,7558,287,16261,0.31353190077159215,0.47738756947953515,0.9634161886551944,0.3173097107351274
GPAB3149_jpg.rf.b85de5970d00d2f79e110927d0172e6e.jpg,bleached,0,9689,1526,0.0,0.0,0.0,0.0
GPAB3150_jpg.rf.6c8b56def24a487f2d90b80b7048e1f4.jpg,bleached,0,52721,13146,0.0,0.0,0.0,0.0
GPAB3151_jpg.rf.2c56a82516e6b16eb781cce5002c00e2.jpg,bleached,180407,23485,34301,0.7573984122119458,0.861954132823698,0.8848164714652855,0.8402434934888313
GPAB3152_jpg.rf.20844ffc2344e194ff3830fb974c5f8f.jpg,bleached,20639,178337,11137,0.09822809631008077,0.1788846900568576,0.10372607751688646,0.6495153575025177
GPAB3153_jpg.rf.861109ea12d8895926392ecc8c013b29.jpg,bleached,73880,72696,56707,0.3634342271611497,0.5331158920923789,0.5040388603864207,0.5657530994662562
GPAB3154_jpg.rf.87d38b2413cadb6976ac03e5f0992a06.jpg,bleached,0,0,7489,0.0,0.0,,0.0
GPAB3155_jpg.rf.d0fa59781b378d4a698078e736ac7453.jpg,bleached,0,0,0,1.0,1.0,,
GPAB3159_jpg.rf.ed9a35831ae623a1f7ac0a397fdfcda7.jpg,bleached,0,0,1697,0.0,0.0,,0.0
GPAB3160_jpg.rf.f7c2f442d5222845a4cf61cc49b880d6.jpg,bleached,68474,2267,4005,0.916089155272523,0.9562072336265884,0.9679535205891916,0.9447426151023055
GPAB3161_jpg.rf.cb2162d68a96947fa46eb221ba5066b1.jpg,bleached,0,0,671,0.0,0.0,,0.0
GPAB3162_jpg.rf.8427e11d3cb16eaac10a9b2e994311b9.jpg,bleached,0,0,0,1.0,1.0,,
GPAB3163_jpg.rf.0e42e962764a40f2e739c5cd3e6b899f.jpg,bleached,0,0,0,1.0,1.0,,
GPAB3188_jpg.rf.652a96859d459386ddd0760e01ffd599.jpg,bleached,11589,7310,40437,0.19531144667655387,0.3267959111737751,0.6132070479919572,0.22275400761157882
GPAB3190_jpg.rf.26f6a121f4430f3d59f86dedf34efe38.jpg,bleached,5388,140,13722,0.2798961038961039,0.43737316340612065,0.9746743849493488,0.28194662480376764
GPAB3191_jpg.rf.e826bca6abc790f4761354a9d8dccd08.jpg,bleached,1101,10816,10846,0.0483679655581426,0.09227287965135769,0.09238902408324243,0.09215702686866996
GPAB3192_jpg.rf.1439ae1e342b14aff4b7668dcbeaf30e.jpg,bleached,37342,18823,10746,0.5580846198681831,0.7163726703308299,0.6648624588266714,0.7765346864082515
GPAB3193_jpg.rf.26438fdc8ba83c1997cdc08912b8e571.jpg,bleached,0,8019,1124,0.0,0.0,0.0,0.0
GPAB3196_jpg.rf.b987e9397cd4dc6740305db480e7d1a3.jpg,bleached,0,0,7464,0.0,0.0,,0.0
GPAB3197_jpg.rf.61ef5ee307e4fe0e326bb6dfa6132654.jpg,bleached,6813,2447,4525,0.4942328618063112,0.6615205359743664,0.7357451403887689,0.6008996295642971
GPAB3198_jpg.rf.6a4a94373c659a065374d5d3634da775.jpg,bleached,2601,32627,1218,0.07136585633540032,0.13322406330832073,0.07383331440899285,0.6810683424980362
GPAB3199_jpg.rf.12b7ef0103aaee8e8ecbbd351b47aecd.jpg,bleached,0,0,10524,0.0,0.0,,0.0
GPAB3200_jpg.rf.195175530cb552d58d2e1d0d144f0c0f.jpg,bleached,0,0,20972,0.0,0.0,,0.0
GPAB3201_jpg.rf.64c5d806908d0ba5fcd43bc8fbac2fe3.jpg,bleached,0,0,0,1.0,1.0,,
GPAB3202_jpg.rf.26fcceb9e7688f7eb1ddf902d85cb3e8.jpg,bleached,0,8153,5167,0.0,0.0,0.0,0.0
GPAB3203_jpg.rf.f3c3a83f132b77b020cd73afb748d82e.jpg,bleached,975,2648,33491,0.026270410087837474,0.051195883325894614,0.26911399392768426,0.0282887483316892
GPAB3204_jpg.rf.4d64e7738074531250627689a92bb0d3.jpg,bleached,3205,4293,5210,0.2522033364809569,0.4028153082385471,0.4274473192851427,0.3808674985145573
GPAB3205_jpg.rf.8246c4bca81e9d44ca242b4c3e16fa1b.jpg,bleached,0,0,7563,0.0,0.0,,0.0
GPAB3206_jpg.rf.4e643a6937100e965b0d605f248af3bf.jpg,bleached,0,0,13228,0.0,0.0,,0.0
GPAB3207_jpg.rf.59b13473fdee7f43b0c8751b7481a7a2.jpg,bleached,0,0,1473,0.0,0.0,,0.0
GPAB3208_jpg.rf.88ac674c1a1d170840701939258f0f75.jpg,bleached,0,0,1591,0.0,0.0,,0.0
GPAB3209_jpg.rf.f6dac21895ad4908531149409119db3c.jpg,bleached,0,0,0,1.0,1.0,,
GPAB3210_jpg.rf.d299f498373d90b3cc0570fb8429706d.jpg,bleached,0,0,954,0.0,0.0,,0.0
GPAB3211_jpg.rf.2bbee665257083af1512a10f8e4cb798.jpg,bleached,0,0,0,1.0,1.0,,
GPAB3212_jpg.rf.18fffd5daee83a4157cdafc4403a2b74.jpg,bleached,0,0,0,1.0,1.0,,
GPAB3213_jpg.rf.aad7bced0969440a4a59c024517dbe40.jpg,bleached,0,0,1559,0.0,0.0,,0.0
GPAB3214_jpg.rf.a9331ffc6e7ef157654776be1e3f6aa5.jpg,bleached,0,0,0,1.0,1.0,,
GPAB3215_jpg.rf.006beb5ee5b8d23dc7a38e00e61556ec.jpg,bleached,0,1344,9264,0.0,0.0,0.0,0.0
GPAB3216_jpg.rf.6eae2e3fa8c98eff50cf0d32d1c876b1.jpg,bleached,0,0,0,1.0,1.0,,
GPAB3217_jpg.rf.2f1ef4bd35e7cb3d66255acbcc57cad6.jpg,bleached,0,0,0,1.0,1.0,,
GPAB3218_jpg.rf.d9d14010d4157d4108be2e17946d432c.jpg,bleached,24291,5665,344,0.8016831683168317,0.8899269110292906,0.8108893043129924,0.9860361274609296
GPAB3219_jpg.rf.ff338c196dc32a1235219d6a9764c2bc.jpg,bleached,9474,1386,49420,0.15716655607166555,0.2716403360380767,0.8723756906077348,0.1608652833904982
GPAB3220_jpg.rf.c40e169919da8e837e5cb08ee3bd4133.jpg,bleached,22439,29513,4703,0.39606389550789867,0.5674008142210535,0.43191792423775793,0.8267261071402254
GPAB3221_jpg.rf.8d374c772359fb68a5172ca00d2a6e6e.jpg,bleached,7102,46479,38052,0.07750482904630428,0.14385982680913556,0.13254698493869096,0.15728396155379368
GPAB3222_jpg.rf.ef789681cc6f68d058b4fab3aa2fddd8.jpg,bleached,0,1324,0,0.0,0.0,0.0,
GPAB3223_jpg.rf.665c44ab9c7d66a0223d88910b91bfc1.jpg,bleached,0,156688,2648,0.0,0.0,0.0,0.0
GPAB3224_jpg.rf.3496e1b9cc1114642afead4714dc1e93.jpg,bleached,0,26743,87834,0.0,0.0,0.0,0.0
GPAB3225_jpg.rf.83718ce0f906ef09e77f85fef62d54c7.jpg,bleached,0,0,0,1.0,1.0,,
GPAB3226_jpg.rf.c75bfba17fbb447344c44f31fb1f214a.jpg,bleached,0,8280,0,0.0,0.0,0.0,
GPAB3227_jpg.rf.2b959500f6e4dec0055fc1e6488e6c59.jpg,bleached,31225,32992,8211,0.4311177997459546,0.6024910036371355,0.4862419608514879,0.7917892281164418
GPAB3228_jpg.rf.92aef0621bb3c3054cd3952cab4294ff.jpg,bleached,5534,137,22225,0.19837969601376543,0.33107986838169307,0.9758420031740433,0.19935876652617168
GPAB3256_jpg.rf.7d206d4c2dfb923b428f093deabfd85f.jpg,bleached,0,0,0,1.0,1.0,,
GPAB3257_jpg.rf.3ee28745ceb92561a0b0b7379c7e81aa.jpg,bleached,0,1455,0,0.0,0.0,0.0,
GPAB3258_jpg.rf.c7ef61abe1c7481746e6bde8d974d808.jpg,bleached,0,0,0,1.0,1.0,,
GPAB3259_jpg.rf.839025428ad843c1b67707a3f6164648.jpg,bleached,0,0,0,1.0,1.0,,
GPAB3260_jpg.rf.2a852c74755eedf1b0bbf6519188576e.jpg,bleached,0,0,0,1.0,1.0,,
GPAB3261_jpg.rf.8999c48d44cc28e7c338a83f1c9f0ff3.jpg,bleached,0,0,0,1.0,1.0,,
GPAB3262_jpg.rf.77bd56029fdd05e1a937a6123d894b5b.jpg,bleached,0,0,0,1.0,1.0,,
GPAB3263_jpg.rf.d701924d1f6c7c918723e49532d90267.jpg,bleached,0,0,0,1.0,1.0,,
GPAB3264_jpg.rf.7edd339bc280e2edab14e6c55b7b5448.jpg,bleached,0,0,0,1.0,1.0,,
GPAB3265_jpg.rf.8995466d2b3f0f2c217c0f02097fd53f.jpg,bleached,0,0,0,1.0,1.0,,
GPAB3266_jpg.rf.8a9ceca39439e1caada154d49866ef8d.jpg,bleached,0,0,0,1.0,1.0,,
GPAB3267_jpg.rf.e3a20dea0057ae4369291cfe9aaf4c33.jpg,bleached,0,2296,0,0.0,0.0,0.0,
GPAB3268_jpg.rf.29fefe45e6a87e115961b6cbdb159bec.jpg,bleached,0,0,0,1.0,1.0,,
GPAB3269_jpg.rf.c2d884cd6974e828bacc14f4aaf2636f.jpg,bleached,0,0,0,1.0,1.0,,
GPAB3270_jpg.rf.e0b91e356fe900e9f8f67900f88a75b3.jpg,bleached,0,0,1302,0.0,0.0,,0.0
GPAB3271_jpg.rf.21bf1e78667a608bb741f6939825a79c.jpg,bleached,0,0,95790,0.0,0.0,,0.0
GPAB3272_jpg.rf.2b8771d36365460b06cf19eab013370a.jpg,bleached,0,0,9479,0.0,0.0,,0.0
GPAB3273_jpg.rf.7792a8041112c3f484a16677ed8557f4.jpg,bleached,0,3526,0,0.0,0.0,0.0,
GPAB3274_jpg.rf.6f8cbaf27e8d238f2d942b271ee4af69.jpg,bleached,0,0,0,1.0,1.0,,
GPAB3275_jpg.rf.1d25169dab7666cefd953b8af141cd76.jpg,bleached,0,210249,0,0.0,0.0,0.0,
GPAB3276_jpg.rf.a8a21ae6b31115095960af1c82759954.jpg,bleached,0,0,0,1.0,1.0,,
GPAB3277_jpg.rf.723ca0b955fa1ca90899447e24f64111.jpg,bleached,0,0,0,1.0,1.0,,
GPAB3278_jpg.rf.67e2d52633a3ffb9fbefaa6b690632d9.jpg,bleached,0,2510,0,0.0,0.0,0.0,
GPAB3279_jpg.rf.e80fecf07458b621fb3eb07d30d469f8.jpg,bleached,0,0,0,1.0,1.0,,
GPAB3280_jpg.rf.9dcf0019e869d86acfed8f793c0121c8.jpg,bleached,0,27558,0,0.0,0.0,0.0,
GPAB3281_jpg.rf.55f02dc1fe6c46a6329e2a014ae50f24.jpg,bleached,0,10341,118329,0.0,0.0,0.0,0.0
GPAB3288_jpg.rf.7a58e4d38c7055a146449a1c5f7d18bb.jpg,bleached,0,0,0,1.0,1.0,,
GPAB3405_jpg.rf.0a744a0303d7a1212bd37f5aef217427.jpg,bleached,0,0,0,1.0,1.0,,
GPAB3412_jpg.rf.aabe456f2f3adad085609422103a52ae.jpg,bleached,0,0,8272,0.0,0.0,,0.0
GPAB3413_jpg.rf.d71936d8b4efe613f0112d09b364d35d.jpg,bleached,0,0,0,1.0,1.0,,
GPAB3414_jpg.rf.79f5f83a7d2e3362e7ffb0a7840a4535.jpg,bleached,0,0,0,1.0,1.0,,
GPAB3415_jpg.rf.90f875249c32b02ae81d4b3bce2a27ef.jpg,bleached,0,0,0,1.0,1.0,,
GPAB3481_jpg.rf.e4fc253b7043c340198c9e586f1f566a.jpg,bleached,0,0,0,1.0,1.0,,
GPAB3580_jpg.rf.ffad78ff6b840b81c294748dc1370522.jpg,bleached,197594,320912,466,0.38074115751909543,0.5515025831535406,0.38108334329785964,0.9976471776229425
GPAB3586_jpg.rf.c59c039c860f1f9b98ea9f314e7dca24.jpg,bleached,196504,7426,17864,0.8859752743536795,0.9395407102113804,0.963585544059236,0.9166666666666666
GPAB3587_jpg.rf.25c7a80ed8216118dd3cb579f5aa563d.jpg,bleached,326553,21167,162103,0.6405222989155059,0.7808760653103389,0.9391263085240998,0.6682676565927769
GPAB3590_jpg.rf.a50fd703628d75dc3f8bdc270e10fd2a.jpg,bleached,79822,178639,49171,0.25947235658189005,0.41203342848441366,0.3088357624554575,0.6188087725690541
GPAB3591_jpg.rf.9e62f22fe7bdeccd173ff1e1d01228c6.jpg,bleached,67215,68788,136766,0.24641729815338254,0.3954009600451786,0.49421703933001476,0.32951598433187407
GPAB3596_jpg.rf.622852fcf571639a210332332c8070c8.jpg,bleached,339599,22938,133066,0.6852238586126396,0.8132140488169329,0.9367292166040984,0.7184771455470577
GPAB3605_jpg.rf.5ac2aa8438d68ded3aa8d984a7d541ea.jpg,bleached,128755,67374,72342,0.4795862495390564,0.648270757704682,0.6564811935001963,0.6402631565861251
GPAB3605_jpg.rf.f4da4dd3d31a95d97b751dc27409bdec.jpg,bleached,182661,4846,84217,0.6722299097613755,0.8039922092498653,0.9741556315230898,0.6844363342051424
GPAB3663_jpg.rf.e62d33ea7902a680b354db04cec4a201.jpg,bleached,335625,196273,178032,0.472757877537222,0.6420035292261048,0.6309950404024832,0.6534029517752119
GPAB3671_jpg.rf.ada0ddbaf3cc43539c7fefb5a1af2779.jpg,bleached,50053,206786,57452,0.15925686704359973,0.27475682322200995,0.1948808397478576,0.46558764708618205
GPAB3676_jpg.rf.cf29c1b5e8ed14be8d55b94129a9427f.jpg,bleached,127764,49114,45098,0.5755757379176127,0.7306227483273289,0.722328384536234,0.7391098101375664
GPAB3709_jpg.rf.a45e2057dad709053cf0cfe214794ee1.jpg,bleached,34291,299003,31224,0.09407217201894008,0.17196703183729556,0.1028851404465727,0.5234068533923529
GPAB3732_jpg.rf.17cb4bb5e9fdf6d4fc4f7156adfc86f8.jpg,bleached,11249,4111,3519,0.5958472376714868,0.7467472118959108,0.7323567708333333,0.7617145178764897
GPAB4073_jpg.rf.6886e5e5c27978f16dcfe556ec6fc71c.jpg,bleached,19455,81801,19043,0.16172204257724504,0.27841779126178856,0.1921367622659398,0.5053509273208998
GPAB4076_jpg.rf.c94e7dec6537b171e7a7ec59e4ff64dd.jpg,bleached,23859,1447,54020,0.3007714998865441,0.46245093763628436,0.9428198846123449,0.30635986594589043
GPAB4077_jpg.rf.c9ad90251943ebe0b020904f23bbbbbd.jpg,bleached,46346,26804,32372,0.43920699001156155,0.6103458266389232,0.6335748462064251,0.588759877029396
GPAB4087_jpg.rf.0b3c644eb44aee30141ba3ed42989ad1.jpg,bleached,28184,71670,56792,0.17992160668003013,0.3049721365579181,0.2822520880485509,0.3316701186217285
GPAB4093_jpg.rf.24dd5cf3a470f49ab60fa436ea11fdfa.jpg,bleached,209461,28332,59021,0.7056978444412999,0.8274593847217422,0.8808543565201667,0.7801677579875
GPAB4096_jpg.rf.39c6815800f20b8678d0f61c3e1d2ad6.jpg,bleached,100496,10935,34061,0.6907321364748578,0.8170805079922597,0.901867523400131,0.7468656405835445
GPAB4102_jpg.rf.f6eb7ddcb156cec380829d721e732203.jpg,bleached,43619,9560,29534,0.5273536203498845,0.6905455466548459,0.8202297899546813,0.5962708296310473
GPAB4356_jpg.rf.a4c2fab051c83d8f922555d153eea266.jpg,bleached,33005,116481,46232,0.16863548574990547,0.288602370553027,0.22078990674712012,0.41653520451304316
GPAB4410_jpg.rf.9548ace7ba62af809617e4b4a701449f.jpg,bleached,358368,2581,11182,0.9630157122088727,0.9811594540170486,0.9928494053176488,0.9697415775943715
GPAB4414_jpg.rf.41fc0520b81a5365ed2cebcb322ec768.jpg,bleached,351588,38810,91287,0.7299127022846881,0.8438722963542561,0.9005886300647032,0.7938763759525825
GPAB4427_jpg.rf.d641d79fb8b16c710f5704f22c6c1f40.jpg,bleached,1686,246,5296,0.23325954620918649,0.37828135517164013,0.8726708074534162,0.24147808650816385
GPAB4429_jpg.rf.9c5778f2144405c14429452fd5c16a8c.jpg,bleached,90824,1680,45741,0.6569785525697132,0.7929837734481751,0.9818386231946726,0.6650605938564054
GPAB4438_jpg.rf.7c5e910cd083c00029efa53e83f0c2a1.jpg,bleached,0,0,2740,0.0,0.0,,0.0
GPAB4446_jpg.rf.d76aab185399ee99678d32ea3165905d.jpg,bleached,147413,4952,3662,0.9447916065809123,0.9716121803321909,0.967499097561776,0.9757603839152739
GPAB4447_jpg.rf.aeeafd0ada2ec9d0aaebd6965fb0895c.jpg,bleached,112900,58767,112941,0.3966859680683607,0.5680388822363324,0.6576686258861634,0.4999092281738037
GPAB4448_jpg.rf.ee36154d05bad5ec4095003019f0d7da.jpg,bleached,268122,293490,11554,0.46779118091442967,0.6374083548083415,0.4774150124997329,0.9586879102961999
GPAB4451_jpg.rf.411bce69ce7f9a897fa647a01fb3860d.jpg,bleached,128324,14266,174066,0.4052473346470618,0.576763000584296,0.8999509081983309,0.42436588511524853
GPAB4454_jpg.rf.5c968bee42f968821b240683bc03bef8.jpg,bleached,3490,5152,30270,0.08968955592105263,0.16461487665676147,0.4038417033094191,0.10337677725118484
GPAB4456_jpg.rf.4095bf134e113d9e917e6244502d5524.jpg,bleached,25185,10320,18837,0.46345368223473554,0.6333697989362104,0.7093367131389945,0.5721003134796239
GPAB4457_jpg.rf.1312e0f6c664f6ad040e3d483a8fbc3f.jpg,bleached,8161,6664,19618,0.23694219435008565,0.3831095671767909,0.5504890387858348,0.293783073544764
GPAB4462_jpg.rf.01068273795b1b0956583030599c0dee.jpg,bleached,0,0,9328,0.0,0.0,,0.0
GPAB4479_jpg.rf.e9535a9e7200ff32640d39823eb08211.jpg,bleached,0,26755,0,0.0,0.0,0.0,
GPAB4488_jpg.rf.94af4e778abfecc91782b790f52d8f89.jpg,bleached,174481,16532,16214,0.841980050862098,0.9142119106751758,0.9134509169532964,0.9149741734182858
GPAB4491_jpg.rf.12a0aec71fbb0323e170546f88ad9e24.jpg,bleached,0,1863,0,0.0,0.0,0.0,
GPAB4494_jpg.rf.c523c5a95299bacfd030f227431c02c8.jpg,bleached,5341,3521,48940,0.09240164700183384,0.16917156296026478,0.6026856240126383,0.09839538696781562
GPAB4498_jpg.rf.b6877a7fc44b00cec0c46af5dbae2b1a.jpg,bleached,3938,97,36764,0.09652197357778376,0.17605114334890581,0.9759603469640644,0.09675200235860645
GPAB4505_jpg.rf.13a1db335485f434ce177e813406f6e1.jpg,bleached,117142,12740,21484,0.7738990262013926,0.8725401105367437,0.9019109653377682,0.845021857371633
GPAB4507_jpg.rf.8e55a9561d7c6ba559c55fd404f96b5c.jpg,bleached,6346,3920,132831,0.04434754047953486,0.08492870191310399,0.6181570231833236,0.04559661438312365
GPAB4525_jpg.rf.6ac0c98a728c8be78057fee83f71b76c.jpg,bleached,155214,30629,23415,0.7417350830075792,0.8517197480190523,0.8351888421947558,0.8689182607527334
GPAB4526_jpg.rf.acbd0ab7d910680595cd55a037d26f3e.jpg,bleached,37101,8278,5490,0.7293440012581336,0.8434920995794021,0.8175808193217127,0.8710995280693105
GPAB4528_jpg.rf.5de0daa0ed0222a80389722c2d9b9b6d.jpg,bleached,0,20443,16250,0.0,0.0,0.0,0.0
GPAB4529_jpg.rf.d3f81e072c8902d00583b47350aa6ec8.jpg,bleached,0,11651,3453,0.0,0.0,0.0,0.0
GPAB4531_jpg.rf.822f10de5d5f23d8920ae0c54a335239.jpg,bleached,0,0,0,1.0,1.0,,
GPAB4534_jpg.rf.c9971bd4981c506c5892842e85189683.jpg,bleached,179426,18707,34956,0.7697746354396818,0.8699126092384519,0.9055836231218424,0.8369452659271768
GPAB4535_jpg.rf.d00094f083e5ab28a3b18bd3a5f5e579.jpg,bleached,0,66576,47015,0.0,0.0,0.0,0.0
GPAB4536_jpg.rf.626fb5f38e0392a40c4fd81e1b51fa7a.jpg,bleached,106096,58668,318953,0.21933485901880645,0.3597614837245025,0.6439270714476464,0.24960886862455858
GPAB4541_jpg.rf.e77dc1d8b513409bfb6fe75f8bc01f13.jpg,bleached,12644,4172,81505,0.1285991802361652,0.22789167755598613,0.7519029495718363,0.1342977620580144
GPAB4546_jpg.rf.8b2ed08293556ec68404056ddae731eb.jpg,bleached,9942,172,3503,0.7301167658074466,0.8440086591111677,0.98299386988333,0.7394570472294534
GPAB4553_jpg.rf.943f4941aea2cefec255237b0d6361d3.jpg,bleached,41969,48310,28062,0.3546446286578616,0.5235980288191628,0.4648810908406163,0.5992917422284417
GPAB4554_jpg.rf.6b291c5aaa77f010267e5d2c4688d0c7.jpg,bleached,94192,64417,9621,0.559900136717589,0.7178666422784675,0.593862895548172,0.9073237455809966
GPAB4555_jpg.rf.e9611418c52e38b5feea68c1d6d92b5d.jpg,bleached,53505,362,72315,0.4240303688323216,0.5955355701859344,0.9932797445560362,0.42525035765379116
GPAB4561_jpg.rf.36a5e769967fb55febee4557b2741043.jpg,bleached,39969,27908,22491,0.442291519121813,0.6133177838986626,0.5888445276013966,0.6399135446685879
GPAB4579_jpg.rf.a48ec6435f51ef0c7d07347a796e51af.jpg,bleached,0,0,0,1.0,1.0,,
GPAB4580_jpg.rf.0496ca1e8738a9c36fad566623244f47.jpg,bleached,218945,15232,30680,0.8266536281842655,0.9051016738252425,0.9349551834723308,0.8770956434651977
GPAB4582_jpg.rf.00e1bc8aa55f6785af673809468f4781.jpg,bleached,40251,3378,33420,0.5224078184012771,0.6862915601023017,0.922574434435811,0.5463615262450625
GPAB4583_jpg.rf.d0f6ee6e27b8aac8b47085b723d6e97c.jpg,bleached,73790,3158,6140,0.8880945503562488,0.9407310139088974,0.9589592971877112,0.9231827849368197
GPAB4584_jpg.rf.5e0c84dd7c16e04e3c9c949fcb14098e.jpg,bleached,401020,10727,44867,0.8782472723131572,0.935177476639219,0.9739475940322577,0.8993758508321615
GPAB4585_jpg.rf.db7c05489c86feb0202db4c7dd4a8d2f.jpg,bleached,5781,206540,29916,0.02386505777399819,0.04661758420759784,0.027227641165970394,0.16194638204891168
GPAB4591_jpg.rf.5ac7ba27479417886e5a0d0c916ff54a.jpg,bleached,0,0,83472,0.0,0.0,,0.0
GPAB4592_jpg.rf.974ab00ec7fa04dcc551ce9db859dc81.jpg,bleached,0,0,298848,0.0,0.0,,0.0
GPAB4600_jpg.rf.7e83c163f416736020b735d0bfeee1b3.jpg,bleached,0,0,3313,0.0,0.0,,0.0
GPAB4602_jpg.rf.7bef0784627890ce0bfb4278c99e4f5f.jpg,bleached,12160,1477,191,0.8793751807925947,0.93581653070648,0.8916917210530175,0.9845356651283297
GPAB4619_jpg.rf.e6b9dac7f6f65d310b5114459475f4be.jpg,bleached,16112,4570,5955,0.6048729211247513,0.7537954104189571,0.7790349095832124,0.7301400280962523
GPAB4624_jpg.rf.171cc1916947444aa4cda7c4944883bc.jpg,bleached,557078,15433,11515,0.9538582186409509,0.9763842734755115,0.9730433127049087,0.9797482557822556
GPAB4627_jpg.rf.2fb7bd47296ae69f79ff5f44a291d51e.jpg,bleached,0,8985,7269,0.0,0.0,0.0,0.0
GPAB4628_jpg.rf.8640cf52804df4fb7657188b9a2a88b1.jpg,bleached,86202,6051,134028,0.38095111829981304,0.5517228137210665,0.9344086371174921,0.39141806293420517
GPAB4630_jpg.rf.fca28b4034a377b0c3e818f7d4f5dc9a.jpg,bleached,105,47147,42951,0.0011640411072802457,0.0023253753820259558,0.002222128163887243,0.002438684503901895
GPAB4631_jpg.rf.dd22940b64b82a91d566f7fa67cb397c.jpg,bleached,42618,518,40682,0.5084588035982724,0.6741434401594483,0.9879914688427299,0.5116206482593038
GPAB4642_jpg.rf.1bba5d5da6ee6019ae8e15d12fe59034.jpg,bleached,199394,10307,8389,0.914273923609519,0.9552174454589877,0.9508490660511871,0.9596261484337024
GPAB4645_jpg.rf.762770d4b7be019fe6b898a15242bf8d.jpg,bleached,180856,22912,15648,0.824260764939658,0.9036655074549307,0.8875583997487339,0.9203680332206978
GPAB4651_jpg.rf.7dd43fb9145f7d8fe7e26714948f9c92.jpg,bleached,40114,48503,51884,0.28550686471982406,0.44419345015641004,0.45266709547829426,0.43603121806995804
GPAB4652_jpg.rf.c570831734f216ba9352a3381cbcaa47.jpg,bleached,0,157216,0,0.0,0.0,0.0,
GPAB4656_jpg.rf.b71458af3c7814bcf5bbb13b2e7898b2.jpg,bleached,22864,98104,19507,0.1627620573055704,0.27995763412289776,0.18900866344818465,0.5396143588775342
GPAB4658_jpg.rf.ded39fa01a4d8cd6a33f7b760137487d.jpg,bleached,27020,9471,9436,0.5883249504648682,0.7408118222819308,0.7404565509303664,0.7411674347158218
GPAB4668_jpg.rf.9b64fc78be54147de88dae3e766fc32a.jpg,bleached,2627,103,94890,0.026910469166154475,0.0524105459514998,0.9622710622710623,0.026938892705887178
GPAB4697_jpg.rf.292fd9e107fea3d55c9bfd096212d60c.jpg,bleached,38519,145061,1437,0.20819167968348853,0.3446335265907952,0.20982133129970584,0.9640354389828811
GPAB4698_jpg.rf.25243bc4c2c864ddaa33e789c26e180e.jpg,bleached,299479,80545,208048,0.5092556693738182,0.6748434737834783,0.7880528598193798,0.5900750107876034
GPAB4699_jpg.rf.0d6e76c517269db09ec4782f5dacd29b.jpg,bleached,135875,47093,11761,0.6977645856549358,0.8219803753130633,0.7426161951816711,0.9203378579750197
GPAB4700_jpg.rf.d8e12fbb64685ee6cd74a619a0073d75.jpg,bleached,0,0,5843,0.0,0.0,,0.0
GPAB4701_jpg.rf.a45eb667fac3084a3428071bc71fd11e.jpg,bleached,32455,19790,34154,0.3756409217699279,0.5461322294579904,0.6212077710785721,0.4872464681949887
GPAB4702_jpg.rf.3378d632b7a7c15b5ace4e81185da950.jpg,bleached,117180,65411,17486,0.5856745153116051,0.7387071049653751,0.6417621898122032,0.8701528225387254
GPAB4703_jpg.rf.56c9b72e12b4eb872342433fc2f49833.jpg,bleached,21988,164248,114462,0.07312320002128381,0.13628109059581142,0.11806525054232264,0.16114327592524735
GPAB4704_jpg.rf.11f2a8e934d7dd311afb0f66af02c859.jpg,bleached,197743,172677,12718,0.5161142982424087,0.6808382439776822,0.5338345661681335,0.9395707518257539
GPAB4705_jpg.rf.b5c44f0c2c4fd0f3946874519ffa0715.jpg,bleached,48443,233037,1549,0.1711591391694844,0.2922901481874789,0.1721010373738809,0.969015042406785
GPAB4706_jpg.rf.db3d09671ba54781fdfb79212c4a7024.jpg,bleached,0,1668,21164,0.0,0.0,0.0,0.0
GPAB4707_jpg.rf.4f386fdf457538f6c9b6d6e80216f6bf.jpg,bleached,6801,97807,11263,0.05869458276876872,0.1108810486500587,0.06501414805750994,0.37649468556244464
GPAB4708_jpg.rf.f81a35c268be55c24fc983549b70edb4.jpg,bleached,590733,13782,48745,0.9042846646052108,0.9497368554324662,0.9772015582739882,0.9237737654774676
GPAB4709_jpg.rf.55c440d6a547649c3349d6a494e9b1d9.jpg,bleached,30247,378221,26864,0.06948030468699751,0.12993283631778924,0.07404986437126042,0.5296177619022605
GPAB4710_jpg.rf.890e10b24cc2fb0897115284e8c07d37.jpg,bleached,6367,5628,39561,0.12349678020017069,0.21984358544964866,0.5308045018757815,0.13863002961156592
GPAB4711_jpg.rf.b6e1309af2162be1be770f3a1a6067f3.jpg,bleached,658129,16184,113350,0.8355464202330184,0.910406199508643,0.9759992763004718,0.8530744193944358
GPAB4712_jpg.rf.d172da199d968dc3df9ea841e06c5823.jpg,bleached,94547,12563,33568,0.6720809223901392,0.8038856414071633,0.8827093642050229,0.7379854037388284
GPAB4713_jpg.rf.81b91a34b07ea0531234410f109193ef.jpg,bleached,1236,203267,24393,0.005399832238221726,0.010741661307423565,0.006043921116071647,0.04822661828397518
GPAB4716_jpg.rf.fdcbb2188944973f7e718fc2ef62b363.jpg,bleached,1868,8835,9801,0.09110417479516192,0.16699445735741106,0.17453050546575727,0.16008226926043362
GPAB4717_jpg.rf.127dd27685f604288918bf70319f14a7.jpg,bleached,3745,199,20796,0.1513742926434923,0.26294540986484116,0.9495436105476673,0.15260176846909254
GPAB4726_jpg.rf.ec6edd51400a4877a682ec239940f715.jpg,bleached,0,1420,5031,0.0,0.0,0.0,0.0
GPAB4735_jpg.rf.7389747fa8cc09c069ff4b2f3556899a.jpg,bleached,0,6215,267,0.0,0.0,0.0,0.0
GPAB4737_jpg.rf.e31e343fd9087743fd45c0fb8c7956fd.jpg,bleached,4442,41501,1003,0.09461934989136454,0.17288082820892037,0.09668502274557604,0.8157943067033976
GPAB4739_jpg.rf.6729ce5fbf63cfc65c3544bc6d0e4e4a.jpg,bleached,21938,12524,43163,0.2826151368760064,0.44068579693259546,0.6365852243050316,0.3369840709052088
GPAB4740_jpg.rf.391db90ac7705a61bc4d0c6e12c34bbc.jpg,bleached,18047,4031,55131,0.2337421803157663,0.37891576383639874,0.8174200561645076,0.2466178359616278
GPAB4742_jpg.rf.3add0941dddb3e0ab5f1644d703bdc8a.jpg,bleached,4200,1729,83,0.6986027944111777,0.8225616921269095,0.7083825265643447,0.9806210600046696
GPAB4743_jpg.rf.37867df2f8150edd78237e955061905e.jpg,bleached,22004,7418,29199,0.3753603657392402,0.5458356589147286,0.7478757392427435,0.4297404448958069
GPAB4744_jpg.rf.3dbb7c6843fe2207f57c096097fc8c0e.jpg,bleached,34689,36009,75211,0.23774407336079337,0.38415707815147454,0.49066451667656796,0.3156414922656961
GPAB4746_jpg.rf.2180e682eaa484a3fc02b94c156f25b8.jpg,bleached,65981,21393,53612,0.46799682237952706,0.6375992307952476,0.755155996062902,0.5517128928950691
GPAB4747_jpg.rf.1f22312dc4183f0bcb9100eab300fb07.jpg,bleached,4155,3713,49990,0.07181375090739396,0.1340041604179769,0.5280884595831215,0.07673838766275741
GPAB4749_jpg.rf.e8a97dea10ca41981c87fdee4739cba3.jpg,bleached,24694,3437,50858,0.3126258086569016,0.47633652575639207,0.8778216202765632,0.3268477340110123
GPAB4753_jpg.rf.e2d94acde6ee937917909a1591d0d659.jpg,bleached,102750,12339,27082,0.7227212300680167,0.8390460597498786,0.892787321116701,0.7914073572000739
GPAB4754_jpg.rf.537af39d94461458299a14cfc3bba350.jpg,bleached,11521,47906,21398,0.14254253015774823,0.24951811664825763,0.19386810708937016,0.34998025456423343
GPAB4755_jpg.rf.4adad876a08bd71ca5759c87a32c3b43.jpg,bleached,75563,44439,2636,0.6161467081981116,0.76248858482046,0.629681171980467,0.9662911290425709
GPAB4756_jpg.rf.eabc4ca97f0f629b22f925f8a786d528.jpg,bleached,27693,769,30023,0.47350602718645807,0.6426930307038919,0.9729815192186073,0.4798149559914062
GPAB4758_jpg.rf.dc9f9d53832bbaffadad72867f306fbe.jpg,bleached,36055,19272,26531,0.44045786606073933,0.6115525853807469,0.6516709743886349,0.5760873038698751
GPAB4761_jpg.rf.abcedb2548500e30fd19e3a419c01bc6.jpg,bleached,9091,1342,4863,0.594338389121339,0.7455611596342313,0.8713696923224384,0.6514977784147915
GPAB4767_jpg.rf.7f3e0c78cd1015f30bb0eb3479b01bf2.jpg,bleached,14767,2217,45063,0.23799700227247086,0.38448720285364646,0.8694653791804051,0.24681597860605048
GPAB4771_jpg.rf.6badf0b6546595b33a14eb844b771aa4.jpg,bleached,32660,1178,19349,0.6140598266493692,0.76088855755006,0.9651870677936049,0.6279682362668
GPAB4776_jpg.rf.211c5a333604278aded2096234325892.jpg,bleached,25695,3208,24410,0.4819649991559282,0.6504404617253949,0.8890080614469086,0.5128230715497455
GPAB4777_jpg.rf.6f578feb4e1dbdd7b5b447d584fb8f86.jpg,bleached,4649,20978,302101,0.014185544109749548,0.02797425814662266,0.18141023139657392,0.015155664221678892
GPAB4778_jpg.rf.bfed75b62b8d65486555d766d64a397f.jpg,bleached,56744,300781,7445,0.15547579253089294,0.2691112934358357,0.15871337668694496,0.8840143949897957
GPAB4779_jpg.rf.18bd369271c26a99d825e5e4fecce011.jpg,bleached,0,3407,11046,0.0,0.0,0.0,0.0
GPAB4780_jpg.rf.8a201d1beedd40edffaaf46e84e7a05b.jpg,bleached,0,15884,8567,0.0,0.0,0.0,0.0
GPAB4781_jpg.rf.b25d5c2493b85a3a5baf2eb1d7facd5d.jpg,bleached,0,6908,0,0.0,0.0,0.0,
GPAB4782_jpg.rf.4a1cdf2976fdae35a057fbebf48d41ec.jpg,bleached,91336,19272,26923,0.6641120910921902,0.7981578820887241,0.8257630551135542,0.772338680354138
GPAB4787_jpg.rf.3b5cb17b0e6e2db09e9f7e90b335be9a.jpg,bleached,0,0,9840,0.0,0.0,,0.0
GPAB4789_jpg.rf.5c044e3717b48118b45c9ad51a6650a2.jpg,bleached,39905,969,21656,0.6381736766352151,0.7791282276565626,0.9762929979938347,0.648218839849905
GPAB4790_jpg.rf.feb20779db5e09d98fc2914cc0ca14fa.jpg,bleached,0,8052,3132,0.0,0.0,0.0,0.0
GPAB4791_jpg.rf.fe0bb824fa68257505c69f67ea1c5da5.jpg,bleached,3177,12583,2053,0.17835288833997642,0.30271557884707,0.20158629441624365,0.6074569789674952
GPAB4793_jpg.rf.c69e00462f231a9a204e3bc0538813db.jpg,bleached,0,0,45488,0.0,0.0,,0.0
GPAB4794_jpg.rf.373be7edf4a54e3ac24fa4d08b0464b7.jpg,bleached,0,0,0,1.0,1.0,,
GPAB4795_jpg.rf.c70fcc188f6d8ec7e06f3b2c8984d0f7.jpg,bleached,0,10819,9578,0.0,0.0,0.0,0.0
GPAB4796_jpg.rf.0f42056b81b3aec69c254fcdf2e7fc31.jpg,bleached,0,5376,4178,0.0,0.0,0.0,0.0
GPAB4797_jpg.rf.e4b9f8bdcb32587cb5017cdd72df915d.jpg,bleached,164140,1670,17793,0.8939941068501059,0.9440305052869504,0.9899282311078946,0.9022002605354719
GPAB4801_jpg.rf.9739c11121861706595f5b3390fbd58c.jpg,bleached,38246,762,31324,0.543792299380083,0.7044889388273867,0.9804655455291222,0.5497484547937329
GPAB4803_jpg.rf.dc872b5dd3a719c76a02e05e55e48979.jpg,bleached,113942,56995,37460,0.5467545118211874,0.7069699912204233,0.6665730649303545,0.7525792261661008
GPAB4838_jpg.rf.577d2dba6fa6db597e730cd8e9cc4d40.jpg,bleached,0,0,100270,0.0,0.0,,0.0
GPAB4862_jpg.rf.11a13aa47c9a9c8fb61cd72b53131a3d.jpg,bleached,13498,7801,5063,0.5120248843031636,0.6772704465629704,0.6337386731771445,0.7272237487204353
GPAB4875_jpg.rf.420ee51b2763bb6abc8d4e698fed5e40.jpg,bleached,83142,14576,24512,0.680209441217377,0.8096722045848509,0.8508360793303179,0.7723075779813104
GPAB4881_jpg.rf.8b2a14c2b37d92d63755a939f2eb6281.jpg,bleached,0,22287,0,0.0,0.0,0.0,
GPAB4888_jpg.rf.7f6403933175008ae00c4b79b70dbb31.jpg,bleached,0,0,0,1.0,1.0,,
GPAB4890_jpg.rf.de3c1c5f1753fbe3dbfcdaa09e3628b2.jpg,bleached,112323,7230,97285,0.5180042243518203,0.6824806097927761,0.9395247296178264,0.5358717224533415
GPAB4891_jpg.rf.b904748dfaec0495e1cf5166ada62dc2.jpg,bleached,7262,65616,3178,0.09548227621752393,0.17432007489378046,0.09964598369878427,0.6955938697318008
GPAB4901_jpg.rf.47fdedb2f1b1ad1872ea1d068c561138.jpg,bleached,9819,7131,211,0.5721694539945225,0.7278724981467753,0.57929203539823,0.978963110667996
GPAB5033_jpg.rf.a42128c7f23b888e301bb1cfac56c0ea.jpg,bleached,85760,16218,14818,0.7342717216343025,0.8467781749244654,0.8409656984839867,0.8526715583924914
GPAB5096_jpg.rf.e6b7fbc62c0b41cc3946e299a644d3f2.jpg,bleached,335748,60616,30287,0.7869382703896158,0.8807671573546135,0.8470698650735183,0.9172565465051157
GPAB5121_jpg.rf.fcbf5ec6808aa3c85aca6b2855ea846b.jpg,bleached,439402,84089,132288,0.670045853862353,0.8024280917948723,0.8393687761585203,0.768601864646924
GPAB5140_jpg.rf.79c16d5485a87227cb76d2c41e7b4043.jpg,bleached,35182,216846,14793,0.13185618823106127,0.2329910630026854,0.13959560048883457,0.703991995997999
GPAB5142_jpg.rf.9cbf6dc4ce3a554c05d16f34fb84dbb1.jpg,bleached,10,60262,1911,0.00016081565701236674,0.00032157959899024006,0.00016591452083886382,0.0052056220718375845
GPAB5150_jpg.rf.78a0f068bd61364295bdd1c46e50b387.jpg,bleached,98222,67658,994,0.5885997818713521,0.7410296647252316,0.5921268386785629,0.9899814546040961
GPAB5152_jpg.rf.dea64a52d7766208624c9075ac8e744b.jpg,bleached,74206,94367,71585,0.3089882494024767,0.47210240358310746,0.4402009811772941,0.5089888950621094
GPAB5174_jpg.rf.46ca733d089fc887a9dc084787d33982.jpg,bleached,48992,29998,105506,0.2655450524672622,0.4196532584115672,0.6202304089125206,0.3171044285362917
GPAB5179_jpg.rf.f9eed0cac19d9f9bceeb29baf5d810fb.jpg,bleached,158923,6594,16584,0.8727189856178714,0.9320341090363141,0.9601611919017382,0.9055080424142626
GPAB5226_jpg.rf.f2ca7f8c573d5d5c1b5f8e5eac9c6320.jpg,bleached,18517,2096,36521,0.3240977351489481,0.48953748132873326,0.898316596322709,0.33644027762636725
GPAB5236_jpg.rf.c1137ff7d5cba4f3f3f0a4a9cce4bce8.jpg,bleached,136089,724,3711,0.9684395548091429,0.98396676945769,0.9947081052239187,0.9734549356223176
GPAB5241_jpg.rf.3652b87908eefc756b80da270e2a609f.jpg,bleached,0,0,0,1.0,1.0,,
GPAB5248_jpg.rf.e6a7d848114e0c62c755ad295d87f35f.jpg,bleached,86210,245843,4091,0.2564674663239564,0.4082357453699977,0.25962722818345263,0.9546959612850356
GPAB5285_jpg.rf.917b9bc4a3094f60d6dd54576e66897b.jpg,bleached,1213,92,120031,0.009997033032241049,0.019796163167386107,0.9295019157088122,0.010004618785259477
GPAB5286_jpg.rf.7e8781dd4975ce7fca1bc1950bfe023e.jpg,bleached,63642,91379,65122,0.28909390714217575,0.4485226491886463,0.41053792711955156,0.4942530520953061
GPAB5287_jpg.rf.f316e103bf2987c11731ee8f25b032d8.jpg,bleached,61918,4746,12165,0.7854723515457509,0.879848238328348,0.9288071522860915,0.835792287029413
GPAB5297_jpg.rf.0296081ab463a9d1ecf239538718dd87.jpg,bleached,42318,51229,12381,0.3994977720715958,0.5709159100414176,0.4523715351641421,0.77365216914386
GPAB5299_jpg.rf.982209f62d95c666316b67c67161afb2.jpg,bleached,2209,58244,27363,0.02515486927211442,0.049075256873090806,0.036540783749359006,0.07469903963208441
GPAB5302_jpg.rf.3c212643573c9f4bb59e48652eb6d846.jpg,bleached,0,1703,6757,0.0,0.0,0.0,0.0
GPAB5307_jpg.rf.4d7d182d23541594f3ab8ffa499acae2.jpg,bleached,201492,15396,12269,0.8792749075961023,0.9357597486584202,0.9290140533362842,0.9426041232965789
GPAB5308_jpg.rf.115bcdb8bbdc8ee1e2920379b038f344.jpg,bleached,0,261941,0,0.0,0.0,0.0,
GPAB5309_jpg.rf.d19f7d3fbbd76e45123f9b77fbf6c288.jpg,bleached,216346,35871,32957,0.7586455988273826,0.8627612059339608,0.8577772315109607,0.8678034359795109
GPAB5311_jpg.rf.411f63a94d59592bc074a6196bacf1d0.jpg,bleached,41538,39622,37383,0.35040449457159006,0.518962275348105,0.5118038442582553,0.526323792146577
GPAB5332_jpg.rf.39ed198ee533269eccb7c8a2b4905b87.jpg,bleached,18600,6973,20641,0.4024754403427533,0.5739500725151974,0.7273296054432409,0.4739940368492138
GPAB5333_jpg.rf.2fb14ea874aaf0bdc6acefaa46ae3b24.jpg,bleached,5884,3125,111,0.6451754385964912,0.7843241802186084,0.6531246531246532,0.9814845704753962
GPAB5334_jpg.rf.e95df04308622776ed1b1ed4b88ef51f.jpg,bleached,44164,177396,9871,0.19083009622738528,0.3204992833687113,0.19933200938797616,0.81732210604238
GPAB5335_jpg.rf.6bf5e9d0887602d1badfe856c236a338.jpg,bleached,236789,11489,2889,0.9427552186393913,0.9705342284960119,0.9537252595880424,0.9879463279900533
GPAB5336_jpg.rf.6cbd3774005119fe947d59c92202676a.jpg,bleached,0,13931,12303,0.0,0.0,0.0,0.0
GPAB5338_jpg.rf.ccf17be954dbf5bad62d1985c2c414ce.jpg,bleached,93091,46246,48596,0.4953414248695014,0.6625128102937827,0.668099643310822,0.6570186396775992
GPAB5348_jpg.rf.8ba371da13fb1ea879c422e3e3ba2cce.jpg,bleached,0,35326,0,0.0,0.0,0.0,
GPAB5349_jpg.rf.1ee7632cec92426ad67645eedadd0f50.jpg,bleached,10547,71002,536,0.12848876164950965,0.2277182830987132,0.1293332842830691,0.9516376432373906
GPAB5420_jpg.rf.1a7945f6c17694f7cf560b2e8231a128.jpg,bleached,144534,9451,37111,0.756342361954201,0.8612698507284807,0.9386238919375264,0.7956948993916706
GPAB5443_jpg.rf.32c02690be0eb7a25e3c884163f2a83f.jpg,bleached,169510,60761,2132,0.7293795691105537,0.8435158852786548,0.7361326437111056,0.9875787977301593
GPAB5468_jpg.rf.4283e52525152382f8e24a20d09d9eb9.jpg,bleached,155925,29995,13978,0.7800228116339333,0.8764188936634225,0.8386671686746988,0.9177295280248141
GPAB5497_jpg.rf.0ffa6911ae7ba47037807745fe6d0550.jpg,bleached,0,2438,0,0.0,0.0,0.0,
GPAB5501_jpg.rf.b589a7631d40c0e686a0a60ee8a45f5f.jpg,bleached,55636,29699,23988,0.5089139522332904,0.6745433713831922,0.6519716411788832,0.6987340500351653
GPAB5519_jpg.rf.f4dccd4d27203da8024b20f802d49292.jpg,bleached,6641,30834,46297,0.07927469798978179,0.14690365323570725,0.17721147431621082,0.12544863802939288
GPAB5545_jpg.rf.8c6a419671b63b24065f36515b5b7271.jpg,bleached,19321,177534,7487,0.09455227021366142,0.1727688531406625,0.09814838332783013,0.7207176962100865
GPAB5552_jpg.rf.0aa5c6e322bdc54366f9d200985db4aa.jpg,bleached,0,50057,0,0.0,0.0,0.0,
GPAB5569_jpg.rf.8e265edd8d3471a629aa34b39cc85f3b.jpg,bleached,0,579570,3081,0.0,0.0,0.0,0.0
GPAB5573_jpg.rf.52eca794ae531745404865e3c713eb5e.jpg,bleached,46059,426,361,0.9832002732357085,0.9915289812173725,0.9908357534688609,0.9922231796639379
GPAB5585_jpg.rf.05d053942efba9dcd4f589dfea18c2e5.jpg,bleached,41598,80482,16,0.3406991220023588,0.5082409862304055,0.3407437745740498,0.9996155140097083
GPAB5646_jpg.rf.89c32cce97796de1fa893918a8ad607b.jpg,bleached,1566,24321,33902,0.02619210891635585,0.051047184418547796,0.06049368408853865,0.04415247547084696
GPAB5669_jpg.rf.c3ae775301186fb9b1b6950c2f4bc406.jpg,bleached,0,0,16163,0.0,0.0,,0.0
GPAB5743_jpg.rf.e977816285ab91f398c9cf38144e91de.jpg,bleached,19257,86121,5922,0.1730188679245283,0.2949975872607367,0.18274212833798326,0.7648040033361134
GPAB5767_jpg.rf.5e9dcd3a001722ecbb252bc7810e23dd.jpg,bleached,128300,87693,25471,0.5313421462412616,0.693956145000595,0.5940007315051876,0.8343575836796275
GPAB5827_jpg.rf.7cc4d07d38d46d7c26b93ba7539d1662.jpg,bleached,189148,70588,34176,0.6435531723781268,0.7831242495756221,0.7282317430005852,0.8469667389084917
GPAB5892_jpg.rf.546c74522ae889052219499406c99537.jpg,bleached,113416,224194,9385,0.32685197193043125,0.49267285099617514,0.33593791653090843,0.9235755409157906
GPAB5916_jpg.rf.d72c77ea11466eba34b333085f39bc94.jpg,bleached,108355,4966,102639,0.5017364326727172,0.6682083776575243,0.9561775840312033,0.513545408874186
GPAB5933_jpg.rf.4c244c05d951f1eeef907e6435a977a1.jpg,bleached,235995,110178,56561,0.5859823109049646,0.7389518872636126,0.6817256111828479,0.806666074187506
GPAB6017_jpg.rf.2a7ce631b79425a164d63b2137dcb999.jpg,bleached,33669,57319,23764,0.29340665086447293,0.453695905565924,0.3700378071833648,0.5862309125415702
GPAB6031_jpg.rf.c8c7491ba0185bc1872720abe9f324f0.jpg,bleached,135507,74042,9059,0.6198629510356437,0.7653276477980318,0.6466602083522232,0.937336579832049
GPAB6033_jpg.rf.e583d1e7ca6b0479db2a6ff5d7a2ef5e.jpg,bleached,85368,72383,5750,0.5221252469403856,0.6860476797029763,0.5411566329215028,0.9368950152549441
GPAB6112_jpg.rf.275e9e45ae9d2003a909da0c5f0de468.jpg,bleached,4722,7,81223,0.05493763961280715,0.1041533405386329,0.9985197716219074,0.05494211414276572
GPAB6151_jpg.rf.c36cadd2306d5b5385f070e07094abae.jpg,bleached,55666,26613,52727,0.41232241530006075,0.5838927582445246,0.676551732519841,0.5135571485243512
GPAB6199_jpg.rf.bfde89e764df96e5529e9f0eaca7fc63.jpg,bleached,22016,311,764,0.9534450651769087,0.9761677788369876,0.9860706767590809,0.9664618086040386
GPAB6203_jpg.rf.51578668f786e422636d911cb62b28bf.jpg,bleached,42537,4818,47787,0.44708961341994075,0.6179155862549844,0.8982578397212544,0.47093795668925204
GPAB6208_jpg.rf.c473a27a0a8d6f6587dc146ae5eb3014.jpg,bleached,30347,80,16111,0.6520907645365078,0.7894127593158613,0.9973707562362375,0.6532136553446123
GPAB6213_jpg.rf.a18255c26a2019ef53cab4aad446882f.jpg,bleached,0,0,3208,0.0,0.0,,0.0
GPAB6218_jpg.rf.cbf157f68419fd36fb92aad2909ab5ec.jpg,bleached,6458,953,10823,0.3541735219918833,0.5230843998056051,0.871407367426798,0.3737052253920491
GPAB6220_jpg.rf.3bc13f3d7e06c9294ec7edc12332c5da.jpg,bleached,0,0,52175,0.0,0.0,,0.0
GPAB6227_jpg.rf.571570ca77f0db566886fcf2519c6b6b.jpg,bleached,0,0,6323,0.0,0.0,,0.0
GPAB6236_jpg.rf.46b13879c47d4fdd782cf071312ef0fe.jpg,bleached,0,0,891,0.0,0.0,,0.0
GPAB6245_jpg.rf.47051ee1d535ca875a821dca928db358.jpg,bleached,14145,4284,15990,0.4109648740521224,0.5825302693353102,0.7675402897607032,0.46938775510204084
GPAB6251_jpg.rf.d7a423a98ef5280e1fa58def52ffcf9b.jpg,bleached,20485,6668,28405,0.36871377659382987,0.538774114645661,0.7544286082569145,0.419001840867253
GPAB6286_jpg.rf.b9de6c3dd697e300894bf557002032ac.jpg,bleached,13864,6354,36638,0.24384409736879134,0.3920814479638009,0.6857255910574735,0.27452378123638665
GPAB6318_jpg.rf.d15aea90cad5a842336ad5d3bce3c7bf.jpg,bleached,146072,62416,17066,0.6476143185223937,0.7861236834882381,0.7006254556617167,0.8953891797128811
GPAB6343_jpg.rf.0d5a7465def88e0de6cf8a58d5eb8cfa.jpg,bleached,116914,18448,106325,0.48374136796766065,0.6520561850078499,0.8637135976123285,0.5237167340832023
GPAB6357_jpg.rf.f77decaa064ed06ac4ae7dc5f14b7c03.jpg,bleached,0,0,1904,0.0,0.0,,0.0
GPAB6362_jpg.rf.409a2850d857b0bd69c899eb31575f58.jpg,bleached,5792,241,4100,0.5715977499259844,0.7274097331240188,0.9600530416045086,0.5855236554791751
GPAB6368_jpg.rf.4ccdaea8dd51721346f6943ef0c1a15f.jpg,bleached,4833,385,4285,0.508576239082395,0.6742466517857143,0.9262169413568417,0.5300504496600131
GPAB6415_jpg.rf.6edab159b05aadee5406742ad5b6bae4.jpg,bleached,168252,54641,32284,0.6593540953926098,0.7947117462431719,0.7548554687675252,0.8390114493158336
GPAB6420_jpg.rf.b77275a4c2d4ceebbfe562a217560760.jpg,bleached,201720,71291,23991,0.6791873455397607,0.8089476702451466,0.7388713275289274,0.8937092122227096
GPAB6428_jpg.rf.b16d2b18243733f492c9084c55db4346.jpg,bleached,90279,41522,35604,0.5392849675935605,0.7006954254047593,0.6849644539874508,0.717165939801244
GPAB6469_jpg.rf.804de9a3f3b0bcff6cafd0268423db33.jpg,bleached,4494,5169,2142,0.3806861499364676,0.5514448739186453,0.46507295870847565,0.6772151898734177
GPAB6581_jpg.rf.0e33f8c4bc7b403d776dbb15f4bb9251.jpg,bleached,238181,6739,2211,0.9637843896556887,0.9815582553079256,0.9724848930262943,0.9908025225465074
GPAB6582_jpg.rf.a166616a1043774d17060f56687c0471.jpg,bleached,55738,3092,400,0.9410433901738984,0.9696263308050936,0.9474417814040456,0.9928747016281306
GPAB6583_jpg.rf.226622e1572d169e84459d33d4b242e9.jpg,bleached,26722,7953,31269,0.405222613126289,0.5767379621436125,0.7706416726748377,0.46079564070286766
GPAB6584_jpg.rf.bf60090261c1ac131e8b94b020257a0e.jpg,bleached,174626,72445,12423,0.6729481221145769,0.8045056666359532,0.7067846894212595,0.9335842479778026
GPAB6596_jpg.rf.2ff0ce0a9390ffcde484219f10b26580.jpg,bleached,44690,23941,11611,0.5569402557264276,0.7154291934812538,0.6511634684034912,0.7937692048098612
GPAB6643_jpg.rf.d790114b6394a3a5aa132aa793ce2dbc.jpg,bleached,139576,17455,26981,0.7585157489728931,0.8626772315413427,0.888843604129121,0.8380074088750398
GPAB6646_jpg.rf.49fc6a67b97d38d25bea008e6f33d9f7.jpg,bleached,180334,60260,14653,0.7065078139997728,0.8280159143764305,0.7495365636715795,0.9248514003497669
GPAB6647_jpg.rf.ed1c984301bcc115058546f7d8048b07.jpg,bleached,47664,3794,86184,0.3462896499614943,0.5144355822261557,0.9262699677406817,0.35610543302850994
GPAB6648_jpg.rf.c56ce6da35aa5d7bf1816fcefeee13f5.jpg,bleached,76032,98095,19139,0.3934059793238335,0.5646681371566071,0.4366468152555319,0.7988988242216641
GPAB6649_jpg.rf.47c706dd93e009a16e5bedc5215042d9.jpg,bleached,151028,112408,82526,0.43654505408108407,0.607770780096179,0.573300535993562,0.64665130976134
GPAB6650_jpg.rf.d42500ecead8b3cfa4dd6cdbd03046bd.jpg,bleached,175811,48401,111123,0.5242846705533273,0.6879091296811478,0.7841284141794373,0.6127227864247528
GPAB6651_jpg.rf.b6a9a159f89e82d53644c3a73ebaa154.jpg,bleached,222547,29719,84576,0.6606866127145665,0.7956788567526355,0.8821918134033124,0.7246184753339867
GPAB6652_jpg.rf.3746e0c1af503c85d382a9d829f4713a.jpg,bleached,259568,3566,65849,0.7890012553840168,0.882057799578966,0.9864479694756284,0.7976473263535709
GPAB6653_jpg.rf.6462868b079303442dc200bdaa83cf5b.jpg,bleached,182479,61669,28028,0.6704448592087473,0.8027141458908403,0.7474114061962416,0.8668547839264252
GPAB6654_jpg.rf.c041357eb333cbca4f87f2517eb356e9.jpg,bleached,79240,83639,3015,0.4776544058254066,0.6465035449998776,0.4864961106097164,0.9633456932709258
GPAB6655_jpg.rf.fb96f38ea0bf68f9bcb15a2ea4533c20.jpg,bleached,0,5494,8405,0.0,0.0,0.0,0.0
GPAB6656_jpg.rf.5d4becc71a2154b3949645d8d64ed72e.jpg,bleached,358848,48133,7217,0.8663682586589022,0.92840012107947,0.8817315796069104,0.9802849220766804
GPAB6657_jpg.rf.8e09ed048fbf8afdda873ac2b2f11aff.jpg,bleached,103926,13182,7952,0.8310091156245002,0.907706147974112,0.887437237421867,0.9289225763778401
GPAB6658_jpg.rf.f6047019a05b50a74f0bc478b9487e2e.jpg,bleached,14256,123665,17980,0.09144264629476398,0.16756289779438988,0.10336351969605789,0.4422384911279315
GPAB6659_jpg.rf.709b4d7ed4800dd29cbf1c81b90dd9e0.jpg,bleached,11680,284,3731,0.7441860465116279,0.8533333333333334,0.9762621196924106,0.7579002011550191
GPAB6660_jpg.rf.31b6a04bb3b33417f99359b150249ea1.jpg,bleached,0,58886,11857,0.0,0.0,0.0,0.0
GPAB6661_jpg.rf.3c4167a579d558a7483fe8be14f117da.jpg,bleached,131444,11277,318729,0.28484992956983424,0.44339797670409886,0.920985699371501,0.29198552556461627
GPAB6662_jpg.rf.2108d9d531e28867ea4da578a80bbdb8.jpg,bleached,58547,1809,7227,0.8662977375967329,0.9283596289542535,0.970027834846577,0.8901237571076718
GPAB6663_jpg.rf.86f74cdd128bbd44c7c2229648721c5d.jpg,bleached,9271,847,56674,0.13880404838902863,0.24377161037560968,0.9162878039138169,0.14058685268026386
GPAB6664_jpg.rf.c6ef7a66d43f9061b3dfc2c5107657e0.jpg,bleached,59855,39930,86175,0.3218702946870295,0.48699225026951165,0.5998396552588064,0.40988153119222076
GPAB6665_jpg.rf.1b65939da5c873cbe5254fc52cc442d4.jpg,bleached,0,28359,16714,0.0,0.0,0.0,0.0
GPAB6666_jpg.rf.4c4e1b29088fb6b155dc41c398781370.jpg,bleached,20261,36446,57245,0.1778029345689413,0.30192306259453255,0.35729275045408854,0.26141201971460276
GPAB6667_jpg.rf.2a5460ac13ba5fc91010686eb1f3313c.jpg,bleached,76736,26837,1419,0.7308747333130143,0.8445148793801726,0.740888069284466,0.9818437719915553
GPAB6668_jpg.rf.8a52d79d063cb9a4eb650e20d0cde86a.jpg,bleached,67155,23235,2187,0.7253961567127905,0.8408459169108257,0.7429472286757385,0.9684606731850827
GPAB6669_jpg.rf.321fecc390e5ecce908b5f9958f266ec.jpg,bleached,24690,11885,27138,0.3875190306530849,0.558578328789747,0.6750512645249488,0.4763834220884464
GPAB6670_jpg.rf.5e7d6bc2eaca9c5c6f30031c970d577c.jpg,bleached,0,0,4667,0.0,0.0,,0.0
GPAB6671_jpg.rf.8823d517f81d5155714d6730facb6945.jpg,bleached,65262,7149,2820,0.8674881365394584,0.9290427281074501,0.9012719062020964,0.9585793601833084
GPAB6672_jpg.rf.cfd673b99f828cebf1bf4d7528ea8aff.jpg,bleached,0,95608,0,0.0,0.0,0.0,
GPAB6673_jpg.rf.cd25a2f71375986cca89454d261f329d.jpg,bleached,0,0,0,1.0,1.0,,
GPAB6674_jpg.rf.20c047131d1c05472033eea3285c7c80.jpg,bleached,0,0,2334,0.0,0.0,,0.0
GPAB6675_jpg.rf.4f04c89d08e730b52a36b57e46d13726.jpg,bleached,65863,95719,56417,0.3021252391066014,0.4640494324707076,0.4076134717976012,0.5386244684331043
GPAB6676_jpg.rf.62dd073dcce1a1a6cf857a62a9f0e112.jpg,bleached,107049,9032,7976,0.8629017306560693,0.9264060647495089,0.9221922622996012,0.9306585524885894
GPAB6677_jpg.rf.fe0934180b433aa2bdd28762cc4c938e.jpg,bleached,84103,16000,32263,0.6353821978453681,0.777044288096679,0.8401646304306565,0.7227454754825292
GPAB6678_jpg.rf.4fa0cceb63bfe1804bdd651c2a3fef64.jpg,bleached,29372,79688,238,0.2687331881644678,0.42362443210499745,0.2693196405648267,0.9919621749408983
GPAB6679_jpg.rf.56d98813e84f509e5216b1ab208b9c4d.jpg,bleached,135554,29128,5289,0.7975125168411082,0.8873512805826037,0.823125781809791,0.9624475479789553
GPAB6680_jpg.rf.8ffe46388f899aa283fc4a3f321cec09.jpg,bleached,40447,681,157589,0.20354071367824594,0.33823652389155556,0.9834419373662712,0.20424064311539317
GPAB6681_jpg.rf.0f833ea68a8c1dffcb4c3f6adea2c72d.jpg,bleached,0,211943,7850,0.0,0.0,0.0,0.0
GPAB6682_jpg.rf.eb22232a2c018cc5851106de08352de7.jpg,bleached,9372,315,20918,0.3062244731253063,0.4688696000200115,0.967482192629297,0.30940904588973256
GPAB6683_jpg.rf.a8e659241e83b43452b24e4ddccbe5bd.jpg,bleached,0,16100,0,0.0,0.0,0.0,
GPAB6684_jpg.rf.0736c8590fcf6864ecebf96c7bd09b8f.jpg,bleached,133273,3972,13633,0.8833163217964183,0.9380435050378144,0.9710590549746804,0.9071991613684941
GPAB6685_jpg.rf.42cdbc2507e32fe09d31984fc16f69b6.jpg,bleached,106827,43445,33195,0.5822682008208561,0.7359917876359828,0.710890917802385,0.7629301109825599
GPAB6686_jpg.rf.0541fbfe096aff1703cafa9538cc4c97.jpg,bleached,39394,16650,32,0.7025108780940152,0.8252644809887922,0.7029119977160803,0.9991883528635925
GPAB6687_jpg.rf.f4a6a527a7155e2ece923d872127b126.jpg,bleached,66509,141106,559,0.31948754407370755,0.4842600379346374,0.32034775907328467,0.9916651756426313
GPAB6688_jpg.rf.57296e4a40af7ca9cfdf1f0f28a97d2c.jpg,bleached,23507,19769,31483,0.3144370577455557,0.47843608165591356,0.5431879101580552,0.42747772322240407
GPAB6689_jpg.rf.be92867710229776bc9c7cdaf8ee7bb8.jpg,bleached,47481,24639,64802,0.3467740757511576,0.514969929990293,0.6583610648918469,0.42286900065014293
GPAB6690_jpg.rf.58efacb471360e1d9e71b80ee71f6572.jpg,bleached,35332,58800,30806,0.2827962669484064,0.4409059711736445,0.3753452598478732,0.5342163355408388
GPAB6691_jpg.rf.e53cc0d0f407655cd9ee813792227553.jpg,bleached,85880,29399,47438,0.5277875083734336,0.6909174286093557,0.7449752339975191,0.6441740800192022
GPAB6692_jpg.rf.6ad73c56d9ae12964e6c6e531ac3da38.jpg,bleached,0,0,1146,0.0,0.0,,0.0
GPAB6694_jpg.rf.23021e03dc2ebb10427984d31a572e3d.jpg,bleached,1929,97,1859,0.4965250965250965,0.6635706914344686,0.9521224086870681,0.5092397043294614
GPAB6695_jpg.rf.b95d2c9058d219316957c2f1e02a8d4e.jpg,bleached,0,0,1883,0.0,0.0,,0.0
GPAB6696_jpg.rf.7b1873494355502f46e4f7212e94cfcf.jpg,bleached,2892,3669,18944,0.11338953146441874,0.20368348769236186,0.4407864654778235,0.13244183916468216
GPAB6699_jpg.rf.1f86c763a14196b5d571d2540d89638c.jpg,bleached,0,9110,1462,0.0,0.0,0.0,0.0
GPAB6700_jpg.rf.f7961569fdb6334ea3abacfaa8f67f96.jpg,bleached,0,0,0,1.0,1.0,,
GPAB6701_jpg.rf.149875ae1fe458dc6e8531c3f26d32f6.jpg,bleached,0,0,0,1.0,1.0,,
GPAB6704_jpg.rf.9790ef8bf24b48dda270de4b435b6865.jpg,bleached,7398,1734,12172,0.34725873075478786,0.5155041460525399,0.8101182654402103,0.37802759325498214
GPAB6705_jpg.rf.01585a7db7bb160584e50946bb0e8993.jpg,bleached,9997,64614,15675,0.11072591542431828,0.19937576658057696,0.13398828590958436,0.38941258959177316
GPAB6706_jpg.rf.9f01d89475c6a9d588cbb65cc6f65da0.jpg,bleached,35327,27637,67317,0.271160031009894,0.42663397903482925,0.5610666412553205,0.3441701414598028
GPAB6710_jpg.rf.9e215ac6bc82835890363fb4d212536b.jpg,bleached,7966,54306,36542,0.0806161070293683,0.14920397078104514,0.1279226618705036,0.17897905994427968
GPAB6711_jpg.rf.0304d9a3dd979cd916641d89cb49b8f0.jpg,bleached,2759,64,13995,0.16405042216672613,0.28186136793175665,0.9773290825363089,0.16467709203772232
GPAB6712_jpg.rf.822cd24c51032f70db27a6d6f422a8c4.jpg,bleached,17741,11438,13815,0.4126389728799367,0.5842100930270849,0.6080057575653723,0.5622068703257701
GPAB6713_jpg.rf.27d0d3fc4947952724f70345fd4f81b9.jpg,bleached,26632,74863,26954,0.207335206969303,0.34345922453427563,0.2623971624217942,0.4969954838950472
GPAB6714_jpg.rf.d664e0d22c48cb5ba50f7da1a60f33a3.jpg,bleached,154851,13952,125682,0.5258366300490687,0.6892436840137447,0.9173474405075739,0.5519885361080514
GPAB6717_jpg.rf.d75823f43240ef0ce9f9964a1c4519d3.jpg,bleached,0,0,1985,0.0,0.0,,0.0
GPAB6718_jpg.rf.0f4f6dd3bde84d2d235fde632ef8b650.jpg,bleached,361,2909,12488,0.02290899860388374,0.044791860537254174,0.11039755351681957,0.028095571639816328
GPAB6720_jpg.rf.470f598882af8d62b6eb1b2dd1b45516.jpg,bleached,27140,10606,4207,0.6469144042142397,0.7856078039743534,0.719016584538759,0.8657925798322008
GPAB6721_jpg.rf.6d79cc0bee61efd5fc70bf8565773f07.jpg,bleached,3283,49418,12235,0.050557471972403595,0.0962488456295167,0.062294833115121157,0.21156076814022426
GPAB6722_jpg.rf.3905acae98248caaa1018f868607f294.jpg,bleached,0,1194,5913,0.0,0.0,0.0,0.0
GPAB6723_jpg.rf.a9391a805eef75647fdc4a53714dddc1.jpg,bleached,4268,2654,17632,0.1738209660340474,0.2961626535285546,0.6165848020803236,0.19488584474885845
GPAB6724_jpg.rf.abb977d8b1d48600b80c49827e043ca3.jpg,bleached,1888,11474,15668,0.06503616947984843,0.12212950384889061,0.14129621314174526,0.10754158122579176
GPAB6725_jpg.rf.990d5f2625903257e8bc17df9fa2bf20.jpg,bleached,11633,9310,21123,0.27654162506537344,0.43326691372278814,0.5554600582533543,0.35514104286237635
GPAB6726_jpg.rf.6e8b4f32f5c8ad2068d284eea6b3ba73.jpg,bleached,11852,3799,23085,0.3059686080132177,0.4685696212540523,0.7572679062040765,0.3392392019921573
GPAB6727_jpg.rf.2b47a87edd848492b696c791dce918bb.jpg,bleached,19061,14391,10123,0.437429718875502,0.6086276262852034,0.5698015066363745,0.6531318530701754
GPAB6728_jpg.rf.c94a7a80fbc13b2ef9bf80be068ef9ee.jpg,bleached,20294,1741,16983,0.5201189194730638,0.6843134610196925,0.9209893351486271,0.5444107626686697
GPAB6729_jpg.rf.252f5cc0c0084ddbc28a453a606bd948.jpg,bleached,11213,15719,3162,0.3725991892071509,0.5429104025952017,0.4163448685578494,0.7800347826086956
GPAB6730_jpg.rf.faeabf355c420e2ba8d4915690db7746.jpg,bleached,3646,69,6635,0.3522705314009662,0.5210060017147756,0.9814266487213997,0.3546347631553351
GPAB6731_jpg.rf.9aff60cc937711da4f513b555afdcc79.jpg,bleached,30792,1466,10300,0.7235302410827577,0.8395910020449898,0.9545539091078182,0.7493429377981116
GPAB6733_jpg.rf.acb5d981beab731e09c53f2eedd2e502.jpg,bleached,20022,35226,10784,0.3032166222437606,0.46533571943198454,0.36240225890529976,0.6499383237031747
GPAB6734_jpg.rf.46683f64576f9a3cfb6bbe554cb86593.jpg,bleached,80207,20531,8858,0.731842403007409,0.8451605085272624,0.7961940876332665,0.9005445461180037
GPAB6735_jpg.rf.20b7c5c450a55f6155703cf2bbbe373f.jpg,bleached,40300,3072,64961,0.37200114461890654,0.5422752686146415,0.9291708936641151,0.382857848585896
GPAB6736_jpg.rf.2a447b81d9e09d99d2aa4e6de92083cb.jpg,bleached,148540,63039,112676,0.4580962514070716,0.6283484385410167,0.7020545517277235,0.5686481685654784
GPAB6737_jpg.rf.b1b33630159b660adb00a54e0dd9619a.jpg,bleached,139190,143179,11002,0.4744504398866964,0.643562410850724,0.49293654756719046,0.9267470970491105
GPAB6738_jpg.rf.fb0e439af4ed6e91340673e23d74129f.jpg,bleached,38929,18654,23485,0.4802018058913505,0.6488328874888539,0.6760502231561398,0.6237222418047234
GPAB6739_jpg.rf.4d32d55f2ea6573a4c99327645b6c1e2.jpg,bleached,160114,14718,17680,0.8317091921542553,0.9081236210602734,0.9158163265306123,0.9005590739844989
GPAB6740_jpg.rf.43588fe8737c9d3ec2b756b24d86e2c0.jpg,bleached,66490,240109,4350,0.2138292774699388,0.35232183213711354,0.21686306869885422,0.9385940146809713
GPAB6741_jpg.rf.4813cc555ec276c90547ec3f17feecce.jpg,bleached,0,366609,0,0.0,0.0,0.0,
GPAB6742_jpg.rf.19f506fad94038a2fdef528bee2aa3ad.jpg,bleached,407500,201679,87272,0.5851093616062005,0.7382574045406001,0.6689331050479416,0.8236116837654516
GPAB6743_jpg.rf.0ee30ee003eb99a660a748a583191988.jpg,bleached,386703,66819,54899,0.7605960414695695,0.864021074175198,0.8526664638099144,0.8756821753524667
GPAB6743_jpg.rf.effa400c62434f49e21656a7fe755769.jpg,bleached,414454,33483,42943,0.8443081812255541,0.9155825363898848,0.9252506490868135,0.906114382035737
GPAB6744_jpg.rf.a8dbeb68f8cee29da713eb411b6cabde.jpg,bleached,185455,54378,19327,0.7156004012964964,0.8342273652485859,0.7732672317821151,0.9056215878348683
GPAB6745_jpg.rf.2153b608d7e2146d34b9d9fc3febb368.jpg,bleached,117091,25917,17153,0.7310830976330068,0.8446539610174137,0.8187723763705527,0.8722252018712195
GPAB6798_jpg.rf.8586409eb79e92bd79db8bd31825a216.jpg,bleached,6757,11005,17900,0.18947338904155683,0.31858365355147455,0.38041887174867695,0.2740398264184613
GPAB6809_jpg.rf.e379cb9b5655b5b9c1ab48d1da37d5cf.jpg,bleached,8640,55759,179012,0.03549551992309304,0.06855755382839188,0.1341635739685399,0.046042674738345446
GPAB6810_jpg.rf.942a61223106aacf8e8c96d03620647b.jpg,bleached,0,0,46601,0.0,0.0,,0.0
GPAB6811_jpg.rf.5d27bc2691a61663881664b2487e0d80.jpg,bleached,17785,1596,7714,0.6563941686658055,0.7925579322638147,0.9176513079820443,0.6974783324836268
GPAB6822_jpg.rf.b99bfee0fa8e636686edfa07726c9c29.jpg,bleached,73033,27458,26353,0.5757702374570338,0.7307794293490497,0.726761600541342,0.7348419294468034
GPAB6851_jpg.rf.d59056d1d0d3c9d325f4a76cc1ba4c8b.jpg,bleached,166636,69185,33787,0.6180677131242396,0.7639577850927463,0.7066206995984242,0.8314215434356337
GPAB6884_jpg.rf.1295437527df283efdef3e5a9c3b06b7.jpg,bleached,29982,39045,15883,0.35310328583205747,0.5219162343766319,0.4343517753922378,0.6537010792543334
GPAB6885_jpg.rf.be97c790ae34175e4f797ccc4b6c5bfc.jpg,bleached,0,155780,26215,0.0,0.0,0.0,0.0
GPAB6906_jpg.rf.73105f6b446d8109bac51ef296914ed4.jpg,bleached,98271,64176,8455,0.5750137505705024,0.7301698164377557,0.604941919518366,0.9207784419916422
GPAB6910_jpg.rf.1d5376253b5d5d1d7e6717476f5b5ed4.jpg,bleached,34412,651,6354,0.8308665523818721,0.9076210948317925,0.9814334198442803,0.8441348182308787
GPAB6911_jpg.rf.6054641356b5c6b94a2f979a7675620d.jpg,bleached,9095,20349,3739,0.27408612843926106,0.43024741000047306,0.30889145496535797,0.7086644849618202
GPAB6915_jpg.rf.7e7b783f170b910f9398380099ea6085.jpg,bleached,91194,2678,35799,0.703272127152563,0.8257895094288367,0.97147179137549,0.7181025725827408
GPAB6916_jpg.rf.2ea16833db5bc53744b52042ad162eea.jpg,bleached,1788,175,82413,0.02119085996017825,0.04150225152035653,0.9108507386653082,0.021234902198311183
GPAB6917_jpg.rf.3654181da791af09652ebca09656faa3.jpg,bleached,11528,72082,4181,0.13131186568099235,0.23214087938863662,0.1378782442291592,0.7338468393914317
GPAB6921_jpg.rf.7d23b8ba81f4b7b036919eb82f4b2115.jpg,bleached,23911,7796,250245,0.084805215072069,0.1563510460565678,0.7541236950831047,0.08721676709610586
GPAB6929_jpg.rf.da2115ed575dc3b6a07ef26d6f83377a.jpg,bleached,115234,18715,45741,0.641293338527464,0.7814487800246843,0.8602826448872332,0.7158502873116943
GPAB6931_jpg.rf.5fe64cd601f36dfacddfb1c7ad0ca2ea.jpg,bleached,21884,55962,7115,0.2575770059203635,0.4096401329028031,0.28111913264650723,0.7546467119555846
GPAB6942_jpg.rf.ad7a548a4c1e9f9e656996478eed1274.jpg,bleached,14588,289768,2162,0.04759263730025643,0.09086096180077607,0.04793071271800129,0.8709253731343284
GPAB6943_jpg.rf.6c8af24769bb96f9b4497d80a41f4c3d.jpg,bleached,83186,754,484,0.9853359234340946,0.992613805858839,0.9910173933762211,0.9942153699055815
GPAB6944_jpg.rf.29853f1d5567546dbca6ebf05b96d79a.jpg,bleached,136816,185810,30330,0.387629052913111,0.558692616156089,0.4240699757614079,0.818541873571608
GPAB6946_jpg.rf.69a736a184165b6b0dbcc98f8e658fd4.jpg,bleached,66000,2217,56744,0.5281647874136731,0.6912406198124225,0.9675007696028849,0.5377044906472007
GPAB6951_jpg.rf.fd609cc90f60eda0e6252f5f464ff693.jpg,bleached,157616,43469,2146,0.775550974014791,0.8735890834619658,0.7838277345401199,0.9865675191847874
GPAB6953_jpg.rf.cafe2c5508e2ff7b8f76d42a30658cbb.jpg,bleached,131768,98992,12080,0.5426124197002141,0.7034980566352027,0.5710175073669613,0.9160224681608364
GPAB6980_jpg.rf.fc99a764c38c296eeaa04df2539d9919.jpg,bleached,78562,2260,55681,0.5755331384658212,0.730588426754702,0.9720373165722205,0.5852223207169089
GPAB6997_jpg.rf.c826182a13a0d7947e84cecc52a9bd70.jpg,bleached,56086,126948,9362,0.2915133370756149,0.45142907735771604,0.3064239430925402,0.8569551399584403
GPAB7009_jpg.rf.28247ed465ee7cd05cd23f3380511de3.jpg,bleached,28078,16199,137803,0.15420694200351495,0.26720848123792573,0.634144138040066,0.16926591954473388
GPAB7021_jpg.rf.7c0a3f03fd6f538b6a5b3e820de08068.jpg,bleached,79439,22045,5500,0.7425315935093098,0.8522446264677642,0.7827736391943557,0.9352476483123182
GPAB7022_jpg.rf.ef80630b7a7d3048fbaa5f24c5ae6cf6.jpg,bleached,82382,468967,348,0.14932471990966056,0.25984774767812846,0.14941897056129602,0.9957935452677384
GPAB7023_jpg.rf.3d860cb9b2b20806f8f8e342858c372c.jpg,bleached,85815,127376,55053,0.3199139589329118,0.48474971685510043,0.402526373064529,0.6091873243036033
GPAB7024_jpg.rf.a1ef511de11f5c302d455d82c0d37bd8.jpg,bleached,103145,3229,27630,0.7697158293782275,0.869875057453331,0.9696448380243292,0.7887210858344484
GPAB7026_jpg.rf.074569e48485ec38a4cb5c629f52f56c.jpg,bleached,78659,40185,1586,0.6531512081707216,0.7901893123176067,0.6618676584430009,0.9802355286933765
GPAB7027_jpg.rf.5bf488c10f515218c4a6f6359ff04865.jpg,bleached,11393,17418,10553,0.28942688751143175,0.4489233012195362,0.3954392419561973,0.5191378838968377
GPAB7050_jpg.rf.5d195395bfbe8803ccd8968785d9d541.jpg,bleached,182819,125024,76238,0.4759907415362905,0.6449779502557771,0.5938709017258798,0.7057095542679797
GPAB7059_jpg.rf.9d98a90bf8301b908be647a4c522fe68.jpg,bleached,92567,204315,3898,0.30775649976727176,0.47066330746135093,0.31179727972729904,0.9595915617063183
GPAB7061_jpg.rf.017d56e7556882c1de865eb499bdbf21.jpg,bleached,11951,70838,30041,0.10592041123814588,0.1915515984003975,0.14435492637910832,0.28460182891979424
GPAB7062_jpg.rf.2c7208719da7236acf8888944147a4c5.jpg,bleached,121072,146086,42930,0.3904440029926988,0.56161053901104,0.4531850066252929,0.7382348995743955
GPAB7065_jpg.rf.4039f0083a44753ef687177038eeddbf.jpg,bleached,93797,3815,6542,0.900560708182115,0.9476789710584943,0.9609166905708314,0.934801024526854
GPAB7067_jpg.rf.a302de79c7c7c7514de83ec1b06bfd44.jpg,bleached,0,61187,12688,0.0,0.0,0.0,0.0
GPAB7079_jpg.rf.909e521c3f586cbc8b357fbd01b9cb3a.jpg,bleached,67884,13715,19022,0.6746504208862961,0.8057208984896591,0.831921959827939,0.7811198306215912
GPAB7080_jpg.rf.534c4e4511da2cce23e581aeb17807ff.jpg,bleached,35673,50447,4865,0.392075616859922,0.5632964360719418,0.4142243381328379,0.8799891459864818
GPAB7081_jpg.rf.2159b20d8b296fd86124587d2ea73ea6.jpg,bleached,28171,21871,18984,0.4081215773766407,0.5796680967519574,0.562947124415491,0.5974127876153112
GPAB7090_jpg.rf.5a202a153d5630556c96afc11f25bef5.jpg,bleached,38776,65401,41372,0.26641199870833876,0.42073511460735113,0.37221267650249096,0.4838049608224784
GPAB7095_jpg.rf.da1a17f02f4eb3d1397d87151efeb1a6.jpg,bleached,150249,161927,139580,0.3325888311389334,0.4991619670932966,0.48129580749320894,0.5184056805909691
GPAB7183_jpg.rf.4ec008fb929778140b3f448a821803ac.jpg,bleached,10212,89902,911,0.10108389012620639,0.1836079721675342,0.102003715764029,0.9180976355299829
GPAB7185_jpg.rf.bbdd85b10b2ce4494aa5e4f51cb88e08.jpg,bleached,4002,4486,59107,0.05920556254160811,0.111792393536042,0.47148916116870876,0.06341409307705716
GPAB2750_jpg.rf.cdad5a44fc68268026febd47efc11e6c.jpg,branching_acropora,0,0,0,1.0,1.0,,
GPAB2750_jpg.rf.cdad5a44fc68268026febd47efc11e6c.jpg,finger_acropora,0,0,11144,0.0,0.0,,0.0
GPAB2750_jpg.rf.cdad5a44fc68268026febd47efc11e6c.jpg,finger_porites,7179,117101,31705,0.04602365612078085,0.0879973523571376,0.05776472481493402,0.1846260672770291
GPAB2750_jpg.rf.cdad5a44fc68268026febd47efc11e6c.jpg,knob_porites,47117,811,182156,0.20478173188922308,0.3399482685848897,0.9830787848439325,0.20550609971518669
GPAB2750_jpg.rf.cdad5a44fc68268026febd47efc11e6c.jpg,mounding_,2199,8262,14567,0.08786159501358479,0.1615308333639402,0.21020934901061084,0.13115829655254682
GPAB2750_jpg.rf.cdad5a44fc68268026febd47efc11e6c.jpg,oddball,0,0,1192,0.0,0.0,,0.0
GPAB2750_jpg.rf.cdad5a44fc68268026febd47efc11e6c.jpg,pocillopora_,0,0,0,1.0,1.0,,
GPAB2750_jpg.rf.cdad5a44fc68268026febd47efc11e6c.jpg,table_acropora,0,14608,0,0.0,0.0,0.0,
GPAB2751_jpg.rf.5c54bc040bd61f476b2936c0f427baaf.jpg,branching_acropora,53307,1826,967,0.9502139037433155,0.9744714689188078,0.9668800899642682,0.9821829973836459
GPAB2751_jpg.rf.5c54bc040bd61f476b2936c0f427baaf.jpg,finger_acropora,0,0,4302,0.0,0.0,,0.0
GPAB2751_jpg.rf.5c54bc040bd61f476b2936c0f427baaf.jpg,finger_porites,0,17775,0,0.0,0.0,0.0,
GPAB2751_jpg.rf.5c54bc040bd61f476b2936c0f427baaf.jpg,knob_porites,7533,823,65270,0.10231439980441692,0.1856356041843788,0.9015078985160364,0.10347101080999409
GPAB2751_jpg.rf.5c54bc040bd61f476b2936c0f427baaf.jpg,mounding_,4115,4021,1106,0.445249945899156,0.6161563225275136,0.5057767944936087,0.7881631871289025
GPAB2751_jpg.rf.5c54bc040bd61f476b2936c0f427baaf.jpg,oddball,0,0,782,0.0,0.0,,0.0
GPAB2751_jpg.rf.5c54bc040bd61f476b2936c0f427baaf.jpg,pocillopora_,0,1431,0,0.0,0.0,0.0,
GPAB2751_jpg.rf.5c54bc040bd61f476b2936c0f427baaf.jpg,table_acropora,0,0,0,1.0,1.0,,
GPAB2752_jpg.rf.3d3a23e7d01325a3e36b5203981b2c6b.jpg,branching_acropora,0,0,3738,0.0,0.0,,0.0
GPAB2752_jpg.rf.3d3a23e7d01325a3e36b5203981b2c6b.jpg,finger_acropora,0,31942,3566,0.0,0.0,0.0,0.0
GPAB2752_jpg.rf.3d3a23e7d01325a3e36b5203981b2c6b.jpg,finger_porites,0,0,53212,0.0,0.0,,0.0
GPAB2752_jpg.rf.3d3a23e7d01325a3e36b5203981b2c6b.jpg,knob_porites,0,0,152604,0.0,0.0,,0.0
GPAB2752_jpg.rf.3d3a23e7d01325a3e36b5203981b2c6b.jpg,mounding_,259,12663,4886,0.014544025157232705,0.028671057729562185,0.020043336944745395,0.050340136054421766
GPAB2752_jpg.rf.3d3a23e7d01325a3e36b5203981b2c6b.jpg,oddball,0,1303,0,0.0,0.0,0.0,
GPAB2752_jpg.rf.3d3a23e7d01325a3e36b5203981b2c6b.jpg,pocillopora_,4842,1574,94,0.743778801843318,0.8530655391120507,0.7546758104738155,0.9809562398703403
GPAB2752_jpg.rf.3d3a23e7d01325a3e36b5203981b2c6b.jpg,table_acropora,0,155626,0,0.0,0.0,0.0,
GPAB2753_jpg.rf.ecc3e09a60fddd4051f8cc1817f5abe0.jpg,branching_acropora,2298,2137,389,0.4763681592039801,0.645324347093513,0.51815107102593,0.8552288797915891
GPAB2753_jpg.rf.ecc3e09a60fddd4051f8cc1817f5abe0.jpg,finger_acropora,133435,77089,19903,0.5790771046795732,0.7334374020920019,0.6338232220554426,0.8702017764676727
GPAB2753_jpg.rf.ecc3e09a60fddd4051f8cc1817f5abe0.jpg,finger_porites,0,1691,0,0.0,0.0,0.0,
GPAB2753_jpg.rf.ecc3e09a60fddd4051f8cc1817f5abe0.jpg,knob_porites,0,0,30429,0.0,0.0,,0.0
GPAB2753_jpg.rf.ecc3e09a60fddd4051f8cc1817f5abe0.jpg,mounding_,2071,7740,7182,0.12187371270523156,0.21726814939152328,0.21108959331362756,0.22381930184804927
GPAB2753_jpg.rf.ecc3e09a60fddd4051f8cc1817f5abe0.jpg,oddball,0,0,750,0.0,0.0,,0.0
GPAB2753_jpg.rf.ecc3e09a60fddd4051f8cc1817f5abe0.jpg,pocillopora_,0,11600,0,0.0,0.0,0.0,
GPAB2753_jpg.rf.ecc3e09a60fddd4051f8cc1817f5abe0.jpg,table_acropora,0,4004,0,0.0,0.0,0.0,
GPAB2755_jpg.rf.989ddbf0acb4906444222985aa1c08ad.jpg,branching_acropora,21219,9492,59805,0.23442264351053957,0.3798093703852866,0.6909250757057732,0.2618853672985782
GPAB2755_jpg.rf.989ddbf0acb4906444222985aa1c08ad.jpg,finger_acropora,197594,23667,57496,0.7088395986468501,0.8296151367374058,0.8930358264673847,0.774605041357952
GPAB2755_jpg.rf.989ddbf0acb4906444222985aa1c08ad.jpg,finger_porites,0,0,0,1.0,1.0,,
GPAB2755_jpg.rf.989ddbf0acb4906444222985aa1c08ad.jpg,knob_porites,0,0,0,1.0,1.0,,
GPAB2755_jpg.rf.989ddbf0acb4906444222985aa1c08ad.jpg,mounding_,0,0,12354,0.0,0.0,,0.0
GPAB2755_jpg.rf.989ddbf0acb4906444222985aa1c08ad.jpg,oddball,0,3418,374,0.0,0.0,0.0,0.0
GPAB2755_jpg.rf.989ddbf0acb4906444222985aa1c08ad.jpg,pocillopora_,809,2901,6605,0.078429471643238,0.14545127651923767,0.21805929919137465,0.10911788508227678
GPAB2755_jpg.rf.989ddbf0acb4906444222985aa1c08ad.jpg,table_acropora,8712,11819,284,0.41854431900072064,0.5901039726352152,0.4243339340509473,0.9684304135171187
GPAB2756_jpg.rf.e3eab669406113c45048b693e012a15e.jpg,branching_acropora,9637,568,5073,0.6307762796177511,0.7735902067027894,0.9443410093091622,0.655132562882393
GPAB2756_jpg.rf.e3eab669406113c45048b693e012a15e.jpg,finger_acropora,63024,17435,128799,0.301178449569431,0.4629318133405807,0.7833057830696379,0.32855288469057414
GPAB2756_jpg.rf.e3eab669406113c45048b693e012a15e.jpg,finger_porites,3972,292,15126,0.20484785972150593,0.3400393801900522,0.9315196998123827,0.2079798931825322
GPAB2756_jpg.rf.e3eab669406113c45048b693e012a15e.jpg,knob_porites,0,1324,0,0.0,0.0,0.0,
GPAB2756_jpg.rf.e3eab669406113c45048b693e012a15e.jpg,mounding_,21684,1123,13443,0.5981793103448276,0.748575965754134,0.9507607313544088,0.6173029293705696
GPAB2756_jpg.rf.e3eab669406113c45048b693e012a15e.jpg,oddball,0,3581,168,0.0,0.0,0.0,0.0
GPAB2756_jpg.rf.e3eab669406113c45048b693e012a15e.jpg,pocillopora_,0,2464,0,0.0,0.0,0.0,
GPAB2756_jpg.rf.e3eab669406113c45048b693e012a15e.jpg,table_acropora,0,16950,0,0.0,0.0,0.0,
GPAB2863_jpg.rf.96811bd1325e7bbd6bdfefe68952512f.jpg,branching_acropora,0,0,64268,0.0,0.0,,0.0
GPAB2863_jpg.rf.96811bd1325e7bbd6bdfefe68952512f.jpg,finger_acropora,0,0,578,0.0,0.0,,0.0
GPAB2863_jpg.rf.96811bd1325e7bbd6bdfefe68952512f.jpg,finger_porites,31557,116281,134834,0.11163822380709798,0.20085351765750456,0.21345662143697833,0.189655690512107
GPAB2863_jpg.rf.96811bd1325e7bbd6bdfefe68952512f.jpg,knob_porites,31985,22041,143765,0.1617110990894429,0.2784015737065664,0.5920297634472291,0.18199146514935988
GPAB2863_jpg.rf.96811bd1325e7bbd6bdfefe68952512f.jpg,mounding_,950,6034,56462,0.014973363174983451,0.02950493819491894,0.13602520045819014,0.01654706333170766
GPAB2863_jpg.rf.96811bd1325e7bbd6bdfefe68952512f.jpg,oddball,0,0,1802,0.0,0.0,,0.0
GPAB2863_jpg.rf.96811bd1325e7bbd6bdfefe68952512f.jpg,pocillopora_,0,0,0,1.0,1.0,,
GPAB2863_jpg.rf.96811bd1325e7bbd6bdfefe68952512f.jpg,table_acropora,0,3950,0,0.0,0.0,0.0,
GPAB2864_jpg.rf.bba294c9d2767e1fca67088d5f57ed2c.jpg,branching_acropora,0,0,836,0.0,0.0,,0.0
GPAB2864_jpg.rf.bba294c9d2767e1fca67088d5f57ed2c.jpg,finger_acropora,0,0,937,0.0,0.0,,0.0
GPAB2864_jpg.rf.bba294c9d2767e1fca67088d5f57ed2c.jpg,finger_porites,43,68879,69165,0.0003113978868394563,0.0006226018967639181,0.0006238936769101303,0.0006213154548607097
GPAB2864_jpg.rf.bba294c9d2767e1fca67088d5f57ed2c.jpg,knob_porites,15531,354,269493,0.054422555347644175,0.10322722151879804,0.9777148253068932,0.05449014819804648
GPAB2864_jpg.rf.bba294c9d2767e1fca67088d5f57ed2c.jpg,mounding_,11237,21074,17318,0.22642003667210703,0.36923734104426115,0.3477762990931881,0.39352127473297144
GPAB2864_jpg.rf.bba294c9d2767e1fca67088d5f57ed2c.jpg,oddball,0,3196,644,0.0,0.0,0.0,0.0
GPAB2864_jpg.rf.bba294c9d2767e1fca67088d5f57ed2c.jpg,pocillopora_,0,8192,0,0.0,0.0,0.0,
GPAB2864_jpg.rf.bba294c9d2767e1fca67088d5f57ed2c.jpg,table_acropora,0,0,0,1.0,1.0,,
GPAB2865_jpg.rf.bc51b557fce1c755711f160a6fb06174.jpg,branching_acropora,0,0,7010,0.0,0.0,,0.0
GPAB2865_jpg.rf.bc51b557fce1c755711f160a6fb06174.jpg,finger_acropora,122456,11941,34362,0.7256264851059795,0.8410006352694744,0.9111512905794028,0.7808797459475315
GPAB2865_jpg.rf.bc51b557fce1c755711f160a6fb06174.jpg,finger_porites,0,0,1673,0.0,0.0,,0.0
GPAB2865_jpg.rf.bc51b557fce1c755711f160a6fb06174.jpg,knob_porites,0,1883,14318,0.0,0.0,0.0,0.0
GPAB2865_jpg.rf.bc51b557fce1c755711f160a6fb06174.jpg,mounding_,5446,18836,19767,0.12363504279325296,0.22006263258915043,0.22428136067869203,0.2159996827033673
GPAB2865_jpg.rf.bc51b557fce1c755711f160a6fb06174.jpg,oddball,0,3301,852,0.0,0.0,0.0,0.0
GPAB2865_jpg.rf.bc51b557fce1c755711f160a6fb06174.jpg,pocillopora_,15038,1526,202,0.8969342717404271,0.9456672116714878,0.9078724945665299,0.986745406824147
GPAB2865_jpg.rf.bc51b557fce1c755711f160a6fb06174.jpg,table_acropora,0,0,0,1.0,1.0,,
GPAB2866_jpg.rf.419a33f7e1a92b4b4cd4c79fef598c57.jpg,branching_acropora,87643,6248,463548,0.15722437791399596,0.2717266952108414,0.9334547507215815,0.15900658755313493
GPAB2866_jpg.rf.419a33f7e1a92b4b4cd4c79fef598c57.jpg,finger_acropora,58318,25927,52317,0.42704412647735096,0.5985016420361248,0.6922428630779275,0.5271207122519999
GPAB2866_jpg.rf.419a33f7e1a92b4b4cd4c79fef598c57.jpg,finger_porites,0,0,0,1.0,1.0,,
GPAB2866_jpg.rf.419a33f7e1a92b4b4cd4c79fef598c57.jpg,knob_porites,0,0,0,1.0,1.0,,
GPAB2866_jpg.rf.419a33f7e1a92b4b4cd4c79fef598c57.jpg,mounding_,0,9664,0,0.0,0.0,0.0,
GPAB2866_jpg.rf.419a33f7e1a92b4b4cd4c79fef598c57.jpg,oddball,0,1994,0,0.0,0.0,0.0,
GPAB2866_jpg.rf.419a33f7e1a92b4b4cd4c79fef598c57.jpg,pocillopora_,0,3040,0,0.0,0.0,0.0,
GPAB2866_jpg.rf.419a33f7e1a92b4b4cd4c79fef598c57.jpg,table_acropora,0,7809,0,0.0,0.0,0.0,
GPAB2867_jpg.rf.a760f33822f6d3414eebcb42d8a10ffe.jpg,branching_acropora,1396,2,17885,0.0723953741637712,0.13501620000967166,0.9985693848354793,0.07240288366785955
GPAB2867_jpg.rf.a760f33822f6d3414eebcb42d8a10ffe.jpg,finger_acropora,209576,49192,31815,0.7212259492124453,0.8380375040737046,0.8098992147406171,0.8682013828187464
GPAB2867_jpg.rf.a760f33822f6d3414eebcb42d8a10ffe.jpg,finger_porites,0,0,0,1.0,1.0,,
GPAB2867_jpg.rf.a760f33822f6d3414eebcb42d8a10ffe.jpg,knob_porites,0,0,0,1.0,1.0,,
GPAB2867_jpg.rf.a760f33822f6d3414eebcb42d8a10ffe.jpg,mounding_,0,0,0,1.0,1.0,,
GPAB2867_jpg.rf.a760f33822f6d3414eebcb42d8a10ffe.jpg,oddball,0,0,0,1.0,1.0,,
GPAB2867_jpg.rf.a760f33822f6d3414eebcb42d8a10ffe.jpg,pocillopora_,0,24440,0,0.0,0.0,0.0,
GPAB2867_jpg.rf.a760f33822f6d3414eebcb42d8a10ffe.jpg,table_acropora,0,0,0,1.0,1.0,,
GPAB2868_jpg.rf.388ca1bea37ef902bb25b8564d68772c.jpg,branching_acropora,0,0,0,1.0,1.0,,
GPAB2868_jpg.rf.388ca1bea37ef902bb25b8564d68772c.jpg,finger_acropora,459350,18813,160418,0.7193292628499752,0.8367556795463467,0.9606556759933328,0.7411644357243355
GPAB2868_jpg.rf.388ca1bea37ef902bb25b8564d68772c.jpg,finger_porites,0,0,0,1.0,1.0,,
GPAB2868_jpg.rf.388ca1bea37ef902bb25b8564d68772c.jpg,knob_porites,0,0,3613,0.0,0.0,,0.0
GPAB2868_jpg.rf.388ca1bea37ef902bb25b8564d68772c.jpg,mounding_,8117,70,11993,0.40222993062438056,0.5737003922677315,0.9914498595334066,0.403630034808553
GPAB2868_jpg.rf.388ca1bea37ef902bb25b8564d68772c.jpg,oddball,0,0,704,0.0,0.0,,0.0
GPAB2868_jpg.rf.388ca1bea37ef902bb25b8564d68772c.jpg,pocillopora_,0,21317,0,0.0,0.0,0.0,
GPAB2868_jpg.rf.388ca1bea37ef902bb25b8564d68772c.jpg,table_acropora,0,10194,0,0.0,0.0,0.0,
GPAB2869_jpg.rf.f5f4b6550e77b27a16ff75349110b44f.jpg,branching_acropora,0,0,3190,0.0,0.0,,0.0
GPAB2869_jpg.rf.f5f4b6550e77b27a16ff75349110b44f.jpg,finger_acropora,385916,56284,37121,0.8051305909818264,0.8920469189366613,0.8727182270465853,0.9122511742471698
GPAB2869_jpg.rf.f5f4b6550e77b27a16ff75349110b44f.jpg,finger_porites,0,0,0,1.0,1.0,,
GPAB2869_jpg.rf.f5f4b6550e77b27a16ff75349110b44f.jpg,knob_porites,0,1103,0,0.0,0.0,0.0,
GPAB2869_jpg.rf.f5f4b6550e77b27a16ff75349110b44f.jpg,mounding_,0,1550,0,0.0,0.0,0.0,
GPAB2869_jpg.rf.f5f4b6550e77b27a16ff75349110b44f.jpg,oddball,0,1718,0,0.0,0.0,0.0,
GPAB2869_jpg.rf.f5f4b6550e77b27a16ff75349110b44f.jpg,pocillopora_,0,1386,0,0.0,0.0,0.0,
GPAB2869_jpg.rf.f5f4b6550e77b27a16ff75349110b44f.jpg,table_acropora,0,6216,0,0.0,0.0,0.0,
GPAB2870_jpg.rf.bf5e43594708726bc8b61ede51e9e0d6.jpg,branching_acropora,4675,1646,6868,0.35446205170975814,0.5233990147783252,0.7395981648473343,0.4050073637702504
GPAB2870_jpg.rf.bf5e43594708726bc8b61ede51e9e0d6.jpg,finger_acropora,0,0,3850,0.0,0.0,,0.0
GPAB2870_jpg.rf.bf5e43594708726bc8b61ede51e9e0d6.jpg,finger_porites,0,0,0,1.0,1.0,,
GPAB2870_jpg.rf.bf5e43594708726bc8b61ede51e9e0d6.jpg,knob_porites,57624,5700,40452,0.5552728954671601,0.7140520446096654,0.9099867348872466,0.5875443533586199
GPAB2870_jpg.rf.bf5e43594708726bc8b61ede51e9e0d6.jpg,mounding_,12722,5287,26983,0.2827613798008535,0.44086356863152787,0.7064245654950303,0.3204130462158418
GPAB2870_jpg.rf.bf5e43594708726bc8b61ede51e9e0d6.jpg,oddball,0,0,1493,0.0,0.0,,0.0
GPAB2870_jpg.rf.bf5e43594708726bc8b61ede51e9e0d6.jpg,pocillopora_,0,0,727,0.0,0.0,,0.0
GPAB2870_jpg.rf.bf5e43594708726bc8b61ede51e9e0d6.jpg,table_acropora,0,0,0,1.0,1.0,,
GPAB2871_jpg.rf.504bfd08c70eccfa9fd23ba467a0b88b.jpg,branching_acropora,0,0,0,1.0,1.0,,
GPAB2871_jpg.rf.504bfd08c70eccfa9fd23ba467a0b88b.jpg,finger_acropora,0,0,0,1.0,1.0,,
GPAB2871_jpg.rf.504bfd08c70eccfa9fd23ba467a0b88b.jpg,finger_porites,122160,55581,48653,0.5395902718269919,0.7009530804409073,0.6872921835704762,0.7151680492702546
GPAB2871_jpg.rf.504bfd08c70eccfa9fd23ba467a0b88b.jpg,knob_porites,142794,15823,57152,0.6617910821294996,0.7964792797918357,0.9002439839361481,0.7141628239624699
GPAB2871_jpg.rf.504bfd08c70eccfa9fd23ba467a0b88b.jpg,mounding_,1140,10110,4417,0.07276440926788792,0.13565776164693283,0.10133333333333333,0.20514666186791433
GPAB2871_jpg.rf.504bfd08c70eccfa9fd23ba467a0b88b.jpg,oddball,0,0,0,1.0,1.0,,
GPAB2871_jpg.rf.504bfd08c70eccfa9fd23ba467a0b88b.jpg,pocillopora_,0,0,0,1.0,1.0,,
GPAB2871_jpg.rf.504bfd08c70eccfa9fd23ba467a0b88b.jpg,table_acropora,0,0,0,1.0,1.0,,
GPAB2907_jpg.rf.bf31d322ee0d726153fd605a1778f741.jpg,branching_acropora,51999,8216,3309,0.8185725080284617,0.9002363165776512,0.8635555924603504,0.9401714037752223
GPAB2907_jpg.rf.bf31d322ee0d726153fd605a1778f741.jpg,finger_acropora,172176,12580,154201,0.507958236590482,0.6737033218359997,0.9319101950680898,0.5275371732689497
GPAB2907_jpg.rf.bf31d322ee0d726153fd605a1778f741.jpg,finger_porites,0,0,0,1.0,1.0,,
GPAB2907_jpg.rf.bf31d322ee0d726153fd605a1778f741.jpg,knob_porites,0,10682,0,0.0,0.0,0.0,
GPAB2907_jpg.rf.bf31d322ee0d726153fd605a1778f741.jpg,mounding_,13340,129,530,0.952925208943496,0.9758952412304767,0.9904224515554235,0.9617880317231434
GPAB2907_jpg.rf.bf31d322ee0d726153fd605a1778f741.jpg,oddball,4,3850,13116,0.0002357100766057749,0.0004713090609166961,0.0010378827192527244,0.0003048780487804878
GPAB2907_jpg.rf.bf31d322ee0d726153fd605a1778f741.jpg,pocillopora_,0,0,0,1.0,1.0,,
GPAB2907_jpg.rf.bf31d322ee0d726153fd605a1778f741.jpg,table_acropora,0,4493,0,0.0,0.0,0.0,
GPAB2908_jpg.rf.88dda92c5d3e1444f5a1b36c77499932.jpg,branching_acropora,38084,2943,6945,0.7938797631951972,0.8850980756716557,0.9282667511638677,0.8457660618712385
GPAB2908_jpg.rf.88dda92c5d3e1444f5a1b36c77499932.jpg,finger_acropora,356665,19127,82422,0.7783808438851716,0.8753814983574248,0.9491021628986248,0.8122877698497109
GPAB2908_jpg.rf.88dda92c5d3e1444f5a1b36c77499932.jpg,finger_porites,0,0,0,1.0,1.0,,
GPAB2908_jpg.rf.88dda92c5d3e1444f5a1b36c77499932.jpg,knob_porites,0,0,0,1.0,1.0,,
GPAB2908_jpg.rf.88dda92c5d3e1444f5a1b36c77499932.jpg,mounding_,0,0,0,1.0,1.0,,
GPAB2908_jpg.rf.88dda92c5d3e1444f5a1b36c77499932.jpg,oddball,3631,1544,11601,0.21644015259895089,0.35585828392218355,0.7016425120772947,0.23837972689075632
GPAB2908_jpg.rf.88dda92c5d3e1444f5a1b36c77499932.jpg,pocillopora_,0,14923,0,0.0,0.0,0.0,
GPAB2908_jpg.rf.88dda92c5d3e1444f5a1b36c77499932.jpg,table_acropora,0,4754,0,0.0,0.0,0.0,
GPAB2909_jpg.rf.f8bd8c4e84c1945b4c81d8aa05b48c12.jpg,branching_acropora,0,4618,0,0.0,0.0,0.0,
GPAB2909_jpg.rf.f8bd8c4e84c1945b4c81d8aa05b48c12.jpg,finger_acropora,327911,13736,105542,0.7332716144627887,0.846112759643917,0.9597947589178304,0.7565087794985846
GPAB2909_jpg.rf.f8bd8c4e84c1945b4c81d8aa05b48c12.jpg,finger_porites,0,0,0,1.0,1.0,,
GPAB2909_jpg.rf.f8bd8c4e84c1945b4c81d8aa05b48c12.jpg,knob_porites,0,0,0,1.0,1.0,,
GPAB2909_jpg.rf.f8bd8c4e84c1945b4c81d8aa05b48c12.jpg,mounding_,0,0,0,1.0,1.0,,
GPAB2909_jpg.rf.f8bd8c4e84c1945b4c81d8aa05b48c12.jpg,oddball,0,2920,0,0.0,0.0,0.0,
GPAB2909_jpg.rf.f8bd8c4e84c1945b4c81d8aa05b48c12.jpg,pocillopora_,1995,3668,480,0.3247598893048999,0.4902924551486852,0.3522867737948084,0.806060606060606
GPAB2909_jpg.rf.f8bd8c4e84c1945b4c81d8aa05b48c12.jpg,table_acropora,0,0,0,1.0,1.0,,
GPAB2910_jpg.rf.6a59ae7e8c4bd736c88f0483d80245eb.jpg,branching_acropora,0,0,58501,0.0,0.0,,0.0
GPAB2910_jpg.rf.6a59ae7e8c4bd736c88f0483d80245eb.jpg,finger_acropora,76049,7992,35094,0.6383430561967516,0.7792544470858267,0.9049035589771659,0.6842446217935453
GPAB2910_jpg.rf.6a59ae7e8c4bd736c88f0483d80245eb.jpg,finger_porites,0,0,0,1.0,1.0,,
GPAB2910_jpg.rf.6a59ae7e8c4bd736c88f0483d80245eb.jpg,knob_porites,0,0,0,1.0,1.0,,
GPAB2910_jpg.rf.6a59ae7e8c4bd736c88f0483d80245eb.jpg,mounding_,0,2548,0,0.0,0.0,0.0,
GPAB2910_jpg.rf.6a59ae7e8c4bd736c88f0483d80245eb.jpg,oddball,0,1219,0,0.0,0.0,0.0,
GPAB2910_jpg.rf.6a59ae7e8c4bd736c88f0483d80245eb.jpg,pocillopora_,0,35927,0,0.0,0.0,0.0,
GPAB2910_jpg.rf.6a59ae7e8c4bd736c88f0483d80245eb.jpg,table_acropora,0,0,0,1.0,1.0,,
GPAB2911_jpg.rf.a892723d63b47464304a3bf61c90205b.jpg,branching_acropora,0,1787,0,0.0,0.0,0.0,
GPAB2911_jpg.rf.a892723d63b47464304a3bf61c90205b.jpg,finger_acropora,171094,8672,12628,0.8892896867885693,0.9414010916453913,0.9517595095846824,0.9312657166806371
GPAB2911_jpg.rf.a892723d63b47464304a3bf61c90205b.jpg,finger_porites,0,0,0,1.0,1.0,,
GPAB2911_jpg.rf.a892723d63b47464304a3bf61c90205b.jpg,knob_porites,0,0,0,1.0,1.0,,
GPAB2911_jpg.rf.a892723d63b47464304a3bf61c90205b.jpg,mounding_,0,0,0,1.0,1.0,,
GPAB2911_jpg.rf.a892723d63b47464304a3bf61c90205b.jpg,oddball,19671,2999,13601,0.5423340961098398,0.7032640949554896,0.8677106307895898,0.5912178408271219
GPAB2911_jpg.rf.a892723d63b47464304a3bf61c90205b.jpg,pocillopora_,0,23773,0,0.0,0.0,0.0,
GPAB2911_jpg.rf.a892723d63b47464304a3bf61c90205b.jpg,table_acropora,0,0,0,1.0,1.0,,
GPAB2912_jpg.rf.bf1be34d721f9328c589ea24f4d294f3.jpg,branching_acropora,0,12405,0,0.0,0.0,0.0,
GPAB2912_jpg.rf.bf1be34d721f9328c589ea24f4d294f3.jpg,finger_acropora,0,0,967216,0.0,0.0,,0.0
GPAB2912_jpg.rf.bf1be34d721f9328c589ea24f4d294f3.jpg,finger_porites,0,983152,0,0.0,0.0,0.0,
GPAB2912_jpg.rf.bf1be34d721f9328c589ea24f4d294f3.jpg,knob_porites,0,0,0,1.0,1.0,,
GPAB2912_jpg.rf.bf1be34d721f9328c589ea24f4d294f3.jpg,mounding_,0,0,0,1.0,1.0,,
GPAB2912_jpg.rf.bf1be34d721f9328c589ea24f4d294f3.jpg,oddball,0,0,0,1.0,1.0,,
GPAB2912_jpg.rf.bf1be34d721f9328c589ea24f4d294f3.jpg,pocillopora_,0,7345,0,0.0,0.0,0.0,
GPAB2912_jpg.rf.bf1be34d721f9328c589ea24f4d294f3.jpg,table_acropora,0,0,0,1.0,1.0,,
GPAB2913_jpg.rf.a426d17e675cf5b48b74ca8af4351b03.jpg,branching_acropora,0,0,0,1.0,1.0,,
GPAB2913_jpg.rf.a426d17e675cf5b48b74ca8af4351b03.jpg,finger_acropora,165327,73357,21107,0.6363846322620876,0.7777934596982485,0.6926605888957785,0.8867856721413476
GPAB2913_jpg.rf.a426d17e675cf5b48b74ca8af4351b03.jpg,finger_porites,0,0,0,1.0,1.0,,
GPAB2913_jpg.rf.a426d17e675cf5b48b74ca8af4351b03.jpg,knob_porites,0,0,0,1.0,1.0,,
GPAB2913_jpg.rf.a426d17e675cf5b48b74ca8af4351b03.jpg,mounding_,0,0,0,1.0,1.0,,
GPAB2913_jpg.rf.a426d17e675cf5b48b74ca8af4351b03.jpg,oddball,0,1531,0,0.0,0.0,0.0,
GPAB2913_jpg.rf.a426d17e675cf5b48b74ca8af4351b03.jpg,pocillopora_,39017,5295,1335,0.8547549674677416,0.9216904469432108,0.8805064090991154,0.9669161379857256
GPAB2913_jpg.rf.a426d17e675cf5b48b74ca8af4351b03.jpg,table_acropora,0,0,0,1.0,1.0,,
GPAB2914_jpg.rf.05ad5a37a80ee9922fa2d84461e64b23.jpg,branching_acropora,0,2578,0,0.0,0.0,0.0,
GPAB2914_jpg.rf.05ad5a37a80ee9922fa2d84461e64b23.jpg,finger_acropora,335950,20585,47162,0.8321835435982928,0.9084063073330927,0.9422637328733504,0.8768976174069202
GPAB2914_jpg.rf.05ad5a37a80ee9922fa2d84461e64b23.jpg,finger_porites,0,0,0,1.0,1.0,,
GPAB2914_jpg.rf.05ad5a37a80ee9922fa2d84461e64b23.jpg,knob_porites,0,0,0,1.0,1.0,,
GPAB2914_jpg.rf.05ad5a37a80ee9922fa2d84461e64b23.jpg,mounding_,0,1633,0,0.0,0.0,0.0,
GPAB2914_jpg.rf.05ad5a37a80ee9922fa2d84461e64b23.jpg,oddball,0,0,2240,0.0,0.0,,0.0
GPAB2914_jpg.rf.05ad5a37a80ee9922fa2d84461e64b23.jpg,pocillopora_,0,19926,0,0.0,0.0,0.0,
GPAB2914_jpg.rf.05ad5a37a80ee9922fa2d84461e64b23.jpg,table_acropora,0,0,0,1.0,1.0,,
GPAB2915_jpg.rf.a6786972f25a53ecff6281be316a127d.jpg,branching_acropora,64723,2426,43532,0.5847706471752152,0.7379877311805888,0.9638713904898063,0.5978753868181608
GPAB2915_jpg.rf.a6786972f25a53ecff6281be316a127d.jpg,finger_acropora,211466,69019,131405,0.5134040641918959,0.6784758629097979,0.7539298001675669,0.6167509063175364
GPAB2915_jpg.rf.a6786972f25a53ecff6281be316a127d.jpg,finger_porites,0,0,0,1.0,1.0,,
GPAB2915_jpg.rf.a6786972f25a53ecff6281be316a127d.jpg,knob_porites,0,3905,0,0.0,0.0,0.0,
GPAB2915_jpg.rf.a6786972f25a53ecff6281be316a127d.jpg,mounding_,0,1045,0,0.0,0.0,0.0,
GPAB2915_jpg.rf.a6786972f25a53ecff6281be316a127d.jpg,oddball,0,30490,0,0.0,0.0,0.0,
GPAB2915_jpg.rf.a6786972f25a53ecff6281be316a127d.jpg,pocillopora_,69948,86392,34338,0.36683833478429606,0.5367691634756317,0.44740949213253167,0.6707324089523042
GPAB2915_jpg.rf.a6786972f25a53ecff6281be316a127d.jpg,table_acropora,0,0,0,1.0,1.0,,
GPAB2916_jpg.rf.7f634b0de0ff892d3d6e051ea3b40642.jpg,branching_acropora,0,0,753,0.0,0.0,,0.0
GPAB2916_jpg.rf.7f634b0de0ff892d3d6e051ea3b40642.jpg,finger_acropora,73199,43316,10124,0.5780130923333254,0.7325833925479639,0.628236707720036,0.8784969336197689
GPAB2916_jpg.rf.7f634b0de0ff892d3d6e051ea3b40642.jpg,finger_porites,0,0,0,1.0,1.0,,
GPAB2916_jpg.rf.7f634b0de0ff892d3d6e051ea3b40642.jpg,knob_porites,0,4714,0,0.0,0.0,0.0,
GPAB2916_jpg.rf.7f634b0de0ff892d3d6e051ea3b40642.jpg,mounding_,115013,36205,2071,0.7503017176705439,0.857339863288384,0.7605774444841222,0.9823118444877182
GPAB2916_jpg.rf.7f634b0de0ff892d3d6e051ea3b40642.jpg,oddball,0,1473,0,0.0,0.0,0.0,
GPAB2916_jpg.rf.7f634b0de0ff892d3d6e051ea3b40642.jpg,pocillopora_,0,0,0,1.0,1.0,,
GPAB2916_jpg.rf.7f634b0de0ff892d3d6e051ea3b40642.jpg,table_acropora,28854,419,79,0.9830335241210139,0.9914441810122667,0.9856864687596079,0.9972695537967027
GPAB2941_jpg.rf.18f7f408bdbb3d1b44d43910c2e6eba4.jpg,branching_acropora,74488,8504,11769,0.7860617764692226,0.8802179037985454,0.8975322922691343,0.8635588995675714
GPAB2941_jpg.rf.18f7f408bdbb3d1b44d43910c2e6eba4.jpg,finger_acropora,0,0,0,1.0,1.0,,
GPAB2941_jpg.rf.18f7f408bdbb3d1b44d43910c2e6eba4.jpg,finger_porites,0,126523,156206,0.0,0.0,0.0,0.0
GPAB2941_jpg.rf.18f7f408bdbb3d1b44d43910c2e6eba4.jpg,knob_porites,2523,68,182934,0.01359924538471904,0.026833574406534503,0.9737553068313393,0.013604231708697973
GPAB2941_jpg.rf.18f7f408bdbb3d1b44d43910c2e6eba4.jpg,mounding_,0,7924,2433,0.0,0.0,0.0,0.0
GPAB2941_jpg.rf.18f7f408bdbb3d1b44d43910c2e6eba4.jpg,oddball,0,0,0,1.0,1.0,,
GPAB2941_jpg.rf.18f7f408bdbb3d1b44d43910c2e6eba4.jpg,pocillopora_,0,0,0,1.0,1.0,,
GPAB2941_jpg.rf.18f7f408bdbb3d1b44d43910c2e6eba4.jpg,table_acropora,0,2675,0,0.0,0.0,0.0,
GPAB2942_jpg.rf.1e3195c08fa8efff9464de31cf8e5d3c.jpg,branching_acropora,16047,3608,438,0.7986363410142836,0.8880464858882126,0.8164334774866446,0.9734303912647861
GPAB2942_jpg.rf.1e3195c08fa8efff9464de31cf8e5d3c.jpg,finger_acropora,1,34572,3111,2.653646109754803e-05,5.3071513864933e-05,2.8924305093570128e-05,0.00032133676092544985
GPAB2942_jpg.rf.1e3195c08fa8efff9464de31cf8e5d3c.jpg,finger_porites,0,5545,4415,0.0,0.0,0.0,0.0
GPAB2942_jpg.rf.1e3195c08fa8efff9464de31cf8e5d3c.jpg,knob_porites,5860,302,16277,0.26115245777441065,0.4141489098554719,0.9509899383317105,0.2647151827257533
GPAB2942_jpg.rf.1e3195c08fa8efff9464de31cf8e5d3c.jpg,mounding_,9607,21791,29528,0.15768309096280733,0.27241149532842784,0.3059749028600548,0.24548358247093394
GPAB2942_jpg.rf.1e3195c08fa8efff9464de31cf8e5d3c.jpg,oddball,0,0,1947,0.0,0.0,,0.0
GPAB2942_jpg.rf.1e3195c08fa8efff9464de31cf8e5d3c.jpg,pocillopora_,0,0,0,1.0,1.0,,
GPAB2942_jpg.rf.1e3195c08fa8efff9464de31cf8e5d3c.jpg,table_acropora,106782,4094,81621,0.5547203333038957,0.7135950066660207,0.963075868537826,0.5667744144201525
GPAB2943_jpg.rf.785d4f902aaf6a01200939a608fa2ac6.jpg,branching_acropora,0,0,0,1.0,1.0,,
GPAB2943_jpg.rf.785d4f902aaf6a01200939a608fa2ac6.jpg,finger_acropora,242106,22164,97458,0.6693040074309978,0.8018958852929778,0.9161312294244522,0.7129907764073931
GPAB2943_jpg.rf.785d4f902aaf6a01200939a608fa2ac6.jpg,finger_porites,0,0,0,1.0,1.0,,
GPAB2943_jpg.rf.785d4f902aaf6a01200939a608fa2ac6.jpg,knob_porites,0,0,0,1.0,1.0,,
GPAB2943_jpg.rf.785d4f902aaf6a01200939a608fa2ac6.jpg,mounding_,1822,494,92,0.7566445182724253,0.8614657210401891,0.7867012089810017,0.9519331243469175
GPAB2943_jpg.rf.785d4f902aaf6a01200939a608fa2ac6.jpg,oddball,0,3269,0,0.0,0.0,0.0,
GPAB2943_jpg.rf.785d4f902aaf6a01200939a608fa2ac6.jpg,pocillopora_,25273,4289,614,0.8375198833510075,0.9115764035419935,0.8549150937013734,0.9762815312705219
GPAB2943_jpg.rf.785d4f902aaf6a01200939a608fa2ac6.jpg,table_acropora,0,0,0,1.0,1.0,,
GPAB2944_jpg.rf.4c5671d6eb3325a6fb91a55ecd6b13f6.jpg,branching_acropora,0,0,0,1.0,1.0,,
GPAB2944_jpg.rf.4c5671d6eb3325a6fb91a55ecd6b13f6.jpg,finger_acropora,135697,5822,12345,0.8819281963292258,0.9372601973332044,0.9588606476868831,0.9166115021412843
GPAB2944_jpg.rf.4c5671d6eb3325a6fb91a55ecd6b13f6.jpg,finger_porites,0,0,0,1.0,1.0,,
GPAB2944_jpg.rf.4c5671d6eb3325a6fb91a55ecd6b13f6.jpg,knob_porites,0,0,0,1.0,1.0,,
GPAB2944_jpg.rf.4c5671d6eb3325a6fb91a55ecd6b13f6.jpg,mounding_,0,4146,0,0.0,0.0,0.0,
GPAB2944_jpg.rf.4c5671d6eb3325a6fb91a55ecd6b13f6.jpg,oddball,0,2932,0,0.0,0.0,0.0,
GPAB2944_jpg.rf.4c5671d6eb3325a6fb91a55ecd6b13f6.jpg,pocillopora_,60852,17719,9738,0.6890803881824049,0.8159237334155711,0.7744842244594061,0.8620484487887803
GPAB2944_jpg.rf.4c5671d6eb3325a6fb91a55ecd6b13f6.jpg,table_acropora,0,0,0,1.0,1.0,,
GPAB2946_jpg.rf.4ae04bdc56ebbfb34e63f95e6dec2beb.jpg,branching_acropora,0,0,0,1.0,1.0,,
GPAB2946_jpg.rf.4ae04bdc56ebbfb34e63f95e6dec2beb.jpg,finger_acropora,5040,91,605,0.8786610878661087,0.9354120267260579,0.9822646657571623,0.8928255093002657
GPAB2946_jpg.rf.4ae04bdc56ebbfb34e63f95e6dec2beb.jpg,finger_porites,0,0,0,1.0,1.0,,
GPAB2946_jpg.rf.4ae04bdc56ebbfb34e63f95e6dec2beb.jpg,knob_porites,0,0,0,1.0,1.0,,
GPAB2946_jpg.rf.4ae04bdc56ebbfb34e63f95e6dec2beb.jpg,mounding_,0,0,0,1.0,1.0,,
GPAB2946_jpg.rf.4ae04bdc56ebbfb34e63f95e6dec2beb.jpg,oddball,0,0,0,1.0,1.0,,
GPAB2946_jpg.rf.4ae04bdc56ebbfb34e63f95e6dec2beb.jpg,pocillopora_,0,0,0,1.0,1.0,,
GPAB2946_jpg.rf.4ae04bdc56ebbfb34e63f95e6dec2beb.jpg,table_acropora,0,0,0,1.0,1.0,,
GPAB2948_jpg.rf.4acdaada60495f5c29e1e122f2d83397.jpg,branching_acropora,0,0,0,1.0,1.0,,
GPAB2948_jpg.rf.4acdaada60495f5c29e1e122f2d83397.jpg,finger_acropora,0,0,20729,0.0,0.0,,0.0
GPAB2948_jpg.rf.4acdaada60495f5c29e1e122f2d83397.jpg,finger_porites,0,0,0,1.0,1.0,,
GPAB2948_jpg.rf.4acdaada60495f5c29e1e122f2d83397.jpg,knob_porites,0,0,0,1.0,1.0,,
GPAB2948_jpg.rf.4acdaada60495f5c29e1e122f2d83397.jpg,mounding_,0,1111,8533,0.0,0.0,0.0,0.0
GPAB2948_jpg.rf.4acdaada60495f5c29e1e122f2d83397.jpg,oddball,0,1641,0,0.0,0.0,0.0,
GPAB2948_jpg.rf.4acdaada60495f5c29e1e122f2d83397.jpg,pocillopora_,0,17431,0,0.0,0.0,0.0,
GPAB2948_jpg.rf.4acdaada60495f5c29e1e122f2d83397.jpg,table_acropora,0,2265,0,0.0,0.0,0.0,
GPAB2949_jpg.rf.7fbf6a8deca8c7aae18c53062828ddff.jpg,branching_acropora,0,0,0,1.0,1.0,,
GPAB2949_jpg.rf.7fbf6a8deca8c7aae18c53062828ddff.jpg,finger_acropora,0,0,3628,0.0,0.0,,0.0
GPAB2949_jpg.rf.7fbf6a8deca8c7aae18c53062828ddff.jpg,finger_porites,0,0,0,1.0,1.0,,
GPAB2949_jpg.rf.7fbf6a8deca8c7aae18c53062828ddff.jpg,knob_porites,0,0,0,1.0,1.0,,
GPAB2949_jpg.rf.7fbf6a8deca8c7aae18c53062828ddff.jpg,mounding_,0,0,0,1.0,1.0,,
GPAB2949_jpg.rf.7fbf6a8deca8c7aae18c53062828ddff.jpg,oddball,0,0,0,1.0,1.0,,
GPAB2949_jpg.rf.7fbf6a8deca8c7aae18c53062828ddff.jpg,pocillopora_,0,0,0,1.0,1.0,,
GPAB2949_jpg.rf.7fbf6a8deca8c7aae18c53062828ddff.jpg,table_acropora,0,0,0,1.0,1.0,,
GPAB2950_jpg.rf.502dd1ed83690517b5d11f810ee8abd0.jpg,branching_acropora,0,0,0,1.0,1.0,,
GPAB2950_jpg.rf.502dd1ed83690517b5d11f810ee8abd0.jpg,finger_acropora,143644,5059,26290,0.820855691370512,0.9016153177440159,0.9659791665265663,0.8452928784116186
GPAB2950_jpg.rf.502dd1ed83690517b5d11f810ee8abd0.jpg,finger_porites,0,0,0,1.0,1.0,,
GPAB2950_jpg.rf.502dd1ed83690517b5d11f810ee8abd0.jpg,knob_porites,0,0,0,1.0,1.0,,
GPAB2950_jpg.rf.502dd1ed83690517b5d11f810ee8abd0.jpg,mounding_,0,0,0,1.0,1.0,,
GPAB2950_jpg.rf.502dd1ed83690517b5d11f810ee8abd0.jpg,oddball,0,4035,2374,0.0,0.0,0.0,0.0
GPAB2950_jpg.rf.502dd1ed83690517b5d11f810ee8abd0.jpg,pocillopora_,2930,267,57,0.9004302397049785,0.9476067270375161,0.9164842039411949,0.9809173083361232
GPAB2950_jpg.rf.502dd1ed83690517b5d11f810ee8abd0.jpg,table_acropora,52953,993,710,0.968841481264637,0.9841741861740189,0.981592703814926,0.9867692823733298
GPAB2951_jpg.rf.42d2aa39a63a8cd50185c4c34c3d023a.jpg,branching_acropora,0,0,0,1.0,1.0,,
GPAB2951_jpg.rf.42d2aa39a63a8cd50185c4c34c3d023a.jpg,finger_acropora,114938,16070,14774,0.788423810895721,0.8816968395213256,0.8773357352222765,0.8861015172073516
GPAB2951_jpg.rf.42d2aa39a63a8cd50185c4c34c3d023a.jpg,finger_porites,0,0,0,1.0,1.0,,
GPAB2951_jpg.rf.42d2aa39a63a8cd50185c4c34c3d023a.jpg,knob_porites,0,0,0,1.0,1.0,,
GPAB2951_jpg.rf.42d2aa39a63a8cd50185c4c34c3d023a.jpg,mounding_,0,0,0,1.0,1.0,,
GPAB2951_jpg.rf.42d2aa39a63a8cd50185c4c34c3d023a.jpg,oddball,2510,15555,6195,0.10346248969497114,0.18752334703025775,0.13894270689177968,0.2883400344629523
GPAB2951_jpg.rf.42d2aa39a63a8cd50185c4c34c3d023a.jpg,pocillopora_,0,23079,0,0.0,0.0,0.0,
GPAB2951_jpg.rf.42d2aa39a63a8cd50185c4c34c3d023a.jpg,table_acropora,0,0,0,1.0,1.0,,
GPAB2952_jpg.rf.d5edd999c3d70eee6ea6ae39f932ee17.jpg,branching_acropora,50691,1825,4573,0.887929373434462,0.940638337353869,0.9652486861147079,0.9172517371163867
GPAB2952_jpg.rf.d5edd999c3d70eee6ea6ae39f932ee17.jpg,finger_acropora,77816,4671,34393,0.6657768651608488,0.7993590006985248,0.9433728951228678,0.693491609407445
GPAB2952_jpg.rf.d5edd999c3d70eee6ea6ae39f932ee17.jpg,finger_porites,0,0,0,1.0,1.0,,
GPAB2952_jpg.rf.d5edd999c3d70eee6ea6ae39f932ee17.jpg,knob_porites,0,6217,0,0.0,0.0,0.0,
GPAB2952_jpg.rf.d5edd999c3d70eee6ea6ae39f932ee17.jpg,mounding_,5046,364,1496,0.7306689834926151,0.8443775100401606,0.93271719038817,0.7713237542036074
GPAB2952_jpg.rf.d5edd999c3d70eee6ea6ae39f932ee17.jpg,oddball,0,0,0,1.0,1.0,,
GPAB2952_jpg.rf.d5edd999c3d70eee6ea6ae39f932ee17.jpg,pocillopora_,0,5963,0,0.0,0.0,0.0,
GPAB2952_jpg.rf.d5edd999c3d70eee6ea6ae39f932ee17.jpg,table_acropora,0,0,0,1.0,1.0,,
GPAB2953_jpg.rf.e9d7fd4bca495dd962d44280979b6764.jpg,branching_acropora,0,1407,0,0.0,0.0,0.0,
GPAB2953_jpg.rf.e9d7fd4bca495dd962d44280979b6764.jpg,finger_acropora,196962,32923,35197,0.743022913664451,0.8525681536823333,0.8567849141962286,0.8483926963848052
GPAB2953_jpg.rf.e9d7fd4bca495dd962d44280979b6764.jpg,finger_porites,0,0,0,1.0,1.0,,
GPAB2953_jpg.rf.e9d7fd4bca495dd962d44280979b6764.jpg,knob_porites,0,4054,10054,0.0,0.0,0.0,0.0
GPAB2953_jpg.rf.e9d7fd4bca495dd962d44280979b6764.jpg,mounding_,27824,43513,16731,0.31593768451650994,0.48017119387015494,0.3900360261855699,0.6244865896083492
GPAB2953_jpg.rf.e9d7fd4bca495dd962d44280979b6764.jpg,oddball,0,0,0,1.0,1.0,,
GPAB2953_jpg.rf.e9d7fd4bca495dd962d44280979b6764.jpg,pocillopora_,0,6024,0,0.0,0.0,0.0,
GPAB2953_jpg.rf.e9d7fd4bca495dd962d44280979b6764.jpg,table_acropora,0,4447,0,0.0,0.0,0.0,
GPAB2985_jpg.rf.1aa4eb008b359be4a92a854650b08c4f.jpg,branching_acropora,39716,12125,1286,0.7475671504131609,0.8555518455887897,0.7661117648193515,0.9686356763084728
GPAB2985_jpg.rf.1aa4eb008b359be4a92a854650b08c4f.jpg,finger_acropora,0,0,932,0.0,0.0,,0.0
GPAB2985_jpg.rf.1aa4eb008b359be4a92a854650b08c4f.jpg,finger_porites,17572,89331,49191,0.11257319307596704,0.20236546013612336,0.16437331038418004,0.2631996764675045
GPAB2985_jpg.rf.1aa4eb008b359be4a92a854650b08c4f.jpg,knob_porites,62791,16576,164988,0.25696629903214585,0.40886744414708315,0.7911474542316076,0.2756663256928865
GPAB2985_jpg.rf.1aa4eb008b359be4a92a854650b08c4f.jpg,mounding_,989,2822,15664,0.05078305519897304,0.09665754495699766,0.2595119391235896,0.05938869873296103
GPAB2985_jpg.rf.1aa4eb008b359be4a92a854650b08c4f.jpg,oddball,0,1298,980,0.0,0.0,0.0,0.0
GPAB2985_jpg.rf.1aa4eb008b359be4a92a854650b08c4f.jpg,pocillopora_,0,0,0,1.0,1.0,,
GPAB2985_jpg.rf.1aa4eb008b359be4a92a854650b08c4f.jpg,table_acropora,0,10881,0,0.0,0.0,0.0,
GPAB2986_jpg.rf.8384c7104ca8ce5717f2a1895ec3f4e6.jpg,branching_acropora,4845,950,6686,0.38819004887428893,0.5592750779175805,0.8360655737704918,0.4201717110398057
GPAB2986_jpg.rf.8384c7104ca8ce5717f2a1895ec3f4e6.jpg,finger_acropora,112139,8638,61775,0.6142852447521802,0.7610615865431927,0.928479760219247,0.64479570362363
GPAB2986_jpg.rf.8384c7104ca8ce5717f2a1895ec3f4e6.jpg,finger_porites,0,0,0,1.0,1.0,,
GPAB2986_jpg.rf.8384c7104ca8ce5717f2a1895ec3f4e6.jpg,knob_porites,0,0,14456,0.0,0.0,,0.0
GPAB2986_jpg.rf.8384c7104ca8ce5717f2a1895ec3f4e6.jpg,mounding_,7972,6188,15466,0.2690879632755013,0.42406510984626844,0.5629943502824859,0.3401314105299087
GPAB2986_jpg.rf.8384c7104ca8ce5717f2a1895ec3f4e6.jpg,oddball,273,14703,4107,0.014305926741078447,0.028208307501549908,0.018229166666666668,0.06232876712328767
GPAB2986_jpg.rf.8384c7104ca8ce5717f2a1895ec3f4e6.jpg,pocillopora_,0,5243,0,0.0,0.0,0.0,
GPAB2986_jpg.rf.8384c7104ca8ce5717f2a1895ec3f4e6.jpg,table_acropora,1075,10811,6086,0.059815268194969955,0.1128786685567281,0.09044253743900386,0.1501186985057953
GPAB2987_jpg.rf.8edaf56f6842917821771008f1c445b3.jpg,branching_acropora,0,0,4580,0.0,0.0,,0.0
GPAB2987_jpg.rf.8edaf56f6842917821771008f1c445b3.jpg,finger_acropora,255869,6674,28035,0.8805518655920269,0.9364824035999831,0.9745794022312535,0.9012518316050496
GPAB2987_jpg.rf.8edaf56f6842917821771008f1c445b3.jpg,finger_porites,0,0,0,1.0,1.0,,
GPAB2987_jpg.rf.8edaf56f6842917821771008f1c445b3.jpg,knob_porites,0,0,0,1.0,1.0,,
GPAB2987_jpg.rf.8edaf56f6842917821771008f1c445b3.jpg,mounding_,4412,8202,4796,0.2534175761056864,0.4043625698836037,0.34977009671793247,0.4791485664639444
GPAB2987_jpg.rf.8edaf56f6842917821771008f1c445b3.jpg,oddball,0,2565,0,0.0,0.0,0.0,
GPAB2987_jpg.rf.8edaf56f6842917821771008f1c445b3.jpg,pocillopora_,0,0,0,1.0,1.0,,
GPAB2987_jpg.rf.8edaf56f6842917821771008f1c445b3.jpg,table_acropora,0,4491,0,0.0,0.0,0.0,
GPAB2988_jpg.rf.83afaab24b357370faadb37c4a8f2e80.jpg,branching_acropora,2789,3384,2917,0.30682068206820684,0.46956814546679015,0.451806253037421,0.4887837364178058
GPAB2988_jpg.rf.83afaab24b357370faadb37c4a8f2e80.jpg,finger_acropora,124087,6518,36871,0.7409240727029545,0.8511848211192778,0.9500937942651506,0.770927819679668
GPAB2988_jpg.rf.83afaab24b357370faadb37c4a8f2e80.jpg,finger_porites,0,0,0,1.0,1.0,,
GPAB2988_jpg.rf.83afaab24b357370faadb37c4a8f2e80.jpg,knob_porites,0,0,0,1.0,1.0,,
GPAB2988_jpg.rf.83afaab24b357370faadb37c4a8f2e80.jpg,mounding_,13772,42,1019,0.9284703027034316,0.9629085824156616,0.9969596061966122,0.9311067541072273
GPAB2988_jpg.rf.83afaab24b357370faadb37c4a8f2e80.jpg,oddball,0,0,0,1.0,1.0,,
GPAB2988_jpg.rf.83afaab24b357370faadb37c4a8f2e80.jpg,pocillopora_,0,5486,0,0.0,0.0,0.0,
GPAB2988_jpg.rf.83afaab24b357370faadb37c4a8f2e80.jpg,table_acropora,0,0,0,1.0,1.0,,
GPAB2989_jpg.rf.8c0306c24da4ca0fa0a6db116a0c7028.jpg,branching_acropora,32938,2217,82642,0.27961662860684056,0.43703187713537,0.9369364244062011,0.28498010036338467
GPAB2989_jpg.rf.8c0306c24da4ca0fa0a6db116a0c7028.jpg,finger_acropora,367799,8971,76898,0.8107228193304354,0.8954687163330968,0.9761897178650105,0.8270777630611406
GPAB2989_jpg.rf.8c0306c24da4ca0fa0a6db116a0c7028.jpg,finger_porites,0,0,0,1.0,1.0,,
GPAB2989_jpg.rf.8c0306c24da4ca0fa0a6db116a0c7028.jpg,knob_porites,0,0,0,1.0,1.0,,
GPAB2989_jpg.rf.8c0306c24da4ca0fa0a6db116a0c7028.jpg,mounding_,0,1071,0,0.0,0.0,0.0,
GPAB2989_jpg.rf.8c0306c24da4ca0fa0a6db116a0c7028.jpg,oddball,0,3945,0,0.0,0.0,0.0,
GPAB2989_jpg.rf.8c0306c24da4ca0fa0a6db116a0c7028.jpg,pocillopora_,0,0,0,1.0,1.0,,
GPAB2989_jpg.rf.8c0306c24da4ca0fa0a6db116a0c7028.jpg,table_acropora,114927,70,74274,0.6072087113186911,0.7556065457366583,0.9993912884683949,0.6074333645171008
GPAB2990_jpg.rf.26380753fc33e784adf7e3cfce47a36f.jpg,branching_acropora,0,4321,0,0.0,0.0,0.0,
GPAB2990_jpg.rf.26380753fc33e784adf7e3cfce47a36f.jpg,finger_acropora,431707,3833,477308,0.4729232029866966,0.6421559549442009,0.9911994305919088,0.4749173555991925
GPAB2990_jpg.rf.26380753fc33e784adf7e3cfce47a36f.jpg,finger_porites,0,0,0,1.0,1.0,,
GPAB2990_jpg.rf.26380753fc33e784adf7e3cfce47a36f.jpg,knob_porites,0,0,0,1.0,1.0,,
GPAB2990_jpg.rf.26380753fc33e784adf7e3cfce47a36f.jpg,mounding_,0,27895,0,0.0,0.0,0.0,
GPAB2990_jpg.rf.26380753fc33e784adf7e3cfce47a36f.jpg,oddball,0,0,0,1.0,1.0,,
GPAB2990_jpg.rf.26380753fc33e784adf7e3cfce47a36f.jpg,pocillopora_,0,11688,0,0.0,0.0,0.0,
GPAB2990_jpg.rf.26380753fc33e784adf7e3cfce47a36f.jpg,table_acropora,0,2771,0,0.0,0.0,0.0,
GPAB2991_jpg.rf.349d021fabfa3966b9f88f23b1096169.jpg,branching_acropora,0,0,0,1.0,1.0,,
GPAB2991_jpg.rf.349d021fabfa3966b9f88f23b1096169.jpg,finger_acropora,202193,6730,212896,0.4793359237018721,0.6480420248328558,0.9677871751793723,0.48710758415665073
GPAB2991_jpg.rf.349d021fabfa3966b9f88f23b1096169.jpg,finger_porites,0,0,0,1.0,1.0,,
GPAB2991_jpg.rf.349d021fabfa3966b9f88f23b1096169.jpg,knob_porites,0,0,0,1.0,1.0,,
GPAB2991_jpg.rf.349d021fabfa3966b9f88f23b1096169.jpg,mounding_,6787,2662,6046,0.4380122620200064,0.6091912754689884,0.7182770663562281,0.5288708797631108
GPAB2991_jpg.rf.349d021fabfa3966b9f88f23b1096169.jpg,oddball,0,6322,0,0.0,0.0,0.0,
GPAB2991_jpg.rf.349d021fabfa3966b9f88f23b1096169.jpg,pocillopora_,0,7712,0,0.0,0.0,0.0,
GPAB2991_jpg.rf.349d021fabfa3966b9f88f23b1096169.jpg,table_acropora,0,68338,0,0.0,0.0,0.0,
GPAB2992_jpg.rf.e4effd5df06ee1d3cc045935c76638eb.jpg,branching_acropora,0,0,0,1.0,1.0,,
GPAB2992_jpg.rf.e4effd5df06ee1d3cc045935c76638eb.jpg,finger_acropora,95182,1508,17449,0.833913035859785,0.9094357470105723,0.9844037646085427,0.8450781756354823
GPAB2992_jpg.rf.e4effd5df06ee1d3cc045935c76638eb.jpg,finger_porites,0,0,0,1.0,1.0,,
GPAB2992_jpg.rf.e4effd5df06ee1d3cc045935c76638eb.jpg,knob_porites,0,0,0,1.0,1.0,,
GPAB2992_jpg.rf.e4effd5df06ee1d3cc045935c76638eb.jpg,mounding_,0,13431,23,0.0,0.0,0.0,0.0
GPAB2992_jpg.rf.e4effd5df06ee1d3cc045935c76638eb.jpg,oddball,0,0,0,1.0,1.0,,
GPAB2992_jpg.rf.e4effd5df06ee1d3cc045935c76638eb.jpg,pocillopora_,0,0,0,1.0,1.0,,
GPAB2992_jpg.rf.e4effd5df06ee1d3cc045935c76638eb.jpg,table_acropora,0,0,0,1.0,1.0,,
GPAB2994_jpg.rf.399149a84f76c2e820ddc039f29be960.jpg,branching_acropora,0,54725,0,0.0,0.0,0.0,
GPAB2994_jpg.rf.399149a84f76c2e820ddc039f29be960.jpg,finger_acropora,4195,916,58502,0.06594564004212976,0.12373171307220387,0.8207787125807082,0.06690910250889197
GPAB2994_jpg.rf.399149a84f76c2e820ddc039f29be960.jpg,finger_porites,0,0,0,1.0,1.0,,
GPAB2994_jpg.rf.399149a84f76c2e820ddc039f29be960.jpg,knob_porites,0,0,0,1.0,1.0,,
GPAB2994_jpg.rf.399149a84f76c2e820ddc039f29be960.jpg,mounding_,0,0,0,1.0,1.0,,
GPAB2994_jpg.rf.399149a84f76c2e820ddc039f29be960.jpg,oddball,0,0,0,1.0,1.0,,
GPAB2994_jpg.rf.399149a84f76c2e820ddc039f29be960.jpg,pocillopora_,0,47224,0,0.0,0.0,0.0,
GPAB2994_jpg.rf.399149a84f76c2e820ddc039f29be960.jpg,table_acropora,0,0,0,1.0,1.0,,
GPAB2995_jpg.rf.77053a52828cd1b35e1a6b481dda0977.jpg,branching_acropora,0,8338,0,0.0,0.0,0.0,
GPAB2995_jpg.rf.77053a52828cd1b35e1a6b481dda0977.jpg,finger_acropora,425804,12571,435252,0.4873979398530494,0.6553699272989485,0.9713236384374109,0.49451371339378625
GPAB2995_jpg.rf.77053a52828cd1b35e1a6b481dda0977.jpg,finger_porites,0,0,0,1.0,1.0,,
GPAB2995_jpg.rf.77053a52828cd1b35e1a6b481dda0977.jpg,knob_porites,0,0,0,1.0,1.0,,
GPAB2995_jpg.rf.77053a52828cd1b35e1a6b481dda0977.jpg,mounding_,0,0,8265,0.0,0.0,,0.0
GPAB2995_jpg.rf.77053a52828cd1b35e1a6b481dda0977.jpg,oddball,0,0,0,1.0,1.0,,
GPAB2995_jpg.rf.77053a52828cd1b35e1a6b481dda0977.jpg,pocillopora_,0,6017,0,0.0,0.0,0.0,
GPAB2995_jpg.rf.77053a52828cd1b35e1a6b481dda0977.jpg,table_acropora,0,0,0,1.0,1.0,,
GPAB2996_jpg.rf.71234c52d0bc86b7485ea41a885640db.jpg,branching_acropora,0,4168,0,0.0,0.0,0.0,
GPAB2996_jpg.rf.71234c52d0bc86b7485ea41a885640db.jpg,finger_acropora,299765,50308,81509,0.694572526194327,0.8197613444780658,0.8562928303525265,0.786219359305906
GPAB2996_jpg.rf.71234c52d0bc86b7485ea41a885640db.jpg,finger_porites,0,0,0,1.0,1.0,,
GPAB2996_jpg.rf.71234c52d0bc86b7485ea41a885640db.jpg,knob_porites,0,0,0,1.0,1.0,,
GPAB2996_jpg.rf.71234c52d0bc86b7485ea41a885640db.jpg,mounding_,0,0,0,1.0,1.0,,
GPAB2996_jpg.rf.71234c52d0bc86b7485ea41a885640db.jpg,oddball,0,0,0,1.0,1.0,,
GPAB2996_jpg.rf.71234c52d0bc86b7485ea41a885640db.jpg,pocillopora_,0,51261,0,0.0,0.0,0.0,
GPAB2996_jpg.rf.71234c52d0bc86b7485ea41a885640db.jpg,table_acropora,0,0,0,1.0,1.0,,
GPAB3022_jpg.rf.4a7028ccc8d0c43d90f9f26c5b803a76.jpg,branching_acropora,0,0,0,1.0,1.0,,
GPAB3022_jpg.rf.4a7028ccc8d0c43d90f9f26c5b803a76.jpg,finger_acropora,0,2738,0,0.0,0.0,0.0,
GPAB3022_jpg.rf.4a7028ccc8d0c43d90f9f26c5b803a76.jpg,finger_porites,133,83552,35210,0.0011186340889019722,0.002234768289814161,0.001589293182768716,0.003763121410180234
GPAB3022_jpg.rf.4a7028ccc8d0c43d90f9f26c5b803a76.jpg,knob_porites,70312,13837,120653,0.3433169597953145,0.5111481058761096,0.8355654850325018,0.36819312439452256
GPAB3022_jpg.rf.4a7028ccc8d0c43d90f9f26c5b803a76.jpg,mounding_,25481,335,22469,0.5277208242725484,0.6908602879375322,0.9870235512860241,0.53140771637122
GPAB3022_jpg.rf.4a7028ccc8d0c43d90f9f26c5b803a76.jpg,oddball,0,0,0,1.0,1.0,,
GPAB3022_jpg.rf.4a7028ccc8d0c43d90f9f26c5b803a76.jpg,pocillopora_,0,0,0,1.0,1.0,,
GPAB3022_jpg.rf.4a7028ccc8d0c43d90f9f26c5b803a76.jpg,table_acropora,0,3921,0,0.0,0.0,0.0,
GPAB3023_jpg.rf.2d06d6161234dba9738fbea660799947.jpg,branching_acropora,0,0,0,1.0,1.0,,
GPAB3023_jpg.rf.2d06d6161234dba9738fbea660799947.jpg,finger_acropora,0,0,0,1.0,1.0,,
GPAB3023_jpg.rf.2d06d6161234dba9738fbea660799947.jpg,finger_porites,6968,36136,6508,0.14044989115536563,0.2463061152350654,0.16165553080920564,0.5170673790442267
GPAB3023_jpg.rf.2d06d6161234dba9738fbea660799947.jpg,knob_porites,102699,11954,118814,0.43988657925959557,0.6110017074897521,0.8957375733735707,0.46362515969717355
GPAB3023_jpg.rf.2d06d6161234dba9738fbea660799947.jpg,mounding_,27254,8648,35313,0.38270027381871796,0.5535549259157705,0.7591220544816445,0.4355970399731488
GPAB3023_jpg.rf.2d06d6161234dba9738fbea660799947.jpg,oddball,0,0,3014,0.0,0.0,,0.0
GPAB3023_jpg.rf.2d06d6161234dba9738fbea660799947.jpg,pocillopora_,0,0,0,1.0,1.0,,
GPAB3023_jpg.rf.2d06d6161234dba9738fbea660799947.jpg,table_acropora,0,18126,0,0.0,0.0,0.0,
GPAB3024_jpg.rf.962d5da92455184bd060dd0c24c8dab4.jpg,branching_acropora,6203,295,1429,0.782515453513309,0.8779900920028308,0.9546014158202524,0.8127620545073375
GPAB3024_jpg.rf.962d5da92455184bd060dd0c24c8dab4.jpg,finger_acropora,0,0,276,0.0,0.0,,0.0
GPAB3024_jpg.rf.962d5da92455184bd060dd0c24c8dab4.jpg,finger_porites,0,168597,0,0.0,0.0,0.0,
GPAB3024_jpg.rf.962d5da92455184bd060dd0c24c8dab4.jpg,knob_porites,67496,4350,228287,0.22488696677806172,0.3671962766811106,0.9394538318069203,0.2281943181318737
GPAB3024_jpg.rf.962d5da92455184bd060dd0c24c8dab4.jpg,mounding_,3780,26841,8906,0.0956308346193741,0.17456762186251645,0.12344469481728226,0.29796626202112564
GPAB3024_jpg.rf.962d5da92455184bd060dd0c24c8dab4.jpg,oddball,0,1379,0,0.0,0.0,0.0,
GPAB3024_jpg.rf.962d5da92455184bd060dd0c24c8dab4.jpg,pocillopora_,0,0,0,1.0,1.0,,
GPAB3024_jpg.rf.962d5da92455184bd060dd0c24c8dab4.jpg,table_acropora,0,0,0,1.0,1.0,,
GPAB3025_jpg.rf.0e7dd03ddf2d70bda47a0516e862f4c9.jpg,branching_acropora,0,0,5769,0.0,0.0,,0.0
GPAB3025_jpg.rf.0e7dd03ddf2d70bda47a0516e862f4c9.jpg,finger_acropora,28226,15299,43163,0.3256044665928387,0.49125432932453833,0.6485008615738082,0.3953830422053818
GPAB3025_jpg.rf.0e7dd03ddf2d70bda47a0516e862f4c9.jpg,finger_porites,0,0,0,1.0,1.0,,
GPAB3025_jpg.rf.0e7dd03ddf2d70bda47a0516e862f4c9.jpg,knob_porites,0,2416,21233,0.0,0.0,0.0,0.0
GPAB3025_jpg.rf.0e7dd03ddf2d70bda47a0516e862f4c9.jpg,mounding_,4621,2709,20209,0.16779839500344965,0.2873756218905473,0.6304229195088676,0.1861055175191301
GPAB3025_jpg.rf.0e7dd03ddf2d70bda47a0516e862f4c9.jpg,oddball,0,0,718,0.0,0.0,,0.0
GPAB3025_jpg.rf.0e7dd03ddf2d70bda47a0516e862f4c9.jpg,pocillopora_,0,0,0,1.0,1.0,,
GPAB3025_jpg.rf.0e7dd03ddf2d70bda47a0516e862f4c9.jpg,table_acropora,0,10498,0,0.0,0.0,0.0,
GPAB3026_jpg.rf.0132f1051a4116579dca9e90f5fe8dac.jpg,branching_acropora,0,0,0,1.0,1.0,,
GPAB3026_jpg.rf.0132f1051a4116579dca9e90f5fe8dac.jpg,finger_acropora,34280,9705,62665,0.32142522269104545,0.48648265096147025,0.7793565988405138,0.35360255815152924
GPAB3026_jpg.rf.0132f1051a4116579dca9e90f5fe8dac.jpg,finger_porites,0,0,0,1.0,1.0,,
GPAB3026_jpg.rf.0132f1051a4116579dca9e90f5fe8dac.jpg,knob_porites,0,1161,0,0.0,0.0,0.0,
GPAB3026_jpg.rf.0132f1051a4116579dca9e90f5fe8dac.jpg,mounding_,19878,3461,11930,0.5636111032351356,0.7209095689702069,0.8517074424782552,0.6249371227364185
GPAB3026_jpg.rf.0132f1051a4116579dca9e90f5fe8dac.jpg,oddball,0,7000,0,0.0,0.0,0.0,
GPAB3026_jpg.rf.0132f1051a4116579dca9e90f5fe8dac.jpg,pocillopora_,0,0,0,1.0,1.0,,
GPAB3026_jpg.rf.0132f1051a4116579dca9e90f5fe8dac.jpg,table_acropora,0,0,0,1.0,1.0,,
GPAB3027_jpg.rf.747b37a57bb87ebb8bad757bc73c82cb.jpg,branching_acropora,12370,571,1907,0.8331088362068966,0.9089573076640458,0.9558766710455142,0.8664285213980528
GPAB3027_jpg.rf.747b37a57bb87ebb8bad757bc73c82cb.jpg,finger_acropora,92421,8334,48164,0.6206125477608633,0.7658987320792243,0.9172845020098258,0.6574029946295835
GPAB3027_jpg.rf.747b37a57bb87ebb8bad757bc73c82cb.jpg,finger_porites,0,0,0,1.0,1.0,,
GPAB3027_jpg.rf.747b37a57bb87ebb8bad757bc73c82cb.jpg,knob_porites,0,3335,0,0.0,0.0,0.0,
GPAB3027_jpg.rf.747b37a57bb87ebb8bad757bc73c82cb.jpg,mounding_,0,4328,0,0.0,0.0,0.0,
GPAB3027_jpg.rf.747b37a57bb87ebb8bad757bc73c82cb.jpg,oddball,11330,81,10464,0.5179428571428571,0.6824273452793254,0.9929015861887652,0.519867853537671
GPAB3027_jpg.rf.747b37a57bb87ebb8bad757bc73c82cb.jpg,pocillopora_,11817,10210,801,0.5176537585421412,0.6821763602251407,0.5364779588686612,0.9365192582025678
GPAB3027_jpg.rf.747b37a57bb87ebb8bad757bc73c82cb.jpg,table_acropora,0,0,0,1.0,1.0,,
GPAB3028_jpg.rf.bab6e79b28a15e973dd2a4273d4b3f69.jpg,branching_acropora,0,13116,0,0.0,0.0,0.0,
GPAB3028_jpg.rf.bab6e79b28a15e973dd2a4273d4b3f69.jpg,finger_acropora,126463,12143,39099,0.7116457049604682,0.8315338891665133,0.912391959944014,0.7638407364008649
GPAB3028_jpg.rf.bab6e79b28a15e973dd2a4273d4b3f69.jpg,finger_porites,0,0,0,1.0,1.0,,
GPAB3028_jpg.rf.bab6e79b28a15e973dd2a4273d4b3f69.jpg,knob_porites,0,0,0,1.0,1.0,,
GPAB3028_jpg.rf.bab6e79b28a15e973dd2a4273d4b3f69.jpg,mounding_,0,4599,0,0.0,0.0,0.0,
GPAB3028_jpg.rf.bab6e79b28a15e973dd2a4273d4b3f69.jpg,oddball,0,0,0,1.0,1.0,,
GPAB3028_jpg.rf.bab6e79b28a15e973dd2a4273d4b3f69.jpg,pocillopora_,0,0,171846,0.0,0.0,,0.0
GPAB3028_jpg.rf.bab6e79b28a15e973dd2a4273d4b3f69.jpg,table_acropora,0,12460,0,0.0,0.0,0.0,
GPAB3029_jpg.rf.9be364b3f26fd5581081ef77d347a1a7.jpg,branching_acropora,1392,5430,50,0.20256111757857975,0.33688286544046464,0.2040457343887423,0.9653259361997226
GPAB3029_jpg.rf.9be364b3f26fd5581081ef77d347a1a7.jpg,finger_acropora,325666,17191,57916,0.8125946608179693,0.8966093505442302,0.9498595624414844,0.8490127273959674
GPAB3029_jpg.rf.9be364b3f26fd5581081ef77d347a1a7.jpg,finger_porites,0,0,0,1.0,1.0,,
GPAB3029_jpg.rf.9be364b3f26fd5581081ef77d347a1a7.jpg,knob_porites,0,0,0,1.0,1.0,,
GPAB3029_jpg.rf.9be364b3f26fd5581081ef77d347a1a7.jpg,mounding_,1627,0,1399,0.5376734963648381,0.6993337631635504,1.0,0.5376734963648381
GPAB3029_jpg.rf.9be364b3f26fd5581081ef77d347a1a7.jpg,oddball,0,6476,0,0.0,0.0,0.0,
GPAB3029_jpg.rf.9be364b3f26fd5581081ef77d347a1a7.jpg,pocillopora_,0,1025,0,0.0,0.0,0.0,
GPAB3029_jpg.rf.9be364b3f26fd5581081ef77d347a1a7.jpg,table_acropora,0,0,0,1.0,1.0,,
GPAB3030_jpg.rf.adc799d4514f57aa03abab83f2ad6e6e.jpg,branching_acropora,0,63271,0,0.0,0.0,0.0,
GPAB3030_jpg.rf.adc799d4514f57aa03abab83f2ad6e6e.jpg,finger_acropora,352548,13918,156423,0.674231050949628,0.8054217493663165,0.9620210333291492,0.6926681480870226
GPAB3030_jpg.rf.adc799d4514f57aa03abab83f2ad6e6e.jpg,finger_porites,0,0,0,1.0,1.0,,
GPAB3030_jpg.rf.adc799d4514f57aa03abab83f2ad6e6e.jpg,knob_porites,0,0,0,1.0,1.0,,
GPAB3030_jpg.rf.adc799d4514f57aa03abab83f2ad6e6e.jpg,mounding_,0,2891,0,0.0,0.0,0.0,
GPAB3030_jpg.rf.adc799d4514f57aa03abab83f2ad6e6e.jpg,oddball,0,1453,0,0.0,0.0,0.0,
GPAB3030_jpg.rf.adc799d4514f57aa03abab83f2ad6e6e.jpg,pocillopora_,0,7211,0,0.0,0.0,0.0,
GPAB3030_jpg.rf.adc799d4514f57aa03abab83f2ad6e6e.jpg,table_acropora,0,7205,0,0.0,0.0,0.0,
GPAB3031_jpg.rf.ab0edf94425b881b01d5ae81bd81b21d.jpg,branching_acropora,0,16091,0,0.0,0.0,0.0,
GPAB3031_jpg.rf.ab0edf94425b881b01d5ae81bd81b21d.jpg,finger_acropora,152272,65032,31686,0.6115586971364312,0.7589654639612025,0.7007326142178699,0.8277541612759434
GPAB3031_jpg.rf.ab0edf94425b881b01d5ae81bd81b21d.jpg,finger_porites,0,17087,0,0.0,0.0,0.0,
GPAB3031_jpg.rf.ab0edf94425b881b01d5ae81bd81b21d.jpg,knob_porites,0,0,0,1.0,1.0,,
GPAB3031_jpg.rf.ab0edf94425b881b01d5ae81bd81b21d.jpg,mounding_,1589,49,27,0.9543543543543543,0.9766441303011678,0.9700854700854701,0.9832920792079208
GPAB3031_jpg.rf.ab0edf94425b881b01d5ae81bd81b21d.jpg,oddball,0,0,674,0.0,0.0,,0.0
GPAB3031_jpg.rf.ab0edf94425b881b01d5ae81bd81b21d.jpg,pocillopora_,0,20828,0,0.0,0.0,0.0,
GPAB3031_jpg.rf.ab0edf94425b881b01d5ae81bd81b21d.jpg,table_acropora,0,0,0,1.0,1.0,,
GPAB3032_jpg.rf.1d597c1e44f74b2246f4f867092f84fd.jpg,branching_acropora,44357,2632,5805,0.840190173125734,0.9131558089983633,0.9439868905488519,0.8842749491647064
GPAB3032_jpg.rf.1d597c1e44f74b2246f4f867092f84fd.jpg,finger_acropora,213089,24802,171165,0.5209286748024721,0.6850139436947978,0.8957421676313942,0.5545524574890567
GPAB3032_jpg.rf.1d597c1e44f74b2246f4f867092f84fd.jpg,finger_porites,0,0,0,1.0,1.0,,
GPAB3032_jpg.rf.1d597c1e44f74b2246f4f867092f84fd.jpg,knob_porites,0,8925,49360,0.0,0.0,0.0,0.0
GPAB3032_jpg.rf.1d597c1e44f74b2246f4f867092f84fd.jpg,mounding_,4176,4383,2974,0.3620913899245643,0.5316697434591635,0.4879074658254469,0.5840559440559441
GPAB3032_jpg.rf.1d597c1e44f74b2246f4f867092f84fd.jpg,oddball,0,4317,7981,0.0,0.0,0.0,0.0
GPAB3032_jpg.rf.1d597c1e44f74b2246f4f867092f84fd.jpg,pocillopora_,0,12773,0,0.0,0.0,0.0,
GPAB3032_jpg.rf.1d597c1e44f74b2246f4f867092f84fd.jpg,table_acropora,0,44769,13451,0.0,0.0,0.0,0.0
GPAB3033_jpg.rf.50b9b3afcefbc3350536ce8c5bc36581.jpg,branching_acropora,37157,10445,6166,0.6910615979764916,0.8173109705801485,0.7805764463677997,0.8576737529718625
GPAB3033_jpg.rf.50b9b3afcefbc3350536ce8c5bc36581.jpg,finger_acropora,86349,60877,32095,0.48153311658980263,0.6500470508525614,0.5865064594568894,0.729028063895174
GPAB3033_jpg.rf.50b9b3afcefbc3350536ce8c5bc36581.jpg,finger_porites,0,0,0,1.0,1.0,,
GPAB3033_jpg.rf.50b9b3afcefbc3350536ce8c5bc36581.jpg,knob_porites,3657,2162,8572,0.25411715655618095,0.4052526595744681,0.6284584980237155,0.29904325782974894
GPAB3033_jpg.rf.50b9b3afcefbc3350536ce8c5bc36581.jpg,mounding_,13722,6709,12213,0.42035289792917535,0.5918992365095113,0.6716264500024473,0.529091960670908
GPAB3033_jpg.rf.50b9b3afcefbc3350536ce8c5bc36581.jpg,oddball,0,0,662,0.0,0.0,,0.0
GPAB3033_jpg.rf.50b9b3afcefbc3350536ce8c5bc36581.jpg,pocillopora_,0,0,0,1.0,1.0,,
GPAB3033_jpg.rf.50b9b3afcefbc3350536ce8c5bc36581.jpg,table_acropora,0,22266,0,0.0,0.0,0.0,
GPAB3035_jpg.rf.d5c32d9742ccdb6a97e4a8d5755c24d6.jpg,branching_acropora,0,0,0,1.0,1.0,,
GPAB3035_jpg.rf.d5c32d9742ccdb6a97e4a8d5755c24d6.jpg,finger_acropora,0,0,0,1.0,1.0,,
GPAB3035_jpg.rf.d5c32d9742ccdb6a97e4a8d5755c24d6.jpg,finger_porites,19728,46188,101116,0.11810910484218592,0.21126579567359177,0.2992900054614965,0.1632517957035517
GPAB3035_jpg.rf.d5c32d9742ccdb6a97e4a8d5755c24d6.jpg,knob_porites,148156,6260,243297,0.37251988242778084,0.5428262092186953,0.9594601595689566,0.3784771096402378
GPAB3035_jpg.rf.d5c32d9742ccdb6a97e4a8d5755c24d6.jpg,mounding_,0,4750,0,0.0,0.0,0.0,
GPAB3035_jpg.rf.d5c32d9742ccdb6a97e4a8d5755c24d6.jpg,oddball,0,0,0,1.0,1.0,,
GPAB3035_jpg.rf.d5c32d9742ccdb6a97e4a8d5755c24d6.jpg,pocillopora_,0,0,0,1.0,1.0,,
GPAB3035_jpg.rf.d5c32d9742ccdb6a97e4a8d5755c24d6.jpg,table_acropora,0,1405,0,0.0,0.0,0.0,
GPAB3036_jpg.rf.73115f2d96e2a173cce8abbe17c95bd0.jpg,branching_acropora,0,20872,0,0.0,0.0,0.0,
GPAB3036_jpg.rf.73115f2d96e2a173cce8abbe17c95bd0.jpg,finger_acropora,0,0,9968,0.0,0.0,,0.0
GPAB3036_jpg.rf.73115f2d96e2a173cce8abbe17c95bd0.jpg,finger_porites,67037,69849,75871,0.3150871651696536,0.47918825993409436,0.48972867933901204,0.46909200324684414
GPAB3036_jpg.rf.73115f2d96e2a173cce8abbe17c95bd0.jpg,knob_porites,77842,3533,163096,0.318409954554937,0.4830211626586579,0.9565837173579109,0.32307896637309186
GPAB3036_jpg.rf.73115f2d96e2a173cce8abbe17c95bd0.jpg,mounding_,0,13270,6808,0.0,0.0,0.0,0.0
GPAB3036_jpg.rf.73115f2d96e2a173cce8abbe17c95bd0.jpg,oddball,6696,811,8092,0.4292582857875505,0.6006727965911639,0.8919674970027974,0.45279956721666215
GPAB3036_jpg.rf.73115f2d96e2a173cce8abbe17c95bd0.jpg,pocillopora_,0,0,0,1.0,1.0,,
GPAB3036_jpg.rf.73115f2d96e2a173cce8abbe17c95bd0.jpg,table_acropora,0,3005,0,0.0,0.0,0.0,
GPAB3065_jpg.rf.623b37a3e1def7e946fbe7642cf75b09.jpg,branching_acropora,0,0,0,1.0,1.0,,
GPAB3065_jpg.rf.623b37a3e1def7e946fbe7642cf75b09.jpg,finger_acropora,0,0,0,1.0,1.0,,
GPAB3065_jpg.rf.623b37a3e1def7e946fbe7642cf75b09.jpg,finger_porites,39980,281143,15612,0.11872837691359675,0.21225594945781293,0.12450058077434503,0.7191682256439775
GPAB3065_jpg.rf.623b37a3e1def7e946fbe7642cf75b09.jpg,knob_porites,7519,188,244256,0.02984168310426531,0.05795392358622178,0.9756065914104062,0.02986396584251812
GPAB3065_jpg.rf.623b37a3e1def7e946fbe7642cf75b09.jpg,mounding_,0,0,199,0.0,0.0,,0.0
GPAB3065_jpg.rf.623b37a3e1def7e946fbe7642cf75b09.jpg,oddball,0,0,0,1.0,1.0,,
GPAB3065_jpg.rf.623b37a3e1def7e946fbe7642cf75b09.jpg,pocillopora_,0,3423,0,0.0,0.0,0.0,
GPAB3065_jpg.rf.623b37a3e1def7e946fbe7642cf75b09.jpg,table_acropora,0,3749,2147,0.0,0.0,0.0,0.0
GPAB3066_jpg.rf.c7ab7f595d1fabcf9345d55074498965.jpg,branching_acropora,106852,3412,3420,0.9399035924140601,0.9690209308230856,0.9690560835812232,0.968985780615206
GPAB3066_jpg.rf.c7ab7f595d1fabcf9345d55074498965.jpg,finger_acropora,0,0,4742,0.0,0.0,,0.0
GPAB3066_jpg.rf.c7ab7f595d1fabcf9345d55074498965.jpg,finger_porites,93218,340076,2551,0.21387878718351708,0.3523890349542493,0.215137989448273,0.9733629880232643
GPAB3066_jpg.rf.c7ab7f595d1fabcf9345d55074498965.jpg,knob_porites,18250,4487,329173,0.05185985052996505,0.0986060082126648,0.8026564630338215,0.052529625269484174
GPAB3066_jpg.rf.c7ab7f595d1fabcf9345d55074498965.jpg,mounding_,0,2568,22878,0.0,0.0,0.0,0.0
GPAB3066_jpg.rf.c7ab7f595d1fabcf9345d55074498965.jpg,oddball,0,5570,0,0.0,0.0,0.0,
GPAB3066_jpg.rf.c7ab7f595d1fabcf9345d55074498965.jpg,pocillopora_,0,0,0,1.0,1.0,,
GPAB3066_jpg.rf.c7ab7f595d1fabcf9345d55074498965.jpg,table_acropora,2670,3658,50,0.41862652869238004,0.5901856763925729,0.4219342604298357,0.9816176470588235
GPAB3067_jpg.rf.787b1d28ce4fe02d8dcdc53034e25912.jpg,branching_acropora,23135,2959,12435,0.6004567987749487,0.7503567721847432,0.8866022840499732,0.6504076468934495
GPAB3067_jpg.rf.787b1d28ce4fe02d8dcdc53034e25912.jpg,finger_acropora,952,1330,127021,0.007362551526260025,0.014617481094775632,0.4171779141104294,0.0074390691786548726
GPAB3067_jpg.rf.787b1d28ce4fe02d8dcdc53034e25912.jpg,finger_porites,64673,171318,27636,0.2453200924032819,0.39398720682302774,0.27404858659864145,0.7006142412982482
GPAB3067_jpg.rf.787b1d28ce4fe02d8dcdc53034e25912.jpg,knob_porites,10509,5610,264165,0.037494113113841675,0.07227821852658077,0.6519635213102549,0.03825990082789052
GPAB3067_jpg.rf.787b1d28ce4fe02d8dcdc53034e25912.jpg,mounding_,5645,2420,109938,0.04783776683643636,0.09130758281573499,0.6999380037197768,0.04883936218994143
GPAB3067_jpg.rf.787b1d28ce4fe02d8dcdc53034e25912.jpg,oddball,0,0,637,0.0,0.0,,0.0
GPAB3067_jpg.rf.787b1d28ce4fe02d8dcdc53034e25912.jpg,pocillopora_,0,0,0,1.0,1.0,,
GPAB3067_jpg.rf.787b1d28ce4fe02d8dcdc53034e25912.jpg,table_acropora,1990,26631,5022,0.05915049192997057,0.11169421603569725,0.06952936654903742,0.2837992013690816
GPAB3068_jpg.rf.7d5b5b389e42fbf25daa11b1aab52fd6.jpg,branching_acropora,0,0,0,1.0,1.0,,
GPAB3068_jpg.rf.7d5b5b389e42fbf25daa11b1aab52fd6.jpg,finger_acropora,3187,125,1081,0.72547234236285,0.8408970976253298,0.9622584541062802,0.7467197750702905
GPAB3068_jpg.rf.7d5b5b389e42fbf25daa11b1aab52fd6.jpg,finger_porites,0,223574,0,0.0,0.0,0.0,
GPAB3068_jpg.rf.7d5b5b389e42fbf25daa11b1aab52fd6.jpg,knob_porites,0,0,300862,0.0,0.0,,0.0
GPAB3068_jpg.rf.7d5b5b389e42fbf25daa11b1aab52fd6.jpg,mounding_,1367,2,11518,0.10607589043221852,0.19180580889574855,0.9985390796201608,0.10609235545207606
GPAB3068_jpg.rf.7d5b5b389e42fbf25daa11b1aab52fd6.jpg,oddball,0,0,3289,0.0,0.0,,0.0
GPAB3068_jpg.rf.7d5b5b389e42fbf25daa11b1aab52fd6.jpg,pocillopora_,0,1301,0,0.0,0.0,0.0,
GPAB3068_jpg.rf.7d5b5b389e42fbf25daa11b1aab52fd6.jpg,table_acropora,289049,3008,157150,0.6434650395029463,0.783058993086409,0.9897006406283705,0.647802886156177
GPAB3069_jpg.rf.b4e787e9b2ba7d152d6ea99e92e0ca40.jpg,branching_acropora,148452,29273,38596,0.6862579222544275,0.8139418213519093,0.8352904768603179,0.7936572430606048
GPAB3069_jpg.rf.b4e787e9b2ba7d152d6ea99e92e0ca40.jpg,finger_acropora,48908,18053,55698,0.3987314424542838,0.5701329509754207,0.7303953047296188,0.46754488270271305
GPAB3069_jpg.rf.b4e787e9b2ba7d152d6ea99e92e0ca40.jpg,finger_porites,0,0,21125,0.0,0.0,,0.0
GPAB3069_jpg.rf.b4e787e9b2ba7d152d6ea99e92e0ca40.jpg,knob_porites,55074,13438,27138,0.5757867224255097,0.7307927071999151,0.803859177954227,0.6699022040578018
GPAB3069_jpg.rf.b4e787e9b2ba7d152d6ea99e92e0ca40.jpg,mounding_,5316,2326,4024,0.45568318189610835,0.6260746672947827,0.6956294163831458,0.5691648822269807
GPAB3069_jpg.rf.b4e787e9b2ba7d152d6ea99e92e0ca40.jpg,oddball,6633,2873,3863,0.49614780462263447,0.6632336766323368,0.6977698295813171,0.6319550304878049
GPAB3069_jpg.rf.b4e787e9b2ba7d152d6ea99e92e0ca40.jpg,pocillopora_,0,0,0,1.0,1.0,,
GPAB3069_jpg.rf.b4e787e9b2ba7d152d6ea99e92e0ca40.jpg,table_acropora,98896,6454,6186,0.8866733610672787,0.9399330900243309,0.9387375415282392,0.9411316876344188
GPAB3070_jpg.rf.9cd39d8ce8d5b63ee10a306d3f11ec2a.jpg,branching_acropora,35170,855,7582,0.806521888687596,0.8929002119908095,0.9762664816099931,0.8226515718562875
GPAB3070_jpg.rf.9cd39d8ce8d5b63ee10a306d3f11ec2a.jpg,finger_acropora,57696,11938,104372,0.33157477328367985,0.49801900717300673,0.8285607605480082,0.35599871658809884
GPAB3070_jpg.rf.9cd39d8ce8d5b63ee10a306d3f11ec2a.jpg,finger_porites,0,8657,2536,0.0,0.0,0.0,0.0
GPAB3070_jpg.rf.9cd39d8ce8d5b63ee10a306d3f11ec2a.jpg,knob_porites,6769,22394,5988,0.1925692014451936,0.32294847328244275,0.232109179439701,0.5306106451360038
GPAB3070_jpg.rf.9cd39d8ce8d5b63ee10a306d3f11ec2a.jpg,mounding_,0,1767,10048,0.0,0.0,0.0,0.0
GPAB3070_jpg.rf.9cd39d8ce8d5b63ee10a306d3f11ec2a.jpg,oddball,0,0,14301,0.0,0.0,,0.0
GPAB3070_jpg.rf.9cd39d8ce8d5b63ee10a306d3f11ec2a.jpg,pocillopora_,0,0,1042,0.0,0.0,,0.0
GPAB3070_jpg.rf.9cd39d8ce8d5b63ee10a306d3f11ec2a.jpg,table_acropora,38037,15422,8063,0.618266636325217,0.764109723882321,0.7115172375091191,0.8250976138828633
GPAB3072_jpg.rf.0ac2243c6b202e76c28f399d6eb11d70.jpg,branching_acropora,0,0,0,1.0,1.0,,
GPAB3072_jpg.rf.0ac2243c6b202e76c28f399d6eb11d70.jpg,finger_acropora,1484,19491,2239,0.0639269406392694,0.12017167381974249,0.07075089392133492,0.39860327692720926
GPAB3072_jpg.rf.0ac2243c6b202e76c28f399d6eb11d70.jpg,finger_porites,0,21193,0,0.0,0.0,0.0,
GPAB3072_jpg.rf.0ac2243c6b202e76c28f399d6eb11d70.jpg,knob_porites,20287,214,27774,0.4202382185396168,0.5917855371780286,0.9895614848056192,0.4221094026341524
GPAB3072_jpg.rf.0ac2243c6b202e76c28f399d6eb11d70.jpg,mounding_,0,0,0,1.0,1.0,,
GPAB3072_jpg.rf.0ac2243c6b202e76c28f399d6eb11d70.jpg,oddball,2237,34,3923,0.36115595737810785,0.5306606570988021,0.9850286217525319,0.36314935064935067
GPAB3072_jpg.rf.0ac2243c6b202e76c28f399d6eb11d70.jpg,pocillopora_,0,0,0,1.0,1.0,,
GPAB3072_jpg.rf.0ac2243c6b202e76c28f399d6eb11d70.jpg,table_acropora,232838,2132,80501,0.7380646715545961,0.8492948319287117,0.9909265012554794,0.7430865612004889
GPAB3074_jpg.rf.38770129f002645fcdacee0bd4225300.jpg,branching_acropora,0,0,0,1.0,1.0,,
GPAB3074_jpg.rf.38770129f002645fcdacee0bd4225300.jpg,finger_acropora,47833,9805,41628,0.481866903068523,0.6503511240729033,0.8298865331899095,0.5346799163881468
GPAB3074_jpg.rf.38770129f002645fcdacee0bd4225300.jpg,finger_porites,27885,156665,5711,0.1465618282254377,0.25565446994214885,0.1510972636141967,0.8300095249434456
GPAB3074_jpg.rf.38770129f002645fcdacee0bd4225300.jpg,knob_porites,26005,16712,134313,0.14689600632661132,0.25616273056369593,0.6087740243930988,0.1622088598909667
GPAB3074_jpg.rf.38770129f002645fcdacee0bd4225300.jpg,mounding_,0,8398,2405,0.0,0.0,0.0,0.0
GPAB3074_jpg.rf.38770129f002645fcdacee0bd4225300.jpg,oddball,0,0,2473,0.0,0.0,,0.0
GPAB3074_jpg.rf.38770129f002645fcdacee0bd4225300.jpg,pocillopora_,0,1549,4453,0.0,0.0,0.0,0.0
GPAB3074_jpg.rf.38770129f002645fcdacee0bd4225300.jpg,table_acropora,0,15959,6142,0.0,0.0,0.0,0.0
GPAB3075_jpg.rf.3f2d5382731b43b7f93907122f078970.jpg,branching_acropora,26025,5078,1295,0.8032903265633681,0.8909162487376547,0.836736006173038,0.9525988286969254
GPAB3075_jpg.rf.3f2d5382731b43b7f93907122f078970.jpg,finger_acropora,55481,24260,62024,0.391358939089338,0.5625564016507305,0.6957650393147816,0.47215863154759374
GPAB3075_jpg.rf.3f2d5382731b43b7f93907122f078970.jpg,finger_porites,0,166227,6942,0.0,0.0,0.0,0.0
GPAB3075_jpg.rf.3f2d5382731b43b7f93907122f078970.jpg,knob_porites,139636,23977,197889,0.3862661893986755,0.557275640641899,0.8534529652289243,0.4137056514332272
GPAB3075_jpg.rf.3f2d5382731b43b7f93907122f078970.jpg,mounding_,3924,2662,23991,0.1283317526245217,0.2274716674878989,0.5958092924385059,0.14056958624395485
GPAB3075_jpg.rf.3f2d5382731b43b7f93907122f078970.jpg,oddball,8443,2609,12425,0.359628572645568,0.5290100250626566,0.7639341295693087,0.4045907609737397
GPAB3075_jpg.rf.3f2d5382731b43b7f93907122f078970.jpg,pocillopora_,0,0,0,1.0,1.0,,
GPAB3075_jpg.rf.3f2d5382731b43b7f93907122f078970.jpg,table_acropora,62042,2764,30164,0.6532799831525745,0.7902835452067358,0.957349628120853,0.6728629373359651
GPAB3076_jpg.rf.6688d0a1b6f765cccf799dc184aea270.jpg,branching_acropora,26853,3728,319,0.8690291262135922,0.929925718144512,0.878094241522514,0.9882599735021346
GPAB3076_jpg.rf.6688d0a1b6f765cccf799dc184aea270.jpg,finger_acropora,23367,2911,79116,0.22171091333472492,0.36295151482203464,0.8892229241190349,0.22800854775914053
GPAB3076_jpg.rf.6688d0a1b6f765cccf799dc184aea270.jpg,finger_porites,0,206506,1620,0.0,0.0,0.0,0.0
GPAB3076_jpg.rf.6688d0a1b6f765cccf799dc184aea270.jpg,knob_porites,42250,7213,282428,0.12730083069441472,0.22585068196214797,0.8541738269009158,0.13012892773763543
GPAB3076_jpg.rf.6688d0a1b6f765cccf799dc184aea270.jpg,mounding_,3236,1098,13920,0.1772762134326723,0.30116333178222426,0.7466543608675589,0.1886220564234087
GPAB3076_jpg.rf.6688d0a1b6f765cccf799dc184aea270.jpg,oddball,0,1196,0,0.0,0.0,0.0,
GPAB3076_jpg.rf.6688d0a1b6f765cccf799dc184aea270.jpg,pocillopora_,0,0,0,1.0,1.0,,
GPAB3076_jpg.rf.6688d0a1b6f765cccf799dc184aea270.jpg,table_acropora,20338,19623,107651,0.13778012627699646,0.24219112831199763,0.5089462225670028,0.1589042808366344
GPAB3077_jpg.rf.e6dd2d28fb69105d93898db9cb337457.jpg,branching_acropora,9974,338,1792,0.8240251156642432,0.9035238699157533,0.96722265321955,0.8476967533571307
GPAB3077_jpg.rf.e6dd2d28fb69105d93898db9cb337457.jpg,finger_acropora,778,1623,27773,0.02578378736660701,0.05027138795554407,0.3240316534777176,0.02724948338061714
GPAB3077_jpg.rf.e6dd2d28fb69105d93898db9cb337457.jpg,finger_porites,14476,331392,9872,0.04069264069264069,0.07820299500831947,0.041854117755906875,0.5945457532446197
GPAB3077_jpg.rf.e6dd2d28fb69105d93898db9cb337457.jpg,knob_porites,61701,4505,418766,0.12722590170154152,0.22573275065715703,0.9319548077213545,0.12841880920021562
GPAB3077_jpg.rf.e6dd2d28fb69105d93898db9cb337457.jpg,mounding_,1252,2681,10690,0.08561854612596595,0.15773228346456694,0.31833206203915587,0.10484006029140848
GPAB3077_jpg.rf.e6dd2d28fb69105d93898db9cb337457.jpg,oddball,0,0,8125,0.0,0.0,,0.0
GPAB3077_jpg.rf.e6dd2d28fb69105d93898db9cb337457.jpg,pocillopora_,0,0,0,1.0,1.0,,
GPAB3077_jpg.rf.e6dd2d28fb69105d93898db9cb337457.jpg,table_acropora,0,5817,45716,0.0,0.0,0.0,0.0
GPAB3078_jpg.rf.cd093ba40852e610c6dba2034d50c1dc.jpg,branching_acropora,0,0,21436,0.0,0.0,,0.0
GPAB3078_jpg.rf.cd093ba40852e610c6dba2034d50c1dc.jpg,finger_acropora,3461,275,30056,0.10242069128787878,0.18581053874855716,0.9263918629550322,0.10326103171524897
GPAB3078_jpg.rf.cd093ba40852e610c6dba2034d50c1dc.jpg,finger_porites,151622,96690,12006,0.5824491583371108,0.7361363305335729,0.6106108444215342,0.9266262497861002
GPAB3078_jpg.rf.cd093ba40852e610c6dba2034d50c1dc.jpg,knob_porites,152757,9755,223442,0.3957906900822378,0.5671204040756547,0.939973663483312,0.4060537109349041
GPAB3078_jpg.rf.cd093ba40852e610c6dba2034d50c1dc.jpg,mounding_,0,0,5414,0.0,0.0,,0.0
GPAB3078_jpg.rf.cd093ba40852e610c6dba2034d50c1dc.jpg,oddball,0,7065,0,0.0,0.0,0.0,
GPAB3078_jpg.rf.cd093ba40852e610c6dba2034d50c1dc.jpg,pocillopora_,0,0,0,1.0,1.0,,
GPAB3078_jpg.rf.cd093ba40852e610c6dba2034d50c1dc.jpg,table_acropora,0,11370,0,0.0,0.0,0.0,
GPAB3079_jpg.rf.a4a8223fb26f718eff035a84cb461caa.jpg,branching_acropora,0,0,2843,0.0,0.0,,0.0
GPAB3079_jpg.rf.a4a8223fb26f718eff035a84cb461caa.jpg,finger_acropora,5415,3020,3550,0.4518147684605757,0.6224137931034482,0.6419679905157084,0.6040156162855549
GPAB3079_jpg.rf.a4a8223fb26f718eff035a84cb461caa.jpg,finger_porites,0,139504,10655,0.0,0.0,0.0,0.0
GPAB3079_jpg.rf.a4a8223fb26f718eff035a84cb461caa.jpg,knob_porites,31577,24866,261852,0.09920671075574546,0.18050601362784105,0.5594493559874564,0.10761376687375822
GPAB3079_jpg.rf.a4a8223fb26f718eff035a84cb461caa.jpg,mounding_,0,0,24401,0.0,0.0,,0.0
GPAB3079_jpg.rf.a4a8223fb26f718eff035a84cb461caa.jpg,oddball,0,0,17924,0.0,0.0,,0.0
GPAB3079_jpg.rf.a4a8223fb26f718eff035a84cb461caa.jpg,pocillopora_,0,0,0,1.0,1.0,,
GPAB3079_jpg.rf.a4a8223fb26f718eff035a84cb461caa.jpg,table_acropora,68777,4117,168,0.9413511811885795,0.9697896911286741,0.9435207287293879,0.9975632750743346
GPAB3080_jpg.rf.78f928f2c19bd787656114709b49bc5b.jpg,branching_acropora,0,0,0,1.0,1.0,,
GPAB3080_jpg.rf.78f928f2c19bd787656114709b49bc5b.jpg,finger_acropora,0,0,0,1.0,1.0,,
GPAB3080_jpg.rf.78f928f2c19bd787656114709b49bc5b.jpg,finger_porites,211159,680844,37819,0.22709615388751825,0.3701358743046554,0.23672454016410258,0.8481030452489778
GPAB3080_jpg.rf.78f928f2c19bd787656114709b49bc5b.jpg,knob_porites,17858,3003,16784,0.47437906760525966,0.6434967479235356,0.8560471693590911,0.5155014144679868
GPAB3080_jpg.rf.78f928f2c19bd787656114709b49bc5b.jpg,mounding_,0,0,9656,0.0,0.0,,0.0
GPAB3080_jpg.rf.78f928f2c19bd787656114709b49bc5b.jpg,oddball,0,0,2057,0.0,0.0,,0.0
GPAB3080_jpg.rf.78f928f2c19bd787656114709b49bc5b.jpg,pocillopora_,0,0,0,1.0,1.0,,
GPAB3080_jpg.rf.78f928f2c19bd787656114709b49bc5b.jpg,table_acropora,11394,9882,4476,0.44245107176141657,0.613471167824261,0.5355329949238579,0.7179584120982987
GPAB3090_jpg.rf.125d5f6ed38bdc5cbae2b664e2362386.jpg,branching_acropora,146184,3932,3606,0.9509634274859812,0.9748654578434576,0.9738069226464867,0.9759262968155418
GPAB3090_jpg.rf.125d5f6ed38bdc5cbae2b664e2362386.jpg,finger_acropora,37141,5190,42692,0.43683473883537394,0.6080514717920172,0.8773948170371595,0.46523367529718285
GPAB3090_jpg.rf.125d5f6ed38bdc5cbae2b664e2362386.jpg,finger_porites,206946,138777,11023,0.5800933997858421,0.7342520383471826,0.598589043829887,0.9494285884690025
GPAB3090_jpg.rf.125d5f6ed38bdc5cbae2b664e2362386.jpg,knob_porites,19584,9378,145957,0.11196039309623311,0.2013747859930181,0.6761963952765693,0.11830301858754025
GPAB3090_jpg.rf.125d5f6ed38bdc5cbae2b664e2362386.jpg,mounding_,0,0,12145,0.0,0.0,,0.0
GPAB3090_jpg.rf.125d5f6ed38bdc5cbae2b664e2362386.jpg,oddball,0,0,634,0.0,0.0,,0.0
GPAB3090_jpg.rf.125d5f6ed38bdc5cbae2b664e2362386.jpg,pocillopora_,0,2172,0,0.0,0.0,0.0,
GPAB3090_jpg.rf.125d5f6ed38bdc5cbae2b664e2362386.jpg,table_acropora,1373,8269,302,0.13807320997586484,0.2426438101970487,0.1423978427712093,0.8197014925373134
GPAB3091_jpg.rf.2419e7ae9b651b8df0f426db91599eee.jpg,branching_acropora,153857,2756,281531,0.35115624087058134,0.5197862841447903,0.9824024825525339,0.35337905500381267
GPAB3091_jpg.rf.2419e7ae9b651b8df0f426db91599eee.jpg,finger_acropora,10286,5575,22756,0.2663593754046146,0.42066948857943276,0.6485089212533888,0.3113007687186006
GPAB3091_jpg.rf.2419e7ae9b651b8df0f426db91599eee.jpg,finger_porites,36747,279158,10229,0.11267454481900079,0.2025292037885698,0.11632294518921828,0.7822505108991825
GPAB3091_jpg.rf.2419e7ae9b651b8df0f426db91599eee.jpg,knob_porites,8167,805,101160,0.07415646678531217,0.13807386368439295,0.9102764155149353,0.0747024980105555
GPAB3091_jpg.rf.2419e7ae9b651b8df0f426db91599eee.jpg,mounding_,11813,55452,10825,0.15127417082853117,0.26279434501629534,0.17561882108079982,0.5218217156992667
GPAB3091_jpg.rf.2419e7ae9b651b8df0f426db91599eee.jpg,oddball,0,0,606,0.0,0.0,,0.0
GPAB3091_jpg.rf.2419e7ae9b651b8df0f426db91599eee.jpg,pocillopora_,0,3607,0,0.0,0.0,0.0,
GPAB3091_jpg.rf.2419e7ae9b651b8df0f426db91599eee.jpg,table_acropora,0,9083,55263,0.0,0.0,0.0,0.0
GPAB3092_jpg.rf.3bad61d847234ef79c48d0ea084de422.jpg,branching_acropora,131918,4676,39105,0.7508181606042151,0.8576769164252951,0.9657671640042754,0.7713465440320892
GPAB3092_jpg.rf.3bad61d847234ef79c48d0ea084de422.jpg,finger_acropora,5192,4475,64298,0.07019536267153384,0.13118233384286923,0.5370849281059273,0.07471578644409267
GPAB3092_jpg.rf.3bad61d847234ef79c48d0ea084de422.jpg,finger_porites,25500,162034,3315,0.13361348500647108,0.23573023217116787,0.13597534313777768,0.8849557522123894
GPAB3092_jpg.rf.3bad61d847234ef79c48d0ea084de422.jpg,knob_porites,3678,152,574223,0.006362738364821219,0.012645019777182237,0.960313315926893,0.006364411897539544
GPAB3092_jpg.rf.3bad61d847234ef79c48d0ea084de422.jpg,mounding_,0,6302,20659,0.0,0.0,0.0,0.0
GPAB3092_jpg.rf.3bad61d847234ef79c48d0ea084de422.jpg,oddball,0,3748,0,0.0,0.0,0.0,
GPAB3092_jpg.rf.3bad61d847234ef79c48d0ea084de422.jpg,pocillopora_,0,17912,0,0.0,0.0,0.0,
GPAB3092_jpg.rf.3bad61d847234ef79c48d0ea084de422.jpg,table_acropora,0,365199,0,0.0,0.0,0.0,
GPAB3093_jpg.rf.285d85f2bda7ab2fe223676c69049377.jpg,branching_acropora,147064,2707,489070,0.23020438575482788,0.3742538856477564,0.9819257399630102,0.23118399582477905
GPAB3093_jpg.rf.285d85f2bda7ab2fe223676c69049377.jpg,finger_acropora,107458,8290,73619,0.5674589553618107,0.7240495241303798,0.928378892075889,0.5934381506210066
GPAB3093_jpg.rf.285d85f2bda7ab2fe223676c69049377.jpg,finger_porites,0,0,0,1.0,1.0,,
GPAB3093_jpg.rf.285d85f2bda7ab2fe223676c69049377.jpg,knob_porites,13857,2585,95,0.8379391667170587,0.9118247022438639,0.842780683615132,0.9931909403669725
GPAB3093_jpg.rf.285d85f2bda7ab2fe223676c69049377.jpg,mounding_,0,51862,0,0.0,0.0,0.0,
GPAB3093_jpg.rf.285d85f2bda7ab2fe223676c69049377.jpg,oddball,0,0,2007,0.0,0.0,,0.0
GPAB3093_jpg.rf.285d85f2bda7ab2fe223676c69049377.jpg,pocillopora_,0,4842,0,0.0,0.0,0.0,
GPAB3093_jpg.rf.285d85f2bda7ab2fe223676c69049377.jpg,table_acropora,0,37787,0,0.0,0.0,0.0,
GPAB3095_jpg.rf.c30fe8fea9a0ca71fd70d7ad21b1c91c.jpg,branching_acropora,0,2572,0,0.0,0.0,0.0,
GPAB3095_jpg.rf.c30fe8fea9a0ca71fd70d7ad21b1c91c.jpg,finger_acropora,0,0,967976,0.0,0.0,,0.0
GPAB3095_jpg.rf.c30fe8fea9a0ca71fd70d7ad21b1c91c.jpg,finger_porites,0,0,0,1.0,1.0,,
GPAB3095_jpg.rf.c30fe8fea9a0ca71fd70d7ad21b1c91c.jpg,knob_porites,0,0,0,1.0,1.0,,
GPAB3095_jpg.rf.c30fe8fea9a0ca71fd70d7ad21b1c91c.jpg,mounding_,0,193086,0,0.0,0.0,0.0,
GPAB3095_jpg.rf.c30fe8fea9a0ca71fd70d7ad21b1c91c.jpg,oddball,0,62259,0,0.0,0.0,0.0,
GPAB3095_jpg.rf.c30fe8fea9a0ca71fd70d7ad21b1c91c.jpg,pocillopora_,0,25317,0,0.0,0.0,0.0,
GPAB3095_jpg.rf.c30fe8fea9a0ca71fd70d7ad21b1c91c.jpg,table_acropora,0,0,0,1.0,1.0,,
GPAB3096_jpg.rf.a6470fed9e9e1c7e6665b90f39689d33.jpg,branching_acropora,0,0,0,1.0,1.0,,
GPAB3096_jpg.rf.a6470fed9e9e1c7e6665b90f39689d33.jpg,finger_acropora,0,25651,394370,0.0,0.0,0.0,0.0
GPAB3096_jpg.rf.a6470fed9e9e1c7e6665b90f39689d33.jpg,finger_porites,0,0,0,1.0,1.0,,
GPAB3096_jpg.rf.a6470fed9e9e1c7e6665b90f39689d33.jpg,knob_porites,0,0,0,1.0,1.0,,
GPAB3096_jpg.rf.a6470fed9e9e1c7e6665b90f39689d33.jpg,mounding_,0,192054,0,0.0,0.0,0.0,
GPAB3096_jpg.rf.a6470fed9e9e1c7e6665b90f39689d33.jpg,oddball,0,16064,0,0.0,0.0,0.0,
GPAB3096_jpg.rf.a6470fed9e9e1c7e6665b90f39689d33.jpg,pocillopora_,0,32213,0,0.0,0.0,0.0,
GPAB3096_jpg.rf.a6470fed9e9e1c7e6665b90f39689d33.jpg,table_acropora,0,0,0,1.0,1.0,,
GPAB3097_jpg.rf.1d99e8ef816fb9dcb878d24c738e0e5f.jpg,branching_acropora,0,0,0,1.0,1.0,,
GPAB3097_jpg.rf.1d99e8ef816fb9dcb878d24c738e0e5f.jpg,finger_acropora,619771,408451,196,0.6026450334397103,0.7520630218985808,0.6027599098249211,0.9996838541406237
GPAB3097_jpg.rf.1d99e8ef816fb9dcb878d24c738e0e5f.jpg,finger_porites,0,0,0,1.0,1.0,,
GPAB3097_jpg.rf.1d99e8ef816fb9dcb878d24c738e0e5f.jpg,knob_porites,0,0,0,1.0,1.0,,
GPAB3097_jpg.rf.1d99e8ef816fb9dcb878d24c738e0e5f.jpg,mounding_,0,1854,0,0.0,0.0,0.0,
GPAB3097_jpg.rf.1d99e8ef816fb9dcb878d24c738e0e5f.jpg,oddball,0,8984,0,0.0,0.0,0.0,
GPAB3097_jpg.rf.1d99e8ef816fb9dcb878d24c738e0e5f.jpg,pocillopora_,0,9604,0,0.0,0.0,0.0,
GPAB3097_jpg.rf.1d99e8ef816fb9dcb878d24c738e0e5f.jpg,table_acropora,0,0,0,1.0,1.0,,
GPAB3098_jpg.rf.64f8658b6d719daf7a6ca2fc4cd9cecf.jpg,branching_acropora,0,1004,0,0.0,0.0,0.0,
GPAB3098_jpg.rf.64f8658b6d719daf7a6ca2fc4cd9cecf.jpg,finger_acropora,0,0,0,1.0,1.0,,
GPAB3098_jpg.rf.64f8658b6d719daf7a6ca2fc4cd9cecf.jpg,finger_porites,0,0,0,1.0,1.0,,
GPAB3098_jpg.rf.64f8658b6d719daf7a6ca2fc4cd9cecf.jpg,knob_porites,0,0,0,1.0,1.0,,
GPAB3098_jpg.rf.64f8658b6d719daf7a6ca2fc4cd9cecf.jpg,mounding_,0,23041,0,0.0,0.0,0.0,
GPAB3098_jpg.rf.64f8658b6d719daf7a6ca2fc4cd9cecf.jpg,oddball,0,5425,0,0.0,0.0,0.0,
GPAB3098_jpg.rf.64f8658b6d719daf7a6ca2fc4cd9cecf.jpg,pocillopora_,0,29491,0,0.0,0.0,0.0,
GPAB3098_jpg.rf.64f8658b6d719daf7a6ca2fc4cd9cecf.jpg,table_acropora,0,0,0,1.0,1.0,,
GPAB3099_jpg.rf.fd9c504343c7c4aa14009c61fb4860e5.jpg,branching_acropora,0,0,0,1.0,1.0,,
GPAB3099_jpg.rf.fd9c504343c7c4aa14009c61fb4860e5.jpg,finger_acropora,1605,9115,849221,0.001866407113976424,0.0037258602558656183,0.14972014925373134,0.0018864021550822378
GPAB3099_jpg.rf.fd9c504343c7c4aa14009c61fb4860e5.jpg,finger_porites,0,0,0,1.0,1.0,,
GPAB3099_jpg.rf.fd9c504343c7c4aa14009c61fb4860e5.jpg,knob_porites,0,0,0,1.0,1.0,,
GPAB3099_jpg.rf.fd9c504343c7c4aa14009c61fb4860e5.jpg,mounding_,0,80434,0,0.0,0.0,0.0,
GPAB3099_jpg.rf.fd9c504343c7c4aa14009c61fb4860e5.jpg,oddball,0,30143,0,0.0,0.0,0.0,
GPAB3099_jpg.rf.fd9c504343c7c4aa14009c61fb4860e5.jpg,pocillopora_,0,55871,0,0.0,0.0,0.0,
GPAB3099_jpg.rf.fd9c504343c7c4aa14009c61fb4860e5.jpg,table_acropora,0,0,0,1.0,1.0,,
GPAB3100_jpg.rf.e7ec1e1b776eaf06f12dc677181b3f99.jpg,branching_acropora,16927,1368,22773,0.4121700594136554,0.5837399775842745,0.9252254714402842,0.4263727959697733
GPAB3100_jpg.rf.e7ec1e1b776eaf06f12dc677181b3f99.jpg,finger_acropora,5563,0,265876,0.02049447573856373,0.040165774976353964,1.0,0.02049447573856373
GPAB3100_jpg.rf.e7ec1e1b776eaf06f12dc677181b3f99.jpg,finger_porites,0,0,0,1.0,1.0,,
GPAB3100_jpg.rf.e7ec1e1b776eaf06f12dc677181b3f99.jpg,knob_porites,0,0,0,1.0,1.0,,
GPAB3100_jpg.rf.e7ec1e1b776eaf06f12dc677181b3f99.jpg,mounding_,0,57615,0,0.0,0.0,0.0,
GPAB3100_jpg.rf.e7ec1e1b776eaf06f12dc677181b3f99.jpg,oddball,0,26036,0,0.0,0.0,0.0,
GPAB3100_jpg.rf.e7ec1e1b776eaf06f12dc677181b3f99.jpg,pocillopora_,0,14473,0,0.0,0.0,0.0,
GPAB3100_jpg.rf.e7ec1e1b776eaf06f12dc677181b3f99.jpg,table_acropora,0,0,0,1.0,1.0,,
GPAB3101_jpg.rf.b62e7eeebc3c25bf04dbff6c796cb5d3.jpg,branching_acropora,0,0,0,1.0,1.0,,
GPAB3101_jpg.rf.b62e7eeebc3c25bf04dbff6c796cb5d3.jpg,finger_acropora,242126,50461,95733,0.6235218376596622,0.7681101950048062,0.827535057948576,0.7166480691649475
GPAB3101_jpg.rf.b62e7eeebc3c25bf04dbff6c796cb5d3.jpg,finger_porites,0,0,0,1.0,1.0,,
GPAB3101_jpg.rf.b62e7eeebc3c25bf04dbff6c796cb5d3.jpg,knob_porites,57681,2345,566,0.9519573541061527,0.9753874510666002,0.9609335954419751,0.9902827613439319
GPAB3101_jpg.rf.b62e7eeebc3c25bf04dbff6c796cb5d3.jpg,mounding_,5913,1475,1481,0.6667042507610779,0.8000270599377621,0.8003519220357336,0.7997024614552339
GPAB3101_jpg.rf.b62e7eeebc3c25bf04dbff6c796cb5d3.jpg,oddball,0,3227,0,0.0,0.0,0.0,
GPAB3101_jpg.rf.b62e7eeebc3c25bf04dbff6c796cb5d3.jpg,pocillopora_,0,0,0,1.0,1.0,,
GPAB3101_jpg.rf.b62e7eeebc3c25bf04dbff6c796cb5d3.jpg,table_acropora,0,15580,0,0.0,0.0,0.0,
GPAB3102_jpg.rf.474b567b589316cba823bc1f8cfcd7ea.jpg,branching_acropora,0,0,4158,0.0,0.0,,0.0
GPAB3102_jpg.rf.474b567b589316cba823bc1f8cfcd7ea.jpg,finger_acropora,87837,10014,98517,0.44730811537521387,0.618124241304692,0.8976607290676641,0.4713448597829937
GPAB3102_jpg.rf.474b567b589316cba823bc1f8cfcd7ea.jpg,finger_porites,0,198043,0,0.0,0.0,0.0,
GPAB3102_jpg.rf.474b567b589316cba823bc1f8cfcd7ea.jpg,knob_porites,61484,38626,225742,0.18868688852607932,0.31747113617117956,0.6141644191389471,0.21406140112663896
GPAB3102_jpg.rf.474b567b589316cba823bc1f8cfcd7ea.jpg,mounding_,28506,3514,17835,0.5717781566542974,0.7275557994410485,0.8902560899437851,0.6151356250404609
GPAB3102_jpg.rf.474b567b589316cba823bc1f8cfcd7ea.jpg,oddball,0,0,1978,0.0,0.0,,0.0
GPAB3102_jpg.rf.474b567b589316cba823bc1f8cfcd7ea.jpg,pocillopora_,0,3697,0,0.0,0.0,0.0,
GPAB3102_jpg.rf.474b567b589316cba823bc1f8cfcd7ea.jpg,table_acropora,0,43307,0,0.0,0.0,0.0,
GPAB3103_jpg.rf.57b80bcdb3fdddfed29907c8e94f6a12.jpg,branching_acropora,2832,2766,165,0.491410723581468,0.6589877835951135,0.5058949624866024,0.944944944944945
GPAB3103_jpg.rf.57b80bcdb3fdddfed29907c8e94f6a12.jpg,finger_acropora,699,1106,18471,0.03447425527717499,0.0666507747318236,0.38725761772853184,0.03646322378716745
GPAB3103_jpg.rf.57b80bcdb3fdddfed29907c8e94f6a12.jpg,finger_porites,14014,60036,223,0.18868229370026793,0.3174646323920849,0.18925050641458474,0.9843365877642761
GPAB3103_jpg.rf.57b80bcdb3fdddfed29907c8e94f6a12.jpg,knob_porites,34951,3753,125282,0.21313404802849023,0.3513775717940856,0.903033278214138,0.21812610386125206
GPAB3103_jpg.rf.57b80bcdb3fdddfed29907c8e94f6a12.jpg,mounding_,14107,8818,102632,0.11235534458453132,0.2020134035972047,0.6153544165757906,0.12084222068032106
GPAB3103_jpg.rf.57b80bcdb3fdddfed29907c8e94f6a12.jpg,oddball,0,1008,2526,0.0,0.0,0.0,0.0
GPAB3103_jpg.rf.57b80bcdb3fdddfed29907c8e94f6a12.jpg,pocillopora_,0,0,0,1.0,1.0,,
GPAB3103_jpg.rf.57b80bcdb3fdddfed29907c8e94f6a12.jpg,table_acropora,0,7746,0,0.0,0.0,0.0,
GPAB3104_jpg.rf.e80e02c3e101d1c16303a7ca427c6a49.jpg,branching_acropora,0,0,0,1.0,1.0,,
GPAB3104_jpg.rf.e80e02c3e101d1c16303a7ca427c6a49.jpg,finger_acropora,0,0,183,0.0,0.0,,0.0
GPAB3104_jpg.rf.e80e02c3e101d1c16303a7ca427c6a49.jpg,finger_porites,152647,154585,25045,0.4593968285496739,0.629570819344887,0.4968460316633684,0.8590538684915472
GPAB3104_jpg.rf.e80e02c3e101d1c16303a7ca427c6a49.jpg,knob_porites,83652,1684,129051,0.3901915694515059,0.5613493536080848,0.9802662416799475,0.3932807717803698
GPAB3104_jpg.rf.e80e02c3e101d1c16303a7ca427c6a49.jpg,mounding_,0,4990,39654,0.0,0.0,0.0,0.0
GPAB3104_jpg.rf.e80e02c3e101d1c16303a7ca427c6a49.jpg,oddball,0,0,0,1.0,1.0,,
GPAB3104_jpg.rf.e80e02c3e101d1c16303a7ca427c6a49.jpg,pocillopora_,0,0,0,1.0,1.0,,
GPAB3104_jpg.rf.e80e02c3e101d1c16303a7ca427c6a49.jpg,table_acropora,23006,15912,29803,0.3347739410078433,0.5016189344467823,0.5911403463692892,0.43564543922437465
GPAB3114_jpg.rf.a0eef7d84c3db00e2182b17cfb131176.jpg,branching_acropora,47842,4736,3565,0.8521454143882585,0.9201711785353657,0.9099243029403933,0.9306514676989515
GPAB3114_jpg.rf.a0eef7d84c3db00e2182b17cfb131176.jpg,finger_acropora,0,1781,2978,0.0,0.0,0.0,0.0
GPAB3114_jpg.rf.a0eef7d84c3db00e2182b17cfb131176.jpg,finger_porites,23371,193262,6616,0.10468579926449839,0.18953045170707972,0.10788291719174825,0.7793710607930103
GPAB3114_jpg.rf.a0eef7d84c3db00e2182b17cfb131176.jpg,knob_porites,16923,2956,246025,0.06364326975148926,0.11967032850470428,0.8513003672216912,0.064358732525062
GPAB3114_jpg.rf.a0eef7d84c3db00e2182b17cfb131176.jpg,mounding_,0,0,13500,0.0,0.0,,0.0
GPAB3114_jpg.rf.a0eef7d84c3db00e2182b17cfb131176.jpg,oddball,0,0,5971,0.0,0.0,,0.0
GPAB3114_jpg.rf.a0eef7d84c3db00e2182b17cfb131176.jpg,pocillopora_,0,0,0,1.0,1.0,,
GPAB3114_jpg.rf.a0eef7d84c3db00e2182b17cfb131176.jpg,table_acropora,0,0,0,1.0,1.0,,
GPAB3115_jpg.rf.66786619ec5b1d81981d8d1dcbacae6b.jpg,branching_acropora,5165,85,2778,0.6433731938216243,0.7829909800651861,0.9838095238095238,0.6502580888832935
GPAB3115_jpg.rf.66786619ec5b1d81981d8d1dcbacae6b.jpg,finger_acropora,0,0,1439,0.0,0.0,,0.0
GPAB3115_jpg.rf.66786619ec5b1d81981d8d1dcbacae6b.jpg,finger_porites,20660,160599,1260,0.1131936949029964,0.20336747400075794,0.11398054717283004,0.9425182481751825
GPAB3115_jpg.rf.66786619ec5b1d81981d8d1dcbacae6b.jpg,knob_porites,397895,10886,217962,0.6348614982536702,0.7766547795416527,0.9733696037731695,0.6460834252107226
GPAB3115_jpg.rf.66786619ec5b1d81981d8d1dcbacae6b.jpg,mounding_,285,2210,20814,0.012227036766914067,0.024158684411291008,0.11422845691382766,0.013507749182425708
GPAB3115_jpg.rf.66786619ec5b1d81981d8d1dcbacae6b.jpg,oddball,0,0,13552,0.0,0.0,,0.0
GPAB3115_jpg.rf.66786619ec5b1d81981d8d1dcbacae6b.jpg,pocillopora_,0,0,100,0.0,0.0,,0.0
GPAB3115_jpg.rf.66786619ec5b1d81981d8d1dcbacae6b.jpg,table_acropora,0,0,0,1.0,1.0,,
GPAB3116_jpg.rf.ed8a4389d5c8493ac5b2c1d64f48a03b.jpg,branching_acropora,148428,5548,8045,0.916103468068954,0.9562150304880995,0.9639684106614018,0.9485853789471667
GPAB3116_jpg.rf.ed8a4389d5c8493ac5b2c1d64f48a03b.jpg,finger_acropora,15043,3268,7296,0.5874565548482836,0.7401230012300123,0.8215280432526897,0.6733963024307266
GPAB3116_jpg.rf.ed8a4389d5c8493ac5b2c1d64f48a03b.jpg,finger_porites,33927,191149,4632,0.14769620561756666,0.25737857264778957,0.15073575147950025,0.8798724033299619
GPAB3116_jpg.rf.ed8a4389d5c8493ac5b2c1d64f48a03b.jpg,knob_porites,4,7586,229382,1.687963134885134e-05,3.3758692863412326e-05,0.0005270092226613965,1.7437855841245762e-05
GPAB3116_jpg.rf.ed8a4389d5c8493ac5b2c1d64f48a03b.jpg,mounding_,2309,1212,2585,0.37815263675073696,0.5487819370172311,0.6557796080658904,0.4718022067838169
GPAB3116_jpg.rf.ed8a4389d5c8493ac5b2c1d64f48a03b.jpg,oddball,0,0,1324,0.0,0.0,,0.0
GPAB3116_jpg.rf.ed8a4389d5c8493ac5b2c1d64f48a03b.jpg,pocillopora_,0,0,0,1.0,1.0,,
GPAB3116_jpg.rf.ed8a4389d5c8493ac5b2c1d64f48a03b.jpg,table_acropora,0,0,0,1.0,1.0,,
GPAB3117_jpg.rf.48324a5515ea6a6df152c7f05a2f131c.jpg,branching_acropora,102849,6059,6886,0.8882066428312347,0.9407938969004267,0.9443658868035406,0.9372488267189137
GPAB3117_jpg.rf.48324a5515ea6a6df152c7f05a2f131c.jpg,finger_acropora,54664,3630,31750,0.6070809826307139,0.7555076429775824,0.937729440422685,0.6325826833614924
GPAB3117_jpg.rf.48324a5515ea6a6df152c7f05a2f131c.jpg,finger_porites,0,0,0,1.0,1.0,,
GPAB3117_jpg.rf.48324a5515ea6a6df152c7f05a2f131c.jpg,knob_porites,14219,196,1153,0.9133478931140802,0.9547117870211838,0.9864030523759972,0.9249934946656259
GPAB3117_jpg.rf.48324a5515ea6a6df152c7f05a2f131c.jpg,mounding_,35332,3130,11512,0.7070076439748669,0.8283590837690198,0.9186209765482815,0.754248142771753
GPAB3117_jpg.rf.48324a5515ea6a6df152c7f05a2f131c.jpg,oddball,0,3856,1069,0.0,0.0,0.0,0.0
GPAB3117_jpg.rf.48324a5515ea6a6df152c7f05a2f131c.jpg,pocillopora_,0,1197,704,0.0,0.0,0.0,0.0
GPAB3117_jpg.rf.48324a5515ea6a6df152c7f05a2f131c.jpg,table_acropora,0,0,0,1.0,1.0,,
GPAB3118_jpg.rf.57920e1593dd8f883f267a8dc21b88b2.jpg,branching_acropora,73158,4247,204474,0.2595368934897598,0.4121147936693922,0.9451327433628318,0.26350708852005533
GPAB3118_jpg.rf.57920e1593dd8f883f267a8dc21b88b2.jpg,finger_acropora,134209,16623,187408,0.39678630558183536,0.5681417465165552,0.8897912909727379,0.4172944838114901
GPAB3118_jpg.rf.57920e1593dd8f883f267a8dc21b88b2.jpg,finger_porites,447,63206,17113,0.005534507094569497,0.011008089837833844,0.00702244984525474,0.025455580865603646
GPAB3118_jpg.rf.57920e1593dd8f883f267a8dc21b88b2.jpg,knob_porites,0,0,8775,0.0,0.0,,0.0
GPAB3118_jpg.rf.57920e1593dd8f883f267a8dc21b88b2.jpg,mounding_,0,0,2519,0.0,0.0,,0.0
GPAB3118_jpg.rf.57920e1593dd8f883f267a8dc21b88b2.jpg,oddball,0,0,5591,0.0,0.0,,0.0
GPAB3118_jpg.rf.57920e1593dd8f883f267a8dc21b88b2.jpg,pocillopora_,0,2229,0,0.0,0.0,0.0,
GPAB3118_jpg.rf.57920e1593dd8f883f267a8dc21b88b2.jpg,table_acropora,8412,104796,145,0.07421065168103182,0.13816778220342463,0.0743057027771889,0.9830548089283627
GPAB3119_jpg.rf.1eb13bc3f53bc0650f9acc7db755b399.jpg,branching_acropora,70458,17353,61154,0.4729835867485651,0.6422116186543799,0.8023823894500689,0.5353463210041638
GPAB3119_jpg.rf.1eb13bc3f53bc0650f9acc7db755b399.jpg,finger_acropora,76846,13981,55970,0.5234848123599256,0.6872202572850481,0.8460700012110937,0.578589928924226
GPAB3119_jpg.rf.1eb13bc3f53bc0650f9acc7db755b399.jpg,finger_porites,0,139812,0,0.0,0.0,0.0,
GPAB3119_jpg.rf.1eb13bc3f53bc0650f9acc7db755b399.jpg,knob_porites,1958,106,158086,0.01222603808929129,0.024156735016162063,0.9486434108527132,0.012234135612706505
GPAB3119_jpg.rf.1eb13bc3f53bc0650f9acc7db755b399.jpg,mounding_,43340,2220,25947,0.6060945082299635,0.7547432671293112,0.9512730465320457,0.6255141657165125
GPAB3119_jpg.rf.1eb13bc3f53bc0650f9acc7db755b399.jpg,oddball,0,4942,0,0.0,0.0,0.0,
GPAB3119_jpg.rf.1eb13bc3f53bc0650f9acc7db755b399.jpg,pocillopora_,0,1279,0,0.0,0.0,0.0,
GPAB3119_jpg.rf.1eb13bc3f53bc0650f9acc7db755b399.jpg,table_acropora,0,0,0,1.0,1.0,,
GPAB3120_jpg.rf.5603d780549b726b1d30303f98c1122b.jpg,branching_acropora,30972,3027,194621,0.1354737118362348,0.23862060464112916,0.9109679696461661,0.13729149397366053
GPAB3120_jpg.rf.5603d780549b726b1d30303f98c1122b.jpg,finger_acropora,213727,19824,110949,0.6203976777939042,0.7657350862641901,0.9151191816776636,0.6582777907821952
GPAB3120_jpg.rf.5603d780549b726b1d30303f98c1122b.jpg,finger_porites,0,0,0,1.0,1.0,,
GPAB3120_jpg.rf.5603d780549b726b1d30303f98c1122b.jpg,knob_porites,0,0,7957,0.0,0.0,,0.0
GPAB3120_jpg.rf.5603d780549b726b1d30303f98c1122b.jpg,mounding_,3178,486,242,0.8136200716845878,0.8972332015810277,0.86735807860262,0.9292397660818713
GPAB3120_jpg.rf.5603d780549b726b1d30303f98c1122b.jpg,oddball,0,0,0,1.0,1.0,,
GPAB3120_jpg.rf.5603d780549b726b1d30303f98c1122b.jpg,pocillopora_,0,16160,0,0.0,0.0,0.0,
GPAB3120_jpg.rf.5603d780549b726b1d30303f98c1122b.jpg,table_acropora,0,0,0,1.0,1.0,,
GPAB3121_jpg.rf.1b45c081583cecc29304e3ac5124201e.jpg,branching_acropora,0,4501,0,0.0,0.0,0.0,
GPAB3121_jpg.rf.1b45c081583cecc29304e3ac5124201e.jpg,finger_acropora,25104,10888,26577,0.40122105195863766,0.5726734570506313,0.6974883307401645,0.4857491147617113
GPAB3121_jpg.rf.1b45c081583cecc29304e3ac5124201e.jpg,finger_porites,0,33433,10902,0.0,0.0,0.0,0.0
GPAB3121_jpg.rf.1b45c081583cecc29304e3ac5124201e.jpg,knob_porites,0,0,56055,0.0,0.0,,0.0
GPAB3121_jpg.rf.1b45c081583cecc29304e3ac5124201e.jpg,mounding_,1000,66,1819,0.3466204506065858,0.5148005148005148,0.9380863039399625,0.35473572188719404
GPAB3121_jpg.rf.1b45c081583cecc29304e3ac5124201e.jpg,oddball,0,0,8797,0.0,0.0,,0.0
GPAB3121_jpg.rf.1b45c081583cecc29304e3ac5124201e.jpg,pocillopora_,0,1534,0,0.0,0.0,0.0,
GPAB3121_jpg.rf.1b45c081583cecc29304e3ac5124201e.jpg,table_acropora,0,6918,0,0.0,0.0,0.0,
GPAB3122_jpg.rf.dfef5ccb273d37124bbe24778f8a3383.jpg,branching_acropora,0,0,0,1.0,1.0,,
GPAB3122_jpg.rf.dfef5ccb273d37124bbe24778f8a3383.jpg,finger_acropora,39599,2087,1395,0.9191755066038393,0.957885824866957,0.9499352300532553,0.9659706298482704
GPAB3122_jpg.rf.dfef5ccb273d37124bbe24778f8a3383.jpg,finger_porites,0,0,0,1.0,1.0,,
GPAB3122_jpg.rf.dfef5ccb273d37124bbe24778f8a3383.jpg,knob_porites,0,0,0,1.0,1.0,,
GPAB3122_jpg.rf.dfef5ccb273d37124bbe24778f8a3383.jpg,mounding_,0,2992,0,0.0,0.0,0.0,
GPAB3122_jpg.rf.dfef5ccb273d37124bbe24778f8a3383.jpg,oddball,0,0,0,1.0,1.0,,
GPAB3122_jpg.rf.dfef5ccb273d37124bbe24778f8a3383.jpg,pocillopora_,0,0,0,1.0,1.0,,
GPAB3122_jpg.rf.dfef5ccb273d37124bbe24778f8a3383.jpg,table_acropora,94023,445,633094,0.12923022367853187,0.22888197812764352,0.9952894101706398,0.12930931335672252
GPAB3123_jpg.rf.0e78506e475476935d0cdd5fd34e42bc.jpg,branching_acropora,0,0,0,1.0,1.0,,
GPAB3123_jpg.rf.0e78506e475476935d0cdd5fd34e42bc.jpg,finger_acropora,67060,10358,83137,0.4176761857307465,0.5892406036509017,0.8662068252861091,0.44648028922015753
GPAB3123_jpg.rf.0e78506e475476935d0cdd5fd34e42bc.jpg,finger_porites,0,45714,34850,0.0,0.0,0.0,0.0
GPAB3123_jpg.rf.0e78506e475476935d0cdd5fd34e42bc.jpg,knob_porites,68477,8570,57656,0.5083554189587463,0.6740525642287627,0.8887691928303503,0.5428951979259987
GPAB3123_jpg.rf.0e78506e475476935d0cdd5fd34e42bc.jpg,mounding_,0,5147,602,0.0,0.0,0.0,0.0
GPAB3123_jpg.rf.0e78506e475476935d0cdd5fd34e42bc.jpg,oddball,1488,85,1344,0.5101131299280083,0.6755959137343928,0.9459631277813096,0.5254237288135594
GPAB3123_jpg.rf.0e78506e475476935d0cdd5fd34e42bc.jpg,pocillopora_,0,0,0,1.0,1.0,,
GPAB3123_jpg.rf.0e78506e475476935d0cdd5fd34e42bc.jpg,table_acropora,5964,8726,29,0.4051905700115497,0.5767055069380651,0.40599046970728386,0.9951610211913899
GPAB3124_jpg.rf.261f7fde12c4e7185009978cb8d41d5e.jpg,branching_acropora,30285,9741,2343,0.7147914748991008,0.8336774300107358,0.7566331884275221,0.9281905112173593
GPAB3124_jpg.rf.261f7fde12c4e7185009978cb8d41d5e.jpg,finger_acropora,12886,13478,41549,0.1897427591182837,0.3189643436181141,0.48877256865422547,0.23672269679434188
GPAB3124_jpg.rf.261f7fde12c4e7185009978cb8d41d5e.jpg,finger_porites,35466,201585,47346,0.12470595681389045,0.22175743990395888,0.14961337433716795,0.42827126503405305
GPAB3124_jpg.rf.261f7fde12c4e7185009978cb8d41d5e.jpg,knob_porites,61126,27027,241783,0.18526623345133603,0.3126153909098813,0.6934080519097479,0.201796579170642
GPAB3124_jpg.rf.261f7fde12c4e7185009978cb8d41d5e.jpg,mounding_,1177,1134,7133,0.1246293943244388,0.2216363807551078,0.5093033318909563,0.14163658243080626
GPAB3124_jpg.rf.261f7fde12c4e7185009978cb8d41d5e.jpg,oddball,1192,3376,5766,0.11534739694213277,0.20683671698768002,0.2609457092819615,0.17131359586087958
GPAB3124_jpg.rf.261f7fde12c4e7185009978cb8d41d5e.jpg,pocillopora_,0,0,3298,0.0,0.0,,0.0
GPAB3124_jpg.rf.261f7fde12c4e7185009978cb8d41d5e.jpg,table_acropora,0,16091,0,0.0,0.0,0.0,
GPAB3125_jpg.rf.cdb4c107b0c18a67d6336053f841f63c.jpg,branching_acropora,93301,4670,14221,0.8316190102681118,0.9080698612604808,0.9523328331853304,0.8677386953367683
GPAB3125_jpg.rf.cdb4c107b0c18a67d6336053f841f63c.jpg,finger_acropora,20597,5227,29523,0.3721430249155329,0.542425998103866,0.7975913878562577,0.4109537110933759
GPAB3125_jpg.rf.cdb4c107b0c18a67d6336053f841f63c.jpg,finger_porites,0,180679,5407,0.0,0.0,0.0,0.0
GPAB3125_jpg.rf.cdb4c107b0c18a67d6336053f841f63c.jpg,knob_porites,89928,14084,199550,0.29624261271173596,0.45707896007522425,0.8645925470138061,0.3106557320418132
GPAB3125_jpg.rf.cdb4c107b0c18a67d6336053f841f63c.jpg,mounding_,18007,2785,4019,0.7257667969852082,0.841094866644869,0.8660542516352443,0.8175338236629438
GPAB3125_jpg.rf.cdb4c107b0c18a67d6336053f841f63c.jpg,oddball,0,0,0,1.0,1.0,,
GPAB3125_jpg.rf.cdb4c107b0c18a67d6336053f841f63c.jpg,pocillopora_,0,1089,0,0.0,0.0,0.0,
GPAB3125_jpg.rf.cdb4c107b0c18a67d6336053f841f63c.jpg,table_acropora,20499,10881,12071,0.4717728015465697,0.6410946051602815,0.6532504780114723,0.6293828676696346
GPAB3126_jpg.rf.7f2a9644a452c8bf6f9b43429e1cf1ca.jpg,branching_acropora,322347,12374,17595,0.9149371586870877,0.9555793040377196,0.9630318982077611,0.9482411705526237
GPAB3126_jpg.rf.7f2a9644a452c8bf6f9b43429e1cf1ca.jpg,finger_acropora,3678,109,53228,0.0645093396474612,0.1212001384014631,0.9712173224188012,0.06463290338452887
GPAB3126_jpg.rf.7f2a9644a452c8bf6f9b43429e1cf1ca.jpg,finger_porites,0,162678,3321,0.0,0.0,0.0,0.0
GPAB3126_jpg.rf.7f2a9644a452c8bf6f9b43429e1cf1ca.jpg,knob_porites,7346,311,217880,0.0325711524051486,0.0630874731088143,0.9593835705890035,0.03261612780052037
GPAB3126_jpg.rf.7f2a9644a452c8bf6f9b43429e1cf1ca.jpg,mounding_,0,0,404,0.0,0.0,,0.0
GPAB3126_jpg.rf.7f2a9644a452c8bf6f9b43429e1cf1ca.jpg,oddball,0,0,0,1.0,1.0,,
GPAB3126_jpg.rf.7f2a9644a452c8bf6f9b43429e1cf1ca.jpg,pocillopora_,0,0,0,1.0,1.0,,
GPAB3126_jpg.rf.7f2a9644a452c8bf6f9b43429e1cf1ca.jpg,table_acropora,0,2405,0,0.0,0.0,0.0,
GPAB3127_jpg.rf.a33eb97ca070a71c354688a5df3fe396.jpg,branching_acropora,134018,1099,3806,0.9646926714798846,0.9820290832084589,0.9918663084585951,0.9723850708149524
GPAB3127_jpg.rf.a33eb97ca070a71c354688a5df3fe396.jpg,finger_acropora,33303,2320,24844,0.5507632262225677,0.7103124666737762,0.9348735367599584,0.5727380604330404
GPAB3127_jpg.rf.a33eb97ca070a71c354688a5df3fe396.jpg,finger_porites,146595,13342,31630,0.7652414037908408,0.8670104860983788,0.9165796532384627,0.8225277037452658
GPAB3127_jpg.rf.a33eb97ca070a71c354688a5df3fe396.jpg,knob_porites,48716,4045,22078,0.650944026510242,0.7885718910606613,0.9233335228672693,0.6881374127750939
GPAB3127_jpg.rf.a33eb97ca070a71c354688a5df3fe396.jpg,mounding_,0,0,1682,0.0,0.0,,0.0
GPAB3127_jpg.rf.a33eb97ca070a71c354688a5df3fe396.jpg,oddball,0,0,2843,0.0,0.0,,0.0
GPAB3127_jpg.rf.a33eb97ca070a71c354688a5df3fe396.jpg,pocillopora_,0,0,0,1.0,1.0,,
GPAB3127_jpg.rf.a33eb97ca070a71c354688a5df3fe396.jpg,table_acropora,0,1274,0,0.0,0.0,0.0,
GPAB3128_jpg.rf.9c417291ab540802a566e82e730a3fa4.jpg,branching_acropora,0,0,0,1.0,1.0,,
GPAB3128_jpg.rf.9c417291ab540802a566e82e730a3fa4.jpg,finger_acropora,3323,828,48522,0.06308735025534903,0.11868704907493392,0.8005299927728258,0.0640948982544122
GPAB3128_jpg.rf.9c417291ab540802a566e82e730a3fa4.jpg,finger_porites,201978,372,6165,0.968649737428962,0.984075246106511,0.9981616011860638,0.9703809400268085
GPAB3128_jpg.rf.9c417291ab540802a566e82e730a3fa4.jpg,knob_porites,10858,1130,4247,0.6688019710502002,0.8015354519617613,0.905739072405739,0.7188348229063224
GPAB3128_jpg.rf.9c417291ab540802a566e82e730a3fa4.jpg,mounding_,42,4065,5039,0.004592171441067133,0.00914235959947758,0.010226442658875092,0.008266089352489667
GPAB3128_jpg.rf.9c417291ab540802a566e82e730a3fa4.jpg,oddball,1617,26,2306,0.40947075208913647,0.5810276679841897,0.9841752891052952,0.412184552638287
GPAB3128_jpg.rf.9c417291ab540802a566e82e730a3fa4.jpg,pocillopora_,0,0,0,1.0,1.0,,
GPAB3128_jpg.rf.9c417291ab540802a566e82e730a3fa4.jpg,table_acropora,0,5550,0,0.0,0.0,0.0,
GPAB3140_jpg.rf.3474ae4fcf56e867239b0fa23c90c845.jpg,branching_acropora,0,0,0,1.0,1.0,,
GPAB3140_jpg.rf.3474ae4fcf56e867239b0fa23c90c845.jpg,finger_acropora,0,0,9613,0.0,0.0,,0.0
GPAB3140_jpg.rf.3474ae4fcf56e867239b0fa23c90c845.jpg,finger_porites,4224,192091,9636,0.02050973289763099,0.04019507553229452,0.021516440414639737,0.3047619047619048
GPAB3140_jpg.rf.3474ae4fcf56e867239b0fa23c90c845.jpg,knob_porites,55468,17427,285400,0.1548109797792322,0.26811483868784786,0.7609301049454695,0.16272574721006372
GPAB3140_jpg.rf.3474ae4fcf56e867239b0fa23c90c845.jpg,mounding_,14481,845,5518,0.6947322970639033,0.8198726114649681,0.9448649354038888,0.7240862043102155
GPAB3140_jpg.rf.3474ae4fcf56e867239b0fa23c90c845.jpg,oddball,0,0,898,0.0,0.0,,0.0
GPAB3140_jpg.rf.3474ae4fcf56e867239b0fa23c90c845.jpg,pocillopora_,0,0,0,1.0,1.0,,
GPAB3140_jpg.rf.3474ae4fcf56e867239b0fa23c90c845.jpg,table_acropora,155674,4503,277,0.9702095304573274,0.9848795424638122,0.9718873496194834,0.9982238010657194
GPAB3141_jpg.rf.496a8f719ffca8981eff66e05d24afae.jpg,branching_acropora,15574,3100,847,0.7978074893704216,0.8875338367288788,0.8339937881546535,0.9484197064734182
GPAB3141_jpg.rf.496a8f719ffca8981eff66e05d24afae.jpg,finger_acropora,9457,2489,35223,0.2004918484597935,0.33401617631476704,0.7916457391595513,0.2116606982990152
GPAB3141_jpg.rf.496a8f719ffca8981eff66e05d24afae.jpg,finger_porites,167913,91912,14141,0.6128972208230218,0.759995383351551,0.6462542095641297,0.9223252441583266
GPAB3141_jpg.rf.496a8f719ffca8981eff66e05d24afae.jpg,knob_porites,35338,23072,159730,0.16199688273585772,0.2788249867838629,0.6049991439821948,0.18115734000451125
GPAB3141_jpg.rf.496a8f719ffca8981eff66e05d24afae.jpg,mounding_,1613,533,4970,0.22667228780213602,0.36957268873868715,0.7516309412861137,0.2450250645602309
GPAB3141_jpg.rf.496a8f719ffca8981eff66e05d24afae.jpg,oddball,0,0,7557,0.0,0.0,,0.0
GPAB3141_jpg.rf.496a8f719ffca8981eff66e05d24afae.jpg,pocillopora_,0,0,0,1.0,1.0,,
GPAB3141_jpg.rf.496a8f719ffca8981eff66e05d24afae.jpg,table_acropora,82517,3225,5021,0.9091480008373456,0.9524122807017544,0.9623871614844534,0.9426420525943019
GPAB3142_jpg.rf.47763a8ac2730698e4e7bffda081cd94.jpg,branching_acropora,9463,2418,1764,0.6935141077317699,0.8190237147308291,0.7964817776281458,0.8428787743831834
GPAB3142_jpg.rf.47763a8ac2730698e4e7bffda081cd94.jpg,finger_acropora,13545,4597,55751,0.18330559051601641,0.3098195292664517,0.7466100760665858,0.19546582775340568
GPAB3142_jpg.rf.47763a8ac2730698e4e7bffda081cd94.jpg,finger_porites,0,41526,22862,0.0,0.0,0.0,0.0
GPAB3142_jpg.rf.47763a8ac2730698e4e7bffda081cd94.jpg,knob_porites,98825,3890,287402,0.2533214394655962,0.4042401757263643,0.9621282188580051,0.2558728416190479
GPAB3142_jpg.rf.47763a8ac2730698e4e7bffda081cd94.jpg,mounding_,634,3415,11486,0.04081107177341487,0.07842167109901664,0.15658187206717708,0.05231023102310231
GPAB3142_jpg.rf.47763a8ac2730698e4e7bffda081cd94.jpg,oddball,2349,77,14080,0.14231188658669575,0.24916467780429594,0.9682605111294311,0.14297887881185709
GPAB3142_jpg.rf.47763a8ac2730698e4e7bffda081cd94.jpg,pocillopora_,0,0,0,1.0,1.0,,
GPAB3142_jpg.rf.47763a8ac2730698e4e7bffda081cd94.jpg,table_acropora,1824,3360,1338,0.2796688132474701,0.4370956146657081,0.35185185185185186,0.5768500948766604
GPAB3143_jpg.rf.9fc36c71d76476227a44163b79392c05.jpg,branching_acropora,89979,49594,2025,0.635453890591675,0.777097898323236,0.6446733967171301,0.9779900873875049
GPAB3143_jpg.rf.9fc36c71d76476227a44163b79392c05.jpg,finger_acropora,53894,6205,78859,0.38784380892068104,0.558915645157945,0.8967536897452537,0.4059719930999676
GPAB3143_jpg.rf.9fc36c71d76476227a44163b79392c05.jpg,finger_porites,0,58452,0,0.0,0.0,0.0,
GPAB3143_jpg.rf.9fc36c71d76476227a44163b79392c05.jpg,knob_porites,148329,7763,117048,0.5430511825437505,0.7038667138033877,0.9502665094944007,0.5589369086243344
GPAB3143_jpg.rf.9fc36c71d76476227a44163b79392c05.jpg,mounding_,0,0,13269,0.0,0.0,,0.0
GPAB3143_jpg.rf.9fc36c71d76476227a44163b79392c05.jpg,oddball,0,3256,3949,0.0,0.0,0.0,0.0
GPAB3143_jpg.rf.9fc36c71d76476227a44163b79392c05.jpg,pocillopora_,0,0,588,0.0,0.0,,0.0
GPAB3143_jpg.rf.9fc36c71d76476227a44163b79392c05.jpg,table_acropora,112326,11884,52598,0.6352993077236324,0.7769822988648861,0.9043233234039127,0.6810773447163542
GPAB3144_jpg.rf.a2b5b1860a1a0c32d5417f89d91114ef.jpg,branching_acropora,0,0,0,1.0,1.0,,
GPAB3144_jpg.rf.a2b5b1860a1a0c32d5417f89d91114ef.jpg,finger_acropora,85192,7231,111596,0.4175689519113416,0.5891338849490511,0.9217618990943812,0.4329125759700795
GPAB3144_jpg.rf.a2b5b1860a1a0c32d5417f89d91114ef.jpg,finger_porites,0,185871,6059,0.0,0.0,0.0,0.0
GPAB3144_jpg.rf.a2b5b1860a1a0c32d5417f89d91114ef.jpg,knob_porites,7372,4282,334091,0.021322072625779113,0.04175386628228038,0.6325725072936331,0.0215894547871951
GPAB3144_jpg.rf.a2b5b1860a1a0c32d5417f89d91114ef.jpg,mounding_,4653,121,3218,0.5822072072072072,0.7359430604982207,0.9746543778801844,0.5911574132892898
GPAB3144_jpg.rf.a2b5b1860a1a0c32d5417f89d91114ef.jpg,oddball,16578,275,17854,0.47765580430460713,0.6465048259725066,0.983682430427817,0.4814707249070632
GPAB3144_jpg.rf.a2b5b1860a1a0c32d5417f89d91114ef.jpg,pocillopora_,0,0,0,1.0,1.0,,
GPAB3144_jpg.rf.a2b5b1860a1a0c32d5417f89d91114ef.jpg,table_acropora,51511,60834,71140,0.28073684497370355,0.4383989514715144,0.45850727669233166,0.4199802692191666
GPAB3145_jpg.rf.60b0ade51bedfe79a34ae3c4cb01ef63.jpg,branching_acropora,0,0,0,1.0,1.0,,
GPAB3145_jpg.rf.60b0ade51bedfe79a34ae3c4cb01ef63.jpg,finger_acropora,53921,8403,26498,0.607068068721713,0.7554976426164506,0.8651723252679545,0.6705007523097776
GPAB3145_jpg.rf.60b0ade51bedfe79a34ae3c4cb01ef63.jpg,finger_porites,0,16748,7641,0.0,0.0,0.0,0.0
GPAB3145_jpg.rf.60b0ade51bedfe79a34ae3c4cb01ef63.jpg,knob_porites,53561,15675,67752,0.3909904517183987,0.5621756083736992,0.7736004390779363,0.4415108026345074
GPAB3145_jpg.rf.60b0ade51bedfe79a34ae3c4cb01ef63.jpg,mounding_,957,176,8504,0.0993047628930165,0.18066830281291296,0.8446601941747572,0.101152098086883
GPAB3145_jpg.rf.60b0ade51bedfe79a34ae3c4cb01ef63.jpg,oddball,0,0,6122,0.0,0.0,,0.0
GPAB3145_jpg.rf.60b0ade51bedfe79a34ae3c4cb01ef63.jpg,pocillopora_,0,0,0,1.0,1.0,,
GPAB3145_jpg.rf.60b0ade51bedfe79a34ae3c4cb01ef63.jpg,table_acropora,14237,67453,1178,0.1718033499058744,0.29322897894032235,0.1742808177255478,0.9235809276678559
GPAB3147_jpg.rf.08712d02692fd16b9c2191bf24d63a26.jpg,branching_acropora,0,0,0,1.0,1.0,,
GPAB3147_jpg.rf.08712d02692fd16b9c2191bf24d63a26.jpg,finger_acropora,24446,787,181105,0.11847551105467728,0.21185177481974488,0.9688106844211944,0.11892912221297877
GPAB3147_jpg.rf.08712d02692fd16b9c2191bf24d63a26.jpg,finger_porites,0,143091,19116,0.0,0.0,0.0,0.0
GPAB3147_jpg.rf.08712d02692fd16b9c2191bf24d63a26.jpg,knob_porites,0,0,56944,0.0,0.0,,0.0
GPAB3147_jpg.rf.08712d02692fd16b9c2191bf24d63a26.jpg,mounding_,0,28397,3022,0.0,0.0,0.0,0.0
GPAB3147_jpg.rf.08712d02692fd16b9c2191bf24d63a26.jpg,oddball,4516,34,5691,0.44097256127331314,0.6120485193467506,0.9925274725274725,0.4424414617419418
GPAB3147_jpg.rf.08712d02692fd16b9c2191bf24d63a26.jpg,pocillopora_,0,0,0,1.0,1.0,,
GPAB3147_jpg.rf.08712d02692fd16b9c2191bf24d63a26.jpg,table_acropora,30618,24750,107356,0.18815909146776136,0.3167237330740346,0.5529908972691807,0.22191137460680999
GPAB3148_jpg.rf.215b32be1c7c28f0b92ea81efb374979.jpg,branching_acropora,0,0,0,1.0,1.0,,
GPAB3148_jpg.rf.215b32be1c7c28f0b92ea81efb374979.jpg,finger_acropora,34628,9551,90623,0.2568804617142179,0.4087587794369356,0.7838113130672945,0.27646885054809944
GPAB3148_jpg.rf.215b32be1c7c28f0b92ea81efb374979.jpg,finger_porites,0,72478,0,0.0,0.0,0.0,
GPAB3148_jpg.rf.215b32be1c7c28f0b92ea81efb374979.jpg,knob_porites,3100,498,71346,0.041364218616567035,0.079442365844908,0.8615897720956087,0.041640920935980444
GPAB3148_jpg.rf.215b32be1c7c28f0b92ea81efb374979.jpg,mounding_,6539,239,8331,0.4327884042623602,0.604120473022912,0.9647388610209501,0.4397444519166106
GPAB3148_jpg.rf.215b32be1c7c28f0b92ea81efb374979.jpg,oddball,0,0,11181,0.0,0.0,,0.0
GPAB3148_jpg.rf.215b32be1c7c28f0b92ea81efb374979.jpg,pocillopora_,0,0,0,1.0,1.0,,
GPAB3148_jpg.rf.215b32be1c7c28f0b92ea81efb374979.jpg,table_acropora,21828,17351,7051,0.47216093445814405,0.6414528784272239,0.5571351999795809,0.7558433463762596
GPAB3149_jpg.rf.b85de5970d00d2f79e110927d0172e6e.jpg,branching_acropora,10411,1543,1150,0.7944902319902319,0.8854773548798639,0.8709218671574368,0.9005276360176455
GPAB3149_jpg.rf.b85de5970d00d2f79e110927d0172e6e.jpg,finger_acropora,146483,11638,78266,0.6196745167881482,0.7651840050147569,0.9263981381347196,0.6517626329816818
GPAB3149_jpg.rf.b85de5970d00d2f79e110927d0172e6e.jpg,finger_porites,0,0,668,0.0,0.0,,0.0
GPAB3149_jpg.rf.b85de5970d00d2f79e110927d0172e6e.jpg,knob_porites,66908,1433,12039,0.8323961184374222,0.9085329422627777,0.9790316208425396,0.8475052883580123
GPAB3149_jpg.rf.b85de5970d00d2f79e110927d0172e6e.jpg,mounding_,0,0,2045,0.0,0.0,,0.0
GPAB3149_jpg.rf.b85de5970d00d2f79e110927d0172e6e.jpg,oddball,18327,2562,9709,0.5989607163866919,0.7491875319366377,0.8773517162142754,0.6536952489656156
GPAB3149_jpg.rf.b85de5970d00d2f79e110927d0172e6e.jpg,pocillopora_,0,0,0,1.0,1.0,,
GPAB3149_jpg.rf.b85de5970d00d2f79e110927d0172e6e.jpg,table_acropora,0,18163,0,0.0,0.0,0.0,
GPAB3150_jpg.rf.6c8b56def24a487f2d90b80b7048e1f4.jpg,branching_acropora,35444,3269,36086,0.47385660236099414,0.6430158830946182,0.9155580812646914,0.49551237243114776
GPAB3150_jpg.rf.6c8b56def24a487f2d90b80b7048e1f4.jpg,finger_acropora,281609,72822,97712,0.6228317147451138,0.7675863234444336,0.7945382881294244,0.742402872501127
GPAB3150_jpg.rf.6c8b56def24a487f2d90b80b7048e1f4.jpg,finger_porites,0,0,0,1.0,1.0,,
GPAB3150_jpg.rf.6c8b56def24a487f2d90b80b7048e1f4.jpg,knob_porites,0,0,0,1.0,1.0,,
GPAB3150_jpg.rf.6c8b56def24a487f2d90b80b7048e1f4.jpg,mounding_,0,2381,0,0.0,0.0,0.0,
GPAB3150_jpg.rf.6c8b56def24a487f2d90b80b7048e1f4.jpg,oddball,1998,59,502,0.7807737397420867,0.8768926925608953,0.9713174526008751,0.7992
GPAB3150_jpg.rf.6c8b56def24a487f2d90b80b7048e1f4.jpg,pocillopora_,0,0,0,1.0,1.0,,
GPAB3150_jpg.rf.6c8b56def24a487f2d90b80b7048e1f4.jpg,table_acropora,106474,21722,8265,0.7802522332388008,0.8765636898758927,0.8305563356110955,0.9279669510802778
GPAB3151_jpg.rf.2c56a82516e6b16eb781cce5002c00e2.jpg,branching_acropora,430612,29540,17936,0.9006961061561888,0.9477539341917024,0.93580382134599,0.9600131981415589
GPAB3151_jpg.rf.2c56a82516e6b16eb781cce5002c00e2.jpg,finger_acropora,70438,1612,32258,0.6752885684702995,0.8061758209057718,0.9776266481609993,0.6858884474565708
GPAB3151_jpg.rf.2c56a82516e6b16eb781cce5002c00e2.jpg,finger_porites,0,0,0,1.0,1.0,,
GPAB3151_jpg.rf.2c56a82516e6b16eb781cce5002c00e2.jpg,knob_porites,0,0,0,1.0,1.0,,
GPAB3151_jpg.rf.2c56a82516e6b16eb781cce5002c00e2.jpg,mounding_,11543,285,3015,0.7776729771609513,0.8749336769498977,0.9759046330740615,0.7928973760131887
GPAB3151_jpg.rf.2c56a82516e6b16eb781cce5002c00e2.jpg,oddball,0,2139,2040,0.0,0.0,0.0,0.0
GPAB3151_jpg.rf.2c56a82516e6b16eb781cce5002c00e2.jpg,pocillopora_,0,2533,0,0.0,0.0,0.0,
GPAB3151_jpg.rf.2c56a82516e6b16eb781cce5002c00e2.jpg,table_acropora,14810,9556,168,0.6036520746718839,0.7528466856445709,0.6078141672822786,0.9887835492055014
GPAB3152_jpg.rf.20844ffc2344e194ff3830fb974c5f8f.jpg,branching_acropora,143198,15486,43695,0.7075734142376432,0.8287472835287071,0.9024098207758816,0.7662031215722365
GPAB3152_jpg.rf.20844ffc2344e194ff3830fb974c5f8f.jpg,finger_acropora,108135,6755,139834,0.42451830216234043,0.5960166345605318,0.9412046305161459,0.43608273614847015
GPAB3152_jpg.rf.20844ffc2344e194ff3830fb974c5f8f.jpg,finger_porites,0,0,0,1.0,1.0,,
GPAB3152_jpg.rf.20844ffc2344e194ff3830fb974c5f8f.jpg,knob_porites,0,0,0,1.0,1.0,,
GPAB3152_jpg.rf.20844ffc2344e194ff3830fb974c5f8f.jpg,mounding_,5868,7512,2305,0.37411539687599615,0.5445181645246602,0.4385650224215247,0.7179738162241527
GPAB3152_jpg.rf.20844ffc2344e194ff3830fb974c5f8f.jpg,oddball,15837,2926,23859,0.3715686734550232,0.5418156314682084,0.8440547886798486,0.3989570737605804
GPAB3152_jpg.rf.20844ffc2344e194ff3830fb974c5f8f.jpg,pocillopora_,0,0,716,0.0,0.0,,0.0
GPAB3152_jpg.rf.20844ffc2344e194ff3830fb974c5f8f.jpg,table_acropora,0,45645,0,0.0,0.0,0.0,
GPAB3153_jpg.rf.861109ea12d8895926392ecc8c013b29.jpg,branching_acropora,0,0,3434,0.0,0.0,,0.0
GPAB3153_jpg.rf.861109ea12d8895926392ecc8c013b29.jpg,finger_acropora,255496,13921,177067,0.5722399906827569,0.7279295706430383,0.9483291700226786,0.5906561587560656
GPAB3153_jpg.rf.861109ea12d8895926392ecc8c013b29.jpg,finger_porites,0,0,16938,0.0,0.0,,0.0
GPAB3153_jpg.rf.861109ea12d8895926392ecc8c013b29.jpg,knob_porites,29808,129,55940,0.3471010864375793,0.5153304231317802,0.9956909509970939,0.34762326818118205
GPAB3153_jpg.rf.861109ea12d8895926392ecc8c013b29.jpg,mounding_,11121,3976,6675,0.5107936799559066,0.6761925029641566,0.7366364178313572,0.6249157113958193
GPAB3153_jpg.rf.861109ea12d8895926392ecc8c013b29.jpg,oddball,0,1261,50644,0.0,0.0,0.0,0.0
GPAB3153_jpg.rf.861109ea12d8895926392ecc8c013b29.jpg,pocillopora_,0,9155,0,0.0,0.0,0.0,
GPAB3153_jpg.rf.861109ea12d8895926392ecc8c013b29.jpg,table_acropora,8152,132185,3184,0.05680005016687453,0.10749441232124372,0.058088743524515984,0.7191249117854622
GPAB3154_jpg.rf.87d38b2413cadb6976ac03e5f0992a06.jpg,branching_acropora,0,0,21713,0.0,0.0,,0.0
GPAB3154_jpg.rf.87d38b2413cadb6976ac03e5f0992a06.jpg,finger_acropora,0,0,44346,0.0,0.0,,0.0
GPAB3154_jpg.rf.87d38b2413cadb6976ac03e5f0992a06.jpg,finger_porites,288865,734274,188,0.2822802486399753,0.44027855679656636,0.28233211714146367,0.9993496002463216
GPAB3154_jpg.rf.87d38b2413cadb6976ac03e5f0992a06.jpg,knob_porites,0,0,56828,0.0,0.0,,0.0
GPAB3154_jpg.rf.87d38b2413cadb6976ac03e5f0992a06.jpg,mounding_,0,0,1059,0.0,0.0,,0.0
GPAB3154_jpg.rf.87d38b2413cadb6976ac03e5f0992a06.jpg,oddball,0,0,3037,0.0,0.0,,0.0
GPAB3154_jpg.rf.87d38b2413cadb6976ac03e5f0992a06.jpg,pocillopora_,0,0,0,1.0,1.0,,
GPAB3154_jpg.rf.87d38b2413cadb6976ac03e5f0992a06.jpg,table_acropora,0,0,0,1.0,1.0,,
GPAB3155_jpg.rf.d0fa59781b378d4a698078e736ac7453.jpg,branching_acropora,0,0,0,1.0,1.0,,
GPAB3155_jpg.rf.d0fa59781b378d4a698078e736ac7453.jpg,finger_acropora,0,0,0,1.0,1.0,,
GPAB3155_jpg.rf.d0fa59781b378d4a698078e736ac7453.jpg,finger_porites,717532,13542,2532,0.9780890559782772,0.9889231761555414,0.981476567351595,0.9964836458981424
GPAB3155_jpg.rf.d0fa59781b378d4a698078e736ac7453.jpg,knob_porites,0,0,0,1.0,1.0,,
GPAB3155_jpg.rf.d0fa59781b378d4a698078e736ac7453.jpg,mounding_,0,0,0,1.0,1.0,,
GPAB3155_jpg.rf.d0fa59781b378d4a698078e736ac7453.jpg,oddball,0,1794,0,0.0,0.0,0.0,
GPAB3155_jpg.rf.d0fa59781b378d4a698078e736ac7453.jpg,pocillopora_,0,0,0,1.0,1.0,,
GPAB3155_jpg.rf.d0fa59781b378d4a698078e736ac7453.jpg,table_acropora,0,0,0,1.0,1.0,,
GPAB3159_jpg.rf.ed9a35831ae623a1f7ac0a397fdfcda7.jpg,branching_acropora,0,0,0,1.0,1.0,,
GPAB3159_jpg.rf.ed9a35831ae623a1f7ac0a397fdfcda7.jpg,finger_acropora,1034,37,8655,0.10631297552950854,0.19219330855018588,0.965452847805789,0.1067189596449582
GPAB3159_jpg.rf.ed9a35831ae623a1f7ac0a397fdfcda7.jpg,finger_porites,0,340328,0,0.0,0.0,0.0,
GPAB3159_jpg.rf.ed9a35831ae623a1f7ac0a397fdfcda7.jpg,knob_porites,0,0,348307,0.0,0.0,,0.0
GPAB3159_jpg.rf.ed9a35831ae623a1f7ac0a397fdfcda7.jpg,mounding_,0,3670,1476,0.0,0.0,0.0,0.0
GPAB3159_jpg.rf.ed9a35831ae623a1f7ac0a397fdfcda7.jpg,oddball,0,0,0,1.0,1.0,,
GPAB3159_jpg.rf.ed9a35831ae623a1f7ac0a397fdfcda7.jpg,pocillopora_,0,0,0,1.0,1.0,,
GPAB3159_jpg.rf.ed9a35831ae623a1f7ac0a397fdfcda7.jpg,table_acropora,0,0,652,0.0,0.0,,0.0
GPAB3160_jpg.rf.f7c2f442d5222845a4cf61cc49b880d6.jpg,branching_acropora,0,0,0,1.0,1.0,,
GPAB3160_jpg.rf.f7c2f442d5222845a4cf61cc49b880d6.jpg,finger_acropora,5617,2172,4436,0.4594683026584867,0.6296379329671562,0.7211452047759661,0.5587386849696608
GPAB3160_jpg.rf.f7c2f442d5222845a4cf61cc49b880d6.jpg,finger_porites,204638,66573,75300,0.5905671104236229,0.7425868503798428,0.7545342924881365,0.7310118669133879
GPAB3160_jpg.rf.f7c2f442d5222845a4cf61cc49b880d6.jpg,knob_porites,68474,2267,101861,0.39671614465649296,0.5680698203056298,0.9679535205891916,0.40199606657469106
GPAB3160_jpg.rf.f7c2f442d5222845a4cf61cc49b880d6.jpg,mounding_,0,2735,4679,0.0,0.0,0.0,0.0
GPAB3160_jpg.rf.f7c2f442d5222845a4cf61cc49b880d6.jpg,oddball,0,0,0,1.0,1.0,,
GPAB3160_jpg.rf.f7c2f442d5222845a4cf61cc49b880d6.jpg,pocillopora_,0,0,0,1.0,1.0,,
GPAB3160_jpg.rf.f7c2f442d5222845a4cf61cc49b880d6.jpg,table_acropora,0,3275,0,0.0,0.0,0.0,
GPAB3161_jpg.rf.cb2162d68a96947fa46eb221ba5066b1.jpg,branching_acropora,0,14307,0,0.0,0.0,0.0,
GPAB3161_jpg.rf.cb2162d68a96947fa46eb221ba5066b1.jpg,finger_acropora,0,0,921,0.0,0.0,,0.0
GPAB3161_jpg.rf.cb2162d68a96947fa46eb221ba5066b1.jpg,finger_porites,597055,250762,17356,0.6900989744247682,0.8166373506730824,0.7042262658097207,0.9717518078289614
GPAB3161_jpg.rf.cb2162d68a96947fa46eb221ba5066b1.jpg,knob_porites,4548,119,183496,0.02417053299532852,0.047200211715989225,0.9745018212984787,0.024185828848567358
GPAB3161_jpg.rf.cb2162d68a96947fa46eb221ba5066b1.jpg,mounding_,0,0,671,0.0,0.0,,0.0
GPAB3161_jpg.rf.cb2162d68a96947fa46eb221ba5066b1.jpg,oddball,0,0,0,1.0,1.0,,
GPAB3161_jpg.rf.cb2162d68a96947fa46eb221ba5066b1.jpg,pocillopora_,0,0,7988,0.0,0.0,,0.0
GPAB3161_jpg.rf.cb2162d68a96947fa46eb221ba5066b1.jpg,table_acropora,3495,183,58,0.9354925053533191,0.9666712764486239,0.9502446982055465,0.9836757669575007
GPAB3162_jpg.rf.8427e11d3cb16eaac10a9b2e994311b9.jpg,branching_acropora,0,0,0,1.0,1.0,,
GPAB3162_jpg.rf.8427e11d3cb16eaac10a9b2e994311b9.jpg,finger_acropora,0,0,0,1.0,1.0,,
GPAB3162_jpg.rf.8427e11d3cb16eaac10a9b2e994311b9.jpg,finger_porites,1039541,563,589,0.9988930453073096,0.9994462161468374,0.9994587079753563,0.999433724630575
GPAB3162_jpg.rf.8427e11d3cb16eaac10a9b2e994311b9.jpg,knob_porites,0,0,0,1.0,1.0,,
GPAB3162_jpg.rf.8427e11d3cb16eaac10a9b2e994311b9.jpg,mounding_,0,0,0,1.0,1.0,,
GPAB3162_jpg.rf.8427e11d3cb16eaac10a9b2e994311b9.jpg,oddball,0,0,0,1.0,1.0,,
GPAB3162_jpg.rf.8427e11d3cb16eaac10a9b2e994311b9.jpg,pocillopora_,0,0,0,1.0,1.0,,
GPAB3162_jpg.rf.8427e11d3cb16eaac10a9b2e994311b9.jpg,table_acropora,0,0,0,1.0,1.0,,
GPAB3163_jpg.rf.0e42e962764a40f2e739c5cd3e6b899f.jpg,branching_acropora,0,0,0,1.0,1.0,,
GPAB3163_jpg.rf.0e42e962764a40f2e739c5cd3e6b899f.jpg,finger_acropora,0,0,0,1.0,1.0,,
GPAB3163_jpg.rf.0e42e962764a40f2e739c5cd3e6b899f.jpg,finger_porites,964800,75455,254,0.9272384957746641,0.9622457187396057,0.9274649004330668,0.9997368022929287
GPAB3163_jpg.rf.0e42e962764a40f2e739c5cd3e6b899f.jpg,knob_porites,0,0,38415,0.0,0.0,,0.0
GPAB3163_jpg.rf.0e42e962764a40f2e739c5cd3e6b899f.jpg,mounding_,0,0,0,1.0,1.0,,
GPAB3163_jpg.rf.0e42e962764a40f2e739c5cd3e6b899f.jpg,oddball,0,0,0,1.0,1.0,,
GPAB3163_jpg.rf.0e42e962764a40f2e739c5cd3e6b899f.jpg,pocillopora_,0,0,0,1.0,1.0,,
GPAB3163_jpg.rf.0e42e962764a40f2e739c5cd3e6b899f.jpg,table_acropora,0,0,0,1.0,1.0,,
GPAB3188_jpg.rf.652a96859d459386ddd0760e01ffd599.jpg,branching_acropora,0,0,2207,0.0,0.0,,0.0
GPAB3188_jpg.rf.652a96859d459386ddd0760e01ffd599.jpg,finger_acropora,193420,22387,95316,0.621683385670619,0.7667136398681579,0.8962637912579295,0.669885293139754
GPAB3188_jpg.rf.652a96859d459386ddd0760e01ffd599.jpg,finger_porites,0,6214,4567,0.0,0.0,0.0,0.0
GPAB3188_jpg.rf.652a96859d459386ddd0760e01ffd599.jpg,knob_porites,42486,9803,32581,0.5006009190526688,0.6672006030340148,0.8125227103214825,0.5659743962060559
GPAB3188_jpg.rf.652a96859d459386ddd0760e01ffd599.jpg,mounding_,20874,1924,9820,0.6399533999632105,0.7804531518731773,0.9156066321607158,0.6800677656871049
GPAB3188_jpg.rf.652a96859d459386ddd0760e01ffd599.jpg,oddball,0,1552,0,0.0,0.0,0.0,
GPAB3188_jpg.rf.652a96859d459386ddd0760e01ffd599.jpg,pocillopora_,0,0,0,1.0,1.0,,
GPAB3188_jpg.rf.652a96859d459386ddd0760e01ffd599.jpg,table_acropora,0,15084,0,0.0,0.0,0.0,
GPAB3190_jpg.rf.26f6a121f4430f3d59f86dedf34efe38.jpg,branching_acropora,0,0,0,1.0,1.0,,
GPAB3190_jpg.rf.26f6a121f4430f3d59f86dedf34efe38.jpg,finger_acropora,60305,18396,102797,0.33226261446407124,0.49879447318685044,0.7662545583918883,0.36973795538987875
GPAB3190_jpg.rf.26f6a121f4430f3d59f86dedf34efe38.jpg,finger_porites,0,25398,6432,0.0,0.0,0.0,0.0
GPAB3190_jpg.rf.26f6a121f4430f3d59f86dedf34efe38.jpg,knob_porites,127609,20890,25673,0.7326608180419356,0.8457059920936043,0.8593256520245928,0.832511319006798
GPAB3190_jpg.rf.26f6a121f4430f3d59f86dedf34efe38.jpg,mounding_,58858,4952,8455,0.8144745035632741,0.8977524919350534,0.9223946089954552,0.8743927621707546
GPAB3190_jpg.rf.26f6a121f4430f3d59f86dedf34efe38.jpg,oddball,0,0,1002,0.0,0.0,,0.0
GPAB3190_jpg.rf.26f6a121f4430f3d59f86dedf34efe38.jpg,pocillopora_,0,0,0,1.0,1.0,,
GPAB3190_jpg.rf.26f6a121f4430f3d59f86dedf34efe38.jpg,table_acropora,8827,2051,4540,0.572512647554806,0.7281501340482573,0.8114543114543115,0.6603575970674048
GPAB3191_jpg.rf.e826bca6abc790f4761354a9d8dccd08.jpg,branching_acropora,17933,9142,869,0.6417477812768394,0.7817860801708917,0.6623453370267774,0.9537815126050421
GPAB3191_jpg.rf.e826bca6abc790f4761354a9d8dccd08.jpg,finger_acropora,80976,14013,96532,0.422804809916406,0.5943258090914763,0.8524776553074567,0.4561822565743516
GPAB3191_jpg.rf.e826bca6abc790f4761354a9d8dccd08.jpg,finger_porites,0,9380,0,0.0,0.0,0.0,
GPAB3191_jpg.rf.e826bca6abc790f4761354a9d8dccd08.jpg,knob_porites,9315,13608,36261,0.1573905109489051,0.27197477335435555,0.40636042402826855,0.20438388625592416
GPAB3191_jpg.rf.e826bca6abc790f4761354a9d8dccd08.jpg,mounding_,14961,2494,11842,0.5106666211557498,0.6760811604681639,0.8571183042108278,0.5581837853971571
GPAB3191_jpg.rf.e826bca6abc790f4761354a9d8dccd08.jpg,oddball,0,0,651,0.0,0.0,,0.0
GPAB3191_jpg.rf.e826bca6abc790f4761354a9d8dccd08.jpg,pocillopora_,0,1511,1391,0.0,0.0,0.0,0.0
GPAB3191_jpg.rf.e826bca6abc790f4761354a9d8dccd08.jpg,table_acropora,0,25873,0,0.0,0.0,0.0,
GPAB3192_jpg.rf.1439ae1e342b14aff4b7668dcbeaf30e.jpg,branching_acropora,15393,72,2014,0.880656788145775,0.936541737649063,0.9953443258971872,0.8842994197736542
GPAB3192_jpg.rf.1439ae1e342b14aff4b7668dcbeaf30e.jpg,finger_acropora,48883,42748,40397,0.3702472202866059,0.5404093725644101,0.5334766618284205,0.5475246415770609
GPAB3192_jpg.rf.1439ae1e342b14aff4b7668dcbeaf30e.jpg,finger_porites,0,207837,705,0.0,0.0,0.0,0.0
GPAB3192_jpg.rf.1439ae1e342b14aff4b7668dcbeaf30e.jpg,knob_porites,0,4964,244350,0.0,0.0,0.0,0.0
GPAB3192_jpg.rf.1439ae1e342b14aff4b7668dcbeaf30e.jpg,mounding_,74264,21632,57478,0.4842020159870643,0.6524745429146276,0.7744222908150497,0.5637078532282795
GPAB3192_jpg.rf.1439ae1e342b14aff4b7668dcbeaf30e.jpg,oddball,0,0,0,1.0,1.0,,
GPAB3192_jpg.rf.1439ae1e342b14aff4b7668dcbeaf30e.jpg,pocillopora_,0,0,0,1.0,1.0,,
GPAB3192_jpg.rf.1439ae1e342b14aff4b7668dcbeaf30e.jpg,table_acropora,13433,5107,19825,0.3501368434771276,0.5186686744661956,0.7245415318230852,0.40390282037404535
GPAB3193_jpg.rf.26438fdc8ba83c1997cdc08912b8e571.jpg,branching_acropora,0,0,0,1.0,1.0,,
GPAB3193_jpg.rf.26438fdc8ba83c1997cdc08912b8e571.jpg,finger_acropora,24504,3963,88778,0.20899825152458526,0.34573788880344836,0.860786173464011,0.21630974029413322
GPAB3193_jpg.rf.26438fdc8ba83c1997cdc08912b8e571.jpg,finger_porites,0,133017,0,0.0,0.0,0.0,
GPAB3193_jpg.rf.26438fdc8ba83c1997cdc08912b8e571.jpg,knob_porites,61093,17371,152064,0.2650133606329817,0.41898903028245565,0.7786118474714518,0.28661033885821247
GPAB3193_jpg.rf.26438fdc8ba83c1997cdc08912b8e571.jpg,mounding_,212179,3492,9482,0.9423769614439959,0.9703337510175336,0.9838086715413755,0.9572229666021538
GPAB3193_jpg.rf.26438fdc8ba83c1997cdc08912b8e571.jpg,oddball,0,0,2329,0.0,0.0,,0.0
GPAB3193_jpg.rf.26438fdc8ba83c1997cdc08912b8e571.jpg,pocillopora_,0,0,0,1.0,1.0,,
GPAB3193_jpg.rf.26438fdc8ba83c1997cdc08912b8e571.jpg,table_acropora,0,24327,0,0.0,0.0,0.0,
GPAB3196_jpg.rf.b987e9397cd4dc6740305db480e7d1a3.jpg,branching_acropora,0,0,0,1.0,1.0,,
GPAB3196_jpg.rf.b987e9397cd4dc6740305db480e7d1a3.jpg,finger_acropora,28314,4485,11996,0.6320794731554861,0.7745694784499857,0.8632580261593341,0.7024063507814438
GPAB3196_jpg.rf.b987e9397cd4dc6740305db480e7d1a3.jpg,finger_porites,0,0,0,1.0,1.0,,
GPAB3196_jpg.rf.b987e9397cd4dc6740305db480e7d1a3.jpg,knob_porites,13464,7837,36372,0.2334541293152775,0.3785371888047008,0.6320830007980845,0.2701661449554539
GPAB3196_jpg.rf.b987e9397cd4dc6740305db480e7d1a3.jpg,mounding_,0,1474,2164,0.0,0.0,0.0,0.0
GPAB3196_jpg.rf.b987e9397cd4dc6740305db480e7d1a3.jpg,oddball,0,0,198,0.0,0.0,,0.0
GPAB3196_jpg.rf.b987e9397cd4dc6740305db480e7d1a3.jpg,pocillopora_,0,0,0,1.0,1.0,,
GPAB3196_jpg.rf.b987e9397cd4dc6740305db480e7d1a3.jpg,table_acropora,4166,3069,224,0.5585199088349645,0.7167311827956989,0.5758120248790601,0.9489749430523918
GPAB3197_jpg.rf.61ef5ee307e4fe0e326bb6dfa6132654.jpg,branching_acropora,0,0,0,1.0,1.0,,
GPAB3197_jpg.rf.61ef5ee307e4fe0e326bb6dfa6132654.jpg,finger_acropora,23424,7209,33179,0.36707829248417223,0.5370259984410106,0.7646655567525218,0.41382965567196084
GPAB3197_jpg.rf.61ef5ee307e4fe0e326bb6dfa6132654.jpg,finger_porites,5711,149593,133,0.03674157375657019,0.07087894357981483,0.03677303868541699,0.9772416153319644
GPAB3197_jpg.rf.61ef5ee307e4fe0e326bb6dfa6132654.jpg,knob_porites,25192,6557,147738,0.1403555689269975,0.2461610619555499,0.7934738101987464,0.14567744173943215
GPAB3197_jpg.rf.61ef5ee307e4fe0e326bb6dfa6132654.jpg,mounding_,4731,2489,8872,0.29399701715137955,0.45440138308601064,0.6552631578947369,0.34779092847166065
GPAB3197_jpg.rf.61ef5ee307e4fe0e326bb6dfa6132654.jpg,oddball,0,0,0,1.0,1.0,,
GPAB3197_jpg.rf.61ef5ee307e4fe0e326bb6dfa6132654.jpg,pocillopora_,0,0,0,1.0,1.0,,
GPAB3197_jpg.rf.61ef5ee307e4fe0e326bb6dfa6132654.jpg,table_acropora,0,2341,0,0.0,0.0,0.0,
GPAB3198_jpg.rf.6a4a94373c659a065374d5d3634da775.jpg,branching_acropora,0,16766,0,0.0,0.0,0.0,
GPAB3198_jpg.rf.6a4a94373c659a065374d5d3634da775.jpg,finger_acropora,15074,8384,53199,0.19664218531901848,0.3286566155389127,0.6425952766646773,0.2207900634218505
GPAB3198_jpg.rf.6a4a94373c659a065374d5d3634da775.jpg,finger_porites,19810,14815,17861,0.3774339823953054,0.5480247869868319,0.572129963898917,0.5258687053701786
GPAB3198_jpg.rf.6a4a94373c659a065374d5d3634da775.jpg,knob_porites,68862,3841,20246,0.7408578898105412,0.8511411461519921,0.9471686175260994,0.7727925663240113
GPAB3198_jpg.rf.6a4a94373c659a065374d5d3634da775.jpg,mounding_,2601,19,7320,0.2616700201207243,0.4147994577784866,0.9927480916030534,0.26217115210160263
GPAB3198_jpg.rf.6a4a94373c659a065374d5d3634da775.jpg,oddball,0,0,0,1.0,1.0,,
GPAB3198_jpg.rf.6a4a94373c659a065374d5d3634da775.jpg,pocillopora_,0,0,0,1.0,1.0,,
GPAB3198_jpg.rf.6a4a94373c659a065374d5d3634da775.jpg,table_acropora,0,26203,0,0.0,0.0,0.0,
GPAB3199_jpg.rf.12b7ef0103aaee8e8ecbbd351b47aecd.jpg,branching_acropora,0,0,0,1.0,1.0,,
GPAB3199_jpg.rf.12b7ef0103aaee8e8ecbbd351b47aecd.jpg,finger_acropora,72798,8088,144651,0.3227763072134506,0.4880285584996732,0.9000074178473407,0.3347819488707697
GPAB3199_jpg.rf.12b7ef0103aaee8e8ecbbd351b47aecd.jpg,finger_porites,11141,10092,7667,0.38550173010380623,0.5564796084013885,0.5247021146328827,0.5923543173117822
GPAB3199_jpg.rf.12b7ef0103aaee8e8ecbbd351b47aecd.jpg,knob_porites,44218,6320,52439,0.42939685560853397,0.6008084513740276,0.8749455855000198,0.4574733335402506
GPAB3199_jpg.rf.12b7ef0103aaee8e8ecbbd351b47aecd.jpg,mounding_,2084,234,9819,0.17170635247590013,0.29308768722312073,0.8990509059534081,0.1750819121229942
GPAB3199_jpg.rf.12b7ef0103aaee8e8ecbbd351b47aecd.jpg,oddball,0,2302,0,0.0,0.0,0.0,
GPAB3199_jpg.rf.12b7ef0103aaee8e8ecbbd351b47aecd.jpg,pocillopora_,0,0,0,1.0,1.0,,
GPAB3199_jpg.rf.12b7ef0103aaee8e8ecbbd351b47aecd.jpg,table_acropora,0,11709,0,0.0,0.0,0.0,
GPAB3200_jpg.rf.195175530cb552d58d2e1d0d144f0c0f.jpg,branching_acropora,0,0,0,1.0,1.0,,
GPAB3200_jpg.rf.195175530cb552d58d2e1d0d144f0c0f.jpg,finger_acropora,26594,3736,54630,0.31301789077212805,0.4767915090449468,0.8768216287504121,0.3274155422042746
GPAB3200_jpg.rf.195175530cb552d58d2e1d0d144f0c0f.jpg,finger_porites,175508,14742,131618,0.5452794313196714,0.7057357009586309,0.9225124835742444,0.5714527588025762
GPAB3200_jpg.rf.195175530cb552d58d2e1d0d144f0c0f.jpg,knob_porites,0,4616,0,0.0,0.0,0.0,
GPAB3200_jpg.rf.195175530cb552d58d2e1d0d144f0c0f.jpg,mounding_,7977,2372,25472,0.2226906004857486,0.3642632083656788,0.7707991110252198,0.23848246584352298
GPAB3200_jpg.rf.195175530cb552d58d2e1d0d144f0c0f.jpg,oddball,0,0,4102,0.0,0.0,,0.0
GPAB3200_jpg.rf.195175530cb552d58d2e1d0d144f0c0f.jpg,pocillopora_,0,0,0,1.0,1.0,,
GPAB3200_jpg.rf.195175530cb552d58d2e1d0d144f0c0f.jpg,table_acropora,0,9382,0,0.0,0.0,0.0,
GPAB3201_jpg.rf.64c5d806908d0ba5fcd43bc8fbac2fe3.jpg,branching_acropora,0,3459,0,0.0,0.0,0.0,
GPAB3201_jpg.rf.64c5d806908d0ba5fcd43bc8fbac2fe3.jpg,finger_acropora,18542,2349,12769,0.5508615567439097,0.7103942377686678,0.887559236034656,0.5921880489284916
GPAB3201_jpg.rf.64c5d806908d0ba5fcd43bc8fbac2fe3.jpg,finger_porites,247864,37928,86628,0.6655496482466033,0.7991952073566302,0.8672880976374426,0.7410162275928871
GPAB3201_jpg.rf.64c5d806908d0ba5fcd43bc8fbac2fe3.jpg,knob_porites,0,8911,18559,0.0,0.0,0.0,0.0
GPAB3201_jpg.rf.64c5d806908d0ba5fcd43bc8fbac2fe3.jpg,mounding_,0,2556,0,0.0,0.0,0.0,
GPAB3201_jpg.rf.64c5d806908d0ba5fcd43bc8fbac2fe3.jpg,oddball,0,1257,0,0.0,0.0,0.0,
GPAB3201_jpg.rf.64c5d806908d0ba5fcd43bc8fbac2fe3.jpg,pocillopora_,0,1554,0,0.0,0.0,0.0,
GPAB3201_jpg.rf.64c5d806908d0ba5fcd43bc8fbac2fe3.jpg,table_acropora,0,8272,0,0.0,0.0,0.0,
GPAB3202_jpg.rf.26fcceb9e7688f7eb1ddf902d85cb3e8.jpg,branching_acropora,0,0,0,1.0,1.0,,
GPAB3202_jpg.rf.26fcceb9e7688f7eb1ddf902d85cb3e8.jpg,finger_acropora,939,129,5369,0.14587540779866398,0.2546095444685466,0.8792134831460674,0.148858592263792
GPAB3202_jpg.rf.26fcceb9e7688f7eb1ddf902d85cb3e8.jpg,finger_porites,68267,35279,73016,0.3866460506790816,0.5576708641541648,0.6592915226083094,0.4831933070503882
GPAB3202_jpg.rf.26fcceb9e7688f7eb1ddf902d85cb3e8.jpg,knob_porites,0,1550,9331,0.0,0.0,0.0,0.0
GPAB3202_jpg.rf.26fcceb9e7688f7eb1ddf902d85cb3e8.jpg,mounding_,0,0,5402,0.0,0.0,,0.0
GPAB3202_jpg.rf.26fcceb9e7688f7eb1ddf902d85cb3e8.jpg,oddball,0,8153,0,0.0,0.0,0.0,
GPAB3202_jpg.rf.26fcceb9e7688f7eb1ddf902d85cb3e8.jpg,pocillopora_,0,0,0,1.0,1.0,,
GPAB3202_jpg.rf.26fcceb9e7688f7eb1ddf902d85cb3e8.jpg,table_acropora,0,0,937,0.0,0.0,,0.0
GPAB3203_jpg.rf.f3c3a83f132b77b020cd73afb748d82e.jpg,branching_acropora,0,24613,0,0.0,0.0,0.0,
GPAB3203_jpg.rf.f3c3a83f132b77b020cd73afb748d82e.jpg,finger_acropora,3536,1636,12411,0.20110333845191378,0.33486434016762157,0.6836813611755607,0.22173449551639807
GPAB3203_jpg.rf.f3c3a83f132b77b020cd73afb748d82e.jpg,finger_porites,59779,60753,79821,0.298368379809636,0.45960512355265787,0.49595957919888495,0.4282163323782235
GPAB3203_jpg.rf.f3c3a83f132b77b020cd73afb748d82e.jpg,knob_porites,1652,3344,10525,0.10643644095096966,0.19239503872357772,0.33066453162530024,0.13566559908023323
GPAB3203_jpg.rf.f3c3a83f132b77b020cd73afb748d82e.jpg,mounding_,975,1425,4857,0.1343530384456387,0.2368804664723032,0.40625,0.16718106995884774
GPAB3203_jpg.rf.f3c3a83f132b77b020cd73afb748d82e.jpg,oddball,0,0,0,1.0,1.0,,
GPAB3203_jpg.rf.f3c3a83f132b77b020cd73afb748d82e.jpg,pocillopora_,0,0,6452,0.0,0.0,,0.0
GPAB3203_jpg.rf.f3c3a83f132b77b020cd73afb748d82e.jpg,table_acropora,0,42356,0,0.0,0.0,0.0,
GPAB3204_jpg.rf.4d64e7738074531250627689a92bb0d3.jpg,branching_acropora,0,9404,0,0.0,0.0,0.0,
GPAB3204_jpg.rf.4d64e7738074531250627689a92bb0d3.jpg,finger_acropora,10740,1860,8194,0.5164951428296624,0.6811695312995497,0.8523809523809524,0.567233548114503
GPAB3204_jpg.rf.4d64e7738074531250627689a92bb0d3.jpg,finger_porites,13474,46946,53327,0.11845587136364036,0.21182037556692684,0.2230056272757365,0.2017035673118666
GPAB3204_jpg.rf.4d64e7738074531250627689a92bb0d3.jpg,knob_porites,0,9157,11677,0.0,0.0,0.0,0.0
GPAB3204_jpg.rf.4d64e7738074531250627689a92bb0d3.jpg,mounding_,965,36,4039,0.19146825396825398,0.32139883430474603,0.964035964035964,0.192845723421263
GPAB3204_jpg.rf.4d64e7738074531250627689a92bb0d3.jpg,oddball,0,0,0,1.0,1.0,,
GPAB3204_jpg.rf.4d64e7738074531250627689a92bb0d3.jpg,pocillopora_,0,0,0,1.0,1.0,,
GPAB3204_jpg.rf.4d64e7738074531250627689a92bb0d3.jpg,table_acropora,0,0,0,1.0,1.0,,
GPAB3205_jpg.rf.8246c4bca81e9d44ca242b4c3e16fa1b.jpg,branching_acropora,0,0,0,1.0,1.0,,
GPAB3205_jpg.rf.8246c4bca81e9d44ca242b4c3e16fa1b.jpg,finger_acropora,0,0,13674,0.0,0.0,,0.0
GPAB3205_jpg.rf.8246c4bca81e9d44ca242b4c3e16fa1b.jpg,finger_porites,511484,524934,1721,0.49269317499872367,0.6601399179026124,0.49351130528416143,0.9966465642384622
GPAB3205_jpg.rf.8246c4bca81e9d44ca242b4c3e16fa1b.jpg,knob_porites,0,0,1299,0.0,0.0,,0.0
GPAB3205_jpg.rf.8246c4bca81e9d44ca242b4c3e16fa1b.jpg,mounding_,0,0,6878,0.0,0.0,,0.0
GPAB3205_jpg.rf.8246c4bca81e9d44ca242b4c3e16fa1b.jpg,oddball,0,0,435,0.0,0.0,,0.0
GPAB3205_jpg.rf.8246c4bca81e9d44ca242b4c3e16fa1b.jpg,pocillopora_,0,0,0,1.0,1.0,,
GPAB3205_jpg.rf.8246c4bca81e9d44ca242b4c3e16fa1b.jpg,table_acropora,0,0,0,1.0,1.0,,
GPAB3206_jpg.rf.4e643a6937100e965b0d605f248af3bf.jpg,branching_acropora,0,0,0,1.0,1.0,,
GPAB3206_jpg.rf.4e643a6937100e965b0d605f248af3bf.jpg,finger_acropora,0,0,15920,0.0,0.0,,0.0
GPAB3206_jpg.rf.4e643a6937100e965b0d605f248af3bf.jpg,finger_porites,375925,662834,927,0.36157551414561706,0.5311134202828319,0.3618981881264085,0.9975401483871652
GPAB3206_jpg.rf.4e643a6937100e965b0d605f248af3bf.jpg,knob_porites,0,0,0,1.0,1.0,,
GPAB3206_jpg.rf.4e643a6937100e965b0d605f248af3bf.jpg,mounding_,0,0,2131,0.0,0.0,,0.0
GPAB3206_jpg.rf.4e643a6937100e965b0d605f248af3bf.jpg,oddball,0,0,0,1.0,1.0,,
GPAB3206_jpg.rf.4e643a6937100e965b0d605f248af3bf.jpg,pocillopora_,0,0,42346,0.0,0.0,,0.0
GPAB3206_jpg.rf.4e643a6937100e965b0d605f248af3bf.jpg,table_acropora,0,0,0,1.0,1.0,,
GPAB3207_jpg.rf.59b13473fdee7f43b0c8751b7481a7a2.jpg,branching_acropora,0,0,0,1.0,1.0,,
GPAB3207_jpg.rf.59b13473fdee7f43b0c8751b7481a7a2.jpg,finger_acropora,0,0,2485,0.0,0.0,,0.0
GPAB3207_jpg.rf.59b13473fdee7f43b0c8751b7481a7a2.jpg,finger_porites,955281,82739,266,0.9200557457193875,0.9583635764436309,0.9202915165411071,0.9997216254145531
GPAB3207_jpg.rf.59b13473fdee7f43b0c8751b7481a7a2.jpg,knob_porites,0,0,0,1.0,1.0,,
GPAB3207_jpg.rf.59b13473fdee7f43b0c8751b7481a7a2.jpg,mounding_,0,0,0,1.0,1.0,,
GPAB3207_jpg.rf.59b13473fdee7f43b0c8751b7481a7a2.jpg,oddball,0,0,0,1.0,1.0,,
GPAB3207_jpg.rf.59b13473fdee7f43b0c8751b7481a7a2.jpg,pocillopora_,0,0,0,1.0,1.0,,
GPAB3207_jpg.rf.59b13473fdee7f43b0c8751b7481a7a2.jpg,table_acropora,0,0,0,1.0,1.0,,
GPAB3208_jpg.rf.88ac674c1a1d170840701939258f0f75.jpg,branching_acropora,0,0,0,1.0,1.0,,
GPAB3208_jpg.rf.88ac674c1a1d170840701939258f0f75.jpg,finger_acropora,1563,120,897,0.6058139534883721,0.7545257060101376,0.928698752228164,0.6353658536585366
GPAB3208_jpg.rf.88ac674c1a1d170840701939258f0f75.jpg,finger_porites,27470,5500,719863,0.03648883616950904,0.07040854642363287,0.8331816803154383,0.03675737589535053
GPAB3208_jpg.rf.88ac674c1a1d170840701939258f0f75.jpg,knob_porites,0,2887,0,0.0,0.0,0.0,
GPAB3208_jpg.rf.88ac674c1a1d170840701939258f0f75.jpg,mounding_,0,0,0,1.0,1.0,,
GPAB3208_jpg.rf.88ac674c1a1d170840701939258f0f75.jpg,oddball,0,0,0,1.0,1.0,,
GPAB3208_jpg.rf.88ac674c1a1d170840701939258f0f75.jpg,pocillopora_,0,0,0,1.0,1.0,,
GPAB3208_jpg.rf.88ac674c1a1d170840701939258f0f75.jpg,table_acropora,0,0,0,1.0,1.0,,
GPAB3209_jpg.rf.f6dac21895ad4908531149409119db3c.jpg,branching_acropora,0,0,0,1.0,1.0,,
GPAB3209_jpg.rf.f6dac21895ad4908531149409119db3c.jpg,finger_acropora,0,0,0,1.0,1.0,,
GPAB3209_jpg.rf.f6dac21895ad4908531149409119db3c.jpg,finger_porites,981573,57764,450,0.944013533541004,0.9712005778287885,0.9444222614993981,0.9995417622601507
GPAB3209_jpg.rf.f6dac21895ad4908531149409119db3c.jpg,knob_porites,0,0,0,1.0,1.0,,
GPAB3209_jpg.rf.f6dac21895ad4908531149409119db3c.jpg,mounding_,0,0,0,1.0,1.0,,
GPAB3209_jpg.rf.f6dac21895ad4908531149409119db3c.jpg,oddball,0,0,0,1.0,1.0,,
GPAB3209_jpg.rf.f6dac21895ad4908531149409119db3c.jpg,pocillopora_,0,0,0,1.0,1.0,,
GPAB3209_jpg.rf.f6dac21895ad4908531149409119db3c.jpg,table_acropora,0,0,0,1.0,1.0,,
GPAB3210_jpg.rf.d299f498373d90b3cc0570fb8429706d.jpg,branching_acropora,0,0,0,1.0,1.0,,
GPAB3210_jpg.rf.d299f498373d90b3cc0570fb8429706d.jpg,finger_acropora,0,0,65579,0.0,0.0,,0.0
GPAB3210_jpg.rf.d299f498373d90b3cc0570fb8429706d.jpg,finger_porites,527958,510976,295,0.5080285480870915,0.6737651601244778,0.5081728001971252,0.9994415554667934
GPAB3210_jpg.rf.d299f498373d90b3cc0570fb8429706d.jpg,knob_porites,0,0,0,1.0,1.0,,
GPAB3210_jpg.rf.d299f498373d90b3cc0570fb8429706d.jpg,mounding_,0,0,954,0.0,0.0,,0.0
GPAB3210_jpg.rf.d299f498373d90b3cc0570fb8429706d.jpg,oddball,0,0,0,1.0,1.0,,
GPAB3210_jpg.rf.d299f498373d90b3cc0570fb8429706d.jpg,pocillopora_,0,0,0,1.0,1.0,,
GPAB3210_jpg.rf.d299f498373d90b3cc0570fb8429706d.jpg,table_acropora,0,0,0,1.0,1.0,,
GPAB3211_jpg.rf.2bbee665257083af1512a10f8e4cb798.jpg,branching_acropora,0,0,0,1.0,1.0,,
GPAB3211_jpg.rf.2bbee665257083af1512a10f8e4cb798.jpg,finger_acropora,0,0,0,1.0,1.0,,
GPAB3211_jpg.rf.2bbee665257083af1512a10f8e4cb798.jpg,finger_porites,0,1014583,0,0.0,0.0,0.0,
GPAB3211_jpg.rf.2bbee665257083af1512a10f8e4cb798.jpg,knob_porites,24733,970,362,0.9488969882984846,0.9737784952163471,0.962261214644205,0.9855748157003387
GPAB3211_jpg.rf.2bbee665257083af1512a10f8e4cb798.jpg,mounding_,0,0,0,1.0,1.0,,
GPAB3211_jpg.rf.2bbee665257083af1512a10f8e4cb798.jpg,oddball,0,0,1421,0.0,0.0,,0.0
GPAB3211_jpg.rf.2bbee665257083af1512a10f8e4cb798.jpg,pocillopora_,0,0,0,1.0,1.0,,
GPAB3211_jpg.rf.2bbee665257083af1512a10f8e4cb798.jpg,table_acropora,0,0,0,1.0,1.0,,
GPAB3212_jpg.rf.18fffd5daee83a4157cdafc4403a2b74.jpg,branching_acropora,0,1102,0,0.0,0.0,0.0,
GPAB3212_jpg.rf.18fffd5daee83a4157cdafc4403a2b74.jpg,finger_acropora,0,1328,0,0.0,0.0,0.0,
GPAB3212_jpg.rf.18fffd5daee83a4157cdafc4403a2b74.jpg,finger_porites,0,1031571,0,0.0,0.0,0.0,
GPAB3212_jpg.rf.18fffd5daee83a4157cdafc4403a2b74.jpg,knob_porites,0,0,0,1.0,1.0,,
GPAB3212_jpg.rf.18fffd5daee83a4157cdafc4403a2b74.jpg,mounding_,0,0,0,1.0,1.0,,
GPAB3212_jpg.rf.18fffd5daee83a4157cdafc4403a2b74.jpg,oddball,0,0,0,1.0,1.0,,
GPAB3212_jpg.rf.18fffd5daee83a4157cdafc4403a2b74.jpg,pocillopora_,0,4769,0,0.0,0.0,0.0,
GPAB3212_jpg.rf.18fffd5daee83a4157cdafc4403a2b74.jpg,table_acropora,0,0,0,1.0,1.0,,
GPAB3213_jpg.rf.aad7bced0969440a4a59c024517dbe40.jpg,branching_acropora,0,1212,0,0.0,0.0,0.0,
GPAB3213_jpg.rf.aad7bced0969440a4a59c024517dbe40.jpg,finger_acropora,1498,3177,61,0.31630067567567566,0.48059031119666346,0.320427807486631,0.9608723540731238
GPAB3213_jpg.rf.aad7bced0969440a4a59c024517dbe40.jpg,finger_porites,0,0,0,1.0,1.0,,
GPAB3213_jpg.rf.aad7bced0969440a4a59c024517dbe40.jpg,knob_porites,0,0,0,1.0,1.0,,
GPAB3213_jpg.rf.aad7bced0969440a4a59c024517dbe40.jpg,mounding_,0,0,0,1.0,1.0,,
GPAB3213_jpg.rf.aad7bced0969440a4a59c024517dbe40.jpg,oddball,0,1035,1436,0.0,0.0,0.0,0.0
GPAB3213_jpg.rf.aad7bced0969440a4a59c024517dbe40.jpg,pocillopora_,0,0,0,1.0,1.0,,
GPAB3213_jpg.rf.aad7bced0969440a4a59c024517dbe40.jpg,table_acropora,0,0,0,1.0,1.0,,
GPAB3214_jpg.rf.a9331ffc6e7ef157654776be1e3f6aa5.jpg,branching_acropora,0,2342,0,0.0,0.0,0.0,
GPAB3214_jpg.rf.a9331ffc6e7ef157654776be1e3f6aa5.jpg,finger_acropora,0,0,0,1.0,1.0,,
GPAB3214_jpg.rf.a9331ffc6e7ef157654776be1e3f6aa5.jpg,finger_porites,0,0,0,1.0,1.0,,
GPAB3214_jpg.rf.a9331ffc6e7ef157654776be1e3f6aa5.jpg,knob_porites,0,0,0,1.0,1.0,,
GPAB3214_jpg.rf.a9331ffc6e7ef157654776be1e3f6aa5.jpg,mounding_,0,0,0,1.0,1.0,,
GPAB3214_jpg.rf.a9331ffc6e7ef157654776be1e3f6aa5.jpg,oddball,0,3348,0,0.0,0.0,0.0,
GPAB3214_jpg.rf.a9331ffc6e7ef157654776be1e3f6aa5.jpg,pocillopora_,0,0,0,1.0,1.0,,
GPAB3214_jpg.rf.a9331ffc6e7ef157654776be1e3f6aa5.jpg,table_acropora,0,0,0,1.0,1.0,,
GPAB3215_jpg.rf.006beb5ee5b8d23dc7a38e00e61556ec.jpg,branching_acropora,0,0,0,1.0,1.0,,
GPAB3215_jpg.rf.006beb5ee5b8d23dc7a38e00e61556ec.jpg,finger_acropora,8680,8516,1701,0.45933216912737473,0.6295100989955398,0.5047685508257734,0.8361429534726905
GPAB3215_jpg.rf.006beb5ee5b8d23dc7a38e00e61556ec.jpg,finger_porites,0,0,0,1.0,1.0,,
GPAB3215_jpg.rf.006beb5ee5b8d23dc7a38e00e61556ec.jpg,knob_porites,0,0,0,1.0,1.0,,
GPAB3215_jpg.rf.006beb5ee5b8d23dc7a38e00e61556ec.jpg,mounding_,0,0,6239,0.0,0.0,,0.0
GPAB3215_jpg.rf.006beb5ee5b8d23dc7a38e00e61556ec.jpg,oddball,0,3681,0,0.0,0.0,0.0,
GPAB3215_jpg.rf.006beb5ee5b8d23dc7a38e00e61556ec.jpg,pocillopora_,0,1344,0,0.0,0.0,0.0,
GPAB3215_jpg.rf.006beb5ee5b8d23dc7a38e00e61556ec.jpg,table_acropora,0,1271,0,0.0,0.0,0.0,
GPAB3216_jpg.rf.6eae2e3fa8c98eff50cf0d32d1c876b1.jpg,branching_acropora,0,0,0,1.0,1.0,,
GPAB3216_jpg.rf.6eae2e3fa8c98eff50cf0d32d1c876b1.jpg,finger_acropora,3481,8,2423,0.5888024357239513,0.7411902480570638,0.997707079392376,0.5896002710027101
GPAB3216_jpg.rf.6eae2e3fa8c98eff50cf0d32d1c876b1.jpg,finger_porites,0,1612,0,0.0,0.0,0.0,
GPAB3216_jpg.rf.6eae2e3fa8c98eff50cf0d32d1c876b1.jpg,knob_porites,0,6473,0,0.0,0.0,0.0,
GPAB3216_jpg.rf.6eae2e3fa8c98eff50cf0d32d1c876b1.jpg,mounding_,0,0,0,1.0,1.0,,
GPAB3216_jpg.rf.6eae2e3fa8c98eff50cf0d32d1c876b1.jpg,oddball,0,1649,0,0.0,0.0,0.0,
GPAB3216_jpg.rf.6eae2e3fa8c98eff50cf0d32d1c876b1.jpg,pocillopora_,0,0,0,1.0,1.0,,
GPAB3216_jpg.rf.6eae2e3fa8c98eff50cf0d32d1c876b1.jpg,table_acropora,0,0,0,1.0,1.0,,
GPAB3217_jpg.rf.2f1ef4bd35e7cb3d66255acbcc57cad6.jpg,branching_acropora,0,0,0,1.0,1.0,,
GPAB3217_jpg.rf.2f1ef4bd35e7cb3d66255acbcc57cad6.jpg,finger_acropora,0,0,0,1.0,1.0,,
GPAB3217_jpg.rf.2f1ef4bd35e7cb3d66255acbcc57cad6.jpg,finger_porites,0,0,0,1.0,1.0,,
GPAB3217_jpg.rf.2f1ef4bd35e7cb3d66255acbcc57cad6.jpg,knob_porites,0,0,0,1.0,1.0,,
GPAB3217_jpg.rf.2f1ef4bd35e7cb3d66255acbcc57cad6.jpg,mounding_,0,0,0,1.0,1.0,,
GPAB3217_jpg.rf.2f1ef4bd35e7cb3d66255acbcc57cad6.jpg,oddball,0,0,0,1.0,1.0,,
GPAB3217_jpg.rf.2f1ef4bd35e7cb3d66255acbcc57cad6.jpg,pocillopora_,0,0,0,1.0,1.0,,
GPAB3217_jpg.rf.2f1ef4bd35e7cb3d66255acbcc57cad6.jpg,table_acropora,0,0,0,1.0,1.0,,
GPAB3218_jpg.rf.d9d14010d4157d4108be2e17946d432c.jpg,branching_acropora,1286,528,105,0.6701406982803544,0.8024960998439937,0.7089305402425579,0.9245147375988497
GPAB3218_jpg.rf.d9d14010d4157d4108be2e17946d432c.jpg,finger_acropora,19377,3674,22921,0.42149569303054035,0.5930312629114447,0.8406142900524923,0.45810676627736535
GPAB3218_jpg.rf.d9d14010d4157d4108be2e17946d432c.jpg,finger_porites,0,0,0,1.0,1.0,,
GPAB3218_jpg.rf.d9d14010d4157d4108be2e17946d432c.jpg,knob_porites,0,2054,0,0.0,0.0,0.0,
GPAB3218_jpg.rf.d9d14010d4157d4108be2e17946d432c.jpg,mounding_,4403,1639,54,0.7222769028871391,0.8387465472902181,0.728732207878186,0.9878842270585596
GPAB3218_jpg.rf.d9d14010d4157d4108be2e17946d432c.jpg,oddball,0,6337,1403,0.0,0.0,0.0,0.0
GPAB3218_jpg.rf.d9d14010d4157d4108be2e17946d432c.jpg,pocillopora_,18602,3498,185,0.8347318824321293,0.9099224692445032,0.8417194570135746,0.9901527652099856
GPAB3218_jpg.rf.d9d14010d4157d4108be2e17946d432c.jpg,table_acropora,0,0,0,1.0,1.0,,
GPAB3219_jpg.rf.ff338c196dc32a1235219d6a9764c2bc.jpg,branching_acropora,0,1069,0,0.0,0.0,0.0,
GPAB3219_jpg.rf.ff338c196dc32a1235219d6a9764c2bc.jpg,finger_acropora,86264,6414,6863,0.8666177755899579,0.928543365356153,0.9307926368717495,0.92630493841743
GPAB3219_jpg.rf.ff338c196dc32a1235219d6a9764c2bc.jpg,finger_porites,0,0,0,1.0,1.0,,
GPAB3219_jpg.rf.ff338c196dc32a1235219d6a9764c2bc.jpg,knob_porites,0,0,0,1.0,1.0,,
GPAB3219_jpg.rf.ff338c196dc32a1235219d6a9764c2bc.jpg,mounding_,39363,46723,9323,0.4125711410873188,0.5841421066690411,0.4572520502753061,0.8085075791808733
GPAB3219_jpg.rf.ff338c196dc32a1235219d6a9764c2bc.jpg,oddball,0,0,0,1.0,1.0,,
GPAB3219_jpg.rf.ff338c196dc32a1235219d6a9764c2bc.jpg,pocillopora_,0,0,0,1.0,1.0,,
GPAB3219_jpg.rf.ff338c196dc32a1235219d6a9764c2bc.jpg,table_acropora,0,0,0,1.0,1.0,,
GPAB3220_jpg.rf.c40e169919da8e837e5cb08ee3bd4133.jpg,branching_acropora,0,0,0,1.0,1.0,,
GPAB3220_jpg.rf.c40e169919da8e837e5cb08ee3bd4133.jpg,finger_acropora,80502,5266,7338,0.8646274139153223,0.9273996590018894,0.9386018095326929,0.9164617486338797
GPAB3220_jpg.rf.c40e169919da8e837e5cb08ee3bd4133.jpg,finger_porites,0,0,0,1.0,1.0,,
GPAB3220_jpg.rf.c40e169919da8e837e5cb08ee3bd4133.jpg,knob_porites,0,0,0,1.0,1.0,,
GPAB3220_jpg.rf.c40e169919da8e837e5cb08ee3bd4133.jpg,mounding_,2447,2046,9258,0.17795069449494583,0.30213606618101,0.544624972178945,0.2090559589918838
GPAB3220_jpg.rf.c40e169919da8e837e5cb08ee3bd4133.jpg,oddball,0,0,0,1.0,1.0,,
GPAB3220_jpg.rf.c40e169919da8e837e5cb08ee3bd4133.jpg,pocillopora_,0,0,1466,0.0,0.0,,0.0
GPAB3220_jpg.rf.c40e169919da8e837e5cb08ee3bd4133.jpg,table_acropora,0,3197,0,0.0,0.0,0.0,
GPAB3221_jpg.rf.8d374c772359fb68a5172ca00d2a6e6e.jpg,branching_acropora,0,0,0,1.0,1.0,,
GPAB3221_jpg.rf.8d374c772359fb68a5172ca00d2a6e6e.jpg,finger_acropora,213960,9108,17757,0.8884459669884771,0.9409281308750289,0.959169401258809,0.9233677287380727
GPAB3221_jpg.rf.8d374c772359fb68a5172ca00d2a6e6e.jpg,finger_porites,0,13166,0,0.0,0.0,0.0,
GPAB3221_jpg.rf.8d374c772359fb68a5172ca00d2a6e6e.jpg,knob_porites,0,4363,0,0.0,0.0,0.0,
GPAB3221_jpg.rf.8d374c772359fb68a5172ca00d2a6e6e.jpg,mounding_,3503,5303,168,0.3903498997102741,0.5615131842590366,0.39779695662048603,0.9542359030236993
GPAB3221_jpg.rf.8d374c772359fb68a5172ca00d2a6e6e.jpg,oddball,0,0,3882,0.0,0.0,,0.0
GPAB3221_jpg.rf.8d374c772359fb68a5172ca00d2a6e6e.jpg,pocillopora_,0,0,0,1.0,1.0,,
GPAB3221_jpg.rf.8d374c772359fb68a5172ca00d2a6e6e.jpg,table_acropora,0,13009,0,0.0,0.0,0.0,
GPAB3222_jpg.rf.ef789681cc6f68d058b4fab3aa2fddd8.jpg,branching_acropora,0,1324,0,0.0,0.0,0.0,
GPAB3222_jpg.rf.ef789681cc6f68d058b4fab3aa2fddd8.jpg,finger_acropora,26271,316,736385,0.034432456236926125,0.06657265252906899,0.9881144920449844,0.03444672303109134
GPAB3222_jpg.rf.ef789681cc6f68d058b4fab3aa2fddd8.jpg,finger_porites,0,2653,0,0.0,0.0,0.0,
GPAB3222_jpg.rf.ef789681cc6f68d058b4fab3aa2fddd8.jpg,knob_porites,0,0,0,1.0,1.0,,
GPAB3222_jpg.rf.ef789681cc6f68d058b4fab3aa2fddd8.jpg,mounding_,0,0,0,1.0,1.0,,
GPAB3222_jpg.rf.ef789681cc6f68d058b4fab3aa2fddd8.jpg,oddball,0,0,0,1.0,1.0,,
GPAB3222_jpg.rf.ef789681cc6f68d058b4fab3aa2fddd8.jpg,pocillopora_,0,0,0,1.0,1.0,,
GPAB3222_jpg.rf.ef789681cc6f68d058b4fab3aa2fddd8.jpg,table_acropora,0,415681,0,0.0,0.0,0.0,
GPAB3223_jpg.rf.665c44ab9c7d66a0223d88910b91bfc1.jpg,branching_acropora,0,0,0,1.0,1.0,,
GPAB3223_jpg.rf.665c44ab9c7d66a0223d88910b91bfc1.jpg,finger_acropora,151366,38827,5266,0.7744130482607605,0.872866719527139,0.7958547370302798,0.9663797946779713
GPAB3223_jpg.rf.665c44ab9c7d66a0223d88910b91bfc1.jpg,finger_porites,0,0,0,1.0,1.0,,
GPAB3223_jpg.rf.665c44ab9c7d66a0223d88910b91bfc1.jpg,knob_porites,0,0,0,1.0,1.0,,
GPAB3223_jpg.rf.665c44ab9c7d66a0223d88910b91bfc1.jpg,mounding_,0,0,0,1.0,1.0,,
GPAB3223_jpg.rf.665c44ab9c7d66a0223d88910b91bfc1.jpg,oddball,5785,651,59,0.8906851424172441,0.9421824104234527,0.8988502175264139,0.9899041752224503
GPAB3223_jpg.rf.665c44ab9c7d66a0223d88910b91bfc1.jpg,pocillopora_,0,0,0,1.0,1.0,,
GPAB3223_jpg.rf.665c44ab9c7d66a0223d88910b91bfc1.jpg,table_acropora,0,0,0,1.0,1.0,,
GPAB3224_jpg.rf.3496e1b9cc1114642afead4714dc1e93.jpg,branching_acropora,0,0,0,1.0,1.0,,
GPAB3224_jpg.rf.3496e1b9cc1114642afead4714dc1e93.jpg,finger_acropora,184575,7189,260412,0.40819282757156505,0.5797399611465078,0.9625112116977118,0.4147873982835454
GPAB3224_jpg.rf.3496e1b9cc1114642afead4714dc1e93.jpg,finger_porites,0,0,0,1.0,1.0,,
GPAB3224_jpg.rf.3496e1b9cc1114642afead4714dc1e93.jpg,knob_porites,0,0,0,1.0,1.0,,
GPAB3224_jpg.rf.3496e1b9cc1114642afead4714dc1e93.jpg,mounding_,0,101188,0,0.0,0.0,0.0,
GPAB3224_jpg.rf.3496e1b9cc1114642afead4714dc1e93.jpg,oddball,0,0,0,1.0,1.0,,
GPAB3224_jpg.rf.3496e1b9cc1114642afead4714dc1e93.jpg,pocillopora_,0,0,0,1.0,1.0,,
GPAB3224_jpg.rf.3496e1b9cc1114642afead4714dc1e93.jpg,table_acropora,0,0,0,1.0,1.0,,
GPAB3225_jpg.rf.83718ce0f906ef09e77f85fef62d54c7.jpg,branching_acropora,0,0,0,1.0,1.0,,
GPAB3225_jpg.rf.83718ce0f906ef09e77f85fef62d54c7.jpg,finger_acropora,0,0,0,1.0,1.0,,
GPAB3225_jpg.rf.83718ce0f906ef09e77f85fef62d54c7.jpg,finger_porites,0,0,0,1.0,1.0,,
GPAB3225_jpg.rf.83718ce0f906ef09e77f85fef62d54c7.jpg,knob_porites,0,0,0,1.0,1.0,,
GPAB3225_jpg.rf.83718ce0f906ef09e77f85fef62d54c7.jpg,mounding_,1638,3,4272,0.2770167427701674,0.433849821215733,0.9981718464351006,0.27715736040609135
GPAB3225_jpg.rf.83718ce0f906ef09e77f85fef62d54c7.jpg,oddball,0,0,0,1.0,1.0,,
GPAB3225_jpg.rf.83718ce0f906ef09e77f85fef62d54c7.jpg,pocillopora_,0,0,0,1.0,1.0,,
GPAB3225_jpg.rf.83718ce0f906ef09e77f85fef62d54c7.jpg,table_acropora,0,0,0,1.0,1.0,,
GPAB3226_jpg.rf.c75bfba17fbb447344c44f31fb1f214a.jpg,branching_acropora,0,0,0,1.0,1.0,,
GPAB3226_jpg.rf.c75bfba17fbb447344c44f31fb1f214a.jpg,finger_acropora,0,5583,0,0.0,0.0,0.0,
GPAB3226_jpg.rf.c75bfba17fbb447344c44f31fb1f214a.jpg,finger_porites,0,0,0,1.0,1.0,,
GPAB3226_jpg.rf.c75bfba17fbb447344c44f31fb1f214a.jpg,knob_porites,0,0,0,1.0,1.0,,
GPAB3226_jpg.rf.c75bfba17fbb447344c44f31fb1f214a.jpg,mounding_,0,1146,0,0.0,0.0,0.0,
GPAB3226_jpg.rf.c75bfba17fbb447344c44f31fb1f214a.jpg,oddball,0,0,0,1.0,1.0,,
GPAB3226_jpg.rf.c75bfba17fbb447344c44f31fb1f214a.jpg,pocillopora_,0,1018,0,0.0,0.0,0.0,
GPAB3226_jpg.rf.c75bfba17fbb447344c44f31fb1f214a.jpg,table_acropora,0,1551,0,0.0,0.0,0.0,
GPAB3227_jpg.rf.2b959500f6e4dec0055fc1e6488e6c59.jpg,branching_acropora,0,5914,0,0.0,0.0,0.0,
GPAB3227_jpg.rf.2b959500f6e4dec0055fc1e6488e6c59.jpg,finger_acropora,166559,10667,117586,0.5649668263164321,0.7220176387332538,0.9398113143669665,0.5861760720758767
GPAB3227_jpg.rf.2b959500f6e4dec0055fc1e6488e6c59.jpg,finger_porites,0,20506,0,0.0,0.0,0.0,
GPAB3227_jpg.rf.2b959500f6e4dec0055fc1e6488e6c59.jpg,knob_porites,0,27040,10162,0.0,0.0,0.0,0.0
GPAB3227_jpg.rf.2b959500f6e4dec0055fc1e6488e6c59.jpg,mounding_,33985,367,6242,0.8371926885746662,0.9113825607744808,0.9893164881229622,0.8448305864220549
GPAB3227_jpg.rf.2b959500f6e4dec0055fc1e6488e6c59.jpg,oddball,2872,82,1904,0.5911897900370523,0.7430789133247089,0.972241029113067,0.6013400335008375
GPAB3227_jpg.rf.2b959500f6e4dec0055fc1e6488e6c59.jpg,pocillopora_,0,5064,1167,0.0,0.0,0.0,0.0
GPAB3227_jpg.rf.2b959500f6e4dec0055fc1e6488e6c59.jpg,table_acropora,0,0,0,1.0,1.0,,
GPAB3228_jpg.rf.92aef0621bb3c3054cd3952cab4294ff.jpg,branching_acropora,0,0,0,1.0,1.0,,
GPAB3228_jpg.rf.92aef0621bb3c3054cd3952cab4294ff.jpg,finger_acropora,117304,18067,319177,0.258067354822813,0.4102599973419696,0.8665371460652577,0.2687493842801863
GPAB3228_jpg.rf.92aef0621bb3c3054cd3952cab4294ff.jpg,finger_porites,0,11269,0,0.0,0.0,0.0,
GPAB3228_jpg.rf.92aef0621bb3c3054cd3952cab4294ff.jpg,knob_porites,7923,4868,95,0.6148533291944747,0.7614974289970686,0.6194199046204363,0.9881516587677726
GPAB3228_jpg.rf.92aef0621bb3c3054cd3952cab4294ff.jpg,mounding_,13515,4495,3456,0.6296002981459051,0.7727051828135273,0.7504164353137146,0.7963584939013612
GPAB3228_jpg.rf.92aef0621bb3c3054cd3952cab4294ff.jpg,oddball,0,1767,0,0.0,0.0,0.0,
GPAB3228_jpg.rf.92aef0621bb3c3054cd3952cab4294ff.jpg,pocillopora_,5534,137,350,0.9191164258428832,0.957853742968412,0.9758420031740433,0.9405166553365057
GPAB3228_jpg.rf.92aef0621bb3c3054cd3952cab4294ff.jpg,table_acropora,0,15373,0,0.0,0.0,0.0,
GPAB3256_jpg.rf.7d206d4c2dfb923b428f093deabfd85f.jpg,branching_acropora,0,0,0,1.0,1.0,,
GPAB3256_jpg.rf.7d206d4c2dfb923b428f093deabfd85f.jpg,finger_acropora,0,0,0,1.0,1.0,,
GPAB3256_jpg.rf.7d206d4c2dfb923b428f093deabfd85f.jpg,finger_porites,939815,100374,151,0.903372935770998,0.949233772103699,0.9035040747402635,0.9998393558915961
GPAB3256_jpg.rf.7d206d4c2dfb923b428f093deabfd85f.jpg,knob_porites,0,0,0,1.0,1.0,,
GPAB3256_jpg.rf.7d206d4c2dfb923b428f093deabfd85f.jpg,mounding_,0,0,0,1.0,1.0,,
GPAB3256_jpg.rf.7d206d4c2dfb923b428f093deabfd85f.jpg,oddball,0,0,0,1.0,1.0,,
GPAB3256_jpg.rf.7d206d4c2dfb923b428f093deabfd85f.jpg,pocillopora_,0,0,0,1.0,1.0,,
GPAB3256_jpg.rf.7d206d4c2dfb923b428f093deabfd85f.jpg,table_acropora,0,0,0,1.0,1.0,,
GPAB3257_jpg.rf.3ee28745ceb92561a0b0b7379c7e81aa.jpg,branching_acropora,0,13493,0,0.0,0.0,0.0,
GPAB3257_jpg.rf.3ee28745ceb92561a0b0b7379c7e81aa.jpg,finger_acropora,0,0,0,1.0,1.0,,
GPAB3257_jpg.rf.3ee28745ceb92561a0b0b7379c7e81aa.jpg,finger_porites,370321,4770,599196,0.38009436644438443,0.550823734501059,0.9872830859711377,0.3819644214593452
GPAB3257_jpg.rf.3ee28745ceb92561a0b0b7379c7e81aa.jpg,knob_porites,0,2043,0,0.0,0.0,0.0,
GPAB3257_jpg.rf.3ee28745ceb92561a0b0b7379c7e81aa.jpg,mounding_,0,0,0,1.0,1.0,,
GPAB3257_jpg.rf.3ee28745ceb92561a0b0b7379c7e81aa.jpg,oddball,0,0,0,1.0,1.0,,
GPAB3257_jpg.rf.3ee28745ceb92561a0b0b7379c7e81aa.jpg,pocillopora_,0,0,0,1.0,1.0,,
GPAB3257_jpg.rf.3ee28745ceb92561a0b0b7379c7e81aa.jpg,table_acropora,0,0,0,1.0,1.0,,
GPAB3258_jpg.rf.c7ef61abe1c7481746e6bde8d974d808.jpg,branching_acropora,0,0,0,1.0,1.0,,
GPAB3258_jpg.rf.c7ef61abe1c7481746e6bde8d974d808.jpg,finger_acropora,0,0,0,1.0,1.0,,
GPAB3258_jpg.rf.c7ef61abe1c7481746e6bde8d974d808.jpg,finger_porites,539824,11032,354116,0.5965090632638358,0.747266742155986,0.9799729874958247,0.6038705058505045
GPAB3258_jpg.rf.c7ef61abe1c7481746e6bde8d974d808.jpg,knob_porites,0,0,0,1.0,1.0,,
GPAB3258_jpg.rf.c7ef61abe1c7481746e6bde8d974d808.jpg,mounding_,0,0,0,1.0,1.0,,
GPAB3258_jpg.rf.c7ef61abe1c7481746e6bde8d974d808.jpg,oddball,0,0,0,1.0,1.0,,
GPAB3258_jpg.rf.c7ef61abe1c7481746e6bde8d974d808.jpg,pocillopora_,0,0,0,1.0,1.0,,
GPAB3258_jpg.rf.c7ef61abe1c7481746e6bde8d974d808.jpg,table_acropora,0,0,0,1.0,1.0,,
GPAB3259_jpg.rf.839025428ad843c1b67707a3f6164648.jpg,branching_acropora,0,0,0,1.0,1.0,,
GPAB3259_jpg.rf.839025428ad843c1b67707a3f6164648.jpg,finger_acropora,0,0,0,1.0,1.0,,
GPAB3259_jpg.rf.839025428ad843c1b67707a3f6164648.jpg,finger_porites,933902,106213,614,0.8973536818902904,0.9459002720001863,0.8978834071232508,0.9993429754011702
GPAB3259_jpg.rf.839025428ad843c1b67707a3f6164648.jpg,knob_porites,0,0,0,1.0,1.0,,
GPAB3259_jpg.rf.839025428ad843c1b67707a3f6164648.jpg,mounding_,0,0,0,1.0,1.0,,
GPAB3259_jpg.rf.839025428ad843c1b67707a3f6164648.jpg,oddball,0,0,0,1.0,1.0,,
GPAB3259_jpg.rf.839025428ad843c1b67707a3f6164648.jpg,pocillopora_,0,0,0,1.0,1.0,,
GPAB3259_jpg.rf.839025428ad843c1b67707a3f6164648.jpg,table_acropora,0,0,0,1.0,1.0,,
GPAB3260_jpg.rf.2a852c74755eedf1b0bbf6519188576e.jpg,branching_acropora,0,0,0,1.0,1.0,,
GPAB3260_jpg.rf.2a852c74755eedf1b0bbf6519188576e.jpg,finger_acropora,0,0,493,0.0,0.0,,0.0
GPAB3260_jpg.rf.2a852c74755eedf1b0bbf6519188576e.jpg,finger_porites,967312,72722,962,0.9292177875803558,0.96331040856283,0.9300772859348829,0.9990064795708653
GPAB3260_jpg.rf.2a852c74755eedf1b0bbf6519188576e.jpg,knob_porites,0,0,0,1.0,1.0,,
GPAB3260_jpg.rf.2a852c74755eedf1b0bbf6519188576e.jpg,mounding_,0,0,637,0.0,0.0,,0.0
GPAB3260_jpg.rf.2a852c74755eedf1b0bbf6519188576e.jpg,oddball,0,0,0,1.0,1.0,,
GPAB3260_jpg.rf.2a852c74755eedf1b0bbf6519188576e.jpg,pocillopora_,0,0,0,1.0,1.0,,
GPAB3260_jpg.rf.2a852c74755eedf1b0bbf6519188576e.jpg,table_acropora,0,0,0,1.0,1.0,,
GPAB3261_jpg.rf.8999c48d44cc28e7c338a83f1c9f0ff3.jpg,branching_acropora,0,0,0,1.0,1.0,,
GPAB3261_jpg.rf.8999c48d44cc28e7c338a83f1c9f0ff3.jpg,finger_acropora,0,0,0,1.0,1.0,,
GPAB3261_jpg.rf.8999c48d44cc28e7c338a83f1c9f0ff3.jpg,finger_porites,1024202,14492,2479,0.9837001151585759,0.9917830902378503,0.9860478639522323,0.9975854233203887
GPAB3261_jpg.rf.8999c48d44cc28e7c338a83f1c9f0ff3.jpg,knob_porites,0,0,0,1.0,1.0,,
GPAB3261_jpg.rf.8999c48d44cc28e7c338a83f1c9f0ff3.jpg,mounding_,0,0,0,1.0,1.0,,
GPAB3261_jpg.rf.8999c48d44cc28e7c338a83f1c9f0ff3.jpg,oddball,0,0,0,1.0,1.0,,
GPAB3261_jpg.rf.8999c48d44cc28e7c338a83f1c9f0ff3.jpg,pocillopora_,0,0,0,1.0,1.0,,
GPAB3261_jpg.rf.8999c48d44cc28e7c338a83f1c9f0ff3.jpg,table_acropora,0,0,0,1.0,1.0,,
GPAB3262_jpg.rf.77bd56029fdd05e1a937a6123d894b5b.jpg,branching_acropora,0,0,0,1.0,1.0,,
GPAB3262_jpg.rf.77bd56029fdd05e1a937a6123d894b5b.jpg,finger_acropora,0,0,0,1.0,1.0,,
GPAB3262_jpg.rf.77bd56029fdd05e1a937a6123d894b5b.jpg,finger_porites,485769,552073,1293,0.46747438975686506,0.6371142052220993,0.4680567947722293,0.9973453071682866
GPAB3262_jpg.rf.77bd56029fdd05e1a937a6123d894b5b.jpg,knob_porites,0,0,508759,0.0,0.0,,0.0
GPAB3262_jpg.rf.77bd56029fdd05e1a937a6123d894b5b.jpg,mounding_,0,0,0,1.0,1.0,,
GPAB3262_jpg.rf.77bd56029fdd05e1a937a6123d894b5b.jpg,oddball,0,0,0,1.0,1.0,,
GPAB3262_jpg.rf.77bd56029fdd05e1a937a6123d894b5b.jpg,pocillopora_,0,0,0,1.0,1.0,,
GPAB3262_jpg.rf.77bd56029fdd05e1a937a6123d894b5b.jpg,table_acropora,0,0,0,1.0,1.0,,
GPAB3263_jpg.rf.d701924d1f6c7c918723e49532d90267.jpg,branching_acropora,0,0,0,1.0,1.0,,
GPAB3263_jpg.rf.d701924d1f6c7c918723e49532d90267.jpg,finger_acropora,0,0,0,1.0,1.0,,
GPAB3263_jpg.rf.d701924d1f6c7c918723e49532d90267.jpg,finger_porites,0,1033565,0,0.0,0.0,0.0,
GPAB3263_jpg.rf.d701924d1f6c7c918723e49532d90267.jpg,knob_porites,0,0,973216,0.0,0.0,,0.0
GPAB3263_jpg.rf.d701924d1f6c7c918723e49532d90267.jpg,mounding_,0,0,0,1.0,1.0,,
GPAB3263_jpg.rf.d701924d1f6c7c918723e49532d90267.jpg,oddball,0,0,0,1.0,1.0,,
GPAB3263_jpg.rf.d701924d1f6c7c918723e49532d90267.jpg,pocillopora_,0,0,0,1.0,1.0,,
GPAB3263_jpg.rf.d701924d1f6c7c918723e49532d90267.jpg,table_acropora,0,0,0,1.0,1.0,,
GPAB3264_jpg.rf.7edd339bc280e2edab14e6c55b7b5448.jpg,branching_acropora,0,0,0,1.0,1.0,,
GPAB3264_jpg.rf.7edd339bc280e2edab14e6c55b7b5448.jpg,finger_acropora,0,0,0,1.0,1.0,,
GPAB3264_jpg.rf.7edd339bc280e2edab14e6c55b7b5448.jpg,finger_porites,551956,488681,4,0.5304000130688681,0.6931521282534125,0.5304020518201832,0.9999927530980506
GPAB3264_jpg.rf.7edd339bc280e2edab14e6c55b7b5448.jpg,knob_porites,0,0,417701,0.0,0.0,,0.0
GPAB3264_jpg.rf.7edd339bc280e2edab14e6c55b7b5448.jpg,mounding_,0,0,0,1.0,1.0,,
GPAB3264_jpg.rf.7edd339bc280e2edab14e6c55b7b5448.jpg,oddball,0,0,0,1.0,1.0,,
GPAB3264_jpg.rf.7edd339bc280e2edab14e6c55b7b5448.jpg,pocillopora_,0,0,0,1.0,1.0,,
GPAB3264_jpg.rf.7edd339bc280e2edab14e6c55b7b5448.jpg,table_acropora,0,0,0,1.0,1.0,,
GPAB3265_jpg.rf.8995466d2b3f0f2c217c0f02097fd53f.jpg,branching_acropora,0,0,0,1.0,1.0,,
GPAB3265_jpg.rf.8995466d2b3f0f2c217c0f02097fd53f.jpg,finger_acropora,0,0,0,1.0,1.0,,
GPAB3265_jpg.rf.8995466d2b3f0f2c217c0f02097fd53f.jpg,finger_porites,331961,691075,0,0.32448613734023046,0.48998042062085745,0.32448613734023046,1.0
GPAB3265_jpg.rf.8995466d2b3f0f2c217c0f02097fd53f.jpg,knob_porites,21451,745,451043,0.04532804777290122,0.0867250197093129,0.9664353937646423,0.04539951830076149
GPAB3265_jpg.rf.8995466d2b3f0f2c217c0f02097fd53f.jpg,mounding_,0,0,0,1.0,1.0,,
GPAB3265_jpg.rf.8995466d2b3f0f2c217c0f02097fd53f.jpg,oddball,0,0,0,1.0,1.0,,
GPAB3265_jpg.rf.8995466d2b3f0f2c217c0f02097fd53f.jpg,pocillopora_,0,0,0,1.0,1.0,,
GPAB3265_jpg.rf.8995466d2b3f0f2c217c0f02097fd53f.jpg,table_acropora,0,0,0,1.0,1.0,,
GPAB3266_jpg.rf.8a9ceca39439e1caada154d49866ef8d.jpg,branching_acropora,0,0,0,1.0,1.0,,
GPAB3266_jpg.rf.8a9ceca39439e1caada154d49866ef8d.jpg,finger_acropora,0,0,0,1.0,1.0,,
GPAB3266_jpg.rf.8a9ceca39439e1caada154d49866ef8d.jpg,finger_porites,27395,1011971,597,0.0263422833312339,0.051332355217274805,0.02635741403894297,0.9786724778508146
GPAB3266_jpg.rf.8a9ceca39439e1caada154d49866ef8d.jpg,knob_porites,0,0,1018299,0.0,0.0,,0.0
GPAB3266_jpg.rf.8a9ceca39439e1caada154d49866ef8d.jpg,mounding_,0,0,0,1.0,1.0,,
GPAB3266_jpg.rf.8a9ceca39439e1caada154d49866ef8d.jpg,oddball,0,0,0,1.0,1.0,,
GPAB3266_jpg.rf.8a9ceca39439e1caada154d49866ef8d.jpg,pocillopora_,0,0,0,1.0,1.0,,
GPAB3266_jpg.rf.8a9ceca39439e1caada154d49866ef8d.jpg,table_acropora,0,0,0,1.0,1.0,,
GPAB3267_jpg.rf.e3a20dea0057ae4369291cfe9aaf4c33.jpg,branching_acropora,0,0,0,1.0,1.0,,
GPAB3267_jpg.rf.e3a20dea0057ae4369291cfe9aaf4c33.jpg,finger_acropora,0,0,0,1.0,1.0,,
GPAB3267_jpg.rf.e3a20dea0057ae4369291cfe9aaf4c33.jpg,finger_porites,0,0,0,1.0,1.0,,
GPAB3267_jpg.rf.e3a20dea0057ae4369291cfe9aaf4c33.jpg,knob_porites,1016263,22327,385,0.9781399937438341,0.9889492117214649,0.9785025852357523,0.9996213045223126
GPAB3267_jpg.rf.e3a20dea0057ae4369291cfe9aaf4c33.jpg,mounding_,0,0,0,1.0,1.0,,
GPAB3267_jpg.rf.e3a20dea0057ae4369291cfe9aaf4c33.jpg,oddball,0,2296,0,0.0,0.0,0.0,
GPAB3267_jpg.rf.e3a20dea0057ae4369291cfe9aaf4c33.jpg,pocillopora_,0,0,0,1.0,1.0,,
GPAB3267_jpg.rf.e3a20dea0057ae4369291cfe9aaf4c33.jpg,table_acropora,0,0,0,1.0,1.0,,
GPAB3268_jpg.rf.29fefe45e6a87e115961b6cbdb159bec.jpg,branching_acropora,0,0,0,1.0,1.0,,
GPAB3268_jpg.rf.29fefe45e6a87e115961b6cbdb159bec.jpg,finger_acropora,0,0,0,1.0,1.0,,
GPAB3268_jpg.rf.29fefe45e6a87e115961b6cbdb159bec.jpg,finger_porites,318979,720792,227,0.30671116675224375,0.4694398801451386,0.3067781271068341,0.9992888604850786
GPAB3268_jpg.rf.29fefe45e6a87e115961b6cbdb159bec.jpg,knob_porites,0,0,717279,0.0,0.0,,0.0
GPAB3268_jpg.rf.29fefe45e6a87e115961b6cbdb159bec.jpg,mounding_,0,0,0,1.0,1.0,,
GPAB3268_jpg.rf.29fefe45e6a87e115961b6cbdb159bec.jpg,oddball,0,0,0,1.0,1.0,,
GPAB3268_jpg.rf.29fefe45e6a87e115961b6cbdb159bec.jpg,pocillopora_,0,0,0,1.0,1.0,,
GPAB3268_jpg.rf.29fefe45e6a87e115961b6cbdb159bec.jpg,table_acropora,0,0,0,1.0,1.0,,
GPAB3269_jpg.rf.c2d884cd6974e828bacc14f4aaf2636f.jpg,branching_acropora,0,0,0,1.0,1.0,,
GPAB3269_jpg.rf.c2d884cd6974e828bacc14f4aaf2636f.jpg,finger_acropora,0,0,0,1.0,1.0,,
GPAB3269_jpg.rf.c2d884cd6974e828bacc14f4aaf2636f.jpg,finger_porites,1039547,1084,759,0.9982302499543879,0.9991143412799138,0.9989583243243763,0.9992704069764089
GPAB3269_jpg.rf.c2d884cd6974e828bacc14f4aaf2636f.jpg,knob_porites,0,0,0,1.0,1.0,,
GPAB3269_jpg.rf.c2d884cd6974e828bacc14f4aaf2636f.jpg,mounding_,0,0,0,1.0,1.0,,
GPAB3269_jpg.rf.c2d884cd6974e828bacc14f4aaf2636f.jpg,oddball,0,0,0,1.0,1.0,,
GPAB3269_jpg.rf.c2d884cd6974e828bacc14f4aaf2636f.jpg,pocillopora_,0,0,0,1.0,1.0,,
GPAB3269_jpg.rf.c2d884cd6974e828bacc14f4aaf2636f.jpg,table_acropora,0,0,0,1.0,1.0,,
GPAB3270_jpg.rf.e0b91e356fe900e9f8f67900f88a75b3.jpg,branching_acropora,0,0,0,1.0,1.0,,
GPAB3270_jpg.rf.e0b91e356fe900e9f8f67900f88a75b3.jpg,finger_acropora,0,0,1302,0.0,0.0,,0.0
GPAB3270_jpg.rf.e0b91e356fe900e9f8f67900f88a75b3.jpg,finger_porites,955350,85372,41,0.9179323246502806,0.9572103382924714,0.9179684872617279,0.9999570856330026
GPAB3270_jpg.rf.e0b91e356fe900e9f8f67900f88a75b3.jpg,knob_porites,0,0,0,1.0,1.0,,
GPAB3270_jpg.rf.e0b91e356fe900e9f8f67900f88a75b3.jpg,mounding_,0,0,0,1.0,1.0,,
GPAB3270_jpg.rf.e0b91e356fe900e9f8f67900f88a75b3.jpg,oddball,0,0,0,1.0,1.0,,
GPAB3270_jpg.rf.e0b91e356fe900e9f8f67900f88a75b3.jpg,pocillopora_,0,0,0,1.0,1.0,,
GPAB3270_jpg.rf.e0b91e356fe900e9f8f67900f88a75b3.jpg,table_acropora,0,0,0,1.0,1.0,,
GPAB3271_jpg.rf.21bf1e78667a608bb741f6939825a79c.jpg,branching_acropora,0,0,0,1.0,1.0,,
GPAB3271_jpg.rf.21bf1e78667a608bb741f6939825a79c.jpg,finger_acropora,0,0,0,1.0,1.0,,
GPAB3271_jpg.rf.21bf1e78667a608bb741f6939825a79c.jpg,finger_porites,833374,206072,105,0.8016672582682332,0.8899171082664816,0.8017482389657568,0.9998740220209508
GPAB3271_jpg.rf.21bf1e78667a608bb741f6939825a79c.jpg,knob_porites,0,0,95790,0.0,0.0,,0.0
GPAB3271_jpg.rf.21bf1e78667a608bb741f6939825a79c.jpg,mounding_,0,0,0,1.0,1.0,,
GPAB3271_jpg.rf.21bf1e78667a608bb741f6939825a79c.jpg,oddball,0,0,0,1.0,1.0,,
GPAB3271_jpg.rf.21bf1e78667a608bb741f6939825a79c.jpg,pocillopora_,0,0,0,1.0,1.0,,
GPAB3271_jpg.rf.21bf1e78667a608bb741f6939825a79c.jpg,table_acropora,0,0,0,1.0,1.0,,
GPAB3272_jpg.rf.2b8771d36365460b06cf19eab013370a.jpg,branching_acropora,0,0,0,1.0,1.0,,
GPAB3272_jpg.rf.2b8771d36365460b06cf19eab013370a.jpg,finger_acropora,0,0,9479,0.0,0.0,,0.0
GPAB3272_jpg.rf.2b8771d36365460b06cf19eab013370a.jpg,finger_porites,526333,513873,116,0.5059327785051166,0.671919471740747,0.5059891982934149,0.9997796557691249
GPAB3272_jpg.rf.2b8771d36365460b06cf19eab013370a.jpg,knob_porites,0,0,411763,0.0,0.0,,0.0
GPAB3272_jpg.rf.2b8771d36365460b06cf19eab013370a.jpg,mounding_,0,0,0,1.0,1.0,,
GPAB3272_jpg.rf.2b8771d36365460b06cf19eab013370a.jpg,oddball,0,0,0,1.0,1.0,,
GPAB3272_jpg.rf.2b8771d36365460b06cf19eab013370a.jpg,pocillopora_,0,0,0,1.0,1.0,,
GPAB3272_jpg.rf.2b8771d36365460b06cf19eab013370a.jpg,table_acropora,0,0,0,1.0,1.0,,
GPAB3273_jpg.rf.7792a8041112c3f484a16677ed8557f4.jpg,branching_acropora,0,5009,0,0.0,0.0,0.0,
GPAB3273_jpg.rf.7792a8041112c3f484a16677ed8557f4.jpg,finger_acropora,8979,70,1592,0.8438116718353538,0.9152905198776758,0.9922643386009504,0.8493992999716204
GPAB3273_jpg.rf.7792a8041112c3f484a16677ed8557f4.jpg,finger_porites,90026,697729,17314,0.11182395546220261,0.20115406744535497,0.1142817246478918,0.8386994596608907
GPAB3273_jpg.rf.7792a8041112c3f484a16677ed8557f4.jpg,knob_porites,3617,7492,734091,0.004853730542136339,0.009660571274423524,0.32559186245386623,0.0049030239606998975
GPAB3273_jpg.rf.7792a8041112c3f484a16677ed8557f4.jpg,mounding_,0,0,0,1.0,1.0,,
GPAB3273_jpg.rf.7792a8041112c3f484a16677ed8557f4.jpg,oddball,0,0,0,1.0,1.0,,
GPAB3273_jpg.rf.7792a8041112c3f484a16677ed8557f4.jpg,pocillopora_,0,0,0,1.0,1.0,,
GPAB3273_jpg.rf.7792a8041112c3f484a16677ed8557f4.jpg,table_acropora,0,0,0,1.0,1.0,,
GPAB3274_jpg.rf.6f8cbaf27e8d238f2d942b271ee4af69.jpg,branching_acropora,0,0,0,1.0,1.0,,
GPAB3274_jpg.rf.6f8cbaf27e8d238f2d942b271ee4af69.jpg,finger_acropora,0,0,0,1.0,1.0,,
GPAB3274_jpg.rf.6f8cbaf27e8d238f2d942b271ee4af69.jpg,finger_porites,316156,538134,133482,0.32006981368169984,0.4849286156904369,0.37008041765676764,0.7031345215484457
GPAB3274_jpg.rf.6f8cbaf27e8d238f2d942b271ee4af69.jpg,knob_porites,0,0,508084,0.0,0.0,,0.0
GPAB3274_jpg.rf.6f8cbaf27e8d238f2d942b271ee4af69.jpg,mounding_,0,0,0,1.0,1.0,,
GPAB3274_jpg.rf.6f8cbaf27e8d238f2d942b271ee4af69.jpg,oddball,0,0,0,1.0,1.0,,
GPAB3274_jpg.rf.6f8cbaf27e8d238f2d942b271ee4af69.jpg,pocillopora_,0,0,0,1.0,1.0,,
GPAB3274_jpg.rf.6f8cbaf27e8d238f2d942b271ee4af69.jpg,table_acropora,0,0,0,1.0,1.0,,
GPAB3275_jpg.rf.1d25169dab7666cefd953b8af141cd76.jpg,branching_acropora,0,0,0,1.0,1.0,,
GPAB3275_jpg.rf.1d25169dab7666cefd953b8af141cd76.jpg,finger_acropora,0,0,0,1.0,1.0,,
GPAB3275_jpg.rf.1d25169dab7666cefd953b8af141cd76.jpg,finger_porites,547329,3401,183125,0.7458271729428838,0.854411232110298,0.993824560129283,0.7492997505660863
GPAB3275_jpg.rf.1d25169dab7666cefd953b8af141cd76.jpg,knob_porites,209024,4965,14073,0.9165226999675526,0.9564433543970752,0.9767978727878536,0.9369198151476712
GPAB3275_jpg.rf.1d25169dab7666cefd953b8af141cd76.jpg,mounding_,0,1346,0,0.0,0.0,0.0,
GPAB3275_jpg.rf.1d25169dab7666cefd953b8af141cd76.jpg,oddball,0,0,0,1.0,1.0,,
GPAB3275_jpg.rf.1d25169dab7666cefd953b8af141cd76.jpg,pocillopora_,0,0,0,1.0,1.0,,
GPAB3275_jpg.rf.1d25169dab7666cefd953b8af141cd76.jpg,table_acropora,0,0,0,1.0,1.0,,
GPAB3276_jpg.rf.a8a21ae6b31115095960af1c82759954.jpg,branching_acropora,0,0,0,1.0,1.0,,
GPAB3276_jpg.rf.a8a21ae6b31115095960af1c82759954.jpg,finger_acropora,0,0,0,1.0,1.0,,
GPAB3276_jpg.rf.a8a21ae6b31115095960af1c82759954.jpg,finger_porites,601800,4688,294103,0.6682278637028352,0.801123009922184,0.9922702510189814,0.6717245058895885
GPAB3276_jpg.rf.a8a21ae6b31115095960af1c82759954.jpg,knob_porites,0,0,0,1.0,1.0,,
GPAB3276_jpg.rf.a8a21ae6b31115095960af1c82759954.jpg,mounding_,0,0,0,1.0,1.0,,
GPAB3276_jpg.rf.a8a21ae6b31115095960af1c82759954.jpg,oddball,0,0,0,1.0,1.0,,
GPAB3276_jpg.rf.a8a21ae6b31115095960af1c82759954.jpg,pocillopora_,0,0,0,1.0,1.0,,
GPAB3276_jpg.rf.a8a21ae6b31115095960af1c82759954.jpg,table_acropora,0,0,0,1.0,1.0,,
GPAB3277_jpg.rf.723ca0b955fa1ca90899447e24f64111.jpg,branching_acropora,0,0,0,1.0,1.0,,
GPAB3277_jpg.rf.723ca0b955fa1ca90899447e24f64111.jpg,finger_acropora,0,0,0,1.0,1.0,,
GPAB3277_jpg.rf.723ca0b955fa1ca90899447e24f64111.jpg,finger_porites,908189,125172,819,0.8781730453112611,0.9351353939441991,0.8788690496351227,0.9990990178304261
GPAB3277_jpg.rf.723ca0b955fa1ca90899447e24f64111.jpg,knob_porites,0,0,5860,0.0,0.0,,0.0
GPAB3277_jpg.rf.723ca0b955fa1ca90899447e24f64111.jpg,mounding_,0,0,0,1.0,1.0,,
GPAB3277_jpg.rf.723ca0b955fa1ca90899447e24f64111.jpg,oddball,0,0,0,1.0,1.0,,
GPAB3277_jpg.rf.723ca0b955fa1ca90899447e24f64111.jpg,pocillopora_,0,0,0,1.0,1.0,,
GPAB3277_jpg.rf.723ca0b955fa1ca90899447e24f64111.jpg,table_acropora,0,0,0,1.0,1.0,,
GPAB3278_jpg.rf.67e2d52633a3ffb9fbefaa6b690632d9.jpg,branching_acropora,0,3612,0,0.0,0.0,0.0,
GPAB3278_jpg.rf.67e2d52633a3ffb9fbefaa6b690632d9.jpg,finger_acropora,0,0,0,1.0,1.0,,
GPAB3278_jpg.rf.67e2d52633a3ffb9fbefaa6b690632d9.jpg,finger_porites,148520,7210,620461,0.19134465614777807,0.32122468533412063,0.9537019199897258,0.1931387121398318
GPAB3278_jpg.rf.67e2d52633a3ffb9fbefaa6b690632d9.jpg,knob_porites,0,0,0,1.0,1.0,,
GPAB3278_jpg.rf.67e2d52633a3ffb9fbefaa6b690632d9.jpg,mounding_,0,0,0,1.0,1.0,,
GPAB3278_jpg.rf.67e2d52633a3ffb9fbefaa6b690632d9.jpg,oddball,1444,112,148,0.8474178403755869,0.9174078780177891,0.9280205655526992,0.907035175879397
GPAB3278_jpg.rf.67e2d52633a3ffb9fbefaa6b690632d9.jpg,pocillopora_,0,0,0,1.0,1.0,,
GPAB3278_jpg.rf.67e2d52633a3ffb9fbefaa6b690632d9.jpg,table_acropora,0,0,0,1.0,1.0,,
GPAB3279_jpg.rf.e80fecf07458b621fb3eb07d30d469f8.jpg,branching_acropora,0,0,0,1.0,1.0,,
GPAB3279_jpg.rf.e80fecf07458b621fb3eb07d30d469f8.jpg,finger_acropora,0,0,0,1.0,1.0,,
GPAB3279_jpg.rf.e80fecf07458b621fb3eb07d30d469f8.jpg,finger_porites,719136,314674,2768,0.6937596591862841,0.8191949258250489,0.6956171830413712,0.9961656951616835
GPAB3279_jpg.rf.e80fecf07458b621fb3eb07d30d469f8.jpg,knob_porites,0,0,5589,0.0,0.0,,0.0
GPAB3279_jpg.rf.e80fecf07458b621fb3eb07d30d469f8.jpg,mounding_,0,0,0,1.0,1.0,,
GPAB3279_jpg.rf.e80fecf07458b621fb3eb07d30d469f8.jpg,oddball,0,0,11953,0.0,0.0,,0.0
GPAB3279_jpg.rf.e80fecf07458b621fb3eb07d30d469f8.jpg,pocillopora_,0,0,0,1.0,1.0,,
GPAB3279_jpg.rf.e80fecf07458b621fb3eb07d30d469f8.jpg,table_acropora,0,0,0,1.0,1.0,,
GPAB3280_jpg.rf.9dcf0019e869d86acfed8f793c0121c8.jpg,branching_acropora,0,19385,0,0.0,0.0,0.0,
GPAB3280_jpg.rf.9dcf0019e869d86acfed8f793c0121c8.jpg,finger_acropora,0,0,0,1.0,1.0,,
GPAB3280_jpg.rf.9dcf0019e869d86acfed8f793c0121c8.jpg,finger_porites,262881,25081,405529,0.3790690866932664,0.5497463330168596,0.9129017023079434,0.39329303870378957
GPAB3280_jpg.rf.9dcf0019e869d86acfed8f793c0121c8.jpg,knob_porites,0,18849,0,0.0,0.0,0.0,
GPAB3280_jpg.rf.9dcf0019e869d86acfed8f793c0121c8.jpg,mounding_,0,0,0,1.0,1.0,,
GPAB3280_jpg.rf.9dcf0019e869d86acfed8f793c0121c8.jpg,oddball,0,0,9453,0.0,0.0,,0.0
GPAB3280_jpg.rf.9dcf0019e869d86acfed8f793c0121c8.jpg,pocillopora_,0,0,0,1.0,1.0,,
GPAB3280_jpg.rf.9dcf0019e869d86acfed8f793c0121c8.jpg,table_acropora,0,0,0,1.0,1.0,,
GPAB3281_jpg.rf.55f02dc1fe6c46a6329e2a014ae50f24.jpg,branching_acropora,0,0,0,1.0,1.0,,
GPAB3281_jpg.rf.55f02dc1fe6c46a6329e2a014ae50f24.jpg,finger_acropora,0,0,0,1.0,1.0,,
GPAB3281_jpg.rf.55f02dc1fe6c46a6329e2a014ae50f24.jpg,finger_porites,196166,35125,555932,0.24918733319529537,0.3989591097724298,0.8481350333562482,0.26082505205438655
GPAB3281_jpg.rf.55f02dc1fe6c46a6329e2a014ae50f24.jpg,knob_porites,2658,32604,6297,0.06395726557424385,0.12022525273085012,0.07537859452101413,0.2968174204355109
GPAB3281_jpg.rf.55f02dc1fe6c46a6329e2a014ae50f24.jpg,mounding_,0,0,0,1.0,1.0,,
GPAB3281_jpg.rf.55f02dc1fe6c46a6329e2a014ae50f24.jpg,oddball,15542,3086,353,0.8188188188188188,0.9003852504127683,0.8343354090616276,0.9777917584145958
GPAB3281_jpg.rf.55f02dc1fe6c46a6329e2a014ae50f24.jpg,pocillopora_,0,0,0,1.0,1.0,,
GPAB3281_jpg.rf.55f02dc1fe6c46a6329e2a014ae50f24.jpg,table_acropora,0,0,0,1.0,1.0,,
GPAB3288_jpg.rf.7a58e4d38c7055a146449a1c5f7d18bb.jpg,branching_acropora,0,0,0,1.0,1.0,,
GPAB3288_jpg.rf.7a58e4d38c7055a146449a1c5f7d18bb.jpg,finger_acropora,0,0,0,1.0,1.0,,
GPAB3288_jpg.rf.7a58e4d38c7055a146449a1c5f7d18bb.jpg,finger_porites,675170,352702,985,0.6562330819540519,0.7924404953677378,0.6568619438996295,0.9985432334302046
GPAB3288_jpg.rf.7a58e4d38c7055a146449a1c5f7d18bb.jpg,knob_porites,2837,73,1238,0.6839440694310511,0.8123120973514675,0.974914089347079,0.696196319018405
GPAB3288_jpg.rf.7a58e4d38c7055a146449a1c5f7d18bb.jpg,mounding_,0,0,0,1.0,1.0,,
GPAB3288_jpg.rf.7a58e4d38c7055a146449a1c5f7d18bb.jpg,oddball,0,0,0,1.0,1.0,,
GPAB3288_jpg.rf.7a58e4d38c7055a146449a1c5f7d18bb.jpg,pocillopora_,0,0,0,1.0,1.0,,
GPAB3288_jpg.rf.7a58e4d38c7055a146449a1c5f7d18bb.jpg,table_acropora,0,0,0,1.0,1.0,,
GPAB3405_jpg.rf.0a744a0303d7a1212bd37f5aef217427.jpg,branching_acropora,0,0,0,1.0,1.0,,
GPAB3405_jpg.rf.0a744a0303d7a1212bd37f5aef217427.jpg,finger_acropora,0,0,0,1.0,1.0,,
GPAB3405_jpg.rf.0a744a0303d7a1212bd37f5aef217427.jpg,finger_porites,288077,20094,56955,0.7889796946807404,0.8820443261895613,0.9347959412144556,0.8349283544714693
GPAB3405_jpg.rf.0a744a0303d7a1212bd37f5aef217427.jpg,knob_porites,0,0,9547,0.0,0.0,,0.0
GPAB3405_jpg.rf.0a744a0303d7a1212bd37f5aef217427.jpg,mounding_,0,0,0,1.0,1.0,,
GPAB3405_jpg.rf.0a744a0303d7a1212bd37f5aef217427.jpg,oddball,0,0,0,1.0,1.0,,
GPAB3405_jpg.rf.0a744a0303d7a1212bd37f5aef217427.jpg,pocillopora_,0,0,0,1.0,1.0,,
GPAB3405_jpg.rf.0a744a0303d7a1212bd37f5aef217427.jpg,table_acropora,0,0,0,1.0,1.0,,
GPAB3412_jpg.rf.aabe456f2f3adad085609422103a52ae.jpg,branching_acropora,0,0,0,1.0,1.0,,
GPAB3412_jpg.rf.aabe456f2f3adad085609422103a52ae.jpg,finger_acropora,0,0,0,1.0,1.0,,
GPAB3412_jpg.rf.aabe456f2f3adad085609422103a52ae.jpg,finger_porites,949775,50624,16062,0.9343939413317383,0.9660844374734264,0.949396190919823,0.9833698646873127
GPAB3412_jpg.rf.aabe456f2f3adad085609422103a52ae.jpg,knob_porites,0,0,0,1.0,1.0,,
GPAB3412_jpg.rf.aabe456f2f3adad085609422103a52ae.jpg,mounding_,0,0,0,1.0,1.0,,
GPAB3412_jpg.rf.aabe456f2f3adad085609422103a52ae.jpg,oddball,0,0,0,1.0,1.0,,
GPAB3412_jpg.rf.aabe456f2f3adad085609422103a52ae.jpg,pocillopora_,0,0,0,1.0,1.0,,
GPAB3412_jpg.rf.aabe456f2f3adad085609422103a52ae.jpg,table_acropora,0,0,0,1.0,1.0,,
GPAB3413_jpg.rf.d71936d8b4efe613f0112d09b364d35d.jpg,branching_acropora,0,0,0,1.0,1.0,,
GPAB3413_jpg.rf.d71936d8b4efe613f0112d09b364d35d.jpg,finger_acropora,0,0,0,1.0,1.0,,
GPAB3413_jpg.rf.d71936d8b4efe613f0112d09b364d35d.jpg,finger_porites,986041,50934,158,0.950737272847359,0.9747466110181329,0.9508821331276067,0.9998397889269812
GPAB3413_jpg.rf.d71936d8b4efe613f0112d09b364d35d.jpg,knob_porites,0,0,0,1.0,1.0,,
GPAB3413_jpg.rf.d71936d8b4efe613f0112d09b364d35d.jpg,mounding_,0,0,0,1.0,1.0,,
GPAB3413_jpg.rf.d71936d8b4efe613f0112d09b364d35d.jpg,oddball,0,0,0,1.0,1.0,,
GPAB3413_jpg.rf.d71936d8b4efe613f0112d09b364d35d.jpg,pocillopora_,0,0,0,1.0,1.0,,
GPAB3413_jpg.rf.d71936d8b4efe613f0112d09b364d35d.jpg,table_acropora,0,0,0,1.0,1.0,,
GPAB3414_jpg.rf.79f5f83a7d2e3362e7ffb0a7840a4535.jpg,branching_acropora,0,6645,0,0.0,0.0,0.0,
GPAB3414_jpg.rf.79f5f83a7d2e3362e7ffb0a7840a4535.jpg,finger_acropora,0,0,0,1.0,1.0,,
GPAB3414_jpg.rf.79f5f83a7d2e3362e7ffb0a7840a4535.jpg,finger_porites,884993,149441,3675,0.8525048911048839,0.9203807182354342,0.8555335574816759,0.995864597352442
GPAB3414_jpg.rf.79f5f83a7d2e3362e7ffb0a7840a4535.jpg,knob_porites,0,0,0,1.0,1.0,,
GPAB3414_jpg.rf.79f5f83a7d2e3362e7ffb0a7840a4535.jpg,mounding_,0,6760,0,0.0,0.0,0.0,
GPAB3414_jpg.rf.79f5f83a7d2e3362e7ffb0a7840a4535.jpg,oddball,0,0,0,1.0,1.0,,
GPAB3414_jpg.rf.79f5f83a7d2e3362e7ffb0a7840a4535.jpg,pocillopora_,0,0,0,1.0,1.0,,
GPAB3414_jpg.rf.79f5f83a7d2e3362e7ffb0a7840a4535.jpg,table_acropora,0,0,0,1.0,1.0,,
GPAB3415_jpg.rf.90f875249c32b02ae81d4b3bce2a27ef.jpg,branching_acropora,0,0,0,1.0,1.0,,
GPAB3415_jpg.rf.90f875249c32b02ae81d4b3bce2a27ef.jpg,finger_acropora,0,0,0,1.0,1.0,,
GPAB3415_jpg.rf.90f875249c32b02ae81d4b3bce2a27ef.jpg,finger_porites,603937,434456,403,0.5813817149854255,0.7352832140098239,0.5816073490480002,0.9993331568322468
GPAB3415_jpg.rf.90f875249c32b02ae81d4b3bce2a27ef.jpg,knob_porites,0,0,0,1.0,1.0,,
GPAB3415_jpg.rf.90f875249c32b02ae81d4b3bce2a27ef.jpg,mounding_,0,0,0,1.0,1.0,,
GPAB3415_jpg.rf.90f875249c32b02ae81d4b3bce2a27ef.jpg,oddball,0,0,0,1.0,1.0,,
GPAB3415_jpg.rf.90f875249c32b02ae81d4b3bce2a27ef.jpg,pocillopora_,0,0,0,1.0,1.0,,
GPAB3415_jpg.rf.90f875249c32b02ae81d4b3bce2a27ef.jpg,table_acropora,0,0,0,1.0,1.0,,
GPAB3481_jpg.rf.e4fc253b7043c340198c9e586f1f566a.jpg,branching_acropora,0,0,0,1.0,1.0,,
GPAB3481_jpg.rf.e4fc253b7043c340198c9e586f1f566a.jpg,finger_acropora,0,0,0,1.0,1.0,,
GPAB3481_jpg.rf.e4fc253b7043c340198c9e586f1f566a.jpg,finger_porites,652249,373871,1046,0.6349986272910123,0.7767573827791225,0.6356459283514598,0.9983988856489029
GPAB3481_jpg.rf.e4fc253b7043c340198c9e586f1f566a.jpg,knob_porites,0,0,203010,0.0,0.0,,0.0
GPAB3481_jpg.rf.e4fc253b7043c340198c9e586f1f566a.jpg,mounding_,0,0,0,1.0,1.0,,
GPAB3481_jpg.rf.e4fc253b7043c340198c9e586f1f566a.jpg,oddball,0,0,0,1.0,1.0,,
GPAB3481_jpg.rf.e4fc253b7043c340198c9e586f1f566a.jpg,pocillopora_,0,0,0,1.0,1.0,,
GPAB3481_jpg.rf.e4fc253b7043c340198c9e586f1f566a.jpg,table_acropora,0,0,0,1.0,1.0,,
GPAB3580_jpg.rf.ffad78ff6b840b81c294748dc1370522.jpg,branching_acropora,27102,9630,7811,0.608445771501695,0.7565636122548678,0.7378307742567788,0.776272448658093
GPAB3580_jpg.rf.ffad78ff6b840b81c294748dc1370522.jpg,finger_acropora,691406,20677,137950,0.8133872449657836,0.897091613745338,0.9709626546343615,0.833666121665485
GPAB3580_jpg.rf.ffad78ff6b840b81c294748dc1370522.jpg,finger_porites,0,0,0,1.0,1.0,,
GPAB3580_jpg.rf.ffad78ff6b840b81c294748dc1370522.jpg,knob_porites,0,0,0,1.0,1.0,,
GPAB3580_jpg.rf.ffad78ff6b840b81c294748dc1370522.jpg,mounding_,0,0,0,1.0,1.0,,
GPAB3580_jpg.rf.ffad78ff6b840b81c294748dc1370522.jpg,oddball,0,0,0,1.0,1.0,,
GPAB3580_jpg.rf.ffad78ff6b840b81c294748dc1370522.jpg,pocillopora_,0,15089,0,0.0,0.0,0.0,
GPAB3580_jpg.rf.ffad78ff6b840b81c294748dc1370522.jpg,table_acropora,0,3466,0,0.0,0.0,0.0,
GPAB3586_jpg.rf.c59c039c860f1f9b98ea9f314e7dca24.jpg,branching_acropora,4235,67,318,0.9166666666666666,0.9565217391304348,0.9844258484425848,0.9301559411377114
GPAB3586_jpg.rf.c59c039c860f1f9b98ea9f314e7dca24.jpg,finger_acropora,220447,3581,17799,0.9115896901503968,0.9537503731553149,0.9840153909332762,0.9252915054187688
GPAB3586_jpg.rf.c59c039c860f1f9b98ea9f314e7dca24.jpg,finger_porites,0,0,0,1.0,1.0,,
GPAB3586_jpg.rf.c59c039c860f1f9b98ea9f314e7dca24.jpg,knob_porites,0,0,0,1.0,1.0,,
GPAB3586_jpg.rf.c59c039c860f1f9b98ea9f314e7dca24.jpg,mounding_,0,0,0,1.0,1.0,,
GPAB3586_jpg.rf.c59c039c860f1f9b98ea9f314e7dca24.jpg,oddball,0,0,0,1.0,1.0,,
GPAB3586_jpg.rf.c59c039c860f1f9b98ea9f314e7dca24.jpg,pocillopora_,0,8880,0,0.0,0.0,0.0,
GPAB3586_jpg.rf.c59c039c860f1f9b98ea9f314e7dca24.jpg,table_acropora,0,0,0,1.0,1.0,,
GPAB3587_jpg.rf.25c7a80ed8216118dd3cb579f5aa563d.jpg,branching_acropora,0,2744,0,0.0,0.0,0.0,
GPAB3587_jpg.rf.25c7a80ed8216118dd3cb579f5aa563d.jpg,finger_acropora,337321,5374,140769,0.6977168930882134,0.821947282174991,0.9843184172514918,0.7055596226651886
GPAB3587_jpg.rf.25c7a80ed8216118dd3cb579f5aa563d.jpg,finger_porites,0,0,0,1.0,1.0,,
GPAB3587_jpg.rf.25c7a80ed8216118dd3cb579f5aa563d.jpg,knob_porites,0,0,0,1.0,1.0,,
GPAB3587_jpg.rf.25c7a80ed8216118dd3cb579f5aa563d.jpg,mounding_,0,2984,6071,0.0,0.0,0.0,0.0
GPAB3587_jpg.rf.25c7a80ed8216118dd3cb579f5aa563d.jpg,oddball,0,6656,0,0.0,0.0,0.0,
GPAB3587_jpg.rf.25c7a80ed8216118dd3cb579f5aa563d.jpg,pocillopora_,26786,62717,524,0.29753296233352217,0.45861333926874576,0.2992748846407383,0.9808128890516294
GPAB3587_jpg.rf.25c7a80ed8216118dd3cb579f5aa563d.jpg,table_acropora,0,0,0,1.0,1.0,,
GPAB3590_jpg.rf.a50fd703628d75dc3f8bdc270e10fd2a.jpg,branching_acropora,114134,16371,1619,0.8638400290636069,0.926946535747062,0.874556530401134,0.98601332146899
GPAB3590_jpg.rf.a50fd703628d75dc3f8bdc270e10fd2a.jpg,finger_acropora,188440,8731,12001,0.9008853957508653,0.9478587165377302,0.9557186401651359,0.9401270199210741
GPAB3590_jpg.rf.a50fd703628d75dc3f8bdc270e10fd2a.jpg,finger_porites,0,0,0,1.0,1.0,,
GPAB3590_jpg.rf.a50fd703628d75dc3f8bdc270e10fd2a.jpg,knob_porites,0,0,0,1.0,1.0,,
GPAB3590_jpg.rf.a50fd703628d75dc3f8bdc270e10fd2a.jpg,mounding_,0,0,0,1.0,1.0,,
GPAB3590_jpg.rf.a50fd703628d75dc3f8bdc270e10fd2a.jpg,oddball,0,0,7273,0.0,0.0,,0.0
GPAB3590_jpg.rf.a50fd703628d75dc3f8bdc270e10fd2a.jpg,pocillopora_,0,3662,0,0.0,0.0,0.0,
GPAB3590_jpg.rf.a50fd703628d75dc3f8bdc270e10fd2a.jpg,table_acropora,0,0,0,1.0,1.0,,
GPAB3591_jpg.rf.9e62f22fe7bdeccd173ff1e1d01228c6.jpg,branching_acropora,48169,1644,1118,0.9457697669395849,0.9721291624621594,0.9669965671611829,0.9773165337715828
GPAB3591_jpg.rf.9e62f22fe7bdeccd173ff1e1d01228c6.jpg,finger_acropora,157614,24889,56209,0.6602684406313885,0.7953755241896823,0.8636241596028559,0.7371236957670597
GPAB3591_jpg.rf.9e62f22fe7bdeccd173ff1e1d01228c6.jpg,finger_porites,0,0,0,1.0,1.0,,
GPAB3591_jpg.rf.9e62f22fe7bdeccd173ff1e1d01228c6.jpg,knob_porites,0,0,0,1.0,1.0,,
GPAB3591_jpg.rf.9e62f22fe7bdeccd173ff1e1d01228c6.jpg,mounding_,0,0,29860,0.0,0.0,,0.0
GPAB3591_jpg.rf.9e62f22fe7bdeccd173ff1e1d01228c6.jpg,oddball,0,0,0,1.0,1.0,,
GPAB3591_jpg.rf.9e62f22fe7bdeccd173ff1e1d01228c6.jpg,pocillopora_,7251,4557,68,0.6105591108117211,0.758195221414754,0.6140752032520326,0.9907091132668397
GPAB3591_jpg.rf.9e62f22fe7bdeccd173ff1e1d01228c6.jpg,table_acropora,0,0,0,1.0,1.0,,
GPAB3596_jpg.rf.622852fcf571639a210332332c8070c8.jpg,branching_acropora,26282,22091,74,0.542489731046298,0.7033949336937467,0.5433196204494243,0.9971922901806041
GPAB3596_jpg.rf.622852fcf571639a210332332c8070c8.jpg,finger_acropora,394782,14860,77024,0.8111970016397283,0.8957578892912571,0.9637244227886789,0.8367464593498175
GPAB3596_jpg.rf.622852fcf571639a210332332c8070c8.jpg,finger_porites,0,0,0,1.0,1.0,,
GPAB3596_jpg.rf.622852fcf571639a210332332c8070c8.jpg,knob_porites,0,0,0,1.0,1.0,,
GPAB3596_jpg.rf.622852fcf571639a210332332c8070c8.jpg,mounding_,0,1371,0,0.0,0.0,0.0,
GPAB3596_jpg.rf.622852fcf571639a210332332c8070c8.jpg,oddball,0,1234,0,0.0,0.0,0.0,
GPAB3596_jpg.rf.622852fcf571639a210332332c8070c8.jpg,pocillopora_,0,0,0,1.0,1.0,,
GPAB3596_jpg.rf.622852fcf571639a210332332c8070c8.jpg,table_acropora,0,0,0,1.0,1.0,,
GPAB3605_jpg.rf.5ac2aa8438d68ded3aa8d984a7d541ea.jpg,branching_acropora,10505,1559,42712,0.1917810720023368,0.3218394326067309,0.8707725464190982,0.19739932728263526
GPAB3605_jpg.rf.5ac2aa8438d68ded3aa8d984a7d541ea.jpg,finger_acropora,352810,49763,30031,0.8155495557137705,0.8984051723040333,0.8763876365280334,0.9215575134324694
GPAB3605_jpg.rf.5ac2aa8438d68ded3aa8d984a7d541ea.jpg,finger_porites,0,0,0,1.0,1.0,,
GPAB3605_jpg.rf.5ac2aa8438d68ded3aa8d984a7d541ea.jpg,knob_porites,0,0,0,1.0,1.0,,
GPAB3605_jpg.rf.5ac2aa8438d68ded3aa8d984a7d541ea.jpg,mounding_,0,0,0,1.0,1.0,,
GPAB3605_jpg.rf.5ac2aa8438d68ded3aa8d984a7d541ea.jpg,oddball,0,0,0,1.0,1.0,,
GPAB3605_jpg.rf.5ac2aa8438d68ded3aa8d984a7d541ea.jpg,pocillopora_,0,15725,0,0.0,0.0,0.0,
GPAB3605_jpg.rf.5ac2aa8438d68ded3aa8d984a7d541ea.jpg,table_acropora,140070,1160,1097,0.9841421515243067,0.9920077054642932,0.9917864476386037,0.9922290620329114
GPAB3605_jpg.rf.f4da4dd3d31a95d97b751dc27409bdec.jpg,branching_acropora,9144,2804,42727,0.16724279835390946,0.2865604287124524,0.7653163709407432,0.17628347246052709
GPAB3605_jpg.rf.f4da4dd3d31a95d97b751dc27409bdec.jpg,finger_acropora,337097,10638,66263,0.8142478949173667,0.8976148157024079,0.9694077386515594,0.8357224315747719
GPAB3605_jpg.rf.f4da4dd3d31a95d97b751dc27409bdec.jpg,finger_porites,0,0,0,1.0,1.0,,
GPAB3605_jpg.rf.f4da4dd3d31a95d97b751dc27409bdec.jpg,knob_porites,0,4257,0,0.0,0.0,0.0,
GPAB3605_jpg.rf.f4da4dd3d31a95d97b751dc27409bdec.jpg,mounding_,0,0,0,1.0,1.0,,
GPAB3605_jpg.rf.f4da4dd3d31a95d97b751dc27409bdec.jpg,oddball,0,0,0,1.0,1.0,,
GPAB3605_jpg.rf.f4da4dd3d31a95d97b751dc27409bdec.jpg,pocillopora_,0,15725,0,0.0,0.0,0.0,
GPAB3605_jpg.rf.f4da4dd3d31a95d97b751dc27409bdec.jpg,table_acropora,140433,1062,814,0.9868174184345333,0.993364975843702,0.9924944344323121,0.9942370457425644
GPAB3663_jpg.rf.e62d33ea7902a680b354db04cec4a201.jpg,branching_acropora,0,2691,0,0.0,0.0,0.0,
GPAB3663_jpg.rf.e62d33ea7902a680b354db04cec4a201.jpg,finger_acropora,390903,171556,193856,0.5168521052735964,0.6814798930979117,0.6949893236662583,0.6684856496436994
GPAB3663_jpg.rf.e62d33ea7902a680b354db04cec4a201.jpg,finger_porites,0,0,0,1.0,1.0,,
GPAB3663_jpg.rf.e62d33ea7902a680b354db04cec4a201.jpg,knob_porites,0,0,0,1.0,1.0,,
GPAB3663_jpg.rf.e62d33ea7902a680b354db04cec4a201.jpg,mounding_,0,0,0,1.0,1.0,,
GPAB3663_jpg.rf.e62d33ea7902a680b354db04cec4a201.jpg,oddball,0,0,0,1.0,1.0,,
GPAB3663_jpg.rf.e62d33ea7902a680b354db04cec4a201.jpg,pocillopora_,0,41839,0,0.0,0.0,0.0,
GPAB3663_jpg.rf.e62d33ea7902a680b354db04cec4a201.jpg,table_acropora,0,1406,158297,0.0,0.0,0.0,0.0
GPAB3671_jpg.rf.ada0ddbaf3cc43539c7fefb5a1af2779.jpg,branching_acropora,0,0,0,1.0,1.0,,
GPAB3671_jpg.rf.ada0ddbaf3cc43539c7fefb5a1af2779.jpg,finger_acropora,337034,34641,113782,0.6942612836976293,0.8195445299705407,0.9067976054348558,0.7476087805224304
GPAB3671_jpg.rf.ada0ddbaf3cc43539c7fefb5a1af2779.jpg,finger_porites,0,0,0,1.0,1.0,,
GPAB3671_jpg.rf.ada0ddbaf3cc43539c7fefb5a1af2779.jpg,knob_porites,0,19251,0,0.0,0.0,0.0,
GPAB3671_jpg.rf.ada0ddbaf3cc43539c7fefb5a1af2779.jpg,mounding_,0,0,0,1.0,1.0,,
GPAB3671_jpg.rf.ada0ddbaf3cc43539c7fefb5a1af2779.jpg,oddball,0,4410,0,0.0,0.0,0.0,
GPAB3671_jpg.rf.ada0ddbaf3cc43539c7fefb5a1af2779.jpg,pocillopora_,0,3100,0,0.0,0.0,0.0,
GPAB3671_jpg.rf.ada0ddbaf3cc43539c7fefb5a1af2779.jpg,table_acropora,188469,2932,572,0.9817474332327983,0.9907896604475847,0.9846813757503879,0.9969742013637253
GPAB3676_jpg.rf.cf29c1b5e8ed14be8d55b94129a9427f.jpg,branching_acropora,0,0,0,1.0,1.0,,
GPAB3676_jpg.rf.cf29c1b5e8ed14be8d55b94129a9427f.jpg,finger_acropora,471253,42582,124882,0.7378118947828224,0.8491274538951503,0.9171290394776533,0.7905138936650256
GPAB3676_jpg.rf.cf29c1b5e8ed14be8d55b94129a9427f.jpg,finger_porites,0,0,0,1.0,1.0,,
GPAB3676_jpg.rf.cf29c1b5e8ed14be8d55b94129a9427f.jpg,knob_porites,0,9748,0,0.0,0.0,0.0,
GPAB3676_jpg.rf.cf29c1b5e8ed14be8d55b94129a9427f.jpg,mounding_,0,0,2805,0.0,0.0,,0.0
GPAB3676_jpg.rf.cf29c1b5e8ed14be8d55b94129a9427f.jpg,oddball,2365,2341,1465,0.38324420677361853,0.5541237113402062,0.5025499362515937,0.6174934725848564
GPAB3676_jpg.rf.cf29c1b5e8ed14be8d55b94129a9427f.jpg,pocillopora_,0,3255,0,0.0,0.0,0.0,
GPAB3676_jpg.rf.cf29c1b5e8ed14be8d55b94129a9427f.jpg,table_acropora,0,0,0,1.0,1.0,,
GPAB3709_jpg.rf.a45e2057dad709053cf0cfe214794ee1.jpg,branching_acropora,0,0,0,1.0,1.0,,
GPAB3709_jpg.rf.a45e2057dad709053cf0cfe214794ee1.jpg,finger_acropora,296961,49903,223942,0.5202485608069992,0.6844256580395429,0.8561309331611237,0.5700888649134291
GPAB3709_jpg.rf.a45e2057dad709053cf0cfe214794ee1.jpg,finger_porites,0,0,0,1.0,1.0,,
GPAB3709_jpg.rf.a45e2057dad709053cf0cfe214794ee1.jpg,knob_porites,0,0,0,1.0,1.0,,
GPAB3709_jpg.rf.a45e2057dad709053cf0cfe214794ee1.jpg,mounding_,0,0,0,1.0,1.0,,
GPAB3709_jpg.rf.a45e2057dad709053cf0cfe214794ee1.jpg,oddball,0,0,1628,0.0,0.0,,0.0
GPAB3709_jpg.rf.a45e2057dad709053cf0cfe214794ee1.jpg,pocillopora_,0,9788,0,0.0,0.0,0.0,
GPAB3709_jpg.rf.a45e2057dad709053cf0cfe214794ee1.jpg,table_acropora,0,222281,0,0.0,0.0,0.0,
GPAB3732_jpg.rf.17cb4bb5e9fdf6d4fc4f7156adfc86f8.jpg,branching_acropora,0,0,0,1.0,1.0,,
GPAB3732_jpg.rf.17cb4bb5e9fdf6d4fc4f7156adfc86f8.jpg,finger_acropora,0,0,0,1.0,1.0,,
GPAB3732_jpg.rf.17cb4bb5e9fdf6d4fc4f7156adfc86f8.jpg,finger_porites,37103,19900,185101,0.15325232131645905,0.265774138900529,0.6508955668999877,0.16697719212975465
GPAB3732_jpg.rf.17cb4bb5e9fdf6d4fc4f7156adfc86f8.jpg,knob_porites,127175,7053,111735,0.5170493122949387,0.6816512925512813,0.947455076437107,0.5323134234649031
GPAB3732_jpg.rf.17cb4bb5e9fdf6d4fc4f7156adfc86f8.jpg,mounding_,11249,14607,6622,0.3463575343309317,0.5145104855123837,0.4350634282178218,0.6294555424990208
GPAB3732_jpg.rf.17cb4bb5e9fdf6d4fc4f7156adfc86f8.jpg,oddball,0,0,14695,0.0,0.0,,0.0
GPAB3732_jpg.rf.17cb4bb5e9fdf6d4fc4f7156adfc86f8.jpg,pocillopora_,0,0,0,1.0,1.0,,
GPAB3732_jpg.rf.17cb4bb5e9fdf6d4fc4f7156adfc86f8.jpg,table_acropora,0,0,0,1.0,1.0,,
GPAB4073_jpg.rf.6886e5e5c27978f16dcfe556ec6fc71c.jpg,branching_acropora,137898,23034,88556,0.5527239787083948,0.7119410613703128,0.8568712251137126,0.6089448629743789
GPAB4073_jpg.rf.6886e5e5c27978f16dcfe556ec6fc71c.jpg,finger_acropora,58547,12023,33225,0.5640637795654897,0.721279767404615,0.829630154456568,0.6379614697293292
GPAB4073_jpg.rf.6886e5e5c27978f16dcfe556ec6fc71c.jpg,finger_porites,0,0,0,1.0,1.0,,
GPAB4073_jpg.rf.6886e5e5c27978f16dcfe556ec6fc71c.jpg,knob_porites,4274,1078,2427,0.5494279470368942,0.709201028789513,0.7985799701046338,0.6378152514550067
GPAB4073_jpg.rf.6886e5e5c27978f16dcfe556ec6fc71c.jpg,mounding_,7670,65058,5954,0.09748099946620574,0.177644987956272,0.10546144538554615,0.5629770992366412
GPAB4073_jpg.rf.6886e5e5c27978f16dcfe556ec6fc71c.jpg,oddball,1919,57,7931,0.19370142323609568,0.32453915102316927,0.9711538461538461,0.1948223350253807
GPAB4073_jpg.rf.6886e5e5c27978f16dcfe556ec6fc71c.jpg,pocillopora_,0,1278,1867,0.0,0.0,0.0,0.0
GPAB4073_jpg.rf.6886e5e5c27978f16dcfe556ec6fc71c.jpg,table_acropora,5353,11099,9823,0.20372978116079923,0.33849753383078285,0.325370775589594,0.35272799156562995
GPAB4076_jpg.rf.c94e7dec6537b171e7a7ec59e4ff64dd.jpg,branching_acropora,178484,11647,22263,0.8403438891870768,0.9132465884495929,0.938742235616496,0.8890992144340887
GPAB4076_jpg.rf.c94e7dec6537b171e7a7ec59e4ff64dd.jpg,finger_acropora,0,0,9155,0.0,0.0,,0.0
GPAB4076_jpg.rf.c94e7dec6537b171e7a7ec59e4ff64dd.jpg,finger_porites,0,24176,26319,0.0,0.0,0.0,0.0
GPAB4076_jpg.rf.c94e7dec6537b171e7a7ec59e4ff64dd.jpg,knob_porites,3684,25406,100076,0.028521437530000155,0.05546104629281144,0.12664145754554829,0.035505011565150346
GPAB4076_jpg.rf.c94e7dec6537b171e7a7ec59e4ff64dd.jpg,mounding_,0,1152,9890,0.0,0.0,0.0,0.0
GPAB4076_jpg.rf.c94e7dec6537b171e7a7ec59e4ff64dd.jpg,oddball,0,1521,2018,0.0,0.0,0.0,0.0
GPAB4076_jpg.rf.c94e7dec6537b171e7a7ec59e4ff64dd.jpg,pocillopora_,0,0,0,1.0,1.0,,
GPAB4076_jpg.rf.c94e7dec6537b171e7a7ec59e4ff64dd.jpg,table_acropora,19597,686,11559,0.6154450097355694,0.7619510488151013,0.9661785731893704,0.628996020028245
GPAB4077_jpg.rf.c9ad90251943ebe0b020904f23bbbbbd.jpg,branching_acropora,28812,6054,33277,0.4228167236546674,0.594337579289361,0.8263637928067459,0.4640435503873472
GPAB4077_jpg.rf.c9ad90251943ebe0b020904f23bbbbbd.jpg,finger_acropora,3883,2417,16915,0.16726254576782254,0.286589416193077,0.6163492063492063,0.18670064429272046
GPAB4077_jpg.rf.c9ad90251943ebe0b020904f23bbbbbd.jpg,finger_porites,5483,28701,3425,0.14578957164508496,0.2544787895665089,0.16039667680786332,0.6155141445891333
GPAB4077_jpg.rf.c9ad90251943ebe0b020904f23bbbbbd.jpg,knob_porites,74634,7581,30098,0.6645179097700177,0.7984508978480532,0.9077905491698595,0.712618874842455
GPAB4077_jpg.rf.c9ad90251943ebe0b020904f23bbbbbd.jpg,mounding_,2126,19146,9786,0.06845257260609183,0.12813404050144647,0.09994358781496804,0.1784754869039624
GPAB4077_jpg.rf.c9ad90251943ebe0b020904f23bbbbbd.jpg,oddball,0,0,5134,0.0,0.0,,0.0
GPAB4077_jpg.rf.c9ad90251943ebe0b020904f23bbbbbd.jpg,pocillopora_,0,0,0,1.0,1.0,,
GPAB4077_jpg.rf.c9ad90251943ebe0b020904f23bbbbbd.jpg,table_acropora,11137,11679,9941,0.3399883994260769,0.5074497653437827,0.48812237026647964,0.52837081317013
GPAB4087_jpg.rf.0b3c644eb44aee30141ba3ed42989ad1.jpg,branching_acropora,57799,3448,5460,0.8664607912213111,0.9284532472330651,0.9437033650627786,0.9136881708531592
GPAB4087_jpg.rf.0b3c644eb44aee30141ba3ed42989ad1.jpg,finger_acropora,0,1537,6147,0.0,0.0,0.0,0.0
GPAB4087_jpg.rf.0b3c644eb44aee30141ba3ed42989ad1.jpg,finger_porites,0,16994,0,0.0,0.0,0.0,
GPAB4087_jpg.rf.0b3c644eb44aee30141ba3ed42989ad1.jpg,knob_porites,2141,9423,21509,0.06473558491821123,0.12159936388936218,0.18514354894500173,0.09052854122621565
GPAB4087_jpg.rf.0b3c644eb44aee30141ba3ed42989ad1.jpg,mounding_,0,28437,1376,0.0,0.0,0.0,0.0
GPAB4087_jpg.rf.0b3c644eb44aee30141ba3ed42989ad1.jpg,oddball,0,5302,4412,0.0,0.0,0.0,0.0
GPAB4087_jpg.rf.0b3c644eb44aee30141ba3ed42989ad1.jpg,pocillopora_,0,0,0,1.0,1.0,,
GPAB4087_jpg.rf.0b3c644eb44aee30141ba3ed42989ad1.jpg,table_acropora,51973,1643,128559,0.2852916152051599,0.4439328971419786,0.9693561623396001,0.2878880198524361
GPAB4093_jpg.rf.24dd5cf3a470f49ab60fa436ea11fdfa.jpg,branching_acropora,165159,40495,10778,0.7630988023952096,0.865633623434515,0.8030916004551334,0.9387394351387144
GPAB4093_jpg.rf.24dd5cf3a470f49ab60fa436ea11fdfa.jpg,finger_acropora,1292,58,21240,0.05719344842850819,0.10819864332970439,0.957037037037037,0.057340671045624
GPAB4093_jpg.rf.24dd5cf3a470f49ab60fa436ea11fdfa.jpg,finger_porites,0,0,0,1.0,1.0,,
GPAB4093_jpg.rf.24dd5cf3a470f49ab60fa436ea11fdfa.jpg,knob_porites,22721,13139,15406,0.4431982210431865,0.6141889791449849,0.6336029001673174,0.5959293938678627
GPAB4093_jpg.rf.24dd5cf3a470f49ab60fa436ea11fdfa.jpg,mounding_,0,9371,2311,0.0,0.0,0.0,0.0
GPAB4093_jpg.rf.24dd5cf3a470f49ab60fa436ea11fdfa.jpg,oddball,0,0,0,1.0,1.0,,
GPAB4093_jpg.rf.24dd5cf3a470f49ab60fa436ea11fdfa.jpg,pocillopora_,0,0,0,1.0,1.0,,
GPAB4093_jpg.rf.24dd5cf3a470f49ab60fa436ea11fdfa.jpg,table_acropora,101512,5588,64461,0.5916962479817675,0.7434788499778447,0.9478244631185808,0.6116175522524748
GPAB4096_jpg.rf.39c6815800f20b8678d0f61c3e1d2ad6.jpg,branching_acropora,227697,6554,8926,0.936342663985492,0.967124963365996,0.9720214641559695,0.962277546984021
GPAB4096_jpg.rf.39c6815800f20b8678d0f61c3e1d2ad6.jpg,finger_acropora,2790,6296,30844,0.06987227648384674,0.1306179775280899,0.3070658155403918,0.08295177498959386
GPAB4096_jpg.rf.39c6815800f20b8678d0f61c3e1d2ad6.jpg,finger_porites,0,0,0,1.0,1.0,,
GPAB4096_jpg.rf.39c6815800f20b8678d0f61c3e1d2ad6.jpg,knob_porites,0,6383,12906,0.0,0.0,0.0,0.0
GPAB4096_jpg.rf.39c6815800f20b8678d0f61c3e1d2ad6.jpg,mounding_,0,0,5135,0.0,0.0,,0.0
GPAB4096_jpg.rf.39c6815800f20b8678d0f61c3e1d2ad6.jpg,oddball,0,0,5657,0.0,0.0,,0.0
GPAB4096_jpg.rf.39c6815800f20b8678d0f61c3e1d2ad6.jpg,pocillopora_,0,0,0,1.0,1.0,,
GPAB4096_jpg.rf.39c6815800f20b8678d0f61c3e1d2ad6.jpg,table_acropora,65205,13964,15942,0.68556738968153,0.8134559245490157,0.8236178302113201,0.8035417205811675
GPAB4102_jpg.rf.f6eb7ddcb156cec380829d721e732203.jpg,branching_acropora,187012,25156,7186,0.8525579656628098,0.9204116486123347,0.8814335809358621,0.962996529315441
GPAB4102_jpg.rf.f6eb7ddcb156cec380829d721e732203.jpg,finger_acropora,65065,13539,21205,0.6518951196785862,0.7892693814670597,0.8277568571573966,0.7542019241914918
GPAB4102_jpg.rf.f6eb7ddcb156cec380829d721e732203.jpg,finger_porites,0,0,0,1.0,1.0,,
GPAB4102_jpg.rf.f6eb7ddcb156cec380829d721e732203.jpg,knob_porites,0,2387,0,0.0,0.0,0.0,
GPAB4102_jpg.rf.f6eb7ddcb156cec380829d721e732203.jpg,mounding_,5660,223,9557,0.36658031088082904,0.5364928909952607,0.9620941696413394,0.3719524216336991
GPAB4102_jpg.rf.f6eb7ddcb156cec380829d721e732203.jpg,oddball,1100,46,347,0.7367716008037508,0.8484381025838796,0.9598603839441536,0.7601935038009675
GPAB4102_jpg.rf.f6eb7ddcb156cec380829d721e732203.jpg,pocillopora_,0,0,0,1.0,1.0,,
GPAB4102_jpg.rf.f6eb7ddcb156cec380829d721e732203.jpg,table_acropora,59752,16855,23973,0.5940743686617618,0.7453533917121972,0.7799809416894018,0.7136697521648253
GPAB4356_jpg.rf.a4c2fab051c83d8f922555d153eea266.jpg,branching_acropora,51064,5957,2026,0.8648026148661236,0.9275004313828773,0.8955297171217621,0.9618383876436241
GPAB4356_jpg.rf.a4c2fab051c83d8f922555d153eea266.jpg,finger_acropora,259385,108611,19722,0.6690042763039116,0.8016807216161879,0.7048582049804889,0.9293389273647741
GPAB4356_jpg.rf.a4c2fab051c83d8f922555d153eea266.jpg,finger_porites,0,0,0,1.0,1.0,,
GPAB4356_jpg.rf.a4c2fab051c83d8f922555d153eea266.jpg,knob_porites,12399,52,1995,0.8582998753980341,0.9237474390016763,0.9958236286242069,0.8614005835764902
GPAB4356_jpg.rf.a4c2fab051c83d8f922555d153eea266.jpg,mounding_,3388,12,194,0.9426822481914302,0.970495560011458,0.9964705882352941,0.9458403126744835
GPAB4356_jpg.rf.a4c2fab051c83d8f922555d153eea266.jpg,oddball,0,3527,961,0.0,0.0,0.0,0.0
GPAB4356_jpg.rf.a4c2fab051c83d8f922555d153eea266.jpg,pocillopora_,0,0,0,1.0,1.0,,
GPAB4356_jpg.rf.a4c2fab051c83d8f922555d153eea266.jpg,table_acropora,244628,996,135608,0.6416775087086078,0.7817339341066692,0.9959450216591212,0.6433583353496249
GPAB4410_jpg.rf.9548ace7ba62af809617e4b4a701449f.jpg,branching_acropora,0,54552,0,0.0,0.0,0.0,
GPAB4410_jpg.rf.9548ace7ba62af809617e4b4a701449f.jpg,finger_acropora,13963,3020,4756,0.6423018538111228,0.7821970757940732,0.8221751162927633,0.7459265986430899
GPAB4410_jpg.rf.9548ace7ba62af809617e4b4a701449f.jpg,finger_porites,0,10609,121346,0.0,0.0,0.0,0.0
GPAB4410_jpg.rf.9548ace7ba62af809617e4b4a701449f.jpg,knob_porites,0,0,7566,0.0,0.0,,0.0
GPAB4410_jpg.rf.9548ace7ba62af809617e4b4a701449f.jpg,mounding_,4321,126,8313,0.3386363636363636,0.5059422750424448,0.9716662918821678,0.3420136140573057
GPAB4410_jpg.rf.9548ace7ba62af809617e4b4a701449f.jpg,oddball,0,0,3517,0.0,0.0,,0.0
GPAB4410_jpg.rf.9548ace7ba62af809617e4b4a701449f.jpg,pocillopora_,0,2206,0,0.0,0.0,0.0,
GPAB4410_jpg.rf.9548ace7ba62af809617e4b4a701449f.jpg,table_acropora,356552,7322,8697,0.9570041683330157,0.9780297700113698,0.9798776499557539,0.9761888465129268
GPAB4414_jpg.rf.41fc0520b81a5365ed2cebcb322ec768.jpg,branching_acropora,0,9671,0,0.0,0.0,0.0,
GPAB4414_jpg.rf.41fc0520b81a5365ed2cebcb322ec768.jpg,finger_acropora,164021,17177,3254,0.8892340554724264,0.9413699196207453,0.9052031479376152,0.9805470034374533
GPAB4414_jpg.rf.41fc0520b81a5365ed2cebcb322ec768.jpg,finger_porites,0,0,0,1.0,1.0,,
GPAB4414_jpg.rf.41fc0520b81a5365ed2cebcb322ec768.jpg,knob_porites,0,3205,0,0.0,0.0,0.0,
GPAB4414_jpg.rf.41fc0520b81a5365ed2cebcb322ec768.jpg,mounding_,36768,1648,31337,0.5271171132424411,0.6903427493170361,0.9571012078300708,0.5398722560751781
GPAB4414_jpg.rf.41fc0520b81a5365ed2cebcb322ec768.jpg,oddball,0,1029,0,0.0,0.0,0.0,
GPAB4414_jpg.rf.41fc0520b81a5365ed2cebcb322ec768.jpg,pocillopora_,0,0,0,1.0,1.0,,
GPAB4414_jpg.rf.41fc0520b81a5365ed2cebcb322ec768.jpg,table_acropora,287373,366,3463,0.9868510518471714,0.9933820161603941,0.9987280139292901,0.9880929458526455
GPAB4427_jpg.rf.d641d79fb8b16c710f5704f22c6c1f40.jpg,branching_acropora,0,0,0,1.0,1.0,,
GPAB4427_jpg.rf.d641d79fb8b16c710f5704f22c6c1f40.jpg,finger_acropora,23603,6802,41702,0.3273329912491159,0.493219099362658,0.7762867949350436,0.3614271495291325
GPAB4427_jpg.rf.d641d79fb8b16c710f5704f22c6c1f40.jpg,finger_porites,0,202855,0,0.0,0.0,0.0,
GPAB4427_jpg.rf.d641d79fb8b16c710f5704f22c6c1f40.jpg,knob_porites,30610,1859,214086,0.12415079799639026,0.2208792596467808,0.9427453879084665,0.1250939941805342
GPAB4427_jpg.rf.d641d79fb8b16c710f5704f22c6c1f40.jpg,mounding_,17474,3482,44255,0.2679609268374967,0.4226643284755397,0.833842336323726,0.2830760258549466
GPAB4427_jpg.rf.d641d79fb8b16c710f5704f22c6c1f40.jpg,oddball,0,0,3704,0.0,0.0,,0.0
GPAB4427_jpg.rf.d641d79fb8b16c710f5704f22c6c1f40.jpg,pocillopora_,0,2877,0,0.0,0.0,0.0,
GPAB4427_jpg.rf.d641d79fb8b16c710f5704f22c6c1f40.jpg,table_acropora,4050,58795,208,0.06423167811206446,0.12070995335528963,0.06444426764261278,0.9511507750117426
GPAB4429_jpg.rf.9c5778f2144405c14429452fd5c16a8c.jpg,branching_acropora,91198,10201,11602,0.807054804824736,0.8932267053217694,0.8993974299549305,0.8871400778210117
GPAB4429_jpg.rf.9c5778f2144405c14429452fd5c16a8c.jpg,finger_acropora,143262,4213,79738,0.6305185002618688,0.7733963155408597,0.9714324461773182,0.6424304932735426
GPAB4429_jpg.rf.9c5778f2144405c14429452fd5c16a8c.jpg,finger_porites,0,0,0,1.0,1.0,,
GPAB4429_jpg.rf.9c5778f2144405c14429452fd5c16a8c.jpg,knob_porites,0,0,14807,0.0,0.0,,0.0
GPAB4429_jpg.rf.9c5778f2144405c14429452fd5c16a8c.jpg,mounding_,0,8938,772,0.0,0.0,0.0,0.0
GPAB4429_jpg.rf.9c5778f2144405c14429452fd5c16a8c.jpg,oddball,0,0,0,1.0,1.0,,
GPAB4429_jpg.rf.9c5778f2144405c14429452fd5c16a8c.jpg,pocillopora_,0,0,0,1.0,1.0,,
GPAB4429_jpg.rf.9c5778f2144405c14429452fd5c16a8c.jpg,table_acropora,0,21331,0,0.0,0.0,0.0,
GPAB4438_jpg.rf.7c5e910cd083c00029efa53e83f0c2a1.jpg,branching_acropora,0,0,2517,0.0,0.0,,0.0
GPAB4438_jpg.rf.7c5e910cd083c00029efa53e83f0c2a1.jpg,finger_acropora,29364,7353,588,0.7871330920788098,0.8808891688790892,0.7997385407304518,0.9803685897435898
GPAB4438_jpg.rf.7c5e910cd083c00029efa53e83f0c2a1.jpg,finger_porites,0,0,0,1.0,1.0,,
GPAB4438_jpg.rf.7c5e910cd083c00029efa53e83f0c2a1.jpg,knob_porites,0,0,0,1.0,1.0,,
GPAB4438_jpg.rf.7c5e910cd083c00029efa53e83f0c2a1.jpg,mounding_,1162,454940,910,0.0025426028200572414,0.005072308773522723,0.002547675739198688,0.5608108108108109
GPAB4438_jpg.rf.7c5e910cd083c00029efa53e83f0c2a1.jpg,oddball,0,0,0,1.0,1.0,,
GPAB4438_jpg.rf.7c5e910cd083c00029efa53e83f0c2a1.jpg,pocillopora_,0,0,7648,0.0,0.0,,0.0
GPAB4438_jpg.rf.7c5e910cd083c00029efa53e83f0c2a1.jpg,table_acropora,16218,420,441748,0.03538066171305406,0.06834329251333744,0.9747565813198702,0.03541310927012049
GPAB4446_jpg.rf.d76aab185399ee99678d32ea3165905d.jpg,branching_acropora,0,0,0,1.0,1.0,,
GPAB4446_jpg.rf.d76aab185399ee99678d32ea3165905d.jpg,finger_acropora,147413,2988,551,0.9765554613387037,0.9881386891894156,0.9801331108170823,0.9962761212186748
GPAB4446_jpg.rf.d76aab185399ee99678d32ea3165905d.jpg,finger_porites,0,0,0,1.0,1.0,,
GPAB4446_jpg.rf.d76aab185399ee99678d32ea3165905d.jpg,knob_porites,0,0,0,1.0,1.0,,
GPAB4446_jpg.rf.d76aab185399ee99678d32ea3165905d.jpg,mounding_,0,0,961,0.0,0.0,,0.0
GPAB4446_jpg.rf.d76aab185399ee99678d32ea3165905d.jpg,oddball,0,0,0,1.0,1.0,,
GPAB4446_jpg.rf.d76aab185399ee99678d32ea3165905d.jpg,pocillopora_,2003,2211,2542,0.29647720544701006,0.457358145907067,0.4753203607024205,0.4407040704070407
GPAB4446_jpg.rf.d76aab185399ee99678d32ea3165905d.jpg,table_acropora,0,0,0,1.0,1.0,,
GPAB4447_jpg.rf.aeeafd0ada2ec9d0aaebd6965fb0895c.jpg,branching_acropora,0,30691,0,0.0,0.0,0.0,
GPAB4447_jpg.rf.aeeafd0ada2ec9d0aaebd6965fb0895c.jpg,finger_acropora,170438,7174,15325,0.883386805019255,0.9380832473340214,0.9596085850055176,0.9175024089834897
GPAB4447_jpg.rf.aeeafd0ada2ec9d0aaebd6965fb0895c.jpg,finger_porites,0,0,33153,0.0,0.0,,0.0
GPAB4447_jpg.rf.aeeafd0ada2ec9d0aaebd6965fb0895c.jpg,knob_porites,0,0,0,1.0,1.0,,
GPAB4447_jpg.rf.aeeafd0ada2ec9d0aaebd6965fb0895c.jpg,mounding_,34468,5846,72852,0.3045791138681229,0.4669385100992996,0.8549883415190752,0.32117033171822584
GPAB4447_jpg.rf.aeeafd0ada2ec9d0aaebd6965fb0895c.jpg,oddball,0,0,0,1.0,1.0,,
GPAB4447_jpg.rf.aeeafd0ada2ec9d0aaebd6965fb0895c.jpg,pocillopora_,0,0,0,1.0,1.0,,
GPAB4447_jpg.rf.aeeafd0ada2ec9d0aaebd6965fb0895c.jpg,table_acropora,33652,31128,614,0.5146037862800869,0.6795226460432526,0.5194813213954924,0.9820813634506508
GPAB4448_jpg.rf.ee36154d05bad5ec4095003019f0d7da.jpg,branching_acropora,0,0,0,1.0,1.0,,
GPAB4448_jpg.rf.ee36154d05bad5ec4095003019f0d7da.jpg,finger_acropora,532112,35067,5630,0.9289518844850553,0.9631675024730275,0.938172957743499,0.9895302951973252
GPAB4448_jpg.rf.ee36154d05bad5ec4095003019f0d7da.jpg,finger_porites,0,0,59870,0.0,0.0,,0.0
GPAB4448_jpg.rf.ee36154d05bad5ec4095003019f0d7da.jpg,knob_porites,0,0,0,1.0,1.0,,
GPAB4448_jpg.rf.ee36154d05bad5ec4095003019f0d7da.jpg,mounding_,3958,43,830,0.8192920720347754,0.9006712936625327,0.9892526868282929,0.8266499582289056
GPAB4448_jpg.rf.ee36154d05bad5ec4095003019f0d7da.jpg,oddball,0,0,0,1.0,1.0,,
GPAB4448_jpg.rf.ee36154d05bad5ec4095003019f0d7da.jpg,pocillopora_,3656,735,1106,0.6650900491177005,0.7988637605156779,0.8326121612388977,0.7677446451070978
GPAB4448_jpg.rf.ee36154d05bad5ec4095003019f0d7da.jpg,table_acropora,0,0,0,1.0,1.0,,
GPAB4451_jpg.rf.411bce69ce7f9a897fa647a01fb3860d.jpg,branching_acropora,0,0,0,1.0,1.0,,
GPAB4451_jpg.rf.411bce69ce7f9a897fa647a01fb3860d.jpg,finger_acropora,224336,21664,108322,0.6331416056581302,0.7753664513408611,0.9119349593495935,0.6743742822959315
GPAB4451_jpg.rf.411bce69ce7f9a897fa647a01fb3860d.jpg,finger_porites,0,4989,0,0.0,0.0,0.0,
GPAB4451_jpg.rf.411bce69ce7f9a897fa647a01fb3860d.jpg,knob_porites,0,0,0,1.0,1.0,,
GPAB4451_jpg.rf.411bce69ce7f9a897fa647a01fb3860d.jpg,mounding_,0,0,0,1.0,1.0,,
GPAB4451_jpg.rf.411bce69ce7f9a897fa647a01fb3860d.jpg,oddball,0,0,0,1.0,1.0,,
GPAB4451_jpg.rf.411bce69ce7f9a897fa647a01fb3860d.jpg,pocillopora_,21594,3987,12064,0.5736219949528489,0.7290467428552136,0.8441421367421132,0.6415710975102502
GPAB4451_jpg.rf.411bce69ce7f9a897fa647a01fb3860d.jpg,table_acropora,0,0,11865,0.0,0.0,,0.0
GPAB4454_jpg.rf.5c968bee42f968821b240683bc03bef8.jpg,branching_acropora,8698,2171,57,0.7960827384221124,0.8864655523848349,0.8002576133958966,0.993489434608795
GPAB4454_jpg.rf.5c968bee42f968821b240683bc03bef8.jpg,finger_acropora,157676,16951,7809,0.8642811725755881,0.9272004516159382,0.9029302456092128,0.9528114330603982
GPAB4454_jpg.rf.5c968bee42f968821b240683bc03bef8.jpg,finger_porites,0,0,0,1.0,1.0,,
GPAB4454_jpg.rf.5c968bee42f968821b240683bc03bef8.jpg,knob_porites,0,0,0,1.0,1.0,,
GPAB4454_jpg.rf.5c968bee42f968821b240683bc03bef8.jpg,mounding_,12352,9462,4569,0.4681802675965584,0.6377694591454757,0.5662418630237462,0.7299804976065244
GPAB4454_jpg.rf.5c968bee42f968821b240683bc03bef8.jpg,oddball,0,0,0,1.0,1.0,,
GPAB4454_jpg.rf.5c968bee42f968821b240683bc03bef8.jpg,pocillopora_,0,0,1744,0.0,0.0,,0.0
GPAB4454_jpg.rf.5c968bee42f968821b240683bc03bef8.jpg,table_acropora,51755,4317,137,0.9207600206372645,0.9587455077618465,0.9230097018119561,0.9973599013335389
GPAB4456_jpg.rf.4095bf134e113d9e917e6244502d5524.jpg,branching_acropora,0,0,0,1.0,1.0,,
GPAB4456_jpg.rf.4095bf134e113d9e917e6244502d5524.jpg,finger_acropora,44651,2879,8575,0.7958470724534356,0.886319425145897,0.9394277298548285,0.8388945252320295
GPAB4456_jpg.rf.4095bf134e113d9e917e6244502d5524.jpg,finger_porites,0,7749,0,0.0,0.0,0.0,
GPAB4456_jpg.rf.4095bf134e113d9e917e6244502d5524.jpg,knob_porites,0,1232,0,0.0,0.0,0.0,
GPAB4456_jpg.rf.4095bf134e113d9e917e6244502d5524.jpg,mounding_,63688,14737,57383,0.46895617342130064,0.6384889922604965,0.8120879821485496,0.5260384402540658
GPAB4456_jpg.rf.4095bf134e113d9e917e6244502d5524.jpg,oddball,0,0,0,1.0,1.0,,
GPAB4456_jpg.rf.4095bf134e113d9e917e6244502d5524.jpg,pocillopora_,0,0,0,1.0,1.0,,
GPAB4456_jpg.rf.4095bf134e113d9e917e6244502d5524.jpg,table_acropora,0,18426,0,0.0,0.0,0.0,
GPAB4457_jpg.rf.1312e0f6c664f6ad040e3d483a8fbc3f.jpg,branching_acropora,0,0,0,1.0,1.0,,
GPAB4457_jpg.rf.1312e0f6c664f6ad040e3d483a8fbc3f.jpg,finger_acropora,76928,21382,14857,0.6797741391041559,0.80936373918304,0.7825043230597091,0.8381325924715367
GPAB4457_jpg.rf.1312e0f6c664f6ad040e3d483a8fbc3f.jpg,finger_porites,0,0,18633,0.0,0.0,,0.0
GPAB4457_jpg.rf.1312e0f6c664f6ad040e3d483a8fbc3f.jpg,knob_porites,44809,6147,10449,0.7297288494422278,0.8437494115653303,0.8793665122851088,0.8109052082956314
GPAB4457_jpg.rf.1312e0f6c664f6ad040e3d483a8fbc3f.jpg,mounding_,35467,13462,23985,0.48642236058918725,0.6544874101549164,0.7248666435038525,0.596565296373545
GPAB4457_jpg.rf.1312e0f6c664f6ad040e3d483a8fbc3f.jpg,oddball,0,0,1199,0.0,0.0,,0.0
GPAB4457_jpg.rf.1312e0f6c664f6ad040e3d483a8fbc3f.jpg,pocillopora_,4550,17307,20,0.2079809845956941,0.3443447988799334,0.20817129523722377,0.9956236323851203
GPAB4457_jpg.rf.1312e0f6c664f6ad040e3d483a8fbc3f.jpg,table_acropora,0,11254,0,0.0,0.0,0.0,
GPAB4462_jpg.rf.01068273795b1b0956583030599c0dee.jpg,branching_acropora,0,0,0,1.0,1.0,,
GPAB4462_jpg.rf.01068273795b1b0956583030599c0dee.jpg,finger_acropora,13901,80,14469,0.4886115992970123,0.6564661991452386,0.9942779486445891,0.4899894254494184
GPAB4462_jpg.rf.01068273795b1b0956583030599c0dee.jpg,finger_porites,0,0,0,1.0,1.0,,
GPAB4462_jpg.rf.01068273795b1b0956583030599c0dee.jpg,knob_porites,0,0,0,1.0,1.0,,
GPAB4462_jpg.rf.01068273795b1b0956583030599c0dee.jpg,mounding_,5473,4056,9476,0.2879768481978427,0.44717705694909715,0.5743519781718963,0.36611144558164427
GPAB4462_jpg.rf.01068273795b1b0956583030599c0dee.jpg,oddball,0,0,0,1.0,1.0,,
GPAB4462_jpg.rf.01068273795b1b0956583030599c0dee.jpg,pocillopora_,0,3996,0,0.0,0.0,0.0,
GPAB4462_jpg.rf.01068273795b1b0956583030599c0dee.jpg,table_acropora,472467,4429,50009,0.8966834628633245,0.9455277914530325,0.9907128598268805,0.90428459871841
GPAB4479_jpg.rf.e9535a9e7200ff32640d39823eb08211.jpg,branching_acropora,339128,14128,115611,0.7232925328504672,0.8394309370726304,0.9600063410104853,0.745764053665949
GPAB4479_jpg.rf.e9535a9e7200ff32640d39823eb08211.jpg,finger_acropora,2178,1,14662,0.12932723709993468,0.22903412377096588,0.9995410738871042,0.12933491686460807
GPAB4479_jpg.rf.e9535a9e7200ff32640d39823eb08211.jpg,finger_porites,0,0,0,1.0,1.0,,
GPAB4479_jpg.rf.e9535a9e7200ff32640d39823eb08211.jpg,knob_porites,0,0,0,1.0,1.0,,
GPAB4479_jpg.rf.e9535a9e7200ff32640d39823eb08211.jpg,mounding_,0,8130,0,0.0,0.0,0.0,
GPAB4479_jpg.rf.e9535a9e7200ff32640d39823eb08211.jpg,oddball,0,5856,0,0.0,0.0,0.0,
GPAB4479_jpg.rf.e9535a9e7200ff32640d39823eb08211.jpg,pocillopora_,0,4073,0,0.0,0.0,0.0,
GPAB4479_jpg.rf.e9535a9e7200ff32640d39823eb08211.jpg,table_acropora,0,6308,0,0.0,0.0,0.0,
GPAB4488_jpg.rf.94af4e778abfecc91782b790f52d8f89.jpg,branching_acropora,0,0,0,1.0,1.0,,
GPAB4488_jpg.rf.94af4e778abfecc91782b790f52d8f89.jpg,finger_acropora,189511,15548,1184,0.9188723980935111,0.957721210651061,0.9241779195255999,0.9937911324366134
GPAB4488_jpg.rf.94af4e778abfecc91782b790f52d8f89.jpg,finger_porites,0,0,0,1.0,1.0,,
GPAB4488_jpg.rf.94af4e778abfecc91782b790f52d8f89.jpg,knob_porites,0,0,0,1.0,1.0,,
GPAB4488_jpg.rf.94af4e778abfecc91782b790f52d8f89.jpg,mounding_,64321,15931,177,0.7997239801564112,0.8887184801381692,0.8014878133878284,0.9972557288598096
GPAB4488_jpg.rf.94af4e778abfecc91782b790f52d8f89.jpg,oddball,0,0,0,1.0,1.0,,
GPAB4488_jpg.rf.94af4e778abfecc91782b790f52d8f89.jpg,pocillopora_,14100,240,1697,0.8792168111242751,0.9357268473968875,0.9832635983263598,0.8925745394695195
GPAB4488_jpg.rf.94af4e778abfecc91782b790f52d8f89.jpg,table_acropora,0,0,0,1.0,1.0,,
GPAB4491_jpg.rf.12a0aec71fbb0323e170546f88ad9e24.jpg,branching_acropora,27030,3883,211954,0.11129548271276048,0.20029863244126464,0.8743894154562806,0.1131038061125431
GPAB4491_jpg.rf.12a0aec71fbb0323e170546f88ad9e24.jpg,finger_acropora,0,48007,0,0.0,0.0,0.0,
GPAB4491_jpg.rf.12a0aec71fbb0323e170546f88ad9e24.jpg,finger_porites,0,21276,2848,0.0,0.0,0.0,0.0
GPAB4491_jpg.rf.12a0aec71fbb0323e170546f88ad9e24.jpg,knob_porites,0,0,0,1.0,1.0,,
GPAB4491_jpg.rf.12a0aec71fbb0323e170546f88ad9e24.jpg,mounding_,0,6498,0,0.0,0.0,0.0,
GPAB4491_jpg.rf.12a0aec71fbb0323e170546f88ad9e24.jpg,oddball,0,0,0,1.0,1.0,,
GPAB4491_jpg.rf.12a0aec71fbb0323e170546f88ad9e24.jpg,pocillopora_,0,0,0,1.0,1.0,,
GPAB4491_jpg.rf.12a0aec71fbb0323e170546f88ad9e24.jpg,table_acropora,59479,2507,3721,0.9052155782488928,0.9502500279583979,0.9595553834736876,0.941123417721519
GPAB4494_jpg.rf.c523c5a95299bacfd030f227431c02c8.jpg,branching_acropora,0,0,0,1.0,1.0,,
GPAB4494_jpg.rf.c523c5a95299bacfd030f227431c02c8.jpg,finger_acropora,47393,180214,1277,0.20706121878331382,0.3430832099668087,0.20822294569147698,0.9737620710910212
GPAB4494_jpg.rf.c523c5a95299bacfd030f227431c02c8.jpg,finger_porites,0,3107,0,0.0,0.0,0.0,
GPAB4494_jpg.rf.c523c5a95299bacfd030f227431c02c8.jpg,knob_porites,0,0,0,1.0,1.0,,
GPAB4494_jpg.rf.c523c5a95299bacfd030f227431c02c8.jpg,mounding_,8750,112,3682,0.6975446428571429,0.821827744904668,0.9873617693522907,0.7038288288288288
GPAB4494_jpg.rf.c523c5a95299bacfd030f227431c02c8.jpg,oddball,0,1092,0,0.0,0.0,0.0,
GPAB4494_jpg.rf.c523c5a95299bacfd030f227431c02c8.jpg,pocillopora_,24450,554,1617,0.918447841929304,0.9574905523682716,0.9778435450327948,0.9379675451720566
GPAB4494_jpg.rf.c523c5a95299bacfd030f227431c02c8.jpg,table_acropora,0,0,0,1.0,1.0,,
GPAB4498_jpg.rf.b6877a7fc44b00cec0c46af5dbae2b1a.jpg,branching_acropora,0,1320,0,0.0,0.0,0.0,
GPAB4498_jpg.rf.b6877a7fc44b00cec0c46af5dbae2b1a.jpg,finger_acropora,0,0,4618,0.0,0.0,,0.0
GPAB4498_jpg.rf.b6877a7fc44b00cec0c46af5dbae2b1a.jpg,finger_porites,0,0,8434,0.0,0.0,,0.0
GPAB4498_jpg.rf.b6877a7fc44b00cec0c46af5dbae2b1a.jpg,knob_porites,0,0,0,1.0,1.0,,
GPAB4498_jpg.rf.b6877a7fc44b00cec0c46af5dbae2b1a.jpg,mounding_,8526,4702,27558,0.20904231844260285,0.3457981829980532,0.6445418808587844,0.23628200864649151
GPAB4498_jpg.rf.b6877a7fc44b00cec0c46af5dbae2b1a.jpg,oddball,0,0,0,1.0,1.0,,
GPAB4498_jpg.rf.b6877a7fc44b00cec0c46af5dbae2b1a.jpg,pocillopora_,37954,11774,3676,0.7106958280278631,0.8308850894284026,0.7632319819819819,0.9116982944991593
GPAB4498_jpg.rf.b6877a7fc44b00cec0c46af5dbae2b1a.jpg,table_acropora,0,0,0,1.0,1.0,,
GPAB4505_jpg.rf.13a1db335485f434ce177e813406f6e1.jpg,branching_acropora,0,0,0,1.0,1.0,,
GPAB4505_jpg.rf.13a1db335485f434ce177e813406f6e1.jpg,finger_acropora,119993,2550,2432,0.9601360272054411,0.9796626498154861,0.9791909778608325,0.9801347763937104
GPAB4505_jpg.rf.13a1db335485f434ce177e813406f6e1.jpg,finger_porites,0,0,0,1.0,1.0,,
GPAB4505_jpg.rf.13a1db335485f434ce177e813406f6e1.jpg,knob_porites,0,0,0,1.0,1.0,,
GPAB4505_jpg.rf.13a1db335485f434ce177e813406f6e1.jpg,mounding_,117142,12740,21484,0.7738990262013926,0.8725401105367437,0.9019109653377682,0.845021857371633
GPAB4505_jpg.rf.13a1db335485f434ce177e813406f6e1.jpg,oddball,0,0,0,1.0,1.0,,
GPAB4505_jpg.rf.13a1db335485f434ce177e813406f6e1.jpg,pocillopora_,0,0,0,1.0,1.0,,
GPAB4505_jpg.rf.13a1db335485f434ce177e813406f6e1.jpg,table_acropora,0,0,0,1.0,1.0,,
GPAB4507_jpg.rf.8e55a9561d7c6ba559c55fd404f96b5c.jpg,branching_acropora,0,0,0,1.0,1.0,,
GPAB4507_jpg.rf.8e55a9561d7c6ba559c55fd404f96b5c.jpg,finger_acropora,28171,13299,684,0.6682877069791716,0.801166014930679,0.6793103448275862,0.9762952694507018
GPAB4507_jpg.rf.8e55a9561d7c6ba559c55fd404f96b5c.jpg,finger_porites,0,0,0,1.0,1.0,,
GPAB4507_jpg.rf.8e55a9561d7c6ba559c55fd404f96b5c.jpg,knob_porites,0,0,0,1.0,1.0,,
GPAB4507_jpg.rf.8e55a9561d7c6ba559c55fd404f96b5c.jpg,mounding_,114917,418,7832,0.9330177726176655,0.9653483644428017,0.9963757749165475,0.9361949995519312
GPAB4507_jpg.rf.8e55a9561d7c6ba559c55fd404f96b5c.jpg,oddball,0,0,4345,0.0,0.0,,0.0
GPAB4507_jpg.rf.8e55a9561d7c6ba559c55fd404f96b5c.jpg,pocillopora_,6346,3920,8956,0.33014254500052026,0.4964017521902378,0.6181570231833236,0.4147170304535355
GPAB4507_jpg.rf.8e55a9561d7c6ba559c55fd404f96b5c.jpg,table_acropora,0,0,0,1.0,1.0,,
GPAB4525_jpg.rf.6ac0c98a728c8be78057fee83f71b76c.jpg,branching_acropora,0,0,0,1.0,1.0,,
GPAB4525_jpg.rf.6ac0c98a728c8be78057fee83f71b76c.jpg,finger_acropora,251722,38798,632,0.8645724569984063,0.9273680448870272,0.8664532562302079,0.9974955816036203
GPAB4525_jpg.rf.6ac0c98a728c8be78057fee83f71b76c.jpg,finger_porites,0,0,0,1.0,1.0,,
GPAB4525_jpg.rf.6ac0c98a728c8be78057fee83f71b76c.jpg,knob_porites,0,0,0,1.0,1.0,,
GPAB4525_jpg.rf.6ac0c98a728c8be78057fee83f71b76c.jpg,mounding_,29049,741,783,0.9501520949857718,0.97443896548254,0.9751258811681772,0.9737530168946098
GPAB4525_jpg.rf.6ac0c98a728c8be78057fee83f71b76c.jpg,oddball,4542,71,231,0.9376548307184145,0.967824419347965,0.984608714502493,0.9516027655562539
GPAB4525_jpg.rf.6ac0c98a728c8be78057fee83f71b76c.jpg,pocillopora_,31745,853,2189,0.9125535401155604,0.9542776408344856,0.9738327504754893,0.9354924264749219
GPAB4525_jpg.rf.6ac0c98a728c8be78057fee83f71b76c.jpg,table_acropora,0,0,0,1.0,1.0,,
GPAB4526_jpg.rf.acbd0ab7d910680595cd55a037d26f3e.jpg,branching_acropora,0,2409,0,0.0,0.0,0.0,
GPAB4526_jpg.rf.acbd0ab7d910680595cd55a037d26f3e.jpg,finger_acropora,60791,5376,25580,0.6625938722792026,0.797060404620488,0.9187510390375867,0.7038357782125945
GPAB4526_jpg.rf.acbd0ab7d910680595cd55a037d26f3e.jpg,finger_porites,3269,3279,29344,0.0910787919313496,0.16695181430504838,0.49923640806353087,0.10023610216784717
GPAB4526_jpg.rf.acbd0ab7d910680595cd55a037d26f3e.jpg,knob_porites,0,0,0,1.0,1.0,,
GPAB4526_jpg.rf.acbd0ab7d910680595cd55a037d26f3e.jpg,mounding_,3775,5010,7641,0.22981858029952515,0.3737438740656403,0.42970973249857713,0.33067624386825506
GPAB4526_jpg.rf.acbd0ab7d910680595cd55a037d26f3e.jpg,oddball,0,1247,7956,0.0,0.0,0.0,0.0
GPAB4526_jpg.rf.acbd0ab7d910680595cd55a037d26f3e.jpg,pocillopora_,53295,6222,25789,0.6247508967716222,0.7690420704035325,0.895458440445587,0.6739036973344797
GPAB4526_jpg.rf.acbd0ab7d910680595cd55a037d26f3e.jpg,table_acropora,0,0,0,1.0,1.0,,
GPAB4528_jpg.rf.5de0daa0ed0222a80389722c2d9b9b6d.jpg,branching_acropora,0,0,0,1.0,1.0,,
GPAB4528_jpg.rf.5de0daa0ed0222a80389722c2d9b9b6d.jpg,finger_acropora,43573,535,391,0.9791905436077215,0.9894858751930239,0.9878706810555908,0.9911063597488855
GPAB4528_jpg.rf.5de0daa0ed0222a80389722c2d9b9b6d.jpg,finger_porites,57752,5250,391,0.9110154117962551,0.9534359651657105,0.9166693120853306,0.9932752007980324
GPAB4528_jpg.rf.5de0daa0ed0222a80389722c2d9b9b6d.jpg,knob_porites,0,0,0,1.0,1.0,,
GPAB4528_jpg.rf.5de0daa0ed0222a80389722c2d9b9b6d.jpg,mounding_,11763,79634,10077,0.11592131974693025,0.20775894804701645,0.1287022549974288,0.5385989010989011
GPAB4528_jpg.rf.5de0daa0ed0222a80389722c2d9b9b6d.jpg,oddball,0,8635,0,0.0,0.0,0.0,
GPAB4528_jpg.rf.5de0daa0ed0222a80389722c2d9b9b6d.jpg,pocillopora_,25463,688,15429,0.6123857623857624,0.7596020464478022,0.9736912546365339,0.6226890345299814
GPAB4528_jpg.rf.5de0daa0ed0222a80389722c2d9b9b6d.jpg,table_acropora,0,0,0,1.0,1.0,,
GPAB4529_jpg.rf.d3f81e072c8902d00583b47350aa6ec8.jpg,branching_acropora,0,0,0,1.0,1.0,,
GPAB4529_jpg.rf.d3f81e072c8902d00583b47350aa6ec8.jpg,finger_acropora,0,0,3453,0.0,0.0,,0.0
GPAB4529_jpg.rf.d3f81e072c8902d00583b47350aa6ec8.jpg,finger_porites,2203,220,47351,0.04426005545063688,0.08476826288550705,0.909203466776723,0.04445655244783468
GPAB4529_jpg.rf.d3f81e072c8902d00583b47350aa6ec8.jpg,knob_porites,0,0,0,1.0,1.0,,
GPAB4529_jpg.rf.d3f81e072c8902d00583b47350aa6ec8.jpg,mounding_,36634,13833,3580,0.6778174551779007,0.8079752098013917,0.7259000931301642,0.9109762769184861
GPAB4529_jpg.rf.d3f81e072c8902d00583b47350aa6ec8.jpg,oddball,0,0,0,1.0,1.0,,
GPAB4529_jpg.rf.d3f81e072c8902d00583b47350aa6ec8.jpg,pocillopora_,0,0,14222,0.0,0.0,,0.0
GPAB4529_jpg.rf.d3f81e072c8902d00583b47350aa6ec8.jpg,table_acropora,0,0,0,1.0,1.0,,
GPAB4531_jpg.rf.822f10de5d5f23d8920ae0c54a335239.jpg,branching_acropora,914945,109491,3685,0.8899195717235617,0.9417539085136584,0.8931207025133829,0.9959885917072162
GPAB4531_jpg.rf.822f10de5d5f23d8920ae0c54a335239.jpg,finger_acropora,0,0,0,1.0,1.0,,
GPAB4531_jpg.rf.822f10de5d5f23d8920ae0c54a335239.jpg,finger_porites,0,0,0,1.0,1.0,,
GPAB4531_jpg.rf.822f10de5d5f23d8920ae0c54a335239.jpg,knob_porites,0,0,0,1.0,1.0,,
GPAB4531_jpg.rf.822f10de5d5f23d8920ae0c54a335239.jpg,mounding_,0,0,0,1.0,1.0,,
GPAB4531_jpg.rf.822f10de5d5f23d8920ae0c54a335239.jpg,oddball,0,0,0,1.0,1.0,,
GPAB4531_jpg.rf.822f10de5d5f23d8920ae0c54a335239.jpg,pocillopora_,0,0,0,1.0,1.0,,
GPAB4531_jpg.rf.822f10de5d5f23d8920ae0c54a335239.jpg,table_acropora,0,0,0,1.0,1.0,,
GPAB4534_jpg.rf.c9971bd4981c506c5892842e85189683.jpg,branching_acropora,0,0,0,1.0,1.0,,
GPAB4534_jpg.rf.c9971bd4981c506c5892842e85189683.jpg,finger_acropora,179426,8549,4269,0.9333243170137949,0.9655124169289961,0.9545205479452055,0.976760390865293
GPAB4534_jpg.rf.c9971bd4981c506c5892842e85189683.jpg,finger_porites,0,0,0,1.0,1.0,,
GPAB4534_jpg.rf.c9971bd4981c506c5892842e85189683.jpg,knob_porites,0,0,0,1.0,1.0,,
GPAB4534_jpg.rf.c9971bd4981c506c5892842e85189683.jpg,mounding_,0,10158,46859,0.0,0.0,0.0,0.0
GPAB4534_jpg.rf.c9971bd4981c506c5892842e85189683.jpg,oddball,0,0,0,1.0,1.0,,
GPAB4534_jpg.rf.c9971bd4981c506c5892842e85189683.jpg,pocillopora_,9506,2540,230,0.774356467904855,0.8728307777063631,0.7891416237755271,0.9763763352506163
GPAB4534_jpg.rf.c9971bd4981c506c5892842e85189683.jpg,table_acropora,0,0,0,1.0,1.0,,
GPAB4535_jpg.rf.d00094f083e5ab28a3b18bd3a5f5e579.jpg,branching_acropora,112134,4700,123001,0.4675464381762462,0.6371811153823206,0.9597719841826865,0.4768919982137921
GPAB4535_jpg.rf.d00094f083e5ab28a3b18bd3a5f5e579.jpg,finger_acropora,38013,1451,289,0.9562297185118104,0.9776251832420338,0.9632323129941213,0.9924547021043287
GPAB4535_jpg.rf.d00094f083e5ab28a3b18bd3a5f5e579.jpg,finger_porites,0,0,0,1.0,1.0,,
GPAB4535_jpg.rf.d00094f083e5ab28a3b18bd3a5f5e579.jpg,knob_porites,0,0,0,1.0,1.0,,
GPAB4535_jpg.rf.d00094f083e5ab28a3b18bd3a5f5e579.jpg,mounding_,0,0,0,1.0,1.0,,
GPAB4535_jpg.rf.d00094f083e5ab28a3b18bd3a5f5e579.jpg,oddball,0,0,0,1.0,1.0,,
GPAB4535_jpg.rf.d00094f083e5ab28a3b18bd3a5f5e579.jpg,pocillopora_,0,1085,8713,0.0,0.0,0.0,0.0
GPAB4535_jpg.rf.d00094f083e5ab28a3b18bd3a5f5e579.jpg,table_acropora,0,11966,0,0.0,0.0,0.0,
GPAB4536_jpg.rf.626fb5f38e0392a40c4fd81e1b51fa7a.jpg,branching_acropora,0,7615,0,0.0,0.0,0.0,
GPAB4536_jpg.rf.626fb5f38e0392a40c4fd81e1b51fa7a.jpg,finger_acropora,138948,4086,361199,0.2755630829398314,0.4320650019201438,0.971433365493519,0.2778143225891588
GPAB4536_jpg.rf.626fb5f38e0392a40c4fd81e1b51fa7a.jpg,finger_porites,0,0,0,1.0,1.0,,
GPAB4536_jpg.rf.626fb5f38e0392a40c4fd81e1b51fa7a.jpg,knob_porites,0,0,0,1.0,1.0,,
GPAB4536_jpg.rf.626fb5f38e0392a40c4fd81e1b51fa7a.jpg,mounding_,1878,5120,1607,0.21824520627542127,0.35829438137937614,0.2683623892540726,0.538880918220947
GPAB4536_jpg.rf.626fb5f38e0392a40c4fd81e1b51fa7a.jpg,oddball,0,0,0,1.0,1.0,,
GPAB4536_jpg.rf.626fb5f38e0392a40c4fd81e1b51fa7a.jpg,pocillopora_,30055,54805,1189,0.34927773710327836,0.517725487493971,0.3541715767145887,0.9619446933811292
GPAB4536_jpg.rf.626fb5f38e0392a40c4fd81e1b51fa7a.jpg,table_acropora,0,2633,0,0.0,0.0,0.0,
GPAB4541_jpg.rf.e77dc1d8b513409bfb6fe75f8bc01f13.jpg,branching_acropora,0,0,142085,0.0,0.0,,0.0
GPAB4541_jpg.rf.e77dc1d8b513409bfb6fe75f8bc01f13.jpg,finger_acropora,13557,159713,89656,0.05156203646653431,0.09806751228827812,0.07824204997980032,0.13134973307625977
GPAB4541_jpg.rf.e77dc1d8b513409bfb6fe75f8bc01f13.jpg,finger_porites,0,1363,0,0.0,0.0,0.0,
GPAB4541_jpg.rf.e77dc1d8b513409bfb6fe75f8bc01f13.jpg,knob_porites,0,0,0,1.0,1.0,,
GPAB4541_jpg.rf.e77dc1d8b513409bfb6fe75f8bc01f13.jpg,mounding_,15520,5582,78629,0.1556186140718533,0.2693252119287468,0.7354753103971188,0.16484508598073266
GPAB4541_jpg.rf.e77dc1d8b513409bfb6fe75f8bc01f13.jpg,oddball,0,0,5068,0.0,0.0,,0.0
GPAB4541_jpg.rf.e77dc1d8b513409bfb6fe75f8bc01f13.jpg,pocillopora_,4325,2966,25540,0.13173525022082788,0.232802239207665,0.5931970923055823,0.14481834923823875
GPAB4541_jpg.rf.e77dc1d8b513409bfb6fe75f8bc01f13.jpg,table_acropora,0,91368,0,0.0,0.0,0.0,
GPAB4546_jpg.rf.8b2ed08293556ec68404056ddae731eb.jpg,branching_acropora,0,0,0,1.0,1.0,,
GPAB4546_jpg.rf.8b2ed08293556ec68404056ddae731eb.jpg,finger_acropora,153842,2387,17620,0.8849173708218051,0.9389455310032927,0.9847211465220925,0.8972367055090924
GPAB4546_jpg.rf.8b2ed08293556ec68404056ddae731eb.jpg,finger_porites,0,15840,0,0.0,0.0,0.0,
GPAB4546_jpg.rf.8b2ed08293556ec68404056ddae731eb.jpg,knob_porites,0,0,0,1.0,1.0,,
GPAB4546_jpg.rf.8b2ed08293556ec68404056ddae731eb.jpg,mounding_,0,2128,3134,0.0,0.0,0.0,0.0
GPAB4546_jpg.rf.8b2ed08293556ec68404056ddae731eb.jpg,oddball,0,2541,0,0.0,0.0,0.0,
GPAB4546_jpg.rf.8b2ed08293556ec68404056ddae731eb.jpg,pocillopora_,109528,15686,799,0.8691801639513383,0.9300121847151875,0.8747264682862939,0.9927578924469984
GPAB4546_jpg.rf.8b2ed08293556ec68404056ddae731eb.jpg,table_acropora,0,0,0,1.0,1.0,,
GPAB4553_jpg.rf.943f4941aea2cefec255237b0d6361d3.jpg,branching_acropora,0,14820,0,0.0,0.0,0.0,
GPAB4553_jpg.rf.943f4941aea2cefec255237b0d6361d3.jpg,finger_acropora,0,0,0,1.0,1.0,,
GPAB4553_jpg.rf.943f4941aea2cefec255237b0d6361d3.jpg,finger_porites,0,0,7549,0.0,0.0,,0.0
GPAB4553_jpg.rf.943f4941aea2cefec255237b0d6361d3.jpg,knob_porites,0,0,0,1.0,1.0,,
GPAB4553_jpg.rf.943f4941aea2cefec255237b0d6361d3.jpg,mounding_,68123,24110,59894,0.447803479987116,0.6185970488081726,0.7385968145891384,0.5321402626213706
GPAB4553_jpg.rf.943f4941aea2cefec255237b0d6361d3.jpg,oddball,0,0,0,1.0,1.0,,
GPAB4553_jpg.rf.943f4941aea2cefec255237b0d6361d3.jpg,pocillopora_,36464,4592,1932,0.8482367172234112,0.9178875295776066,0.8881527669524552,0.9496822585686009
GPAB4553_jpg.rf.943f4941aea2cefec255237b0d6361d3.jpg,table_acropora,0,21547,0,0.0,0.0,0.0,
GPAB4554_jpg.rf.6b291c5aaa77f010267e5d2c4688d0c7.jpg,branching_acropora,0,0,0,1.0,1.0,,
GPAB4554_jpg.rf.6b291c5aaa77f010267e5d2c4688d0c7.jpg,finger_acropora,51358,13723,193,0.7868063853908142,0.8806845462651759,0.7891396874663881,0.9962561347015577
GPAB4554_jpg.rf.6b291c5aaa77f010267e5d2c4688d0c7.jpg,finger_porites,10033,251,190,0.9578957418369295,0.9784951479982446,0.9755931544146247,0.9814144575956177
GPAB4554_jpg.rf.6b291c5aaa77f010267e5d2c4688d0c7.jpg,knob_porites,0,2130,0,0.0,0.0,0.0,
GPAB4554_jpg.rf.6b291c5aaa77f010267e5d2c4688d0c7.jpg,mounding_,94155,49196,4174,0.63823080833757,0.7791708043694141,0.6568143926446275,0.9575506717245167
GPAB4554_jpg.rf.6b291c5aaa77f010267e5d2c4688d0c7.jpg,oddball,0,0,0,1.0,1.0,,
GPAB4554_jpg.rf.6b291c5aaa77f010267e5d2c4688d0c7.jpg,pocillopora_,0,0,11496,0.0,0.0,,0.0
GPAB4554_jpg.rf.6b291c5aaa77f010267e5d2c4688d0c7.jpg,table_acropora,0,0,0,1.0,1.0,,
GPAB4555_jpg.rf.e9611418c52e38b5feea68c1d6d92b5d.jpg,branching_acropora,0,0,0,1.0,1.0,,
GPAB4555_jpg.rf.e9611418c52e38b5feea68c1d6d92b5d.jpg,finger_acropora,124853,1030,967,0.984256996452503,0.9920660460940076,0.991817799067388,0.9923144174217136
GPAB4555_jpg.rf.e9611418c52e38b5feea68c1d6d92b5d.jpg,finger_porites,0,0,0,1.0,1.0,,
GPAB4555_jpg.rf.e9611418c52e38b5feea68c1d6d92b5d.jpg,knob_porites,0,0,0,1.0,1.0,,
GPAB4555_jpg.rf.e9611418c52e38b5feea68c1d6d92b5d.jpg,mounding_,0,4606,0,0.0,0.0,0.0,
GPAB4555_jpg.rf.e9611418c52e38b5feea68c1d6d92b5d.jpg,oddball,0,0,0,1.0,1.0,,
GPAB4555_jpg.rf.e9611418c52e38b5feea68c1d6d92b5d.jpg,pocillopora_,22174,1660,486,0.9117598684210526,0.9538435066890352,0.9303515985566837,0.9785525154457193
GPAB4555_jpg.rf.e9611418c52e38b5feea68c1d6d92b5d.jpg,table_acropora,0,0,0,1.0,1.0,,
GPAB4561_jpg.rf.36a5e769967fb55febee4557b2741043.jpg,branching_acropora,0,0,0,1.0,1.0,,
GPAB4561_jpg.rf.36a5e769967fb55febee4557b2741043.jpg,finger_acropora,81626,2280,6293,0.9049546003835963,0.9501062127164266,0.9728267346792839,0.9284227527610641
GPAB4561_jpg.rf.36a5e769967fb55febee4557b2741043.jpg,finger_porites,25812,604,10884,0.6920107238605898,0.8179743947268349,0.9771350696547547,0.7034009156311315
GPAB4561_jpg.rf.36a5e769967fb55febee4557b2741043.jpg,knob_porites,0,0,0,1.0,1.0,,
GPAB4561_jpg.rf.36a5e769967fb55febee4557b2741043.jpg,mounding_,15137,2376,16403,0.44630852694893264,0.6171691843516197,0.864329355336036,0.4799302473050095
GPAB4561_jpg.rf.36a5e769967fb55febee4557b2741043.jpg,oddball,6426,4246,5619,0.39445092382296976,0.5657437161597042,0.6021364317841079,0.5334993773349938
GPAB4561_jpg.rf.36a5e769967fb55febee4557b2741043.jpg,pocillopora_,15805,5211,11742,0.4824775627327676,0.650907069167885,0.7520460601446517,0.5737466874795804
GPAB4561_jpg.rf.36a5e769967fb55febee4557b2741043.jpg,table_acropora,0,0,0,1.0,1.0,,
GPAB4579_jpg.rf.a48ec6435f51ef0c7d07347a796e51af.jpg,branching_acropora,0,0,0,1.0,1.0,,
GPAB4579_jpg.rf.a48ec6435f51ef0c7d07347a796e51af.jpg,finger_acropora,0,0,0,1.0,1.0,,
GPAB4579_jpg.rf.a48ec6435f51ef0c7d07347a796e51af.jpg,finger_porites,0,0,0,1.0,1.0,,
GPAB4579_jpg.rf.a48ec6435f51ef0c7d07347a796e51af.jpg,knob_porites,0,0,0,1.0,1.0,,
GPAB4579_jpg.rf.a48ec6435f51ef0c7d07347a796e51af.jpg,mounding_,0,0,0,1.0,1.0,,
GPAB4579_jpg.rf.a48ec6435f51ef0c7d07347a796e51af.jpg,oddball,0,0,0,1.0,1.0,,
GPAB4579_jpg.rf.a48ec6435f51ef0c7d07347a796e51af.jpg,pocillopora_,0,0,0,1.0,1.0,,
GPAB4579_jpg.rf.a48ec6435f51ef0c7d07347a796e51af.jpg,table_acropora,1034259,1937,1791,0.9964084328609125,0.9982009857902971,0.9981306625387475,0.998271318951788
GPAB4580_jpg.rf.0496ca1e8738a9c36fad566623244f47.jpg,branching_acropora,0,0,0,1.0,1.0,,
GPAB4580_jpg.rf.0496ca1e8738a9c36fad566623244f47.jpg,finger_acropora,257332,12481,61566,0.7765489062372691,0.8742218168167403,0.9537420361509639,0.8069414044616147
GPAB4580_jpg.rf.0496ca1e8738a9c36fad566623244f47.jpg,finger_porites,0,4600,0,0.0,0.0,0.0,
GPAB4580_jpg.rf.0496ca1e8738a9c36fad566623244f47.jpg,knob_porites,0,0,0,1.0,1.0,,
GPAB4580_jpg.rf.0496ca1e8738a9c36fad566623244f47.jpg,mounding_,35680,849,13353,0.7152880798684896,0.8340151001612865,0.9767581921213283,0.727673199681847
GPAB4580_jpg.rf.0496ca1e8738a9c36fad566623244f47.jpg,oddball,0,0,0,1.0,1.0,,
GPAB4580_jpg.rf.0496ca1e8738a9c36fad566623244f47.jpg,pocillopora_,7469,4234,1018,0.5871393758352331,0.7398712233779099,0.6382124241647441,0.8800518439967009
GPAB4580_jpg.rf.0496ca1e8738a9c36fad566623244f47.jpg,table_acropora,0,18455,0,0.0,0.0,0.0,
GPAB4582_jpg.rf.00e1bc8aa55f6785af673809468f4781.jpg,branching_acropora,0,1661,0,0.0,0.0,0.0,
GPAB4582_jpg.rf.00e1bc8aa55f6785af673809468f4781.jpg,finger_acropora,59138,32943,1810,0.6298580268609345,0.7728992543896909,0.6422388983612255,0.9703025529959965
GPAB4582_jpg.rf.00e1bc8aa55f6785af673809468f4781.jpg,finger_porites,11951,1148,23084,0.33029323162811264,0.4965720696389247,0.9123597221161921,0.34111602683031256
GPAB4582_jpg.rf.00e1bc8aa55f6785af673809468f4781.jpg,knob_porites,0,0,0,1.0,1.0,,
GPAB4582_jpg.rf.00e1bc8aa55f6785af673809468f4781.jpg,mounding_,36423,401,11374,0.7556952570646085,0.8608501435813805,0.989110362806865,0.7620352741803879
GPAB4582_jpg.rf.00e1bc8aa55f6785af673809468f4781.jpg,oddball,0,0,0,1.0,1.0,,
GPAB4582_jpg.rf.00e1bc8aa55f6785af673809468f4781.jpg,pocillopora_,0,15820,0,0.0,0.0,0.0,
GPAB4582_jpg.rf.00e1bc8aa55f6785af673809468f4781.jpg,table_acropora,0,10068,0,0.0,0.0,0.0,
GPAB4583_jpg.rf.d0f6ee6e27b8aac8b47085b723d6e97c.jpg,branching_acropora,0,0,0,1.0,1.0,,
GPAB4583_jpg.rf.d0f6ee6e27b8aac8b47085b723d6e97c.jpg,finger_acropora,60102,1108,4266,0.9179241248701815,0.95720588001083,0.9818983826172194,0.9337248322147651
GPAB4583_jpg.rf.d0f6ee6e27b8aac8b47085b723d6e97c.jpg,finger_porites,7766,2958,22046,0.23698504729935918,0.38316558121176236,0.7241700857888848,0.26049912786797264
GPAB4583_jpg.rf.d0f6ee6e27b8aac8b47085b723d6e97c.jpg,knob_porites,0,17572,0,0.0,0.0,0.0,
GPAB4583_jpg.rf.d0f6ee6e27b8aac8b47085b723d6e97c.jpg,mounding_,31394,1205,19703,0.600244732515009,0.7501911680367043,0.9630356759409798,0.6144000626259859
GPAB4583_jpg.rf.d0f6ee6e27b8aac8b47085b723d6e97c.jpg,oddball,0,0,0,1.0,1.0,,
GPAB4583_jpg.rf.d0f6ee6e27b8aac8b47085b723d6e97c.jpg,pocillopora_,23546,739,4551,0.816548758496324,0.8990111106868772,0.9695696932262714,0.8380254119656902
GPAB4583_jpg.rf.d0f6ee6e27b8aac8b47085b723d6e97c.jpg,table_acropora,0,4483,0,0.0,0.0,0.0,
GPAB4584_jpg.rf.5e0c84dd7c16e04e3c9c949fcb14098e.jpg,branching_acropora,0,0,0,1.0,1.0,,
GPAB4584_jpg.rf.5e0c84dd7c16e04e3c9c949fcb14098e.jpg,finger_acropora,157281,4901,3782,0.947681424887325,0.9731380222431901,0.9697808634743683,0.9765185051812024
GPAB4584_jpg.rf.5e0c84dd7c16e04e3c9c949fcb14098e.jpg,finger_porites,0,0,0,1.0,1.0,,
GPAB4584_jpg.rf.5e0c84dd7c16e04e3c9c949fcb14098e.jpg,knob_porites,0,41840,0,0.0,0.0,0.0,
GPAB4584_jpg.rf.5e0c84dd7c16e04e3c9c949fcb14098e.jpg,mounding_,17421,4769,8344,0.5705443112595795,0.7265561463872381,0.7850833708877873,0.676149815641374
GPAB4584_jpg.rf.5e0c84dd7c16e04e3c9c949fcb14098e.jpg,oddball,0,0,0,1.0,1.0,,
GPAB4584_jpg.rf.5e0c84dd7c16e04e3c9c949fcb14098e.jpg,pocillopora_,0,0,0,1.0,1.0,,
GPAB4584_jpg.rf.5e0c84dd7c16e04e3c9c949fcb14098e.jpg,table_acropora,271553,4614,776,0.9805375113290461,0.9901731279717628,0.9832927178120485,0.9971505054547991
GPAB4585_jpg.rf.db7c05489c86feb0202db4c7dd4a8d2f.jpg,branching_acropora,2901,206943,1308,0.013738917935894521,0.02710543650404339,0.013824555383999543,0.6892373485388453
GPAB4585_jpg.rf.db7c05489c86feb0202db4c7dd4a8d2f.jpg,finger_acropora,16439,51,322,0.9778134665714966,0.9887822922618869,0.9969072164948454,0.9807887357556232
GPAB4585_jpg.rf.db7c05489c86feb0202db4c7dd4a8d2f.jpg,finger_porites,0,2951,5415,0.0,0.0,0.0,0.0
GPAB4585_jpg.rf.db7c05489c86feb0202db4c7dd4a8d2f.jpg,knob_porites,0,0,0,1.0,1.0,,
GPAB4585_jpg.rf.db7c05489c86feb0202db4c7dd4a8d2f.jpg,mounding_,6604,1711,217832,0.029202244557743416,0.056747339431409534,0.7942273000601323,0.029424869450533783
GPAB4585_jpg.rf.db7c05489c86feb0202db4c7dd4a8d2f.jpg,oddball,0,0,0,1.0,1.0,,
GPAB4585_jpg.rf.db7c05489c86feb0202db4c7dd4a8d2f.jpg,pocillopora_,0,0,2632,0.0,0.0,,0.0
GPAB4585_jpg.rf.db7c05489c86feb0202db4c7dd4a8d2f.jpg,table_acropora,0,0,0,1.0,1.0,,
GPAB4591_jpg.rf.5ac7ba27479417886e5a0d0c916ff54a.jpg,branching_acropora,0,0,568899,0.0,0.0,,0.0
GPAB4591_jpg.rf.5ac7ba27479417886e5a0d0c916ff54a.jpg,finger_acropora,0,0,0,1.0,1.0,,
GPAB4591_jpg.rf.5ac7ba27479417886e5a0d0c916ff54a.jpg,finger_porites,0,545284,0,0.0,0.0,0.0,
GPAB4591_jpg.rf.5ac7ba27479417886e5a0d0c916ff54a.jpg,knob_porites,0,0,0,1.0,1.0,,
GPAB4591_jpg.rf.5ac7ba27479417886e5a0d0c916ff54a.jpg,mounding_,0,0,0,1.0,1.0,,
GPAB4591_jpg.rf.5ac7ba27479417886e5a0d0c916ff54a.jpg,oddball,0,0,0,1.0,1.0,,
GPAB4591_jpg.rf.5ac7ba27479417886e5a0d0c916ff54a.jpg,pocillopora_,0,0,0,1.0,1.0,,
GPAB4591_jpg.rf.5ac7ba27479417886e5a0d0c916ff54a.jpg,table_acropora,0,0,0,1.0,1.0,,
GPAB4592_jpg.rf.974ab00ec7fa04dcc551ce9db859dc81.jpg,branching_acropora,0,0,298848,0.0,0.0,,0.0
GPAB4592_jpg.rf.974ab00ec7fa04dcc551ce9db859dc81.jpg,finger_acropora,0,0,0,1.0,1.0,,
GPAB4592_jpg.rf.974ab00ec7fa04dcc551ce9db859dc81.jpg,finger_porites,0,99157,0,0.0,0.0,0.0,
GPAB4592_jpg.rf.974ab00ec7fa04dcc551ce9db859dc81.jpg,knob_porites,0,3583,0,0.0,0.0,0.0,
GPAB4592_jpg.rf.974ab00ec7fa04dcc551ce9db859dc81.jpg,mounding_,0,0,0,1.0,1.0,,
GPAB4592_jpg.rf.974ab00ec7fa04dcc551ce9db859dc81.jpg,oddball,0,0,0,1.0,1.0,,
GPAB4592_jpg.rf.974ab00ec7fa04dcc551ce9db859dc81.jpg,pocillopora_,0,0,53,0.0,0.0,,0.0
GPAB4592_jpg.rf.974ab00ec7fa04dcc551ce9db859dc81.jpg,table_acropora,0,0,0,1.0,1.0,,
GPAB4600_jpg.rf.7e83c163f416736020b735d0bfeee1b3.jpg,branching_acropora,0,0,0,1.0,1.0,,
GPAB4600_jpg.rf.7e83c163f416736020b735d0bfeee1b3.jpg,finger_acropora,0,10929,0,0.0,0.0,0.0,
GPAB4600_jpg.rf.7e83c163f416736020b735d0bfeee1b3.jpg,finger_porites,0,0,9652,0.0,0.0,,0.0
GPAB4600_jpg.rf.7e83c163f416736020b735d0bfeee1b3.jpg,knob_porites,0,0,0,1.0,1.0,,
GPAB4600_jpg.rf.7e83c163f416736020b735d0bfeee1b3.jpg,mounding_,0,0,3313,0.0,0.0,,0.0
GPAB4600_jpg.rf.7e83c163f416736020b735d0bfeee1b3.jpg,oddball,0,6311,0,0.0,0.0,0.0,
GPAB4600_jpg.rf.7e83c163f416736020b735d0bfeee1b3.jpg,pocillopora_,8605,866,94,0.8996340825927862,0.9471656576774904,0.9085629817337134,0.9891941602483044
GPAB4600_jpg.rf.7e83c163f416736020b735d0bfeee1b3.jpg,table_acropora,256266,1570,1235,0.9891728522296976,0.9945569598146455,0.9939108580648164,0.9952039021207685
GPAB4602_jpg.rf.7bef0784627890ce0bfb4278c99e4f5f.jpg,branching_acropora,0,0,0,1.0,1.0,,
GPAB4602_jpg.rf.7bef0784627890ce0bfb4278c99e4f5f.jpg,finger_acropora,19249,2032,667,0.8770275195917624,0.9344855207903489,0.904515765236596,0.9665093392247439
GPAB4602_jpg.rf.7bef0784627890ce0bfb4278c99e4f5f.jpg,finger_porites,0,0,0,1.0,1.0,,
GPAB4602_jpg.rf.7bef0784627890ce0bfb4278c99e4f5f.jpg,knob_porites,0,0,0,1.0,1.0,,
GPAB4602_jpg.rf.7bef0784627890ce0bfb4278c99e4f5f.jpg,mounding_,0,0,0,1.0,1.0,,
GPAB4602_jpg.rf.7bef0784627890ce0bfb4278c99e4f5f.jpg,oddball,0,0,0,1.0,1.0,,
GPAB4602_jpg.rf.7bef0784627890ce0bfb4278c99e4f5f.jpg,pocillopora_,0,0,1826,0.0,0.0,,0.0
GPAB4602_jpg.rf.7bef0784627890ce0bfb4278c99e4f5f.jpg,table_acropora,289051,1221,2110,0.988607369810727,0.9942710510067369,0.9957936004850623,0.9927531503188958
GPAB4619_jpg.rf.e6b9dac7f6f65d310b5114459475f4be.jpg,branching_acropora,3722,379,372,0.8321037335121843,0.9083587553386211,0.9075835162155572,0.9091353199804592
GPAB4619_jpg.rf.e6b9dac7f6f65d310b5114459475f4be.jpg,finger_acropora,41002,1781,31343,0.5531392493861803,0.7122854561878952,0.9583713157095108,0.5667565139263252
GPAB4619_jpg.rf.e6b9dac7f6f65d310b5114459475f4be.jpg,finger_porites,0,0,1558,0.0,0.0,,0.0
GPAB4619_jpg.rf.e6b9dac7f6f65d310b5114459475f4be.jpg,knob_porites,0,0,0,1.0,1.0,,
GPAB4619_jpg.rf.e6b9dac7f6f65d310b5114459475f4be.jpg,mounding_,4872,3339,1497,0.5018541409147095,0.6683127572016461,0.5933503836317136,0.7649552520018841
GPAB4619_jpg.rf.e6b9dac7f6f65d310b5114459475f4be.jpg,oddball,0,0,0,1.0,1.0,,
GPAB4619_jpg.rf.e6b9dac7f6f65d310b5114459475f4be.jpg,pocillopora_,1764,3517,13015,0.09641451683428072,0.17587238285144566,0.3340276462791138,0.11935854929291562
GPAB4619_jpg.rf.e6b9dac7f6f65d310b5114459475f4be.jpg,table_acropora,0,27355,0,0.0,0.0,0.0,
GPAB4624_jpg.rf.171cc1916947444aa4cda7c4944883bc.jpg,branching_acropora,548094,15236,11438,0.9535917100464884,0.9762446320206757,0.9729536861164859,0.9795579162585876
GPAB4624_jpg.rf.171cc1916947444aa4cda7c4944883bc.jpg,finger_acropora,24412,1677,916,0.9039807443066099,0.9495692086274967,0.9357200352639043,0.9638344914718888
GPAB4624_jpg.rf.171cc1916947444aa4cda7c4944883bc.jpg,finger_porites,0,0,0,1.0,1.0,,
GPAB4624_jpg.rf.171cc1916947444aa4cda7c4944883bc.jpg,knob_porites,0,0,0,1.0,1.0,,
GPAB4624_jpg.rf.171cc1916947444aa4cda7c4944883bc.jpg,mounding_,0,0,0,1.0,1.0,,
GPAB4624_jpg.rf.171cc1916947444aa4cda7c4944883bc.jpg,oddball,0,0,0,1.0,1.0,,
GPAB4624_jpg.rf.171cc1916947444aa4cda7c4944883bc.jpg,pocillopora_,904,116,2863,0.2328096832346124,0.3776895759348235,0.8862745098039215,0.23997876294133264
GPAB4624_jpg.rf.171cc1916947444aa4cda7c4944883bc.jpg,table_acropora,0,0,0,1.0,1.0,,
GPAB4627_jpg.rf.2fb7bd47296ae69f79ff5f44a291d51e.jpg,branching_acropora,0,1815,0,0.0,0.0,0.0,
GPAB4627_jpg.rf.2fb7bd47296ae69f79ff5f44a291d51e.jpg,finger_acropora,0,0,0,1.0,1.0,,
GPAB4627_jpg.rf.2fb7bd47296ae69f79ff5f44a291d51e.jpg,finger_porites,0,0,0,1.0,1.0,,
GPAB4627_jpg.rf.2fb7bd47296ae69f79ff5f44a291d51e.jpg,knob_porites,0,0,0,1.0,1.0,,
GPAB4627_jpg.rf.2fb7bd47296ae69f79ff5f44a291d51e.jpg,mounding_,0,4880,0,0.0,0.0,0.0,
GPAB4627_jpg.rf.2fb7bd47296ae69f79ff5f44a291d51e.jpg,oddball,0,2197,1641,0.0,0.0,0.0,0.0
GPAB4627_jpg.rf.2fb7bd47296ae69f79ff5f44a291d51e.jpg,pocillopora_,53101,2155,7668,0.843891043163181,0.9153372118078,0.9609997104386854,0.8738172423439583
GPAB4627_jpg.rf.2fb7bd47296ae69f79ff5f44a291d51e.jpg,table_acropora,0,1169,0,0.0,0.0,0.0,
GPAB4628_jpg.rf.8640cf52804df4fb7657188b9a2a88b1.jpg,branching_acropora,94914,2106,125316,0.4268944300518135,0.598354609929078,0.9782931354359926,0.4309767061708214
GPAB4628_jpg.rf.8640cf52804df4fb7657188b9a2a88b1.jpg,finger_acropora,0,0,0,1.0,1.0,,
GPAB4628_jpg.rf.8640cf52804df4fb7657188b9a2a88b1.jpg,finger_porites,0,0,0,1.0,1.0,,
GPAB4628_jpg.rf.8640cf52804df4fb7657188b9a2a88b1.jpg,knob_porites,0,0,0,1.0,1.0,,
GPAB4628_jpg.rf.8640cf52804df4fb7657188b9a2a88b1.jpg,mounding_,16051,14254,44948,0.2132938221732024,0.35159467274161044,0.5296485728427652,0.26313546123706943
GPAB4628_jpg.rf.8640cf52804df4fb7657188b9a2a88b1.jpg,oddball,0,1676,2083,0.0,0.0,0.0,0.0
GPAB4628_jpg.rf.8640cf52804df4fb7657188b9a2a88b1.jpg,pocillopora_,1240,270,29,0.8057179987004548,0.8924073407700611,0.8211920529801324,0.9771473601260835
GPAB4628_jpg.rf.8640cf52804df4fb7657188b9a2a88b1.jpg,table_acropora,0,3989,0,0.0,0.0,0.0,
GPAB4630_jpg.rf.fca28b4034a377b0c3e818f7d4f5dc9a.jpg,branching_acropora,0,16968,0,0.0,0.0,0.0,
GPAB4630_jpg.rf.fca28b4034a377b0c3e818f7d4f5dc9a.jpg,finger_acropora,9251,5354,1351,0.5797819002256205,0.7340024596342286,0.6334132146525162,0.8725712129786832
GPAB4630_jpg.rf.fca28b4034a377b0c3e818f7d4f5dc9a.jpg,finger_porites,0,0,20204,0.0,0.0,,0.0
GPAB4630_jpg.rf.fca28b4034a377b0c3e818f7d4f5dc9a.jpg,knob_porites,0,0,0,1.0,1.0,,
GPAB4630_jpg.rf.fca28b4034a377b0c3e818f7d4f5dc9a.jpg,mounding_,80320,2268,101449,0.43643397795008615,0.6076631222173047,0.9725383833002373,0.44187952841243555
GPAB4630_jpg.rf.fca28b4034a377b0c3e818f7d4f5dc9a.jpg,oddball,0,0,0,1.0,1.0,,
GPAB4630_jpg.rf.fca28b4034a377b0c3e818f7d4f5dc9a.jpg,pocillopora_,13476,817,948,0.8841939505281806,0.9385381481352509,0.9428391520324635,0.9342762063227953
GPAB4630_jpg.rf.fca28b4034a377b0c3e818f7d4f5dc9a.jpg,table_acropora,0,0,0,1.0,1.0,,
GPAB4631_jpg.rf.dd22940b64b82a91d566f7fa67cb397c.jpg,branching_acropora,0,0,0,1.0,1.0,,
GPAB4631_jpg.rf.dd22940b64b82a91d566f7fa67cb397c.jpg,finger_acropora,60301,36437,31653,0.46966687696178083,0.6391473936361902,0.6233434637887904,0.6557735389433847
GPAB4631_jpg.rf.dd22940b64b82a91d566f7fa67cb397c.jpg,finger_porites,10865,1344,8282,0.5302327851251769,0.6930093124122975,0.8899172741420264,0.5674518201284796
GPAB4631_jpg.rf.dd22940b64b82a91d566f7fa67cb397c.jpg,knob_porites,0,0,0,1.0,1.0,,
GPAB4631_jpg.rf.dd22940b64b82a91d566f7fa67cb397c.jpg,mounding_,1360,1583,7775,0.1268893450270573,0.22520284815366784,0.4621134896364254,0.14887794198139026
GPAB4631_jpg.rf.dd22940b64b82a91d566f7fa67cb397c.jpg,oddball,0,9065,0,0.0,0.0,0.0,
GPAB4631_jpg.rf.dd22940b64b82a91d566f7fa67cb397c.jpg,pocillopora_,4685,361,12256,0.2707779447462721,0.42616091326693045,0.928458184700753,0.27654801959742636
GPAB4631_jpg.rf.dd22940b64b82a91d566f7fa67cb397c.jpg,table_acropora,0,0,0,1.0,1.0,,
GPAB4642_jpg.rf.1bba5d5da6ee6019ae8e15d12fe59034.jpg,branching_acropora,0,9824,0,0.0,0.0,0.0,
GPAB4642_jpg.rf.1bba5d5da6ee6019ae8e15d12fe59034.jpg,finger_acropora,185840,10214,5175,0.9235249392483191,0.960242230713387,0.9479021086027319,0.9729078868151716
GPAB4642_jpg.rf.1bba5d5da6ee6019ae8e15d12fe59034.jpg,finger_porites,0,0,25921,0.0,0.0,,0.0
GPAB4642_jpg.rf.1bba5d5da6ee6019ae8e15d12fe59034.jpg,knob_porites,0,0,0,1.0,1.0,,
GPAB4642_jpg.rf.1bba5d5da6ee6019ae8e15d12fe59034.jpg,mounding_,16086,19485,4056,0.4059353471118177,0.57745947983415,0.45222231593151724,0.7986297289246351
GPAB4642_jpg.rf.1bba5d5da6ee6019ae8e15d12fe59034.jpg,oddball,0,0,0,1.0,1.0,,
GPAB4642_jpg.rf.1bba5d5da6ee6019ae8e15d12fe59034.jpg,pocillopora_,0,0,0,1.0,1.0,,
GPAB4642_jpg.rf.1bba5d5da6ee6019ae8e15d12fe59034.jpg,table_acropora,0,0,0,1.0,1.0,,
GPAB4645_jpg.rf.762770d4b7be019fe6b898a15242bf8d.jpg,branching_acropora,0,0,0,1.0,1.0,,
GPAB4645_jpg.rf.762770d4b7be019fe6b898a15242bf8d.jpg,finger_acropora,262435,21230,17492,0.8714225470435686,0.9312942696134793,0.925158197169196,0.9375122799872824
GPAB4645_jpg.rf.762770d4b7be019fe6b898a15242bf8d.jpg,finger_porites,20630,806,9452,0.6678969178969179,0.8008851275282426,0.9623997014368352,0.6857921680739313
GPAB4645_jpg.rf.762770d4b7be019fe6b898a15242bf8d.jpg,knob_porites,0,0,0,1.0,1.0,,
GPAB4645_jpg.rf.762770d4b7be019fe6b898a15242bf8d.jpg,mounding_,86417,9987,68222,0.5249292335354075,0.6884637293212716,0.8964047134973653,0.5588305666746423
GPAB4645_jpg.rf.762770d4b7be019fe6b898a15242bf8d.jpg,oddball,0,0,0,1.0,1.0,,
GPAB4645_jpg.rf.762770d4b7be019fe6b898a15242bf8d.jpg,pocillopora_,2784,9511,18820,0.0894745299694681,0.16425263282102717,0.2264335095567304,0.12886502499537122
GPAB4645_jpg.rf.762770d4b7be019fe6b898a15242bf8d.jpg,table_acropora,0,5846,0,0.0,0.0,0.0,
GPAB4651_jpg.rf.7dd43fb9145f7d8fe7e26714948f9c92.jpg,branching_acropora,0,0,0,1.0,1.0,,
GPAB4651_jpg.rf.7dd43fb9145f7d8fe7e26714948f9c92.jpg,finger_acropora,44646,2102,53061,0.44731437044755484,0.6181302135613167,0.9550355095405151,0.45693757867911206
GPAB4651_jpg.rf.7dd43fb9145f7d8fe7e26714948f9c92.jpg,finger_porites,34643,400,1568,0.946245663871514,0.9723804979369579,0.9885854521587764,0.9566982408660352
GPAB4651_jpg.rf.7dd43fb9145f7d8fe7e26714948f9c92.jpg,knob_porites,0,10055,0,0.0,0.0,0.0,
GPAB4651_jpg.rf.7dd43fb9145f7d8fe7e26714948f9c92.jpg,mounding_,18036,797,33463,0.3448829738412116,0.5128817607916738,0.9576806669144586,0.3502203926289831
GPAB4651_jpg.rf.7dd43fb9145f7d8fe7e26714948f9c92.jpg,oddball,0,21829,0,0.0,0.0,0.0,
GPAB4651_jpg.rf.7dd43fb9145f7d8fe7e26714948f9c92.jpg,pocillopora_,0,33505,4950,0.0,0.0,0.0,0.0
GPAB4651_jpg.rf.7dd43fb9145f7d8fe7e26714948f9c92.jpg,table_acropora,0,0,0,1.0,1.0,,
GPAB4652_jpg.rf.c570831734f216ba9352a3381cbcaa47.jpg,branching_acropora,0,0,0,1.0,1.0,,
GPAB4652_jpg.rf.c570831734f216ba9352a3381cbcaa47.jpg,finger_acropora,136930,6387,8622,0.9012169357439499,0.9480421921355355,0.9554344564845761,0.9407634384962076
GPAB4652_jpg.rf.c570831734f216ba9352a3381cbcaa47.jpg,finger_porites,0,0,21131,0.0,0.0,,0.0
GPAB4652_jpg.rf.c570831734f216ba9352a3381cbcaa47.jpg,knob_porites,0,0,0,1.0,1.0,,
GPAB4652_jpg.rf.c570831734f216ba9352a3381cbcaa47.jpg,mounding_,0,12831,0,0.0,0.0,0.0,
GPAB4652_jpg.rf.c570831734f216ba9352a3381cbcaa47.jpg,oddball,0,1068,0,0.0,0.0,0.0,
GPAB4652_jpg.rf.c570831734f216ba9352a3381cbcaa47.jpg,pocillopora_,59837,2230,1579,0.9401533482072715,0.9691536486803851,0.9640710844732305,0.9742900872736746
GPAB4652_jpg.rf.c570831734f216ba9352a3381cbcaa47.jpg,table_acropora,0,0,0,1.0,1.0,,
GPAB4656_jpg.rf.b71458af3c7814bcf5bbb13b2e7898b2.jpg,branching_acropora,0,0,0,1.0,1.0,,
GPAB4656_jpg.rf.b71458af3c7814bcf5bbb13b2e7898b2.jpg,finger_acropora,121143,1511,14012,0.8864165191049712,0.9397887583443557,0.987680793125377,0.8963264400133181
GPAB4656_jpg.rf.b71458af3c7814bcf5bbb13b2e7898b2.jpg,finger_porites,0,1506,0,0.0,0.0,0.0,
GPAB4656_jpg.rf.b71458af3c7814bcf5bbb13b2e7898b2.jpg,knob_porites,0,2068,0,0.0,0.0,0.0,
GPAB4656_jpg.rf.b71458af3c7814bcf5bbb13b2e7898b2.jpg,mounding_,31710,5595,478,0.839266336712278,0.9126099031557136,0.8500201045436269,0.9851497452466758
GPAB4656_jpg.rf.b71458af3c7814bcf5bbb13b2e7898b2.jpg,oddball,0,0,0,1.0,1.0,,
GPAB4656_jpg.rf.b71458af3c7814bcf5bbb13b2e7898b2.jpg,pocillopora_,11834,1382,96,0.8889723557692307,0.9412232561838861,0.8954297820823245,0.9919530595138307
GPAB4656_jpg.rf.b71458af3c7814bcf5bbb13b2e7898b2.jpg,table_acropora,0,0,0,1.0,1.0,,
GPAB4658_jpg.rf.ded39fa01a4d8cd6a33f7b760137487d.jpg,branching_acropora,0,13197,0,0.0,0.0,0.0,
GPAB4658_jpg.rf.ded39fa01a4d8cd6a33f7b760137487d.jpg,finger_acropora,88979,3177,6552,0.9014365603598492,0.9481636980717897,0.9655258474760189,0.9314149333724131
GPAB4658_jpg.rf.ded39fa01a4d8cd6a33f7b760137487d.jpg,finger_porites,0,5404,0,0.0,0.0,0.0,
GPAB4658_jpg.rf.ded39fa01a4d8cd6a33f7b760137487d.jpg,knob_porites,0,0,0,1.0,1.0,,
GPAB4658_jpg.rf.ded39fa01a4d8cd6a33f7b760137487d.jpg,mounding_,70112,1873,17954,0.7795505842849042,0.8761207365152358,0.9739806904216156,0.7961301750959507
GPAB4658_jpg.rf.ded39fa01a4d8cd6a33f7b760137487d.jpg,oddball,0,0,0,1.0,1.0,,
GPAB4658_jpg.rf.ded39fa01a4d8cd6a33f7b760137487d.jpg,pocillopora_,7103,538,5152,0.5552255139529431,0.7140128669079212,0.9295903677529119,0.5796001631986945
GPAB4658_jpg.rf.ded39fa01a4d8cd6a33f7b760137487d.jpg,table_acropora,0,0,0,1.0,1.0,,
GPAB4668_jpg.rf.9b64fc78be54147de88dae3e766fc32a.jpg,branching_acropora,0,0,1119,0.0,0.0,,0.0
GPAB4668_jpg.rf.9b64fc78be54147de88dae3e766fc32a.jpg,finger_acropora,104612,34299,18307,0.6653945476981007,0.7990833747087805,0.7530865086278264,0.851064522165003
GPAB4668_jpg.rf.9b64fc78be54147de88dae3e766fc32a.jpg,finger_porites,0,0,0,1.0,1.0,,
GPAB4668_jpg.rf.9b64fc78be54147de88dae3e766fc32a.jpg,knob_porites,0,0,0,1.0,1.0,,
GPAB4668_jpg.rf.9b64fc78be54147de88dae3e766fc32a.jpg,mounding_,3726,31177,31472,0.05613559322033898,0.10630376171523943,0.10675300117468413,0.10585828740269333
GPAB4668_jpg.rf.9b64fc78be54147de88dae3e766fc32a.jpg,oddball,0,0,0,1.0,1.0,,
GPAB4668_jpg.rf.9b64fc78be54147de88dae3e766fc32a.jpg,pocillopora_,0,1377,337,0.0,0.0,0.0,0.0
GPAB4668_jpg.rf.9b64fc78be54147de88dae3e766fc32a.jpg,table_acropora,22957,711,59453,0.27618772632668037,0.4328324440506043,0.9699594389048505,0.2785705618250212
GPAB4697_jpg.rf.292fd9e107fea3d55c9bfd096212d60c.jpg,branching_acropora,0,0,0,1.0,1.0,,
GPAB4697_jpg.rf.292fd9e107fea3d55c9bfd096212d60c.jpg,finger_acropora,158103,61464,50549,0.5853151979149699,0.7384212283901461,0.7200672232166035,0.757735367981136
GPAB4697_jpg.rf.292fd9e107fea3d55c9bfd096212d60c.jpg,finger_porites,0,45172,7203,0.0,0.0,0.0,0.0
GPAB4697_jpg.rf.292fd9e107fea3d55c9bfd096212d60c.jpg,knob_porites,0,13853,0,0.0,0.0,0.0,
GPAB4697_jpg.rf.292fd9e107fea3d55c9bfd096212d60c.jpg,mounding_,1587,1304,2162,0.31407084900059373,0.4780120481927711,0.5489450017295053,0.4233128834355828
GPAB4697_jpg.rf.292fd9e107fea3d55c9bfd096212d60c.jpg,oddball,5202,1,463,0.9181080127073773,0.9573058520426941,0.999807803190467,0.918270079435128
GPAB4697_jpg.rf.292fd9e107fea3d55c9bfd096212d60c.jpg,pocillopora_,0,0,0,1.0,1.0,,
GPAB4697_jpg.rf.292fd9e107fea3d55c9bfd096212d60c.jpg,table_acropora,134601,4505,1678,0.956081657006478,0.9775477967209543,0.9676146248184837,0.9876870244131525
GPAB4698_jpg.rf.25243bc4c2c864ddaa33e789c26e180e.jpg,branching_acropora,0,1114,0,0.0,0.0,0.0,
GPAB4698_jpg.rf.25243bc4c2c864ddaa33e789c26e180e.jpg,finger_acropora,498918,77503,67093,0.7753024798217288,0.8734314164869331,0.8655444544872585,0.8814634344562208
GPAB4698_jpg.rf.25243bc4c2c864ddaa33e789c26e180e.jpg,finger_porites,0,0,0,1.0,1.0,,
GPAB4698_jpg.rf.25243bc4c2c864ddaa33e789c26e180e.jpg,knob_porites,0,0,0,1.0,1.0,,
GPAB4698_jpg.rf.25243bc4c2c864ddaa33e789c26e180e.jpg,mounding_,0,5672,0,0.0,0.0,0.0,
GPAB4698_jpg.rf.25243bc4c2c864ddaa33e789c26e180e.jpg,oddball,0,0,0,1.0,1.0,,
GPAB4698_jpg.rf.25243bc4c2c864ddaa33e789c26e180e.jpg,pocillopora_,0,27737,0,0.0,0.0,0.0,
GPAB4698_jpg.rf.25243bc4c2c864ddaa33e789c26e180e.jpg,table_acropora,0,0,0,1.0,1.0,,
GPAB4699_jpg.rf.0d6e76c517269db09ec4782f5dacd29b.jpg,branching_acropora,26738,4180,3673,0.7729756294990027,0.8719529097164473,0.8648036742350734,0.8792213343855841
GPAB4699_jpg.rf.0d6e76c517269db09ec4782f5dacd29b.jpg,finger_acropora,190690,10310,6834,0.9175110905819067,0.9569812608525459,0.9487064676616915,0.9654016727081266
GPAB4699_jpg.rf.0d6e76c517269db09ec4782f5dacd29b.jpg,finger_porites,3884,865,114,0.7986839399547604,0.8880759117411684,0.8178563908191198,0.9714857428714357
GPAB4699_jpg.rf.0d6e76c517269db09ec4782f5dacd29b.jpg,knob_porites,0,0,0,1.0,1.0,,
GPAB4699_jpg.rf.0d6e76c517269db09ec4782f5dacd29b.jpg,mounding_,41994,4580,13476,0.6993172356369692,0.8230567206303163,0.9016618714304118,0.7570578691184424
GPAB4699_jpg.rf.0d6e76c517269db09ec4782f5dacd29b.jpg,oddball,0,0,2367,0.0,0.0,,0.0
GPAB4699_jpg.rf.0d6e76c517269db09ec4782f5dacd29b.jpg,pocillopora_,0,0,0,1.0,1.0,,
GPAB4699_jpg.rf.0d6e76c517269db09ec4782f5dacd29b.jpg,table_acropora,14628,168,260,0.9715727948990436,0.985581458024525,0.9886455798864558,0.9825362708221387
GPAB4700_jpg.rf.d8e12fbb64685ee6cd74a619a0073d75.jpg,branching_acropora,0,0,0,1.0,1.0,,
GPAB4700_jpg.rf.d8e12fbb64685ee6cd74a619a0073d75.jpg,finger_acropora,5800,599,7805,0.40833568009011545,0.5798840231953609,0.9063916236912017,0.426313855200294
GPAB4700_jpg.rf.d8e12fbb64685ee6cd74a619a0073d75.jpg,finger_porites,0,8257,0,0.0,0.0,0.0,
GPAB4700_jpg.rf.d8e12fbb64685ee6cd74a619a0073d75.jpg,knob_porites,0,2559,0,0.0,0.0,0.0,
GPAB4700_jpg.rf.d8e12fbb64685ee6cd74a619a0073d75.jpg,mounding_,0,0,1513,0.0,0.0,,0.0
GPAB4700_jpg.rf.d8e12fbb64685ee6cd74a619a0073d75.jpg,oddball,0,0,0,1.0,1.0,,
GPAB4700_jpg.rf.d8e12fbb64685ee6cd74a619a0073d75.jpg,pocillopora_,0,0,0,1.0,1.0,,
GPAB4700_jpg.rf.d8e12fbb64685ee6cd74a619a0073d75.jpg,table_acropora,0,0,0,1.0,1.0,,
GPAB4701_jpg.rf.a45eb667fac3084a3428071bc71fd11e.jpg,branching_acropora,0,0,0,1.0,1.0,,
GPAB4701_jpg.rf.a45eb667fac3084a3428071bc71fd11e.jpg,finger_acropora,107051,14251,29590,0.7094544442382631,0.830036093245407,0.882516364116008,0.7834471351936827
GPAB4701_jpg.rf.a45eb667fac3084a3428071bc71fd11e.jpg,finger_porites,0,10959,0,0.0,0.0,0.0,
GPAB4701_jpg.rf.a45eb667fac3084a3428071bc71fd11e.jpg,knob_porites,0,7422,0,0.0,0.0,0.0,
GPAB4701_jpg.rf.a45eb667fac3084a3428071bc71fd11e.jpg,mounding_,0,21215,1211,0.0,0.0,0.0,0.0
GPAB4701_jpg.rf.a45eb667fac3084a3428071bc71fd11e.jpg,oddball,0,0,0,1.0,1.0,,
GPAB4701_jpg.rf.a45eb667fac3084a3428071bc71fd11e.jpg,pocillopora_,2672,275,23,0.8996632996632996,0.9471818504076569,0.9066847641669494,0.9914656771799629
GPAB4701_jpg.rf.a45eb667fac3084a3428071bc71fd11e.jpg,table_acropora,55818,15102,841,0.7778319700115661,0.8750342924776021,0.7870558375634518,0.9851568153338393
GPAB4702_jpg.rf.3378d632b7a7c15b5ace4e81185da950.jpg,branching_acropora,0,0,0,1.0,1.0,,
GPAB4702_jpg.rf.3378d632b7a7c15b5ace4e81185da950.jpg,finger_acropora,175388,54870,35338,0.6603563306676306,0.7954392903143879,0.7617020906982602,0.8323035600732706
GPAB4702_jpg.rf.3378d632b7a7c15b5ace4e81185da950.jpg,finger_porites,0,41372,0,0.0,0.0,0.0,
GPAB4702_jpg.rf.3378d632b7a7c15b5ace4e81185da950.jpg,knob_porites,0,1427,41809,0.0,0.0,0.0,0.0
GPAB4702_jpg.rf.3378d632b7a7c15b5ace4e81185da950.jpg,mounding_,3167,87,2317,0.5684796266379465,0.7248798352025635,0.9732636754763369,0.5774981765134938
GPAB4702_jpg.rf.3378d632b7a7c15b5ace4e81185da950.jpg,oddball,0,0,0,1.0,1.0,,
GPAB4702_jpg.rf.3378d632b7a7c15b5ace4e81185da950.jpg,pocillopora_,2577,54,22816,0.10126930482964593,0.18391378818155865,0.9794754846066135,0.10148466112708227
GPAB4702_jpg.rf.3378d632b7a7c15b5ace4e81185da950.jpg,table_acropora,88290,20117,8500,0.7552156842618492,0.8605388967674966,0.8144308024389569,0.9121810104349622
GPAB4703_jpg.rf.56c9b72e12b4eb872342433fc2f49833.jpg,branching_acropora,31471,1350,86793,0.263104653301453,0.4165999271933018,0.9588677980561227,0.26610802949333695
GPAB4703_jpg.rf.56c9b72e12b4eb872342433fc2f49833.jpg,finger_acropora,442008,18296,47797,0.8699215313490821,0.9304364025601273,0.9602523549654142,0.9024162676983698
GPAB4703_jpg.rf.56c9b72e12b4eb872342433fc2f49833.jpg,finger_porites,0,0,0,1.0,1.0,,
GPAB4703_jpg.rf.56c9b72e12b4eb872342433fc2f49833.jpg,knob_porites,0,0,0,1.0,1.0,,
GPAB4703_jpg.rf.56c9b72e12b4eb872342433fc2f49833.jpg,mounding_,0,10060,1794,0.0,0.0,0.0,0.0
GPAB4703_jpg.rf.56c9b72e12b4eb872342433fc2f49833.jpg,oddball,0,0,0,1.0,1.0,,
GPAB4703_jpg.rf.56c9b72e12b4eb872342433fc2f49833.jpg,pocillopora_,0,14503,0,0.0,0.0,0.0,
GPAB4703_jpg.rf.56c9b72e12b4eb872342433fc2f49833.jpg,table_acropora,0,24071,0,0.0,0.0,0.0,
GPAB4704_jpg.rf.11f2a8e934d7dd311afb0f66af02c859.jpg,branching_acropora,0,0,0,1.0,1.0,,
GPAB4704_jpg.rf.11f2a8e934d7dd311afb0f66af02c859.jpg,finger_acropora,443774,14994,20067,0.9267785354036359,0.9619979861458104,0.9673168137271998,0.956737330248943
GPAB4704_jpg.rf.11f2a8e934d7dd311afb0f66af02c859.jpg,finger_porites,0,0,1720,0.0,0.0,,0.0
GPAB4704_jpg.rf.11f2a8e934d7dd311afb0f66af02c859.jpg,knob_porites,0,0,0,1.0,1.0,,
GPAB4704_jpg.rf.11f2a8e934d7dd311afb0f66af02c859.jpg,mounding_,0,0,0,1.0,1.0,,
GPAB4704_jpg.rf.11f2a8e934d7dd311afb0f66af02c859.jpg,oddball,0,0,0,1.0,1.0,,
GPAB4704_jpg.rf.11f2a8e934d7dd311afb0f66af02c859.jpg,pocillopora_,3411,19290,187,0.14903005941978328,0.2594014981558234,0.15025769789877097,0.9480266814897165
GPAB4704_jpg.rf.11f2a8e934d7dd311afb0f66af02c859.jpg,table_acropora,0,0,0,1.0,1.0,,
GPAB4705_jpg.rf.b5c44f0c2c4fd0f3946874519ffa0715.jpg,branching_acropora,0,0,0,1.0,1.0,,
GPAB4705_jpg.rf.b5c44f0c2c4fd0f3946874519ffa0715.jpg,finger_acropora,270768,16278,11261,0.9076823540848857,0.951607433115143,0.9432913191613888,0.9600714820107152
GPAB4705_jpg.rf.b5c44f0c2c4fd0f3946874519ffa0715.jpg,finger_porites,0,0,0,1.0,1.0,,
GPAB4705_jpg.rf.b5c44f0c2c4fd0f3946874519ffa0715.jpg,knob_porites,0,0,0,1.0,1.0,,
GPAB4705_jpg.rf.b5c44f0c2c4fd0f3946874519ffa0715.jpg,mounding_,0,0,0,1.0,1.0,,
GPAB4705_jpg.rf.b5c44f0c2c4fd0f3946874519ffa0715.jpg,oddball,0,0,0,1.0,1.0,,
GPAB4705_jpg.rf.b5c44f0c2c4fd0f3946874519ffa0715.jpg,pocillopora_,0,19614,0,0.0,0.0,0.0,
GPAB4705_jpg.rf.b5c44f0c2c4fd0f3946874519ffa0715.jpg,table_acropora,0,0,0,1.0,1.0,,
GPAB4706_jpg.rf.db3d09671ba54781fdfb79212c4a7024.jpg,branching_acropora,0,0,0,1.0,1.0,,
GPAB4706_jpg.rf.db3d09671ba54781fdfb79212c4a7024.jpg,finger_acropora,19573,95,1591,0.920692412625241,0.958708855799373,0.9951698189953223,0.9248251748251748
GPAB4706_jpg.rf.db3d09671ba54781fdfb79212c4a7024.jpg,finger_porites,0,0,0,1.0,1.0,,
GPAB4706_jpg.rf.db3d09671ba54781fdfb79212c4a7024.jpg,knob_porites,0,1458,0,0.0,0.0,0.0,
GPAB4706_jpg.rf.db3d09671ba54781fdfb79212c4a7024.jpg,mounding_,0,0,0,1.0,1.0,,
GPAB4706_jpg.rf.db3d09671ba54781fdfb79212c4a7024.jpg,oddball,0,1668,0,0.0,0.0,0.0,
GPAB4706_jpg.rf.db3d09671ba54781fdfb79212c4a7024.jpg,pocillopora_,0,2620,0,0.0,0.0,0.0,
GPAB4706_jpg.rf.db3d09671ba54781fdfb79212c4a7024.jpg,table_acropora,0,0,0,1.0,1.0,,
GPAB4707_jpg.rf.4f386fdf457538f6c9b6d6e80216f6bf.jpg,branching_acropora,0,0,0,1.0,1.0,,
GPAB4707_jpg.rf.4f386fdf457538f6c9b6d6e80216f6bf.jpg,finger_acropora,56413,8541,12592,0.7274778840946019,0.8422427757746773,0.8685069433753118,0.8175204695311934
GPAB4707_jpg.rf.4f386fdf457538f6c9b6d6e80216f6bf.jpg,finger_porites,0,0,0,1.0,1.0,,
GPAB4707_jpg.rf.4f386fdf457538f6c9b6d6e80216f6bf.jpg,knob_porites,0,0,0,1.0,1.0,,
GPAB4707_jpg.rf.4f386fdf457538f6c9b6d6e80216f6bf.jpg,mounding_,0,12799,0,0.0,0.0,0.0,
GPAB4707_jpg.rf.4f386fdf457538f6c9b6d6e80216f6bf.jpg,oddball,0,0,0,1.0,1.0,,
GPAB4707_jpg.rf.4f386fdf457538f6c9b6d6e80216f6bf.jpg,pocillopora_,27730,1198,2494,0.8825027051110687,0.9375845279956722,0.9585868362831859,0.9174827951296982
GPAB4707_jpg.rf.4f386fdf457538f6c9b6d6e80216f6bf.jpg,table_acropora,0,0,0,1.0,1.0,,
GPAB4708_jpg.rf.f81a35c268be55c24fc983549b70edb4.jpg,branching_acropora,39120,971,3361,0.9003037834852251,0.9475366952477837,0.9757801002718814,0.9208822767825616
GPAB4708_jpg.rf.f81a35c268be55c24fc983549b70edb4.jpg,finger_acropora,590733,23707,66429,0.8676162374847438,0.9291161857247787,0.9614168999414101,0.8989153359445616
GPAB4708_jpg.rf.f81a35c268be55c24fc983549b70edb4.jpg,finger_porites,0,0,0,1.0,1.0,,
GPAB4708_jpg.rf.f81a35c268be55c24fc983549b70edb4.jpg,knob_porites,0,0,0,1.0,1.0,,
GPAB4708_jpg.rf.f81a35c268be55c24fc983549b70edb4.jpg,mounding_,0,0,0,1.0,1.0,,
GPAB4708_jpg.rf.f81a35c268be55c24fc983549b70edb4.jpg,oddball,0,0,0,1.0,1.0,,
GPAB4708_jpg.rf.f81a35c268be55c24fc983549b70edb4.jpg,pocillopora_,0,0,0,1.0,1.0,,
GPAB4708_jpg.rf.f81a35c268be55c24fc983549b70edb4.jpg,table_acropora,0,0,0,1.0,1.0,,
GPAB4709_jpg.rf.55c440d6a547649c3349d6a494e9b1d9.jpg,branching_acropora,0,43208,0,0.0,0.0,0.0,
GPAB4709_jpg.rf.55c440d6a547649c3349d6a494e9b1d9.jpg,finger_acropora,408679,21606,26099,0.8954717956808301,0.9448537274163847,0.9497867692343447,0.9399716636996353
GPAB4709_jpg.rf.55c440d6a547649c3349d6a494e9b1d9.jpg,finger_porites,0,0,0,1.0,1.0,,
GPAB4709_jpg.rf.55c440d6a547649c3349d6a494e9b1d9.jpg,knob_porites,0,0,0,1.0,1.0,,
GPAB4709_jpg.rf.55c440d6a547649c3349d6a494e9b1d9.jpg,mounding_,0,0,0,1.0,1.0,,
GPAB4709_jpg.rf.55c440d6a547649c3349d6a494e9b1d9.jpg,oddball,0,0,0,1.0,1.0,,
GPAB4709_jpg.rf.55c440d6a547649c3349d6a494e9b1d9.jpg,pocillopora_,5696,3369,262,0.6107001179371716,0.7583039339679158,0.6283507997793712,0.9560255119167506
GPAB4709_jpg.rf.55c440d6a547649c3349d6a494e9b1d9.jpg,table_acropora,0,0,0,1.0,1.0,,
GPAB4710_jpg.rf.890e10b24cc2fb0897115284e8c07d37.jpg,branching_acropora,0,0,0,1.0,1.0,,
GPAB4710_jpg.rf.890e10b24cc2fb0897115284e8c07d37.jpg,finger_acropora,45590,1062,338,0.9702064268993403,0.9848779434003024,0.9772357026494041,0.9926406549381641
GPAB4710_jpg.rf.890e10b24cc2fb0897115284e8c07d37.jpg,finger_porites,0,0,0,1.0,1.0,,
GPAB4710_jpg.rf.890e10b24cc2fb0897115284e8c07d37.jpg,knob_porites,0,0,0,1.0,1.0,,
GPAB4710_jpg.rf.890e10b24cc2fb0897115284e8c07d37.jpg,mounding_,0,0,0,1.0,1.0,,
GPAB4710_jpg.rf.890e10b24cc2fb0897115284e8c07d37.jpg,oddball,0,0,0,1.0,1.0,,
GPAB4710_jpg.rf.890e10b24cc2fb0897115284e8c07d37.jpg,pocillopora_,39212,2395,5424,0.8337479534774935,0.9093375694259245,0.9424375706011008,0.8784837351017116
GPAB4710_jpg.rf.890e10b24cc2fb0897115284e8c07d37.jpg,table_acropora,0,5327,0,0.0,0.0,0.0,
GPAB4711_jpg.rf.b6e1309af2162be1be770f3a1a6067f3.jpg,branching_acropora,0,0,0,1.0,1.0,,
GPAB4711_jpg.rf.b6e1309af2162be1be770f3a1a6067f3.jpg,finger_acropora,699221,14000,72258,0.890184206070436,0.9419020677577962,0.9803707406259771,0.9063383449193043
GPAB4711_jpg.rf.b6e1309af2162be1be770f3a1a6067f3.jpg,finger_porites,0,0,0,1.0,1.0,,
GPAB4711_jpg.rf.b6e1309af2162be1be770f3a1a6067f3.jpg,knob_porites,0,0,0,1.0,1.0,,
GPAB4711_jpg.rf.b6e1309af2162be1be770f3a1a6067f3.jpg,mounding_,4637,36,40912,0.10172205769441703,0.18466010911552705,0.9922961694842714,0.10180245449954993
GPAB4711_jpg.rf.b6e1309af2162be1be770f3a1a6067f3.jpg,oddball,0,0,0,1.0,1.0,,
GPAB4711_jpg.rf.b6e1309af2162be1be770f3a1a6067f3.jpg,pocillopora_,0,48407,0,0.0,0.0,0.0,
GPAB4711_jpg.rf.b6e1309af2162be1be770f3a1a6067f3.jpg,table_acropora,0,0,0,1.0,1.0,,
GPAB4712_jpg.rf.d172da199d968dc3df9ea841e06c5823.jpg,branching_acropora,0,1433,0,0.0,0.0,0.0,
GPAB4712_jpg.rf.d172da199d968dc3df9ea841e06c5823.jpg,finger_acropora,96344,6211,28189,0.7368904117970997,0.8485168745156063,0.9394373750670372,0.7736423277364233
GPAB4712_jpg.rf.d172da199d968dc3df9ea841e06c5823.jpg,finger_porites,0,22957,0,0.0,0.0,0.0,
GPAB4712_jpg.rf.d172da199d968dc3df9ea841e06c5823.jpg,knob_porites,8423,1278,80793,0.0930779941211572,0.1703043966153442,0.8682610040202041,0.09441131635581061
GPAB4712_jpg.rf.d172da199d968dc3df9ea841e06c5823.jpg,mounding_,25313,2336,18767,0.5453507411237505,0.7057954244447853,0.9155123150927701,0.5742513611615245
GPAB4712_jpg.rf.d172da199d968dc3df9ea841e06c5823.jpg,oddball,0,0,3914,0.0,0.0,,0.0
GPAB4712_jpg.rf.d172da199d968dc3df9ea841e06c5823.jpg,pocillopora_,0,2510,0,0.0,0.0,0.0,
GPAB4712_jpg.rf.d172da199d968dc3df9ea841e06c5823.jpg,table_acropora,0,15068,0,0.0,0.0,0.0,
GPAB4713_jpg.rf.81b91a34b07ea0531234410f109193ef.jpg,branching_acropora,0,0,0,1.0,1.0,,
GPAB4713_jpg.rf.81b91a34b07ea0531234410f109193ef.jpg,finger_acropora,15337,198868,17293,0.0662511123206248,0.12426924868839508,0.07159963586284167,0.47002758197977323
GPAB4713_jpg.rf.81b91a34b07ea0531234410f109193ef.jpg,finger_porites,0,155839,0,0.0,0.0,0.0,
GPAB4713_jpg.rf.81b91a34b07ea0531234410f109193ef.jpg,knob_porites,8691,15706,192687,0.04003519374988484,0.07698815192116044,0.35623232364634994,0.04315764383398385
GPAB4713_jpg.rf.81b91a34b07ea0531234410f109193ef.jpg,mounding_,8435,7067,229710,0.03439880593119423,0.06650975568408063,0.5441233389240098,0.03541959730416343
GPAB4713_jpg.rf.81b91a34b07ea0531234410f109193ef.jpg,oddball,0,0,0,1.0,1.0,,
GPAB4713_jpg.rf.81b91a34b07ea0531234410f109193ef.jpg,pocillopora_,0,0,0,1.0,1.0,,
GPAB4713_jpg.rf.81b91a34b07ea0531234410f109193ef.jpg,table_acropora,0,1301,0,0.0,0.0,0.0,
GPAB4716_jpg.rf.fdcbb2188944973f7e718fc2ef62b363.jpg,branching_acropora,0,22596,0,0.0,0.0,0.0,
GPAB4716_jpg.rf.fdcbb2188944973f7e718fc2ef62b363.jpg,finger_acropora,3142,264,4318,0.4067840497151735,0.5783176882017301,0.9224897240164416,0.42117962466487935
GPAB4716_jpg.rf.fdcbb2188944973f7e718fc2ef62b363.jpg,finger_porites,260025,32523,48101,0.7633223640756321,0.8657774433386496,0.8888284999384717,0.8438917845297054
GPAB4716_jpg.rf.fdcbb2188944973f7e718fc2ef62b363.jpg,knob_porites,39060,3645,30103,0.5364795077464015,0.6983230235634855,0.9146469968387777,0.5647528302705204
GPAB4716_jpg.rf.fdcbb2188944973f7e718fc2ef62b363.jpg,mounding_,14928,4906,17569,0.39911237066545463,0.5705222525845102,0.752646969849753,0.4593654798904514
GPAB4716_jpg.rf.fdcbb2188944973f7e718fc2ef62b363.jpg,oddball,0,0,0,1.0,1.0,,
GPAB4716_jpg.rf.fdcbb2188944973f7e718fc2ef62b363.jpg,pocillopora_,0,0,0,1.0,1.0,,
GPAB4716_jpg.rf.fdcbb2188944973f7e718fc2ef62b363.jpg,table_acropora,0,3124,0,0.0,0.0,0.0,
GPAB4717_jpg.rf.127dd27685f604288918bf70319f14a7.jpg,branching_acropora,1226,14909,352,0.07436161824467763,0.13842940213402585,0.07598388596219399,0.7769328263624842
GPAB4717_jpg.rf.127dd27685f604288918bf70319f14a7.jpg,finger_acropora,1046,7,5471,0.16033108522378908,0.27635402906208717,0.99335232668566,0.1605032990639865
GPAB4717_jpg.rf.127dd27685f604288918bf70319f14a7.jpg,finger_porites,24366,60287,56351,0.1728036084082721,0.29468464655016025,0.28783386294638114,0.3018694946541621
GPAB4717_jpg.rf.127dd27685f604288918bf70319f14a7.jpg,knob_porites,83787,11896,63250,0.5271844110411306,0.6904004614370468,0.875672794540305,0.5698361636866911
GPAB4717_jpg.rf.127dd27685f604288918bf70319f14a7.jpg,mounding_,3513,7289,35036,0.07663946943583926,0.1423679358067719,0.32521755230512867,0.09113076863213053
GPAB4717_jpg.rf.127dd27685f604288918bf70319f14a7.jpg,oddball,0,4735,0,0.0,0.0,0.0,
GPAB4717_jpg.rf.127dd27685f604288918bf70319f14a7.jpg,pocillopora_,0,0,0,1.0,1.0,,
GPAB4717_jpg.rf.127dd27685f604288918bf70319f14a7.jpg,table_acropora,0,23596,0,0.0,0.0,0.0,
GPAB4726_jpg.rf.ec6edd51400a4877a682ec239940f715.jpg,branching_acropora,0,9227,0,0.0,0.0,0.0,
GPAB4726_jpg.rf.ec6edd51400a4877a682ec239940f715.jpg,finger_acropora,0,0,711,0.0,0.0,,0.0
GPAB4726_jpg.rf.ec6edd51400a4877a682ec239940f715.jpg,finger_porites,6883,73847,31375,0.061397796708442975,0.11569233872323259,0.08525950699863744,0.17991008416540333
GPAB4726_jpg.rf.ec6edd51400a4877a682ec239940f715.jpg,knob_porites,100180,32375,113407,0.40729868841528366,0.5788375868863068,0.7557617592697371,0.469036036837448
GPAB4726_jpg.rf.ec6edd51400a4877a682ec239940f715.jpg,mounding_,829,910,7526,0.08947652455477603,0.16425599365959975,0.476710753306498,0.09922202274087373
GPAB4726_jpg.rf.ec6edd51400a4877a682ec239940f715.jpg,oddball,0,0,0,1.0,1.0,,
GPAB4726_jpg.rf.ec6edd51400a4877a682ec239940f715.jpg,pocillopora_,0,0,0,1.0,1.0,,
GPAB4726_jpg.rf.ec6edd51400a4877a682ec239940f715.jpg,table_acropora,0,0,0,1.0,1.0,,
GPAB4735_jpg.rf.7389747fa8cc09c069ff4b2f3556899a.jpg,branching_acropora,0,0,0,1.0,1.0,,
GPAB4735_jpg.rf.7389747fa8cc09c069ff4b2f3556899a.jpg,finger_acropora,0,2278,0,0.0,0.0,0.0,
GPAB4735_jpg.rf.7389747fa8cc09c069ff4b2f3556899a.jpg,finger_porites,3355,10762,151,0.23514157555368656,0.38075242580718377,0.23765672593327195,0.9569309754706218
GPAB4735_jpg.rf.7389747fa8cc09c069ff4b2f3556899a.jpg,knob_porites,9621,1542,84,0.855428114163777,0.9220816561242093,0.8618650900295619,0.9913446676970634
GPAB4735_jpg.rf.7389747fa8cc09c069ff4b2f3556899a.jpg,mounding_,0,0,533,0.0,0.0,,0.0
GPAB4735_jpg.rf.7389747fa8cc09c069ff4b2f3556899a.jpg,oddball,4468,168,50,0.953478446436193,0.9761852741970724,0.9637618636755824,0.9889331562638336
GPAB4735_jpg.rf.7389747fa8cc09c069ff4b2f3556899a.jpg,pocillopora_,0,0,0,1.0,1.0,,
GPAB4735_jpg.rf.7389747fa8cc09c069ff4b2f3556899a.jpg,table_acropora,0,6215,0,0.0,0.0,0.0,
GPAB4737_jpg.rf.e31e343fd9087743fd45c0fb8c7956fd.jpg,branching_acropora,11368,1670,4108,0.6630117811734515,0.7973626990250403,0.871912870072097,0.7345567330059447
GPAB4737_jpg.rf.e31e343fd9087743fd45c0fb8c7956fd.jpg,finger_acropora,32253,14561,18495,0.4938523021329373,0.6611795576146451,0.6889605673516469,0.6355521399858123
GPAB4737_jpg.rf.e31e343fd9087743fd45c0fb8c7956fd.jpg,finger_porites,0,69051,0,0.0,0.0,0.0,
GPAB4737_jpg.rf.e31e343fd9087743fd45c0fb8c7956fd.jpg,knob_porites,21460,41093,63353,0.17044461741299063,0.2912476419255459,0.3430690774223458,0.25302724818129296
GPAB4737_jpg.rf.e31e343fd9087743fd45c0fb8c7956fd.jpg,mounding_,4891,5516,4707,0.3236072515548498,0.48897775556110973,0.4699721341404824,0.509585330277141
GPAB4737_jpg.rf.e31e343fd9087743fd45c0fb8c7956fd.jpg,oddball,0,0,0,1.0,1.0,,
GPAB4737_jpg.rf.e31e343fd9087743fd45c0fb8c7956fd.jpg,pocillopora_,0,1615,0,0.0,0.0,0.0,
GPAB4737_jpg.rf.e31e343fd9087743fd45c0fb8c7956fd.jpg,table_acropora,2241,969,44,0.6886908420405654,0.8156505914467698,0.6981308411214954,0.9807439824945295
GPAB4739_jpg.rf.6729ce5fbf63cfc65c3544bc6d0e4e4a.jpg,branching_acropora,2526,11867,405,0.1706987430733883,0.2916185638420688,0.1755019801292295,0.8618219037871033
GPAB4739_jpg.rf.6729ce5fbf63cfc65c3544bc6d0e4e4a.jpg,finger_acropora,22248,1465,41812,0.3395345288057993,0.506944048853292,0.9382195420233627,0.34729940680611926
GPAB4739_jpg.rf.6729ce5fbf63cfc65c3544bc6d0e4e4a.jpg,finger_porites,4244,435063,3895,0.009575769062413978,0.018969886869030006,0.009660670100863406,0.5214399803415654
GPAB4739_jpg.rf.6729ce5fbf63cfc65c3544bc6d0e4e4a.jpg,knob_porites,0,5639,504717,0.0,0.0,0.0,0.0
GPAB4739_jpg.rf.6729ce5fbf63cfc65c3544bc6d0e4e4a.jpg,mounding_,41854,3128,29290,0.5635232658336924,0.7208377107624477,0.9304610733182161,0.5882997863488136
GPAB4739_jpg.rf.6729ce5fbf63cfc65c3544bc6d0e4e4a.jpg,oddball,0,0,0,1.0,1.0,,
GPAB4739_jpg.rf.6729ce5fbf63cfc65c3544bc6d0e4e4a.jpg,pocillopora_,0,0,0,1.0,1.0,,
GPAB4739_jpg.rf.6729ce5fbf63cfc65c3544bc6d0e4e4a.jpg,table_acropora,0,23001,0,0.0,0.0,0.0,
GPAB4740_jpg.rf.391db90ac7705a61bc4d0c6e12c34bbc.jpg,branching_acropora,0,4119,5082,0.0,0.0,0.0,0.0
GPAB4740_jpg.rf.391db90ac7705a61bc4d0c6e12c34bbc.jpg,finger_acropora,104429,7521,45626,0.6627214804284917,0.7971527260930135,0.9328182224207235,0.6959381560094632
GPAB4740_jpg.rf.391db90ac7705a61bc4d0c6e12c34bbc.jpg,finger_porites,25653,43091,46757,0.22210197314308966,0.36347535316037805,0.37316711276620507,0.35427427150946
GPAB4740_jpg.rf.391db90ac7705a61bc4d0c6e12c34bbc.jpg,knob_porites,229706,24399,52544,0.749084458126392,0.8565446392780901,0.9039806379252671,0.8138387953941542
GPAB4740_jpg.rf.391db90ac7705a61bc4d0c6e12c34bbc.jpg,mounding_,17813,2868,23697,0.40139258190995536,0.5728481613095142,0.8613219863642957,0.4291255119248374
GPAB4740_jpg.rf.391db90ac7705a61bc4d0c6e12c34bbc.jpg,oddball,4578,1878,3084,0.479874213836478,0.6485337866553336,0.7091078066914498,0.5974941268598277
GPAB4740_jpg.rf.391db90ac7705a61bc4d0c6e12c34bbc.jpg,pocillopora_,0,7252,0,0.0,0.0,0.0,
GPAB4740_jpg.rf.391db90ac7705a61bc4d0c6e12c34bbc.jpg,table_acropora,24410,7151,243,0.7675135203119104,0.8684669299462767,0.7734228953455213,0.9901431874416907
GPAB4742_jpg.rf.3add0941dddb3e0ab5f1644d703bdc8a.jpg,branching_acropora,0,0,0,1.0,1.0,,
GPAB4742_jpg.rf.3add0941dddb3e0ab5f1644d703bdc8a.jpg,finger_acropora,6644,389,13229,0.3279044516829533,0.4938675388389207,0.9446893217688042,0.3343229507371811
GPAB4742_jpg.rf.3add0941dddb3e0ab5f1644d703bdc8a.jpg,finger_porites,884001,4222,2164,0.9928278377828966,0.9964010126308338,0.995246689176029,0.9975580168478783
GPAB4742_jpg.rf.3add0941dddb3e0ab5f1644d703bdc8a.jpg,knob_porites,0,0,0,1.0,1.0,,
GPAB4742_jpg.rf.3add0941dddb3e0ab5f1644d703bdc8a.jpg,mounding_,0,1372,0,0.0,0.0,0.0,
GPAB4742_jpg.rf.3add0941dddb3e0ab5f1644d703bdc8a.jpg,oddball,0,0,0,1.0,1.0,,
GPAB4742_jpg.rf.3add0941dddb3e0ab5f1644d703bdc8a.jpg,pocillopora_,0,0,0,1.0,1.0,,
GPAB4742_jpg.rf.3add0941dddb3e0ab5f1644d703bdc8a.jpg,table_acropora,0,0,0,1.0,1.0,,
GPAB4743_jpg.rf.37867df2f8150edd78237e955061905e.jpg,branching_acropora,0,0,0,1.0,1.0,,
GPAB4743_jpg.rf.37867df2f8150edd78237e955061905e.jpg,finger_acropora,38390,2239,84151,0.3076614842122135,0.4705521848378991,0.9448915799059785,0.3132829012330567
GPAB4743_jpg.rf.37867df2f8150edd78237e955061905e.jpg,finger_porites,251315,852,2806,0.9856533829072098,0.9927748633189015,0.9966212866869971,0.988958016063214
GPAB4743_jpg.rf.37867df2f8150edd78237e955061905e.jpg,knob_porites,0,19871,0,0.0,0.0,0.0,
GPAB4743_jpg.rf.37867df2f8150edd78237e955061905e.jpg,mounding_,6833,1254,14860,0.2977731293851048,0.45889858965748825,0.8449363175466799,0.3149864011432259
GPAB4743_jpg.rf.37867df2f8150edd78237e955061905e.jpg,oddball,0,0,0,1.0,1.0,,
GPAB4743_jpg.rf.37867df2f8150edd78237e955061905e.jpg,pocillopora_,0,0,0,1.0,1.0,,
GPAB4743_jpg.rf.37867df2f8150edd78237e955061905e.jpg,table_acropora,0,56003,0,0.0,0.0,0.0,
GPAB4744_jpg.rf.3dbb7c6843fe2207f57c096097fc8c0e.jpg,branching_acropora,0,8618,0,0.0,0.0,0.0,
GPAB4744_jpg.rf.3dbb7c6843fe2207f57c096097fc8c0e.jpg,finger_acropora,157877,12020,53976,0.705207863386831,0.8271224623444663,0.9292512522292918,0.7452195626212516
GPAB4744_jpg.rf.3dbb7c6843fe2207f57c096097fc8c0e.jpg,finger_porites,0,142737,0,0.0,0.0,0.0,
GPAB4744_jpg.rf.3dbb7c6843fe2207f57c096097fc8c0e.jpg,knob_porites,0,0,114773,0.0,0.0,,0.0
GPAB4744_jpg.rf.3dbb7c6843fe2207f57c096097fc8c0e.jpg,mounding_,5930,3525,6552,0.37046292247141877,0.5406391028855358,0.627181385510312,0.4750841211344336
GPAB4744_jpg.rf.3dbb7c6843fe2207f57c096097fc8c0e.jpg,oddball,0,2400,2908,0.0,0.0,0.0,0.0
GPAB4744_jpg.rf.3dbb7c6843fe2207f57c096097fc8c0e.jpg,pocillopora_,0,2861,0,0.0,0.0,0.0,
GPAB4744_jpg.rf.3dbb7c6843fe2207f57c096097fc8c0e.jpg,table_acropora,4394,16263,66165,0.05060929257561447,0.09634274688651114,0.21271239773442416,0.062274125200187075
GPAB4746_jpg.rf.2180e682eaa484a3fc02b94c156f25b8.jpg,branching_acropora,8457,2357,721,0.7331599479843953,0.8460384153661464,0.7820417976696874,0.9214425800828067
GPAB4746_jpg.rf.2180e682eaa484a3fc02b94c156f25b8.jpg,finger_acropora,174641,11843,68506,0.6848935252362838,0.8129813723870019,0.9364932112138307,0.7182527442246871
GPAB4746_jpg.rf.2180e682eaa484a3fc02b94c156f25b8.jpg,finger_porites,0,0,0,1.0,1.0,,
GPAB4746_jpg.rf.2180e682eaa484a3fc02b94c156f25b8.jpg,knob_porites,0,2416,0,0.0,0.0,0.0,
GPAB4746_jpg.rf.2180e682eaa484a3fc02b94c156f25b8.jpg,mounding_,52451,6786,39175,0.5329736211031175,0.6953461087211577,0.8854432196093658,0.572446685438631
GPAB4746_jpg.rf.2180e682eaa484a3fc02b94c156f25b8.jpg,oddball,0,0,0,1.0,1.0,,
GPAB4746_jpg.rf.2180e682eaa484a3fc02b94c156f25b8.jpg,pocillopora_,0,1966,0,0.0,0.0,0.0,
GPAB4746_jpg.rf.2180e682eaa484a3fc02b94c156f25b8.jpg,table_acropora,0,32487,0,0.0,0.0,0.0,
GPAB4747_jpg.rf.1f22312dc4183f0bcb9100eab300fb07.jpg,branching_acropora,0,0,3468,0.0,0.0,,0.0
GPAB4747_jpg.rf.1f22312dc4183f0bcb9100eab300fb07.jpg,finger_acropora,92213,4574,2475,0.9289859160605267,0.9631857944901423,0.9527415871966276,0.9738615241635687
GPAB4747_jpg.rf.1f22312dc4183f0bcb9100eab300fb07.jpg,finger_porites,3718,85028,41324,0.028584608287845006,0.05558047059527013,0.04189484596488856,0.08254518005417166
GPAB4747_jpg.rf.1f22312dc4183f0bcb9100eab300fb07.jpg,knob_porites,0,0,80153,0.0,0.0,,0.0
GPAB4747_jpg.rf.1f22312dc4183f0bcb9100eab300fb07.jpg,mounding_,0,0,30494,0.0,0.0,,0.0
GPAB4747_jpg.rf.1f22312dc4183f0bcb9100eab300fb07.jpg,oddball,0,0,0,1.0,1.0,,
GPAB4747_jpg.rf.1f22312dc4183f0bcb9100eab300fb07.jpg,pocillopora_,0,0,0,1.0,1.0,,
GPAB4747_jpg.rf.1f22312dc4183f0bcb9100eab300fb07.jpg,table_acropora,0,0,0,1.0,1.0,,
GPAB4749_jpg.rf.e8a97dea10ca41981c87fdee4739cba3.jpg,branching_acropora,124312,3434,7509,0.9190935640087242,0.957841328057881,0.9731185320871104,0.9430363902564842
GPAB4749_jpg.rf.e8a97dea10ca41981c87fdee4739cba3.jpg,finger_acropora,177854,7544,25339,0.8439619051234477,0.9153788945189157,0.9593091619111317,0.8752959009414695
GPAB4749_jpg.rf.e8a97dea10ca41981c87fdee4739cba3.jpg,finger_porites,0,0,0,1.0,1.0,,
GPAB4749_jpg.rf.e8a97dea10ca41981c87fdee4739cba3.jpg,knob_porites,0,0,0,1.0,1.0,,
GPAB4749_jpg.rf.e8a97dea10ca41981c87fdee4739cba3.jpg,mounding_,3469,84,8124,0.2970797293825469,0.45807473920507064,0.9763580073177597,0.2992322953506426
GPAB4749_jpg.rf.e8a97dea10ca41981c87fdee4739cba3.jpg,oddball,0,0,0,1.0,1.0,,
GPAB4749_jpg.rf.e8a97dea10ca41981c87fdee4739cba3.jpg,pocillopora_,0,3774,0,0.0,0.0,0.0,
GPAB4749_jpg.rf.e8a97dea10ca41981c87fdee4739cba3.jpg,table_acropora,0,11480,0,0.0,0.0,0.0,
GPAB4753_jpg.rf.e2d94acde6ee937917909a1591d0d659.jpg,branching_acropora,0,1222,0,0.0,0.0,0.0,
GPAB4753_jpg.rf.e2d94acde6ee937917909a1591d0d659.jpg,finger_acropora,175501,5538,25355,0.8503202612479045,0.9191060369996988,0.9694099061528179,0.8737652845819891
GPAB4753_jpg.rf.e2d94acde6ee937917909a1591d0d659.jpg,finger_porites,0,5121,0,0.0,0.0,0.0,
GPAB4753_jpg.rf.e2d94acde6ee937917909a1591d0d659.jpg,knob_porites,0,0,0,1.0,1.0,,
GPAB4753_jpg.rf.e2d94acde6ee937917909a1591d0d659.jpg,mounding_,17154,967,20097,0.4488460934638129,0.6195911290905151,0.9466364990894542,0.4604977047596038
GPAB4753_jpg.rf.e2d94acde6ee937917909a1591d0d659.jpg,oddball,0,0,0,1.0,1.0,,
GPAB4753_jpg.rf.e2d94acde6ee937917909a1591d0d659.jpg,pocillopora_,1045,2302,48,0.3078055964653903,0.47072072072072074,0.3122198984164924,0.9560841720036597
GPAB4753_jpg.rf.e2d94acde6ee937917909a1591d0d659.jpg,table_acropora,0,22107,0,0.0,0.0,0.0,
GPAB4754_jpg.rf.537af39d94461458299a14cfc3bba350.jpg,branching_acropora,11521,510,1793,0.8334056712962963,0.9091339514697179,0.9576095087690134,0.8653297281057534
GPAB4754_jpg.rf.537af39d94461458299a14cfc3bba350.jpg,finger_acropora,218093,21709,21707,0.833978945275306,0.9094749396374494,0.9094711470296328,0.9094787322768975
GPAB4754_jpg.rf.537af39d94461458299a14cfc3bba350.jpg,finger_porites,0,0,0,1.0,1.0,,
GPAB4754_jpg.rf.537af39d94461458299a14cfc3bba350.jpg,knob_porites,0,0,0,1.0,1.0,,
GPAB4754_jpg.rf.537af39d94461458299a14cfc3bba350.jpg,mounding_,41268,10851,4831,0.7246356453028973,0.8403347655215948,0.7918033730501353,0.8952038005162802
GPAB4754_jpg.rf.537af39d94461458299a14cfc3bba350.jpg,oddball,0,0,0,1.0,1.0,,
GPAB4754_jpg.rf.537af39d94461458299a14cfc3bba350.jpg,pocillopora_,1264,112,43,0.8907681465821,0.9422288483041371,0.9186046511627907,0.9671002295332823
GPAB4754_jpg.rf.537af39d94461458299a14cfc3bba350.jpg,table_acropora,23531,10994,2537,0.6349090712859533,0.7766903767761952,0.6815640839971036,0.9026776123983428
GPAB4755_jpg.rf.4adad876a08bd71ca5759c87a32c3b43.jpg,branching_acropora,0,0,0,1.0,1.0,,
GPAB4755_jpg.rf.4adad876a08bd71ca5759c87a32c3b43.jpg,finger_acropora,83805,36078,50830,0.49091164703332496,0.6585388852654822,0.6990565801656615,0.6224607271511865
GPAB4755_jpg.rf.4adad876a08bd71ca5759c87a32c3b43.jpg,finger_porites,0,22606,0,0.0,0.0,0.0,
GPAB4755_jpg.rf.4adad876a08bd71ca5759c87a32c3b43.jpg,knob_porites,0,0,16756,0.0,0.0,,0.0
GPAB4755_jpg.rf.4adad876a08bd71ca5759c87a32c3b43.jpg,mounding_,14760,28865,4214,0.3085348774012835,0.47157302832313613,0.33833810888252147,0.7779066090439549
GPAB4755_jpg.rf.4adad876a08bd71ca5759c87a32c3b43.jpg,oddball,0,0,0,1.0,1.0,,
GPAB4755_jpg.rf.4adad876a08bd71ca5759c87a32c3b43.jpg,pocillopora_,0,0,0,1.0,1.0,,
GPAB4755_jpg.rf.4adad876a08bd71ca5759c87a32c3b43.jpg,table_acropora,0,47203,0,0.0,0.0,0.0,
GPAB4756_jpg.rf.eabc4ca97f0f629b22f925f8a786d528.jpg,branching_acropora,0,0,0,1.0,1.0,,
GPAB4756_jpg.rf.eabc4ca97f0f629b22f925f8a786d528.jpg,finger_acropora,36614,17242,55718,0.33414861189698286,0.5009166279037951,0.6798499702911468,0.39654724255945933
GPAB4756_jpg.rf.eabc4ca97f0f629b22f925f8a786d528.jpg,finger_porites,0,9212,0,0.0,0.0,0.0,
GPAB4756_jpg.rf.eabc4ca97f0f629b22f925f8a786d528.jpg,knob_porites,0,0,3128,0.0,0.0,,0.0
GPAB4756_jpg.rf.eabc4ca97f0f629b22f925f8a786d528.jpg,mounding_,10782,2647,5956,0.5562032499355172,0.7148208307090529,0.8028892694913992,0.6441629824351774
GPAB4756_jpg.rf.eabc4ca97f0f629b22f925f8a786d528.jpg,oddball,0,0,0,1.0,1.0,,
GPAB4756_jpg.rf.eabc4ca97f0f629b22f925f8a786d528.jpg,pocillopora_,0,3759,768,0.0,0.0,0.0,0.0
GPAB4756_jpg.rf.eabc4ca97f0f629b22f925f8a786d528.jpg,table_acropora,0,22847,0,0.0,0.0,0.0,
GPAB4758_jpg.rf.dc9f9d53832bbaffadad72867f306fbe.jpg,branching_acropora,4465,445,311,0.8552001532273511,0.9219492050381994,0.9093686354378818,0.9348827470686767
GPAB4758_jpg.rf.dc9f9d53832bbaffadad72867f306fbe.jpg,finger_acropora,187399,25957,67761,0.6666227940679503,0.7999684108973867,0.8783394889293012,0.7344372158645556
GPAB4758_jpg.rf.dc9f9d53832bbaffadad72867f306fbe.jpg,finger_porites,0,0,0,1.0,1.0,,
GPAB4758_jpg.rf.dc9f9d53832bbaffadad72867f306fbe.jpg,knob_porites,0,0,0,1.0,1.0,,
GPAB4758_jpg.rf.dc9f9d53832bbaffadad72867f306fbe.jpg,mounding_,32335,3410,12071,0.6762380793039987,0.8068520667240583,0.9046020422436705,0.7281673647705265
GPAB4758_jpg.rf.dc9f9d53832bbaffadad72867f306fbe.jpg,oddball,0,0,0,1.0,1.0,,
GPAB4758_jpg.rf.dc9f9d53832bbaffadad72867f306fbe.jpg,pocillopora_,0,1676,0,0.0,0.0,0.0,
GPAB4758_jpg.rf.dc9f9d53832bbaffadad72867f306fbe.jpg,table_acropora,0,59678,0,0.0,0.0,0.0,
GPAB4761_jpg.rf.abcedb2548500e30fd19e3a419c01bc6.jpg,branching_acropora,0,0,0,1.0,1.0,,
GPAB4761_jpg.rf.abcedb2548500e30fd19e3a419c01bc6.jpg,finger_acropora,13300,663,2216,0.8220532789418382,0.9023372570304284,0.9525173673279381,0.85717968548595
GPAB4761_jpg.rf.abcedb2548500e30fd19e3a419c01bc6.jpg,finger_porites,81350,42973,11318,0.5997449148856172,0.749800682977635,0.6543439267070453,0.8778650666896879
GPAB4761_jpg.rf.abcedb2548500e30fd19e3a419c01bc6.jpg,knob_porites,0,0,45810,0.0,0.0,,0.0
GPAB4761_jpg.rf.abcedb2548500e30fd19e3a419c01bc6.jpg,mounding_,2453,653,3530,0.36965039180229053,0.5397733524040048,0.7897617514488088,0.4099949857930804
GPAB4761_jpg.rf.abcedb2548500e30fd19e3a419c01bc6.jpg,oddball,0,0,0,1.0,1.0,,
GPAB4761_jpg.rf.abcedb2548500e30fd19e3a419c01bc6.jpg,pocillopora_,0,2058,0,0.0,0.0,0.0,
GPAB4761_jpg.rf.abcedb2548500e30fd19e3a419c01bc6.jpg,table_acropora,0,5539,0,0.0,0.0,0.0,
GPAB4767_jpg.rf.7f3e0c78cd1015f30bb0eb3479b01bf2.jpg,branching_acropora,0,0,0,1.0,1.0,,
GPAB4767_jpg.rf.7f3e0c78cd1015f30bb0eb3479b01bf2.jpg,finger_acropora,35245,21085,55053,0.31643069409155794,0.48074037700848404,0.6256879105272501,0.3903187224523245
GPAB4767_jpg.rf.7f3e0c78cd1015f30bb0eb3479b01bf2.jpg,finger_porites,0,0,0,1.0,1.0,,
GPAB4767_jpg.rf.7f3e0c78cd1015f30bb0eb3479b01bf2.jpg,knob_porites,43307,3538,7287,0.800025862705978,0.8889048532928293,0.924474330238019,0.8559710637625014
GPAB4767_jpg.rf.7f3e0c78cd1015f30bb0eb3479b01bf2.jpg,mounding_,9441,6396,22239,0.2479514654900725,0.3973735715638613,0.5961356317484372,0.29801136363636366
GPAB4767_jpg.rf.7f3e0c78cd1015f30bb0eb3479b01bf2.jpg,oddball,0,0,911,0.0,0.0,,0.0
GPAB4767_jpg.rf.7f3e0c78cd1015f30bb0eb3479b01bf2.jpg,pocillopora_,0,0,5419,0.0,0.0,,0.0
GPAB4767_jpg.rf.7f3e0c78cd1015f30bb0eb3479b01bf2.jpg,table_acropora,22313,43259,446,0.3379835802356933,0.5052133452581766,0.3402824376258159,0.9804033569137484
GPAB4771_jpg.rf.6badf0b6546595b33a14eb844b771aa4.jpg,branching_acropora,23728,436,3855,0.8468539205539098,0.9170773184918932,0.98195662969707,0.8602400029003372
GPAB4771_jpg.rf.6badf0b6546595b33a14eb844b771aa4.jpg,finger_acropora,11341,233,12011,0.4808564765740937,0.6494302239019641,0.9798686711594954,0.4856543336759164
GPAB4771_jpg.rf.6badf0b6546595b33a14eb844b771aa4.jpg,finger_porites,10933,3138,411,0.7549371633752244,0.8603580562659846,0.7769881316182219,0.9637693935119888
GPAB4771_jpg.rf.6badf0b6546595b33a14eb844b771aa4.jpg,knob_porites,67788,14774,2860,0.7935660602655054,0.8849030742118661,0.8210556914803421,0.959517608424867
GPAB4771_jpg.rf.6badf0b6546595b33a14eb844b771aa4.jpg,mounding_,6986,419,21770,0.2394515852613539,0.38638311993584246,0.9434166103983794,0.24294060370009737
GPAB4771_jpg.rf.6badf0b6546595b33a14eb844b771aa4.jpg,oddball,0,0,0,1.0,1.0,,
GPAB4771_jpg.rf.6badf0b6546595b33a14eb844b771aa4.jpg,pocillopora_,0,0,0,1.0,1.0,,
GPAB4771_jpg.rf.6badf0b6546595b33a14eb844b771aa4.jpg,table_acropora,6118,14017,424,0.2975825672454886,0.4586722644975072,0.3038490191209337,0.9351880158972791
GPAB4776_jpg.rf.211c5a333604278aded2096234325892.jpg,branching_acropora,0,12158,0,0.0,0.0,0.0,
GPAB4776_jpg.rf.211c5a333604278aded2096234325892.jpg,finger_acropora,33020,637,13525,0.6998431605273198,0.8234208623226353,0.9810737736577829,0.7094209904393598
GPAB4776_jpg.rf.211c5a333604278aded2096234325892.jpg,finger_porites,0,77598,0,0.0,0.0,0.0,
GPAB4776_jpg.rf.211c5a333604278aded2096234325892.jpg,knob_porites,0,2935,5367,0.0,0.0,0.0,0.0
GPAB4776_jpg.rf.211c5a333604278aded2096234325892.jpg,mounding_,13133,17637,7139,0.346434883536891,0.5145958230476863,0.4268118297042574,0.6478393843725335
GPAB4776_jpg.rf.211c5a333604278aded2096234325892.jpg,oddball,0,0,0,1.0,1.0,,
GPAB4776_jpg.rf.211c5a333604278aded2096234325892.jpg,pocillopora_,0,6005,0,0.0,0.0,0.0,
GPAB4776_jpg.rf.211c5a333604278aded2096234325892.jpg,table_acropora,10066,1436,83694,0.10573973696373797,0.19125610381714198,0.8751521474526169,0.10735921501706484
GPAB4777_jpg.rf.6f578feb4e1dbdd7b5b447d584fb8f86.jpg,branching_acropora,0,0,0,1.0,1.0,,
GPAB4777_jpg.rf.6f578feb4e1dbdd7b5b447d584fb8f86.jpg,finger_acropora,270160,10894,81623,0.7449052462659612,0.8538059563521097,0.961238765504138,0.7679734381706904
GPAB4777_jpg.rf.6f578feb4e1dbdd7b5b447d584fb8f86.jpg,finger_porites,0,0,0,1.0,1.0,,
GPAB4777_jpg.rf.6f578feb4e1dbdd7b5b447d584fb8f86.jpg,knob_porites,0,0,0,1.0,1.0,,
GPAB4777_jpg.rf.6f578feb4e1dbdd7b5b447d584fb8f86.jpg,mounding_,0,0,2504,0.0,0.0,,0.0
GPAB4777_jpg.rf.6f578feb4e1dbdd7b5b447d584fb8f86.jpg,oddball,0,0,0,1.0,1.0,,
GPAB4777_jpg.rf.6f578feb4e1dbdd7b5b447d584fb8f86.jpg,pocillopora_,8308,22132,382,0.2695477256505094,0.42463582928699206,0.2729303547963206,0.9560414269275028
GPAB4777_jpg.rf.6f578feb4e1dbdd7b5b447d584fb8f86.jpg,table_acropora,75219,7635,1720,0.8893868091848559,0.9414555080635573,0.9078499529292491,0.9776446275620947
GPAB4778_jpg.rf.bfed75b62b8d65486555d766d64a397f.jpg,branching_acropora,0,2316,0,0.0,0.0,0.0,
GPAB4778_jpg.rf.bfed75b62b8d65486555d766d64a397f.jpg,finger_acropora,532060,11568,6250,0.9675964486667952,0.983531403832752,0.9787207428609269,0.9883895896416562
GPAB4778_jpg.rf.bfed75b62b8d65486555d766d64a397f.jpg,finger_porites,0,0,0,1.0,1.0,,
GPAB4778_jpg.rf.bfed75b62b8d65486555d766d64a397f.jpg,knob_porites,0,0,0,1.0,1.0,,
GPAB4778_jpg.rf.bfed75b62b8d65486555d766d64a397f.jpg,mounding_,0,0,9999,0.0,0.0,,0.0
GPAB4778_jpg.rf.bfed75b62b8d65486555d766d64a397f.jpg,oddball,0,0,0,1.0,1.0,,
GPAB4778_jpg.rf.bfed75b62b8d65486555d766d64a397f.jpg,pocillopora_,0,0,0,1.0,1.0,,
GPAB4778_jpg.rf.bfed75b62b8d65486555d766d64a397f.jpg,table_acropora,0,9791,0,0.0,0.0,0.0,
GPAB4779_jpg.rf.18bd369271c26a99d825e5e4fecce011.jpg,branching_acropora,0,0,0,1.0,1.0,,
GPAB4779_jpg.rf.18bd369271c26a99d825e5e4fecce011.jpg,finger_acropora,42196,1415,6135,0.8482290033369517,0.9178830132039765,0.9675540574625667,0.8730628375162939
GPAB4779_jpg.rf.18bd369271c26a99d825e5e4fecce011.jpg,finger_porites,0,0,0,1.0,1.0,,
GPAB4779_jpg.rf.18bd369271c26a99d825e5e4fecce011.jpg,knob_porites,0,0,0,1.0,1.0,,
GPAB4779_jpg.rf.18bd369271c26a99d825e5e4fecce011.jpg,mounding_,0,0,0,1.0,1.0,,
GPAB4779_jpg.rf.18bd369271c26a99d825e5e4fecce011.jpg,oddball,0,1171,0,0.0,0.0,0.0,
GPAB4779_jpg.rf.18bd369271c26a99d825e5e4fecce011.jpg,pocillopora_,5525,2773,11646,0.27702567188126753,0.43386077191880323,0.665823089901181,0.3217634383553666
GPAB4779_jpg.rf.18bd369271c26a99d825e5e4fecce011.jpg,table_acropora,0,0,0,1.0,1.0,,
GPAB4780_jpg.rf.8a201d1beedd40edffaaf46e84e7a05b.jpg,branching_acropora,0,0,0,1.0,1.0,,
GPAB4780_jpg.rf.8a201d1beedd40edffaaf46e84e7a05b.jpg,finger_acropora,0,0,4735,0.0,0.0,,0.0
GPAB4780_jpg.rf.8a201d1beedd40edffaaf46e84e7a05b.jpg,finger_porites,0,0,0,1.0,1.0,,
GPAB4780_jpg.rf.8a201d1beedd40edffaaf46e84e7a05b.jpg,knob_porites,0,0,0,1.0,1.0,,
GPAB4780_jpg.rf.8a201d1beedd40edffaaf46e84e7a05b.jpg,mounding_,0,15884,7817,0.0,0.0,0.0,0.0
GPAB4780_jpg.rf.8a201d1beedd40edffaaf46e84e7a05b.jpg,oddball,0,3059,2748,0.0,0.0,0.0,0.0
GPAB4780_jpg.rf.8a201d1beedd40edffaaf46e84e7a05b.jpg,pocillopora_,17070,4727,626,0.7612719083084333,0.8644569923783961,0.7831352938477772,0.964624773960217
GPAB4780_jpg.rf.8a201d1beedd40edffaaf46e84e7a05b.jpg,table_acropora,0,0,0,1.0,1.0,,
GPAB4781_jpg.rf.b25d5c2493b85a3a5baf2eb1d7facd5d.jpg,branching_acropora,0,2548,0,0.0,0.0,0.0,
GPAB4781_jpg.rf.b25d5c2493b85a3a5baf2eb1d7facd5d.jpg,finger_acropora,0,0,4436,0.0,0.0,,0.0
GPAB4781_jpg.rf.b25d5c2493b85a3a5baf2eb1d7facd5d.jpg,finger_porites,0,0,0,1.0,1.0,,
GPAB4781_jpg.rf.b25d5c2493b85a3a5baf2eb1d7facd5d.jpg,knob_porites,0,0,0,1.0,1.0,,
GPAB4781_jpg.rf.b25d5c2493b85a3a5baf2eb1d7facd5d.jpg,mounding_,18263,8532,379,0.6720762493560021,0.8038822985672469,0.6815823847732786,0.9796695633515717
GPAB4781_jpg.rf.b25d5c2493b85a3a5baf2eb1d7facd5d.jpg,oddball,0,4360,0,0.0,0.0,0.0,
GPAB4781_jpg.rf.b25d5c2493b85a3a5baf2eb1d7facd5d.jpg,pocillopora_,7357,21,722,0.9082716049382716,0.9519311638739729,0.9971537001897534,0.9106325040227751
GPAB4781_jpg.rf.b25d5c2493b85a3a5baf2eb1d7facd5d.jpg,table_acropora,0,0,0,1.0,1.0,,
GPAB4782_jpg.rf.4a1cdf2976fdae35a057fbebf48d41ec.jpg,branching_acropora,44949,16164,3281,0.6980308724415318,0.8221651134503352,0.7355063570762358,0.9319718017831226
GPAB4782_jpg.rf.4a1cdf2976fdae35a057fbebf48d41ec.jpg,finger_acropora,96417,5866,1800,0.9263472421048586,0.9617655860349127,0.9426493161131371,0.9816732337579034
GPAB4782_jpg.rf.4a1cdf2976fdae35a057fbebf48d41ec.jpg,finger_porites,0,4684,0,0.0,0.0,0.0,
GPAB4782_jpg.rf.4a1cdf2976fdae35a057fbebf48d41ec.jpg,knob_porites,0,1087,0,0.0,0.0,0.0,
GPAB4782_jpg.rf.4a1cdf2976fdae35a057fbebf48d41ec.jpg,mounding_,2231,144,5876,0.27039146770088474,0.4256821217324938,0.9393684210526316,0.27519427655112866
GPAB4782_jpg.rf.4a1cdf2976fdae35a057fbebf48d41ec.jpg,oddball,1290,441,7102,0.14604324691497791,0.254865158549837,0.7452339688041595,0.15371782650142993
GPAB4782_jpg.rf.4a1cdf2976fdae35a057fbebf48d41ec.jpg,pocillopora_,9270,778,294,0.8963450009669309,0.9453395880073424,0.9225716560509554,0.9692597239648683
GPAB4782_jpg.rf.4a1cdf2976fdae35a057fbebf48d41ec.jpg,table_acropora,0,0,0,1.0,1.0,,
GPAB4787_jpg.rf.3b5cb17b0e6e2db09e9f7e90b335be9a.jpg,branching_acropora,0,0,0,1.0,1.0,,
GPAB4787_jpg.rf.3b5cb17b0e6e2db09e9f7e90b335be9a.jpg,finger_acropora,44123,1710,4224,0.8814551411391014,0.9369929921427055,0.9626906377500928,0.9126316007197964
GPAB4787_jpg.rf.3b5cb17b0e6e2db09e9f7e90b335be9a.jpg,finger_porites,0,0,0,1.0,1.0,,
GPAB4787_jpg.rf.3b5cb17b0e6e2db09e9f7e90b335be9a.jpg,knob_porites,0,0,0,1.0,1.0,,
GPAB4787_jpg.rf.3b5cb17b0e6e2db09e9f7e90b335be9a.jpg,mounding_,7530,5738,18042,0.24049824337272438,0.3877445932028836,0.5675309014169431,0.2944626935710934
GPAB4787_jpg.rf.3b5cb17b0e6e2db09e9f7e90b335be9a.jpg,oddball,0,5396,0,0.0,0.0,0.0,
GPAB4787_jpg.rf.3b5cb17b0e6e2db09e9f7e90b335be9a.jpg,pocillopora_,0,0,0,1.0,1.0,,
GPAB4787_jpg.rf.3b5cb17b0e6e2db09e9f7e90b335be9a.jpg,table_acropora,0,0,0,1.0,1.0,,
GPAB4789_jpg.rf.5c044e3717b48118b45c9ad51a6650a2.jpg,branching_acropora,0,0,1932,0.0,0.0,,0.0
GPAB4789_jpg.rf.5c044e3717b48118b45c9ad51a6650a2.jpg,finger_acropora,75795,15306,7079,0.7720004074149521,0.8713320879436701,0.8319886719135904,0.9145811714168497
GPAB4789_jpg.rf.5c044e3717b48118b45c9ad51a6650a2.jpg,finger_porites,0,0,0,1.0,1.0,,
GPAB4789_jpg.rf.5c044e3717b48118b45c9ad51a6650a2.jpg,knob_porites,0,0,0,1.0,1.0,,
GPAB4789_jpg.rf.5c044e3717b48118b45c9ad51a6650a2.jpg,mounding_,0,0,3567,0.0,0.0,,0.0
GPAB4789_jpg.rf.5c044e3717b48118b45c9ad51a6650a2.jpg,oddball,0,1566,0,0.0,0.0,0.0,
GPAB4789_jpg.rf.5c044e3717b48118b45c9ad51a6650a2.jpg,pocillopora_,0,1595,6122,0.0,0.0,0.0,0.0
GPAB4789_jpg.rf.5c044e3717b48118b45c9ad51a6650a2.jpg,table_acropora,0,0,0,1.0,1.0,,
GPAB4790_jpg.rf.feb20779db5e09d98fc2914cc0ca14fa.jpg,branching_acropora,0,0,0,1.0,1.0,,
GPAB4790_jpg.rf.feb20779db5e09d98fc2914cc0ca14fa.jpg,finger_acropora,47022,2770,37577,0.5382000480719706,0.6997790030582405,0.9443685732647815,0.5558221728389224
GPAB4790_jpg.rf.feb20779db5e09d98fc2914cc0ca14fa.jpg,finger_porites,0,0,0,1.0,1.0,,
GPAB4790_jpg.rf.feb20779db5e09d98fc2914cc0ca14fa.jpg,knob_porites,0,1144,0,0.0,0.0,0.0,
GPAB4790_jpg.rf.feb20779db5e09d98fc2914cc0ca14fa.jpg,mounding_,42099,7119,25998,0.5597080408423739,0.7177087328986063,0.855357795928319,0.6182210670073571
GPAB4790_jpg.rf.feb20779db5e09d98fc2914cc0ca14fa.jpg,oddball,0,0,0,1.0,1.0,,
GPAB4790_jpg.rf.feb20779db5e09d98fc2914cc0ca14fa.jpg,pocillopora_,5041,1965,55,0.7139215408582353,0.8330854404230705,0.7195261204681701,0.9892072213500785
GPAB4790_jpg.rf.feb20779db5e09d98fc2914cc0ca14fa.jpg,table_acropora,0,25583,0,0.0,0.0,0.0,
GPAB4791_jpg.rf.fe0bb824fa68257505c69f67ea1c5da5.jpg,branching_acropora,0,0,0,1.0,1.0,,
GPAB4791_jpg.rf.fe0bb824fa68257505c69f67ea1c5da5.jpg,finger_acropora,7242,2651,72,0.726743602609132,0.8417504503980938,0.7320327504295967,0.9901558654634947
GPAB4791_jpg.rf.fe0bb824fa68257505c69f67ea1c5da5.jpg,finger_porites,11993,12210,473,0.48601880369589884,0.6541220104175189,0.4955170846589266,0.9620567944809882
GPAB4791_jpg.rf.fe0bb824fa68257505c69f67ea1c5da5.jpg,knob_porites,0,0,0,1.0,1.0,,
GPAB4791_jpg.rf.fe0bb824fa68257505c69f67ea1c5da5.jpg,mounding_,26462,7335,5349,0.6759822204056608,0.806669918302646,0.7829689025653165,0.8318506177108548
GPAB4791_jpg.rf.fe0bb824fa68257505c69f67ea1c5da5.jpg,oddball,0,0,1523,0.0,0.0,,0.0
GPAB4791_jpg.rf.fe0bb824fa68257505c69f67ea1c5da5.jpg,pocillopora_,14192,1183,5234,0.688631180552186,0.8156087468750898,0.9230569105691057,0.730567280963657
GPAB4791_jpg.rf.fe0bb824fa68257505c69f67ea1c5da5.jpg,table_acropora,0,0,0,1.0,1.0,,
GPAB4793_jpg.rf.c69e00462f231a9a204e3bc0538813db.jpg,branching_acropora,0,0,0,1.0,1.0,,
GPAB4793_jpg.rf.c69e00462f231a9a204e3bc0538813db.jpg,finger_acropora,29830,62718,24933,0.2539133987623531,0.40499351711684806,0.32231922894065784,0.5447108449135365
GPAB4793_jpg.rf.c69e00462f231a9a204e3bc0538813db.jpg,finger_porites,0,0,11836,0.0,0.0,,0.0
GPAB4793_jpg.rf.c69e00462f231a9a204e3bc0538813db.jpg,knob_porites,0,12824,0,0.0,0.0,0.0,
GPAB4793_jpg.rf.c69e00462f231a9a204e3bc0538813db.jpg,mounding_,20245,713,1476,0.902424890790764,0.9487101384755969,0.9659795782040271,0.9320473274711109
GPAB4793_jpg.rf.c69e00462f231a9a204e3bc0538813db.jpg,oddball,0,0,0,1.0,1.0,,
GPAB4793_jpg.rf.c69e00462f231a9a204e3bc0538813db.jpg,pocillopora_,0,0,0,1.0,1.0,,
GPAB4793_jpg.rf.c69e00462f231a9a204e3bc0538813db.jpg,table_acropora,207221,2149,66787,0.7503738815239157,0.8573869725142642,0.9897358742895352,0.7562589413447782
GPAB4794_jpg.rf.373be7edf4a54e3ac24fa4d08b0464b7.jpg,branching_acropora,0,0,0,1.0,1.0,,
GPAB4794_jpg.rf.373be7edf4a54e3ac24fa4d08b0464b7.jpg,finger_acropora,7728,257,22964,0.24970112119939256,0.39961734364092355,0.9678146524733876,0.2517919979147661
GPAB4794_jpg.rf.373be7edf4a54e3ac24fa4d08b0464b7.jpg,finger_porites,0,0,0,1.0,1.0,,
GPAB4794_jpg.rf.373be7edf4a54e3ac24fa4d08b0464b7.jpg,knob_porites,0,0,0,1.0,1.0,,
GPAB4794_jpg.rf.373be7edf4a54e3ac24fa4d08b0464b7.jpg,mounding_,4784,78,140,0.9564174330267893,0.9777232781524627,0.983957219251337,0.9715678310316815
GPAB4794_jpg.rf.373be7edf4a54e3ac24fa4d08b0464b7.jpg,oddball,0,0,0,1.0,1.0,,
GPAB4794_jpg.rf.373be7edf4a54e3ac24fa4d08b0464b7.jpg,pocillopora_,3479,2661,1333,0.46554262009902314,0.635317750182615,0.5666123778501628,0.7229842061512884
GPAB4794_jpg.rf.373be7edf4a54e3ac24fa4d08b0464b7.jpg,table_acropora,30601,58619,738,0.3401698570443985,0.5076518551082873,0.3429836359560637,0.9764510673601583
GPAB4795_jpg.rf.c70fcc188f6d8ec7e06f3b2c8984d0f7.jpg,branching_acropora,0,0,0,1.0,1.0,,
GPAB4795_jpg.rf.c70fcc188f6d8ec7e06f3b2c8984d0f7.jpg,finger_acropora,16985,286,2803,0.8461193583740162,0.9166464286678,0.9834404493080887,0.8583484940367899
GPAB4795_jpg.rf.c70fcc188f6d8ec7e06f3b2c8984d0f7.jpg,finger_porites,0,0,0,1.0,1.0,,
GPAB4795_jpg.rf.c70fcc188f6d8ec7e06f3b2c8984d0f7.jpg,knob_porites,0,0,0,1.0,1.0,,
GPAB4795_jpg.rf.c70fcc188f6d8ec7e06f3b2c8984d0f7.jpg,mounding_,10495,324,23568,0.3052025474743362,0.46767078115948485,0.9700526850910436,0.30810556909256376
GPAB4795_jpg.rf.c70fcc188f6d8ec7e06f3b2c8984d0f7.jpg,oddball,0,0,0,1.0,1.0,,
GPAB4795_jpg.rf.c70fcc188f6d8ec7e06f3b2c8984d0f7.jpg,pocillopora_,0,0,6150,0.0,0.0,,0.0
GPAB4795_jpg.rf.c70fcc188f6d8ec7e06f3b2c8984d0f7.jpg,table_acropora,0,0,0,1.0,1.0,,
GPAB4796_jpg.rf.0f42056b81b3aec69c254fcdf2e7fc31.jpg,branching_acropora,0,0,0,1.0,1.0,,
GPAB4796_jpg.rf.0f42056b81b3aec69c254fcdf2e7fc31.jpg,finger_acropora,32048,2217,2368,0.8748396254742992,0.9332420902432987,0.9352984094557129,0.9311947931194793
GPAB4796_jpg.rf.0f42056b81b3aec69c254fcdf2e7fc31.jpg,finger_porites,0,0,0,1.0,1.0,,
GPAB4796_jpg.rf.0f42056b81b3aec69c254fcdf2e7fc31.jpg,knob_porites,0,0,0,1.0,1.0,,
GPAB4796_jpg.rf.0f42056b81b3aec69c254fcdf2e7fc31.jpg,mounding_,34635,1040,3917,0.8747979389775712,0.933218370673744,0.9708479327259986,0.8983969703257937
GPAB4796_jpg.rf.0f42056b81b3aec69c254fcdf2e7fc31.jpg,oddball,0,0,0,1.0,1.0,,
GPAB4796_jpg.rf.0f42056b81b3aec69c254fcdf2e7fc31.jpg,pocillopora_,2446,425,1057,0.6227087576374746,0.7674929400690305,0.8519679554162313,0.698258635455324
GPAB4796_jpg.rf.0f42056b81b3aec69c254fcdf2e7fc31.jpg,table_acropora,0,0,0,1.0,1.0,,
GPAB4797_jpg.rf.e4b9f8bdcb32587cb5017cdd72df915d.jpg,branching_acropora,39647,528,41344,0.4863528747899263,0.6544245085254939,0.9868574984443061,0.4895235273055031
GPAB4797_jpg.rf.e4b9f8bdcb32587cb5017cdd72df915d.jpg,finger_acropora,337878,4758,2805,0.9781062467975719,0.9889319629631256,0.9861135432353868,0.9917665395690421
GPAB4797_jpg.rf.e4b9f8bdcb32587cb5017cdd72df915d.jpg,finger_porites,0,0,0,1.0,1.0,,
GPAB4797_jpg.rf.e4b9f8bdcb32587cb5017cdd72df915d.jpg,knob_porites,0,0,0,1.0,1.0,,
GPAB4797_jpg.rf.e4b9f8bdcb32587cb5017cdd72df915d.jpg,mounding_,0,0,0,1.0,1.0,,
GPAB4797_jpg.rf.e4b9f8bdcb32587cb5017cdd72df915d.jpg,oddball,0,0,0,1.0,1.0,,
GPAB4797_jpg.rf.e4b9f8bdcb32587cb5017cdd72df915d.jpg,pocillopora_,7802,1532,1920,0.6932646170250577,0.8188497061293031,0.8358688665095351,0.8025097716519235
GPAB4797_jpg.rf.e4b9f8bdcb32587cb5017cdd72df915d.jpg,table_acropora,84186,396,1275,0.9805374052203082,0.9901730738695507,0.9953181527984678,0.9850809141011689
GPAB4801_jpg.rf.9739c11121861706595f5b3390fbd58c.jpg,branching_acropora,0,0,0,1.0,1.0,,
GPAB4801_jpg.rf.9739c11121861706595f5b3390fbd58c.jpg,finger_acropora,88748,3962,24715,0.7557845433255269,0.8609080723470095,0.9572645885017798,0.7821756872284357
GPAB4801_jpg.rf.9739c11121861706595f5b3390fbd58c.jpg,finger_porites,0,0,0,1.0,1.0,,
GPAB4801_jpg.rf.9739c11121861706595f5b3390fbd58c.jpg,knob_porites,0,0,0,1.0,1.0,,
GPAB4801_jpg.rf.9739c11121861706595f5b3390fbd58c.jpg,mounding_,21804,1294,12636,0.610175183298819,0.7578991275331085,0.9439778335786648,0.6331010452961673
GPAB4801_jpg.rf.9739c11121861706595f5b3390fbd58c.jpg,oddball,0,0,0,1.0,1.0,,
GPAB4801_jpg.rf.9739c11121861706595f5b3390fbd58c.jpg,pocillopora_,2676,7107,2982,0.20963572267920094,0.346609675539149,0.2735357252376572,0.47295864262990456
GPAB4801_jpg.rf.9739c11121861706595f5b3390fbd58c.jpg,table_acropora,0,0,0,1.0,1.0,,
GPAB4803_jpg.rf.dc872b5dd3a719c76a02e05e55e48979.jpg,branching_acropora,104136,53367,1720,0.6540261143176551,0.7908292482884579,0.6611683586979296,0.9837515114873036
GPAB4803_jpg.rf.dc872b5dd3a719c76a02e05e55e48979.jpg,finger_acropora,82809,28482,30339,0.5846854479983055,0.7379198802347186,0.7440763404048845,0.7318644607063315
GPAB4803_jpg.rf.dc872b5dd3a719c76a02e05e55e48979.jpg,finger_porites,0,0,0,1.0,1.0,,
GPAB4803_jpg.rf.dc872b5dd3a719c76a02e05e55e48979.jpg,knob_porites,0,0,0,1.0,1.0,,
GPAB4803_jpg.rf.dc872b5dd3a719c76a02e05e55e48979.jpg,mounding_,37481,21428,204,0.6340568064554328,0.7760523427956187,0.6362525250810572,0.9945867055857769
GPAB4803_jpg.rf.dc872b5dd3a719c76a02e05e55e48979.jpg,oddball,0,0,0,1.0,1.0,,
GPAB4803_jpg.rf.dc872b5dd3a719c76a02e05e55e48979.jpg,pocillopora_,0,1170,2431,0.0,0.0,0.0,0.0
GPAB4803_jpg.rf.dc872b5dd3a719c76a02e05e55e48979.jpg,table_acropora,0,0,0,1.0,1.0,,
GPAB4838_jpg.rf.577d2dba6fa6db597e730cd8e9cc4d40.jpg,branching_acropora,0,0,0,1.0,1.0,,
GPAB4838_jpg.rf.577d2dba6fa6db597e730cd8e9cc4d40.jpg,finger_acropora,36313,417,574,0.9734344842376152,0.9865384354157328,0.9886468826572284,0.9844389622360181
GPAB4838_jpg.rf.577d2dba6fa6db597e730cd8e9cc4d40.jpg,finger_porites,0,0,0,1.0,1.0,,
GPAB4838_jpg.rf.577d2dba6fa6db597e730cd8e9cc4d40.jpg,knob_porites,0,0,0,1.0,1.0,,
GPAB4838_jpg.rf.577d2dba6fa6db597e730cd8e9cc4d40.jpg,mounding_,0,0,2522,0.0,0.0,,0.0
GPAB4838_jpg.rf.577d2dba6fa6db597e730cd8e9cc4d40.jpg,oddball,0,0,0,1.0,1.0,,
GPAB4838_jpg.rf.577d2dba6fa6db597e730cd8e9cc4d40.jpg,pocillopora_,0,6845,0,0.0,0.0,0.0,
GPAB4838_jpg.rf.577d2dba6fa6db597e730cd8e9cc4d40.jpg,table_acropora,588902,8036,39379,0.9254852534192863,0.9613007960209563,0.9865379654168439,0.937322631115695
GPAB4862_jpg.rf.11a13aa47c9a9c8fb61cd72b53131a3d.jpg,branching_acropora,3302,11308,54506,0.04777475548353493,0.09119279737081941,0.22600958247775496,0.05712012178245226
GPAB4862_jpg.rf.11a13aa47c9a9c8fb61cd72b53131a3d.jpg,finger_acropora,21773,7608,19629,0.444256274229749,0.6152042157015103,0.7410571457744801,0.525892468962852
GPAB4862_jpg.rf.11a13aa47c9a9c8fb61cd72b53131a3d.jpg,finger_porites,0,13000,0,0.0,0.0,0.0,
GPAB4862_jpg.rf.11a13aa47c9a9c8fb61cd72b53131a3d.jpg,knob_porites,0,3207,0,0.0,0.0,0.0,
GPAB4862_jpg.rf.11a13aa47c9a9c8fb61cd72b53131a3d.jpg,mounding_,10476,5243,4238,0.5249285964824373,0.6884631814149115,0.6664546090718239,0.7119749898056273
GPAB4862_jpg.rf.11a13aa47c9a9c8fb61cd72b53131a3d.jpg,oddball,0,5009,0,0.0,0.0,0.0,
GPAB4862_jpg.rf.11a13aa47c9a9c8fb61cd72b53131a3d.jpg,pocillopora_,12008,6037,1742,0.6068630919290443,0.7553388897625413,0.6654474923801607,0.8733090909090909
GPAB4862_jpg.rf.11a13aa47c9a9c8fb61cd72b53131a3d.jpg,table_acropora,0,45175,17302,0.0,0.0,0.0,0.0
GPAB4875_jpg.rf.420ee51b2763bb6abc8d4e698fed5e40.jpg,branching_acropora,0,12662,0,0.0,0.0,0.0,
GPAB4875_jpg.rf.420ee51b2763bb6abc8d4e698fed5e40.jpg,finger_acropora,111099,5584,213,0.9504089104845332,0.9745740038158731,0.9521438427191622,0.9980864596808969
GPAB4875_jpg.rf.420ee51b2763bb6abc8d4e698fed5e40.jpg,finger_porites,8973,1488,12091,0.397880454061724,0.5692624900872324,0.8577573845712647,0.4259874667679453
GPAB4875_jpg.rf.420ee51b2763bb6abc8d4e698fed5e40.jpg,knob_porites,0,0,0,1.0,1.0,,
GPAB4875_jpg.rf.420ee51b2763bb6abc8d4e698fed5e40.jpg,mounding_,22324,7579,20311,0.44457720954315527,0.61551186964074,0.7465471691803498,0.523607364841093
GPAB4875_jpg.rf.420ee51b2763bb6abc8d4e698fed5e40.jpg,oddball,0,0,0,1.0,1.0,,
GPAB4875_jpg.rf.420ee51b2763bb6abc8d4e698fed5e40.jpg,pocillopora_,41912,14518,16293,0.5763238590267178,0.7312251930038819,0.7427255006202375,0.7200755948801649
GPAB4875_jpg.rf.420ee51b2763bb6abc8d4e698fed5e40.jpg,table_acropora,0,0,0,1.0,1.0,,
GPAB4881_jpg.rf.8b2a14c2b37d92d63755a939f2eb6281.jpg,branching_acropora,0,0,0,1.0,1.0,,
GPAB4881_jpg.rf.8b2a14c2b37d92d63755a939f2eb6281.jpg,finger_acropora,21892,395,453043,0.04605642395809227,0.08805724605910438,0.9822766635258222,0.04609472875235558
GPAB4881_jpg.rf.8b2a14c2b37d92d63755a939f2eb6281.jpg,finger_porites,0,1378,0,0.0,0.0,0.0,
GPAB4881_jpg.rf.8b2a14c2b37d92d63755a939f2eb6281.jpg,knob_porites,0,0,0,1.0,1.0,,
GPAB4881_jpg.rf.8b2a14c2b37d92d63755a939f2eb6281.jpg,mounding_,0,0,2137,0.0,0.0,,0.0
GPAB4881_jpg.rf.8b2a14c2b37d92d63755a939f2eb6281.jpg,oddball,0,0,0,1.0,1.0,,
GPAB4881_jpg.rf.8b2a14c2b37d92d63755a939f2eb6281.jpg,pocillopora_,11928,291,509,0.9371464487743557,0.9675535366645036,0.9761846304934937,0.9590737316073008
GPAB4881_jpg.rf.8b2a14c2b37d92d63755a939f2eb6281.jpg,table_acropora,0,448468,0,0.0,0.0,0.0,
GPAB4888_jpg.rf.7f6403933175008ae00c4b79b70dbb31.jpg,branching_acropora,983489,17253,1355,0.9814309393202455,0.9906284593062199,0.9827597922341622,0.9986241475807336
GPAB4888_jpg.rf.7f6403933175008ae00c4b79b70dbb31.jpg,finger_acropora,0,0,0,1.0,1.0,,
GPAB4888_jpg.rf.7f6403933175008ae00c4b79b70dbb31.jpg,finger_porites,0,0,0,1.0,1.0,,
GPAB4888_jpg.rf.7f6403933175008ae00c4b79b70dbb31.jpg,knob_porites,0,0,0,1.0,1.0,,
GPAB4888_jpg.rf.7f6403933175008ae00c4b79b70dbb31.jpg,mounding_,0,0,0,1.0,1.0,,
GPAB4888_jpg.rf.7f6403933175008ae00c4b79b70dbb31.jpg,oddball,0,0,0,1.0,1.0,,
GPAB4888_jpg.rf.7f6403933175008ae00c4b79b70dbb31.jpg,pocillopora_,0,0,0,1.0,1.0,,
GPAB4888_jpg.rf.7f6403933175008ae00c4b79b70dbb31.jpg,table_acropora,0,0,0,1.0,1.0,,
GPAB4890_jpg.rf.de3c1c5f1753fbe3dbfcdaa09e3628b2.jpg,branching_acropora,0,10764,0,0.0,0.0,0.0,
GPAB4890_jpg.rf.de3c1c5f1753fbe3dbfcdaa09e3628b2.jpg,finger_acropora,187962,6059,21646,0.8715380656289557,0.9313602342745442,0.9687714216502338,0.8967310407999695
GPAB4890_jpg.rf.de3c1c5f1753fbe3dbfcdaa09e3628b2.jpg,finger_porites,0,0,0,1.0,1.0,,
GPAB4890_jpg.rf.de3c1c5f1753fbe3dbfcdaa09e3628b2.jpg,knob_porites,0,0,0,1.0,1.0,,
GPAB4890_jpg.rf.de3c1c5f1753fbe3dbfcdaa09e3628b2.jpg,mounding_,0,0,19641,0.0,0.0,,0.0
GPAB4890_jpg.rf.de3c1c5f1753fbe3dbfcdaa09e3628b2.jpg,oddball,0,0,0,1.0,1.0,,
GPAB4890_jpg.rf.de3c1c5f1753fbe3dbfcdaa09e3628b2.jpg,pocillopora_,0,2424,0,0.0,0.0,0.0,
GPAB4890_jpg.rf.de3c1c5f1753fbe3dbfcdaa09e3628b2.jpg,table_acropora,0,0,0,1.0,1.0,,
GPAB4891_jpg.rf.b904748dfaec0495e1cf5166ada62dc2.jpg,branching_acropora,0,0,0,1.0,1.0,,
GPAB4891_jpg.rf.b904748dfaec0495e1cf5166ada62dc2.jpg,finger_acropora,2981,166,5107,0.36115822631451416,0.5306631063640409,0.9472513504925326,0.36857072205736896
GPAB4891_jpg.rf.b904748dfaec0495e1cf5166ada62dc2.jpg,finger_porites,0,0,0,1.0,1.0,,
GPAB4891_jpg.rf.b904748dfaec0495e1cf5166ada62dc2.jpg,knob_porites,0,0,0,1.0,1.0,,
GPAB4891_jpg.rf.b904748dfaec0495e1cf5166ada62dc2.jpg,mounding_,48278,6592,8645,0.7601039124616232,0.863703451915594,0.879861490796428,0.8481281731461799
GPAB4891_jpg.rf.b904748dfaec0495e1cf5166ada62dc2.jpg,oddball,0,0,0,1.0,1.0,,
GPAB4891_jpg.rf.b904748dfaec0495e1cf5166ada62dc2.jpg,pocillopora_,7622,169,503,0.9189775741499879,0.9577783362653933,0.978308304453857,0.9380923076923077
GPAB4891_jpg.rf.b904748dfaec0495e1cf5166ada62dc2.jpg,table_acropora,58443,508,1350,0.9691879073315534,0.9843528936198882,0.9913826737459924,0.9774221062666199
GPAB4901_jpg.rf.47fdedb2f1b1ad1872ea1d068c561138.jpg,branching_acropora,0,0,0,1.0,1.0,,
GPAB4901_jpg.rf.47fdedb2f1b1ad1872ea1d068c561138.jpg,finger_acropora,43890,1685,230,0.9581923370811046,0.9786498690005017,0.9630279758639605,0.9947869446962828
GPAB4901_jpg.rf.47fdedb2f1b1ad1872ea1d068c561138.jpg,finger_porites,4622,340,130,0.9076983503534957,0.9516162240065884,0.9314792422410318,0.9726430976430976
GPAB4901_jpg.rf.47fdedb2f1b1ad1872ea1d068c561138.jpg,knob_porites,0,0,0,1.0,1.0,,
GPAB4901_jpg.rf.47fdedb2f1b1ad1872ea1d068c561138.jpg,mounding_,0,5822,0,0.0,0.0,0.0,
GPAB4901_jpg.rf.47fdedb2f1b1ad1872ea1d068c561138.jpg,oddball,0,4094,0,0.0,0.0,0.0,
GPAB4901_jpg.rf.47fdedb2f1b1ad1872ea1d068c561138.jpg,pocillopora_,44687,5508,1030,0.8723670082967301,0.9318333472349654,0.8902679549755952,0.977470087713542
GPAB4901_jpg.rf.47fdedb2f1b1ad1872ea1d068c561138.jpg,table_acropora,0,0,0,1.0,1.0,,
GPAB5033_jpg.rf.a42128c7f23b888e301bb1cfac56c0ea.jpg,branching_acropora,3700,507,55,0.8681370248709526,0.9294147199196182,0.879486570002377,0.9853528628495339
GPAB5033_jpg.rf.a42128c7f23b888e301bb1cfac56c0ea.jpg,finger_acropora,216097,10691,17392,0.8849905807191416,0.9389867405931646,0.9528590577984726,0.9255125509124627
GPAB5033_jpg.rf.a42128c7f23b888e301bb1cfac56c0ea.jpg,finger_porites,0,0,0,1.0,1.0,,
GPAB5033_jpg.rf.a42128c7f23b888e301bb1cfac56c0ea.jpg,knob_porites,0,0,0,1.0,1.0,,
GPAB5033_jpg.rf.a42128c7f23b888e301bb1cfac56c0ea.jpg,mounding_,35679,4586,12542,0.6756490616774291,0.8064326560133807,0.8861045573078355,0.7399058501482757
GPAB5033_jpg.rf.a42128c7f23b888e301bb1cfac56c0ea.jpg,oddball,0,0,0,1.0,1.0,,
GPAB5033_jpg.rf.a42128c7f23b888e301bb1cfac56c0ea.jpg,pocillopora_,0,0,0,1.0,1.0,,
GPAB5033_jpg.rf.a42128c7f23b888e301bb1cfac56c0ea.jpg,table_acropora,151911,1162,4810,0.9621745216394418,0.9807226737767678,0.9924088506790878,0.9693085164081393
GPAB5096_jpg.rf.e6b7fbc62c0b41cc3946e299a644d3f2.jpg,branching_acropora,33887,717,6011,0.8343469161639788,0.909693699498,0.9792798520402266,0.8493408190886761
GPAB5096_jpg.rf.e6b7fbc62c0b41cc3946e299a644d3f2.jpg,finger_acropora,89540,12188,22837,0.7188214988158793,0.8364120408210924,0.8801903114186851,0.7967822597150662
GPAB5096_jpg.rf.e6b7fbc62c0b41cc3946e299a644d3f2.jpg,finger_porites,0,0,0,1.0,1.0,,
GPAB5096_jpg.rf.e6b7fbc62c0b41cc3946e299a644d3f2.jpg,knob_porites,9660,5549,435,0.6174891332140118,0.7635156496996522,0.63515023998948,0.9569093610698366
GPAB5096_jpg.rf.e6b7fbc62c0b41cc3946e299a644d3f2.jpg,mounding_,0,2304,3819,0.0,0.0,0.0,0.0
GPAB5096_jpg.rf.e6b7fbc62c0b41cc3946e299a644d3f2.jpg,oddball,0,0,0,1.0,1.0,,
GPAB5096_jpg.rf.e6b7fbc62c0b41cc3946e299a644d3f2.jpg,pocillopora_,0,0,0,1.0,1.0,,
GPAB5096_jpg.rf.e6b7fbc62c0b41cc3946e299a644d3f2.jpg,table_acropora,291889,29042,82193,0.7240675325706234,0.8399526339795083,0.9095070279904404,0.7802807940505023
GPAB5121_jpg.rf.fcbf5ec6808aa3c85aca6b2855ea846b.jpg,branching_acropora,0,0,0,1.0,1.0,,
GPAB5121_jpg.rf.fcbf5ec6808aa3c85aca6b2855ea846b.jpg,finger_acropora,644892,7170,5518,0.9807050092764379,0.9902585237916823,0.9890041131058089,0.9915161206008518
GPAB5121_jpg.rf.fcbf5ec6808aa3c85aca6b2855ea846b.jpg,finger_porites,0,0,0,1.0,1.0,,
GPAB5121_jpg.rf.fcbf5ec6808aa3c85aca6b2855ea846b.jpg,knob_porites,0,0,0,1.0,1.0,,
GPAB5121_jpg.rf.fcbf5ec6808aa3c85aca6b2855ea846b.jpg,mounding_,0,0,0,1.0,1.0,,
GPAB5121_jpg.rf.fcbf5ec6808aa3c85aca6b2855ea846b.jpg,oddball,0,1382,0,0.0,0.0,0.0,
GPAB5121_jpg.rf.fcbf5ec6808aa3c85aca6b2855ea846b.jpg,pocillopora_,23376,562,402,0.9603944124897288,0.9797971330371363,0.9765226835992982,0.9830936159475145
GPAB5121_jpg.rf.fcbf5ec6808aa3c85aca6b2855ea846b.jpg,table_acropora,0,0,0,1.0,1.0,,
GPAB5140_jpg.rf.79c16d5485a87227cb76d2c41e7b4043.jpg,branching_acropora,0,0,0,1.0,1.0,,
GPAB5140_jpg.rf.79c16d5485a87227cb76d2c41e7b4043.jpg,finger_acropora,200006,6480,642,0.9656154648333398,0.9825069878713151,0.9686177271098283,0.9968003668115306
GPAB5140_jpg.rf.79c16d5485a87227cb76d2c41e7b4043.jpg,finger_porites,0,0,0,1.0,1.0,,
GPAB5140_jpg.rf.79c16d5485a87227cb76d2c41e7b4043.jpg,knob_porites,0,0,0,1.0,1.0,,
GPAB5140_jpg.rf.79c16d5485a87227cb76d2c41e7b4043.jpg,mounding_,204155,2447,16909,0.9134002353351737,0.9547403815126758,0.9881559713845945,0.923510838490211
GPAB5140_jpg.rf.79c16d5485a87227cb76d2c41e7b4043.jpg,oddball,0,0,9083,0.0,0.0,,0.0
GPAB5140_jpg.rf.79c16d5485a87227cb76d2c41e7b4043.jpg,pocillopora_,24719,2196,387,0.9053915464068566,0.9503469752599911,0.9184098086568828,0.9845853580817334
GPAB5140_jpg.rf.79c16d5485a87227cb76d2c41e7b4043.jpg,table_acropora,0,0,0,1.0,1.0,,
GPAB5142_jpg.rf.9cbf6dc4ce3a554c05d16f34fb84dbb1.jpg,branching_acropora,0,0,0,1.0,1.0,,
GPAB5142_jpg.rf.9cbf6dc4ce3a554c05d16f34fb84dbb1.jpg,finger_acropora,121914,2553,96262,0.5523243434256486,0.7116094594081886,0.979488539130854,0.5587874009973599
GPAB5142_jpg.rf.9cbf6dc4ce3a554c05d16f34fb84dbb1.jpg,finger_porites,0,3182,0,0.0,0.0,0.0,
GPAB5142_jpg.rf.9cbf6dc4ce3a554c05d16f34fb84dbb1.jpg,knob_porites,0,0,0,1.0,1.0,,
GPAB5142_jpg.rf.9cbf6dc4ce3a554c05d16f34fb84dbb1.jpg,mounding_,0,3086,1921,0.0,0.0,0.0,0.0
GPAB5142_jpg.rf.9cbf6dc4ce3a554c05d16f34fb84dbb1.jpg,oddball,0,2466,0,0.0,0.0,0.0,
GPAB5142_jpg.rf.9cbf6dc4ce3a554c05d16f34fb84dbb1.jpg,pocillopora_,31766,31812,3735,0.4719147861482923,0.6412256885919317,0.4996382396426437,0.8947916960085631
GPAB5142_jpg.rf.9cbf6dc4ce3a554c05d16f34fb84dbb1.jpg,table_acropora,0,0,0,1.0,1.0,,
GPAB5150_jpg.rf.78a0f068bd61364295bdd1c46e50b387.jpg,branching_acropora,91987,2581,561559,0.14019694357952042,0.245917066115592,0.9727074697572118,0.14075061281072793
GPAB5150_jpg.rf.78a0f068bd61364295bdd1c46e50b387.jpg,finger_acropora,98190,4159,1026,0.9498428053204353,0.9742762880460397,0.959364527254785,0.9896589259796807
GPAB5150_jpg.rf.78a0f068bd61364295bdd1c46e50b387.jpg,finger_porites,0,1605,0,0.0,0.0,0.0,
GPAB5150_jpg.rf.78a0f068bd61364295bdd1c46e50b387.jpg,knob_porites,0,0,0,1.0,1.0,,
GPAB5150_jpg.rf.78a0f068bd61364295bdd1c46e50b387.jpg,mounding_,0,1118,0,0.0,0.0,0.0,
GPAB5150_jpg.rf.78a0f068bd61364295bdd1c46e50b387.jpg,oddball,0,0,0,1.0,1.0,,
GPAB5150_jpg.rf.78a0f068bd61364295bdd1c46e50b387.jpg,pocillopora_,0,0,0,1.0,1.0,,
GPAB5150_jpg.rf.78a0f068bd61364295bdd1c46e50b387.jpg,table_acropora,0,0,0,1.0,1.0,,
GPAB5152_jpg.rf.dea64a52d7766208624c9075ac8e744b.jpg,branching_acropora,0,0,0,1.0,1.0,,
GPAB5152_jpg.rf.dea64a52d7766208624c9075ac8e744b.jpg,finger_acropora,129951,19889,36430,0.6976485746497021,0.8218998738224217,0.8672650827549386,0.7810447106340267
GPAB5152_jpg.rf.dea64a52d7766208624c9075ac8e744b.jpg,finger_porites,0,0,0,1.0,1.0,,
GPAB5152_jpg.rf.dea64a52d7766208624c9075ac8e744b.jpg,knob_porites,0,0,0,1.0,1.0,,
GPAB5152_jpg.rf.dea64a52d7766208624c9075ac8e744b.jpg,mounding_,83218,7637,27943,0.7005000084176501,0.8238753366070014,0.9159429860767156,0.7486258669857234
GPAB5152_jpg.rf.dea64a52d7766208624c9075ac8e744b.jpg,oddball,0,0,0,1.0,1.0,,
GPAB5152_jpg.rf.dea64a52d7766208624c9075ac8e744b.jpg,pocillopora_,0,6478,0,0.0,0.0,0.0,
GPAB5152_jpg.rf.dea64a52d7766208624c9075ac8e744b.jpg,table_acropora,0,1796,0,0.0,0.0,0.0,
GPAB5174_jpg.rf.46ca733d089fc887a9dc084787d33982.jpg,branching_acropora,104928,12825,105958,0.46903370866877353,0.638560852485554,0.8910855774375175,0.4975579222897679
GPAB5174_jpg.rf.46ca733d089fc887a9dc084787d33982.jpg,finger_acropora,47183,8726,9452,0.7218830801242331,0.8384809496730168,0.8439249494714626,0.833106736117242
GPAB5174_jpg.rf.46ca733d089fc887a9dc084787d33982.jpg,finger_porites,0,27660,0,0.0,0.0,0.0,
GPAB5174_jpg.rf.46ca733d089fc887a9dc084787d33982.jpg,knob_porites,0,0,0,1.0,1.0,,
GPAB5174_jpg.rf.46ca733d089fc887a9dc084787d33982.jpg,mounding_,5631,15516,6088,0.2067560124839361,0.3426641514026654,0.2662789048091928,0.480501749296015
GPAB5174_jpg.rf.46ca733d089fc887a9dc084787d33982.jpg,oddball,8374,2387,18970,0.28165887457535904,0.43952237239207453,0.778180466499396,0.3062463428905793
GPAB5174_jpg.rf.46ca733d089fc887a9dc084787d33982.jpg,pocillopora_,0,0,5515,0.0,0.0,,0.0
GPAB5174_jpg.rf.46ca733d089fc887a9dc084787d33982.jpg,table_acropora,27879,18408,1858,0.5790632464430366,0.7334262864358624,0.6023073433145376,0.9375189158287656
GPAB5179_jpg.rf.f9eed0cac19d9f9bceeb29baf5d810fb.jpg,branching_acropora,0,0,0,1.0,1.0,,
GPAB5179_jpg.rf.f9eed0cac19d9f9bceeb29baf5d810fb.jpg,finger_acropora,150877,4417,30046,0.8140552498111578,0.8974977469907828,0.9715571754221026,0.8339293511604384
GPAB5179_jpg.rf.f9eed0cac19d9f9bceeb29baf5d810fb.jpg,finger_porites,350134,6917,7033,0.9616846661759374,0.9804681483804665,0.980627417371748,0.9803089311162565
GPAB5179_jpg.rf.f9eed0cac19d9f9bceeb29baf5d810fb.jpg,knob_porites,0,0,0,1.0,1.0,,
GPAB5179_jpg.rf.f9eed0cac19d9f9bceeb29baf5d810fb.jpg,mounding_,16385,15184,10112,0.3931047719584463,0.5643577997451176,0.5190218252082739,0.6183718911574895
GPAB5179_jpg.rf.f9eed0cac19d9f9bceeb29baf5d810fb.jpg,oddball,0,0,0,1.0,1.0,,
GPAB5179_jpg.rf.f9eed0cac19d9f9bceeb29baf5d810fb.jpg,pocillopora_,8430,3668,10218,0.37775587022763935,0.5483640148311976,0.6968093899818152,0.4520592020592021
GPAB5179_jpg.rf.f9eed0cac19d9f9bceeb29baf5d810fb.jpg,table_acropora,0,34248,0,0.0,0.0,0.0,
GPAB5226_jpg.rf.f2ca7f8c573d5d5c1b5f8e5eac9c6320.jpg,branching_acropora,26709,5065,321,0.8321856987069637,0.9084075913203183,0.8405929376219551,0.9881243063263041
GPAB5226_jpg.rf.f2ca7f8c573d5d5c1b5f8e5eac9c6320.jpg,finger_acropora,72299,5392,21408,0.7295633659270023,0.8436387822495012,0.9305968516301759,0.7715432144877117
GPAB5226_jpg.rf.f2ca7f8c573d5d5c1b5f8e5eac9c6320.jpg,finger_porites,0,0,0,1.0,1.0,,
GPAB5226_jpg.rf.f2ca7f8c573d5d5c1b5f8e5eac9c6320.jpg,knob_porites,0,2544,0,0.0,0.0,0.0,
GPAB5226_jpg.rf.f2ca7f8c573d5d5c1b5f8e5eac9c6320.jpg,mounding_,11725,387,3117,0.7699126666228905,0.8700007420048972,0.9680482166446499,0.7899878722544131
GPAB5226_jpg.rf.f2ca7f8c573d5d5c1b5f8e5eac9c6320.jpg,oddball,0,0,0,1.0,1.0,,
GPAB5226_jpg.rf.f2ca7f8c573d5d5c1b5f8e5eac9c6320.jpg,pocillopora_,4606,1489,1945,0.5728855721393035,0.72845168432706,0.755701394585726,0.70309876354755
GPAB5226_jpg.rf.f2ca7f8c573d5d5c1b5f8e5eac9c6320.jpg,table_acropora,347887,6167,2332,0.976152261873362,0.987932236504878,0.9825817530659166,0.993341309295041
GPAB5236_jpg.rf.c1137ff7d5cba4f3f3f0a4a9cce4bce8.jpg,branching_acropora,0,0,0,1.0,1.0,,
GPAB5236_jpg.rf.c1137ff7d5cba4f3f3f0a4a9cce4bce8.jpg,finger_acropora,136089,724,23525,0.8487632376604423,0.9181957109170217,0.9947081052239187,0.8526131792950493
GPAB5236_jpg.rf.c1137ff7d5cba4f3f3f0a4a9cce4bce8.jpg,finger_porites,0,0,0,1.0,1.0,,
GPAB5236_jpg.rf.c1137ff7d5cba4f3f3f0a4a9cce4bce8.jpg,knob_porites,0,0,0,1.0,1.0,,
GPAB5236_jpg.rf.c1137ff7d5cba4f3f3f0a4a9cce4bce8.jpg,mounding_,40910,2910,10824,0.7486640802283874,0.8562697532285409,0.9335919671382931,0.7907758920632466
GPAB5236_jpg.rf.c1137ff7d5cba4f3f3f0a4a9cce4bce8.jpg,oddball,0,0,0,1.0,1.0,,
GPAB5236_jpg.rf.c1137ff7d5cba4f3f3f0a4a9cce4bce8.jpg,pocillopora_,5111,1155,18394,0.20725871857258718,0.3433542709348023,0.8156718799872327,0.21744309721335886
GPAB5236_jpg.rf.c1137ff7d5cba4f3f3f0a4a9cce4bce8.jpg,table_acropora,9510,6,272,0.971597874948917,0.9855943621100632,0.9993694829760403,0.97219382539358
GPAB5241_jpg.rf.3652b87908eefc756b80da270e2a609f.jpg,branching_acropora,0,0,0,1.0,1.0,,
GPAB5241_jpg.rf.3652b87908eefc756b80da270e2a609f.jpg,finger_acropora,0,14140,0,0.0,0.0,0.0,
GPAB5241_jpg.rf.3652b87908eefc756b80da270e2a609f.jpg,finger_porites,0,0,0,1.0,1.0,,
GPAB5241_jpg.rf.3652b87908eefc756b80da270e2a609f.jpg,knob_porites,0,0,0,1.0,1.0,,
GPAB5241_jpg.rf.3652b87908eefc756b80da270e2a609f.jpg,mounding_,0,0,0,1.0,1.0,,
GPAB5241_jpg.rf.3652b87908eefc756b80da270e2a609f.jpg,oddball,0,0,0,1.0,1.0,,
GPAB5241_jpg.rf.3652b87908eefc756b80da270e2a609f.jpg,pocillopora_,0,35908,0,0.0,0.0,0.0,
GPAB5241_jpg.rf.3652b87908eefc756b80da270e2a609f.jpg,table_acropora,0,0,0,1.0,1.0,,
GPAB5248_jpg.rf.e6a7d848114e0c62c755ad295d87f35f.jpg,branching_acropora,0,0,0,1.0,1.0,,
GPAB5248_jpg.rf.e6a7d848114e0c62c755ad295d87f35f.jpg,finger_acropora,355983,38316,10513,0.879378575733921,0.9358184530655432,0.9028250135049797,0.9713148301754999
GPAB5248_jpg.rf.e6a7d848114e0c62c755ad295d87f35f.jpg,finger_porites,0,0,1517,0.0,0.0,,0.0
GPAB5248_jpg.rf.e6a7d848114e0c62c755ad295d87f35f.jpg,knob_porites,0,0,0,1.0,1.0,,
GPAB5248_jpg.rf.e6a7d848114e0c62c755ad295d87f35f.jpg,mounding_,0,0,3554,0.0,0.0,,0.0
GPAB5248_jpg.rf.e6a7d848114e0c62c755ad295d87f35f.jpg,oddball,0,0,0,1.0,1.0,,
GPAB5248_jpg.rf.e6a7d848114e0c62c755ad295d87f35f.jpg,pocillopora_,22901,2977,3527,0.7788131270192145,0.8756548005964899,0.8849601978514569,0.8665430603904949
GPAB5248_jpg.rf.e6a7d848114e0c62c755ad295d87f35f.jpg,table_acropora,0,0,0,1.0,1.0,,
GPAB5285_jpg.rf.917b9bc4a3094f60d6dd54576e66897b.jpg,branching_acropora,0,0,0,1.0,1.0,,
GPAB5285_jpg.rf.917b9bc4a3094f60d6dd54576e66897b.jpg,finger_acropora,193283,11859,5307,0.9184315439845283,0.9574816957783876,0.9421912626375876,0.973276600030213
GPAB5285_jpg.rf.917b9bc4a3094f60d6dd54576e66897b.jpg,finger_porites,0,9334,0,0.0,0.0,0.0,
GPAB5285_jpg.rf.917b9bc4a3094f60d6dd54576e66897b.jpg,knob_porites,0,0,0,1.0,1.0,,
GPAB5285_jpg.rf.917b9bc4a3094f60d6dd54576e66897b.jpg,mounding_,3197,1389,12178,0.19070627535194465,0.3203246330344171,0.6971216746620148,0.2079349593495935
GPAB5285_jpg.rf.917b9bc4a3094f60d6dd54576e66897b.jpg,oddball,0,0,2990,0.0,0.0,,0.0
GPAB5285_jpg.rf.917b9bc4a3094f60d6dd54576e66897b.jpg,pocillopora_,14771,480,117,0.961153045288912,0.9801917780948273,0.9685266539899023,0.9921413218699624
GPAB5285_jpg.rf.917b9bc4a3094f60d6dd54576e66897b.jpg,table_acropora,0,0,0,1.0,1.0,,
GPAB5286_jpg.rf.7e8781dd4975ce7fca1bc1950bfe023e.jpg,branching_acropora,0,6738,0,0.0,0.0,0.0,
GPAB5286_jpg.rf.7e8781dd4975ce7fca1bc1950bfe023e.jpg,finger_acropora,287136,9315,85278,0.7521985492325708,0.8585768428606669,0.968578281064999,0.7710129049928306
GPAB5286_jpg.rf.7e8781dd4975ce7fca1bc1950bfe023e.jpg,finger_porites,17595,1312,68065,0.2023064894448788,0.33653064542350836,0.9306077114296293,0.20540508989026382
GPAB5286_jpg.rf.7e8781dd4975ce7fca1bc1950bfe023e.jpg,knob_porites,0,0,0,1.0,1.0,,
GPAB5286_jpg.rf.7e8781dd4975ce7fca1bc1950bfe023e.jpg,mounding_,0,25137,0,0.0,0.0,0.0,
GPAB5286_jpg.rf.7e8781dd4975ce7fca1bc1950bfe023e.jpg,oddball,0,3759,14873,0.0,0.0,0.0,0.0
GPAB5286_jpg.rf.7e8781dd4975ce7fca1bc1950bfe023e.jpg,pocillopora_,14882,2523,673,0.8232105321385109,0.9030339805825243,0.8550416546969262,0.956734169077467
GPAB5286_jpg.rf.7e8781dd4975ce7fca1bc1950bfe023e.jpg,table_acropora,0,0,0,1.0,1.0,,
GPAB5287_jpg.rf.f316e103bf2987c11731ee8f25b032d8.jpg,branching_acropora,0,0,0,1.0,1.0,,
GPAB5287_jpg.rf.f316e103bf2987c11731ee8f25b032d8.jpg,finger_acropora,82553,4883,20163,0.767228319965799,0.8682843199124911,0.9441534379431813,0.8037014681257059
GPAB5287_jpg.rf.f316e103bf2987c11731ee8f25b032d8.jpg,finger_porites,0,0,0,1.0,1.0,,
GPAB5287_jpg.rf.f316e103bf2987c11731ee8f25b032d8.jpg,knob_porites,0,0,0,1.0,1.0,,
GPAB5287_jpg.rf.f316e103bf2987c11731ee8f25b032d8.jpg,mounding_,4271,83,9504,0.3081974310867369,0.4711787743394561,0.9809370693615067,0.31005444646098
GPAB5287_jpg.rf.f316e103bf2987c11731ee8f25b032d8.jpg,oddball,0,0,0,1.0,1.0,,
GPAB5287_jpg.rf.f316e103bf2987c11731ee8f25b032d8.jpg,pocillopora_,45529,1494,10969,0.7850910470409712,0.8796089682286686,0.9682283138038832,0.8058515345675953
GPAB5287_jpg.rf.f316e103bf2987c11731ee8f25b032d8.jpg,table_acropora,0,0,0,1.0,1.0,,
GPAB5297_jpg.rf.0296081ab463a9d1ecf239538718dd87.jpg,branching_acropora,188057,12813,19667,0.8527231258246916,0.9205078880257664,0.936212475730572,0.905321484277214
GPAB5297_jpg.rf.0296081ab463a9d1ecf239538718dd87.jpg,finger_acropora,98831,2623,12930,0.8640281857602462,0.9270548507375185,0.9741459183472313,0.8843066901692004
GPAB5297_jpg.rf.0296081ab463a9d1ecf239538718dd87.jpg,finger_porites,0,0,0,1.0,1.0,,
GPAB5297_jpg.rf.0296081ab463a9d1ecf239538718dd87.jpg,knob_porites,0,0,0,1.0,1.0,,
GPAB5297_jpg.rf.0296081ab463a9d1ecf239538718dd87.jpg,mounding_,36178,24599,1223,0.583516129032258,0.7369879199005888,0.595258074600589,0.9673003395631132
GPAB5297_jpg.rf.0296081ab463a9d1ecf239538718dd87.jpg,oddball,0,0,0,1.0,1.0,,
GPAB5297_jpg.rf.0296081ab463a9d1ecf239538718dd87.jpg,pocillopora_,6140,722,66,0.8862586605080831,0.9397000306091216,0.894782862139318,0.9893651305188528
GPAB5297_jpg.rf.0296081ab463a9d1ecf239538718dd87.jpg,table_acropora,0,0,0,1.0,1.0,,
GPAB5299_jpg.rf.982209f62d95c666316b67c67161afb2.jpg,branching_acropora,0,5991,0,0.0,0.0,0.0,
GPAB5299_jpg.rf.982209f62d95c666316b67c67161afb2.jpg,finger_acropora,102403,4009,33124,0.7338822956083018,0.8465191639214843,0.962325677555163,0.7555911368214452
GPAB5299_jpg.rf.982209f62d95c666316b67c67161afb2.jpg,finger_porites,0,0,0,1.0,1.0,,
GPAB5299_jpg.rf.982209f62d95c666316b67c67161afb2.jpg,knob_porites,0,0,0,1.0,1.0,,
GPAB5299_jpg.rf.982209f62d95c666316b67c67161afb2.jpg,mounding_,0,18455,1094,0.0,0.0,0.0,0.0
GPAB5299_jpg.rf.982209f62d95c666316b67c67161afb2.jpg,oddball,0,0,0,1.0,1.0,,
GPAB5299_jpg.rf.982209f62d95c666316b67c67161afb2.jpg,pocillopora_,5060,497,1085,0.7618187292984041,0.8648094342847377,0.910563253554076,0.8234336859235151
GPAB5299_jpg.rf.982209f62d95c666316b67c67161afb2.jpg,table_acropora,0,0,0,1.0,1.0,,
GPAB5302_jpg.rf.3c212643573c9f4bb59e48652eb6d846.jpg,branching_acropora,300951,14675,24252,0.8854677266548585,0.9392552459392444,0.9535050978056308,0.9254250422044077
GPAB5302_jpg.rf.3c212643573c9f4bb59e48652eb6d846.jpg,finger_acropora,0,20273,0,0.0,0.0,0.0,
GPAB5302_jpg.rf.3c212643573c9f4bb59e48652eb6d846.jpg,finger_porites,0,0,10648,0.0,0.0,,0.0
GPAB5302_jpg.rf.3c212643573c9f4bb59e48652eb6d846.jpg,knob_porites,0,0,0,1.0,1.0,,
GPAB5302_jpg.rf.3c212643573c9f4bb59e48652eb6d846.jpg,mounding_,6617,1762,11029,0.34094187963726297,0.5085110470701248,0.7897123761785416,0.3749858324832823
GPAB5302_jpg.rf.3c212643573c9f4bb59e48652eb6d846.jpg,oddball,0,0,0,1.0,1.0,,
GPAB5302_jpg.rf.3c212643573c9f4bb59e48652eb6d846.jpg,pocillopora_,0,0,0,1.0,1.0,,
GPAB5302_jpg.rf.3c212643573c9f4bb59e48652eb6d846.jpg,table_acropora,0,0,0,1.0,1.0,,
GPAB5307_jpg.rf.4d7d182d23541594f3ab8ffa499acae2.jpg,branching_acropora,0,0,0,1.0,1.0,,
GPAB5307_jpg.rf.4d7d182d23541594f3ab8ffa499acae2.jpg,finger_acropora,191833,5798,744,0.9670220541902962,0.9832345825815975,0.970662497280285,0.9961366102909486
GPAB5307_jpg.rf.4d7d182d23541594f3ab8ffa499acae2.jpg,finger_porites,18493,4831,2261,0.7228063318350596,0.839103407595626,0.7928742925741725,0.8910571456104848
GPAB5307_jpg.rf.4d7d182d23541594f3ab8ffa499acae2.jpg,knob_porites,0,0,0,1.0,1.0,,
GPAB5307_jpg.rf.4d7d182d23541594f3ab8ffa499acae2.jpg,mounding_,15788,2334,8253,0.5985971563981043,0.748903066669829,0.8712062686237723,0.6567114512707458
GPAB5307_jpg.rf.4d7d182d23541594f3ab8ffa499acae2.jpg,oddball,0,0,0,1.0,1.0,,
GPAB5307_jpg.rf.4d7d182d23541594f3ab8ffa499acae2.jpg,pocillopora_,20936,1219,161,0.9381609607456534,0.968093960972903,0.9449785601444369,0.9923685832108831
GPAB5307_jpg.rf.4d7d182d23541594f3ab8ffa499acae2.jpg,table_acropora,0,7729,0,0.0,0.0,0.0,
GPAB5308_jpg.rf.115bcdb8bbdc8ee1e2920379b038f344.jpg,branching_acropora,0,18018,0,0.0,0.0,0.0,
GPAB5308_jpg.rf.115bcdb8bbdc8ee1e2920379b038f344.jpg,finger_acropora,211830,29706,2209,0.8690639807996061,0.9299456730505405,0.8770121224165341,0.9896794509411836
GPAB5308_jpg.rf.115bcdb8bbdc8ee1e2920379b038f344.jpg,finger_porites,0,0,21936,0.0,0.0,,0.0
GPAB5308_jpg.rf.115bcdb8bbdc8ee1e2920379b038f344.jpg,knob_porites,0,0,0,1.0,1.0,,
GPAB5308_jpg.rf.115bcdb8bbdc8ee1e2920379b038f344.jpg,mounding_,13086,36834,3013,0.24721818147469443,0.3964313303745891,0.26213942307692306,0.8128455183551774
GPAB5308_jpg.rf.115bcdb8bbdc8ee1e2920379b038f344.jpg,oddball,0,0,4315,0.0,0.0,,0.0
GPAB5308_jpg.rf.115bcdb8bbdc8ee1e2920379b038f344.jpg,pocillopora_,15856,8262,1331,0.6230500216118512,0.7677520881249243,0.6574342814495397,0.9225577471344621
GPAB5308_jpg.rf.115bcdb8bbdc8ee1e2920379b038f344.jpg,table_acropora,0,0,0,1.0,1.0,,
GPAB5309_jpg.rf.d19f7d3fbbd76e45123f9b77fbf6c288.jpg,branching_acropora,0,17620,0,0.0,0.0,0.0,
GPAB5309_jpg.rf.d19f7d3fbbd76e45123f9b77fbf6c288.jpg,finger_acropora,227721,15843,411,0.9333784199200738,0.965541365625318,0.9349534413952801,0.998198411446005
GPAB5309_jpg.rf.d19f7d3fbbd76e45123f9b77fbf6c288.jpg,finger_porites,27231,659,91004,0.2290359479872828,0.37270829769033365,0.9763714593044102,0.23031251321520702
GPAB5309_jpg.rf.d19f7d3fbbd76e45123f9b77fbf6c288.jpg,knob_porites,0,0,0,1.0,1.0,,
GPAB5309_jpg.rf.d19f7d3fbbd76e45123f9b77fbf6c288.jpg,mounding_,19406,33857,9407,0.3096537418222435,0.47287879526292703,0.3643429773013161,0.6735154270641724
GPAB5309_jpg.rf.d19f7d3fbbd76e45123f9b77fbf6c288.jpg,oddball,0,0,0,1.0,1.0,,
GPAB5309_jpg.rf.d19f7d3fbbd76e45123f9b77fbf6c288.jpg,pocillopora_,12089,3307,89,0.7806909912818857,0.8768405019221005,0.7852039490776825,0.9926917392018394
GPAB5309_jpg.rf.d19f7d3fbbd76e45123f9b77fbf6c288.jpg,table_acropora,0,1765,0,0.0,0.0,0.0,
GPAB5311_jpg.rf.411f63a94d59592bc074a6196bacf1d0.jpg,branching_acropora,60778,3395,10271,0.8164257697060878,0.8989365635769327,0.9470961307715082,0.8554377964503371
GPAB5311_jpg.rf.411f63a94d59592bc074a6196bacf1d0.jpg,finger_acropora,9762,8199,0,0.5435109403708034,0.704252786494968,0.5435109403708034,1.0
GPAB5311_jpg.rf.411f63a94d59592bc074a6196bacf1d0.jpg,finger_porites,10007,320,37469,0.2093689848522889,0.3462450045845371,0.9690132661954101,0.21078018367174994
GPAB5311_jpg.rf.411f63a94d59592bc074a6196bacf1d0.jpg,knob_porites,0,0,0,1.0,1.0,,
GPAB5311_jpg.rf.411f63a94d59592bc074a6196bacf1d0.jpg,mounding_,7868,33666,965,0.18513376785336125,0.3124267873806262,0.18943516155438916,0.8907505943620514
GPAB5311_jpg.rf.411f63a94d59592bc074a6196bacf1d0.jpg,oddball,10716,789,219,0.9140225179119754,0.9550802139037433,0.9314211212516297,0.9799725651577503
GPAB5311_jpg.rf.411f63a94d59592bc074a6196bacf1d0.jpg,pocillopora_,46897,1752,4726,0.878632318501171,0.9353957236317217,0.9639869267610846,0.9084516591441799
GPAB5311_jpg.rf.411f63a94d59592bc074a6196bacf1d0.jpg,table_acropora,0,12478,0,0.0,0.0,0.0,
GPAB5332_jpg.rf.39ed198ee533269eccb7c8a2b4905b87.jpg,branching_acropora,0,0,0,1.0,1.0,,
GPAB5332_jpg.rf.39ed198ee533269eccb7c8a2b4905b87.jpg,finger_acropora,0,0,6383,0.0,0.0,,0.0
GPAB5332_jpg.rf.39ed198ee533269eccb7c8a2b4905b87.jpg,finger_porites,0,9955,0,0.0,0.0,0.0,
GPAB5332_jpg.rf.39ed198ee533269eccb7c8a2b4905b87.jpg,knob_porites,0,0,0,1.0,1.0,,
GPAB5332_jpg.rf.39ed198ee533269eccb7c8a2b4905b87.jpg,mounding_,27399,7145,20719,0.4957928451224146,0.6629164549611671,0.7931623436776285,0.569412693794422
GPAB5332_jpg.rf.39ed198ee533269eccb7c8a2b4905b87.jpg,oddball,0,0,35134,0.0,0.0,,0.0
GPAB5332_jpg.rf.39ed198ee533269eccb7c8a2b4905b87.jpg,pocillopora_,7022,7999,2648,0.39741920878374554,0.5687902474585882,0.467478862925238,0.726163391933816
GPAB5332_jpg.rf.39ed198ee533269eccb7c8a2b4905b87.jpg,table_acropora,0,0,0,1.0,1.0,,
GPAB5333_jpg.rf.2fb14ea874aaf0bdc6acefaa46ae3b24.jpg,branching_acropora,0,0,0,1.0,1.0,,
GPAB5333_jpg.rf.2fb14ea874aaf0bdc6acefaa46ae3b24.jpg,finger_acropora,0,0,0,1.0,1.0,,
GPAB5333_jpg.rf.2fb14ea874aaf0bdc6acefaa46ae3b24.jpg,finger_porites,0,0,0,1.0,1.0,,
GPAB5333_jpg.rf.2fb14ea874aaf0bdc6acefaa46ae3b24.jpg,knob_porites,0,0,0,1.0,1.0,,
GPAB5333_jpg.rf.2fb14ea874aaf0bdc6acefaa46ae3b24.jpg,mounding_,5884,924,111,0.8504119092354386,0.9191595719753183,0.86427732079906,0.9814845704753962
GPAB5333_jpg.rf.2fb14ea874aaf0bdc6acefaa46ae3b24.jpg,oddball,0,0,0,1.0,1.0,,
GPAB5333_jpg.rf.2fb14ea874aaf0bdc6acefaa46ae3b24.jpg,pocillopora_,66045,3845,8843,0.8388477512605896,0.9123623754990399,0.9449849763914723,0.8819169960474308
GPAB5333_jpg.rf.2fb14ea874aaf0bdc6acefaa46ae3b24.jpg,table_acropora,0,2201,0,0.0,0.0,0.0,
GPAB5334_jpg.rf.e95df04308622776ed1b1ed4b88ef51f.jpg,branching_acropora,0,0,0,1.0,1.0,,
GPAB5334_jpg.rf.e95df04308622776ed1b1ed4b88ef51f.jpg,finger_acropora,183908,5770,11209,0.9154798468790912,0.9558752062786678,0.9695800250951613,0.9425524172675882
GPAB5334_jpg.rf.e95df04308622776ed1b1ed4b88ef51f.jpg,finger_porites,67678,1796,4772,0.911537321875926,0.9537217102110989,0.9741486023548378,0.9341338854382333
GPAB5334_jpg.rf.e95df04308622776ed1b1ed4b88ef51f.jpg,knob_porites,0,0,0,1.0,1.0,,
GPAB5334_jpg.rf.e95df04308622776ed1b1ed4b88ef51f.jpg,mounding_,5149,13584,19567,0.13443864229765012,0.2370135100922921,0.27486254203811455,0.20832659006311702
GPAB5334_jpg.rf.e95df04308622776ed1b1ed4b88ef51f.jpg,oddball,0,0,22300,0.0,0.0,,0.0
GPAB5334_jpg.rf.e95df04308622776ed1b1ed4b88ef51f.jpg,pocillopora_,44164,12857,1578,0.7536647383061145,0.8595311542091998,0.7745216674558496,0.9655021643128853
GPAB5334_jpg.rf.e95df04308622776ed1b1ed4b88ef51f.jpg,table_acropora,0,0,0,1.0,1.0,,
GPAB5335_jpg.rf.6bf5e9d0887602d1badfe856c236a338.jpg,branching_acropora,0,0,0,1.0,1.0,,
GPAB5335_jpg.rf.6bf5e9d0887602d1badfe856c236a338.jpg,finger_acropora,236789,12562,2889,0.9387448461782429,0.9684047367334043,0.9496212166784974,0.9879463279900533
GPAB5335_jpg.rf.6bf5e9d0887602d1badfe856c236a338.jpg,finger_porites,0,0,0,1.0,1.0,,
GPAB5335_jpg.rf.6bf5e9d0887602d1badfe856c236a338.jpg,knob_porites,0,0,0,1.0,1.0,,
GPAB5335_jpg.rf.6bf5e9d0887602d1badfe856c236a338.jpg,mounding_,0,0,0,1.0,1.0,,
GPAB5335_jpg.rf.6bf5e9d0887602d1badfe856c236a338.jpg,oddball,0,0,4794,0.0,0.0,,0.0
GPAB5335_jpg.rf.6bf5e9d0887602d1badfe856c236a338.jpg,pocillopora_,16198,280,10854,0.5926386653007464,0.7442223753733057,0.9830076465590484,0.5987727339937897
GPAB5335_jpg.rf.6bf5e9d0887602d1badfe856c236a338.jpg,table_acropora,0,6129,0,0.0,0.0,0.0,
GPAB5336_jpg.rf.6cbd3774005119fe947d59c92202676a.jpg,branching_acropora,0,13931,0,0.0,0.0,0.0,
GPAB5336_jpg.rf.6cbd3774005119fe947d59c92202676a.jpg,finger_acropora,12224,1367,79,0.8942209217264082,0.9441569475554182,0.8994187329850637,0.9935788019182313
GPAB5336_jpg.rf.6cbd3774005119fe947d59c92202676a.jpg,finger_porites,0,0,0,1.0,1.0,,
GPAB5336_jpg.rf.6cbd3774005119fe947d59c92202676a.jpg,knob_porites,0,0,0,1.0,1.0,,
GPAB5336_jpg.rf.6cbd3774005119fe947d59c92202676a.jpg,mounding_,0,0,0,1.0,1.0,,
GPAB5336_jpg.rf.6cbd3774005119fe947d59c92202676a.jpg,oddball,0,0,0,1.0,1.0,,
GPAB5336_jpg.rf.6cbd3774005119fe947d59c92202676a.jpg,pocillopora_,69847,5549,1030,0.9139167299086698,0.9550224580066041,0.9264019311369304,0.9854677822142585
GPAB5336_jpg.rf.6cbd3774005119fe947d59c92202676a.jpg,table_acropora,0,0,0,1.0,1.0,,
GPAB5338_jpg.rf.ccf17be954dbf5bad62d1985c2c414ce.jpg,branching_acropora,0,0,0,1.0,1.0,,
GPAB5338_jpg.rf.ccf17be954dbf5bad62d1985c2c414ce.jpg,finger_acropora,127580,11757,46698,0.6857849329427258,0.8136090429348086,0.9156218377028356,0.7320487956024283
GPAB5338_jpg.rf.ccf17be954dbf5bad62d1985c2c414ce.jpg,finger_porites,0,0,5927,0.0,0.0,,0.0
GPAB5338_jpg.rf.ccf17be954dbf5bad62d1985c2c414ce.jpg,knob_porites,0,3885,0,0.0,0.0,0.0,
GPAB5338_jpg.rf.ccf17be954dbf5bad62d1985c2c414ce.jpg,mounding_,0,0,0,1.0,1.0,,
GPAB5338_jpg.rf.ccf17be954dbf5bad62d1985c2c414ce.jpg,oddball,0,0,0,1.0,1.0,,
GPAB5338_jpg.rf.ccf17be954dbf5bad62d1985c2c414ce.jpg,pocillopora_,3344,351,16902,0.1623537408360441,0.27935341046739903,0.9050067658998647,0.1651684283315223
GPAB5338_jpg.rf.ccf17be954dbf5bad62d1985c2c414ce.jpg,table_acropora,0,0,0,1.0,1.0,,
GPAB5348_jpg.rf.8ba371da13fb1ea879c422e3e3ba2cce.jpg,branching_acropora,0,0,0,1.0,1.0,,
GPAB5348_jpg.rf.8ba371da13fb1ea879c422e3e3ba2cce.jpg,finger_acropora,224331,2731,16549,0.9208574325461494,0.958798312611392,0.9879724480538356,0.9312977416140817
GPAB5348_jpg.rf.8ba371da13fb1ea879c422e3e3ba2cce.jpg,finger_porites,91125,19200,8517,0.7667743726965214,0.8679935418422895,0.8259687287559483,0.9145239959053412
GPAB5348_jpg.rf.8ba371da13fb1ea879c422e3e3ba2cce.jpg,knob_porites,0,0,0,1.0,1.0,,
GPAB5348_jpg.rf.8ba371da13fb1ea879c422e3e3ba2cce.jpg,mounding_,41549,4178,751,0.8939498257239985,0.9440058163972418,0.9086316618190565,0.9822458628841607
GPAB5348_jpg.rf.8ba371da13fb1ea879c422e3e3ba2cce.jpg,oddball,0,0,0,1.0,1.0,,
GPAB5348_jpg.rf.8ba371da13fb1ea879c422e3e3ba2cce.jpg,pocillopora_,3817,2467,1168,0.5122114868491681,0.6774336675836365,0.6074156588160408,0.7656970912738215
GPAB5348_jpg.rf.8ba371da13fb1ea879c422e3e3ba2cce.jpg,table_acropora,0,0,0,1.0,1.0,,
GPAB5349_jpg.rf.1ee7632cec92426ad67645eedadd0f50.jpg,branching_acropora,0,31261,0,0.0,0.0,0.0,
GPAB5349_jpg.rf.1ee7632cec92426ad67645eedadd0f50.jpg,finger_acropora,273697,8521,15704,0.9186867703627124,0.9576203730106941,0.9698070286090894,0.9457361930331961
GPAB5349_jpg.rf.1ee7632cec92426ad67645eedadd0f50.jpg,finger_porites,0,0,55434,0.0,0.0,,0.0
GPAB5349_jpg.rf.1ee7632cec92426ad67645eedadd0f50.jpg,knob_porites,0,26127,0,0.0,0.0,0.0,
GPAB5349_jpg.rf.1ee7632cec92426ad67645eedadd0f50.jpg,mounding_,57729,23960,20101,0.5671382257589154,0.7237883888439621,0.7066924555325687,0.741731979956315
GPAB5349_jpg.rf.1ee7632cec92426ad67645eedadd0f50.jpg,oddball,0,5897,0,0.0,0.0,0.0,
GPAB5349_jpg.rf.1ee7632cec92426ad67645eedadd0f50.jpg,pocillopora_,7378,126,3490,0.6710933236310715,0.8031787502721532,0.9832089552238806,0.6788737578211262
GPAB5349_jpg.rf.1ee7632cec92426ad67645eedadd0f50.jpg,table_acropora,0,10698,0,0.0,0.0,0.0,
GPAB5420_jpg.rf.1a7945f6c17694f7cf560b2e8231a128.jpg,branching_acropora,0,30134,0,0.0,0.0,0.0,
GPAB5420_jpg.rf.1a7945f6c17694f7cf560b2e8231a128.jpg,finger_acropora,214696,10620,63127,0.7443273021012817,0.8534261903768143,0.9528661968080385,0.7727797914499519
GPAB5420_jpg.rf.1a7945f6c17694f7cf560b2e8231a128.jpg,finger_porites,0,0,31843,0.0,0.0,,0.0
GPAB5420_jpg.rf.1a7945f6c17694f7cf560b2e8231a128.jpg,knob_porites,0,0,0,1.0,1.0,,
GPAB5420_jpg.rf.1a7945f6c17694f7cf560b2e8231a128.jpg,mounding_,106618,1890,5429,0.9357627460789735,0.9668155335403867,0.9825819294429904,0.9515471186198649
GPAB5420_jpg.rf.1a7945f6c17694f7cf560b2e8231a128.jpg,oddball,0,0,0,1.0,1.0,,
GPAB5420_jpg.rf.1a7945f6c17694f7cf560b2e8231a128.jpg,pocillopora_,0,1725,0,0.0,0.0,0.0,
GPAB5420_jpg.rf.1a7945f6c17694f7cf560b2e8231a128.jpg,table_acropora,0,24020,0,0.0,0.0,0.0,
GPAB5443_jpg.rf.32c02690be0eb7a25e3c884163f2a83f.jpg,branching_acropora,0,1464,0,0.0,0.0,0.0,
GPAB5443_jpg.rf.32c02690be0eb7a25e3c884163f2a83f.jpg,finger_acropora,179989,8457,3903,0.9357418026607884,0.9668043551826566,0.9551224223384949,0.9787755856698497
GPAB5443_jpg.rf.32c02690be0eb7a25e3c884163f2a83f.jpg,finger_porites,0,0,0,1.0,1.0,,
GPAB5443_jpg.rf.32c02690be0eb7a25e3c884163f2a83f.jpg,knob_porites,0,0,0,1.0,1.0,,
GPAB5443_jpg.rf.32c02690be0eb7a25e3c884163f2a83f.jpg,mounding_,0,0,0,1.0,1.0,,
GPAB5443_jpg.rf.32c02690be0eb7a25e3c884163f2a83f.jpg,oddball,0,0,5120,0.0,0.0,,0.0
GPAB5443_jpg.rf.32c02690be0eb7a25e3c884163f2a83f.jpg,pocillopora_,8023,38776,260,0.170488110669585,0.29131113612432374,0.17143528707878372,0.9686104068574188
GPAB5443_jpg.rf.32c02690be0eb7a25e3c884163f2a83f.jpg,table_acropora,0,1821,0,0.0,0.0,0.0,
GPAB5468_jpg.rf.4283e52525152382f8e24a20d09d9eb9.jpg,branching_acropora,0,1000,0,0.0,0.0,0.0,
GPAB5468_jpg.rf.4283e52525152382f8e24a20d09d9eb9.jpg,finger_acropora,182088,114372,5842,0.6023380592917017,0.7518239435165879,0.614207650273224,0.9689139573245358
GPAB5468_jpg.rf.4283e52525152382f8e24a20d09d9eb9.jpg,finger_porites,0,0,0,1.0,1.0,,
GPAB5468_jpg.rf.4283e52525152382f8e24a20d09d9eb9.jpg,knob_porites,0,0,0,1.0,1.0,,
GPAB5468_jpg.rf.4283e52525152382f8e24a20d09d9eb9.jpg,mounding_,0,0,0,1.0,1.0,,
GPAB5468_jpg.rf.4283e52525152382f8e24a20d09d9eb9.jpg,oddball,0,0,0,1.0,1.0,,
GPAB5468_jpg.rf.4283e52525152382f8e24a20d09d9eb9.jpg,pocillopora_,0,25850,0,0.0,0.0,0.0,
GPAB5468_jpg.rf.4283e52525152382f8e24a20d09d9eb9.jpg,table_acropora,0,0,0,1.0,1.0,,
GPAB5497_jpg.rf.0ffa6911ae7ba47037807745fe6d0550.jpg,branching_acropora,0,0,0,1.0,1.0,,
GPAB5497_jpg.rf.0ffa6911ae7ba47037807745fe6d0550.jpg,finger_acropora,245812,10261,15397,0.9054849522967547,0.9503984287100653,0.959929395133419,0.9410548641126454
GPAB5497_jpg.rf.0ffa6911ae7ba47037807745fe6d0550.jpg,finger_porites,0,0,0,1.0,1.0,,
GPAB5497_jpg.rf.0ffa6911ae7ba47037807745fe6d0550.jpg,knob_porites,0,0,0,1.0,1.0,,
GPAB5497_jpg.rf.0ffa6911ae7ba47037807745fe6d0550.jpg,mounding_,15454,2640,17763,0.4309897648994617,0.6023659644130888,0.8540952802033823,0.46524370051479663
GPAB5497_jpg.rf.0ffa6911ae7ba47037807745fe6d0550.jpg,oddball,0,0,0,1.0,1.0,,
GPAB5497_jpg.rf.0ffa6911ae7ba47037807745fe6d0550.jpg,pocillopora_,29610,2846,556,0.8969465648854962,0.9456740442655935,0.9123120532413113,0.9815686534509049
GPAB5497_jpg.rf.0ffa6911ae7ba47037807745fe6d0550.jpg,table_acropora,0,9917,0,0.0,0.0,0.0,
GPAB5501_jpg.rf.b589a7631d40c0e686a0a60ee8a45f5f.jpg,branching_acropora,0,0,0,1.0,1.0,,
GPAB5501_jpg.rf.b589a7631d40c0e686a0a60ee8a45f5f.jpg,finger_acropora,107759,1711,2233,0.9646920852618104,0.9820287794697943,0.9843701470722572,0.9796985235289839
GPAB5501_jpg.rf.b589a7631d40c0e686a0a60ee8a45f5f.jpg,finger_porites,0,0,0,1.0,1.0,,
GPAB5501_jpg.rf.b589a7631d40c0e686a0a60ee8a45f5f.jpg,knob_porites,0,0,0,1.0,1.0,,
GPAB5501_jpg.rf.b589a7631d40c0e686a0a60ee8a45f5f.jpg,mounding_,0,0,0,1.0,1.0,,
GPAB5501_jpg.rf.b589a7631d40c0e686a0a60ee8a45f5f.jpg,oddball,0,0,0,1.0,1.0,,
GPAB5501_jpg.rf.b589a7631d40c0e686a0a60ee8a45f5f.jpg,pocillopora_,49816,936,5076,0.8923121014544673,0.9430918935292113,0.9815573770491803,0.9075275085622677
GPAB5501_jpg.rf.b589a7631d40c0e686a0a60ee8a45f5f.jpg,table_acropora,0,0,0,1.0,1.0,,
GPAB5519_jpg.rf.f4dccd4d27203da8024b20f802d49292.jpg,branching_acropora,153879,3366,418466,0.2672851482775212,0.42182321577872506,0.9785939139559287,0.26885707047322854
GPAB5519_jpg.rf.f4dccd4d27203da8024b20f802d49292.jpg,finger_acropora,48762,24622,46583,0.40646177698867186,0.5779919278843589,0.6644772702496456,0.5114269232786197
GPAB5519_jpg.rf.f4dccd4d27203da8024b20f802d49292.jpg,finger_porites,0,0,0,1.0,1.0,,
GPAB5519_jpg.rf.f4dccd4d27203da8024b20f802d49292.jpg,knob_porites,0,0,0,1.0,1.0,,
GPAB5519_jpg.rf.f4dccd4d27203da8024b20f802d49292.jpg,mounding_,0,11184,0,0.0,0.0,0.0,
GPAB5519_jpg.rf.f4dccd4d27203da8024b20f802d49292.jpg,oddball,0,0,0,1.0,1.0,,
GPAB5519_jpg.rf.f4dccd4d27203da8024b20f802d49292.jpg,pocillopora_,0,4062,4381,0.0,0.0,0.0,0.0
GPAB5519_jpg.rf.f4dccd4d27203da8024b20f802d49292.jpg,table_acropora,0,22291,0,0.0,0.0,0.0,
GPAB5545_jpg.rf.8c6a419671b63b24065f36515b5b7271.jpg,branching_acropora,0,0,0,1.0,1.0,,
GPAB5545_jpg.rf.8c6a419671b63b24065f36515b5b7271.jpg,finger_acropora,237292,11084,11962,0.9114766188570244,0.9536884834113699,0.9553741102199891,0.9520087942420182
GPAB5545_jpg.rf.8c6a419671b63b24065f36515b5b7271.jpg,finger_porites,0,0,0,1.0,1.0,,
GPAB5545_jpg.rf.8c6a419671b63b24065f36515b5b7271.jpg,knob_porites,0,0,0,1.0,1.0,,
GPAB5545_jpg.rf.8c6a419671b63b24065f36515b5b7271.jpg,mounding_,25130,9602,20598,0.4541839869871679,0.6246582152622421,0.7235402510653001,0.5495538838348496
GPAB5545_jpg.rf.8c6a419671b63b24065f36515b5b7271.jpg,oddball,0,0,0,1.0,1.0,,
GPAB5545_jpg.rf.8c6a419671b63b24065f36515b5b7271.jpg,pocillopora_,24055,980,182,0.9539199746202959,0.9764166260756616,0.9608548032754144,0.9924908198209349
GPAB5545_jpg.rf.8c6a419671b63b24065f36515b5b7271.jpg,table_acropora,0,0,0,1.0,1.0,,
GPAB5552_jpg.rf.0aa5c6e322bdc54366f9d200985db4aa.jpg,branching_acropora,0,0,0,1.0,1.0,,
GPAB5552_jpg.rf.0aa5c6e322bdc54366f9d200985db4aa.jpg,finger_acropora,184446,54181,6898,0.7512310355360962,0.8579462335831951,0.772946900392663,0.9639497449619533
GPAB5552_jpg.rf.0aa5c6e322bdc54366f9d200985db4aa.jpg,finger_porites,0,0,16724,0.0,0.0,,0.0
GPAB5552_jpg.rf.0aa5c6e322bdc54366f9d200985db4aa.jpg,knob_porites,0,0,0,1.0,1.0,,
GPAB5552_jpg.rf.0aa5c6e322bdc54366f9d200985db4aa.jpg,mounding_,0,5526,0,0.0,0.0,0.0,
GPAB5552_jpg.rf.0aa5c6e322bdc54366f9d200985db4aa.jpg,oddball,0,0,0,1.0,1.0,,
GPAB5552_jpg.rf.0aa5c6e322bdc54366f9d200985db4aa.jpg,pocillopora_,6837,220,335,0.9249188311688312,0.9609951507484714,0.9688252798639648,0.9532905744562187
GPAB5552_jpg.rf.0aa5c6e322bdc54366f9d200985db4aa.jpg,table_acropora,336926,3884,26940,0.9161821889870836,0.956257911437313,0.988603620785775,0.9259617551516217
GPAB5569_jpg.rf.8e265edd8d3471a629aa34b39cc85f3b.jpg,branching_acropora,0,0,0,1.0,1.0,,
GPAB5569_jpg.rf.8e265edd8d3471a629aa34b39cc85f3b.jpg,finger_acropora,580092,7923,6479,0.9757743560069572,0.9877386585571427,0.9865258539322976,0.9889544488220522
GPAB5569_jpg.rf.8e265edd8d3471a629aa34b39cc85f3b.jpg,finger_porites,0,0,0,1.0,1.0,,
GPAB5569_jpg.rf.8e265edd8d3471a629aa34b39cc85f3b.jpg,knob_porites,0,0,0,1.0,1.0,,
GPAB5569_jpg.rf.8e265edd8d3471a629aa34b39cc85f3b.jpg,mounding_,5327,10223,12039,0.19308420022472725,0.32367237817474787,0.342572347266881,0.30674881953241967
GPAB5569_jpg.rf.8e265edd8d3471a629aa34b39cc85f3b.jpg,oddball,0,0,0,1.0,1.0,,
GPAB5569_jpg.rf.8e265edd8d3471a629aa34b39cc85f3b.jpg,pocillopora_,41384,915,4540,0.8835372232541259,0.9381680514151638,0.9783682829381309,0.9011410155909764
GPAB5569_jpg.rf.8e265edd8d3471a629aa34b39cc85f3b.jpg,table_acropora,0,0,0,1.0,1.0,,
GPAB5573_jpg.rf.52eca794ae531745404865e3c713eb5e.jpg,branching_acropora,101933,30480,10259,0.7144569361893013,0.8334498477136608,0.7698111212645284,0.9085585424985738
GPAB5573_jpg.rf.52eca794ae531745404865e3c713eb5e.jpg,finger_acropora,128032,2660,481,0.9760545234156419,0.987882178198723,0.9796468031708139,0.9962571879887638
GPAB5573_jpg.rf.52eca794ae531745404865e3c713eb5e.jpg,finger_porites,0,0,0,1.0,1.0,,
GPAB5573_jpg.rf.52eca794ae531745404865e3c713eb5e.jpg,knob_porites,0,0,0,1.0,1.0,,
GPAB5573_jpg.rf.52eca794ae531745404865e3c713eb5e.jpg,mounding_,0,0,0,1.0,1.0,,
GPAB5573_jpg.rf.52eca794ae531745404865e3c713eb5e.jpg,oddball,0,0,0,1.0,1.0,,
GPAB5573_jpg.rf.52eca794ae531745404865e3c713eb5e.jpg,pocillopora_,20154,646,1086,0.9208626519236042,0.9588011417697431,0.9689423076923077,0.9488700564971752
GPAB5573_jpg.rf.52eca794ae531745404865e3c713eb5e.jpg,table_acropora,0,0,0,1.0,1.0,,
GPAB5585_jpg.rf.05d053942efba9dcd4f589dfea18c2e5.jpg,branching_acropora,0,3404,0,0.0,0.0,0.0,
GPAB5585_jpg.rf.05d053942efba9dcd4f589dfea18c2e5.jpg,finger_acropora,174636,8344,16239,0.8766031352431244,0.9342445600567065,0.9543993879112471,0.9149233791748527
GPAB5585_jpg.rf.05d053942efba9dcd4f589dfea18c2e5.jpg,finger_porites,124380,3911,4227,0.9385894746374077,0.9683220577816877,0.9695146191081214,0.967132426695281
GPAB5585_jpg.rf.05d053942efba9dcd4f589dfea18c2e5.jpg,knob_porites,0,0,0,1.0,1.0,,
GPAB5585_jpg.rf.05d053942efba9dcd4f589dfea18c2e5.jpg,mounding_,0,28433,1233,0.0,0.0,0.0,0.0
GPAB5585_jpg.rf.05d053942efba9dcd4f589dfea18c2e5.jpg,oddball,0,0,0,1.0,1.0,,
GPAB5585_jpg.rf.05d053942efba9dcd4f589dfea18c2e5.jpg,pocillopora_,11760,513,7699,0.5888243540957341,0.7412076137652842,0.9582009288682474,0.6043476026517293
GPAB5585_jpg.rf.05d053942efba9dcd4f589dfea18c2e5.jpg,table_acropora,0,0,0,1.0,1.0,,
GPAB5646_jpg.rf.89c32cce97796de1fa893918a8ad607b.jpg,branching_acropora,70992,3844,812,0.9384517766497462,0.9682487725040917,0.9486343471056711,0.9886914378029079
GPAB5646_jpg.rf.89c32cce97796de1fa893918a8ad607b.jpg,finger_acropora,49755,32332,70902,0.3252194602226304,0.4908160044193663,0.6061252086201225,0.4123672890922201
GPAB5646_jpg.rf.89c32cce97796de1fa893918a8ad607b.jpg,finger_porites,28123,102589,2311,0.21141456740563663,0.349037518771797,0.21515239610747292,0.9240651902477492
GPAB5646_jpg.rf.89c32cce97796de1fa893918a8ad607b.jpg,knob_porites,0,0,0,1.0,1.0,,
GPAB5646_jpg.rf.89c32cce97796de1fa893918a8ad607b.jpg,mounding_,12829,932,34278,0.26705385207851956,0.42153512518893343,0.9322723639270402,0.272337444541151
GPAB5646_jpg.rf.89c32cce97796de1fa893918a8ad607b.jpg,oddball,0,0,7612,0.0,0.0,,0.0
GPAB5646_jpg.rf.89c32cce97796de1fa893918a8ad607b.jpg,pocillopora_,5039,568,13440,0.26455609807318736,0.4184173378726231,0.8986980560014268,0.27268791601277126
GPAB5646_jpg.rf.89c32cce97796de1fa893918a8ad607b.jpg,table_acropora,0,4018,31449,0.0,0.0,0.0,0.0
GPAB5669_jpg.rf.c3ae775301186fb9b1b6950c2f4bc406.jpg,branching_acropora,76915,985,2818,0.9528853539483139,0.9758743410326518,0.9873555840821566,0.964657042880614
GPAB5669_jpg.rf.c3ae775301186fb9b1b6950c2f4bc406.jpg,finger_acropora,15383,4972,29359,0.30942993925252443,0.4726177857658571,0.7557356914762957,0.34381565419516336
GPAB5669_jpg.rf.c3ae775301186fb9b1b6950c2f4bc406.jpg,finger_porites,0,5979,4209,0.0,0.0,0.0,0.0
GPAB5669_jpg.rf.c3ae775301186fb9b1b6950c2f4bc406.jpg,knob_porites,0,1459,0,0.0,0.0,0.0,
GPAB5669_jpg.rf.c3ae775301186fb9b1b6950c2f4bc406.jpg,mounding_,1482,5988,8456,0.09305538113776216,0.17026654411764705,0.19839357429718876,0.14912457234856108
GPAB5669_jpg.rf.c3ae775301186fb9b1b6950c2f4bc406.jpg,oddball,0,0,0,1.0,1.0,,
GPAB5669_jpg.rf.c3ae775301186fb9b1b6950c2f4bc406.jpg,pocillopora_,0,0,11119,0.0,0.0,,0.0
GPAB5669_jpg.rf.c3ae775301186fb9b1b6950c2f4bc406.jpg,table_acropora,0,6341,0,0.0,0.0,0.0,
GPAB5743_jpg.rf.e977816285ab91f398c9cf38144e91de.jpg,branching_acropora,70785,8192,1652,0.8779099331506034,0.9349861967849736,0.8962735986426428,0.9771939754545329
GPAB5743_jpg.rf.e977816285ab91f398c9cf38144e91de.jpg,finger_acropora,25135,680,2588,0.8849417315072351,0.9389592439015279,0.9736587255471625,0.9066479096778848
GPAB5743_jpg.rf.e977816285ab91f398c9cf38144e91de.jpg,finger_porites,0,0,0,1.0,1.0,,
GPAB5743_jpg.rf.e977816285ab91f398c9cf38144e91de.jpg,knob_porites,0,22723,0,0.0,0.0,0.0,
GPAB5743_jpg.rf.e977816285ab91f398c9cf38144e91de.jpg,mounding_,22066,2284,4815,0.7565918052460141,0.8614315551131151,0.9062012320328542,0.8208771995089469
GPAB5743_jpg.rf.e977816285ab91f398c9cf38144e91de.jpg,oddball,0,0,4236,0.0,0.0,,0.0
GPAB5743_jpg.rf.e977816285ab91f398c9cf38144e91de.jpg,pocillopora_,6594,1073,19206,0.2453764001041938,0.3940598201213135,0.8600495630624756,0.2555813953488372
GPAB5743_jpg.rf.e977816285ab91f398c9cf38144e91de.jpg,table_acropora,16475,1316,391,0.9061159388406116,0.9507458810629887,0.9260300151762126,0.9768172655045654
GPAB5767_jpg.rf.5e9dcd3a001722ecbb252bc7810e23dd.jpg,branching_acropora,6785,551,71139,0.0864606562599554,0.1591602158104621,0.9248909487459106,0.0870720188902007
GPAB5767_jpg.rf.5e9dcd3a001722ecbb252bc7810e23dd.jpg,finger_acropora,0,0,26562,0.0,0.0,,0.0
GPAB5767_jpg.rf.5e9dcd3a001722ecbb252bc7810e23dd.jpg,finger_porites,0,20409,0,0.0,0.0,0.0,
GPAB5767_jpg.rf.5e9dcd3a001722ecbb252bc7810e23dd.jpg,knob_porites,0,0,0,1.0,1.0,,
GPAB5767_jpg.rf.5e9dcd3a001722ecbb252bc7810e23dd.jpg,mounding_,5712,100106,19634,0.04553135860727609,0.08709706931780062,0.05397947419153641,0.225361003708672
GPAB5767_jpg.rf.5e9dcd3a001722ecbb252bc7810e23dd.jpg,oddball,0,0,0,1.0,1.0,,
GPAB5767_jpg.rf.5e9dcd3a001722ecbb252bc7810e23dd.jpg,pocillopora_,0,0,14421,0.0,0.0,,0.0
GPAB5767_jpg.rf.5e9dcd3a001722ecbb252bc7810e23dd.jpg,table_acropora,158296,69656,120934,0.45371840658553225,0.624217736433864,0.6944268968905735,0.5669018371951438
GPAB5827_jpg.rf.7cc4d07d38d46d7c26b93ba7539d1662.jpg,branching_acropora,0,0,9693,0.0,0.0,,0.0
GPAB5827_jpg.rf.7cc4d07d38d46d7c26b93ba7539d1662.jpg,finger_acropora,337011,18985,21184,0.8935017763402089,0.9437559420379142,0.9466707491095405,0.9408590292996831
GPAB5827_jpg.rf.7cc4d07d38d46d7c26b93ba7539d1662.jpg,finger_porites,0,0,0,1.0,1.0,,
GPAB5827_jpg.rf.7cc4d07d38d46d7c26b93ba7539d1662.jpg,knob_porites,0,0,0,1.0,1.0,,
GPAB5827_jpg.rf.7cc4d07d38d46d7c26b93ba7539d1662.jpg,mounding_,1725,22095,6007,0.05783350655446408,0.10934330628803246,0.07241813602015114,0.22309881013967925
GPAB5827_jpg.rf.7cc4d07d38d46d7c26b93ba7539d1662.jpg,oddball,0,0,0,1.0,1.0,,
GPAB5827_jpg.rf.7cc4d07d38d46d7c26b93ba7539d1662.jpg,pocillopora_,5096,256,3121,0.6014398678154137,0.7511238853268479,0.9521674140508222,0.6201776804186443
GPAB5827_jpg.rf.7cc4d07d38d46d7c26b93ba7539d1662.jpg,table_acropora,0,5838,21988,0.0,0.0,0.0,0.0
GPAB5892_jpg.rf.546c74522ae889052219499406c99537.jpg,branching_acropora,0,42787,0,0.0,0.0,0.0,
GPAB5892_jpg.rf.546c74522ae889052219499406c99537.jpg,finger_acropora,91835,4047,246105,0.2685335992303801,0.4233764078354717,0.9577918691725246,0.2717494229744925
GPAB5892_jpg.rf.546c74522ae889052219499406c99537.jpg,finger_porites,0,0,0,1.0,1.0,,
GPAB5892_jpg.rf.546c74522ae889052219499406c99537.jpg,knob_porites,0,0,0,1.0,1.0,,
GPAB5892_jpg.rf.546c74522ae889052219499406c99537.jpg,mounding_,0,1308,0,0.0,0.0,0.0,
GPAB5892_jpg.rf.546c74522ae889052219499406c99537.jpg,oddball,0,0,70,0.0,0.0,,0.0
GPAB5892_jpg.rf.546c74522ae889052219499406c99537.jpg,pocillopora_,0,6461,0,0.0,0.0,0.0,
GPAB5892_jpg.rf.546c74522ae889052219499406c99537.jpg,table_acropora,217396,32905,5785,0.848917941628984,0.9182862284099501,0.8685382799109872,0.974079334710392
GPAB5916_jpg.rf.d72c77ea11466eba34b333085f39bc94.jpg,branching_acropora,0,0,0,1.0,1.0,,
GPAB5916_jpg.rf.d72c77ea11466eba34b333085f39bc94.jpg,finger_acropora,287459,130709,65300,0.5945770971398314,0.7457489489925765,0.6874246714239253,0.8148877845781397
GPAB5916_jpg.rf.d72c77ea11466eba34b333085f39bc94.jpg,finger_porites,0,0,0,1.0,1.0,,
GPAB5916_jpg.rf.d72c77ea11466eba34b333085f39bc94.jpg,knob_porites,0,0,0,1.0,1.0,,
GPAB5916_jpg.rf.d72c77ea11466eba34b333085f39bc94.jpg,mounding_,0,4355,0,0.0,0.0,0.0,
GPAB5916_jpg.rf.d72c77ea11466eba34b333085f39bc94.jpg,oddball,0,1258,0,0.0,0.0,0.0,
GPAB5916_jpg.rf.d72c77ea11466eba34b333085f39bc94.jpg,pocillopora_,0,0,0,1.0,1.0,,
GPAB5916_jpg.rf.d72c77ea11466eba34b333085f39bc94.jpg,table_acropora,0,0,0,1.0,1.0,,
GPAB5933_jpg.rf.4c244c05d951f1eeef907e6435a977a1.jpg,branching_acropora,0,0,0,1.0,1.0,,
GPAB5933_jpg.rf.4c244c05d951f1eeef907e6435a977a1.jpg,finger_acropora,346675,58075,51608,0.7596557965456944,0.8634140813640286,0.8565163681284743,0.8704237941363302
GPAB5933_jpg.rf.4c244c05d951f1eeef907e6435a977a1.jpg,finger_porites,0,0,0,1.0,1.0,,
GPAB5933_jpg.rf.4c244c05d951f1eeef907e6435a977a1.jpg,knob_porites,0,0,0,1.0,1.0,,
GPAB5933_jpg.rf.4c244c05d951f1eeef907e6435a977a1.jpg,mounding_,0,1268,0,0.0,0.0,0.0,
GPAB5933_jpg.rf.4c244c05d951f1eeef907e6435a977a1.jpg,oddball,0,0,0,1.0,1.0,,
GPAB5933_jpg.rf.4c244c05d951f1eeef907e6435a977a1.jpg,pocillopora_,2067,3245,31,0.38686131386861317,0.5578947368421052,0.38911897590361444,0.9852240228789323
GPAB5933_jpg.rf.4c244c05d951f1eeef907e6435a977a1.jpg,table_acropora,0,8370,0,0.0,0.0,0.0,
GPAB6017_jpg.rf.2a7ce631b79425a164d63b2137dcb999.jpg,branching_acropora,36733,2990,3147,0.8568462794494985,0.9229049156438828,0.9247287465699973,0.9210882647943831
GPAB6017_jpg.rf.2a7ce631b79425a164d63b2137dcb999.jpg,finger_acropora,96835,4427,78684,0.5381336623209185,0.6997228856026967,0.956281724635105,0.551706652841003
GPAB6017_jpg.rf.2a7ce631b79425a164d63b2137dcb999.jpg,finger_porites,0,0,0,1.0,1.0,,
GPAB6017_jpg.rf.2a7ce631b79425a164d63b2137dcb999.jpg,knob_porites,9916,1923,38,0.8348909657320872,0.9100169779286927,0.8375707407720246,0.9961824392204139
GPAB6017_jpg.rf.2a7ce631b79425a164d63b2137dcb999.jpg,mounding_,3112,17069,15066,0.08829120208812097,0.16225657603170052,0.15420444972994402,0.17119595114974145
GPAB6017_jpg.rf.2a7ce631b79425a164d63b2137dcb999.jpg,oddball,0,2350,16997,0.0,0.0,0.0,0.0
GPAB6017_jpg.rf.2a7ce631b79425a164d63b2137dcb999.jpg,pocillopora_,0,2538,1659,0.0,0.0,0.0,0.0
GPAB6017_jpg.rf.2a7ce631b79425a164d63b2137dcb999.jpg,table_acropora,22504,58884,10990,0.24360778540345104,0.39177590919378147,0.27650267852754706,0.6718815310204813
GPAB6031_jpg.rf.c8c7491ba0185bc1872720abe9f324f0.jpg,branching_acropora,135537,4294,8948,0.9109955033976569,0.9534250622546744,0.9692915018844176,0.9380696958161747
GPAB6031_jpg.rf.c8c7491ba0185bc1872720abe9f324f0.jpg,finger_acropora,117170,1834,56804,0.6664656898434655,0.7998552792359835,0.9845887533192161,0.673491441249842
GPAB6031_jpg.rf.c8c7491ba0185bc1872720abe9f324f0.jpg,finger_porites,0,40754,0,0.0,0.0,0.0,
GPAB6031_jpg.rf.c8c7491ba0185bc1872720abe9f324f0.jpg,knob_porites,0,3088,36800,0.0,0.0,0.0,0.0
GPAB6031_jpg.rf.c8c7491ba0185bc1872720abe9f324f0.jpg,mounding_,580,1388,915,0.20117932708983696,0.3349696794686688,0.29471544715447157,0.3879598662207358
GPAB6031_jpg.rf.c8c7491ba0185bc1872720abe9f324f0.jpg,oddball,0,0,1690,0.0,0.0,,0.0
GPAB6031_jpg.rf.c8c7491ba0185bc1872720abe9f324f0.jpg,pocillopora_,0,0,0,1.0,1.0,,
GPAB6031_jpg.rf.c8c7491ba0185bc1872720abe9f324f0.jpg,table_acropora,24509,32837,2261,0.41117653966815976,0.5827428788815445,0.4273881351794371,0.9155397833395592
GPAB6033_jpg.rf.e583d1e7ca6b0479db2a6ff5d7a2ef5e.jpg,branching_acropora,51625,15672,3584,0.7283334038740988,0.8428158620802246,0.7671218627873456,0.9350830480537593
GPAB6033_jpg.rf.e583d1e7ca6b0479db2a6ff5d7a2ef5e.jpg,finger_acropora,80103,5478,83497,0.4737635884029856,0.6429302394644857,0.9359904651733445,0.4896271393643032
GPAB6033_jpg.rf.e583d1e7ca6b0479db2a6ff5d7a2ef5e.jpg,finger_porites,4478,13204,164,0.25092457693600806,0.40118258376635013,0.2532518945820609,0.964670400689358
GPAB6033_jpg.rf.e583d1e7ca6b0479db2a6ff5d7a2ef5e.jpg,knob_porites,1343,172,11,0.8800786369593709,0.936214708957825,0.8864686468646865,0.9918759231905465
GPAB6033_jpg.rf.e583d1e7ca6b0479db2a6ff5d7a2ef5e.jpg,mounding_,17992,498,10455,0.6215926757643807,0.7666446513411594,0.9730665224445646,0.6324744261257778
GPAB6033_jpg.rf.e583d1e7ca6b0479db2a6ff5d7a2ef5e.jpg,oddball,0,0,10166,0.0,0.0,,0.0
GPAB6033_jpg.rf.e583d1e7ca6b0479db2a6ff5d7a2ef5e.jpg,pocillopora_,0,1175,1260,0.0,0.0,0.0,0.0
GPAB6033_jpg.rf.e583d1e7ca6b0479db2a6ff5d7a2ef5e.jpg,table_acropora,45287,65667,2091,0.4006103763987792,0.5720511330621731,0.40816013843574817,0.9558655916248048
GPAB6112_jpg.rf.275e9e45ae9d2003a909da0c5f0de468.jpg,branching_acropora,237504,2415,32088,0.8731539997132427,0.9322821293357749,0.9899341027596814,0.880975696608208
GPAB6112_jpg.rf.275e9e45ae9d2003a909da0c5f0de468.jpg,finger_acropora,1473,35,4945,0.22826592282659228,0.3716881150643452,0.976790450928382,0.22951075101277657
GPAB6112_jpg.rf.275e9e45ae9d2003a909da0c5f0de468.jpg,finger_porites,0,14085,0,0.0,0.0,0.0,
GPAB6112_jpg.rf.275e9e45ae9d2003a909da0c5f0de468.jpg,knob_porites,0,0,0,1.0,1.0,,
GPAB6112_jpg.rf.275e9e45ae9d2003a909da0c5f0de468.jpg,mounding_,0,74964,10877,0.0,0.0,0.0,0.0
GPAB6112_jpg.rf.275e9e45ae9d2003a909da0c5f0de468.jpg,oddball,0,0,7962,0.0,0.0,,0.0
GPAB6112_jpg.rf.275e9e45ae9d2003a909da0c5f0de468.jpg,pocillopora_,0,0,3388,0.0,0.0,,0.0
GPAB6112_jpg.rf.275e9e45ae9d2003a909da0c5f0de468.jpg,table_acropora,68655,7037,79692,0.4418408587756783,0.6128843638830739,0.9070311261427892,0.4628000566239964
GPAB6151_jpg.rf.c36cadd2306d5b5385f070e07094abae.jpg,branching_acropora,4026,4445,37302,0.08795578179275992,0.1616899937749754,0.47526856333372686,0.0974157955865273
GPAB6151_jpg.rf.c36cadd2306d5b5385f070e07094abae.jpg,finger_acropora,2516,17283,6969,0.09399282725642558,0.1718344488457861,0.12707712510732866,0.2652609383236689
GPAB6151_jpg.rf.c36cadd2306d5b5385f070e07094abae.jpg,finger_porites,0,0,0,1.0,1.0,,
GPAB6151_jpg.rf.c36cadd2306d5b5385f070e07094abae.jpg,knob_porites,1534,521,59,0.7256385998107853,0.8410087719298246,0.7464720194647202,0.9629629629629629
GPAB6151_jpg.rf.c36cadd2306d5b5385f070e07094abae.jpg,mounding_,15846,3983,29534,0.3210096631079959,0.48600653284055884,0.7991325835896919,0.34918466284706917
GPAB6151_jpg.rf.c36cadd2306d5b5385f070e07094abae.jpg,oddball,0,0,3907,0.0,0.0,,0.0
GPAB6151_jpg.rf.c36cadd2306d5b5385f070e07094abae.jpg,pocillopora_,0,0,4393,0.0,0.0,,0.0
GPAB6151_jpg.rf.c36cadd2306d5b5385f070e07094abae.jpg,table_acropora,90826,9454,136544,0.3835168732898693,0.5544086677857469,0.9057239728759473,0.3994634296521089
GPAB6199_jpg.rf.bfde89e764df96e5529e9f0eaca7fc63.jpg,branching_acropora,3728,162,35,0.9498089171974522,0.9742584607343525,0.9583547557840617,0.9906989104437949
GPAB6199_jpg.rf.bfde89e764df96e5529e9f0eaca7fc63.jpg,finger_acropora,45087,1338,10478,0.7923483823348505,0.8841455044612216,0.9711793214862682,0.8114280572302709
GPAB6199_jpg.rf.bfde89e764df96e5529e9f0eaca7fc63.jpg,finger_porites,0,36078,0,0.0,0.0,0.0,
GPAB6199_jpg.rf.bfde89e764df96e5529e9f0eaca7fc63.jpg,knob_porites,0,2630,0,0.0,0.0,0.0,
GPAB6199_jpg.rf.bfde89e764df96e5529e9f0eaca7fc63.jpg,mounding_,3464,128,273,0.896248382923674,0.9452858507299768,0.9643652561247216,0.9269467487289269
GPAB6199_jpg.rf.bfde89e764df96e5529e9f0eaca7fc63.jpg,oddball,0,0,1272,0.0,0.0,,0.0
GPAB6199_jpg.rf.bfde89e764df96e5529e9f0eaca7fc63.jpg,pocillopora_,0,0,0,1.0,1.0,,
GPAB6199_jpg.rf.bfde89e764df96e5529e9f0eaca7fc63.jpg,table_acropora,21386,20279,7796,0.43238106791209235,0.6037235168743913,0.5132845313812553,0.732849016517031
GPAB6203_jpg.rf.51578668f786e422636d911cb62b28bf.jpg,branching_acropora,23729,269,2091,0.9095404193338189,0.9526275643341764,0.9887907325610468,0.9190162664601085
GPAB6203_jpg.rf.51578668f786e422636d911cb62b28bf.jpg,finger_acropora,36451,7043,50355,0.3884005157220642,0.5594934765924789,0.8380696187979951,0.4199133700435454
GPAB6203_jpg.rf.51578668f786e422636d911cb62b28bf.jpg,finger_porites,0,0,0,1.0,1.0,,
GPAB6203_jpg.rf.51578668f786e422636d911cb62b28bf.jpg,knob_porites,0,2600,0,0.0,0.0,0.0,
GPAB6203_jpg.rf.51578668f786e422636d911cb62b28bf.jpg,mounding_,19905,17363,2409,0.5016760339743428,0.6681548118559296,0.5341043254266394,0.892040871201936
GPAB6203_jpg.rf.51578668f786e422636d911cb62b28bf.jpg,oddball,0,0,0,1.0,1.0,,
GPAB6203_jpg.rf.51578668f786e422636d911cb62b28bf.jpg,pocillopora_,0,0,0,1.0,1.0,,
GPAB6203_jpg.rf.51578668f786e422636d911cb62b28bf.jpg,table_acropora,74089,37976,961,0.6555040433174668,0.7919087192368329,0.6611252398161781,0.9871952031978681
GPAB6208_jpg.rf.c473a27a0a8d6f6587dc146ae5eb3014.jpg,branching_acropora,0,0,0,1.0,1.0,,
GPAB6208_jpg.rf.c473a27a0a8d6f6587dc146ae5eb3014.jpg,finger_acropora,10526,89,26431,0.28413323975597904,0.4425292188682418,0.9916156382477626,0.28481749059718053
GPAB6208_jpg.rf.c473a27a0a8d6f6587dc146ae5eb3014.jpg,finger_porites,0,5163,0,0.0,0.0,0.0,
GPAB6208_jpg.rf.c473a27a0a8d6f6587dc146ae5eb3014.jpg,knob_porites,0,0,0,1.0,1.0,,
GPAB6208_jpg.rf.c473a27a0a8d6f6587dc146ae5eb3014.jpg,mounding_,0,6073,784,0.0,0.0,0.0,0.0
GPAB6208_jpg.rf.c473a27a0a8d6f6587dc146ae5eb3014.jpg,oddball,0,0,1336,0.0,0.0,,0.0
GPAB6208_jpg.rf.c473a27a0a8d6f6587dc146ae5eb3014.jpg,pocillopora_,0,0,0,1.0,1.0,,
GPAB6208_jpg.rf.c473a27a0a8d6f6587dc146ae5eb3014.jpg,table_acropora,27520,16611,364,0.6184964602764356,0.7642852183572867,0.6235979243615599,0.986945918806484
GPAB6213_jpg.rf.a18255c26a2019ef53cab4aad446882f.jpg,branching_acropora,20772,391,607,0.9541570969223703,0.9765408302383527,0.9815243585503001,0.9716076523691473
GPAB6213_jpg.rf.a18255c26a2019ef53cab4aad446882f.jpg,finger_acropora,3711,111,8910,0.29147031102733273,0.45137748586024445,0.9709576138147566,0.29403375326836223
GPAB6213_jpg.rf.a18255c26a2019ef53cab4aad446882f.jpg,finger_porites,0,21375,0,0.0,0.0,0.0,
GPAB6213_jpg.rf.a18255c26a2019ef53cab4aad446882f.jpg,knob_porites,0,46543,0,0.0,0.0,0.0,
GPAB6213_jpg.rf.a18255c26a2019ef53cab4aad446882f.jpg,mounding_,5220,6754,2903,0.3508771929824561,0.5194805194805194,0.4359445465174545,0.6426197217776684
GPAB6213_jpg.rf.a18255c26a2019ef53cab4aad446882f.jpg,oddball,0,0,0,1.0,1.0,,
GPAB6213_jpg.rf.a18255c26a2019ef53cab4aad446882f.jpg,pocillopora_,0,0,0,1.0,1.0,,
GPAB6213_jpg.rf.a18255c26a2019ef53cab4aad446882f.jpg,table_acropora,0,0,3613,0.0,0.0,,0.0
GPAB6218_jpg.rf.cbf157f68419fd36fb92aad2909ab5ec.jpg,branching_acropora,0,0,0,1.0,1.0,,
GPAB6218_jpg.rf.cbf157f68419fd36fb92aad2909ab5ec.jpg,finger_acropora,1645,53,7208,0.18470693914215136,0.3118187849492939,0.9687868080094229,0.18581271885236644
GPAB6218_jpg.rf.cbf157f68419fd36fb92aad2909ab5ec.jpg,finger_porites,67687,11244,46495,0.5396568494570504,0.7010092536494177,0.8575464646336673,0.5927992152878737
GPAB6218_jpg.rf.cbf157f68419fd36fb92aad2909ab5ec.jpg,knob_porites,0,0,0,1.0,1.0,,
GPAB6218_jpg.rf.cbf157f68419fd36fb92aad2909ab5ec.jpg,mounding_,0,0,9130,0.0,0.0,,0.0
GPAB6218_jpg.rf.cbf157f68419fd36fb92aad2909ab5ec.jpg,oddball,0,0,2975,0.0,0.0,,0.0
GPAB6218_jpg.rf.cbf157f68419fd36fb92aad2909ab5ec.jpg,pocillopora_,0,0,0,1.0,1.0,,
GPAB6218_jpg.rf.cbf157f68419fd36fb92aad2909ab5ec.jpg,table_acropora,3803,18180,7863,0.12742075990082424,0.22603940681743886,0.17299731610790156,0.3259900565746614
GPAB6220_jpg.rf.3bc13f3d7e06c9294ec7edc12332c5da.jpg,branching_acropora,0,0,0,1.0,1.0,,
GPAB6220_jpg.rf.3bc13f3d7e06c9294ec7edc12332c5da.jpg,finger_acropora,0,0,9572,0.0,0.0,,0.0
GPAB6220_jpg.rf.3bc13f3d7e06c9294ec7edc12332c5da.jpg,finger_porites,0,0,0,1.0,1.0,,
GPAB6220_jpg.rf.3bc13f3d7e06c9294ec7edc12332c5da.jpg,knob_porites,0,0,0,1.0,1.0,,
GPAB6220_jpg.rf.3bc13f3d7e06c9294ec7edc12332c5da.jpg,mounding_,0,241219,0,0.0,0.0,0.0,
GPAB6220_jpg.rf.3bc13f3d7e06c9294ec7edc12332c5da.jpg,oddball,0,0,0,1.0,1.0,,
GPAB6220_jpg.rf.3bc13f3d7e06c9294ec7edc12332c5da.jpg,pocillopora_,0,0,0,1.0,1.0,,
GPAB6220_jpg.rf.3bc13f3d7e06c9294ec7edc12332c5da.jpg,table_acropora,0,1042,126067,0.0,0.0,0.0,0.0
GPAB6227_jpg.rf.571570ca77f0db566886fcf2519c6b6b.jpg,branching_acropora,0,0,638,0.0,0.0,,0.0
GPAB6227_jpg.rf.571570ca77f0db566886fcf2519c6b6b.jpg,finger_acropora,1359,87,17883,0.07030886233121217,0.13138051044083526,0.9398340248962656,0.0706267539756782
GPAB6227_jpg.rf.571570ca77f0db566886fcf2519c6b6b.jpg,finger_porites,10030,78,15832,0.3866615265998458,0.5576869613566862,0.9922833399287693,0.387827700873869
GPAB6227_jpg.rf.571570ca77f0db566886fcf2519c6b6b.jpg,knob_porites,0,15336,0,0.0,0.0,0.0,
GPAB6227_jpg.rf.571570ca77f0db566886fcf2519c6b6b.jpg,mounding_,0,0,7910,0.0,0.0,,0.0
GPAB6227_jpg.rf.571570ca77f0db566886fcf2519c6b6b.jpg,oddball,0,0,0,1.0,1.0,,
GPAB6227_jpg.rf.571570ca77f0db566886fcf2519c6b6b.jpg,pocillopora_,0,0,0,1.0,1.0,,
GPAB6227_jpg.rf.571570ca77f0db566886fcf2519c6b6b.jpg,table_acropora,0,21755,0,0.0,0.0,0.0,
GPAB6236_jpg.rf.46b13879c47d4fdd782cf071312ef0fe.jpg,branching_acropora,0,0,28020,0.0,0.0,,0.0
GPAB6236_jpg.rf.46b13879c47d4fdd782cf071312ef0fe.jpg,finger_acropora,3015,190,3575,0.4446902654867257,0.6156202143950995,0.9407176287051482,0.4575113808801214
GPAB6236_jpg.rf.46b13879c47d4fdd782cf071312ef0fe.jpg,finger_porites,0,0,0,1.0,1.0,,
GPAB6236_jpg.rf.46b13879c47d4fdd782cf071312ef0fe.jpg,knob_porites,0,0,0,1.0,1.0,,
GPAB6236_jpg.rf.46b13879c47d4fdd782cf071312ef0fe.jpg,mounding_,0,0,0,1.0,1.0,,
GPAB6236_jpg.rf.46b13879c47d4fdd782cf071312ef0fe.jpg,oddball,0,0,0,1.0,1.0,,
GPAB6236_jpg.rf.46b13879c47d4fdd782cf071312ef0fe.jpg,pocillopora_,0,0,0,1.0,1.0,,
GPAB6236_jpg.rf.46b13879c47d4fdd782cf071312ef0fe.jpg,table_acropora,2815,4643,255,0.3649682354466485,0.5347644376899696,0.37744703673907215,0.9169381107491856
GPAB6245_jpg.rf.47051ee1d535ca875a821dca928db358.jpg,branching_acropora,0,0,0,1.0,1.0,,
GPAB6245_jpg.rf.47051ee1d535ca875a821dca928db358.jpg,finger_acropora,21415,5028,34202,0.35312062000164895,0.5219351693882525,0.8098551601558068,0.3850441411798551
GPAB6245_jpg.rf.47051ee1d535ca875a821dca928db358.jpg,finger_porites,0,0,0,1.0,1.0,,
GPAB6245_jpg.rf.47051ee1d535ca875a821dca928db358.jpg,knob_porites,0,7668,0,0.0,0.0,0.0,
GPAB6245_jpg.rf.47051ee1d535ca875a821dca928db358.jpg,mounding_,0,1107,0,0.0,0.0,0.0,
GPAB6245_jpg.rf.47051ee1d535ca875a821dca928db358.jpg,oddball,0,0,7273,0.0,0.0,,0.0
GPAB6245_jpg.rf.47051ee1d535ca875a821dca928db358.jpg,pocillopora_,0,0,0,1.0,1.0,,
GPAB6245_jpg.rf.47051ee1d535ca875a821dca928db358.jpg,table_acropora,31703,25125,11465,0.4642203446912568,0.6340853634145366,0.55787639895826,0.734409747961453
GPAB6251_jpg.rf.d7a423a98ef5280e1fa58def52ffcf9b.jpg,branching_acropora,10780,121,43220,0.19918331146874596,0.3321982712130784,0.9889001009081736,0.19962962962962963
GPAB6251_jpg.rf.d7a423a98ef5280e1fa58def52ffcf9b.jpg,finger_acropora,21210,721,34403,0.37650442006603474,0.5470442587434231,0.967124162144909,0.3813856472407531
GPAB6251_jpg.rf.d7a423a98ef5280e1fa58def52ffcf9b.jpg,finger_porites,0,2014,0,0.0,0.0,0.0,
GPAB6251_jpg.rf.d7a423a98ef5280e1fa58def52ffcf9b.jpg,knob_porites,0,0,0,1.0,1.0,,
GPAB6251_jpg.rf.d7a423a98ef5280e1fa58def52ffcf9b.jpg,mounding_,6325,2997,5970,0.4136149620716715,0.5851875838460471,0.6785024672816992,0.5144367629117528
GPAB6251_jpg.rf.d7a423a98ef5280e1fa58def52ffcf9b.jpg,oddball,0,1306,6939,0.0,0.0,0.0,0.0
GPAB6251_jpg.rf.d7a423a98ef5280e1fa58def52ffcf9b.jpg,pocillopora_,0,0,0,1.0,1.0,,
GPAB6251_jpg.rf.d7a423a98ef5280e1fa58def52ffcf9b.jpg,table_acropora,3968,27927,2529,0.11526841738322101,0.20670973119399874,0.12440821445367613,0.6107434200400185
GPAB6286_jpg.rf.b9de6c3dd697e300894bf557002032ac.jpg,branching_acropora,6114,5827,834,0.47859099804305283,0.6473608978770713,0.5120174189766351,0.8799654576856649
GPAB6286_jpg.rf.b9de6c3dd697e300894bf557002032ac.jpg,finger_acropora,33222,6719,28601,0.4846955151585889,0.6529224480169805,0.8317768708845548,0.5373728224123708
GPAB6286_jpg.rf.b9de6c3dd697e300894bf557002032ac.jpg,finger_porites,19214,63436,7230,0.21377392078326657,0.35224668634388695,0.23247428917120389,0.7265920435637574
GPAB6286_jpg.rf.b9de6c3dd697e300894bf557002032ac.jpg,knob_porites,0,18384,10137,0.0,0.0,0.0,0.0
GPAB6286_jpg.rf.b9de6c3dd697e300894bf557002032ac.jpg,mounding_,0,0,0,1.0,1.0,,
GPAB6286_jpg.rf.b9de6c3dd697e300894bf557002032ac.jpg,oddball,0,0,12736,0.0,0.0,,0.0
GPAB6286_jpg.rf.b9de6c3dd697e300894bf557002032ac.jpg,pocillopora_,0,0,0,1.0,1.0,,
GPAB6286_jpg.rf.b9de6c3dd697e300894bf557002032ac.jpg,table_acropora,2094,7116,52879,0.033725780734107494,0.06525092314164187,0.2273615635179153,0.03809142670038019
GPAB6318_jpg.rf.d15aea90cad5a842336ad5d3bce3c7bf.jpg,branching_acropora,17426,17957,2969,0.4543700458906967,0.6248341640073147,0.49249639657462624,0.854425104192204
GPAB6318_jpg.rf.d15aea90cad5a842336ad5d3bce3c7bf.jpg,finger_acropora,238093,10151,13617,0.9092342884201924,0.9524596262856183,0.9591087800712202,0.9459020301140201
GPAB6318_jpg.rf.d15aea90cad5a842336ad5d3bce3c7bf.jpg,finger_porites,0,0,0,1.0,1.0,,
GPAB6318_jpg.rf.d15aea90cad5a842336ad5d3bce3c7bf.jpg,knob_porites,0,0,0,1.0,1.0,,
GPAB6318_jpg.rf.d15aea90cad5a842336ad5d3bce3c7bf.jpg,mounding_,0,0,0,1.0,1.0,,
GPAB6318_jpg.rf.d15aea90cad5a842336ad5d3bce3c7bf.jpg,oddball,0,0,0,1.0,1.0,,
GPAB6318_jpg.rf.d15aea90cad5a842336ad5d3bce3c7bf.jpg,pocillopora_,30436,9439,9936,0.6110296922366546,0.7585579523222052,0.7632852664576802,0.7538888338452393
GPAB6318_jpg.rf.d15aea90cad5a842336ad5d3bce3c7bf.jpg,table_acropora,32270,164,769,0.97190012950637,0.9857498510836528,0.9949435777270765,0.9767244771330852
GPAB6343_jpg.rf.0d5a7465def88e0de6cf8a58d5eb8cfa.jpg,branching_acropora,0,0,177,0.0,0.0,,0.0
GPAB6343_jpg.rf.0d5a7465def88e0de6cf8a58d5eb8cfa.jpg,finger_acropora,260568,24187,86119,0.7025782341172474,0.825310954925393,0.9150603150076382,0.7515943776374655
GPAB6343_jpg.rf.0d5a7465def88e0de6cf8a58d5eb8cfa.jpg,finger_porites,0,0,0,1.0,1.0,,
GPAB6343_jpg.rf.0d5a7465def88e0de6cf8a58d5eb8cfa.jpg,knob_porites,0,0,10966,0.0,0.0,,0.0
GPAB6343_jpg.rf.0d5a7465def88e0de6cf8a58d5eb8cfa.jpg,mounding_,4343,10077,4772,0.22629220508545228,0.369067346505205,0.30117891816920944,0.4764673614920461
GPAB6343_jpg.rf.0d5a7465def88e0de6cf8a58d5eb8cfa.jpg,oddball,0,1541,0,0.0,0.0,0.0,
GPAB6343_jpg.rf.0d5a7465def88e0de6cf8a58d5eb8cfa.jpg,pocillopora_,13740,15016,2871,0.43443892876339835,0.6057266294883946,0.47781332591459175,0.8271627234964782
GPAB6343_jpg.rf.0d5a7465def88e0de6cf8a58d5eb8cfa.jpg,table_acropora,0,24788,8721,0.0,0.0,0.0,0.0
GPAB6357_jpg.rf.f77decaa064ed06ac4ae7dc5f14b7c03.jpg,branching_acropora,0,0,0,1.0,1.0,,
GPAB6357_jpg.rf.f77decaa064ed06ac4ae7dc5f14b7c03.jpg,finger_acropora,1163,1826,3,0.38870320855614976,0.5598074608904934,0.38909334225493475,0.9974271012006861
GPAB6357_jpg.rf.f77decaa064ed06ac4ae7dc5f14b7c03.jpg,finger_porites,12776,98252,79312,0.06712199222444047,0.12580003544772445,0.1150700724141658,0.13873686039440536
GPAB6357_jpg.rf.f77decaa064ed06ac4ae7dc5f14b7c03.jpg,knob_porites,27196,3203,133763,0.16566562298217613,0.2842421011925292,0.8946346919306556,0.16896228232034244
GPAB6357_jpg.rf.f77decaa064ed06ac4ae7dc5f14b7c03.jpg,mounding_,7231,152,2119,0.7609976846979584,0.8642801649435248,0.9794121630773398,0.7733689839572192
GPAB6357_jpg.rf.f77decaa064ed06ac4ae7dc5f14b7c03.jpg,oddball,0,0,3502,0.0,0.0,,0.0
GPAB6357_jpg.rf.f77decaa064ed06ac4ae7dc5f14b7c03.jpg,pocillopora_,0,0,0,1.0,1.0,,
GPAB6357_jpg.rf.f77decaa064ed06ac4ae7dc5f14b7c03.jpg,table_acropora,2925,0,4191,0.41104553119730186,0.5826112936958471,1.0,0.41104553119730186
GPAB6362_jpg.rf.409a2850d857b0bd69c899eb31575f58.jpg,branching_acropora,5792,241,4100,0.5715977499259844,0.7274097331240188,0.9600530416045086,0.5855236554791751
GPAB6362_jpg.rf.409a2850d857b0bd69c899eb31575f58.jpg,finger_acropora,1864,4,2513,0.42547363615612876,0.5969575660528422,0.9978586723768736,0.42586246287411467
GPAB6362_jpg.rf.409a2850d857b0bd69c899eb31575f58.jpg,finger_porites,0,21015,0,0.0,0.0,0.0,
GPAB6362_jpg.rf.409a2850d857b0bd69c899eb31575f58.jpg,knob_porites,3265,129,42631,0.07093970668115154,0.13248123351592614,0.9619917501473187,0.07113909708907094
GPAB6362_jpg.rf.409a2850d857b0bd69c899eb31575f58.jpg,mounding_,0,2180,0,0.0,0.0,0.0,
GPAB6362_jpg.rf.409a2850d857b0bd69c899eb31575f58.jpg,oddball,0,0,0,1.0,1.0,,
GPAB6362_jpg.rf.409a2850d857b0bd69c899eb31575f58.jpg,pocillopora_,0,0,0,1.0,1.0,,
GPAB6362_jpg.rf.409a2850d857b0bd69c899eb31575f58.jpg,table_acropora,0,2716,0,0.0,0.0,0.0,
GPAB6368_jpg.rf.4ccdaea8dd51721346f6943ef0c1a15f.jpg,branching_acropora,4833,385,120,0.9053952791307606,0.9503490315603186,0.9262169413568417,0.9757722592368262
GPAB6368_jpg.rf.4ccdaea8dd51721346f6943ef0c1a15f.jpg,finger_acropora,1251,3315,1760,0.19775529560543786,0.330209845585324,0.2739816031537451,0.41547658585187647
GPAB6368_jpg.rf.4ccdaea8dd51721346f6943ef0c1a15f.jpg,finger_porites,0,25395,0,0.0,0.0,0.0,
GPAB6368_jpg.rf.4ccdaea8dd51721346f6943ef0c1a15f.jpg,knob_porites,11686,407,36078,0.24259409188100725,0.39046393905474713,0.9663441660464732,0.24466125115149484
GPAB6368_jpg.rf.4ccdaea8dd51721346f6943ef0c1a15f.jpg,mounding_,0,0,5746,0.0,0.0,,0.0
GPAB6368_jpg.rf.4ccdaea8dd51721346f6943ef0c1a15f.jpg,oddball,0,0,3162,0.0,0.0,,0.0
GPAB6368_jpg.rf.4ccdaea8dd51721346f6943ef0c1a15f.jpg,pocillopora_,0,0,0,1.0,1.0,,
GPAB6368_jpg.rf.4ccdaea8dd51721346f6943ef0c1a15f.jpg,table_acropora,0,0,0,1.0,1.0,,
GPAB6415_jpg.rf.6edab159b05aadee5406742ad5b6bae4.jpg,branching_acropora,50535,8721,11900,0.7102001236719321,0.8305462195232186,0.8528250303766707,0.8094017778489629
GPAB6415_jpg.rf.6edab159b05aadee5406742ad5b6bae4.jpg,finger_acropora,210762,4310,40290,0.8253459794331185,0.9043173061245505,0.979960199375093,0.839515319535395
GPAB6415_jpg.rf.6edab159b05aadee5406742ad5b6bae4.jpg,finger_porites,0,0,0,1.0,1.0,,
GPAB6415_jpg.rf.6edab159b05aadee5406742ad5b6bae4.jpg,knob_porites,0,0,0,1.0,1.0,,
GPAB6415_jpg.rf.6edab159b05aadee5406742ad5b6bae4.jpg,mounding_,0,0,0,1.0,1.0,,
GPAB6415_jpg.rf.6edab159b05aadee5406742ad5b6bae4.jpg,oddball,11001,103,2191,0.8274539300488906,0.9055811656239711,0.9907240634005764,0.8339144936325046
GPAB6415_jpg.rf.6edab159b05aadee5406742ad5b6bae4.jpg,pocillopora_,0,26831,833,0.0,0.0,0.0,0.0
GPAB6415_jpg.rf.6edab159b05aadee5406742ad5b6bae4.jpg,table_acropora,9888,7449,341,0.5593392917750877,0.7174054995284046,0.5703408894272366,0.9666634079577672
GPAB6420_jpg.rf.b77275a4c2d4ceebbfe562a217560760.jpg,branching_acropora,106094,20338,173321,0.3539380756823118,0.5228275680244033,0.8391388256137686,0.37970044557378807
GPAB6420_jpg.rf.b77275a4c2d4ceebbfe562a217560760.jpg,finger_acropora,143950,7531,9621,0.8935332894687837,0.9437735205800978,0.9502841940573405,0.9373514530738225
GPAB6420_jpg.rf.b77275a4c2d4ceebbfe562a217560760.jpg,finger_porites,0,0,0,1.0,1.0,,
GPAB6420_jpg.rf.b77275a4c2d4ceebbfe562a217560760.jpg,knob_porites,0,0,0,1.0,1.0,,
GPAB6420_jpg.rf.b77275a4c2d4ceebbfe562a217560760.jpg,mounding_,0,5986,0,0.0,0.0,0.0,
GPAB6420_jpg.rf.b77275a4c2d4ceebbfe562a217560760.jpg,oddball,0,3310,0,0.0,0.0,0.0,
GPAB6420_jpg.rf.b77275a4c2d4ceebbfe562a217560760.jpg,pocillopora_,17295,5931,522,0.7282718544719555,0.8427746509758058,0.7446396280031,0.9707021384071393
GPAB6420_jpg.rf.b77275a4c2d4ceebbfe562a217560760.jpg,table_acropora,0,1476,0,0.0,0.0,0.0,
GPAB6428_jpg.rf.b16d2b18243733f492c9084c55db4346.jpg,branching_acropora,5111,3978,6193,0.33444575317366837,0.5012504290687981,0.5623280888986687,0.45214083510261854
GPAB6428_jpg.rf.b16d2b18243733f492c9084c55db4346.jpg,finger_acropora,205340,10675,20345,0.8687595193772212,0.9297713380122254,0.9505821354998496,0.9098522276624499
GPAB6428_jpg.rf.b16d2b18243733f492c9084c55db4346.jpg,finger_porites,0,0,0,1.0,1.0,,
GPAB6428_jpg.rf.b16d2b18243733f492c9084c55db4346.jpg,knob_porites,0,6473,3271,0.0,0.0,0.0,0.0
GPAB6428_jpg.rf.b16d2b18243733f492c9084c55db4346.jpg,mounding_,0,0,1287,0.0,0.0,,0.0
GPAB6428_jpg.rf.b16d2b18243733f492c9084c55db4346.jpg,oddball,0,2800,2116,0.0,0.0,0.0,0.0
GPAB6428_jpg.rf.b16d2b18243733f492c9084c55db4346.jpg,pocillopora_,1243,61,105,0.8821859474804826,0.9374057315233786,0.9532208588957055,0.922106824925816
GPAB6428_jpg.rf.b16d2b18243733f492c9084c55db4346.jpg,table_acropora,125882,13290,1514,0.8947727563510228,0.9444644518471834,0.9045066536372259,0.9881157964143301
GPAB6469_jpg.rf.804de9a3f3b0bcff6cafd0268423db33.jpg,branching_acropora,0,0,101353,0.0,0.0,,0.0
GPAB6469_jpg.rf.804de9a3f3b0bcff6cafd0268423db33.jpg,finger_acropora,0,0,2147,0.0,0.0,,0.0
GPAB6469_jpg.rf.804de9a3f3b0bcff6cafd0268423db33.jpg,finger_porites,0,128589,0,0.0,0.0,0.0,
GPAB6469_jpg.rf.804de9a3f3b0bcff6cafd0268423db33.jpg,knob_porites,0,0,3036,0.0,0.0,,0.0
GPAB6469_jpg.rf.804de9a3f3b0bcff6cafd0268423db33.jpg,mounding_,2373,147,1363,0.6111254184908576,0.7586317135549873,0.9416666666666667,0.6351713062098501
GPAB6469_jpg.rf.804de9a3f3b0bcff6cafd0268423db33.jpg,oddball,0,0,0,1.0,1.0,,
GPAB6469_jpg.rf.804de9a3f3b0bcff6cafd0268423db33.jpg,pocillopora_,0,0,0,1.0,1.0,,
GPAB6469_jpg.rf.804de9a3f3b0bcff6cafd0268423db33.jpg,table_acropora,29845,5669,1907,0.7975468319927314,0.8873725210358874,0.840372810722532,0.9399407911312673
GPAB6581_jpg.rf.0e33f8c4bc7b403d776dbb15f4bb9251.jpg,branching_acropora,0,0,0,1.0,1.0,,
GPAB6581_jpg.rf.0e33f8c4bc7b403d776dbb15f4bb9251.jpg,finger_acropora,321226,13683,8005,0.9367538216579084,0.967344234649321,0.9591441257177323,0.9756857647062397
GPAB6581_jpg.rf.0e33f8c4bc7b403d776dbb15f4bb9251.jpg,finger_porites,0,0,0,1.0,1.0,,
GPAB6581_jpg.rf.0e33f8c4bc7b403d776dbb15f4bb9251.jpg,knob_porites,0,0,0,1.0,1.0,,
GPAB6581_jpg.rf.0e33f8c4bc7b403d776dbb15f4bb9251.jpg,mounding_,0,0,0,1.0,1.0,,
GPAB6581_jpg.rf.0e33f8c4bc7b403d776dbb15f4bb9251.jpg,oddball,0,1340,1361,0.0,0.0,0.0,0.0
GPAB6581_jpg.rf.0e33f8c4bc7b403d776dbb15f4bb9251.jpg,pocillopora_,32080,2147,380,0.9269800907330887,0.9621065574999625,0.9372717445291728,0.9882932840418978
GPAB6581_jpg.rf.0e33f8c4bc7b403d776dbb15f4bb9251.jpg,table_acropora,0,0,0,1.0,1.0,,
GPAB6582_jpg.rf.a166616a1043774d17060f56687c0471.jpg,branching_acropora,189268,1784,53157,0.7750246714904037,0.8732550977329824,0.9906622280845006,0.7807280602248118
GPAB6582_jpg.rf.a166616a1043774d17060f56687c0471.jpg,finger_acropora,68574,3251,480,0.9483991425212641,0.9735162799281653,0.9547372084928646,0.9930489182379008
GPAB6582_jpg.rf.a166616a1043774d17060f56687c0471.jpg,finger_porites,0,0,0,1.0,1.0,,
GPAB6582_jpg.rf.a166616a1043774d17060f56687c0471.jpg,knob_porites,0,0,0,1.0,1.0,,
GPAB6582_jpg.rf.a166616a1043774d17060f56687c0471.jpg,mounding_,0,0,0,1.0,1.0,,
GPAB6582_jpg.rf.a166616a1043774d17060f56687c0471.jpg,oddball,0,0,0,1.0,1.0,,
GPAB6582_jpg.rf.a166616a1043774d17060f56687c0471.jpg,pocillopora_,15171,1235,4909,0.7117522871217452,0.8316066436441375,0.9247226624405706,0.7555278884462151
GPAB6582_jpg.rf.a166616a1043774d17060f56687c0471.jpg,table_acropora,0,0,0,1.0,1.0,,
GPAB6583_jpg.rf.226622e1572d169e84459d33d4b242e9.jpg,branching_acropora,22015,5297,2403,0.7408716136631331,0.851150202976996,0.8060559461042766,0.9015889917274142
GPAB6583_jpg.rf.226622e1572d169e84459d33d4b242e9.jpg,finger_acropora,11145,2949,4752,0.5913721744667303,0.7432229668900671,0.7907620263942103,0.7010756746555954
GPAB6583_jpg.rf.226622e1572d169e84459d33d4b242e9.jpg,finger_porites,13401,3008,5089,0.6233603125872175,0.7679876214218172,0.8166859650191968,0.7247701460248783
GPAB6583_jpg.rf.226622e1572d169e84459d33d4b242e9.jpg,knob_porites,0,0,0,1.0,1.0,,
GPAB6583_jpg.rf.226622e1572d169e84459d33d4b242e9.jpg,mounding_,0,0,13723,0.0,0.0,,0.0
GPAB6583_jpg.rf.226622e1572d169e84459d33d4b242e9.jpg,oddball,0,0,0,1.0,1.0,,
GPAB6583_jpg.rf.226622e1572d169e84459d33d4b242e9.jpg,pocillopora_,26082,1747,5655,0.7789391948393263,0.8757344794010006,0.9372237593876891,0.8218168068815578
GPAB6583_jpg.rf.226622e1572d169e84459d33d4b242e9.jpg,table_acropora,63904,9719,1219,0.8538521151225248,0.9211652948553471,0.8679896228080899,0.9812815748660227
GPAB6584_jpg.rf.bf60090261c1ac131e8b94b020257a0e.jpg,branching_acropora,0,0,0,1.0,1.0,,
GPAB6584_jpg.rf.bf60090261c1ac131e8b94b020257a0e.jpg,finger_acropora,271429,13070,31465,0.8590503981466243,0.9241819361143221,0.9540595924765992,0.8961187742246463
GPAB6584_jpg.rf.bf60090261c1ac131e8b94b020257a0e.jpg,finger_porites,0,0,0,1.0,1.0,,
GPAB6584_jpg.rf.bf60090261c1ac131e8b94b020257a0e.jpg,knob_porites,0,0,0,1.0,1.0,,
GPAB6584_jpg.rf.bf60090261c1ac131e8b94b020257a0e.jpg,mounding_,13594,3781,4413,0.6239214246374151,0.7684133175060766,0.7823884892086331,0.7549286388626645
GPAB6584_jpg.rf.bf60090261c1ac131e8b94b020257a0e.jpg,oddball,0,0,0,1.0,1.0,,
GPAB6584_jpg.rf.bf60090261c1ac131e8b94b020257a0e.jpg,pocillopora_,2545,78,9489,0.2101221928665786,0.34727433990584705,0.9702630575676706,0.2114841283031411
GPAB6584_jpg.rf.bf60090261c1ac131e8b94b020257a0e.jpg,table_acropora,0,31590,4810,0.0,0.0,0.0,0.0
GPAB6596_jpg.rf.2ff0ce0a9390ffcde484219f10b26580.jpg,branching_acropora,54997,12706,9037,0.7166666666666667,0.8349514563106796,0.8123273710175325,0.8588718493300435
GPAB6596_jpg.rf.2ff0ce0a9390ffcde484219f10b26580.jpg,finger_acropora,31749,1725,35229,0.4621195580978997,0.6321228049217537,0.9484674672880444,0.4740213204335752
GPAB6596_jpg.rf.2ff0ce0a9390ffcde484219f10b26580.jpg,finger_porites,0,14034,0,0.0,0.0,0.0,
GPAB6596_jpg.rf.2ff0ce0a9390ffcde484219f10b26580.jpg,knob_porites,0,5598,0,0.0,0.0,0.0,
GPAB6596_jpg.rf.2ff0ce0a9390ffcde484219f10b26580.jpg,mounding_,3566,661,15783,0.17821089455272363,0.3025110281642348,0.8436243198485924,0.18429893017727014
GPAB6596_jpg.rf.2ff0ce0a9390ffcde484219f10b26580.jpg,oddball,0,0,558,0.0,0.0,,0.0
GPAB6596_jpg.rf.2ff0ce0a9390ffcde484219f10b26580.jpg,pocillopora_,0,3268,4751,0.0,0.0,0.0,0.0
GPAB6596_jpg.rf.2ff0ce0a9390ffcde484219f10b26580.jpg,table_acropora,37907,19570,1760,0.6399209953238685,0.7804290537758379,0.6595159803051656,0.9556306249527315
GPAB6643_jpg.rf.d790114b6394a3a5aa132aa793ce2dbc.jpg,branching_acropora,0,0,1651,0.0,0.0,,0.0
GPAB6643_jpg.rf.d790114b6394a3a5aa132aa793ce2dbc.jpg,finger_acropora,240271,4929,1301,0.9747262688589499,0.9872014002448785,0.9798980424143556,0.994614442071101
GPAB6643_jpg.rf.d790114b6394a3a5aa132aa793ce2dbc.jpg,finger_porites,0,0,0,1.0,1.0,,
GPAB6643_jpg.rf.d790114b6394a3a5aa132aa793ce2dbc.jpg,knob_porites,0,0,0,1.0,1.0,,
GPAB6643_jpg.rf.d790114b6394a3a5aa132aa793ce2dbc.jpg,mounding_,8672,5560,33163,0.18297288743538348,0.30934417750191734,0.6093310848791456,0.20729054619337875
GPAB6643_jpg.rf.d790114b6394a3a5aa132aa793ce2dbc.jpg,oddball,0,1452,0,0.0,0.0,0.0,
GPAB6643_jpg.rf.d790114b6394a3a5aa132aa793ce2dbc.jpg,pocillopora_,9895,14746,3255,0.3547103527387439,0.5236696567965918,0.40156649486627977,0.7524714828897339
GPAB6643_jpg.rf.d790114b6394a3a5aa132aa793ce2dbc.jpg,table_acropora,0,0,0,1.0,1.0,,
GPAB6646_jpg.rf.49fc6a67b97d38d25bea008e6f33d9f7.jpg,branching_acropora,0,3527,0,0.0,0.0,0.0,
GPAB6646_jpg.rf.49fc6a67b97d38d25bea008e6f33d9f7.jpg,finger_acropora,239447,8920,32453,0.852670749946585,0.9204773702733404,0.9640854058711503,0.8806436189775653
GPAB6646_jpg.rf.49fc6a67b97d38d25bea008e6f33d9f7.jpg,finger_porites,0,0,0,1.0,1.0,,
GPAB6646_jpg.rf.49fc6a67b97d38d25bea008e6f33d9f7.jpg,knob_porites,0,0,0,1.0,1.0,,
GPAB6646_jpg.rf.49fc6a67b97d38d25bea008e6f33d9f7.jpg,mounding_,5854,6340,13506,0.22778210116731518,0.3710464600367624,0.48007216663933083,0.3023760330578512
GPAB6646_jpg.rf.49fc6a67b97d38d25bea008e6f33d9f7.jpg,oddball,0,1256,0,0.0,0.0,0.0,
GPAB6646_jpg.rf.49fc6a67b97d38d25bea008e6f33d9f7.jpg,pocillopora_,27595,8143,865,0.7538999535557195,0.8596841023084831,0.7721472941966534,0.9696064652143359
GPAB6646_jpg.rf.49fc6a67b97d38d25bea008e6f33d9f7.jpg,table_acropora,0,6220,0,0.0,0.0,0.0,
GPAB6647_jpg.rf.ed1c984301bcc115058546f7d8048b07.jpg,branching_acropora,17800,6205,2972,0.6598213292804982,0.7950510306630636,0.7415121849614663,0.8569227806662816
GPAB6647_jpg.rf.ed1c984301bcc115058546f7d8048b07.jpg,finger_acropora,117869,3756,21855,0.8215012545302481,0.9020045992140777,0.9691181911613567,0.8435844951475766
GPAB6647_jpg.rf.ed1c984301bcc115058546f7d8048b07.jpg,finger_porites,0,0,0,1.0,1.0,,
GPAB6647_jpg.rf.ed1c984301bcc115058546f7d8048b07.jpg,knob_porites,0,0,0,1.0,1.0,,
GPAB6647_jpg.rf.ed1c984301bcc115058546f7d8048b07.jpg,mounding_,1525,20,926,0.6171590449210845,0.7632632632632632,0.9870550161812298,0.6221950224398205
GPAB6647_jpg.rf.ed1c984301bcc115058546f7d8048b07.jpg,oddball,0,0,0,1.0,1.0,,
GPAB6647_jpg.rf.ed1c984301bcc115058546f7d8048b07.jpg,pocillopora_,16193,123,2162,0.8763394306743154,0.9340947766144616,0.9924613875949988,0.8822119313538546
GPAB6647_jpg.rf.ed1c984301bcc115058546f7d8048b07.jpg,table_acropora,0,0,0,1.0,1.0,,
GPAB6648_jpg.rf.c56ce6da35aa5d7bf1816fcefeee13f5.jpg,branching_acropora,0,17211,0,0.0,0.0,0.0,
GPAB6648_jpg.rf.c56ce6da35aa5d7bf1816fcefeee13f5.jpg,finger_acropora,156403,13723,1190,0.9129503373882183,0.9544945517348704,0.9193362566568308,0.9924489031873243
GPAB6648_jpg.rf.c56ce6da35aa5d7bf1816fcefeee13f5.jpg,finger_porites,0,0,0,1.0,1.0,,
GPAB6648_jpg.rf.c56ce6da35aa5d7bf1816fcefeee13f5.jpg,knob_porites,0,0,0,1.0,1.0,,
GPAB6648_jpg.rf.c56ce6da35aa5d7bf1816fcefeee13f5.jpg,mounding_,0,1203,810,0.0,0.0,0.0,0.0
GPAB6648_jpg.rf.c56ce6da35aa5d7bf1816fcefeee13f5.jpg,oddball,7632,439,2334,0.7334935127342623,0.8462604646005434,0.9456077313839673,0.7658037326911499
GPAB6648_jpg.rf.c56ce6da35aa5d7bf1816fcefeee13f5.jpg,pocillopora_,14153,808,6338,0.6644912906709235,0.7984316822746248,0.9459929149121048,0.6906934751842272
GPAB6648_jpg.rf.c56ce6da35aa5d7bf1816fcefeee13f5.jpg,table_acropora,375175,1496,1099,0.9931307409270191,0.9965535331265896,0.9960283642754553,0.9970792560740311
GPAB6649_jpg.rf.47c706dd93e009a16e5bedc5215042d9.jpg,branching_acropora,13341,740,11123,0.5293207427392478,0.6922298612011935,0.9474469142816562,0.5453319162851537
GPAB6649_jpg.rf.47c706dd93e009a16e5bedc5215042d9.jpg,finger_acropora,340179,26917,22892,0.8722806855595556,0.9317840987061864,0.9266758559069017,0.9369489714133048
GPAB6649_jpg.rf.47c706dd93e009a16e5bedc5215042d9.jpg,finger_porites,0,4674,0,0.0,0.0,0.0,
GPAB6649_jpg.rf.47c706dd93e009a16e5bedc5215042d9.jpg,knob_porites,0,7411,0,0.0,0.0,0.0,
GPAB6649_jpg.rf.47c706dd93e009a16e5bedc5215042d9.jpg,mounding_,1968,56,7472,0.2072451558550969,0.3433356594556874,0.9723320158102767,0.20847457627118643
GPAB6649_jpg.rf.47c706dd93e009a16e5bedc5215042d9.jpg,oddball,0,0,0,1.0,1.0,,
GPAB6649_jpg.rf.47c706dd93e009a16e5bedc5215042d9.jpg,pocillopora_,19624,2645,3068,0.7745194774440541,0.8729343208558529,0.8812250213301002,0.8647981667548035
GPAB6649_jpg.rf.47c706dd93e009a16e5bedc5215042d9.jpg,table_acropora,0,0,0,1.0,1.0,,
GPAB6650_jpg.rf.d42500ecead8b3cfa4dd6cdbd03046bd.jpg,branching_acropora,0,0,0,1.0,1.0,,
GPAB6650_jpg.rf.d42500ecead8b3cfa4dd6cdbd03046bd.jpg,finger_acropora,377164,3596,26789,0.9254445477721698,0.9612788369760664,0.9905557306439752,0.9336828789487885
GPAB6650_jpg.rf.d42500ecead8b3cfa4dd6cdbd03046bd.jpg,finger_porites,0,0,0,1.0,1.0,,
GPAB6650_jpg.rf.d42500ecead8b3cfa4dd6cdbd03046bd.jpg,knob_porites,0,5963,0,0.0,0.0,0.0,
GPAB6650_jpg.rf.d42500ecead8b3cfa4dd6cdbd03046bd.jpg,mounding_,13606,2067,21585,0.3651833163347469,0.5349952815350739,0.8681171441332227,0.38663294592367364
GPAB6650_jpg.rf.d42500ecead8b3cfa4dd6cdbd03046bd.jpg,oddball,0,0,0,1.0,1.0,,
GPAB6650_jpg.rf.d42500ecead8b3cfa4dd6cdbd03046bd.jpg,pocillopora_,10872,61,6545,0.6220391349124614,0.766984126984127,0.9944205616024879,0.6242177183211804
GPAB6650_jpg.rf.d42500ecead8b3cfa4dd6cdbd03046bd.jpg,table_acropora,0,0,0,1.0,1.0,,
GPAB6651_jpg.rf.b6a9a159f89e82d53644c3a73ebaa154.jpg,branching_acropora,0,0,1352,0.0,0.0,,0.0
GPAB6651_jpg.rf.b6a9a159f89e82d53644c3a73ebaa154.jpg,finger_acropora,337007,9144,31655,0.892010714493682,0.9429235338473139,0.9735837827999919,0.9141354411357829
GPAB6651_jpg.rf.b6a9a159f89e82d53644c3a73ebaa154.jpg,finger_porites,0,0,0,1.0,1.0,,
GPAB6651_jpg.rf.b6a9a159f89e82d53644c3a73ebaa154.jpg,knob_porites,0,0,0,1.0,1.0,,
GPAB6651_jpg.rf.b6a9a159f89e82d53644c3a73ebaa154.jpg,mounding_,0,2747,4681,0.0,0.0,0.0,0.0
GPAB6651_jpg.rf.b6a9a159f89e82d53644c3a73ebaa154.jpg,oddball,0,2317,0,0.0,0.0,0.0,
GPAB6651_jpg.rf.b6a9a159f89e82d53644c3a73ebaa154.jpg,pocillopora_,0,0,1182,0.0,0.0,,0.0
GPAB6651_jpg.rf.b6a9a159f89e82d53644c3a73ebaa154.jpg,table_acropora,37205,12089,19371,0.5418335396490206,0.7028431094738831,0.7547571712581653,0.6576110011312217
GPAB6652_jpg.rf.3746e0c1af503c85d382a9d829f4713a.jpg,branching_acropora,0,0,0,1.0,1.0,,
GPAB6652_jpg.rf.3746e0c1af503c85d382a9d829f4713a.jpg,finger_acropora,359812,13640,48325,0.8530858723922832,0.9207192015240747,0.963475895161895,0.8815961307110113
GPAB6652_jpg.rf.3746e0c1af503c85d382a9d829f4713a.jpg,finger_porites,1948,713,323,0.6528150134048257,0.7899432278994323,0.7320556181886508,0.8577719066490532
GPAB6652_jpg.rf.3746e0c1af503c85d382a9d829f4713a.jpg,knob_porites,12123,21120,146,0.3630836503039923,0.5327386183863596,0.36467827813374243,0.9881000896568588
GPAB6652_jpg.rf.3746e0c1af503c85d382a9d829f4713a.jpg,mounding_,7982,597,8405,0.46997173810645315,0.639429624289033,0.930411469868283,0.4870934277170928
GPAB6652_jpg.rf.3746e0c1af503c85d382a9d829f4713a.jpg,oddball,0,0,0,1.0,1.0,,
GPAB6652_jpg.rf.3746e0c1af503c85d382a9d829f4713a.jpg,pocillopora_,0,0,22729,0.0,0.0,,0.0
GPAB6652_jpg.rf.3746e0c1af503c85d382a9d829f4713a.jpg,table_acropora,0,37879,0,0.0,0.0,0.0,
GPAB6653_jpg.rf.6462868b079303442dc200bdaa83cf5b.jpg,branching_acropora,0,0,10851,0.0,0.0,,0.0
GPAB6653_jpg.rf.6462868b079303442dc200bdaa83cf5b.jpg,finger_acropora,234113,14309,19911,0.8724718912694301,0.9318931785704334,0.9424004315237781,0.9216176424274871
GPAB6653_jpg.rf.6462868b079303442dc200bdaa83cf5b.jpg,finger_porites,0,0,0,1.0,1.0,,
GPAB6653_jpg.rf.6462868b079303442dc200bdaa83cf5b.jpg,knob_porites,0,0,0,1.0,1.0,,
GPAB6653_jpg.rf.6462868b079303442dc200bdaa83cf5b.jpg,mounding_,0,0,8414,0.0,0.0,,0.0
GPAB6653_jpg.rf.6462868b079303442dc200bdaa83cf5b.jpg,oddball,0,0,0,1.0,1.0,,
GPAB6653_jpg.rf.6462868b079303442dc200bdaa83cf5b.jpg,pocillopora_,19277,387,3881,0.8187300913145041,0.9003316052496381,0.9803193653376729,0.83241212539943
GPAB6653_jpg.rf.6462868b079303442dc200bdaa83cf5b.jpg,table_acropora,0,0,0,1.0,1.0,,
GPAB6654_jpg.rf.c041357eb333cbca4f87f2517eb356e9.jpg,branching_acropora,328314,16146,527,0.9516706426618974,0.9752369296941487,0.9531266329907682,0.9983974017838408
GPAB6654_jpg.rf.c041357eb333cbca4f87f2517eb356e9.jpg,finger_acropora,175593,12806,10663,0.8821020586550924,0.9373583697001241,0.9320272400596606,0.9427508375569109
GPAB6654_jpg.rf.c041357eb333cbca4f87f2517eb356e9.jpg,finger_porites,0,0,0,1.0,1.0,,
GPAB6654_jpg.rf.c041357eb333cbca4f87f2517eb356e9.jpg,knob_porites,0,1356,0,0.0,0.0,0.0,
GPAB6654_jpg.rf.c041357eb333cbca4f87f2517eb356e9.jpg,mounding_,0,0,4487,0.0,0.0,,0.0
GPAB6654_jpg.rf.c041357eb333cbca4f87f2517eb356e9.jpg,oddball,0,0,3086,0.0,0.0,,0.0
GPAB6654_jpg.rf.c041357eb333cbca4f87f2517eb356e9.jpg,pocillopora_,1946,437,5254,0.25481209899175067,0.40613586559532505,0.8166177087704574,0.2702777777777778
GPAB6654_jpg.rf.c041357eb333cbca4f87f2517eb356e9.jpg,table_acropora,13740,214,960,0.9212820168968754,0.9590284079011656,0.9846638956571593,0.9346938775510204
GPAB6655_jpg.rf.fb96f38ea0bf68f9bcb15a2ea4533c20.jpg,branching_acropora,0,0,8405,0.0,0.0,,0.0
GPAB6655_jpg.rf.fb96f38ea0bf68f9bcb15a2ea4533c20.jpg,finger_acropora,58636,8962,3832,0.820887582248355,0.9016345547645042,0.8674221130802686,0.9386565921751937
GPAB6655_jpg.rf.fb96f38ea0bf68f9bcb15a2ea4533c20.jpg,finger_porites,0,0,0,1.0,1.0,,
GPAB6655_jpg.rf.fb96f38ea0bf68f9bcb15a2ea4533c20.jpg,knob_porites,0,0,0,1.0,1.0,,
GPAB6655_jpg.rf.fb96f38ea0bf68f9bcb15a2ea4533c20.jpg,mounding_,0,0,0,1.0,1.0,,
GPAB6655_jpg.rf.fb96f38ea0bf68f9bcb15a2ea4533c20.jpg,oddball,0,0,0,1.0,1.0,,
GPAB6655_jpg.rf.fb96f38ea0bf68f9bcb15a2ea4533c20.jpg,pocillopora_,5548,1116,737,0.749628428590731,0.8569001467294772,0.8325330132052821,0.8827366746221161
GPAB6655_jpg.rf.fb96f38ea0bf68f9bcb15a2ea4533c20.jpg,table_acropora,0,2825,0,0.0,0.0,0.0,
GPAB6656_jpg.rf.5d4becc71a2154b3949645d8d64ed72e.jpg,branching_acropora,42182,759,3028,0.9176183950053297,0.9570396251885969,0.9823245848955544,0.9330236673302367
GPAB6656_jpg.rf.5d4becc71a2154b3949645d8d64ed72e.jpg,finger_acropora,382098,12294,10293,0.9441862189110048,0.971291957248695,0.9688279681129435,0.9737685115102028
GPAB6656_jpg.rf.5d4becc71a2154b3949645d8d64ed72e.jpg,finger_porites,0,0,0,1.0,1.0,,
GPAB6656_jpg.rf.5d4becc71a2154b3949645d8d64ed72e.jpg,knob_porites,0,0,0,1.0,1.0,,
GPAB6656_jpg.rf.5d4becc71a2154b3949645d8d64ed72e.jpg,mounding_,0,0,0,1.0,1.0,,
GPAB6656_jpg.rf.5d4becc71a2154b3949645d8d64ed72e.jpg,oddball,0,0,0,1.0,1.0,,
GPAB6656_jpg.rf.5d4becc71a2154b3949645d8d64ed72e.jpg,pocillopora_,31636,6808,1095,0.8001213991249146,0.8889638215665613,0.8229112475288731,0.9665454767651462
GPAB6656_jpg.rf.5d4becc71a2154b3949645d8d64ed72e.jpg,table_acropora,0,0,0,1.0,1.0,,
GPAB6657_jpg.rf.8e09ed048fbf8afdda873ac2b2f11aff.jpg,branching_acropora,17929,2646,2852,0.7653135271268194,0.8670567753167617,0.8713973268529769,0.8627592512391127
GPAB6657_jpg.rf.8e09ed048fbf8afdda873ac2b2f11aff.jpg,finger_acropora,139833,2593,10365,0.9151913398040461,0.955717917874132,0.9817940544563493,0.9309910917588783
GPAB6657_jpg.rf.8e09ed048fbf8afdda873ac2b2f11aff.jpg,finger_porites,0,0,0,1.0,1.0,,
GPAB6657_jpg.rf.8e09ed048fbf8afdda873ac2b2f11aff.jpg,knob_porites,0,2083,0,0.0,0.0,0.0,
GPAB6657_jpg.rf.8e09ed048fbf8afdda873ac2b2f11aff.jpg,mounding_,11931,223,5554,0.6737632708380393,0.8050878909544856,0.9816521309856837,0.6823563054046325
GPAB6657_jpg.rf.8e09ed048fbf8afdda873ac2b2f11aff.jpg,oddball,0,0,0,1.0,1.0,,
GPAB6657_jpg.rf.8e09ed048fbf8afdda873ac2b2f11aff.jpg,pocillopora_,4274,222,3083,0.5639266393983375,0.7211676368851767,0.9506227758007118,0.5809433192877531
GPAB6657_jpg.rf.8e09ed048fbf8afdda873ac2b2f11aff.jpg,table_acropora,249729,15208,3128,0.9315986794247664,0.9645882339308682,0.9425976741640465,0.9876293715420178
GPAB6658_jpg.rf.f6047019a05b50a74f0bc478b9487e2e.jpg,branching_acropora,0,62286,22171,0.0,0.0,0.0,0.0
GPAB6658_jpg.rf.f6047019a05b50a74f0bc478b9487e2e.jpg,finger_acropora,83276,23309,2099,0.7662213389275331,0.8676390914773912,0.7813106909977952,0.9754143484626647
GPAB6658_jpg.rf.f6047019a05b50a74f0bc478b9487e2e.jpg,finger_porites,0,0,0,1.0,1.0,,
GPAB6658_jpg.rf.f6047019a05b50a74f0bc478b9487e2e.jpg,knob_porites,0,0,0,1.0,1.0,,
GPAB6658_jpg.rf.f6047019a05b50a74f0bc478b9487e2e.jpg,mounding_,0,0,5588,0.0,0.0,,0.0
GPAB6658_jpg.rf.f6047019a05b50a74f0bc478b9487e2e.jpg,oddball,0,0,0,1.0,1.0,,
GPAB6658_jpg.rf.f6047019a05b50a74f0bc478b9487e2e.jpg,pocillopora_,3162,64,11338,0.2171106838780555,0.3567640753695137,0.9801611903285803,0.2180689655172414
GPAB6658_jpg.rf.f6047019a05b50a74f0bc478b9487e2e.jpg,table_acropora,0,0,0,1.0,1.0,,
GPAB6659_jpg.rf.709b4d7ed4800dd29cbf1c81b90dd9e0.jpg,branching_acropora,5272,185,2219,0.6868160500260553,0.8143342601173926,0.9660985889682976,0.7037778667734614
GPAB6659_jpg.rf.709b4d7ed4800dd29cbf1c81b90dd9e0.jpg,finger_acropora,20001,1675,1094,0.8783926218708827,0.9352598723434102,0.9227255951282525,0.9481393695188434
GPAB6659_jpg.rf.709b4d7ed4800dd29cbf1c81b90dd9e0.jpg,finger_porites,0,0,0,1.0,1.0,,
GPAB6659_jpg.rf.709b4d7ed4800dd29cbf1c81b90dd9e0.jpg,knob_porites,0,0,0,1.0,1.0,,
GPAB6659_jpg.rf.709b4d7ed4800dd29cbf1c81b90dd9e0.jpg,mounding_,1087,117,1162,0.45942519019442096,0.6295974514914567,0.9028239202657807,0.483325922632281
GPAB6659_jpg.rf.709b4d7ed4800dd29cbf1c81b90dd9e0.jpg,oddball,0,0,0,1.0,1.0,,
GPAB6659_jpg.rf.709b4d7ed4800dd29cbf1c81b90dd9e0.jpg,pocillopora_,18120,5390,66,0.7685782151340346,0.8691481197237145,0.7707358570820927,0.9963708347080171
GPAB6659_jpg.rf.709b4d7ed4800dd29cbf1c81b90dd9e0.jpg,table_acropora,0,0,0,1.0,1.0,,
GPAB6660_jpg.rf.31b6a04bb3b33417f99359b150249ea1.jpg,branching_acropora,0,0,0,1.0,1.0,,
GPAB6660_jpg.rf.31b6a04bb3b33417f99359b150249ea1.jpg,finger_acropora,113305,8733,9268,0.8629080163891978,0.9264096872176639,0.9284403218669595,0.9243879157726416
GPAB6660_jpg.rf.31b6a04bb3b33417f99359b150249ea1.jpg,finger_porites,0,0,5986,0.0,0.0,,0.0
GPAB6660_jpg.rf.31b6a04bb3b33417f99359b150249ea1.jpg,knob_porites,0,14829,0,0.0,0.0,0.0,
GPAB6660_jpg.rf.31b6a04bb3b33417f99359b150249ea1.jpg,mounding_,0,0,0,1.0,1.0,,
GPAB6660_jpg.rf.31b6a04bb3b33417f99359b150249ea1.jpg,oddball,0,0,0,1.0,1.0,,
GPAB6660_jpg.rf.31b6a04bb3b33417f99359b150249ea1.jpg,pocillopora_,0,0,2750,0.0,0.0,,0.0
GPAB6660_jpg.rf.31b6a04bb3b33417f99359b150249ea1.jpg,table_acropora,0,7442,0,0.0,0.0,0.0,
GPAB6661_jpg.rf.3c4167a579d558a7483fe8be14f117da.jpg,branching_acropora,88255,272,300645,0.2267763353992579,0.36971097152025334,0.9969274910479289,0.22693494471586526
GPAB6661_jpg.rf.3c4167a579d558a7483fe8be14f117da.jpg,finger_acropora,72602,9797,22255,0.6937336365547423,0.819176783860631,0.8811029260063836,0.7653836828067512
GPAB6661_jpg.rf.3c4167a579d558a7483fe8be14f117da.jpg,finger_porites,0,1939,0,0.0,0.0,0.0,
GPAB6661_jpg.rf.3c4167a579d558a7483fe8be14f117da.jpg,knob_porites,0,0,0,1.0,1.0,,
GPAB6661_jpg.rf.3c4167a579d558a7483fe8be14f117da.jpg,mounding_,0,2264,0,0.0,0.0,0.0,
GPAB6661_jpg.rf.3c4167a579d558a7483fe8be14f117da.jpg,oddball,0,0,3480,0.0,0.0,,0.0
GPAB6661_jpg.rf.3c4167a579d558a7483fe8be14f117da.jpg,pocillopora_,6304,241,372,0.9113777649269915,0.9536343695635731,0.9631779984721162,0.9442780107849011
GPAB6661_jpg.rf.3c4167a579d558a7483fe8be14f117da.jpg,table_acropora,0,0,0,1.0,1.0,,
GPAB6662_jpg.rf.2108d9d531e28867ea4da578a80bbdb8.jpg,branching_acropora,6053,1429,986,0.7148086915446387,0.8336891398664004,0.8090082865543973,0.8599232845574656
GPAB6662_jpg.rf.2108d9d531e28867ea4da578a80bbdb8.jpg,finger_acropora,96850,3701,3518,0.9306325610892773,0.9640700979001489,0.963192807629959,0.9649489877251713
GPAB6662_jpg.rf.2108d9d531e28867ea4da578a80bbdb8.jpg,finger_porites,0,0,0,1.0,1.0,,
GPAB6662_jpg.rf.2108d9d531e28867ea4da578a80bbdb8.jpg,knob_porites,0,0,0,1.0,1.0,,
GPAB6662_jpg.rf.2108d9d531e28867ea4da578a80bbdb8.jpg,mounding_,0,0,0,1.0,1.0,,
GPAB6662_jpg.rf.2108d9d531e28867ea4da578a80bbdb8.jpg,oddball,0,0,1015,0.0,0.0,,0.0
GPAB6662_jpg.rf.2108d9d531e28867ea4da578a80bbdb8.jpg,pocillopora_,11702,2000,2460,0.7240440539537186,0.8399368360608671,0.854035907166837,0.8262957209433696
GPAB6662_jpg.rf.2108d9d531e28867ea4da578a80bbdb8.jpg,table_acropora,0,0,0,1.0,1.0,,
GPAB6663_jpg.rf.86f74cdd128bbd44c7c2229648721c5d.jpg,branching_acropora,0,0,0,1.0,1.0,,
GPAB6663_jpg.rf.86f74cdd128bbd44c7c2229648721c5d.jpg,finger_acropora,89039,3732,89809,0.4876711578486143,0.6556168751081478,0.9597719114809585,0.49784733404902487
GPAB6663_jpg.rf.86f74cdd128bbd44c7c2229648721c5d.jpg,finger_porites,0,0,0,1.0,1.0,,
GPAB6663_jpg.rf.86f74cdd128bbd44c7c2229648721c5d.jpg,knob_porites,0,0,0,1.0,1.0,,
GPAB6663_jpg.rf.86f74cdd128bbd44c7c2229648721c5d.jpg,mounding_,0,6021,1826,0.0,0.0,0.0,0.0
GPAB6663_jpg.rf.86f74cdd128bbd44c7c2229648721c5d.jpg,oddball,9271,847,815,0.8479831702186043,0.9177390615719659,0.9162878039138169,0.9191949236565536
GPAB6663_jpg.rf.86f74cdd128bbd44c7c2229648721c5d.jpg,pocillopora_,4358,1235,4522,0.4308452792881859,0.6022248324466247,0.7791882710531021,0.49076576576576575
GPAB6663_jpg.rf.86f74cdd128bbd44c7c2229648721c5d.jpg,table_acropora,0,73370,0,0.0,0.0,0.0,
GPAB6664_jpg.rf.c6ef7a66d43f9061b3dfc2c5107657e0.jpg,branching_acropora,0,10826,0,0.0,0.0,0.0,
GPAB6664_jpg.rf.c6ef7a66d43f9061b3dfc2c5107657e0.jpg,finger_acropora,94321,61569,152744,0.3056079369090897,0.4681465672345547,0.605048431586375,0.3817659320421751
GPAB6664_jpg.rf.c6ef7a66d43f9061b3dfc2c5107657e0.jpg,finger_porites,0,92696,0,0.0,0.0,0.0,
GPAB6664_jpg.rf.c6ef7a66d43f9061b3dfc2c5107657e0.jpg,knob_porites,0,1815,0,0.0,0.0,0.0,
GPAB6664_jpg.rf.c6ef7a66d43f9061b3dfc2c5107657e0.jpg,mounding_,12720,6530,65792,0.14957315208955574,0.2602238088418813,0.6607792207792208,0.16201345017322194
GPAB6664_jpg.rf.c6ef7a66d43f9061b3dfc2c5107657e0.jpg,oddball,0,0,0,1.0,1.0,,
GPAB6664_jpg.rf.c6ef7a66d43f9061b3dfc2c5107657e0.jpg,pocillopora_,0,0,247,0.0,0.0,,0.0
GPAB6664_jpg.rf.c6ef7a66d43f9061b3dfc2c5107657e0.jpg,table_acropora,0,33734,0,0.0,0.0,0.0,
GPAB6665_jpg.rf.1b65939da5c873cbe5254fc52cc442d4.jpg,branching_acropora,0,6215,0,0.0,0.0,0.0,
GPAB6665_jpg.rf.1b65939da5c873cbe5254fc52cc442d4.jpg,finger_acropora,156628,6649,28971,0.8147184886188673,0.8979006867769638,0.9592777917281675,0.8439054089731087
GPAB6665_jpg.rf.1b65939da5c873cbe5254fc52cc442d4.jpg,finger_porites,0,0,0,1.0,1.0,,
GPAB6665_jpg.rf.1b65939da5c873cbe5254fc52cc442d4.jpg,knob_porites,0,0,0,1.0,1.0,,
GPAB6665_jpg.rf.1b65939da5c873cbe5254fc52cc442d4.jpg,mounding_,12785,9548,1265,0.5417832019662683,0.7028007585960476,0.5724712309138943,0.9099644128113878
GPAB6665_jpg.rf.1b65939da5c873cbe5254fc52cc442d4.jpg,oddball,0,1539,0,0.0,0.0,0.0,
GPAB6665_jpg.rf.1b65939da5c873cbe5254fc52cc442d4.jpg,pocillopora_,0,1561,0,0.0,0.0,0.0,
GPAB6665_jpg.rf.1b65939da5c873cbe5254fc52cc442d4.jpg,table_acropora,0,6713,0,0.0,0.0,0.0,
GPAB6666_jpg.rf.4c4e1b29088fb6b155dc41c398781370.jpg,branching_acropora,7261,192,109,0.9601957154192012,0.9796937192201309,0.9742385616530256,0.9852103120759838
GPAB6666_jpg.rf.4c4e1b29088fb6b155dc41c398781370.jpg,finger_acropora,64969,1018,78914,0.4483681962167273,0.6191356554057273,0.9845727188688681,0.451540487757414
GPAB6666_jpg.rf.4c4e1b29088fb6b155dc41c398781370.jpg,finger_porites,25134,6721,16225,0.5227537437603993,0.6865899964487666,0.7890127138596766,0.6077032810271041
GPAB6666_jpg.rf.4c4e1b29088fb6b155dc41c398781370.jpg,knob_porites,0,0,0,1.0,1.0,,
GPAB6666_jpg.rf.4c4e1b29088fb6b155dc41c398781370.jpg,mounding_,3654,28,510,0.8716603053435115,0.9314300280397655,0.9923954372623575,0.877521613832853
GPAB6666_jpg.rf.4c4e1b29088fb6b155dc41c398781370.jpg,oddball,0,0,0,1.0,1.0,,
GPAB6666_jpg.rf.4c4e1b29088fb6b155dc41c398781370.jpg,pocillopora_,0,19292,0,0.0,0.0,0.0,
GPAB6666_jpg.rf.4c4e1b29088fb6b155dc41c398781370.jpg,table_acropora,0,2070,0,0.0,0.0,0.0,
GPAB6667_jpg.rf.2a5460ac13ba5fc91010686eb1f3313c.jpg,branching_acropora,22990,5123,952,0.790985721658352,0.883296513303237,0.8177711379077295,0.9602372399966586
GPAB6667_jpg.rf.2a5460ac13ba5fc91010686eb1f3313c.jpg,finger_acropora,141799,7747,139142,0.4911842542814388,0.6587841212394335,0.9481965415323713,0.5047287508765186
GPAB6667_jpg.rf.2a5460ac13ba5fc91010686eb1f3313c.jpg,finger_porites,0,0,0,1.0,1.0,,
GPAB6667_jpg.rf.2a5460ac13ba5fc91010686eb1f3313c.jpg,knob_porites,0,18651,0,0.0,0.0,0.0,
GPAB6667_jpg.rf.2a5460ac13ba5fc91010686eb1f3313c.jpg,mounding_,0,5616,0,0.0,0.0,0.0,
GPAB6667_jpg.rf.2a5460ac13ba5fc91010686eb1f3313c.jpg,oddball,0,11888,0,0.0,0.0,0.0,
GPAB6667_jpg.rf.2a5460ac13ba5fc91010686eb1f3313c.jpg,pocillopora_,5469,22683,191,0.1929576967858025,0.32349461729563467,0.19426683716965046,0.9662544169611308
GPAB6667_jpg.rf.2a5460ac13ba5fc91010686eb1f3313c.jpg,table_acropora,9823,8159,1029,0.5167008573983484,0.6813484081292918,0.5462684907129352,0.9051787688905271
GPAB6668_jpg.rf.8a52d79d063cb9a4eb650e20d0cde86a.jpg,branching_acropora,0,0,0,1.0,1.0,,
GPAB6668_jpg.rf.8a52d79d063cb9a4eb650e20d0cde86a.jpg,finger_acropora,79822,11424,11596,0.7761614904416484,0.8739762624271887,0.8747999912324924,0.8731540834408978
GPAB6668_jpg.rf.8a52d79d063cb9a4eb650e20d0cde86a.jpg,finger_porites,0,0,0,1.0,1.0,,
GPAB6668_jpg.rf.8a52d79d063cb9a4eb650e20d0cde86a.jpg,knob_porites,0,0,0,1.0,1.0,,
GPAB6668_jpg.rf.8a52d79d063cb9a4eb650e20d0cde86a.jpg,mounding_,0,13113,0,0.0,0.0,0.0,
GPAB6668_jpg.rf.8a52d79d063cb9a4eb650e20d0cde86a.jpg,oddball,0,0,0,1.0,1.0,,
GPAB6668_jpg.rf.8a52d79d063cb9a4eb650e20d0cde86a.jpg,pocillopora_,2746,13,196,0.9292724196277495,0.9633397649535169,0.9952881478796666,0.9333786539768865
GPAB6668_jpg.rf.8a52d79d063cb9a4eb650e20d0cde86a.jpg,table_acropora,0,0,0,1.0,1.0,,
GPAB6669_jpg.rf.321fecc390e5ecce908b5f9958f266ec.jpg,branching_acropora,0,0,0,1.0,1.0,,
GPAB6669_jpg.rf.321fecc390e5ecce908b5f9958f266ec.jpg,finger_acropora,41957,1322,14537,0.7256987685069877,0.8410491816423281,0.9694540077173687,0.7426806386518923
GPAB6669_jpg.rf.321fecc390e5ecce908b5f9958f266ec.jpg,finger_porites,0,0,0,1.0,1.0,,
GPAB6669_jpg.rf.321fecc390e5ecce908b5f9958f266ec.jpg,knob_porites,0,0,0,1.0,1.0,,
GPAB6669_jpg.rf.321fecc390e5ecce908b5f9958f266ec.jpg,mounding_,43490,12313,2036,0.7519147979736855,0.8583919707092738,0.7793487805315127,0.9552783025084567
GPAB6669_jpg.rf.321fecc390e5ecce908b5f9958f266ec.jpg,oddball,0,0,0,1.0,1.0,,
GPAB6669_jpg.rf.321fecc390e5ecce908b5f9958f266ec.jpg,pocillopora_,0,0,4508,0.0,0.0,,0.0
GPAB6669_jpg.rf.321fecc390e5ecce908b5f9958f266ec.jpg,table_acropora,68938,2999,534,0.9512494653033627,0.975015734500633,0.9583107441233302,0.9923134500230308
GPAB6670_jpg.rf.5e7d6bc2eaca9c5c6f30031c970d577c.jpg,branching_acropora,0,0,0,1.0,1.0,,
GPAB6670_jpg.rf.5e7d6bc2eaca9c5c6f30031c970d577c.jpg,finger_acropora,0,0,10573,0.0,0.0,,0.0
GPAB6670_jpg.rf.5e7d6bc2eaca9c5c6f30031c970d577c.jpg,finger_porites,0,0,0,1.0,1.0,,
GPAB6670_jpg.rf.5e7d6bc2eaca9c5c6f30031c970d577c.jpg,knob_porites,0,3518,0,0.0,0.0,0.0,
GPAB6670_jpg.rf.5e7d6bc2eaca9c5c6f30031c970d577c.jpg,mounding_,1351,334,3472,0.26197401590071745,0.41518131530424096,0.801780415430267,0.28011611030478956
GPAB6670_jpg.rf.5e7d6bc2eaca9c5c6f30031c970d577c.jpg,oddball,0,0,0,1.0,1.0,,
GPAB6670_jpg.rf.5e7d6bc2eaca9c5c6f30031c970d577c.jpg,pocillopora_,4113,3656,953,0.4715661545517083,0.640903778730035,0.5294117647058824,0.8118831425187525
GPAB6670_jpg.rf.5e7d6bc2eaca9c5c6f30031c970d577c.jpg,table_acropora,25799,193,166,0.9862757091520759,0.9930904401716805,0.9925746383502616,0.9936067783554785
GPAB6671_jpg.rf.8823d517f81d5155714d6730facb6945.jpg,branching_acropora,0,1321,0,0.0,0.0,0.0,
GPAB6671_jpg.rf.8823d517f81d5155714d6730facb6945.jpg,finger_acropora,82667,4287,3136,0.9176046176046176,0.9570321318383626,0.9506980702440371,0.9634511613813037
GPAB6671_jpg.rf.8823d517f81d5155714d6730facb6945.jpg,finger_porites,0,0,0,1.0,1.0,,
GPAB6671_jpg.rf.8823d517f81d5155714d6730facb6945.jpg,knob_porites,0,0,0,1.0,1.0,,
GPAB6671_jpg.rf.8823d517f81d5155714d6730facb6945.jpg,mounding_,20627,1256,1377,0.8868013757523646,0.9400050128739718,0.9426038477356853,0.9374204690056354
GPAB6671_jpg.rf.8823d517f81d5155714d6730facb6945.jpg,oddball,0,0,0,1.0,1.0,,
GPAB6671_jpg.rf.8823d517f81d5155714d6730facb6945.jpg,pocillopora_,18827,2659,2285,0.7920154810483362,0.8839382130616461,0.8762449967420646,0.8917677150435771
GPAB6671_jpg.rf.8823d517f81d5155714d6730facb6945.jpg,table_acropora,0,0,0,1.0,1.0,,
GPAB6672_jpg.rf.cfd673b99f828cebf1bf4d7528ea8aff.jpg,branching_acropora,0,0,0,1.0,1.0,,
GPAB6672_jpg.rf.cfd673b99f828cebf1bf4d7528ea8aff.jpg,finger_acropora,103986,5999,256,0.9432606743407626,0.9708019997479309,0.9454561985725326,0.9975441760518793
GPAB6672_jpg.rf.cfd673b99f828cebf1bf4d7528ea8aff.jpg,finger_porites,0,0,0,1.0,1.0,,
GPAB6672_jpg.rf.cfd673b99f828cebf1bf4d7528ea8aff.jpg,knob_porites,0,4227,0,0.0,0.0,0.0,
GPAB6672_jpg.rf.cfd673b99f828cebf1bf4d7528ea8aff.jpg,mounding_,14431,631,177,0.9469781481724523,0.9727671048196832,0.9581064931615987,0.9878833515881709
GPAB6672_jpg.rf.cfd673b99f828cebf1bf4d7528ea8aff.jpg,oddball,0,0,2205,0.0,0.0,,0.0
GPAB6672_jpg.rf.cfd673b99f828cebf1bf4d7528ea8aff.jpg,pocillopora_,0,0,770,0.0,0.0,,0.0
GPAB6672_jpg.rf.cfd673b99f828cebf1bf4d7528ea8aff.jpg,table_acropora,0,0,0,1.0,1.0,,
GPAB6673_jpg.rf.cd25a2f71375986cca89454d261f329d.jpg,branching_acropora,1236,768,56179,0.021243318495093068,0.04160285430586176,0.6167664670658682,0.021527475398415048
GPAB6673_jpg.rf.cd25a2f71375986cca89454d261f329d.jpg,finger_acropora,24509,1474,50881,0.318861885928393,0.48354098231284465,0.9432706000076974,0.32509616660034485
GPAB6673_jpg.rf.cd25a2f71375986cca89454d261f329d.jpg,finger_porites,0,0,0,1.0,1.0,,
GPAB6673_jpg.rf.cd25a2f71375986cca89454d261f329d.jpg,knob_porites,0,4140,0,0.0,0.0,0.0,
GPAB6673_jpg.rf.cd25a2f71375986cca89454d261f329d.jpg,mounding_,0,6203,0,0.0,0.0,0.0,
GPAB6673_jpg.rf.cd25a2f71375986cca89454d261f329d.jpg,oddball,0,0,0,1.0,1.0,,
GPAB6673_jpg.rf.cd25a2f71375986cca89454d261f329d.jpg,pocillopora_,0,0,0,1.0,1.0,,
GPAB6673_jpg.rf.cd25a2f71375986cca89454d261f329d.jpg,table_acropora,0,26555,0,0.0,0.0,0.0,
GPAB6674_jpg.rf.20c047131d1c05472033eea3285c7c80.jpg,branching_acropora,0,0,0,1.0,1.0,,
GPAB6674_jpg.rf.20c047131d1c05472033eea3285c7c80.jpg,finger_acropora,58561,916,6350,0.8896197608883892,0.941586005080876,0.9845990887233721,0.9021737455901156
GPAB6674_jpg.rf.20c047131d1c05472033eea3285c7c80.jpg,finger_porites,8679,39,2717,0.7589855706165282,0.8629810082529581,0.9955264969029594,0.7615830115830116
GPAB6674_jpg.rf.20c047131d1c05472033eea3285c7c80.jpg,knob_porites,0,0,0,1.0,1.0,,
GPAB6674_jpg.rf.20c047131d1c05472033eea3285c7c80.jpg,mounding_,0,0,0,1.0,1.0,,
GPAB6674_jpg.rf.20c047131d1c05472033eea3285c7c80.jpg,oddball,0,1145,0,0.0,0.0,0.0,
GPAB6674_jpg.rf.20c047131d1c05472033eea3285c7c80.jpg,pocillopora_,9770,1696,5742,0.5677591817759182,0.7242938690785085,0.852084423512995,0.6298349664775658
GPAB6674_jpg.rf.20c047131d1c05472033eea3285c7c80.jpg,table_acropora,0,0,0,1.0,1.0,,
GPAB6675_jpg.rf.4f04c89d08e730b52a36b57e46d13726.jpg,branching_acropora,0,0,0,1.0,1.0,,
GPAB6675_jpg.rf.4f04c89d08e730b52a36b57e46d13726.jpg,finger_acropora,86812,1308,20528,0.7990206906707901,0.8882840478870357,0.98515660463005,0.8087572200484442
GPAB6675_jpg.rf.4f04c89d08e730b52a36b57e46d13726.jpg,finger_porites,0,0,0,1.0,1.0,,
GPAB6675_jpg.rf.4f04c89d08e730b52a36b57e46d13726.jpg,knob_porites,0,0,0,1.0,1.0,,
GPAB6675_jpg.rf.4f04c89d08e730b52a36b57e46d13726.jpg,mounding_,91615,2815,58791,0.5979271770840812,0.7483785064287931,0.9701895584030499,0.6091179873143359
GPAB6675_jpg.rf.4f04c89d08e730b52a36b57e46d13726.jpg,oddball,0,2959,0,0.0,0.0,0.0,
GPAB6675_jpg.rf.4f04c89d08e730b52a36b57e46d13726.jpg,pocillopora_,0,0,4270,0.0,0.0,,0.0
GPAB6675_jpg.rf.4f04c89d08e730b52a36b57e46d13726.jpg,table_acropora,0,0,0,1.0,1.0,,
GPAB6676_jpg.rf.62dd073dcce1a1a6cf857a62a9f0e112.jpg,branching_acropora,0,0,0,1.0,1.0,,
GPAB6676_jpg.rf.62dd073dcce1a1a6cf857a62a9f0e112.jpg,finger_acropora,123555,3909,4743,0.9345571717080033,0.9661716752293148,0.9693325174166824,0.9630313800682785
GPAB6676_jpg.rf.62dd073dcce1a1a6cf857a62a9f0e112.jpg,finger_porites,0,0,0,1.0,1.0,,
GPAB6676_jpg.rf.62dd073dcce1a1a6cf857a62a9f0e112.jpg,knob_porites,0,0,0,1.0,1.0,,
GPAB6676_jpg.rf.62dd073dcce1a1a6cf857a62a9f0e112.jpg,mounding_,3894,4703,16,0.4521072796934866,0.6226912928759895,0.45294870303594276,0.9959079283887468
GPAB6676_jpg.rf.62dd073dcce1a1a6cf857a62a9f0e112.jpg,oddball,107049,4405,4834,0.920550701706109,0.9586320224593328,0.9604769680765158,0.9567941510327753
GPAB6676_jpg.rf.62dd073dcce1a1a6cf857a62a9f0e112.jpg,pocillopora_,11688,1293,2872,0.7372737021383965,0.8487709233506409,0.9003928819043217,0.8027472527472528
GPAB6676_jpg.rf.62dd073dcce1a1a6cf857a62a9f0e112.jpg,table_acropora,0,0,0,1.0,1.0,,
GPAB6677_jpg.rf.fe0934180b433aa2bdd28762cc4c938e.jpg,branching_acropora,29113,388,8147,0.7732947301317467,0.8721558994023457,0.9868479034608997,0.7813472893183038
GPAB6677_jpg.rf.fe0934180b433aa2bdd28762cc4c938e.jpg,finger_acropora,393655,20269,39238,0.868684929451278,0.9297286190522864,0.9510320735207429,0.9093586636882556
GPAB6677_jpg.rf.fe0934180b433aa2bdd28762cc4c938e.jpg,finger_porites,0,0,11498,0.0,0.0,,0.0
GPAB6677_jpg.rf.fe0934180b433aa2bdd28762cc4c938e.jpg,knob_porites,0,0,59,0.0,0.0,,0.0
GPAB6677_jpg.rf.fe0934180b433aa2bdd28762cc4c938e.jpg,mounding_,0,0,0,1.0,1.0,,
GPAB6677_jpg.rf.fe0934180b433aa2bdd28762cc4c938e.jpg,oddball,0,0,0,1.0,1.0,,
GPAB6677_jpg.rf.fe0934180b433aa2bdd28762cc4c938e.jpg,pocillopora_,8846,10988,1654,0.4116716306775875,0.5832399287927738,0.44600181506503983,0.8424761904761905
GPAB6677_jpg.rf.fe0934180b433aa2bdd28762cc4c938e.jpg,table_acropora,0,0,0,1.0,1.0,,
GPAB6678_jpg.rf.4fa0cceb63bfe1804bdd651c2a3fef64.jpg,branching_acropora,3899,142,4697,0.44621194781414514,0.6170768378570863,0.9648601831229894,0.4535830618892508
GPAB6678_jpg.rf.4fa0cceb63bfe1804bdd651c2a3fef64.jpg,finger_acropora,149647,6282,44507,0.7466073958769882,0.8549229754086888,0.959712433222813,0.7707644447191405
GPAB6678_jpg.rf.4fa0cceb63bfe1804bdd651c2a3fef64.jpg,finger_porites,0,0,0,1.0,1.0,,
GPAB6678_jpg.rf.4fa0cceb63bfe1804bdd651c2a3fef64.jpg,knob_porites,0,0,0,1.0,1.0,,
GPAB6678_jpg.rf.4fa0cceb63bfe1804bdd651c2a3fef64.jpg,mounding_,0,5775,0,0.0,0.0,0.0,
GPAB6678_jpg.rf.4fa0cceb63bfe1804bdd651c2a3fef64.jpg,oddball,0,0,0,1.0,1.0,,
GPAB6678_jpg.rf.4fa0cceb63bfe1804bdd651c2a3fef64.jpg,pocillopora_,0,4150,15858,0.0,0.0,0.0,0.0
GPAB6678_jpg.rf.4fa0cceb63bfe1804bdd651c2a3fef64.jpg,table_acropora,0,0,0,1.0,1.0,,
GPAB6679_jpg.rf.56d98813e84f509e5216b1ab208b9c4d.jpg,branching_acropora,0,0,0,1.0,1.0,,
GPAB6679_jpg.rf.56d98813e84f509e5216b1ab208b9c4d.jpg,finger_acropora,163145,4567,898,0.9675879247968685,0.9835270003466413,0.9727687941232589,0.9945258255457411
GPAB6679_jpg.rf.56d98813e84f509e5216b1ab208b9c4d.jpg,finger_porites,0,0,0,1.0,1.0,,
GPAB6679_jpg.rf.56d98813e84f509e5216b1ab208b9c4d.jpg,knob_porites,0,0,0,1.0,1.0,,
GPAB6679_jpg.rf.56d98813e84f509e5216b1ab208b9c4d.jpg,mounding_,4234,6475,9344,0.21114047773400488,0.3486638942644213,0.3953683817349893,0.3118279569892473
GPAB6679_jpg.rf.56d98813e84f509e5216b1ab208b9c4d.jpg,oddball,0,1123,0,0.0,0.0,0.0,
GPAB6679_jpg.rf.56d98813e84f509e5216b1ab208b9c4d.jpg,pocillopora_,5867,420,120,0.9157171843296394,0.9560045624898159,0.9331954827421663,0.9799565725739101
GPAB6679_jpg.rf.56d98813e84f509e5216b1ab208b9c4d.jpg,table_acropora,0,0,0,1.0,1.0,,
GPAB6680_jpg.rf.8ffe46388f899aa283fc4a3f321cec09.jpg,branching_acropora,0,0,0,1.0,1.0,,
GPAB6680_jpg.rf.8ffe46388f899aa283fc4a3f321cec09.jpg,finger_acropora,78645,3074,159254,0.3263643644723683,0.4921187167180822,0.9623832890759799,0.33058146524365384
GPAB6680_jpg.rf.8ffe46388f899aa283fc4a3f321cec09.jpg,finger_porites,0,0,0,1.0,1.0,,
GPAB6680_jpg.rf.8ffe46388f899aa283fc4a3f321cec09.jpg,knob_porites,0,0,0,1.0,1.0,,
GPAB6680_jpg.rf.8ffe46388f899aa283fc4a3f321cec09.jpg,mounding_,0,2656,0,0.0,0.0,0.0,
GPAB6680_jpg.rf.8ffe46388f899aa283fc4a3f321cec09.jpg,oddball,0,0,0,1.0,1.0,,
GPAB6680_jpg.rf.8ffe46388f899aa283fc4a3f321cec09.jpg,pocillopora_,13056,455,5033,0.7040552200172563,0.8263291139240506,0.966323736214936,0.7217646083255017
GPAB6680_jpg.rf.8ffe46388f899aa283fc4a3f321cec09.jpg,table_acropora,0,0,0,1.0,1.0,,
GPAB6681_jpg.rf.0f833ea68a8c1dffcb4c3f6adea2c72d.jpg,branching_acropora,0,0,0,1.0,1.0,,
GPAB6681_jpg.rf.0f833ea68a8c1dffcb4c3f6adea2c72d.jpg,finger_acropora,248121,10115,562,0.9587438851923121,0.9789374633817237,0.9608304031970756,0.9977400948195092
GPAB6681_jpg.rf.0f833ea68a8c1dffcb4c3f6adea2c72d.jpg,finger_porites,0,0,0,1.0,1.0,,
GPAB6681_jpg.rf.0f833ea68a8c1dffcb4c3f6adea2c72d.jpg,knob_porites,0,0,0,1.0,1.0,,
GPAB6681_jpg.rf.0f833ea68a8c1dffcb4c3f6adea2c72d.jpg,mounding_,0,0,0,1.0,1.0,,
GPAB6681_jpg.rf.0f833ea68a8c1dffcb4c3f6adea2c72d.jpg,oddball,0,1375,0,0.0,0.0,0.0,
GPAB6681_jpg.rf.0f833ea68a8c1dffcb4c3f6adea2c72d.jpg,pocillopora_,23865,3421,2639,0.7974937343358396,0.8873396542108198,0.8746243494832515,0.9004301237549049
GPAB6681_jpg.rf.0f833ea68a8c1dffcb4c3f6adea2c72d.jpg,table_acropora,0,0,0,1.0,1.0,,
GPAB6682_jpg.rf.eb22232a2c018cc5851106de08352de7.jpg,branching_acropora,0,0,5874,0.0,0.0,,0.0
GPAB6682_jpg.rf.eb22232a2c018cc5851106de08352de7.jpg,finger_acropora,22376,623,735,0.942782506109379,0.9705486879201909,0.9729118657332928,0.9681969624853966
GPAB6682_jpg.rf.eb22232a2c018cc5851106de08352de7.jpg,finger_porites,0,0,0,1.0,1.0,,
GPAB6682_jpg.rf.eb22232a2c018cc5851106de08352de7.jpg,knob_porites,0,0,0,1.0,1.0,,
GPAB6682_jpg.rf.eb22232a2c018cc5851106de08352de7.jpg,mounding_,0,1619,0,0.0,0.0,0.0,
GPAB6682_jpg.rf.eb22232a2c018cc5851106de08352de7.jpg,oddball,0,0,0,1.0,1.0,,
GPAB6682_jpg.rf.eb22232a2c018cc5851106de08352de7.jpg,pocillopora_,12136,1479,752,0.8447135797313288,0.9158208504697581,0.8913698127065737,0.9416511483550589
GPAB6682_jpg.rf.eb22232a2c018cc5851106de08352de7.jpg,table_acropora,0,0,0,1.0,1.0,,
GPAB6683_jpg.rf.a8e659241e83b43452b24e4ddccbe5bd.jpg,branching_acropora,0,0,0,1.0,1.0,,
GPAB6683_jpg.rf.a8e659241e83b43452b24e4ddccbe5bd.jpg,finger_acropora,15778,5418,27,0.7434387221410733,0.8528418150860787,0.7443857331571995,0.9982916798481494
GPAB6683_jpg.rf.a8e659241e83b43452b24e4ddccbe5bd.jpg,finger_porites,0,0,0,1.0,1.0,,
GPAB6683_jpg.rf.a8e659241e83b43452b24e4ddccbe5bd.jpg,knob_porites,0,0,0,1.0,1.0,,
GPAB6683_jpg.rf.a8e659241e83b43452b24e4ddccbe5bd.jpg,mounding_,0,0,0,1.0,1.0,,
GPAB6683_jpg.rf.a8e659241e83b43452b24e4ddccbe5bd.jpg,oddball,0,0,0,1.0,1.0,,
GPAB6683_jpg.rf.a8e659241e83b43452b24e4ddccbe5bd.jpg,pocillopora_,23532,1205,6942,0.7428264781085262,0.8524388255963485,0.9512875449731172,0.7721992518212246
GPAB6683_jpg.rf.a8e659241e83b43452b24e4ddccbe5bd.jpg,table_acropora,0,0,0,1.0,1.0,,
GPAB6684_jpg.rf.0736c8590fcf6864ecebf96c7bd09b8f.jpg,branching_acropora,0,69525,0,0.0,0.0,0.0,
GPAB6684_jpg.rf.0736c8590fcf6864ecebf96c7bd09b8f.jpg,finger_acropora,145633,4843,18852,0.8600644902201644,0.9247684633970555,0.967815465589197,0.8853877253244977
GPAB6684_jpg.rf.0736c8590fcf6864ecebf96c7bd09b8f.jpg,finger_porites,0,0,0,1.0,1.0,,
GPAB6684_jpg.rf.0736c8590fcf6864ecebf96c7bd09b8f.jpg,knob_porites,0,0,0,1.0,1.0,,
GPAB6684_jpg.rf.0736c8590fcf6864ecebf96c7bd09b8f.jpg,mounding_,0,0,0,1.0,1.0,,
GPAB6684_jpg.rf.0736c8590fcf6864ecebf96c7bd09b8f.jpg,oddball,0,1179,0,0.0,0.0,0.0,
GPAB6684_jpg.rf.0736c8590fcf6864ecebf96c7bd09b8f.jpg,pocillopora_,26052,1515,3664,0.8341711760750536,0.9095892324075205,0.9450429861791272,0.8766994211872392
GPAB6684_jpg.rf.0736c8590fcf6864ecebf96c7bd09b8f.jpg,table_acropora,0,0,0,1.0,1.0,,
GPAB6685_jpg.rf.42cdbc2507e32fe09d31984fc16f69b6.jpg,branching_acropora,10196,619,708,0.8848390176169401,0.9389014227174364,0.9427646786870088,0.9350696991929567
GPAB6685_jpg.rf.42cdbc2507e32fe09d31984fc16f69b6.jpg,finger_acropora,148402,6908,15828,0.8671481494466454,0.928847718595481,0.9555212156332497,0.9036229677890762
GPAB6685_jpg.rf.42cdbc2507e32fe09d31984fc16f69b6.jpg,finger_porites,0,0,0,1.0,1.0,,
GPAB6685_jpg.rf.42cdbc2507e32fe09d31984fc16f69b6.jpg,knob_porites,0,0,0,1.0,1.0,,
GPAB6685_jpg.rf.42cdbc2507e32fe09d31984fc16f69b6.jpg,mounding_,8385,148,400,0.9386544274040076,0.9683566231666474,0.9826555724833002,0.9544678429140581
GPAB6685_jpg.rf.42cdbc2507e32fe09d31984fc16f69b6.jpg,oddball,0,0,0,1.0,1.0,,
GPAB6685_jpg.rf.42cdbc2507e32fe09d31984fc16f69b6.jpg,pocillopora_,27687,3159,4255,0.7887809464117831,0.8819201121233357,0.8975880178953511,0.8667898065243254
GPAB6685_jpg.rf.42cdbc2507e32fe09d31984fc16f69b6.jpg,table_acropora,0,0,0,1.0,1.0,,
GPAB6686_jpg.rf.0541fbfe096aff1703cafa9538cc4c97.jpg,branching_acropora,0,0,0,1.0,1.0,,
GPAB6686_jpg.rf.0541fbfe096aff1703cafa9538cc4c97.jpg,finger_acropora,5282,522,51746,0.09178105994787142,0.16813088871912402,0.9100620261888352,0.09262116854878305
GPAB6686_jpg.rf.0541fbfe096aff1703cafa9538cc4c97.jpg,finger_porites,0,0,0,1.0,1.0,,
GPAB6686_jpg.rf.0541fbfe096aff1703cafa9538cc4c97.jpg,knob_porites,0,0,0,1.0,1.0,,
GPAB6686_jpg.rf.0541fbfe096aff1703cafa9538cc4c97.jpg,mounding_,0,0,7025,0.0,0.0,,0.0
GPAB6686_jpg.rf.0541fbfe096aff1703cafa9538cc4c97.jpg,oddball,0,6613,0,0.0,0.0,0.0,
GPAB6686_jpg.rf.0541fbfe096aff1703cafa9538cc4c97.jpg,pocillopora_,12135,622,1363,0.8594192634560907,0.9243953532660446,0.9512424551226778,0.8990220773447918
GPAB6686_jpg.rf.0541fbfe096aff1703cafa9538cc4c97.jpg,table_acropora,0,56044,0,0.0,0.0,0.0,
GPAB6687_jpg.rf.f4a6a527a7155e2ece923d872127b126.jpg,branching_acropora,0,0,0,1.0,1.0,,
GPAB6687_jpg.rf.f4a6a527a7155e2ece923d872127b126.jpg,finger_acropora,225662,6267,1705,0.9658782540212469,0.9826430014631088,0.9729787995464129,0.9925011105393483
GPAB6687_jpg.rf.f4a6a527a7155e2ece923d872127b126.jpg,finger_porites,0,0,0,1.0,1.0,,
GPAB6687_jpg.rf.f4a6a527a7155e2ece923d872127b126.jpg,knob_porites,0,0,0,1.0,1.0,,
GPAB6687_jpg.rf.f4a6a527a7155e2ece923d872127b126.jpg,mounding_,0,6308,0,0.0,0.0,0.0,
GPAB6687_jpg.rf.f4a6a527a7155e2ece923d872127b126.jpg,oddball,3174,506,11,0.8599295583852614,0.9246904588492353,0.8625,0.9965463108320252
GPAB6687_jpg.rf.f4a6a527a7155e2ece923d872127b126.jpg,pocillopora_,23522,9376,1365,0.6865131482940782,0.8141213117591071,0.7149978722110767,0.9451520874352072
GPAB6687_jpg.rf.f4a6a527a7155e2ece923d872127b126.jpg,table_acropora,0,8063,0,0.0,0.0,0.0,
GPAB6688_jpg.rf.57296e4a40af7ca9cfdf1f0f28a97d2c.jpg,branching_acropora,0,16823,25967,0.0,0.0,0.0,0.0
GPAB6688_jpg.rf.57296e4a40af7ca9cfdf1f0f28a97d2c.jpg,finger_acropora,30154,647,43806,0.40417119037087673,0.5756722444421111,0.9789941885003733,0.4077068685776095
GPAB6688_jpg.rf.57296e4a40af7ca9cfdf1f0f28a97d2c.jpg,finger_porites,0,0,0,1.0,1.0,,
GPAB6688_jpg.rf.57296e4a40af7ca9cfdf1f0f28a97d2c.jpg,knob_porites,0,0,0,1.0,1.0,,
GPAB6688_jpg.rf.57296e4a40af7ca9cfdf1f0f28a97d2c.jpg,mounding_,0,0,11334,0.0,0.0,,0.0
GPAB6688_jpg.rf.57296e4a40af7ca9cfdf1f0f28a97d2c.jpg,oddball,0,0,2205,0.0,0.0,,0.0
GPAB6688_jpg.rf.57296e4a40af7ca9cfdf1f0f28a97d2c.jpg,pocillopora_,4240,6772,150,0.3798602401003404,0.5505778470328528,0.3850345078096622,0.9658314350797267
GPAB6688_jpg.rf.57296e4a40af7ca9cfdf1f0f28a97d2c.jpg,table_acropora,0,37671,7874,0.0,0.0,0.0,0.0
GPAB6689_jpg.rf.be92867710229776bc9c7cdaf8ee7bb8.jpg,branching_acropora,0,0,3198,0.0,0.0,,0.0
GPAB6689_jpg.rf.be92867710229776bc9c7cdaf8ee7bb8.jpg,finger_acropora,109715,7737,13727,0.8363762492472119,0.9108985694952967,0.9341262813745189,0.8887979779977642
GPAB6689_jpg.rf.be92867710229776bc9c7cdaf8ee7bb8.jpg,finger_porites,0,0,0,1.0,1.0,,
GPAB6689_jpg.rf.be92867710229776bc9c7cdaf8ee7bb8.jpg,knob_porites,0,0,0,1.0,1.0,,
GPAB6689_jpg.rf.be92867710229776bc9c7cdaf8ee7bb8.jpg,mounding_,22582,4481,46184,0.3082993160129425,0.4712978325976479,0.8344233824779219,0.32838902946223425
GPAB6689_jpg.rf.be92867710229776bc9c7cdaf8ee7bb8.jpg,oddball,0,16177,2782,0.0,0.0,0.0,0.0
GPAB6689_jpg.rf.be92867710229776bc9c7cdaf8ee7bb8.jpg,pocillopora_,8998,7615,7410,0.3745577155226242,0.544986523727325,0.5416240293745862,0.5483910287664554
GPAB6689_jpg.rf.be92867710229776bc9c7cdaf8ee7bb8.jpg,table_acropora,20641,7050,479,0.7327298544550941,0.8457519821351744,0.745404644108194,0.9773200757575757
GPAB6690_jpg.rf.58efacb471360e1d9e71b80ee71f6572.jpg,branching_acropora,13634,2982,155,0.8129509271957546,0.896826179904621,0.8205344246509388,0.9887591558488651
GPAB6690_jpg.rf.58efacb471360e1d9e71b80ee71f6572.jpg,finger_acropora,152702,13863,66089,0.6563480533324164,0.7925243151786919,0.9167712304505748,0.6979354726656947
GPAB6690_jpg.rf.58efacb471360e1d9e71b80ee71f6572.jpg,finger_porites,0,0,0,1.0,1.0,,
GPAB6690_jpg.rf.58efacb471360e1d9e71b80ee71f6572.jpg,knob_porites,0,7581,0,0.0,0.0,0.0,
GPAB6690_jpg.rf.58efacb471360e1d9e71b80ee71f6572.jpg,mounding_,1555,47,1485,0.503725299643667,0.6699698405859543,0.970661672908864,0.5115131578947368
GPAB6690_jpg.rf.58efacb471360e1d9e71b80ee71f6572.jpg,oddball,0,0,0,1.0,1.0,,
GPAB6690_jpg.rf.58efacb471360e1d9e71b80ee71f6572.jpg,pocillopora_,1016,3904,1933,0.1482562381438786,0.2582284915491168,0.20650406504065041,0.34452356731095285
GPAB6690_jpg.rf.58efacb471360e1d9e71b80ee71f6572.jpg,table_acropora,19277,27772,6482,0.3601090956641946,0.5295297220085705,0.4097217794214542,0.7483597965759541
GPAB6691_jpg.rf.e53cc0d0f407655cd9ee813792227553.jpg,branching_acropora,49267,450,3603,0.923987246811703,0.9604920701453401,0.9909487700384174,0.9318517117457915
GPAB6691_jpg.rf.e53cc0d0f407655cd9ee813792227553.jpg,finger_acropora,34708,1801,37198,0.4708915028423352,0.6402804040031361,0.9506696978827138,0.4826857285901037
GPAB6691_jpg.rf.e53cc0d0f407655cd9ee813792227553.jpg,finger_porites,0,21460,0,0.0,0.0,0.0,
GPAB6691_jpg.rf.e53cc0d0f407655cd9ee813792227553.jpg,knob_porites,43617,18792,10257,0.6002394517380893,0.7501870436779237,0.6988895832331875,0.8096113152912351
GPAB6691_jpg.rf.e53cc0d0f407655cd9ee813792227553.jpg,mounding_,0,0,0,1.0,1.0,,
GPAB6691_jpg.rf.e53cc0d0f407655cd9ee813792227553.jpg,oddball,0,0,536,0.0,0.0,,0.0
GPAB6691_jpg.rf.e53cc0d0f407655cd9ee813792227553.jpg,pocillopora_,1892,1236,1230,0.4341441027994493,0.60544,0.6048593350383632,0.6060217809096733
GPAB6691_jpg.rf.e53cc0d0f407655cd9ee813792227553.jpg,table_acropora,55093,27776,15559,0.5597289389198196,0.7177259137186444,0.6648203791526385,0.7797797656117308
GPAB6692_jpg.rf.6ad73c56d9ae12964e6c6e531ac3da38.jpg,branching_acropora,0,0,0,1.0,1.0,,
GPAB6692_jpg.rf.6ad73c56d9ae12964e6c6e531ac3da38.jpg,finger_acropora,0,2646,12656,0.0,0.0,0.0,0.0
GPAB6692_jpg.rf.6ad73c56d9ae12964e6c6e531ac3da38.jpg,finger_porites,0,41004,0,0.0,0.0,0.0,
GPAB6692_jpg.rf.6ad73c56d9ae12964e6c6e531ac3da38.jpg,knob_porites,0,0,46004,0.0,0.0,,0.0
GPAB6692_jpg.rf.6ad73c56d9ae12964e6c6e531ac3da38.jpg,mounding_,0,3422,4130,0.0,0.0,0.0,0.0
GPAB6692_jpg.rf.6ad73c56d9ae12964e6c6e531ac3da38.jpg,oddball,0,0,0,1.0,1.0,,
GPAB6692_jpg.rf.6ad73c56d9ae12964e6c6e531ac3da38.jpg,pocillopora_,0,0,0,1.0,1.0,,
GPAB6692_jpg.rf.6ad73c56d9ae12964e6c6e531ac3da38.jpg,table_acropora,52965,549,25158,0.673238255033557,0.8047129606417649,0.989741002354524,0.677969356015514
GPAB6694_jpg.rf.23021e03dc2ebb10427984d31a572e3d.jpg,branching_acropora,0,0,0,1.0,1.0,,
GPAB6694_jpg.rf.23021e03dc2ebb10427984d31a572e3d.jpg,finger_acropora,1236,30845,3502,0.034735688390523566,0.06713924875743502,0.03852747732302609,0.2608695652173913
GPAB6694_jpg.rf.23021e03dc2ebb10427984d31a572e3d.jpg,finger_porites,156993,24775,9471,0.8209256480111274,0.9016575156792024,0.8636998811672022,0.943104815455594
GPAB6694_jpg.rf.23021e03dc2ebb10427984d31a572e3d.jpg,knob_porites,27576,25,11066,0.7131662658080534,0.8325709886327612,0.9990942357160972,0.71362765902386
GPAB6694_jpg.rf.23021e03dc2ebb10427984d31a572e3d.jpg,mounding_,988,61,7485,0.11577220529646122,0.20751942869145137,0.9418493803622497,0.1166056886580904
GPAB6694_jpg.rf.23021e03dc2ebb10427984d31a572e3d.jpg,oddball,0,0,0,1.0,1.0,,
GPAB6694_jpg.rf.23021e03dc2ebb10427984d31a572e3d.jpg,pocillopora_,0,0,0,1.0,1.0,,
GPAB6694_jpg.rf.23021e03dc2ebb10427984d31a572e3d.jpg,table_acropora,3336,6377,141,0.3385427237669982,0.5058377558756634,0.3434572222794193,0.9594477998274374
GPAB6695_jpg.rf.b95d2c9058d219316957c2f1e02a8d4e.jpg,branching_acropora,0,0,0,1.0,1.0,,
GPAB6695_jpg.rf.b95d2c9058d219316957c2f1e02a8d4e.jpg,finger_acropora,4485,116,7452,0.3721065294947316,0.5423872294110533,0.9747880895457509,0.37572254335260113
GPAB6695_jpg.rf.b95d2c9058d219316957c2f1e02a8d4e.jpg,finger_porites,201436,51411,168325,0.4782749090632806,0.6470716727057796,0.7966715049021741,0.5447735158656538
GPAB6695_jpg.rf.b95d2c9058d219316957c2f1e02a8d4e.jpg,knob_porites,24951,14197,55298,0.264182707578934,0.41795019975376263,0.637350567078778,0.31091976224002793
GPAB6695_jpg.rf.b95d2c9058d219316957c2f1e02a8d4e.jpg,mounding_,0,1259,0,0.0,0.0,0.0,
GPAB6695_jpg.rf.b95d2c9058d219316957c2f1e02a8d4e.jpg,oddball,0,0,0,1.0,1.0,,
GPAB6695_jpg.rf.b95d2c9058d219316957c2f1e02a8d4e.jpg,pocillopora_,0,0,0,1.0,1.0,,
GPAB6695_jpg.rf.b95d2c9058d219316957c2f1e02a8d4e.jpg,table_acropora,0,28762,0,0.0,0.0,0.0,
GPAB6696_jpg.rf.7b1873494355502f46e4f7212e94cfcf.jpg,branching_acropora,0,0,0,1.0,1.0,,
GPAB6696_jpg.rf.7b1873494355502f46e4f7212e94cfcf.jpg,finger_acropora,6690,17976,16274,0.16340986809965805,0.2809153894604241,0.27122354658234005,0.29132555303954016
GPAB6696_jpg.rf.7b1873494355502f46e4f7212e94cfcf.jpg,finger_porites,0,50026,0,0.0,0.0,0.0,
GPAB6696_jpg.rf.7b1873494355502f46e4f7212e94cfcf.jpg,knob_porites,17398,254,83264,0.1724008085932855,0.2940987541626519,0.9856106956718785,0.17283582682640916
GPAB6696_jpg.rf.7b1873494355502f46e4f7212e94cfcf.jpg,mounding_,3978,1955,2048,0.4984337802280416,0.6652730161384731,0.670487106017192,0.6601393959508796
GPAB6696_jpg.rf.7b1873494355502f46e4f7212e94cfcf.jpg,oddball,0,0,0,1.0,1.0,,
GPAB6696_jpg.rf.7b1873494355502f46e4f7212e94cfcf.jpg,pocillopora_,0,3745,0,0.0,0.0,0.0,
GPAB6696_jpg.rf.7b1873494355502f46e4f7212e94cfcf.jpg,table_acropora,1812,19,16857,0.09696061643835617,0.17678048780487804,0.9896231567449482,0.09705929615940864
GPAB6699_jpg.rf.1f86c763a14196b5d571d2540d89638c.jpg,branching_acropora,0,0,0,1.0,1.0,,
GPAB6699_jpg.rf.1f86c763a14196b5d571d2540d89638c.jpg,finger_acropora,0,0,1462,0.0,0.0,,0.0
GPAB6699_jpg.rf.1f86c763a14196b5d571d2540d89638c.jpg,finger_porites,0,0,16751,0.0,0.0,,0.0
GPAB6699_jpg.rf.1f86c763a14196b5d571d2540d89638c.jpg,knob_porites,0,42101,0,0.0,0.0,0.0,
GPAB6699_jpg.rf.1f86c763a14196b5d571d2540d89638c.jpg,mounding_,0,2803,21218,0.0,0.0,0.0,0.0
GPAB6699_jpg.rf.1f86c763a14196b5d571d2540d89638c.jpg,oddball,0,0,0,1.0,1.0,,
GPAB6699_jpg.rf.1f86c763a14196b5d571d2540d89638c.jpg,pocillopora_,0,0,0,1.0,1.0,,
GPAB6699_jpg.rf.1f86c763a14196b5d571d2540d89638c.jpg,table_acropora,16920,40159,3095,0.28118456476218967,0.43894466495447115,0.2964312619352126,0.8453659755183612
GPAB6700_jpg.rf.f7961569fdb6334ea3abacfaa8f67f96.jpg,branching_acropora,0,0,0,1.0,1.0,,
GPAB6700_jpg.rf.f7961569fdb6334ea3abacfaa8f67f96.jpg,finger_acropora,0,0,0,1.0,1.0,,
GPAB6700_jpg.rf.f7961569fdb6334ea3abacfaa8f67f96.jpg,finger_porites,0,0,0,1.0,1.0,,
GPAB6700_jpg.rf.f7961569fdb6334ea3abacfaa8f67f96.jpg,knob_porites,0,23001,0,0.0,0.0,0.0,
GPAB6700_jpg.rf.f7961569fdb6334ea3abacfaa8f67f96.jpg,mounding_,0,0,12997,0.0,0.0,,0.0
GPAB6700_jpg.rf.f7961569fdb6334ea3abacfaa8f67f96.jpg,oddball,0,0,0,1.0,1.0,,
GPAB6700_jpg.rf.f7961569fdb6334ea3abacfaa8f67f96.jpg,pocillopora_,0,0,0,1.0,1.0,,
GPAB6700_jpg.rf.f7961569fdb6334ea3abacfaa8f67f96.jpg,table_acropora,0,14027,0,0.0,0.0,0.0,
GPAB6701_jpg.rf.149875ae1fe458dc6e8531c3f26d32f6.jpg,branching_acropora,0,0,0,1.0,1.0,,
GPAB6701_jpg.rf.149875ae1fe458dc6e8531c3f26d32f6.jpg,finger_acropora,2038,22,3155,0.39079578139980825,0.5619743554391287,0.9893203883495145,0.3924513768534566
GPAB6701_jpg.rf.149875ae1fe458dc6e8531c3f26d32f6.jpg,finger_porites,0,0,0,1.0,1.0,,
GPAB6701_jpg.rf.149875ae1fe458dc6e8531c3f26d32f6.jpg,knob_porites,24322,13775,560,0.6291745350130636,0.7723844456088538,0.6384229729375016,0.9774937705972189
GPAB6701_jpg.rf.149875ae1fe458dc6e8531c3f26d32f6.jpg,mounding_,0,0,0,1.0,1.0,,
GPAB6701_jpg.rf.149875ae1fe458dc6e8531c3f26d32f6.jpg,oddball,0,0,0,1.0,1.0,,
GPAB6701_jpg.rf.149875ae1fe458dc6e8531c3f26d32f6.jpg,pocillopora_,0,0,0,1.0,1.0,,
GPAB6701_jpg.rf.149875ae1fe458dc6e8531c3f26d32f6.jpg,table_acropora,0,0,0,1.0,1.0,,
GPAB6704_jpg.rf.9790ef8bf24b48dda270de4b435b6865.jpg,branching_acropora,0,0,0,1.0,1.0,,
GPAB6704_jpg.rf.9790ef8bf24b48dda270de4b435b6865.jpg,finger_acropora,916,1793,6607,0.09832546157148991,0.17904612978889758,0.33813215208564046,0.12175993619566662
GPAB6704_jpg.rf.9790ef8bf24b48dda270de4b435b6865.jpg,finger_porites,24731,9721,457,0.7084419490675757,0.8293427230046948,0.7178393126668988,0.9818564395744005
GPAB6704_jpg.rf.9790ef8bf24b48dda270de4b435b6865.jpg,knob_porites,26022,3097,932,0.8659279225316961,0.9281472366379541,0.893643325663656,0.9654225717889738
GPAB6704_jpg.rf.9790ef8bf24b48dda270de4b435b6865.jpg,mounding_,3616,117,2206,0.6088567098838188,0.7568812140240712,0.9686579158853469,0.6210924081071797
GPAB6704_jpg.rf.9790ef8bf24b48dda270de4b435b6865.jpg,oddball,0,0,0,1.0,1.0,,
GPAB6704_jpg.rf.9790ef8bf24b48dda270de4b435b6865.jpg,pocillopora_,0,0,0,1.0,1.0,,
GPAB6704_jpg.rf.9790ef8bf24b48dda270de4b435b6865.jpg,table_acropora,12806,3499,14260,0.4189759528872894,0.5905328445274493,0.7854032505366452,0.4731397325057267
GPAB6705_jpg.rf.01585a7db7bb160584e50946bb0e8993.jpg,branching_acropora,2253,42,547,0.7927515833919775,0.884396467124632,0.9816993464052287,0.8046428571428571
GPAB6705_jpg.rf.01585a7db7bb160584e50946bb0e8993.jpg,finger_acropora,6149,325,16025,0.2733010356015823,0.4292795308573024,0.9497991967871486,0.27730675565978175
GPAB6705_jpg.rf.01585a7db7bb160584e50946bb0e8993.jpg,finger_porites,102876,87679,19283,0.49026391787950707,0.6579558318463516,0.5398756264595523,0.842148347645282
GPAB6705_jpg.rf.01585a7db7bb160584e50946bb0e8993.jpg,knob_porites,29235,13559,23341,0.4420503515536403,0.6130858760616547,0.683156517268776,0.5560521911138162
GPAB6705_jpg.rf.01585a7db7bb160584e50946bb0e8993.jpg,mounding_,683,319,2102,0.22003865979381443,0.3607076841827304,0.6816367265469062,0.2452423698384201
GPAB6705_jpg.rf.01585a7db7bb160584e50946bb0e8993.jpg,oddball,0,0,15218,0.0,0.0,,0.0
GPAB6705_jpg.rf.01585a7db7bb160584e50946bb0e8993.jpg,pocillopora_,0,0,0,1.0,1.0,,
GPAB6705_jpg.rf.01585a7db7bb160584e50946bb0e8993.jpg,table_acropora,66563,12592,849,0.8319959002049897,0.9082945001262221,0.8409197144842397,0.987405803121106
GPAB6706_jpg.rf.9f01d89475c6a9d588cbb65cc6f65da0.jpg,branching_acropora,26418,793,1006,0.9362441081617464,0.9670723894939142,0.9708573738561611,0.9633168028004667
GPAB6706_jpg.rf.9f01d89475c6a9d588cbb65cc6f65da0.jpg,finger_acropora,13824,2039,14027,0.46249581799933087,0.6324747220570069,0.8714618924541385,0.4963556066209472
GPAB6706_jpg.rf.9f01d89475c6a9d588cbb65cc6f65da0.jpg,finger_porites,97208,89956,41843,0.4244761077172314,0.5959750471314931,0.5193733837703832,0.6990816319192239
GPAB6706_jpg.rf.9f01d89475c6a9d588cbb65cc6f65da0.jpg,knob_porites,19253,10666,33972,0.301341346981578,0.4631242182238045,0.6435041278117584,0.36172851103804604
GPAB6706_jpg.rf.9f01d89475c6a9d588cbb65cc6f65da0.jpg,mounding_,0,76001,0,0.0,0.0,0.0,
GPAB6706_jpg.rf.9f01d89475c6a9d588cbb65cc6f65da0.jpg,oddball,0,0,14767,0.0,0.0,,0.0
GPAB6706_jpg.rf.9f01d89475c6a9d588cbb65cc6f65da0.jpg,pocillopora_,0,0,0,1.0,1.0,,
GPAB6706_jpg.rf.9f01d89475c6a9d588cbb65cc6f65da0.jpg,table_acropora,38479,9103,105762,0.2509325438230384,0.4011927662480516,0.8086881593880039,0.2667688105323729
GPAB6710_jpg.rf.9e215ac6bc82835890363fb4d212536b.jpg,branching_acropora,48718,3927,1209,0.9046310394771048,0.9499278555551223,0.9254060214645266,0.9757846455825505
GPAB6710_jpg.rf.9e215ac6bc82835890363fb4d212536b.jpg,finger_acropora,13052,3889,22943,0.3272490221642764,0.4931237721021611,0.7704385809574406,0.3626059174885401
GPAB6710_jpg.rf.9e215ac6bc82835890363fb4d212536b.jpg,finger_porites,0,66039,0,0.0,0.0,0.0,
GPAB6710_jpg.rf.9e215ac6bc82835890363fb4d212536b.jpg,knob_porites,62808,30454,14707,0.5817225314673656,0.7355557247170287,0.6734575711436598,0.8102689801973811
GPAB6710_jpg.rf.9e215ac6bc82835890363fb4d212536b.jpg,mounding_,0,0,5292,0.0,0.0,,0.0
GPAB6710_jpg.rf.9e215ac6bc82835890363fb4d212536b.jpg,oddball,1203,194,70,0.820040899795501,0.9011235955056179,0.8611309949892627,0.9450117831893166
GPAB6710_jpg.rf.9e215ac6bc82835890363fb4d212536b.jpg,pocillopora_,0,0,0,1.0,1.0,,
GPAB6710_jpg.rf.9e215ac6bc82835890363fb4d212536b.jpg,table_acropora,62776,12461,24472,0.6295921130489726,0.7726990183709266,0.834376702952005,0.7195121951219512
GPAB6711_jpg.rf.0304d9a3dd979cd916641d89cb49b8f0.jpg,branching_acropora,0,0,0,1.0,1.0,,
GPAB6711_jpg.rf.0304d9a3dd979cd916641d89cb49b8f0.jpg,finger_acropora,10771,4359,24223,0.27370213198485505,0.4297741600829942,0.7118968935888962,0.30779562210664685
GPAB6711_jpg.rf.0304d9a3dd979cd916641d89cb49b8f0.jpg,finger_porites,29354,2089,4004,0.8281095720371259,0.9059736732457833,0.9335623191171326,0.8799688230709275
GPAB6711_jpg.rf.0304d9a3dd979cd916641d89cb49b8f0.jpg,knob_porites,72189,16338,14147,0.7030893897189162,0.8256635194409337,0.815446135077434,0.8361401964418087
GPAB6711_jpg.rf.0304d9a3dd979cd916641d89cb49b8f0.jpg,mounding_,0,0,14026,0.0,0.0,,0.0
GPAB6711_jpg.rf.0304d9a3dd979cd916641d89cb49b8f0.jpg,oddball,0,0,0,1.0,1.0,,
GPAB6711_jpg.rf.0304d9a3dd979cd916641d89cb49b8f0.jpg,pocillopora_,0,0,0,1.0,1.0,,
GPAB6711_jpg.rf.0304d9a3dd979cd916641d89cb49b8f0.jpg,table_acropora,27450,5472,16106,0.5598841478338908,0.7178535003530427,0.8337889557135046,0.6302231609881532
GPAB6712_jpg.rf.822cd24c51032f70db27a6d6f422a8c4.jpg,branching_acropora,12166,1063,832,0.8652300689851362,0.9277462157318793,0.9196462317635498,0.9359901523311278
GPAB6712_jpg.rf.822cd24c51032f70db27a6d6f422a8c4.jpg,finger_acropora,7411,6647,42075,0.13202572461831721,0.2332556968399849,0.5271731398491962,0.14975952794729822
GPAB6712_jpg.rf.822cd24c51032f70db27a6d6f422a8c4.jpg,finger_porites,28100,61751,539,0.31087509680274367,0.4743016288294371,0.3127399806346062,0.9811795104577674
GPAB6712_jpg.rf.822cd24c51032f70db27a6d6f422a8c4.jpg,knob_porites,20530,27257,2620,0.4072847025214752,0.5788234630728675,0.4296147487810492,0.8868250539956803
GPAB6712_jpg.rf.822cd24c51032f70db27a6d6f422a8c4.jpg,mounding_,0,0,11231,0.0,0.0,,0.0
GPAB6712_jpg.rf.822cd24c51032f70db27a6d6f422a8c4.jpg,oddball,0,0,0,1.0,1.0,,
GPAB6712_jpg.rf.822cd24c51032f70db27a6d6f422a8c4.jpg,pocillopora_,0,0,0,1.0,1.0,,
GPAB6712_jpg.rf.822cd24c51032f70db27a6d6f422a8c4.jpg,table_acropora,12453,26936,8295,0.26115678214914856,0.41415434757304154,0.3161542562644393,0.6002024291497976
GPAB6713_jpg.rf.27d0d3fc4947952724f70345fd4f81b9.jpg,branching_acropora,22952,758,13192,0.6219717088504688,0.7669328699836269,0.9680303669337832,0.6350154935812307
GPAB6713_jpg.rf.27d0d3fc4947952724f70345fd4f81b9.jpg,finger_acropora,29285,12306,33320,0.3909305709441871,0.5621137087796076,0.704118679522012,0.46777413944573115
GPAB6713_jpg.rf.27d0d3fc4947952724f70345fd4f81b9.jpg,finger_porites,5060,103269,8515,0.0433056040532676,0.08301614385089907,0.04670956069011991,0.37274401473296503
GPAB6713_jpg.rf.27d0d3fc4947952724f70345fd4f81b9.jpg,knob_porites,13892,15417,55556,0.1636952807399988,0.28133701914800974,0.4739841004469617,0.20003455823061858
GPAB6713_jpg.rf.27d0d3fc4947952724f70345fd4f81b9.jpg,mounding_,1224,7433,16505,0.04864478181384627,0.09277647237171227,0.14138847175695968,0.0690394269276327
GPAB6713_jpg.rf.27d0d3fc4947952724f70345fd4f81b9.jpg,oddball,0,0,0,1.0,1.0,,
GPAB6713_jpg.rf.27d0d3fc4947952724f70345fd4f81b9.jpg,pocillopora_,0,2358,0,0.0,0.0,0.0,
GPAB6713_jpg.rf.27d0d3fc4947952724f70345fd4f81b9.jpg,table_acropora,60731,17791,77273,0.38981353701980165,0.5609580373719554,0.7734265556149869,0.4400669545810266
GPAB6714_jpg.rf.d664e0d22c48cb5ba50f7da1a60f33a3.jpg,branching_acropora,1995,3377,169,0.36004331348132107,0.5294585987261147,0.37137006701414743,0.9219038817005545
GPAB6714_jpg.rf.d664e0d22c48cb5ba50f7da1a60f33a3.jpg,finger_acropora,17713,2496,34815,0.32191407385867987,0.48704235808460616,0.8764906724726607,0.3372106305208651
GPAB6714_jpg.rf.d664e0d22c48cb5ba50f7da1a60f33a3.jpg,finger_porites,0,91339,0,0.0,0.0,0.0,
GPAB6714_jpg.rf.d664e0d22c48cb5ba50f7da1a60f33a3.jpg,knob_porites,18323,2044,98479,0.1541743096107568,0.2671594893890019,0.899641577060932,0.15687231383024264
GPAB6714_jpg.rf.d664e0d22c48cb5ba50f7da1a60f33a3.jpg,mounding_,8656,104,3870,0.6853523357086303,0.8133045194024241,0.9881278538812786,0.6910426313268402
GPAB6714_jpg.rf.d664e0d22c48cb5ba50f7da1a60f33a3.jpg,oddball,0,0,0,1.0,1.0,,
GPAB6714_jpg.rf.d664e0d22c48cb5ba50f7da1a60f33a3.jpg,pocillopora_,0,0,0,1.0,1.0,,
GPAB6714_jpg.rf.d664e0d22c48cb5ba50f7da1a60f33a3.jpg,table_acropora,304163,16469,13683,0.9098096106964988,0.952775193507059,0.9486358192569675,0.9569508504118347
GPAB6717_jpg.rf.d75823f43240ef0ce9f9964a1c4519d3.jpg,branching_acropora,0,0,0,1.0,1.0,,
GPAB6717_jpg.rf.d75823f43240ef0ce9f9964a1c4519d3.jpg,finger_acropora,2363,3368,3174,0.26535654126895003,0.41941782037628683,0.4123189670214622,0.42676539642405636
GPAB6717_jpg.rf.d75823f43240ef0ce9f9964a1c4519d3.jpg,finger_porites,18274,7680,1867,0.6568419539197009,0.7928842607658098,0.7040918548200663,0.9073035102527184
GPAB6717_jpg.rf.d75823f43240ef0ce9f9964a1c4519d3.jpg,knob_porites,1823,87,8590,0.17361904761904762,0.29586951229408426,0.9544502617801047,0.17506962450782676
GPAB6717_jpg.rf.d75823f43240ef0ce9f9964a1c4519d3.jpg,mounding_,5337,143,2021,0.7115051326489802,0.8314379186789219,0.9739051094890511,0.7253329709160098
GPAB6717_jpg.rf.d75823f43240ef0ce9f9964a1c4519d3.jpg,oddball,0,3302,0,0.0,0.0,0.0,
GPAB6717_jpg.rf.d75823f43240ef0ce9f9964a1c4519d3.jpg,pocillopora_,0,0,0,1.0,1.0,,
GPAB6717_jpg.rf.d75823f43240ef0ce9f9964a1c4519d3.jpg,table_acropora,0,19272,0,0.0,0.0,0.0,
GPAB6718_jpg.rf.0f4f6dd3bde84d2d235fde632ef8b650.jpg,branching_acropora,0,0,0,1.0,1.0,,
GPAB6718_jpg.rf.0f4f6dd3bde84d2d235fde632ef8b650.jpg,finger_acropora,3264,5297,9970,0.1761372834709406,0.29951823812801104,0.38126387104310244,0.24663744899501286
GPAB6718_jpg.rf.0f4f6dd3bde84d2d235fde632ef8b650.jpg,finger_porites,5108,70100,12977,0.05792368316607133,0.10950446442927123,0.06791830656313158,0.28244401437655514
GPAB6718_jpg.rf.0f4f6dd3bde84d2d235fde632ef8b650.jpg,knob_porites,7348,15311,73051,0.07677358687702435,0.14259931300820897,0.3242861556114568,0.09139417156929812
GPAB6718_jpg.rf.0f4f6dd3bde84d2d235fde632ef8b650.jpg,mounding_,0,0,24004,0.0,0.0,,0.0
GPAB6718_jpg.rf.0f4f6dd3bde84d2d235fde632ef8b650.jpg,oddball,0,0,539,0.0,0.0,,0.0
GPAB6718_jpg.rf.0f4f6dd3bde84d2d235fde632ef8b650.jpg,pocillopora_,0,0,0,1.0,1.0,,
GPAB6718_jpg.rf.0f4f6dd3bde84d2d235fde632ef8b650.jpg,table_acropora,5504,10141,1982,0.31224825551710444,0.4758981453460724,0.3518056887184404,0.7352391130109538
GPAB6720_jpg.rf.470f598882af8d62b6eb1b2dd1b45516.jpg,branching_acropora,0,0,0,1.0,1.0,,
GPAB6720_jpg.rf.470f598882af8d62b6eb1b2dd1b45516.jpg,finger_acropora,3775,5991,5419,0.24860059269015475,0.3982067510548523,0.38654515666598405,0.41059386556449856
GPAB6720_jpg.rf.470f598882af8d62b6eb1b2dd1b45516.jpg,finger_porites,40761,17482,25162,0.4887117079311792,0.6565565452700417,0.6998437580481774,0.6183122734098873
GPAB6720_jpg.rf.470f598882af8d62b6eb1b2dd1b45516.jpg,knob_porites,15281,34220,20352,0.21875939472893074,0.35898700871567174,0.30870083432657924,0.42884404905565066
GPAB6720_jpg.rf.470f598882af8d62b6eb1b2dd1b45516.jpg,mounding_,0,38964,8560,0.0,0.0,0.0,0.0
GPAB6720_jpg.rf.470f598882af8d62b6eb1b2dd1b45516.jpg,oddball,0,0,0,1.0,1.0,,
GPAB6720_jpg.rf.470f598882af8d62b6eb1b2dd1b45516.jpg,pocillopora_,0,0,0,1.0,1.0,,
GPAB6720_jpg.rf.470f598882af8d62b6eb1b2dd1b45516.jpg,table_acropora,5886,2262,44651,0.11147938407924393,0.20059640453267444,0.7223858615611193,0.11646912163365455
GPAB6721_jpg.rf.6d79cc0bee61efd5fc70bf8565773f07.jpg,branching_acropora,0,19063,0,0.0,0.0,0.0,
GPAB6721_jpg.rf.6d79cc0bee61efd5fc70bf8565773f07.jpg,finger_acropora,0,2481,7956,0.0,0.0,0.0,0.0
GPAB6721_jpg.rf.6d79cc0bee61efd5fc70bf8565773f07.jpg,finger_porites,36985,51798,13818,0.3604740694535141,0.5299242044331094,0.4165774979444263,0.7280081884928056
GPAB6721_jpg.rf.6d79cc0bee61efd5fc70bf8565773f07.jpg,knob_porites,66352,2898,60680,0.5106749788347572,0.6760884849349406,0.9581516245487365,0.5223250834435418
GPAB6721_jpg.rf.6d79cc0bee61efd5fc70bf8565773f07.jpg,mounding_,3677,86,21127,0.14773001205303335,0.2574299016347534,0.9771458942333244,0.148242218996936
GPAB6721_jpg.rf.6d79cc0bee61efd5fc70bf8565773f07.jpg,oddball,0,0,0,1.0,1.0,,
GPAB6721_jpg.rf.6d79cc0bee61efd5fc70bf8565773f07.jpg,pocillopora_,0,0,0,1.0,1.0,,
GPAB6721_jpg.rf.6d79cc0bee61efd5fc70bf8565773f07.jpg,table_acropora,33175,25737,7197,0.5018227472810056,0.6682849200273961,0.5631280554046714,0.8217328841771525
GPAB6722_jpg.rf.3905acae98248caaa1018f868607f294.jpg,branching_acropora,0,0,0,1.0,1.0,,
GPAB6722_jpg.rf.3905acae98248caaa1018f868607f294.jpg,finger_acropora,0,1774,12461,0.0,0.0,0.0,0.0
GPAB6722_jpg.rf.3905acae98248caaa1018f868607f294.jpg,finger_porites,33262,14922,14786,0.5282197872002541,0.6912877213400948,0.6903121368088992,0.6922660672660673
GPAB6722_jpg.rf.3905acae98248caaa1018f868607f294.jpg,knob_porites,61231,30982,65485,0.3882801303757816,0.5593685624106446,0.6640170041100496,0.483214432273746
GPAB6722_jpg.rf.3905acae98248caaa1018f868607f294.jpg,mounding_,10474,1466,2693,0.7157794027198797,0.8343489863384713,0.8772194304857621,0.7954735323156376
GPAB6722_jpg.rf.3905acae98248caaa1018f868607f294.jpg,oddball,0,0,0,1.0,1.0,,
GPAB6722_jpg.rf.3905acae98248caaa1018f868607f294.jpg,pocillopora_,0,0,0,1.0,1.0,,
GPAB6722_jpg.rf.3905acae98248caaa1018f868607f294.jpg,table_acropora,2965,2914,135,0.49301629531094115,0.6604298919701526,0.5043374723592448,0.9564516129032258
GPAB6723_jpg.rf.a9391a805eef75647fdc4a53714dddc1.jpg,branching_acropora,0,0,0,1.0,1.0,,
GPAB6723_jpg.rf.a9391a805eef75647fdc4a53714dddc1.jpg,finger_acropora,0,1803,3960,0.0,0.0,0.0,0.0
GPAB6723_jpg.rf.a9391a805eef75647fdc4a53714dddc1.jpg,finger_porites,0,13003,0,0.0,0.0,0.0,
GPAB6723_jpg.rf.a9391a805eef75647fdc4a53714dddc1.jpg,knob_porites,112119,31003,15871,0.7051819891441762,0.8271046652306058,0.7833806123447129,0.8759981248535041
GPAB6723_jpg.rf.a9391a805eef75647fdc4a53714dddc1.jpg,mounding_,0,0,7423,0.0,0.0,,0.0
GPAB6723_jpg.rf.a9391a805eef75647fdc4a53714dddc1.jpg,oddball,0,0,0,1.0,1.0,,
GPAB6723_jpg.rf.a9391a805eef75647fdc4a53714dddc1.jpg,pocillopora_,0,0,0,1.0,1.0,,
GPAB6723_jpg.rf.a9391a805eef75647fdc4a53714dddc1.jpg,table_acropora,1903,10710,16904,0.06447132161127486,0.12113303628262254,0.1508760802346785,0.10118572871803053
GPAB6724_jpg.rf.abb977d8b1d48600b80c49827e043ca3.jpg,branching_acropora,0,17079,0,0.0,0.0,0.0,
GPAB6724_jpg.rf.abb977d8b1d48600b80c49827e043ca3.jpg,finger_acropora,4387,1190,11365,0.25894227363947586,0.41136480847672185,0.7866236327774789,0.2785043169121381
GPAB6724_jpg.rf.abb977d8b1d48600b80c49827e043ca3.jpg,finger_porites,0,12476,5618,0.0,0.0,0.0,0.0
GPAB6724_jpg.rf.abb977d8b1d48600b80c49827e043ca3.jpg,knob_porites,55545,31058,22525,0.5089894435891796,0.674609681004172,0.6413750101035761,0.7114768797233252
GPAB6724_jpg.rf.abb977d8b1d48600b80c49827e043ca3.jpg,mounding_,7602,9624,9019,0.2896551724137931,0.44919786096256686,0.44130964820619994,0.45737320257505565
GPAB6724_jpg.rf.abb977d8b1d48600b80c49827e043ca3.jpg,oddball,0,0,0,1.0,1.0,,
GPAB6724_jpg.rf.abb977d8b1d48600b80c49827e043ca3.jpg,pocillopora_,0,0,0,1.0,1.0,,
GPAB6724_jpg.rf.abb977d8b1d48600b80c49827e043ca3.jpg,table_acropora,2638,8106,16143,0.09811433034552014,0.1786960203217612,0.24553239017125839,0.14046110430754485
GPAB6725_jpg.rf.990d5f2625903257e8bc17df9fa2bf20.jpg,branching_acropora,0,0,0,1.0,1.0,,
GPAB6725_jpg.rf.990d5f2625903257e8bc17df9fa2bf20.jpg,finger_acropora,3287,128,32106,0.09253680921145238,0.16939806225520512,0.9625183016105417,0.09287147175995253
GPAB6725_jpg.rf.990d5f2625903257e8bc17df9fa2bf20.jpg,finger_porites,25553,1897,27052,0.46884517999339476,0.6383861095496846,0.9308925318761384,0.4857523049139816
GPAB6725_jpg.rf.990d5f2625903257e8bc17df9fa2bf20.jpg,knob_porites,90855,23886,6239,0.7509918994875185,0.8577902612882669,0.7918268099458781,0.9357426823490638
GPAB6725_jpg.rf.990d5f2625903257e8bc17df9fa2bf20.jpg,mounding_,0,7188,15605,0.0,0.0,0.0,0.0
GPAB6725_jpg.rf.990d5f2625903257e8bc17df9fa2bf20.jpg,oddball,0,0,1849,0.0,0.0,,0.0
GPAB6725_jpg.rf.990d5f2625903257e8bc17df9fa2bf20.jpg,pocillopora_,0,0,0,1.0,1.0,,
GPAB6725_jpg.rf.990d5f2625903257e8bc17df9fa2bf20.jpg,table_acropora,6676,17478,11652,0.18644919845835894,0.31429782025328373,0.2763931439927134,0.3642514185945002
GPAB6726_jpg.rf.6e8b4f32f5c8ad2068d284eea6b3ba73.jpg,branching_acropora,0,0,0,1.0,1.0,,
GPAB6726_jpg.rf.6e8b4f32f5c8ad2068d284eea6b3ba73.jpg,finger_acropora,4483,1254,55985,0.0726321246881177,0.13542783777660297,0.7814188600313753,0.07413838724614673
GPAB6726_jpg.rf.6e8b4f32f5c8ad2068d284eea6b3ba73.jpg,finger_porites,51533,18984,76829,0.3497414249453667,0.5182347055244646,0.7307883205468185,0.40146616599928325
GPAB6726_jpg.rf.6e8b4f32f5c8ad2068d284eea6b3ba73.jpg,knob_porites,45568,36327,43725,0.3627447858621239,0.5323737645162044,0.5564198058489529,0.510319957891436
GPAB6726_jpg.rf.6e8b4f32f5c8ad2068d284eea6b3ba73.jpg,mounding_,0,1278,14092,0.0,0.0,0.0,0.0
GPAB6726_jpg.rf.6e8b4f32f5c8ad2068d284eea6b3ba73.jpg,oddball,0,0,0,1.0,1.0,,
GPAB6726_jpg.rf.6e8b4f32f5c8ad2068d284eea6b3ba73.jpg,pocillopora_,0,0,0,1.0,1.0,,
GPAB6726_jpg.rf.6e8b4f32f5c8ad2068d284eea6b3ba73.jpg,table_acropora,13091,14310,9732,0.3525435596369806,0.5213045555909526,0.47775628626692457,0.5735880471454234
GPAB6727_jpg.rf.2b47a87edd848492b696c791dce918bb.jpg,branching_acropora,15633,7825,482,0.6530075187969925,0.7900841482829202,0.6664251001790434,0.9700899782811045
GPAB6727_jpg.rf.2b47a87edd848492b696c791dce918bb.jpg,finger_acropora,3186,1577,14778,0.16304180952868327,0.28037136445637345,0.6689061515851354,0.17735470941883769
GPAB6727_jpg.rf.2b47a87edd848492b696c791dce918bb.jpg,finger_porites,0,31008,0,0.0,0.0,0.0,
GPAB6727_jpg.rf.2b47a87edd848492b696c791dce918bb.jpg,knob_porites,91569,17485,19294,0.7134431389659364,0.8327596320429981,0.8396665871953344,0.8259653806950922
GPAB6727_jpg.rf.2b47a87edd848492b696c791dce918bb.jpg,mounding_,0,2593,12089,0.0,0.0,0.0,0.0
GPAB6727_jpg.rf.2b47a87edd848492b696c791dce918bb.jpg,oddball,0,2290,1493,0.0,0.0,0.0,0.0
GPAB6727_jpg.rf.2b47a87edd848492b696c791dce918bb.jpg,pocillopora_,0,0,0,1.0,1.0,,
GPAB6727_jpg.rf.2b47a87edd848492b696c791dce918bb.jpg,table_acropora,12412,15705,15011,0.2877944722685958,0.44695714800144043,0.44144112102998184,0.452612770302301
GPAB6728_jpg.rf.c94a7a80fbc13b2ef9bf80be068ef9ee.jpg,branching_acropora,20294,1741,695,0.8928288605367356,0.9433804388248419,0.9209893351486271,0.9668874172185431
GPAB6728_jpg.rf.c94a7a80fbc13b2ef9bf80be068ef9ee.jpg,finger_acropora,4508,4400,14605,0.1917237272997916,0.3217586809892581,0.5060619667714414,0.2358604091456077
GPAB6728_jpg.rf.c94a7a80fbc13b2ef9bf80be068ef9ee.jpg,finger_porites,0,33032,11204,0.0,0.0,0.0,0.0
GPAB6728_jpg.rf.c94a7a80fbc13b2ef9bf80be068ef9ee.jpg,knob_porites,32278,34406,38850,0.30585403756135465,0.46843525962905985,0.48404414852138444,0.45380159712068385
GPAB6728_jpg.rf.c94a7a80fbc13b2ef9bf80be068ef9ee.jpg,mounding_,0,0,4844,0.0,0.0,,0.0
GPAB6728_jpg.rf.c94a7a80fbc13b2ef9bf80be068ef9ee.jpg,oddball,0,0,0,1.0,1.0,,
GPAB6728_jpg.rf.c94a7a80fbc13b2ef9bf80be068ef9ee.jpg,pocillopora_,0,0,0,1.0,1.0,,
GPAB6728_jpg.rf.c94a7a80fbc13b2ef9bf80be068ef9ee.jpg,table_acropora,11703,5219,15299,0.36321032866763914,0.5328749658501047,0.6915849190403026,0.4334123398266795
GPAB6729_jpg.rf.252f5cc0c0084ddbc28a453a606bd948.jpg,branching_acropora,6509,2883,1752,0.58408111988514,0.7374383957401008,0.6930366269165247,0.7879191381188718
GPAB6729_jpg.rf.252f5cc0c0084ddbc28a453a606bd948.jpg,finger_acropora,3951,3035,9884,0.23420272673384707,0.37952067624033425,0.5655596908101919,0.2855800505963137
GPAB6729_jpg.rf.252f5cc0c0084ddbc28a453a606bd948.jpg,finger_porites,0,0,0,1.0,1.0,,
GPAB6729_jpg.rf.252f5cc0c0084ddbc28a453a606bd948.jpg,knob_porites,31677,17305,18942,0.46635946057358224,0.6360779510245881,0.6467069535747826,0.625792686540627
GPAB6729_jpg.rf.252f5cc0c0084ddbc28a453a606bd948.jpg,mounding_,0,0,3490,0.0,0.0,,0.0
GPAB6729_jpg.rf.252f5cc0c0084ddbc28a453a606bd948.jpg,oddball,0,0,0,1.0,1.0,,
GPAB6729_jpg.rf.252f5cc0c0084ddbc28a453a606bd948.jpg,pocillopora_,0,0,0,1.0,1.0,,
GPAB6729_jpg.rf.252f5cc0c0084ddbc28a453a606bd948.jpg,table_acropora,16175,10654,2884,0.5443745162050281,0.7049773361227336,0.6028923925602893,0.8486804134529619
GPAB6730_jpg.rf.faeabf355c420e2ba8d4915690db7746.jpg,branching_acropora,3646,69,736,0.8191417658953044,0.9005804618994689,0.9814266487213997,0.8320401643085349
GPAB6730_jpg.rf.faeabf355c420e2ba8d4915690db7746.jpg,finger_acropora,0,0,8736,0.0,0.0,,0.0
GPAB6730_jpg.rf.faeabf355c420e2ba8d4915690db7746.jpg,finger_porites,0,29970,0,0.0,0.0,0.0,
GPAB6730_jpg.rf.faeabf355c420e2ba8d4915690db7746.jpg,knob_porites,22071,9351,35209,0.33124221458480285,0.49764379608126086,0.7024059576093183,0.3853177374301676
GPAB6730_jpg.rf.faeabf355c420e2ba8d4915690db7746.jpg,mounding_,0,0,0,1.0,1.0,,
GPAB6730_jpg.rf.faeabf355c420e2ba8d4915690db7746.jpg,oddball,0,0,0,1.0,1.0,,
GPAB6730_jpg.rf.faeabf355c420e2ba8d4915690db7746.jpg,pocillopora_,0,0,0,1.0,1.0,,
GPAB6730_jpg.rf.faeabf355c420e2ba8d4915690db7746.jpg,table_acropora,0,2354,2429,0.0,0.0,0.0,0.0
GPAB6731_jpg.rf.9aff60cc937711da4f513b555afdcc79.jpg,branching_acropora,28600,1406,404,0.9404801052285432,0.9693272326724284,0.9531427047923748,0.986070886774238
GPAB6731_jpg.rf.9aff60cc937711da4f513b555afdcc79.jpg,finger_acropora,3670,650,18927,0.15786983266658064,0.2726901214845637,0.8495370370370371,0.16241093950524405
GPAB6731_jpg.rf.9aff60cc937711da4f513b555afdcc79.jpg,finger_porites,0,65293,0,0.0,0.0,0.0,
GPAB6731_jpg.rf.9aff60cc937711da4f513b555afdcc79.jpg,knob_porites,8579,11435,37660,0.14874986995873357,0.2589769519870798,0.4286499450384731,0.18553601937758168
GPAB6731_jpg.rf.9aff60cc937711da4f513b555afdcc79.jpg,mounding_,0,0,3402,0.0,0.0,,0.0
GPAB6731_jpg.rf.9aff60cc937711da4f513b555afdcc79.jpg,oddball,0,0,0,1.0,1.0,,
GPAB6731_jpg.rf.9aff60cc937711da4f513b555afdcc79.jpg,pocillopora_,0,0,0,1.0,1.0,,
GPAB6731_jpg.rf.9aff60cc937711da4f513b555afdcc79.jpg,table_acropora,9023,179,8022,0.5238620529493729,0.687545243265897,0.980547707020213,0.5293634496919918
GPAB6733_jpg.rf.acb5d981beab731e09c53f2eedd2e502.jpg,branching_acropora,0,13632,0,0.0,0.0,0.0,
GPAB6733_jpg.rf.acb5d981beab731e09c53f2eedd2e502.jpg,finger_acropora,19377,18553,23337,0.31627140222305644,0.4805565200138882,0.5108621144213024,0.45364517488411293
GPAB6733_jpg.rf.acb5d981beab731e09c53f2eedd2e502.jpg,finger_porites,0,1151,0,0.0,0.0,0.0,
GPAB6733_jpg.rf.acb5d981beab731e09c53f2eedd2e502.jpg,knob_porites,0,2207,0,0.0,0.0,0.0,
GPAB6733_jpg.rf.acb5d981beab731e09c53f2eedd2e502.jpg,mounding_,1359,71,5323,0.20124389160373168,0.33505917159763315,0.9503496503496504,0.20338222089194852
GPAB6733_jpg.rf.acb5d981beab731e09c53f2eedd2e502.jpg,oddball,0,0,0,1.0,1.0,,
GPAB6733_jpg.rf.acb5d981beab731e09c53f2eedd2e502.jpg,pocillopora_,0,1558,3416,0.0,0.0,0.0,0.0
GPAB6733_jpg.rf.acb5d981beab731e09c53f2eedd2e502.jpg,table_acropora,48644,28572,808,0.6234491951194504,0.7680550731044936,0.6299730625777041,0.9836609237240153
GPAB6734_jpg.rf.46683f64576f9a3cfb6bbe554cb86593.jpg,branching_acropora,27939,1686,230,0.9358231452018088,0.9668477696646711,0.9430886075949367,0.9918349959174979
GPAB6734_jpg.rf.46683f64576f9a3cfb6bbe554cb86593.jpg,finger_acropora,65208,9728,20399,0.683988042167095,0.8123431105685082,0.8701825557809331,0.7617134112864602
GPAB6734_jpg.rf.46683f64576f9a3cfb6bbe554cb86593.jpg,finger_porites,0,0,0,1.0,1.0,,
GPAB6734_jpg.rf.46683f64576f9a3cfb6bbe554cb86593.jpg,knob_porites,0,0,0,1.0,1.0,,
GPAB6734_jpg.rf.46683f64576f9a3cfb6bbe554cb86593.jpg,mounding_,1244,19,623,0.6595970307529162,0.794888178913738,0.9849564528899446,0.6663095875736476
GPAB6734_jpg.rf.46683f64576f9a3cfb6bbe554cb86593.jpg,oddball,0,0,0,1.0,1.0,,
GPAB6734_jpg.rf.46683f64576f9a3cfb6bbe554cb86593.jpg,pocillopora_,0,1905,0,0.0,0.0,0.0,
GPAB6734_jpg.rf.46683f64576f9a3cfb6bbe554cb86593.jpg,table_acropora,3476,10841,162,0.24007182816492853,0.38719019771651353,0.2427882936369351,0.9554700384826827
GPAB6735_jpg.rf.20b7c5c450a55f6155703cf2bbbe373f.jpg,branching_acropora,30897,939,1921,0.915276831471991,0.9557645311968324,0.9705050885789672,0.9414650496678652
GPAB6735_jpg.rf.20b7c5c450a55f6155703cf2bbbe373f.jpg,finger_acropora,70066,3600,38827,0.6228476438533953,0.7675984202367454,0.9511307794640675,0.6434389722020699
GPAB6735_jpg.rf.20b7c5c450a55f6155703cf2bbbe373f.jpg,finger_porites,0,0,0,1.0,1.0,,
GPAB6735_jpg.rf.20b7c5c450a55f6155703cf2bbbe373f.jpg,knob_porites,0,0,0,1.0,1.0,,
GPAB6735_jpg.rf.20b7c5c450a55f6155703cf2bbbe373f.jpg,mounding_,0,0,0,1.0,1.0,,
GPAB6735_jpg.rf.20b7c5c450a55f6155703cf2bbbe373f.jpg,oddball,0,0,0,1.0,1.0,,
GPAB6735_jpg.rf.20b7c5c450a55f6155703cf2bbbe373f.jpg,pocillopora_,0,0,1736,0.0,0.0,,0.0
GPAB6735_jpg.rf.20b7c5c450a55f6155703cf2bbbe373f.jpg,table_acropora,0,8224,2144,0.0,0.0,0.0,0.0
GPAB6736_jpg.rf.2a447b81d9e09d99d2aa4e6de92083cb.jpg,branching_acropora,0,0,748,0.0,0.0,,0.0
GPAB6736_jpg.rf.2a447b81d9e09d99d2aa4e6de92083cb.jpg,finger_acropora,344695,13420,53117,0.8382008209477861,0.911979595913362,0.9625260042165227,0.866477129900556
GPAB6736_jpg.rf.2a447b81d9e09d99d2aa4e6de92083cb.jpg,finger_porites,0,0,0,1.0,1.0,,
GPAB6736_jpg.rf.2a447b81d9e09d99d2aa4e6de92083cb.jpg,knob_porites,0,0,0,1.0,1.0,,
GPAB6736_jpg.rf.2a447b81d9e09d99d2aa4e6de92083cb.jpg,mounding_,799,520,5841,0.11159217877094972,0.20077899233572058,0.6057619408642911,0.12033132530120481
GPAB6736_jpg.rf.2a447b81d9e09d99d2aa4e6de92083cb.jpg,oddball,0,0,1081,0.0,0.0,,0.0
GPAB6736_jpg.rf.2a447b81d9e09d99d2aa4e6de92083cb.jpg,pocillopora_,6418,11154,1121,0.3433370780506072,0.5111704034088647,0.36524015479171407,0.8513065393288235
GPAB6736_jpg.rf.2a447b81d9e09d99d2aa4e6de92083cb.jpg,table_acropora,0,11420,0,0.0,0.0,0.0,
GPAB6737_jpg.rf.b1b33630159b660adb00a54e0dd9619a.jpg,branching_acropora,0,1727,0,0.0,0.0,0.0,
GPAB6737_jpg.rf.b1b33630159b660adb00a54e0dd9619a.jpg,finger_acropora,337439,8902,3681,0.9640508310906172,0.9816964162330664,0.9742970078621936,0.9892090759849906
GPAB6737_jpg.rf.b1b33630159b660adb00a54e0dd9619a.jpg,finger_porites,0,0,0,1.0,1.0,,
GPAB6737_jpg.rf.b1b33630159b660adb00a54e0dd9619a.jpg,knob_porites,0,0,0,1.0,1.0,,
GPAB6737_jpg.rf.b1b33630159b660adb00a54e0dd9619a.jpg,mounding_,0,0,0,1.0,1.0,,
GPAB6737_jpg.rf.b1b33630159b660adb00a54e0dd9619a.jpg,oddball,0,2295,0,0.0,0.0,0.0,
GPAB6737_jpg.rf.b1b33630159b660adb00a54e0dd9619a.jpg,pocillopora_,5622,3411,116,0.6144933872554378,0.7612213120303297,0.6223845898372634,0.9797838968281631
GPAB6737_jpg.rf.b1b33630159b660adb00a54e0dd9619a.jpg,table_acropora,0,0,0,1.0,1.0,,
GPAB6738_jpg.rf.fb0e439af4ed6e91340673e23d74129f.jpg,branching_acropora,8545,1566,59803,0.12222158652058243,0.21782077263284008,0.8451191771338147,0.12502194650904197
GPAB6738_jpg.rf.fb0e439af4ed6e91340673e23d74129f.jpg,finger_acropora,110965,7301,21573,0.7935196905012193,0.8848742444299134,0.9382662810951584,0.8372315864129533
GPAB6738_jpg.rf.fb0e439af4ed6e91340673e23d74129f.jpg,finger_porites,0,2682,9292,0.0,0.0,0.0,0.0
GPAB6738_jpg.rf.fb0e439af4ed6e91340673e23d74129f.jpg,knob_porites,0,0,0,1.0,1.0,,
GPAB6738_jpg.rf.fb0e439af4ed6e91340673e23d74129f.jpg,mounding_,0,7345,0,0.0,0.0,0.0,
GPAB6738_jpg.rf.fb0e439af4ed6e91340673e23d74129f.jpg,oddball,0,0,0,1.0,1.0,,
GPAB6738_jpg.rf.fb0e439af4ed6e91340673e23d74129f.jpg,pocillopora_,15822,14337,2395,0.48602322295263256,0.6541260128989581,0.5246195165622203,0.8685293956194763
GPAB6738_jpg.rf.fb0e439af4ed6e91340673e23d74129f.jpg,table_acropora,0,2678,0,0.0,0.0,0.0,
GPAB6739_jpg.rf.4d32d55f2ea6573a4c99327645b6c1e2.jpg,branching_acropora,0,5023,0,0.0,0.0,0.0,
GPAB6739_jpg.rf.4d32d55f2ea6573a4c99327645b6c1e2.jpg,finger_acropora,197503,47827,637,0.8029654384531258,0.8907163956975669,0.8050503403578853,0.9967851014434238
GPAB6739_jpg.rf.4d32d55f2ea6573a4c99327645b6c1e2.jpg,finger_porites,0,0,0,1.0,1.0,,
GPAB6739_jpg.rf.4d32d55f2ea6573a4c99327645b6c1e2.jpg,knob_porites,0,0,0,1.0,1.0,,
GPAB6739_jpg.rf.4d32d55f2ea6573a4c99327645b6c1e2.jpg,mounding_,0,0,0,1.0,1.0,,
GPAB6739_jpg.rf.4d32d55f2ea6573a4c99327645b6c1e2.jpg,oddball,0,2130,0,0.0,0.0,0.0,
GPAB6739_jpg.rf.4d32d55f2ea6573a4c99327645b6c1e2.jpg,pocillopora_,11863,2101,19,0.8483873274690695,0.9179757022363229,0.8495416786021197,0.9984009426022555
GPAB6739_jpg.rf.4d32d55f2ea6573a4c99327645b6c1e2.jpg,table_acropora,0,0,0,1.0,1.0,,
GPAB6740_jpg.rf.43588fe8737c9d3ec2b756b24d86e2c0.jpg,branching_acropora,53752,37052,1149,0.5845595032244734,0.737819566933187,0.5919563014845161,0.9790714194641263
GPAB6740_jpg.rf.43588fe8737c9d3ec2b756b24d86e2c0.jpg,finger_acropora,256391,13890,44695,0.8140017017169562,0.897465201875502,0.9486090402211033,0.8515540410381087
GPAB6740_jpg.rf.43588fe8737c9d3ec2b756b24d86e2c0.jpg,finger_porites,0,0,0,1.0,1.0,,
GPAB6740_jpg.rf.43588fe8737c9d3ec2b756b24d86e2c0.jpg,knob_porites,0,0,0,1.0,1.0,,
GPAB6740_jpg.rf.43588fe8737c9d3ec2b756b24d86e2c0.jpg,mounding_,0,14108,0,0.0,0.0,0.0,
GPAB6740_jpg.rf.43588fe8737c9d3ec2b756b24d86e2c0.jpg,oddball,0,0,0,1.0,1.0,,
GPAB6740_jpg.rf.43588fe8737c9d3ec2b756b24d86e2c0.jpg,pocillopora_,22564,10206,5791,0.5851508000311195,0.7382903885480573,0.688556606652426,0.7957679421618762
GPAB6740_jpg.rf.43588fe8737c9d3ec2b756b24d86e2c0.jpg,table_acropora,0,0,0,1.0,1.0,,
GPAB6741_jpg.rf.4813cc555ec276c90547ec3f17feecce.jpg,branching_acropora,0,0,0,1.0,1.0,,
GPAB6741_jpg.rf.4813cc555ec276c90547ec3f17feecce.jpg,finger_acropora,379080,47761,12812,0.8622254368786293,0.9260161737709363,0.8881058754899366,0.9673073193634981
GPAB6741_jpg.rf.4813cc555ec276c90547ec3f17feecce.jpg,finger_porites,0,0,0,1.0,1.0,,
GPAB6741_jpg.rf.4813cc555ec276c90547ec3f17feecce.jpg,knob_porites,0,1555,0,0.0,0.0,0.0,
GPAB6741_jpg.rf.4813cc555ec276c90547ec3f17feecce.jpg,mounding_,0,0,0,1.0,1.0,,
GPAB6741_jpg.rf.4813cc555ec276c90547ec3f17feecce.jpg,oddball,0,0,0,1.0,1.0,,
GPAB6741_jpg.rf.4813cc555ec276c90547ec3f17feecce.jpg,pocillopora_,0,2024,0,0.0,0.0,0.0,
GPAB6741_jpg.rf.4813cc555ec276c90547ec3f17feecce.jpg,table_acropora,0,0,0,1.0,1.0,,
GPAB6742_jpg.rf.19f506fad94038a2fdef528bee2aa3ad.jpg,branching_acropora,147124,169939,2034,0.4610635637439399,0.6311341616958481,0.4640213459154805,0.9863634535190872
GPAB6742_jpg.rf.19f506fad94038a2fdef528bee2aa3ad.jpg,finger_acropora,358511,34447,13183,0.8827254574150357,0.9377102263513337,0.9123392321825742,0.9645326532039796
GPAB6742_jpg.rf.19f506fad94038a2fdef528bee2aa3ad.jpg,finger_porites,0,0,0,1.0,1.0,,
GPAB6742_jpg.rf.19f506fad94038a2fdef528bee2aa3ad.jpg,knob_porites,0,0,0,1.0,1.0,,
GPAB6742_jpg.rf.19f506fad94038a2fdef528bee2aa3ad.jpg,mounding_,2796,70,130,0.9332443257676902,0.9654696132596685,0.9755757152826239,0.9555707450444293
GPAB6742_jpg.rf.19f506fad94038a2fdef528bee2aa3ad.jpg,oddball,0,0,0,1.0,1.0,,
GPAB6742_jpg.rf.19f506fad94038a2fdef528bee2aa3ad.jpg,pocillopora_,0,0,0,1.0,1.0,,
GPAB6742_jpg.rf.19f506fad94038a2fdef528bee2aa3ad.jpg,table_acropora,0,0,0,1.0,1.0,,
GPAB6743_jpg.rf.0ee30ee003eb99a660a748a583191988.jpg,branching_acropora,0,0,0,1.0,1.0,,
GPAB6743_jpg.rf.0ee30ee003eb99a660a748a583191988.jpg,finger_acropora,443570,83035,14149,0.8202805712024321,0.9012682815820807,0.8423201450802784,0.9690880212532144
GPAB6743_jpg.rf.0ee30ee003eb99a660a748a583191988.jpg,finger_porites,0,0,0,1.0,1.0,,
GPAB6743_jpg.rf.0ee30ee003eb99a660a748a583191988.jpg,knob_porites,0,3317,0,0.0,0.0,0.0,
GPAB6743_jpg.rf.0ee30ee003eb99a660a748a583191988.jpg,mounding_,0,2059,0,0.0,0.0,0.0,
GPAB6743_jpg.rf.0ee30ee003eb99a660a748a583191988.jpg,oddball,0,3676,14455,0.0,0.0,0.0,0.0
GPAB6743_jpg.rf.0ee30ee003eb99a660a748a583191988.jpg,pocillopora_,0,2758,4795,0.0,0.0,0.0,0.0
GPAB6743_jpg.rf.0ee30ee003eb99a660a748a583191988.jpg,table_acropora,0,0,0,1.0,1.0,,
GPAB6743_jpg.rf.effa400c62434f49e21656a7fe755769.jpg,branching_acropora,0,0,0,1.0,1.0,,
GPAB6743_jpg.rf.effa400c62434f49e21656a7fe755769.jpg,finger_acropora,505183,25291,11407,0.9322766437649594,0.9649515215879831,0.9523237708162888,0.977918658897772
GPAB6743_jpg.rf.effa400c62434f49e21656a7fe755769.jpg,finger_porites,0,0,0,1.0,1.0,,
GPAB6743_jpg.rf.effa400c62434f49e21656a7fe755769.jpg,knob_porites,0,0,0,1.0,1.0,,
GPAB6743_jpg.rf.effa400c62434f49e21656a7fe755769.jpg,mounding_,0,0,0,1.0,1.0,,
GPAB6743_jpg.rf.effa400c62434f49e21656a7fe755769.jpg,oddball,1591,1678,3425,0.23767553032566477,0.38406759203379603,0.4866931783420006,0.3171850079744817
GPAB6743_jpg.rf.effa400c62434f49e21656a7fe755769.jpg,pocillopora_,0,11481,0,0.0,0.0,0.0,
GPAB6743_jpg.rf.effa400c62434f49e21656a7fe755769.jpg,table_acropora,0,0,0,1.0,1.0,,
GPAB6744_jpg.rf.a8dbeb68f8cee29da713eb411b6cabde.jpg,branching_acropora,0,0,0,1.0,1.0,,
GPAB6744_jpg.rf.a8dbeb68f8cee29da713eb411b6cabde.jpg,finger_acropora,258940,22559,14513,0.8747618339797035,0.9331978261182949,0.9198611717981237,0.9469268942011972
GPAB6744_jpg.rf.a8dbeb68f8cee29da713eb411b6cabde.jpg,finger_porites,0,0,0,1.0,1.0,,
GPAB6744_jpg.rf.a8dbeb68f8cee29da713eb411b6cabde.jpg,knob_porites,0,0,0,1.0,1.0,,
GPAB6744_jpg.rf.a8dbeb68f8cee29da713eb411b6cabde.jpg,mounding_,0,0,0,1.0,1.0,,
GPAB6744_jpg.rf.a8dbeb68f8cee29da713eb411b6cabde.jpg,oddball,0,0,3254,0.0,0.0,,0.0
GPAB6744_jpg.rf.a8dbeb68f8cee29da713eb411b6cabde.jpg,pocillopora_,5892,363,5497,0.501361470388019,0.667875765132623,0.9419664268585132,0.5173412942312758
GPAB6744_jpg.rf.a8dbeb68f8cee29da713eb411b6cabde.jpg,table_acropora,0,2339,0,0.0,0.0,0.0,
GPAB6745_jpg.rf.2153b608d7e2146d34b9d9fc3febb368.jpg,branching_acropora,63744,24197,8564,0.6605253613802393,0.7955619067825697,0.7248496150828396,0.8815622061182719
GPAB6745_jpg.rf.2153b608d7e2146d34b9d9fc3febb368.jpg,finger_acropora,86095,17921,227578,0.2596398004788989,0.4122445168534484,0.827709198584833,0.27447373538685194
GPAB6745_jpg.rf.2153b608d7e2146d34b9d9fc3febb368.jpg,finger_porites,0,171076,0,0.0,0.0,0.0,
GPAB6745_jpg.rf.2153b608d7e2146d34b9d9fc3febb368.jpg,knob_porites,0,1719,0,0.0,0.0,0.0,
GPAB6745_jpg.rf.2153b608d7e2146d34b9d9fc3febb368.jpg,mounding_,0,0,2038,0.0,0.0,,0.0
GPAB6745_jpg.rf.2153b608d7e2146d34b9d9fc3febb368.jpg,oddball,0,0,0,1.0,1.0,,
GPAB6745_jpg.rf.2153b608d7e2146d34b9d9fc3febb368.jpg,pocillopora_,11250,3314,304,0.7566585956416465,0.8614748449345279,0.7724526229057951,0.9736887657953955
GPAB6745_jpg.rf.2153b608d7e2146d34b9d9fc3febb368.jpg,table_acropora,0,0,0,1.0,1.0,,
GPAB6798_jpg.rf.8586409eb79e92bd79db8bd31825a216.jpg,branching_acropora,2438,164,253,0.8539404553415061,0.9212167013036086,0.9369715603382014,0.905982905982906
GPAB6798_jpg.rf.8586409eb79e92bd79db8bd31825a216.jpg,finger_acropora,13151,6689,16983,0.3571409173614317,0.5263136831152199,0.6628528225806452,0.43641733589964826
GPAB6798_jpg.rf.8586409eb79e92bd79db8bd31825a216.jpg,finger_porites,0,29224,0,0.0,0.0,0.0,
GPAB6798_jpg.rf.8586409eb79e92bd79db8bd31825a216.jpg,knob_porites,20259,377,45506,0.30629554594659975,0.46895290563766623,0.9817309556115527,0.3080513951189843
GPAB6798_jpg.rf.8586409eb79e92bd79db8bd31825a216.jpg,mounding_,1971,14,1030,0.6537313432835821,0.7906137184115524,0.9929471032745592,0.6567810729756748
GPAB6798_jpg.rf.8586409eb79e92bd79db8bd31825a216.jpg,oddball,0,0,335,0.0,0.0,,0.0
GPAB6798_jpg.rf.8586409eb79e92bd79db8bd31825a216.jpg,pocillopora_,0,0,0,1.0,1.0,,
GPAB6798_jpg.rf.8586409eb79e92bd79db8bd31825a216.jpg,table_acropora,0,12255,7727,0.0,0.0,0.0,0.0
GPAB6809_jpg.rf.e379cb9b5655b5b9c1ab48d1da37d5cf.jpg,branching_acropora,0,0,25871,0.0,0.0,,0.0
GPAB6809_jpg.rf.e379cb9b5655b5b9c1ab48d1da37d5cf.jpg,finger_acropora,28139,14184,81464,0.22731789283204212,0.3704303410871082,0.6648630768140255,0.25673567329361424
GPAB6809_jpg.rf.e379cb9b5655b5b9c1ab48d1da37d5cf.jpg,finger_porites,0,87255,0,0.0,0.0,0.0,
GPAB6809_jpg.rf.e379cb9b5655b5b9c1ab48d1da37d5cf.jpg,knob_porites,0,137695,0,0.0,0.0,0.0,
GPAB6809_jpg.rf.e379cb9b5655b5b9c1ab48d1da37d5cf.jpg,mounding_,55552,34638,21551,0.49714965858547894,0.6641282062010962,0.6159441179731677,0.7204907720840953
GPAB6809_jpg.rf.e379cb9b5655b5b9c1ab48d1da37d5cf.jpg,oddball,0,0,0,1.0,1.0,,
GPAB6809_jpg.rf.e379cb9b5655b5b9c1ab48d1da37d5cf.jpg,pocillopora_,8875,472,4993,0.6188981868898187,0.7645918587120396,0.9495025141756713,0.6399625036054225
GPAB6809_jpg.rf.e379cb9b5655b5b9c1ab48d1da37d5cf.jpg,table_acropora,0,0,138538,0.0,0.0,,0.0
GPAB6810_jpg.rf.942a61223106aacf8e8c96d03620647b.jpg,branching_acropora,0,0,0,1.0,1.0,,
GPAB6810_jpg.rf.942a61223106aacf8e8c96d03620647b.jpg,finger_acropora,67574,8155,6106,0.825734710087371,0.9045505960149657,0.892313380607165,0.917128121606949
GPAB6810_jpg.rf.942a61223106aacf8e8c96d03620647b.jpg,finger_porites,0,0,0,1.0,1.0,,
GPAB6810_jpg.rf.942a61223106aacf8e8c96d03620647b.jpg,knob_porites,0,0,0,1.0,1.0,,
GPAB6810_jpg.rf.942a61223106aacf8e8c96d03620647b.jpg,mounding_,0,4998,0,0.0,0.0,0.0,
GPAB6810_jpg.rf.942a61223106aacf8e8c96d03620647b.jpg,oddball,0,3813,0,0.0,0.0,0.0,
GPAB6810_jpg.rf.942a61223106aacf8e8c96d03620647b.jpg,pocillopora_,7108,94,1460,0.8205957053798199,0.9014584654407102,0.986948069980561,0.8295985060690944
GPAB6810_jpg.rf.942a61223106aacf8e8c96d03620647b.jpg,table_acropora,0,0,0,1.0,1.0,,
GPAB6811_jpg.rf.5d27bc2691a61663881664b2487e0d80.jpg,branching_acropora,0,3234,0,0.0,0.0,0.0,
GPAB6811_jpg.rf.5d27bc2691a61663881664b2487e0d80.jpg,finger_acropora,11892,237,8983,0.5632815460401668,0.7206399224336444,0.9804600544150384,0.5696766467065868
GPAB6811_jpg.rf.5d27bc2691a61663881664b2487e0d80.jpg,finger_porites,0,2837,0,0.0,0.0,0.0,
GPAB6811_jpg.rf.5d27bc2691a61663881664b2487e0d80.jpg,knob_porites,0,0,0,1.0,1.0,,
GPAB6811_jpg.rf.5d27bc2691a61663881664b2487e0d80.jpg,mounding_,0,1089,0,0.0,0.0,0.0,
GPAB6811_jpg.rf.5d27bc2691a61663881664b2487e0d80.jpg,oddball,0,1358,0,0.0,0.0,0.0,
GPAB6811_jpg.rf.5d27bc2691a61663881664b2487e0d80.jpg,pocillopora_,15670,1659,456,0.8810795614281698,0.9367807502615454,0.9042645276703791,0.9717226838645665
GPAB6811_jpg.rf.5d27bc2691a61663881664b2487e0d80.jpg,table_acropora,0,0,0,1.0,1.0,,
GPAB6822_jpg.rf.b99bfee0fa8e636686edfa07726c9c29.jpg,branching_acropora,47506,6273,39497,0.5093057163686264,0.6748874145842508,0.8833559567861061,0.5460271484891326
GPAB6822_jpg.rf.b99bfee0fa8e636686edfa07726c9c29.jpg,finger_acropora,0,0,0,1.0,1.0,,
GPAB6822_jpg.rf.b99bfee0fa8e636686edfa07726c9c29.jpg,finger_porites,21620,55986,20339,0.22073612741844914,0.36164429389871616,0.2785867072133598,0.5152649014514169
GPAB6822_jpg.rf.b99bfee0fa8e636686edfa07726c9c29.jpg,knob_porites,86229,5243,77778,0.5094771048744461,0.675037870040199,0.9426819135910443,0.5257641442133567
GPAB6822_jpg.rf.b99bfee0fa8e636686edfa07726c9c29.jpg,mounding_,3162,15541,8839,0.11480647738000145,0.2059666492965086,0.16906378655830614,0.2634780434963753
GPAB6822_jpg.rf.b99bfee0fa8e636686edfa07726c9c29.jpg,oddball,0,0,0,1.0,1.0,,
GPAB6822_jpg.rf.b99bfee0fa8e636686edfa07726c9c29.jpg,pocillopora_,0,0,0,1.0,1.0,,
GPAB6822_jpg.rf.b99bfee0fa8e636686edfa07726c9c29.jpg,table_acropora,0,33124,1938,0.0,0.0,0.0,0.0
GPAB6851_jpg.rf.d59056d1d0d3c9d325f4a76cc1ba4c8b.jpg,branching_acropora,192189,34336,37675,0.727437547312642,0.8422157413960459,0.8484229113784351,0.8360987366442766
GPAB6851_jpg.rf.d59056d1d0d3c9d325f4a76cc1ba4c8b.jpg,finger_acropora,7229,17486,14609,0.18383175668802768,0.31057074732025863,0.29249443657697755,0.3310284824617639
GPAB6851_jpg.rf.d59056d1d0d3c9d325f4a76cc1ba4c8b.jpg,finger_porites,0,0,0,1.0,1.0,,
GPAB6851_jpg.rf.d59056d1d0d3c9d325f4a76cc1ba4c8b.jpg,knob_porites,0,0,64048,0.0,0.0,,0.0
GPAB6851_jpg.rf.d59056d1d0d3c9d325f4a76cc1ba4c8b.jpg,mounding_,0,2082,3794,0.0,0.0,0.0,0.0
GPAB6851_jpg.rf.d59056d1d0d3c9d325f4a76cc1ba4c8b.jpg,oddball,0,1114,461,0.0,0.0,0.0,0.0
GPAB6851_jpg.rf.d59056d1d0d3c9d325f4a76cc1ba4c8b.jpg,pocillopora_,0,2014,0,0.0,0.0,0.0,
GPAB6851_jpg.rf.d59056d1d0d3c9d325f4a76cc1ba4c8b.jpg,table_acropora,103340,3313,18288,0.8271103961069625,0.9053753926082329,0.9689366450076417,0.8496398855526688
GPAB6884_jpg.rf.1295437527df283efdef3e5a9c3b06b7.jpg,branching_acropora,56288,7259,3591,0.8383925645685008,0.9120930760131577,0.8857695878641005,0.9400290586015131
GPAB6884_jpg.rf.1295437527df283efdef3e5a9c3b06b7.jpg,finger_acropora,59984,5561,69149,0.4453353527254369,0.6162380957273036,0.9151575253642535,0.4645133312166526
GPAB6884_jpg.rf.1295437527df283efdef3e5a9c3b06b7.jpg,finger_porites,422,38740,458,0.010651186269560829,0.021077868238349732,0.010775752004494153,0.47954545454545455
GPAB6884_jpg.rf.1295437527df283efdef3e5a9c3b06b7.jpg,knob_porites,0,6517,27150,0.0,0.0,0.0,0.0
GPAB6884_jpg.rf.1295437527df283efdef3e5a9c3b06b7.jpg,mounding_,0,1048,0,0.0,0.0,0.0,
GPAB6884_jpg.rf.1295437527df283efdef3e5a9c3b06b7.jpg,oddball,0,1952,0,0.0,0.0,0.0,
GPAB6884_jpg.rf.1295437527df283efdef3e5a9c3b06b7.jpg,pocillopora_,2603,18,100,0.9566335905916943,0.9778362133734034,0.9931323922167111,0.9630040695523493
GPAB6884_jpg.rf.1295437527df283efdef3e5a9c3b06b7.jpg,table_acropora,8486,10833,8923,0.3004744706465548,0.46209976040078415,0.4392566903048812,0.4874490206215176
GPAB6885_jpg.rf.be97c790ae34175e4f797ccc4b6c5bfc.jpg,branching_acropora,91020,12941,1003,0.8671544529552989,0.9288513348028411,0.8755206279277806,0.9891005509492192
GPAB6885_jpg.rf.be97c790ae34175e4f797ccc4b6c5bfc.jpg,finger_acropora,3180,161,1571,0.6473941368078175,0.7859614434008898,0.9518108350793175,0.6693327720479899
GPAB6885_jpg.rf.be97c790ae34175e4f797ccc4b6c5bfc.jpg,finger_porites,0,0,0,1.0,1.0,,
GPAB6885_jpg.rf.be97c790ae34175e4f797ccc4b6c5bfc.jpg,knob_porites,0,0,0,1.0,1.0,,
GPAB6885_jpg.rf.be97c790ae34175e4f797ccc4b6c5bfc.jpg,mounding_,0,25457,1040,0.0,0.0,0.0,0.0
GPAB6885_jpg.rf.be97c790ae34175e4f797ccc4b6c5bfc.jpg,oddball,0,0,0,1.0,1.0,,
GPAB6885_jpg.rf.be97c790ae34175e4f797ccc4b6c5bfc.jpg,pocillopora_,0,7736,0,0.0,0.0,0.0,
GPAB6885_jpg.rf.be97c790ae34175e4f797ccc4b6c5bfc.jpg,table_acropora,166870,177,662886,0.201064423272722,0.33481038881303526,0.9989404179662011,0.2011073134752867
GPAB6906_jpg.rf.73105f6b446d8109bac51ef296914ed4.jpg,branching_acropora,130626,3187,15979,0.8720492416150395,0.9316520337496167,0.9761831810063297,0.8910064458920228
GPAB6906_jpg.rf.73105f6b446d8109bac51ef296914ed4.jpg,finger_acropora,175388,3012,5053,0.9560377862449783,0.9775248647729774,0.9831165919282511,0.971996386630533
GPAB6906_jpg.rf.73105f6b446d8109bac51ef296914ed4.jpg,finger_porites,0,0,0,1.0,1.0,,
GPAB6906_jpg.rf.73105f6b446d8109bac51ef296914ed4.jpg,knob_porites,0,0,0,1.0,1.0,,
GPAB6906_jpg.rf.73105f6b446d8109bac51ef296914ed4.jpg,mounding_,3457,8166,30776,0.08153494186183637,0.15077634333565945,0.29742751441108145,0.10098443022814244
GPAB6906_jpg.rf.73105f6b446d8109bac51ef296914ed4.jpg,oddball,0,0,0,1.0,1.0,,
GPAB6906_jpg.rf.73105f6b446d8109bac51ef296914ed4.jpg,pocillopora_,13787,423,1264,0.8909784154064883,0.942346467994942,0.9702322308233639,0.9160188691781277
GPAB6906_jpg.rf.73105f6b446d8109bac51ef296914ed4.jpg,table_acropora,0,34669,0,0.0,0.0,0.0,
GPAB6910_jpg.rf.1d5376253b5d5d1d7e6717476f5b5ed4.jpg,branching_acropora,0,0,0,1.0,1.0,,
GPAB6910_jpg.rf.1d5376253b5d5d1d7e6717476f5b5ed4.jpg,finger_acropora,34412,651,2122,0.9254269194567702,0.9612693269271059,0.9814334198442803,0.941917118300761
GPAB6910_jpg.rf.1d5376253b5d5d1d7e6717476f5b5ed4.jpg,finger_porites,0,0,0,1.0,1.0,,
GPAB6910_jpg.rf.1d5376253b5d5d1d7e6717476f5b5ed4.jpg,knob_porites,0,0,0,1.0,1.0,,
GPAB6910_jpg.rf.1d5376253b5d5d1d7e6717476f5b5ed4.jpg,mounding_,0,0,1984,0.0,0.0,,0.0
GPAB6910_jpg.rf.1d5376253b5d5d1d7e6717476f5b5ed4.jpg,oddball,0,0,0,1.0,1.0,,
GPAB6910_jpg.rf.1d5376253b5d5d1d7e6717476f5b5ed4.jpg,pocillopora_,42196,2697,1310,0.9132740298249031,0.9546714329347618,0.9399238188581739,0.9698892106835839
GPAB6910_jpg.rf.1d5376253b5d5d1d7e6717476f5b5ed4.jpg,table_acropora,0,0,0,1.0,1.0,,
GPAB6911_jpg.rf.6054641356b5c6b94a2f979a7675620d.jpg,branching_acropora,3202,68,635,0.8199743918053777,0.9010834388630927,0.9792048929663608,0.8345061245764921
GPAB6911_jpg.rf.6054641356b5c6b94a2f979a7675620d.jpg,finger_acropora,41225,636,297,0.9778689691161819,0.9888106688413706,0.9848068608012231,0.9928471653581235
GPAB6911_jpg.rf.6054641356b5c6b94a2f979a7675620d.jpg,finger_porites,0,8888,0,0.0,0.0,0.0,
GPAB6911_jpg.rf.6054641356b5c6b94a2f979a7675620d.jpg,knob_porites,0,1360,0,0.0,0.0,0.0,
GPAB6911_jpg.rf.6054641356b5c6b94a2f979a7675620d.jpg,mounding_,21582,1279,14064,0.5844820582261341,0.7377578751260533,0.9440531910240147,0.6054536273354654
GPAB6911_jpg.rf.6054641356b5c6b94a2f979a7675620d.jpg,oddball,0,0,0,1.0,1.0,,
GPAB6911_jpg.rf.6054641356b5c6b94a2f979a7675620d.jpg,pocillopora_,10256,1100,354,0.8758326216908625,0.9338067923153965,0.9031349066572737,0.9666352497643732
GPAB6911_jpg.rf.6054641356b5c6b94a2f979a7675620d.jpg,table_acropora,0,0,0,1.0,1.0,,
GPAB6915_jpg.rf.7e7b783f170b910f9398380099ea6085.jpg,branching_acropora,0,0,0,1.0,1.0,,
GPAB6915_jpg.rf.7e7b783f170b910f9398380099ea6085.jpg,finger_acropora,85496,20857,2571,0.7849142521391061,0.8794979940335357,0.8038889359021372,0.9708063179170404
GPAB6915_jpg.rf.7e7b783f170b910f9398380099ea6085.jpg,finger_porites,0,2415,0,0.0,0.0,0.0,
GPAB6915_jpg.rf.7e7b783f170b910f9398380099ea6085.jpg,knob_porites,0,0,0,1.0,1.0,,
GPAB6915_jpg.rf.7e7b783f170b910f9398380099ea6085.jpg,mounding_,54613,282,2225,0.9561099439775911,0.977562582227274,0.9948629201202295,0.9608536542453993
GPAB6915_jpg.rf.7e7b783f170b910f9398380099ea6085.jpg,oddball,0,0,0,1.0,1.0,,
GPAB6915_jpg.rf.7e7b783f170b910f9398380099ea6085.jpg,pocillopora_,5846,467,4883,0.5221507681314755,0.6860697101279193,0.9260256613337557,0.5448783670425948
GPAB6915_jpg.rf.7e7b783f170b910f9398380099ea6085.jpg,table_acropora,0,0,0,1.0,1.0,,
GPAB6916_jpg.rf.2ea16833db5bc53744b52042ad162eea.jpg,branching_acropora,0,0,0,1.0,1.0,,
GPAB6916_jpg.rf.2ea16833db5bc53744b52042ad162eea.jpg,finger_acropora,97846,31723,39992,0.5770548652107501,0.731813303316667,0.7551652015528406,0.7098623021227818
GPAB6916_jpg.rf.2ea16833db5bc53744b52042ad162eea.jpg,finger_porites,0,0,0,1.0,1.0,,
GPAB6916_jpg.rf.2ea16833db5bc53744b52042ad162eea.jpg,knob_porites,0,0,0,1.0,1.0,,
GPAB6916_jpg.rf.2ea16833db5bc53744b52042ad162eea.jpg,mounding_,19789,348,642,0.9523557437797776,0.9755965292841648,0.9827183791031434,0.9685771621555479
GPAB6916_jpg.rf.2ea16833db5bc53744b52042ad162eea.jpg,oddball,0,0,0,1.0,1.0,,
GPAB6916_jpg.rf.2ea16833db5bc53744b52042ad162eea.jpg,pocillopora_,1788,175,17568,0.09154677179867902,0.16773769876635863,0.9108507386653082,0.09237445753254804
GPAB6916_jpg.rf.2ea16833db5bc53744b52042ad162eea.jpg,table_acropora,0,0,0,1.0,1.0,,
GPAB6917_jpg.rf.3654181da791af09652ebca09656faa3.jpg,branching_acropora,0,25820,0,0.0,0.0,0.0,
GPAB6917_jpg.rf.3654181da791af09652ebca09656faa3.jpg,finger_acropora,65936,2860,17458,0.7644399100331579,0.8664958275839412,0.9584278155706727,0.7906564021392426
GPAB6917_jpg.rf.3654181da791af09652ebca09656faa3.jpg,finger_porites,0,41549,0,0.0,0.0,0.0,
GPAB6917_jpg.rf.3654181da791af09652ebca09656faa3.jpg,knob_porites,0,2263,0,0.0,0.0,0.0,
GPAB6917_jpg.rf.3654181da791af09652ebca09656faa3.jpg,mounding_,31773,989,30332,0.5035819570799125,0.6698430434186808,0.9698125877541054,0.5116013203445777
GPAB6917_jpg.rf.3654181da791af09652ebca09656faa3.jpg,oddball,0,0,0,1.0,1.0,,
GPAB6917_jpg.rf.3654181da791af09652ebca09656faa3.jpg,pocillopora_,7448,7010,15237,0.25081663579727226,0.40104461136687936,0.5151473232812284,0.3283226801851444
GPAB6917_jpg.rf.3654181da791af09652ebca09656faa3.jpg,table_acropora,0,11282,0,0.0,0.0,0.0,
GPAB6921_jpg.rf.7d23b8ba81f4b7b036919eb82f4b2115.jpg,branching_acropora,0,14512,0,0.0,0.0,0.0,
GPAB6921_jpg.rf.7d23b8ba81f4b7b036919eb82f4b2115.jpg,finger_acropora,43888,8641,207326,0.16889419099112968,0.28898114524449947,0.835500390260618,0.1747036391283925
GPAB6921_jpg.rf.7d23b8ba81f4b7b036919eb82f4b2115.jpg,finger_porites,0,0,0,1.0,1.0,,
GPAB6921_jpg.rf.7d23b8ba81f4b7b036919eb82f4b2115.jpg,knob_porites,0,0,0,1.0,1.0,,
GPAB6921_jpg.rf.7d23b8ba81f4b7b036919eb82f4b2115.jpg,mounding_,23690,384,37813,0.382794447945449,0.5536534349182608,0.9840491816897898,0.3851844625465424
GPAB6921_jpg.rf.7d23b8ba81f4b7b036919eb82f4b2115.jpg,oddball,0,7494,0,0.0,0.0,0.0,
GPAB6921_jpg.rf.7d23b8ba81f4b7b036919eb82f4b2115.jpg,pocillopora_,13588,4197,244,0.7536746353097787,0.8595375905367366,0.7640146190610064,0.9823597455176403
GPAB6921_jpg.rf.7d23b8ba81f4b7b036919eb82f4b2115.jpg,table_acropora,0,24690,0,0.0,0.0,0.0,
GPAB6929_jpg.rf.da2115ed575dc3b6a07ef26d6f83377a.jpg,branching_acropora,105268,19359,39806,0.6401877968534296,0.7806274355675359,0.8446644788047534,0.7256158925789598
GPAB6929_jpg.rf.da2115ed575dc3b6a07ef26d6f83377a.jpg,finger_acropora,38375,10489,3364,0.7347591330320901,0.8471021930841142,0.7853429927963327,0.9194039148039004
GPAB6929_jpg.rf.da2115ed575dc3b6a07ef26d6f83377a.jpg,finger_porites,0,0,0,1.0,1.0,,
GPAB6929_jpg.rf.da2115ed575dc3b6a07ef26d6f83377a.jpg,knob_porites,0,0,0,1.0,1.0,,
GPAB6929_jpg.rf.da2115ed575dc3b6a07ef26d6f83377a.jpg,mounding_,8799,107,7102,0.5496626686656672,0.7093965412988269,0.9879856276667415,0.5533614238098232
GPAB6929_jpg.rf.da2115ed575dc3b6a07ef26d6f83377a.jpg,oddball,0,2511,0,0.0,0.0,0.0,
GPAB6929_jpg.rf.da2115ed575dc3b6a07ef26d6f83377a.jpg,pocillopora_,33007,1056,455,0.956225737296483,0.9776231025546094,0.9689986202037402,0.9864024864024864
GPAB6929_jpg.rf.da2115ed575dc3b6a07ef26d6f83377a.jpg,table_acropora,0,0,0,1.0,1.0,,
GPAB6931_jpg.rf.5fe64cd601f36dfacddfb1c7ad0ca2ea.jpg,branching_acropora,0,0,0,1.0,1.0,,
GPAB6931_jpg.rf.5fe64cd601f36dfacddfb1c7ad0ca2ea.jpg,finger_acropora,143714,7055,8574,0.9019159925443854,0.9484288434188948,0.9532065610304505,0.9436987812565665
GPAB6931_jpg.rf.5fe64cd601f36dfacddfb1c7ad0ca2ea.jpg,finger_porites,7548,26218,3779,0.20103875349580502,0.33477479874925153,0.22353847065095067,0.6663723845678468
GPAB6931_jpg.rf.5fe64cd601f36dfacddfb1c7ad0ca2ea.jpg,knob_porites,0,27042,0,0.0,0.0,0.0,
GPAB6931_jpg.rf.5fe64cd601f36dfacddfb1c7ad0ca2ea.jpg,mounding_,0,0,0,1.0,1.0,,
GPAB6931_jpg.rf.5fe64cd601f36dfacddfb1c7ad0ca2ea.jpg,oddball,7819,3449,98,0.6879289107865564,0.8151159760229346,0.6939119630812921,0.9876215738284704
GPAB6931_jpg.rf.5fe64cd601f36dfacddfb1c7ad0ca2ea.jpg,pocillopora_,8511,3387,3942,0.5373106060606061,0.6990267340150302,0.7153303076147252,0.6834497711394845
GPAB6931_jpg.rf.5fe64cd601f36dfacddfb1c7ad0ca2ea.jpg,table_acropora,0,0,0,1.0,1.0,,
GPAB6942_jpg.rf.ad7a548a4c1e9f9e656996478eed1274.jpg,branching_acropora,9765,3335,819,0.7015590200445434,0.824607329842932,0.7454198473282443,0.9226190476190477
GPAB6942_jpg.rf.ad7a548a4c1e9f9e656996478eed1274.jpg,finger_acropora,156461,238697,60711,0.3432148270665476,0.5110348994823053,0.39594541930063415,0.7204473873243328
GPAB6942_jpg.rf.ad7a548a4c1e9f9e656996478eed1274.jpg,finger_porites,0,0,0,1.0,1.0,,
GPAB6942_jpg.rf.ad7a548a4c1e9f9e656996478eed1274.jpg,knob_porites,0,0,0,1.0,1.0,,
GPAB6942_jpg.rf.ad7a548a4c1e9f9e656996478eed1274.jpg,mounding_,2417,1467,8247,0.19924161239798863,0.3322793511135551,0.6222966014418125,0.22665041260315077
GPAB6942_jpg.rf.ad7a548a4c1e9f9e656996478eed1274.jpg,oddball,0,0,0,1.0,1.0,,
GPAB6942_jpg.rf.ad7a548a4c1e9f9e656996478eed1274.jpg,pocillopora_,12202,965,727,0.8782208147401757,0.9351624770079706,0.9267107161844004,0.9437698197849795
GPAB6942_jpg.rf.ad7a548a4c1e9f9e656996478eed1274.jpg,table_acropora,0,0,0,1.0,1.0,,
GPAB6943_jpg.rf.6c8af24769bb96f9b4497d80a41f4c3d.jpg,branching_acropora,0,0,0,1.0,1.0,,
GPAB6943_jpg.rf.6c8af24769bb96f9b4497d80a41f4c3d.jpg,finger_acropora,173619,3615,76100,0.6853363543780148,0.8132932664719535,0.9796032363993364,0.6952574693956006
GPAB6943_jpg.rf.6c8af24769bb96f9b4497d80a41f4c3d.jpg,finger_porites,0,0,0,1.0,1.0,,
GPAB6943_jpg.rf.6c8af24769bb96f9b4497d80a41f4c3d.jpg,knob_porites,0,0,0,1.0,1.0,,
GPAB6943_jpg.rf.6c8af24769bb96f9b4497d80a41f4c3d.jpg,mounding_,4548,177,13632,0.24775290080078444,0.3971185330713818,0.9625396825396826,0.2501650165016502
GPAB6943_jpg.rf.6c8af24769bb96f9b4497d80a41f4c3d.jpg,oddball,0,0,0,1.0,1.0,,
GPAB6943_jpg.rf.6c8af24769bb96f9b4497d80a41f4c3d.jpg,pocillopora_,8662,1929,2008,0.6875148821335026,0.8148252669206528,0.8178642243414219,0.8118088097469541
GPAB6943_jpg.rf.6c8af24769bb96f9b4497d80a41f4c3d.jpg,table_acropora,0,53974,0,0.0,0.0,0.0,
GPAB6944_jpg.rf.29853f1d5567546dbca6ebf05b96d79a.jpg,branching_acropora,96290,1560,10306,0.8902881023706498,0.9419602242156853,0.9840572304547778,0.9033171976434388
GPAB6944_jpg.rf.29853f1d5567546dbca6ebf05b96d79a.jpg,finger_acropora,205746,14607,111766,0.6194948196279044,0.765046991345412,0.9337109093136922,0.6479944065106201
GPAB6944_jpg.rf.29853f1d5567546dbca6ebf05b96d79a.jpg,finger_porites,0,0,0,1.0,1.0,,
GPAB6944_jpg.rf.29853f1d5567546dbca6ebf05b96d79a.jpg,knob_porites,0,0,0,1.0,1.0,,
GPAB6944_jpg.rf.29853f1d5567546dbca6ebf05b96d79a.jpg,mounding_,14860,2842,475,0.8175166419101062,0.8995974210733421,0.8394531691334313,0.9690251059667427
GPAB6944_jpg.rf.29853f1d5567546dbca6ebf05b96d79a.jpg,oddball,0,0,0,1.0,1.0,,
GPAB6944_jpg.rf.29853f1d5567546dbca6ebf05b96d79a.jpg,pocillopora_,6409,316,39,0.9475162625665287,0.9730509375237227,0.9530111524163569,0.9939516129032258
GPAB6944_jpg.rf.29853f1d5567546dbca6ebf05b96d79a.jpg,table_acropora,0,108205,0,0.0,0.0,0.0,
GPAB6946_jpg.rf.69a736a184165b6b0dbcc98f8e658fd4.jpg,branching_acropora,0,11957,0,0.0,0.0,0.0,
GPAB6946_jpg.rf.69a736a184165b6b0dbcc98f8e658fd4.jpg,finger_acropora,60445,2309,55553,0.5109165138157505,0.6763001253132832,0.963205532715046,0.5210865704581114
GPAB6946_jpg.rf.69a736a184165b6b0dbcc98f8e658fd4.jpg,finger_porites,0,0,0,1.0,1.0,,
GPAB6946_jpg.rf.69a736a184165b6b0dbcc98f8e658fd4.jpg,knob_porites,0,0,0,1.0,1.0,,
GPAB6946_jpg.rf.69a736a184165b6b0dbcc98f8e658fd4.jpg,mounding_,6699,362,769,0.8555555555555555,0.9221556886227545,0.9487324741538026,0.897027316550616
GPAB6946_jpg.rf.69a736a184165b6b0dbcc98f8e658fd4.jpg,oddball,0,0,0,1.0,1.0,,
GPAB6946_jpg.rf.69a736a184165b6b0dbcc98f8e658fd4.jpg,pocillopora_,65449,9065,16559,0.7186432861550625,0.8362913839588045,0.8783450089915988,0.798080675056092
GPAB6946_jpg.rf.69a736a184165b6b0dbcc98f8e658fd4.jpg,table_acropora,0,11849,0,0.0,0.0,0.0,
GPAB6951_jpg.rf.fd609cc90f60eda0e6252f5f464ff693.jpg,branching_acropora,20889,3080,19748,0.47782327241119016,0.6466582051202675,0.8715006883891694,0.5140389300391269
GPAB6951_jpg.rf.fd609cc90f60eda0e6252f5f464ff693.jpg,finger_acropora,207795,26996,9523,0.8505243252535671,0.9192252310836546,0.8850211464664318,0.9561794237016722
GPAB6951_jpg.rf.fd609cc90f60eda0e6252f5f464ff693.jpg,finger_porites,0,4443,0,0.0,0.0,0.0,
GPAB6951_jpg.rf.fd609cc90f60eda0e6252f5f464ff693.jpg,knob_porites,0,0,0,1.0,1.0,,
GPAB6951_jpg.rf.fd609cc90f60eda0e6252f5f464ff693.jpg,mounding_,0,0,0,1.0,1.0,,
GPAB6951_jpg.rf.fd609cc90f60eda0e6252f5f464ff693.jpg,oddball,0,1291,2404,0.0,0.0,0.0,0.0
GPAB6951_jpg.rf.fd609cc90f60eda0e6252f5f464ff693.jpg,pocillopora_,20226,1098,467,0.9281813592767656,0.9627531713354118,0.9485087225661227,0.9774319818296042
GPAB6951_jpg.rf.fd609cc90f60eda0e6252f5f464ff693.jpg,table_acropora,0,0,0,1.0,1.0,,
GPAB6953_jpg.rf.cafe2c5508e2ff7b8f76d42a30658cbb.jpg,branching_acropora,0,0,0,1.0,1.0,,
GPAB6953_jpg.rf.cafe2c5508e2ff7b8f76d42a30658cbb.jpg,finger_acropora,352798,24078,11139,0.9092380449209437,0.9524616873623978,0.9361116123074964,0.9693930542923638
GPAB6953_jpg.rf.cafe2c5508e2ff7b8f76d42a30658cbb.jpg,finger_porites,0,0,0,1.0,1.0,,
GPAB6953_jpg.rf.cafe2c5508e2ff7b8f76d42a30658cbb.jpg,knob_porites,0,0,0,1.0,1.0,,
GPAB6953_jpg.rf.cafe2c5508e2ff7b8f76d42a30658cbb.jpg,mounding_,0,0,1507,0.0,0.0,,0.0
GPAB6953_jpg.rf.cafe2c5508e2ff7b8f76d42a30658cbb.jpg,oddball,0,3287,2818,0.0,0.0,0.0,0.0
GPAB6953_jpg.rf.cafe2c5508e2ff7b8f76d42a30658cbb.jpg,pocillopora_,28670,819,12801,0.6779380468195791,0.8080608793686584,0.9722269320763675,0.6913264690988884
GPAB6953_jpg.rf.cafe2c5508e2ff7b8f76d42a30658cbb.jpg,table_acropora,0,6380,0,0.0,0.0,0.0,
GPAB6980_jpg.rf.fc99a764c38c296eeaa04df2539d9919.jpg,branching_acropora,0,3272,1733,0.0,0.0,0.0,0.0
GPAB6980_jpg.rf.fc99a764c38c296eeaa04df2539d9919.jpg,finger_acropora,49417,22025,69386,0.35090322947141195,0.5195090541144314,0.691707958903726,0.4159575094905011
GPAB6980_jpg.rf.fc99a764c38c296eeaa04df2539d9919.jpg,finger_porites,0,0,13457,0.0,0.0,,0.0
GPAB6980_jpg.rf.fc99a764c38c296eeaa04df2539d9919.jpg,knob_porites,0,5257,0,0.0,0.0,0.0,
GPAB6980_jpg.rf.fc99a764c38c296eeaa04df2539d9919.jpg,mounding_,9016,27979,14513,0.17504077036576843,0.2979313991144009,0.24370860927152319,0.3831867057673509
GPAB6980_jpg.rf.fc99a764c38c296eeaa04df2539d9919.jpg,oddball,0,5543,2877,0.0,0.0,0.0,0.0
GPAB6980_jpg.rf.fc99a764c38c296eeaa04df2539d9919.jpg,pocillopora_,0,0,861,0.0,0.0,,0.0
GPAB6980_jpg.rf.fc99a764c38c296eeaa04df2539d9919.jpg,table_acropora,62659,30516,15221,0.5780563858444961,0.732618163748502,0.6724872551650121,0.804558294812532
GPAB6997_jpg.rf.c826182a13a0d7947e84cecc52a9bd70.jpg,branching_acropora,0,0,0,1.0,1.0,,
GPAB6997_jpg.rf.c826182a13a0d7947e84cecc52a9bd70.jpg,finger_acropora,273843,15693,30017,0.8569564360215677,0.922968810035794,0.9457994860742706,0.9012143750411373
GPAB6997_jpg.rf.c826182a13a0d7947e84cecc52a9bd70.jpg,finger_porites,0,0,0,1.0,1.0,,
GPAB6997_jpg.rf.c826182a13a0d7947e84cecc52a9bd70.jpg,knob_porites,0,0,0,1.0,1.0,,
GPAB6997_jpg.rf.c826182a13a0d7947e84cecc52a9bd70.jpg,mounding_,12498,2476,9205,0.5168948260887547,0.6815170270196581,0.8346467209830373,0.5758650877758835
GPAB6997_jpg.rf.c826182a13a0d7947e84cecc52a9bd70.jpg,oddball,0,0,7071,0.0,0.0,,0.0
GPAB6997_jpg.rf.c826182a13a0d7947e84cecc52a9bd70.jpg,pocillopora_,1473,260,5205,0.21230902277313346,0.350255617643562,0.8499711482977496,0.2205750224618149
GPAB6997_jpg.rf.c826182a13a0d7947e84cecc52a9bd70.jpg,table_acropora,0,1398,5400,0.0,0.0,0.0,0.0
GPAB7009_jpg.rf.28247ed465ee7cd05cd23f3380511de3.jpg,branching_acropora,0,1937,5661,0.0,0.0,0.0,0.0
GPAB7009_jpg.rf.28247ed465ee7cd05cd23f3380511de3.jpg,finger_acropora,57010,7402,71876,0.4183053533693355,0.5898664238636716,0.8850835248090418,0.44232887978523655
GPAB7009_jpg.rf.28247ed465ee7cd05cd23f3380511de3.jpg,finger_porites,0,17331,8216,0.0,0.0,0.0,0.0
GPAB7009_jpg.rf.28247ed465ee7cd05cd23f3380511de3.jpg,knob_porites,0,0,0,1.0,1.0,,
GPAB7009_jpg.rf.28247ed465ee7cd05cd23f3380511de3.jpg,mounding_,1837,1599,4341,0.2362093352192362,0.38215102974828374,0.5346332945285215,0.2973454192295241
GPAB7009_jpg.rf.28247ed465ee7cd05cd23f3380511de3.jpg,oddball,0,0,0,1.0,1.0,,
GPAB7009_jpg.rf.28247ed465ee7cd05cd23f3380511de3.jpg,pocillopora_,3316,1005,5228,0.347261493350089,0.5155071900505247,0.7674149502429993,0.3881086142322097
GPAB7009_jpg.rf.28247ed465ee7cd05cd23f3380511de3.jpg,table_acropora,33405,27044,138421,0.16797405340171973,0.2876331934129803,0.552614600737812,0.19441178866993353
GPAB7021_jpg.rf.7c0a3f03fd6f538b6a5b3e820de08068.jpg,branching_acropora,0,0,0,1.0,1.0,,
GPAB7021_jpg.rf.7c0a3f03fd6f538b6a5b3e820de08068.jpg,finger_acropora,230352,10382,93210,0.689792300505474,0.8164225867275331,0.9568735616904965,0.7119253806071171
GPAB7021_jpg.rf.7c0a3f03fd6f538b6a5b3e820de08068.jpg,finger_porites,0,18416,0,0.0,0.0,0.0,
GPAB7021_jpg.rf.7c0a3f03fd6f538b6a5b3e820de08068.jpg,knob_porites,0,0,0,1.0,1.0,,
GPAB7021_jpg.rf.7c0a3f03fd6f538b6a5b3e820de08068.jpg,mounding_,33268,3901,22613,0.5564885751564016,0.7150564212788824,0.895046947725255,0.59533651867361
GPAB7021_jpg.rf.7c0a3f03fd6f538b6a5b3e820de08068.jpg,oddball,0,0,0,1.0,1.0,,
GPAB7021_jpg.rf.7c0a3f03fd6f538b6a5b3e820de08068.jpg,pocillopora_,22680,2713,705,0.86903210974021,0.9299274262987413,0.8931595321545308,0.9698524695317511
GPAB7021_jpg.rf.7c0a3f03fd6f538b6a5b3e820de08068.jpg,table_acropora,9969,50163,182,0.16528500845574826,0.2836816868944126,0.16578527240071841,0.9820707319475914
GPAB7022_jpg.rf.ef80630b7a7d3048fbaa5f24c5ae6cf6.jpg,branching_acropora,2972,245,208,0.8677372262773723,0.9291855557292481,0.9238420889027044,0.9345911949685535
GPAB7022_jpg.rf.ef80630b7a7d3048fbaa5f24c5ae6cf6.jpg,finger_acropora,660206,50087,14543,0.9108350026764676,0.9533371551187617,0.9294840298299434,0.9784468002175624
GPAB7022_jpg.rf.ef80630b7a7d3048fbaa5f24c5ae6cf6.jpg,finger_porites,0,0,0,1.0,1.0,,
GPAB7022_jpg.rf.ef80630b7a7d3048fbaa5f24c5ae6cf6.jpg,knob_porites,0,0,0,1.0,1.0,,
GPAB7022_jpg.rf.ef80630b7a7d3048fbaa5f24c5ae6cf6.jpg,mounding_,0,0,0,1.0,1.0,,
GPAB7022_jpg.rf.ef80630b7a7d3048fbaa5f24c5ae6cf6.jpg,oddball,3806,3529,138,0.5093001471965743,0.6748825250465467,0.5188820722563053,0.9650101419878296
GPAB7022_jpg.rf.ef80630b7a7d3048fbaa5f24c5ae6cf6.jpg,pocillopora_,0,5179,0,0.0,0.0,0.0,
GPAB7022_jpg.rf.ef80630b7a7d3048fbaa5f24c5ae6cf6.jpg,table_acropora,0,0,0,1.0,1.0,,
GPAB7023_jpg.rf.3d860cb9b2b20806f8f8e342858c372c.jpg,branching_acropora,34604,22819,37824,0.36330803069912965,0.5329801079699039,0.6026156766452466,0.47777102777931185
GPAB7023_jpg.rf.3d860cb9b2b20806f8f8e342858c372c.jpg,finger_acropora,255250,17215,5723,0.9175449695889111,0.9569996888110708,0.9368175728992715,0.9780705283688351
GPAB7023_jpg.rf.3d860cb9b2b20806f8f8e342858c372c.jpg,finger_porites,0,0,0,1.0,1.0,,
GPAB7023_jpg.rf.3d860cb9b2b20806f8f8e342858c372c.jpg,knob_porites,0,0,0,1.0,1.0,,
GPAB7023_jpg.rf.3d860cb9b2b20806f8f8e342858c372c.jpg,mounding_,0,0,0,1.0,1.0,,
GPAB7023_jpg.rf.3d860cb9b2b20806f8f8e342858c372c.jpg,oddball,0,0,0,1.0,1.0,,
GPAB7023_jpg.rf.3d860cb9b2b20806f8f8e342858c372c.jpg,pocillopora_,21333,1412,1108,0.8943529115834487,0.9442305138759793,0.9379204220707847,0.9506260861815428
GPAB7023_jpg.rf.3d860cb9b2b20806f8f8e342858c372c.jpg,table_acropora,0,0,11405,0.0,0.0,,0.0
GPAB7024_jpg.rf.a1ef511de11f5c302d455d82c0d37bd8.jpg,branching_acropora,0,1044,0,0.0,0.0,0.0,
GPAB7024_jpg.rf.a1ef511de11f5c302d455d82c0d37bd8.jpg,finger_acropora,162728,2808,19395,0.879939004277271,0.9361356961850549,0.9830369224821187,0.8935060371287536
GPAB7024_jpg.rf.a1ef511de11f5c302d455d82c0d37bd8.jpg,finger_porites,0,0,0,1.0,1.0,,
GPAB7024_jpg.rf.a1ef511de11f5c302d455d82c0d37bd8.jpg,knob_porites,0,0,0,1.0,1.0,,
GPAB7024_jpg.rf.a1ef511de11f5c302d455d82c0d37bd8.jpg,mounding_,0,0,0,1.0,1.0,,
GPAB7024_jpg.rf.a1ef511de11f5c302d455d82c0d37bd8.jpg,oddball,0,0,0,1.0,1.0,,
GPAB7024_jpg.rf.a1ef511de11f5c302d455d82c0d37bd8.jpg,pocillopora_,12453,13403,1389,0.45707469260414757,0.6273867701143634,0.4816290222772277,0.899653229302124
GPAB7024_jpg.rf.a1ef511de11f5c302d455d82c0d37bd8.jpg,table_acropora,0,0,0,1.0,1.0,,
GPAB7026_jpg.rf.074569e48485ec38a4cb5c629f52f56c.jpg,branching_acropora,0,2512,0,0.0,0.0,0.0,
GPAB7026_jpg.rf.074569e48485ec38a4cb5c629f52f56c.jpg,finger_acropora,140058,4426,2186,0.9549192063816732,0.9769398175274128,0.9693668503086847,0.984632040718765
GPAB7026_jpg.rf.074569e48485ec38a4cb5c629f52f56c.jpg,finger_porites,0,6543,0,0.0,0.0,0.0,
GPAB7026_jpg.rf.074569e48485ec38a4cb5c629f52f56c.jpg,knob_porites,0,0,0,1.0,1.0,,
GPAB7026_jpg.rf.074569e48485ec38a4cb5c629f52f56c.jpg,mounding_,0,0,3049,0.0,0.0,,0.0
GPAB7026_jpg.rf.074569e48485ec38a4cb5c629f52f56c.jpg,oddball,0,0,0,1.0,1.0,,
GPAB7026_jpg.rf.074569e48485ec38a4cb5c629f52f56c.jpg,pocillopora_,2902,145,32,0.9425138031828516,0.9704062865741515,0.9524122087298983,0.989093387866394
GPAB7026_jpg.rf.074569e48485ec38a4cb5c629f52f56c.jpg,table_acropora,0,0,0,1.0,1.0,,
GPAB7027_jpg.rf.5bf488c10f515218c4a6f6359ff04865.jpg,branching_acropora,0,5697,0,0.0,0.0,0.0,
GPAB7027_jpg.rf.5bf488c10f515218c4a6f6359ff04865.jpg,finger_acropora,76863,8327,11829,0.7922468794772158,0.8840823086921016,0.9022537856555933,0.866628331754837
GPAB7027_jpg.rf.5bf488c10f515218c4a6f6359ff04865.jpg,finger_porites,0,233290,5529,0.0,0.0,0.0,0.0
GPAB7027_jpg.rf.5bf488c10f515218c4a6f6359ff04865.jpg,knob_porites,0,0,0,1.0,1.0,,
GPAB7027_jpg.rf.5bf488c10f515218c4a6f6359ff04865.jpg,mounding_,0,56398,3318,0.0,0.0,0.0,0.0
GPAB7027_jpg.rf.5bf488c10f515218c4a6f6359ff04865.jpg,oddball,0,18552,0,0.0,0.0,0.0,
GPAB7027_jpg.rf.5bf488c10f515218c4a6f6359ff04865.jpg,pocillopora_,1241,220,29,0.8328859060402685,0.9088246063712926,0.8494182067077344,0.9771653543307086
GPAB7027_jpg.rf.5bf488c10f515218c4a6f6359ff04865.jpg,table_acropora,9224,44,57197,0.13877980892198902,0.2437342282233878,0.9952524816573155,0.1388717423706358
GPAB7050_jpg.rf.5d195395bfbe8803ccd8968785d9d541.jpg,branching_acropora,0,0,0,1.0,1.0,,
GPAB7050_jpg.rf.5d195395bfbe8803ccd8968785d9d541.jpg,finger_acropora,359524,10348,45583,0.8653741079057901,0.9278290121409741,0.9720227538175369,0.8874791104572373
GPAB7050_jpg.rf.5d195395bfbe8803ccd8968785d9d541.jpg,finger_porites,0,0,0,1.0,1.0,,
GPAB7050_jpg.rf.5d195395bfbe8803ccd8968785d9d541.jpg,knob_porites,0,0,0,1.0,1.0,,
GPAB7050_jpg.rf.5d195395bfbe8803ccd8968785d9d541.jpg,mounding_,0,0,0,1.0,1.0,,
GPAB7050_jpg.rf.5d195395bfbe8803ccd8968785d9d541.jpg,oddball,0,0,0,1.0,1.0,,
GPAB7050_jpg.rf.5d195395bfbe8803ccd8968785d9d541.jpg,pocillopora_,0,13053,0,0.0,0.0,0.0,
GPAB7050_jpg.rf.5d195395bfbe8803ccd8968785d9d541.jpg,table_acropora,0,22053,0,0.0,0.0,0.0,
GPAB7059_jpg.rf.9d98a90bf8301b908be647a4c522fe68.jpg,branching_acropora,51449,4031,983,0.9111984839629492,0.953536214693454,0.9273431867339582,0.9812519072322246
GPAB7059_jpg.rf.9d98a90bf8301b908be647a4c522fe68.jpg,finger_acropora,401370,48696,111066,0.7152862428091786,0.8340138513997893,0.8918025356281079,0.7832587874388216
GPAB7059_jpg.rf.9d98a90bf8301b908be647a4c522fe68.jpg,finger_porites,0,0,0,1.0,1.0,,
GPAB7059_jpg.rf.9d98a90bf8301b908be647a4c522fe68.jpg,knob_porites,0,0,0,1.0,1.0,,
GPAB7059_jpg.rf.9d98a90bf8301b908be647a4c522fe68.jpg,mounding_,0,0,0,1.0,1.0,,
GPAB7059_jpg.rf.9d98a90bf8301b908be647a4c522fe68.jpg,oddball,0,1751,0,0.0,0.0,0.0,
GPAB7059_jpg.rf.9d98a90bf8301b908be647a4c522fe68.jpg,pocillopora_,17835,5219,6887,0.5956714872582746,0.7466091761553918,0.7736184610045979,0.7214222150311463
GPAB7059_jpg.rf.9d98a90bf8301b908be647a4c522fe68.jpg,table_acropora,0,0,0,1.0,1.0,,
GPAB7061_jpg.rf.017d56e7556882c1de865eb499bdbf21.jpg,branching_acropora,0,0,0,1.0,1.0,,
GPAB7061_jpg.rf.017d56e7556882c1de865eb499bdbf21.jpg,finger_acropora,88974,3662,128357,0.4026100374219998,0.5740869189300797,0.9604689321646013,0.4093939658861368
GPAB7061_jpg.rf.017d56e7556882c1de865eb499bdbf21.jpg,finger_porites,0,0,0,1.0,1.0,,
GPAB7061_jpg.rf.017d56e7556882c1de865eb499bdbf21.jpg,knob_porites,0,0,0,1.0,1.0,,
GPAB7061_jpg.rf.017d56e7556882c1de865eb499bdbf21.jpg,mounding_,2987,1566,1231,0.5164246196403873,0.6811081974689317,0.6560509554140127,0.7081555239449976
GPAB7061_jpg.rf.017d56e7556882c1de865eb499bdbf21.jpg,oddball,2901,653,1505,0.5734334848784345,0.728894472361809,0.8162633652222847,0.6584203359055832
GPAB7061_jpg.rf.017d56e7556882c1de865eb499bdbf21.jpg,pocillopora_,8219,3269,2321,0.5951915417481353,0.7462320682767387,0.7154422005571031,0.7797912713472486
GPAB7061_jpg.rf.017d56e7556882c1de865eb499bdbf21.jpg,table_acropora,0,97709,1597,0.0,0.0,0.0,0.0
GPAB7062_jpg.rf.2c7208719da7236acf8888944147a4c5.jpg,branching_acropora,84980,2267,312,0.9705455749837253,0.9850526547621118,0.9740162985546781,0.9963419781456643
GPAB7062_jpg.rf.2c7208719da7236acf8888944147a4c5.jpg,finger_acropora,132195,127436,16731,0.4783400033289671,0.6471312448446606,0.5091649302279003,0.8876556141976553
GPAB7062_jpg.rf.2c7208719da7236acf8888944147a4c5.jpg,finger_porites,0,1928,0,0.0,0.0,0.0,
GPAB7062_jpg.rf.2c7208719da7236acf8888944147a4c5.jpg,knob_porites,0,0,0,1.0,1.0,,
GPAB7062_jpg.rf.2c7208719da7236acf8888944147a4c5.jpg,mounding_,0,0,7526,0.0,0.0,,0.0
GPAB7062_jpg.rf.2c7208719da7236acf8888944147a4c5.jpg,oddball,0,5533,19575,0.0,0.0,0.0,0.0
GPAB7062_jpg.rf.2c7208719da7236acf8888944147a4c5.jpg,pocillopora_,28919,4843,927,0.8336648505289861,0.9092881398566218,0.8565547064747349,0.9689405615492863
GPAB7062_jpg.rf.2c7208719da7236acf8888944147a4c5.jpg,table_acropora,0,0,0,1.0,1.0,,
GPAB7065_jpg.rf.4039f0083a44753ef687177038eeddbf.jpg,branching_acropora,0,5102,0,0.0,0.0,0.0,
GPAB7065_jpg.rf.4039f0083a44753ef687177038eeddbf.jpg,finger_acropora,125468,23599,97305,0.5092624161836572,0.6748493975903614,0.841688636653317,0.5632100838072837
GPAB7065_jpg.rf.4039f0083a44753ef687177038eeddbf.jpg,finger_porites,0,3059,0,0.0,0.0,0.0,
GPAB7065_jpg.rf.4039f0083a44753ef687177038eeddbf.jpg,knob_porites,0,0,0,1.0,1.0,,
GPAB7065_jpg.rf.4039f0083a44753ef687177038eeddbf.jpg,mounding_,0,0,5537,0.0,0.0,,0.0
GPAB7065_jpg.rf.4039f0083a44753ef687177038eeddbf.jpg,oddball,0,0,0,1.0,1.0,,
GPAB7065_jpg.rf.4039f0083a44753ef687177038eeddbf.jpg,pocillopora_,12214,288,9922,0.544684266856939,0.7052370229228015,0.9769636858102704,0.5517708709794
GPAB7065_jpg.rf.4039f0083a44753ef687177038eeddbf.jpg,table_acropora,0,93197,0,0.0,0.0,0.0,
GPAB7067_jpg.rf.a302de79c7c7c7514de83ec1b06bfd44.jpg,branching_acropora,11183,1484,869,0.8261672576832151,0.9048100651320846,0.8828451882845189,0.9278957849319615
GPAB7067_jpg.rf.a302de79c7c7c7514de83ec1b06bfd44.jpg,finger_acropora,244228,5589,10225,0.9391867467562932,0.9686398159716025,0.9776276234203437,0.9598157616534291
GPAB7067_jpg.rf.a302de79c7c7c7514de83ec1b06bfd44.jpg,finger_porites,0,0,0,1.0,1.0,,
GPAB7067_jpg.rf.a302de79c7c7c7514de83ec1b06bfd44.jpg,knob_porites,0,0,0,1.0,1.0,,
GPAB7067_jpg.rf.a302de79c7c7c7514de83ec1b06bfd44.jpg,mounding_,3810,52,1149,0.7603272799840352,0.8638476363224125,0.9865354738477473,0.7683000604960678
GPAB7067_jpg.rf.a302de79c7c7c7514de83ec1b06bfd44.jpg,oddball,0,0,0,1.0,1.0,,
GPAB7067_jpg.rf.a302de79c7c7c7514de83ec1b06bfd44.jpg,pocillopora_,10562,831,3046,0.7314911004917238,0.8449262029518819,0.9270604757307118,0.7761610817166372
GPAB7067_jpg.rf.a302de79c7c7c7514de83ec1b06bfd44.jpg,table_acropora,0,0,0,1.0,1.0,,
GPAB7079_jpg.rf.909e521c3f586cbc8b357fbd01b9cb3a.jpg,branching_acropora,12706,1432,635,0.8600825830907737,0.9247789220859566,0.8987126892063941,0.9524023686380332
GPAB7079_jpg.rf.909e521c3f586cbc8b357fbd01b9cb3a.jpg,finger_acropora,76773,8455,34794,0.6396577294162736,0.78023323763307,0.9007955132116205,0.6881335878888919
GPAB7079_jpg.rf.909e521c3f586cbc8b357fbd01b9cb3a.jpg,finger_porites,0,0,0,1.0,1.0,,
GPAB7079_jpg.rf.909e521c3f586cbc8b357fbd01b9cb3a.jpg,knob_porites,0,0,0,1.0,1.0,,
GPAB7079_jpg.rf.909e521c3f586cbc8b357fbd01b9cb3a.jpg,mounding_,25649,1789,18463,0.5587895688547091,0.7169531795946891,0.9347984546978643,0.5814517591585057
GPAB7079_jpg.rf.909e521c3f586cbc8b357fbd01b9cb3a.jpg,oddball,0,1462,0,0.0,0.0,0.0,
GPAB7079_jpg.rf.909e521c3f586cbc8b357fbd01b9cb3a.jpg,pocillopora_,13454,8674,5921,0.479660593960569,0.6483386743127003,0.6080079537237889,0.6944
GPAB7079_jpg.rf.909e521c3f586cbc8b357fbd01b9cb3a.jpg,table_acropora,7172,31215,8141,0.15414374140302614,0.26711359404096835,0.1868340844556751,0.46836021680924705
GPAB7080_jpg.rf.534c4e4511da2cce23e581aeb17807ff.jpg,branching_acropora,11926,13300,14530,0.29997987725123254,0.4615146472659727,0.4727661936097677,0.4507862110674327
GPAB7080_jpg.rf.534c4e4511da2cce23e581aeb17807ff.jpg,finger_acropora,193834,10580,60940,0.7304732545957475,0.8442468008745874,0.948242292602268,0.7608076177317936
GPAB7080_jpg.rf.534c4e4511da2cce23e581aeb17807ff.jpg,finger_porites,0,0,0,1.0,1.0,,
GPAB7080_jpg.rf.534c4e4511da2cce23e581aeb17807ff.jpg,knob_porites,0,1940,0,0.0,0.0,0.0,
GPAB7080_jpg.rf.534c4e4511da2cce23e581aeb17807ff.jpg,mounding_,3349,108,5678,0.36661193212917353,0.5365267542454342,0.9687590396297368,0.3709981167608286
GPAB7080_jpg.rf.534c4e4511da2cce23e581aeb17807ff.jpg,oddball,1923,147,94,0.8886321626617375,0.9410325422069978,0.9289855072463769,0.9533961328705999
GPAB7080_jpg.rf.534c4e4511da2cce23e581aeb17807ff.jpg,pocillopora_,0,0,5681,0.0,0.0,,0.0
GPAB7080_jpg.rf.534c4e4511da2cce23e581aeb17807ff.jpg,table_acropora,26899,488,17714,0.5964169308884504,0.7471944444444445,0.9821813269069266,0.6029408468383655
GPAB7081_jpg.rf.2159b20d8b296fd86124587d2ea73ea6.jpg,branching_acropora,0,0,0,1.0,1.0,,
GPAB7081_jpg.rf.2159b20d8b296fd86124587d2ea73ea6.jpg,finger_acropora,119515,12646,18260,0.7945366670877072,0.8855061940608144,0.9043136780139376,0.8674650698602795
GPAB7081_jpg.rf.2159b20d8b296fd86124587d2ea73ea6.jpg,finger_porites,0,0,0,1.0,1.0,,
GPAB7081_jpg.rf.2159b20d8b296fd86124587d2ea73ea6.jpg,knob_porites,0,1441,0,0.0,0.0,0.0,
GPAB7081_jpg.rf.2159b20d8b296fd86124587d2ea73ea6.jpg,mounding_,44011,3257,10800,0.7579217469174072,0.8622929299855994,0.9310950325801811,0.8029592600025542
GPAB7081_jpg.rf.2159b20d8b296fd86124587d2ea73ea6.jpg,oddball,0,1275,8785,0.0,0.0,0.0,0.0
GPAB7081_jpg.rf.2159b20d8b296fd86124587d2ea73ea6.jpg,pocillopora_,0,2405,0,0.0,0.0,0.0,
GPAB7081_jpg.rf.2159b20d8b296fd86124587d2ea73ea6.jpg,table_acropora,0,0,0,1.0,1.0,,
GPAB7090_jpg.rf.5a202a153d5630556c96afc11f25bef5.jpg,branching_acropora,0,0,41633,0.0,0.0,,0.0
GPAB7090_jpg.rf.5a202a153d5630556c96afc11f25bef5.jpg,finger_acropora,131083,112981,13933,0.5080795513126122,0.6738100133648607,0.537084535203881,0.9039209466541623
GPAB7090_jpg.rf.5a202a153d5630556c96afc11f25bef5.jpg,finger_porites,0,0,0,1.0,1.0,,
GPAB7090_jpg.rf.5a202a153d5630556c96afc11f25bef5.jpg,knob_porites,0,2477,0,0.0,0.0,0.0,
GPAB7090_jpg.rf.5a202a153d5630556c96afc11f25bef5.jpg,mounding_,1645,20746,6549,0.056841741534208706,0.10756906980546019,0.0734670179983029,0.20075665120820113
GPAB7090_jpg.rf.5a202a153d5630556c96afc11f25bef5.jpg,oddball,0,0,2271,0.0,0.0,,0.0
GPAB7090_jpg.rf.5a202a153d5630556c96afc11f25bef5.jpg,pocillopora_,10213,9915,340,0.49897400820793436,0.6657540497376226,0.5074026232114467,0.9677816734577845
GPAB7090_jpg.rf.5a202a153d5630556c96afc11f25bef5.jpg,table_acropora,0,0,0,1.0,1.0,,
GPAB7095_jpg.rf.da1a17f02f4eb3d1397d87151efeb1a6.jpg,branching_acropora,0,0,1809,0.0,0.0,,0.0
GPAB7095_jpg.rf.da1a17f02f4eb3d1397d87151efeb1a6.jpg,finger_acropora,408565,4139,16737,0.95138796714799,0.9750884838533376,0.9899710203923393,0.9606467874592642
GPAB7095_jpg.rf.da1a17f02f4eb3d1397d87151efeb1a6.jpg,finger_porites,0,0,0,1.0,1.0,,
GPAB7095_jpg.rf.da1a17f02f4eb3d1397d87151efeb1a6.jpg,knob_porites,0,9927,0,0.0,0.0,0.0,
GPAB7095_jpg.rf.da1a17f02f4eb3d1397d87151efeb1a6.jpg,mounding_,30688,392,23900,0.5581666060385595,0.7164402110472988,0.9873873873873874,0.5621748369605042
GPAB7095_jpg.rf.da1a17f02f4eb3d1397d87151efeb1a6.jpg,oddball,0,0,0,1.0,1.0,,
GPAB7095_jpg.rf.da1a17f02f4eb3d1397d87151efeb1a6.jpg,pocillopora_,7403,399,7698,0.47761290322580646,0.6464655285333799,0.9488592668546526,0.49023243493808355
GPAB7095_jpg.rf.da1a17f02f4eb3d1397d87151efeb1a6.jpg,table_acropora,0,0,0,1.0,1.0,,
GPAB7183_jpg.rf.4ec008fb929778140b3f448a821803ac.jpg,branching_acropora,0,5183,0,0.0,0.0,0.0,
GPAB7183_jpg.rf.4ec008fb929778140b3f448a821803ac.jpg,finger_acropora,11660,1542,453,0.8538996704503845,0.9211929685956942,0.8831995152249659,0.962602162965409
GPAB7183_jpg.rf.4ec008fb929778140b3f448a821803ac.jpg,finger_porites,0,0,0,1.0,1.0,,
GPAB7183_jpg.rf.4ec008fb929778140b3f448a821803ac.jpg,knob_porites,0,3287,0,0.0,0.0,0.0,
GPAB7183_jpg.rf.4ec008fb929778140b3f448a821803ac.jpg,mounding_,0,0,487,0.0,0.0,,0.0
GPAB7183_jpg.rf.4ec008fb929778140b3f448a821803ac.jpg,oddball,0,0,0,1.0,1.0,,
GPAB7183_jpg.rf.4ec008fb929778140b3f448a821803ac.jpg,pocillopora_,0,0,0,1.0,1.0,,
GPAB7183_jpg.rf.4ec008fb929778140b3f448a821803ac.jpg,table_acropora,0,87995,0,0.0,0.0,0.0,
GPAB7185_jpg.rf.bbdd85b10b2ce4494aa5e4f51cb88e08.jpg,branching_acropora,0,13019,0,0.0,0.0,0.0,
GPAB7185_jpg.rf.bbdd85b10b2ce4494aa5e4f51cb88e08.jpg,finger_acropora,0,0,59142,0.0,0.0,,0.0
GPAB7185_jpg.rf.bbdd85b10b2ce4494aa5e4f51cb88e08.jpg,finger_porites,0,3391,0,0.0,0.0,0.0,
GPAB7185_jpg.rf.bbdd85b10b2ce4494aa5e4f51cb88e08.jpg,knob_porites,0,214930,0,0.0,0.0,0.0,
GPAB7185_jpg.rf.bbdd85b10b2ce4494aa5e4f51cb88e08.jpg,mounding_,0,0,0,1.0,1.0,,
GPAB7185_jpg.rf.bbdd85b10b2ce4494aa5e4f51cb88e08.jpg,oddball,0,0,0,1.0,1.0,,
GPAB7185_jpg.rf.bbdd85b10b2ce4494aa5e4f51cb88e08.jpg,pocillopora_,5639,2849,97,0.6568433313919627,0.7928852643419573,0.6643496701225259,0.9830892608089261
GPAB7185_jpg.rf.bbdd85b10b2ce4494aa5e4f51cb88e08.jpg,table_acropora,0,0,0,1.0,1.0,,
