image,taxonomy,tp_px,fp_px,fn_px,iou,dice_f1,precision,recall
GPAB2750_jpg.rf.cdad5a44fc68268026febd47efc11e6c.jpg,lcc,176570,14071,120689,0.5671473998650949,0.7237958598073375,0.9261911131393562,0.5939937899273025
GPAB2751_jpg.rf.5c54bc040bd61f476b2936c0f427baaf.jpg,lcc,75662,5130,61720,0.5309166947344784,0.693593187089204,0.9365036142192297,0.5507417274460992
GPAB2752_jpg.rf.3d3a23e7d01325a3e36b5203981b2c6b.jpg,lcc,37339,64514,185789,0.1298106674268709,0.2297918955262,0.3665969583615603,0.16734340826790003
GPAB2753_jpg.rf.ecc3e09a60fddd4051f8cc1817f5abe0.jpg,lcc,138800,70904,57248,0.5199436602834967,0.6841617539777992,0.6618853240758402,0.7079898800293806
GPAB2755_jpg.rf.989ddbf0acb4906444222985aa1c08ad.jpg,lcc,271615,37556,93270,0.6749188079743366,0.8059122684168675,0.8785267699751917,0.7443852172602327
GPAB2756_jpg.rf.e3eab669406113c45048b693e012a15e.jpg,lcc,144114,11256,116576,0.5299360902532121,0.6927558525212709,0.927553581772543,0.5528175227281446
GPAB2863_jpg.rf.96811bd1325e7bbd6bdfefe68952512f.jpg,lcc,172004,16360,293652,0.35684292637588794,0.5259900308859057,0.9131468858168228,0.36937997148109336
GPAB2864_jpg.rf.bba294c9d2767e1fca67088d5f57ed2c.jpg,lcc,96444,9248,288494,0.2446662235594364,0.3931435093655096,0.9125004730727018,0.2505442434885618
GPAB2865_jpg.rf.bc51b557fce1c755711f160a6fb06174.jpg,lcc,152080,8980,68962,0.6611541504725635,0.796017817232048,0.9442443809760338,0.6880140425801431
GPAB2866_jpg.rf.419a33f7e1a92b4b4cd4c79fef598c57.jpg,lcc,257025,13889,404398,0.3806018551425119,0.5513564301320231,0.9487328081974353,0.3885939859968583
GPAB2867_jpg.rf.a760f33822f6d3414eebcb42d8a10ffe.jpg,lcc,209951,13605,50721,0.7654706738078658,0.8671576199641491,0.9391427651237274,0.8054221397004665
GPAB2868_jpg.rf.388ca1bea37ef902bb25b8564d68772c.jpg,lcc,452054,14303,192109,0.6865259557820753,0.8141303173288189,0.9693303627907376,0.7017695831645097
GPAB2869_jpg.rf.f5f4b6550e77b27a16ff75349110b44f.jpg,lcc,403076,67121,23151,0.8170216561129263,0.8992976537888321,0.8572491955499504,0.9456838726781739
GPAB2870_jpg.rf.bf5e43594708726bc8b61ede51e9e0d6.jpg,lcc,77285,9891,78032,0.46780422255580845,0.6374204616215726,0.8865398733596402,0.4975952407012755
GPAB2871_jpg.rf.504bfd08c70eccfa9fd23ba467a0b88b.jpg,lcc,307912,38911,68217,0.7418851195065536,0.8518186546271398,0.8878073253503949,0.8186340324729016
GPAB2907_jpg.rf.bf31d322ee0d726153fd605a1778f741.jpg,lcc,241917,24634,166351,0.5588262470489856,0.7169833688737276,0.907582413872017,0.5925446030548561
GPAB2908_jpg.rf.88dda92c5d3e1444f5a1b36c77499932.jpg,lcc,399749,18971,99339,0.7716283280475776,0.8710950438435926,0.9546928735192969,0.8009589491232008
GPAB2909_jpg.rf.f8bd8c4e84c1945b4c81d8aa05b48c12.jpg,lcc,330416,17387,105512,0.7288883006298049,0.8431872670597437,0.9500090568511484,0.7579600300967132
GPAB2910_jpg.rf.6a59ae7e8c4bd736c88f0483d80245eb.jpg,lcc,84558,4252,85086,0.4862561531030041,0.6543369419703313,0.9521225087264947,0.49844379995755816
GPAB2911_jpg.rf.a892723d63b47464304a3bf61c90205b.jpg,lcc,206097,35950,10897,0.814792997659561,0.8979459351125498,0.8514751267315852,0.9497820216227176
GPAB2912_jpg.rf.bf1be34d721f9328c589ea24f4d294f3.jpg,lcc,30657,11560,936559,0.0313217733168774,0.06074102986528081,0.7261766586919961,0.031696125787828155
GPAB2913_jpg.rf.a426d17e675cf5b48b74ca8af4351b03.jpg,lcc,204196,15818,22590,0.8416843910240557,0.9140376007162041,0.9281045751633987,0.9003906766731632
GPAB2914_jpg.rf.05ad5a37a80ee9922fa2d84461e64b23.jpg,lcc,359734,18848,25618,0.8899901039089559,0.94179340100061,0.9502142204330898,0.9335205214972285
GPAB2915_jpg.rf.a6786972f25a53ecff6281be316a127d.jpg,lcc,452113,58471,103240,0.7365515196538421,0.8482921598556012,0.8854821145981856,0.8141002209405549
GPAB2916_jpg.rf.7f634b0de0ff892d3d6e051ea3b40642.jpg,lcc,217501,59889,12592,0.7500500031036409,0.8571755112979154,0.7840982010887199,0.9452743021300083
GPAB2941_jpg.rf.18f7f408bdbb3d1b44d43910c2e6eba4.jpg,lcc,219191,12263,211040,0.4953536093144766,0.662523708411102,0.9470175499235269,0.5094728180907466
GPAB2942_jpg.rf.1e3195c08fa8efff9464de31cf8e5d3c.jpg,lcc,196917,38781,78652,0.6264259583267059,0.7703098381080727,0.8354631774558969,0.7145832804125283
GPAB2943_jpg.rf.785d4f902aaf6a01200939a608fa2ac6.jpg,lcc,267660,33238,99618,0.6682879085979087,0.8011661598141807,0.8895373182939069,0.728766765229608
GPAB2944_jpg.rf.4c5671d6eb3325a6fb91a55ecd6b13f6.jpg,lcc,129037,5138,89477,0.5769543755477259,0.7317324895304361,0.9617067262902925,0.5905205158479548
GPAB2946_jpg.rf.4ae04bdc56ebbfb34e63f95e6dec2beb.jpg,lcc,5040,91,605,0.8786610878661087,0.9354120267260579,0.9822646657571623,0.8928255093002657
GPAB2948_jpg.rf.4acdaada60495f5c29e1e122f2d83397.jpg,lcc,19853,193,9409,0.6740112035308097,0.8052648657418674,0.9903721440686422,0.678456701524161
GPAB2949_jpg.rf.7fbf6a8deca8c7aae18c53062828ddff.jpg,lcc,3502,437,126,0.86150061500615,0.9255979912779173,0.889058136582889,0.9652701212789415
GPAB2950_jpg.rf.502dd1ed83690517b5d11f810ee8abd0.jpg,lcc,203642,6485,24772,0.8669342994223049,0.9287250222898201,0.969137711955151,0.8915478035496949
GPAB2951_jpg.rf.42d2aa39a63a8cd50185c4c34c3d023a.jpg,lcc,131280,43221,7004,0.7232858598936669,0.8394264430839075,0.7523166056354977,0.9493506117844436
GPAB2952_jpg.rf.d5edd999c3d70eee6ea6ae39f932ee17.jpg,lcc,145465,12752,28550,0.7788581494589515,0.8756832574827229,0.9194018341897521,0.8359336838778266
GPAB2953_jpg.rf.e9d7fd4bca495dd962d44280979b6764.jpg,lcc,237123,33695,49641,0.7399480120701868,0.8505403689502172,0.8755806482582399,0.8268924969661464
GPAB2985_jpg.rf.1aa4eb008b359be4a92a854650b08c4f.jpg,lcc,216554,21321,137541,0.5768374283461547,0.7316384276230214,0.9103688912243826,0.611570341292591
GPAB2986_jpg.rf.8384c7104ca8ce5717f2a1895ec3f4e6.jpg,lcc,157927,13420,76768,0.6365072647764142,0.777885046374513,0.9216793991140785,0.672903129593728
GPAB2987_jpg.rf.8edaf56f6842917821771008f1c445b3.jpg,lcc,271495,18148,26188,0.8596211264885334,0.924512110820907,0.9373435574137818,0.912027223590195
GPAB2988_jpg.rf.83afaab24b357370faadb37c4a8f2e80.jpg,lcc,162805,4963,18637,0.8733939540248384,0.9324188883479855,0.9704174812836774,0.8972839805557699
GPAB2989_jpg.rf.8c0306c24da4ca0fa0a6db116a0c7028.jpg,lcc,528633,10474,218230,0.69801554657966,0.822154482608459,0.9805715748450679,0.7078045103318815
GPAB2990_jpg.rf.26380753fc33e784adf7e3cfce47a36f.jpg,lcc,203079,3291,705936,0.22259965406343923,0.3641415296063691,0.9840529146678296,0.22340555436378937
GPAB2991_jpg.rf.349d021fabfa3966b9f88f23b1096169.jpg,lcc,344096,14282,83826,0.7781385966657922,0.8752282843698334,0.9601482233842479,0.8041091600805754
GPAB2992_jpg.rf.e4effd5df06ee1d3cc045935c76638eb.jpg,lcc,108440,5013,4191,0.9217639658631125,0.9592894676314998,0.9558143019576388,0.9627899956495104
GPAB2994_jpg.rf.399149a84f76c2e820ddc039f29be960.jpg,lcc,49644,3726,13053,0.7473917167246286,0.855436945901936,0.9301854974704891,0.7918082204890187
GPAB2995_jpg.rf.77053a52828cd1b35e1a6b481dda0977.jpg,lcc,591571,25785,277750,0.6608949107703446,0.7958298944558906,0.9582331750238112,0.6804977677980861
GPAB2996_jpg.rf.71234c52d0bc86b7485ea41a885640db.jpg,lcc,361912,37714,19362,0.8637765282060584,0.9269099756690997,0.9056267610215551,0.9492176230217638
GPAB3022_jpg.rf.4a7028ccc8d0c43d90f9f26c5b803a76.jpg,lcc,155324,27501,118583,0.5153280603036415,0.6801537882171602,0.8495774647887324,0.5670683845246745
GPAB3023_jpg.rf.2d06d6161234dba9738fbea660799947.jpg,lcc,200781,13385,99590,0.6399272045793547,0.7804336714366508,0.9375017509782132,0.6684433583801366
GPAB3024_jpg.rf.962d5da92455184bd060dd0c24c8dab4.jpg,lcc,242039,43740,74338,0.6721121191168425,0.8039079574063864,0.846944667032917,0.7650334885279271
GPAB3025_jpg.rf.0e7dd03ddf2d70bda47a0516e862f4c9.jpg,lcc,52433,17212,71498,0.3714884903962648,0.5417303797991486,0.752860937612176,0.42308219896555344
GPAB3026_jpg.rf.0132f1051a4116579dca9e90f5fe8dac.jpg,lcc,107982,29573,20601,0.6827562659652495,0.8114737467028383,0.7850096325106322,0.8397844194022538
GPAB3027_jpg.rf.747b37a57bb87ebb8bad757bc73c82cb.jpg,lcc,133906,14686,55322,0.656678795963004,0.792765378011959,0.9011656078389146,0.7076436890946372
GPAB3028_jpg.rf.bab6e79b28a15e973dd2a4273d4b3f69.jpg,lcc,161423,6871,159061,0.4931129813199737,0.6605166353641121,0.9591726383590621,0.5036850513598182
GPAB3029_jpg.rf.9be364b3f26fd5581081ef77d347a1a7.jpg,lcc,340218,13726,47832,0.8467852733861654,0.9170370649897438,0.9612198539882015,0.8767375338229609
GPAB3030_jpg.rf.adc799d4514f57aa03abab83f2ad6e6e.jpg,lcc,460775,38267,48196,0.8420011037245221,0.9142243205196758,0.9233190793560462,0.905306982126683
GPAB3031_jpg.rf.ab0edf94425b881b01d5ae81bd81b21d.jpg,lcc,154766,79106,31479,0.583250110231354,0.7367757077195163,0.6617551481152083,0.8309806974683884
GPAB3032_jpg.rf.1d597c1e44f74b2246f4f867092f84fd.jpg,lcc,375998,18303,135043,0.7103093640430419,0.8306209145273278,0.9535811473975465,0.7357491864644911
GPAB3033_jpg.rf.50b9b3afcefbc3350536ce8c5bc36581.jpg,lcc,161995,75485,36200,0.5919139140602163,0.7436506570264532,0.6821416540340239,0.817351598173516
GPAB3035_jpg.rf.d5c32d9742ccdb6a97e4a8d5755c24d6.jpg,lcc,187145,49131,322883,0.3346901328602419,0.5015248477832089,0.7920609795324113,0.3669308351698338
GPAB3036_jpg.rf.73115f2d96e2a173cce8abbe17c95bd0.jpg,lcc,243849,23015,171035,0.5568612853648901,0.7153640348046493,0.913757569398645,0.5877522391801082
GPAB3065_jpg.rf.623b37a3e1def7e946fbe7642cf75b09.jpg,lcc,119725,25930,189988,0.35670340212666435,0.5258384427539924,0.8219765885139542,0.38656756416424237
GPAB3066_jpg.rf.c7ab7f595d1fabcf9345d55074498965.jpg,lcc,504250,56763,79290,0.7875177845488777,0.8811300132016604,0.8988205264405638,0.8641224251979299
GPAB3067_jpg.rf.787b1d28ce4fe02d8dcdc53034e25912.jpg,lcc,191778,11143,460733,0.28897286839226466,0.4483769604129843,0.9450870043021669,0.29390768891252406
GPAB3068_jpg.rf.7d5b5b389e42fbf25daa11b1aab52fd6.jpg,lcc,517501,7488,249885,0.6678518055838756,0.8008526936841087,0.985736844010065,0.6743685707062678
GPAB3069_jpg.rf.b4e787e9b2ba7d152d6ea99e92e0ca40.jpg,lcc,394724,27003,124234,0.7229893710356601,0.8392267337100092,0.9359704263658718,0.7606087583195558
GPAB3070_jpg.rf.9cd39d8ce8d5b63ee10a306d3f11ec2a.jpg,lcc,192258,14671,98718,0.6290197515434471,0.7722678020907603,0.9291012859483204,0.6607349059716265
GPAB3072_jpg.rf.0ac2243c6b202e76c28f399d6eb11d70.jpg,lcc,241891,7943,129221,0.6381422221049716,0.7791047852792352,0.9682068893745447,0.6518005346094979
GPAB3074_jpg.rf.38770129f002645fcdacee0bd4225300.jpg,lcc,133701,86211,164886,0.3474576271186441,0.5157232704402516,0.6079750081850922,0.4477790392749852
GPAB3075_jpg.rf.3f2d5382731b43b7f93907122f078970.jpg,lcc,489679,24129,139778,0.749218924517967,0.8566325392625507,0.9530388783358764,0.7779387630926338
GPAB3076_jpg.rf.6688d0a1b6f765cccf799dc184aea270.jpg,lcc,304629,18628,295649,0.49220560149683473,0.6597021228215498,0.942374024383076,0.5074798676613169
GPAB3077_jpg.rf.e6dd2d28fb69105d93898db9cb337457.jpg,lcc,384222,28830,226102,0.6011415089321196,0.7508911680555338,0.9302024926643618,0.6295377537176975
GPAB3078_jpg.rf.cd093ba40852e610c6dba2034d50c1dc.jpg,lcc,445750,15961,154169,0.7237611222965513,0.8397464276631218,0.9654307564688734,0.743016973958151
GPAB3079_jpg.rf.a4a8223fb26f718eff035a84cb461caa.jpg,lcc,263749,12916,163270,0.5995181106299794,0.7496234105081258,0.9533153814179604,0.6176516735789274
GPAB3080_jpg.rf.78f928f2c19bd787656114709b49bc5b.jpg,lcc,250635,3000,60567,0.7976874749365058,0.8874595679815592,0.9881719794192442,0.8053772147993907
GPAB3090_jpg.rf.125d5f6ed38bdc5cbae2b664e2362386.jpg,lcc,553906,30850,72055,0.8433263145714673,0.9150049103134754,0.9472429526161339,0.8848889946817773
GPAB3091_jpg.rf.2419e7ae9b651b8df0f426db91599eee.jpg,lcc,327105,20648,374876,0.45265966353412335,0.6232150239965554,0.9406245237280484,0.46597415029751516
GPAB3092_jpg.rf.3bad61d847234ef79c48d0ea084de422.jpg,lcc,660059,10709,206909,0.7520522925859969,0.8584815599036506,0.9840347184123274,0.7613418257651955
GPAB3093_jpg.rf.285d85f2bda7ab2fe223676c69049377.jpg,lcc,294408,11226,503295,0.3639478866501263,0.533668317114354,0.963269793282161,0.3690696913512924
GPAB3095_jpg.rf.c30fe8fea9a0ca71fd70d7ad21b1c91c.jpg,lcc,192391,4,775585,0.19875513956899937,0.3316025650416979,0.9999792094389147,0.19875596089159236
GPAB3096_jpg.rf.a6470fed9e9e1c7e6665b90f39689d33.jpg,lcc,120783,73550,273587,0.2581274576850744,0.4103359418926012,0.6215259374372855,0.30626822527068487
GPAB3097_jpg.rf.1d99e8ef816fb9dcb878d24c738e0e5f.jpg,lcc,619771,408451,196,0.6026450334397103,0.7520630218985808,0.6027599098249211,0.9996838541406237
GPAB3098_jpg.rf.64f8658b6d719daf7a6ca2fc4cd9cecf.jpg,lcc,0,46018,0,0.0,0.0,0.0,
GPAB3099_jpg.rf.fd9c504343c7c4aa14009c61fb4860e5.jpg,lcc,840832,176658,9994,0.8183407235538461,0.9000961293485684,0.8263786376278882,0.9882537675153321
GPAB3100_jpg.rf.e7ec1e1b776eaf06f12dc677181b3f99.jpg,lcc,89614,16645,221513,0.27340346338308336,0.42940587369964495,0.8433544452705183,0.2880302898816239
GPAB3101_jpg.rf.b62e7eeebc3c25bf04dbff6c796cb5d3.jpg,lcc,309517,52218,93854,0.6793776847114394,0.809082663055838,0.8556457074930544,0.7673258613038617
GPAB3102_jpg.rf.474b567b589316cba823bc1f8cfcd7ea.jpg,lcc,390867,42754,134695,0.6877634977723661,0.8149998488296811,0.9014023767299093,0.7437124449636769
GPAB3103_jpg.rf.57b80bcdb3fdddfed29907c8e94f6a12.jpg,lcc,106059,30423,209476,0.3065661149619318,0.46926996108553437,0.7770914845913747,0.3361243602136055
GPAB3104_jpg.rf.e80e02c3e101d1c16303a7ca427c6a49.jpg,lcc,405305,49757,76679,0.7622225858077523,0.8650695910339514,0.8906588552768634,0.8409096567520914
GPAB3114_jpg.rf.a0eef7d84c3db00e2182b17cfb131176.jpg,lcc,293671,23208,71945,0.7552800238668395,0.860580663594605,0.9267606878335264,0.8032225066736686
GPAB3115_jpg.rf.66786619ec5b1d81981d8d1dcbacae6b.jpg,lcc,590854,15933,90829,0.8469616522556822,0.9171404844505499,0.973742021500131,0.8667577158297919
GPAB3116_jpg.rf.ed8a4389d5c8493ac5b2c1d64f48a03b.jpg,lcc,389883,15877,62823,0.832046830550831,0.9083248492077729,0.9608709582018927,0.8612278167287378
GPAB3117_jpg.rf.48324a5515ea6a6df152c7f05a2f131c.jpg,lcc,211678,14720,48421,0.7702451431669571,0.8702129715085601,0.9349817577893798,0.8138362700356403
GPAB3118_jpg.rf.57920e1593dd8f883f267a8dc21b88b2.jpg,lcc,372853,23462,267259,0.561886089569513,0.7194968869008623,0.9407996164666995,0.5824808783462894
GPAB3119_jpg.rf.1eb13bc3f53bc0650f9acc7db755b399.jpg,lcc,363001,26142,130007,0.6992218048733506,0.822990621786973,0.9328216105647539,0.7362983967805796
GPAB3120_jpg.rf.5603d780549b726b1d30303f98c1122b.jpg,lcc,243340,75451,317847,0.38222663428824544,0.5530592810274803,0.763321423754121,0.4336166019526468
GPAB3121_jpg.rf.1b45c081583cecc29304e3ac5124201e.jpg,lcc,58450,20370,71804,0.38805236881240707,0.5591321732974928,0.7415630550621669,0.44873861839175766
GPAB3122_jpg.rf.dfef5ccb273d37124bbe24778f8a3383.jpg,lcc,134406,2775,633705,0.17435262801503723,0.29693402791585477,0.979771251120782,0.1749825220573589
GPAB3123_jpg.rf.0e78506e475476935d0cdd5fd34e42bc.jpg,lcc,224019,16895,96484,0.6639606636672416,0.7980485093967585,0.9298712403596304,0.6989606961557302
GPAB3124_jpg.rf.261f7fde12c4e7185009978cb8d41d5e.jpg,lcc,356404,23167,133124,0.6951579399057919,0.8201689335737355,0.9389653055686551,0.7280564135248647
GPAB3125_jpg.rf.cdb4c107b0c18a67d6336053f841f63c.jpg,lcc,445733,22776,60654,0.8423359153984689,0.9144216408724622,0.9513862060280592,0.8802220436148638
GPAB3126_jpg.rf.7f2a9644a452c8bf6f9b43429e1cf1ca.jpg,lcc,496930,12218,126662,0.7815699658703071,0.8773946360153256,0.9760030482295914,0.7968832185146698
GPAB3127_jpg.rf.a33eb97ca070a71c354688a5df3fe396.jpg,lcc,386370,9053,60844,0.8468068039108679,0.9170496904360953,0.9771055300273378,0.8639488030338943
GPAB3128_jpg.rf.9c417291ab540802a566e82e730a3fa4.jpg,lcc,228207,10887,55726,0.7740553558103249,0.872639462207496,0.9544656076689503,0.8037353882782206
GPAB3140_jpg.rf.3474ae4fcf56e867239b0fa23c90c845.jpg,lcc,420251,29625,120785,0.7364284575255712,0.84821053736356,0.9341485209257662,0.7767523787696198
GPAB3141_jpg.rf.496a8f719ffca8981eff66e05d24afae.jpg,lcc,418518,22394,120516,0.7454526671273966,0.8541654336055252,0.9492098196465508,0.7764222664989593
GPAB3142_jpg.rf.47763a8ac2730698e4e7bffda081cd94.jpg,lcc,163567,12137,354123,0.3087177512659793,0.471786603287597,0.9309235987797659,0.3159554946010161
GPAB3143_jpg.rf.9fc36c71d76476227a44163b79392c05.jpg,lcc,504720,19967,162664,0.7342973240745995,0.8467951992792375,0.9619449309778974,0.7562662575069226
GPAB3144_jpg.rf.a2b5b1860a1a0c32d5417f89d91114ef.jpg,lcc,373476,17138,333161,0.5160111913232703,0.680748525177922,0.9561254844936433,0.5285259617031093
GPAB3145_jpg.rf.60b0ade51bedfe79a34ae3c4cb01ef63.jpg,lcc,171953,16650,67346,0.6718252464358134,0.8037027169772518,0.9117193257795475,0.7185696555355434
GPAB3147_jpg.rf.08712d02692fd16b9c2191bf24d63a26.jpg,lcc,144265,14758,287709,0.32293410814537576,0.48820890799784095,0.9071958144419361,0.3339668591165209
GPAB3148_jpg.rf.215b32be1c7c28f0b92ea81efb374979.jpg,lcc,155698,11948,98195,0.5856809145316185,0.7387121950756632,0.928730777948773,0.6132425864438956
GPAB3149_jpg.rf.b85de5970d00d2f79e110927d0172e6e.jpg,lcc,255693,19028,90012,0.7010415838435239,0.8242497896606525,0.9307370022677552,0.7396277172733978
GPAB3150_jpg.rf.6c8b56def24a487f2d90b80b7048e1f4.jpg,lcc,451592,28541,113968,0.76012664513273,0.8637181275957666,0.9405560542599655,0.7984864559021148
GPAB3151_jpg.rf.2c56a82516e6b16eb781cce5002c00e2.jpg,lcc,540556,31954,41331,0.8806124061442621,0.9365166402892593,0.944186127753227,0.9289707451790468
GPAB3152_jpg.rf.20844ffc2344e194ff3830fb974c5f8f.jpg,lcc,321066,18654,156796,0.646637771995263,0.7854037882438704,0.9450900741787355,0.6718801662404628
GPAB3153_jpg.rf.861109ea12d8895926392ecc8c013b29.jpg,lcc,431768,21258,185908,0.6757630678599041,0.8065138572637391,0.9530755409181813,0.699020198291661
GPAB3154_jpg.rf.87d38b2413cadb6976ac03e5f0992a06.jpg,lcc,126018,12944,289944,0.29381263027329996,0.45418111308936,0.906852232984557,0.3029555584404345
GPAB3155_jpg.rf.d0fa59781b378d4a698078e736ac7453.jpg,lcc,715746,11678,4318,0.9781398361717655,0.9889491311845072,0.9839460892134436,0.9940033108168163
GPAB3159_jpg.rf.ed9a35831ae623a1f7ac0a397fdfcda7.jpg,lcc,345464,10041,14615,0.9333837674267805,0.9655442268133441,0.9717556715095428,0.9594116846580889
GPAB3160_jpg.rf.f7c2f442d5222845a4cf61cc49b880d6.jpg,lcc,345117,8135,118987,0.7308100347493536,0.8444716867558322,0.9769711141055111,0.7436199644907175
GPAB3161_jpg.rf.cb2162d68a96947fa46eb221ba5066b1.jpg,lcc,805870,56507,7256,0.9266782654292098,0.961943965483798,0.9344752932882022,0.9910764137415358
GPAB3162_jpg.rf.8427e11d3cb16eaac10a9b2e994311b9.jpg,lcc,1039541,563,589,0.9988930453073096,0.9994462161468374,0.9994587079753563,0.999433724630575
GPAB3163_jpg.rf.0e42e962764a40f2e739c5cd3e6b899f.jpg,lcc,1002980,37701,131,0.963651456747232,0.9814893100667779,0.9637727603367411,0.999869406277072
GPAB3188_jpg.rf.652a96859d459386ddd0760e01ffd599.jpg,lcc,303934,40207,96546,0.6896822461293389,0.8163454965680528,0.8831670739609637,0.7589242908509788
GPAB3190_jpg.rf.26f6a121f4430f3d59f86dedf34efe38.jpg,lcc,290902,18528,113088,0.6884961114082714,0.8155140029716016,0.9401221601008306,0.7200722790168074
GPAB3191_jpg.rf.e826bca6abc790f4761354a9d8dccd08.jpg,lcc,190370,24271,79785,0.6465801253965343,0.7853612653569749,0.8869228153055567,0.7046695415594751
GPAB3192_jpg.rf.1439ae1e342b14aff4b7668dcbeaf30e.jpg,lcc,413525,40645,102022,0.7434932541280709,0.8528776952451076,0.9105070788471278,0.8021092160365593
GPAB3193_jpg.rf.26438fdc8ba83c1997cdc08912b8e571.jpg,lcc,468798,27246,81193,0.8121412868544463,0.8963332966870133,0.9450734209062099,0.8523739479373299
GPAB3196_jpg.rf.b987e9397cd4dc6740305db480e7d1a3.jpg,lcc,49885,7021,47002,0.4800881549062632,0.6487291359164591,0.876621094436439,0.5148781570282907
GPAB3197_jpg.rf.61ef5ee307e4fe0e326bb6dfa6132654.jpg,lcc,183174,27569,65038,0.6642009420518454,0.7982220479131941,0.8691818945350498,0.7379739899763106
GPAB3198_jpg.rf.6a4a94373c659a065374d5d3634da775.jpg,lcc,149116,26015,55754,0.6458453342573143,0.7848189873184545,0.8514540543935682,0.7278566896080442
GPAB3199_jpg.rf.12b7ef0103aaee8e8ecbbd351b47aecd.jpg,lcc,170311,14359,172972,0.4762052555348645,0.6451748545798585,0.9222450858287756,0.4961241890801467
GPAB3200_jpg.rf.195175530cb552d58d2e1d0d144f0c0f.jpg,lcc,197721,13789,226795,0.45110368350805946,0.6217387339511278,0.9348068649236443,0.465756296582461
GPAB3201_jpg.rf.64c5d806908d0ba5fcd43bc8fbac2fe3.jpg,lcc,314913,53200,68290,0.7216105297167985,0.8382970680778793,0.8554791599318687,0.8217915830512809
GPAB3202_jpg.rf.26fcceb9e7688f7eb1ddf902d85cb3e8.jpg,lcc,75926,20821,87247,0.41265476048132005,0.5842259156663588,0.7847891924297394,0.46530982454205044
GPAB3203_jpg.rf.f3c3a83f132b77b020cd73afb748d82e.jpg,lcc,67213,53822,112357,0.28798330705422637,0.44718484389813873,0.5553187094642046,0.374299715988194
GPAB3204_jpg.rf.4d64e7738074531250627689a92bb0d3.jpg,lcc,77012,48594,25404,0.5099794715581749,0.6754786818815728,0.6131235768991927,0.751952819871895
GPAB3205_jpg.rf.8246c4bca81e9d44ca242b4c3e16fa1b.jpg,lcc,264103,20186,271359,0.4753063090301774,0.6443493207083615,0.9289947905124715,0.493224542544569
GPAB3206_jpg.rf.4e643a6937100e965b0d605f248af3bf.jpg,lcc,417975,621835,184,0.4019013571232142,0.5733661003766198,0.40197247574076034,0.9995599759899942
GPAB3207_jpg.rf.59b13473fdee7f43b0c8751b7481a7a2.jpg,lcc,955294,82726,266,0.9200682663543571,0.958370368884118,0.9203040403845784,0.9997216292017247
GPAB3208_jpg.rf.88ac674c1a1d170840701939258f0f75.jpg,lcc,30156,7384,717431,0.03994325609857862,0.07681814534463852,0.8033031433137986,0.040337780084458395
GPAB3209_jpg.rf.f6dac21895ad4908531149409119db3c.jpg,lcc,981555,53079,468,0.9482688662566587,0.9734476413192724,0.9486978003815842,0.9995234327505568
GPAB3210_jpg.rf.d299f498373d90b3cc0570fb8429706d.jpg,lcc,107451,7902,487145,0.1783425007219941,0.3027006165231587,0.9314972302410861,0.18071261831562943
GPAB3211_jpg.rf.2bbee665257083af1512a10f8e4cb798.jpg,lcc,24733,970,1783,0.8998399185039656,0.9472797257703135,0.962261214644205,0.932757580328858
GPAB3212_jpg.rf.18fffd5daee83a4157cdafc4403a2b74.jpg,lcc,0,1037671,0,0.0,0.0,0.0,
GPAB3213_jpg.rf.aad7bced0969440a4a59c024517dbe40.jpg,lcc,1498,4825,1497,0.19156010230179027,0.32152822494097444,0.23691285782065474,0.5001669449081803
GPAB3214_jpg.rf.a9331ffc6e7ef157654776be1e3f6aa5.jpg,lcc,0,1349,0,0.0,0.0,0.0,
GPAB3215_jpg.rf.006beb5ee5b8d23dc7a38e00e61556ec.jpg,lcc,15968,16703,652,0.4791885484500195,0.6479073258809924,0.48875149214900065,0.9607701564380264
GPAB3216_jpg.rf.6eae2e3fa8c98eff50cf0d32d1c876b1.jpg,lcc,3481,22382,2423,0.12306441349077282,0.21915824597853117,0.13459382128910025,0.5896002710027101
GPAB3217_jpg.rf.2f1ef4bd35e7cb3d66255acbcc57cad6.jpg,lcc,0,3015,0,0.0,0.0,0.0,
GPAB3218_jpg.rf.d9d14010d4157d4108be2e17946d432c.jpg,lcc,47359,17935,20977,0.5489561961725261,0.7088079024171219,0.7253193248996845,0.693031491453992
GPAB3219_jpg.rf.ff338c196dc32a1235219d6a9764c2bc.jpg,lcc,125632,27439,16181,0.742277786968544,0.8520774270560627,0.820743315193603,0.8858990360545225
GPAB3220_jpg.rf.c40e169919da8e837e5cb08ee3bd4133.jpg,lcc,87264,18130,13747,0.7324430716545941,0.8455609117996172,0.8279788223238514,0.86390591123739
GPAB3221_jpg.rf.8d374c772359fb68a5172ca00d2a6e6e.jpg,lcc,208264,37581,30975,0.7523444837800737,0.8586719001245146,0.8471353901848726,0.8705269625771718
GPAB3222_jpg.rf.ef789681cc6f68d058b4fab3aa2fddd8.jpg,lcc,551658,633,210998,0.7227380454847377,0.8390573916667364,0.9988538650819948,0.7233379138169764
GPAB3223_jpg.rf.665c44ab9c7d66a0223d88910b91bfc1.jpg,lcc,156740,37248,5736,0.7847830005407462,0.8794155931594775,0.807988122976679,0.9646963243802161
GPAB3224_jpg.rf.3496e1b9cc1114642afead4714dc1e93.jpg,lcc,314753,8987,130234,0.6933282522787648,0.8188940937419916,0.9722400691913263,0.7073307759552526
GPAB3225_jpg.rf.83718ce0f906ef09e77f85fef62d54c7.jpg,lcc,2847,43,3063,0.4782462623887116,0.6470454545454546,0.985121107266436,0.4817258883248731
GPAB3226_jpg.rf.c75bfba17fbb447344c44f31fb1f214a.jpg,lcc,0,16542,0,0.0,0.0,0.0,
GPAB3227_jpg.rf.2b959500f6e4dec0055fc1e6488e6c59.jpg,lcc,276471,28065,63781,0.7506332860009177,0.8575562820648027,0.9078434076759397,0.8125477587200075
GPAB3228_jpg.rf.92aef0621bb3c3054cd3952cab4294ff.jpg,lcc,182904,17125,284384,0.37757863641149186,0.5481772530896111,0.9143874138249953,0.39141600041088154
GPAB3256_jpg.rf.7d206d4c2dfb923b428f093deabfd85f.jpg,lcc,939815,100374,151,0.903372935770998,0.949233772103699,0.9035040747402635,0.9998393558915961
GPAB3257_jpg.rf.3ee28745ceb92561a0b0b7379c7e81aa.jpg,lcc,969382,71409,135,0.9312688894311412,0.9644114235231617,0.9313896834234731,0.9998607554070739
GPAB3258_jpg.rf.c7ef61abe1c7481746e6bde8d974d808.jpg,lcc,338944,7165,554996,0.37614262488833156,0.5466622689909835,0.9792984291075932,0.3791574378593642
GPAB3259_jpg.rf.839025428ad843c1b67707a3f6164648.jpg,lcc,933902,106213,614,0.8973536818902904,0.9459002720001863,0.8978834071232508,0.9993429754011702
GPAB3260_jpg.rf.2a852c74755eedf1b0bbf6519188576e.jpg,lcc,967782,72155,1021,0.9297032156916993,0.9635711938827325,0.9306159892378096,0.9989461221734449
GPAB3261_jpg.rf.8999c48d44cc28e7c338a83f1c9f0ff3.jpg,lcc,1024202,14492,2479,0.9837001151585759,0.9917830902378503,0.9860478639522323,0.9975854233203887
GPAB3262_jpg.rf.77bd56029fdd05e1a937a6123d894b5b.jpg,lcc,993847,43995,1375,0.9563421306618348,0.9776839292811245,0.9576091543799538,0.9986183987090318
GPAB3263_jpg.rf.d701924d1f6c7c918723e49532d90267.jpg,lcc,972385,61180,831,0.940051005611004,0.9690992689286972,0.9408068191163594,0.9991461299444316
GPAB3264_jpg.rf.7edd339bc280e2edab14e6c55b7b5448.jpg,lcc,966150,74459,108,0.9283503584547961,0.9628440748689375,0.9284467076490786,0.9998882286097502
GPAB3265_jpg.rf.8995466d2b3f0f2c217c0f02097fd53f.jpg,lcc,799437,241252,192,0.7680388055887273,0.8688031090278963,0.7681805034933588,0.9997598886483606
GPAB3266_jpg.rf.8a9ceca39439e1caada154d49866ef8d.jpg,lcc,1037113,1140,2700,0.9963110726420885,0.9981521279882352,0.9989020017279026,0.9974033792614634
GPAB3267_jpg.rf.e3a20dea0057ae4369291cfe9aaf4c33.jpg,lcc,1016263,22327,385,0.9781399937438341,0.9889492117214649,0.9785025852357523,0.9996213045223126
GPAB3268_jpg.rf.29fefe45e6a87e115961b6cbdb159bec.jpg,lcc,6260,0,1028713,0.0060484669648386965,0.012024205917407535,1.0,0.0060484669648386965
GPAB3269_jpg.rf.c2d884cd6974e828bacc14f4aaf2636f.jpg,lcc,1039547,1084,759,0.9982302499543879,0.9991143412799138,0.9989583243243763,0.9992704069764089
GPAB3270_jpg.rf.e0b91e356fe900e9f8f67900f88a75b3.jpg,lcc,955894,84556,59,0.918679223341653,0.9576162728667509,0.9187313181796338,0.99993828148455
GPAB3271_jpg.rf.21bf1e78667a608bb741f6939825a79c.jpg,lcc,924998,114731,360,0.8893450464335264,0.9414321096216096,0.8896529768814758,0.9996109613792716
GPAB3272_jpg.rf.2b8771d36365460b06cf19eab013370a.jpg,lcc,548905,8393,387904,0.5807277174614527,0.7347599602973549,0.9849398347024393,0.5859305365341281
GPAB3273_jpg.rf.7792a8041112c3f484a16677ed8557f4.jpg,lcc,776434,30948,76774,0.878164034401169,0.9351302850191799,0.9616687020518169,0.9100172525339659
GPAB3274_jpg.rf.6f8cbaf27e8d238f2d942b271ee4af69.jpg,lcc,819539,46943,138183,0.815733602743203,0.898516832547237,0.9458234562287503,0.8557170034728241
GPAB3275_jpg.rf.1d25169dab7666cefd953b8af141cd76.jpg,lcc,760399,7156,190305,0.7938519199047878,0.8850807707103527,0.9906768896040024,0.7998272858849863
GPAB3276_jpg.rf.a8a21ae6b31115095960af1c82759954.jpg,lcc,600275,4841,295628,0.6664213139360351,0.7998233200245967,0.9919998810145493,0.6700223126834043
GPAB3277_jpg.rf.723ca0b955fa1ca90899447e24f64111.jpg,lcc,914049,119312,819,0.883839370322381,0.9383383575544764,0.8845398655455354,0.9991047888875773
GPAB3278_jpg.rf.67e2d52633a3ffb9fbefaa6b690632d9.jpg,lcc,768310,203620,671,0.7899539482274849,0.882652817978633,0.7904993157943473,0.9991274166721935
GPAB3279_jpg.rf.e80fecf07458b621fb3eb07d30d469f8.jpg,lcc,736666,297144,2768,0.7106710734744515,0.8308681715545069,0.7125738772114799,0.9962565962614649
GPAB3280_jpg.rf.9dcf0019e869d86acfed8f793c0121c8.jpg,lcc,297916,23732,379947,0.4246267433490832,0.5961235043936485,0.9262174799781128,0.4394929358882252
GPAB3281_jpg.rf.55f02dc1fe6c46a6329e2a014ae50f24.jpg,lcc,356117,61433,420826,0.4247700315848736,0.5962646913795225,0.8528727098551072,0.45835666194302543
GPAB3288_jpg.rf.7a58e4d38c7055a146449a1c5f7d18bb.jpg,lcc,47008,2927,633222,0.06880995144600728,0.12875993782227305,0.9413837989386202,0.06910603766373138
GPAB3405_jpg.rf.0a744a0303d7a1212bd37f5aef217427.jpg,lcc,297002,12036,57325,0.8106768423667237,0.8954406699177677,0.961053333247044,0.8382144177553503
GPAB3412_jpg.rf.aabe456f2f3adad085609422103a52ae.jpg,lcc,949775,50624,16062,0.9343939413317383,0.9660844374734264,0.949396190919823,0.9833698646873127
GPAB3413_jpg.rf.d71936d8b4efe613f0112d09b364d35d.jpg,lcc,986041,50934,158,0.950737272847359,0.9747466110181329,0.9508821331276067,0.9998397889269812
GPAB3414_jpg.rf.79f5f83a7d2e3362e7ffb0a7840a4535.jpg,lcc,888570,149441,98,0.8559505793707597,0.922385098918917,0.8560313908041437,0.9998897225960651
GPAB3415_jpg.rf.90f875249c32b02ae81d4b3bce2a27ef.jpg,lcc,215955,11022,388385,0.35093977203662235,0.5195491010047912,0.9514400137458862,0.357340238938346
GPAB3481_jpg.rf.e4fc253b7043c340198c9e586f1f566a.jpg,lcc,658946,21908,196216,0.751303772788945,0.8579936667326382,0.9678227637643313,0.7705510768719845
GPAB3580_jpg.rf.ffad78ff6b840b81c294748dc1370522.jpg,lcc,731550,21974,132627,0.8255365056294017,0.904431659497027,0.9708383541864626,0.8465279682287309
GPAB3586_jpg.rf.c59c039c860f1f9b98ea9f314e7dca24.jpg,lcc,233169,3745,9630,0.9457500486728535,0.9721187460002126,0.9841925762090885,0.9603375631695353
GPAB3587_jpg.rf.25c7a80ed8216118dd3cb579f5aa563d.jpg,lcc,428422,16336,82729,0.8121944237488318,0.8963656582373427,0.9632699130763247,0.8381515442599153
GPAB3590_jpg.rf.a50fd703628d75dc3f8bdc270e10fd2a.jpg,lcc,219637,11917,103593,0.6553452664054877,0.7917928418988291,0.9485346830544927,0.6795068527055038
GPAB3591_jpg.rf.9e62f22fe7bdeccd173ff1e1d01228c6.jpg,lcc,215004,11929,84296,0.6908225133262004,0.8171437367097845,0.9474338240802351,0.7183561643835616
GPAB3596_jpg.rf.622852fcf571639a210332332c8070c8.jpg,lcc,471668,28588,24517,0.8988038637658569,0.9467053242490022,0.9428532591313248,0.9505889940244062
GPAB3605_jpg.rf.5ac2aa8438d68ded3aa8d984a7d541ea.jpg,lcc,518025,56164,59180,0.8178881505094187,0.899822302356969,0.9021855173122438,0.8974714356251245
GPAB3605_jpg.rf.f4da4dd3d31a95d97b751dc27409bdec.jpg,lcc,531119,40179,65149,0.834506251109676,0.9097883974010891,0.9296706797503229,0.8907387282228797
GPAB3663_jpg.rf.e62d33ea7902a680b354db04cec4a201.jpg,lcc,444271,18989,298785,0.5829983793607989,0.7365748278228922,0.9590100591460519,0.5978970629400745
GPAB3671_jpg.rf.ada0ddbaf3cc43539c7fefb5a1af2779.jpg,lcc,573516,47693,66341,0.8341444258599374,0.909573329230984,0.9232255166940595,0.8963190212813176
GPAB3676_jpg.rf.cf29c1b5e8ed14be8d55b94129a9427f.jpg,lcc,547799,49160,54750,0.8405576722125979,0.9133728161879704,0.917649285796847,0.9091360204730238
GPAB3709_jpg.rf.a45e2057dad709053cf0cfe214794ee1.jpg,lcc,489250,111996,33278,0.7710504252006228,0.8707266763601934,0.8137268272886639,0.936313460714067
GPAB3732_jpg.rf.17cb4bb5e9fdf6d4fc4f7156adfc86f8.jpg,lcc,205374,32781,288015,0.39031871828496495,0.5614809225419114,0.8623543490583864,0.4162516797091139
GPAB4073_jpg.rf.6886e5e5c27978f16dcfe556ec6fc71c.jpg,lcc,243498,32816,121096,0.6127123122216351,0.7598532082607801,0.8812365641987014,0.6678606888758455
GPAB4076_jpg.rf.c94e7dec6537b171e7a7ec59e4ff64dd.jpg,lcc,249667,27678,132411,0.6093065141205986,0.7572286680931662,0.9002037173916962,0.6534451080669392
GPAB4077_jpg.rf.c9ad90251943ebe0b020904f23bbbbbd.jpg,lcc,173081,32147,61369,0.6492233596026962,0.787307984479551,0.8433595805640556,0.7382426956707187
GPAB4087_jpg.rf.0b3c644eb44aee30141ba3ed42989ad1.jpg,lcc,190460,25483,88704,0.6251825883727724,0.769369045479058,0.881992007150035,0.6822512931466808
GPAB4093_jpg.rf.24dd5cf3a470f49ab60fa436ea11fdfa.jpg,lcc,353312,68308,51125,0.747362743127902,0.8554179675252435,0.8379868127697927,0.8735897061841523
GPAB4096_jpg.rf.39c6815800f20b8678d0f61c3e1d2ad6.jpg,lcc,308583,15441,65815,0.7915652359050788,0.8836577312856697,0.9523461225094437,0.8242111336064829
GPAB4102_jpg.rf.f6eb7ddcb156cec380829d721e732203.jpg,lcc,349290,27573,30689,0.8570440091080402,0.9230195998636439,0.9268354813287587,0.9192350103558354
GPAB4356_jpg.rf.a4c2fab051c83d8f922555d153eea266.jpg,lcc,571467,58269,159133,0.724413052103708,0.8401850719234072,0.9074707496474713,0.7821886120996441
GPAB4410_jpg.rf.9548ace7ba62af809617e4b4a701449f.jpg,lcc,436299,13406,92482,0.8047020677367772,0.8917838374795347,0.9701893463492735,0.8251033981932029
GPAB4414_jpg.rf.41fc0520b81a5365ed2cebcb322ec768.jpg,lcc,476670,37220,49428,0.8461827955080434,0.916683654042162,0.9275720484928681,0.9060479226303845
GPAB4427_jpg.rf.d641d79fb8b16c710f5704f22c6c1f40.jpg,lcc,339613,14130,39916,0.8627085878895185,0.9262947446513708,0.9600557466861535,0.8948275362357027
GPAB4429_jpg.rf.9c5778f2144405c14429452fd5c16a8c.jpg,lcc,256595,22376,84029,0.7068732782369146,0.8282668517337939,0.9197909460123095,0.7533086335666307
GPAB4438_jpg.rf.7c5e910cd083c00029efa53e83f0c2a1.jpg,lcc,488738,16350,11383,0.9463028901913176,0.9724107125980767,0.967629403193107,0.9772395080390546
GPAB4446_jpg.rf.d76aab185399ee99678d32ea3165905d.jpg,lcc,149449,22622,4021,0.8486984076505463,0.9181577742895672,0.8685310133607639,0.9737994396298951
GPAB4447_jpg.rf.aeeafd0ada2ec9d0aaebd6965fb0895c.jpg,lcc,328309,13966,31939,0.8773295494022137,0.9346569436160809,0.9591965524797312,0.9113416313206458
GPAB4448_jpg.rf.ee36154d05bad5ec4095003019f0d7da.jpg,lcc,537831,38015,69147,0.8338555612231451,0.9094015677733965,0.9339840860229992,0.8860798908691913
GPAB4451_jpg.rf.411bce69ce7f9a897fa647a01fb3860d.jpg,lcc,256245,15813,121206,0.6515851946783839,0.7890421841729676,0.9418763645987253,0.6788828218762171
GPAB4454_jpg.rf.5c968bee42f968821b240683bc03bef8.jpg,lcc,234132,39115,10417,0.8253849624908343,0.9043407056060688,0.8568511273682785,0.95740321980462
GPAB4456_jpg.rf.4095bf134e113d9e917e6244502d5524.jpg,lcc,117049,34024,57183,0.5620438306699447,0.7196261969536282,0.7747843757653585,0.6717996694063089
GPAB4457_jpg.rf.1312e0f6c664f6ad040e3d483a8fbc3f.jpg,lcc,175309,63427,55568,0.5956731814722191,0.7466105069493392,0.734321593726962,0.7593177319525115
GPAB4462_jpg.rf.01068273795b1b0956583030599c0dee.jpg,lcc,514220,9627,51568,0.8936506695167835,0.9438389919560219,0.9816224966450128,0.9088563207420447
GPAB4479_jpg.rf.e9535a9e7200ff32640d39823eb08211.jpg,lcc,328664,18289,142481,0.6715185295668057,0.8034832012790644,0.9472868082996833,0.6975856689554171
GPAB4488_jpg.rf.94af4e778abfecc91782b790f52d8f89.jpg,lcc,269063,29214,1927,0.896267204967289,0.9452963196531681,0.9020574834801208,0.9928890364958116
GPAB4491_jpg.rf.12a0aec71fbb0323e170546f88ad9e24.jpg,lcc,106865,57808,198167,0.2945237570278911,0.45503028496609577,0.648952773071481,0.3503402921660678
GPAB4494_jpg.rf.c523c5a95299bacfd030f227431c02c8.jpg,lcc,81889,195577,5221,0.2896808130547213,0.44922869305714036,0.29513165577043676,0.940064286534267
GPAB4498_jpg.rf.b6877a7fc44b00cec0c46af5dbae2b1a.jpg,lcc,48885,16554,41881,0.45550689526649274,0.6259082615793349,0.7470315866685004,0.5385827292157856
GPAB4505_jpg.rf.13a1db335485f434ce177e813406f6e1.jpg,lcc,243926,15950,17125,0.8805960989310508,0.936507418505856,0.938624574797211,0.9343997916116008
GPAB4507_jpg.rf.8e55a9561d7c6ba559c55fd404f96b5c.jpg,lcc,149584,966,21667,0.8685785956090282,0.9296677138977194,0.9935835270674195,0.8734781110767237
GPAB4525_jpg.rf.6ac0c98a728c8be78057fee83f71b76c.jpg,lcc,317505,42510,3124,0.8743346211781163,0.9329546723397253,0.8819215866005583,0.9902566517688668
GPAB4526_jpg.rf.acbd0ab7d910680595cd55a037d26f3e.jpg,lcc,143194,30869,74171,0.5768508745780191,0.7316492432835668,0.8226561647219685,0.6587721114254825
GPAB4528_jpg.rf.5de0daa0ed0222a80389722c2d9b9b6d.jpg,lcc,140140,100469,24614,0.5283855472564597,0.6914296568754426,0.5824387283933685,0.8506015028466684
GPAB4529_jpg.rf.d3f81e072c8902d00583b47350aa6ec8.jpg,lcc,52707,14256,54736,0.43309312319739685,0.6044172792220451,0.7871063124411989,0.49055778412739776
GPAB4531_jpg.rf.822f10de5d5f23d8920ae0c54a335239.jpg,lcc,914945,109491,3685,0.8899195717235617,0.9417539085136584,0.8931207025133829,0.9959885917072162
GPAB4534_jpg.rf.c9971bd4981c506c5892842e85189683.jpg,lcc,201946,10530,38344,0.8051431305318555,0.8920546154084008,0.9504414616239011,0.8404261517333222
GPAB4535_jpg.rf.d00094f083e5ab28a3b18bd3a5f5e579.jpg,lcc,158815,6487,123289,0.5503116867816391,0.7099368358940202,0.9607566756603065,0.5629661401468962
GPAB4536_jpg.rf.626fb5f38e0392a40c4fd81e1b51fa7a.jpg,lcc,226931,11497,307838,0.41542215697114593,0.5869940002353863,0.9517799922827855,0.42435331890966005
GPAB4541_jpg.rf.e77dc1d8b513409bfb6fe75f8bc01f13.jpg,lcc,268767,18451,104992,0.6852629968639249,0.8132416105250259,0.9357595972397273,0.7190917141794579
GPAB4546_jpg.rf.8b2ed08293556ec68404056ddae731eb.jpg,lcc,278775,19793,6148,0.9148682707832867,0.9555417307207823,0.9337068942418477,0.9784222403947733
GPAB4553_jpg.rf.943f4941aea2cefec255237b0d6361d3.jpg,lcc,93195,33756,80753,0.44869140700227245,0.6194437336116105,0.7341021338941797,0.5357635615241336
GPAB4554_jpg.rf.6b291c5aaa77f010267e5d2c4688d0c7.jpg,lcc,155567,55925,15707,0.6847169221695518,0.8128569413166269,0.7355691941066329,0.9082931443184605
GPAB4555_jpg.rf.e9611418c52e38b5feea68c1d6d92b5d.jpg,lcc,147032,2680,1448,0.9726911881450119,0.9861565702634544,0.9820989633429518,0.9902478448275862
GPAB4561_jpg.rf.36a5e769967fb55febee4557b2741043.jpg,lcc,141338,9664,54387,0.6881478560195532,0.8152696501858812,0.9360008476708918,0.7221254310895389
GPAB4579_jpg.rf.a48ec6435f51ef0c7d07347a796e51af.jpg,lcc,1034223,1483,1827,0.9968097400275461,0.9984023215089035,0.9985681264760463,0.998236571594035
GPAB4580_jpg.rf.0496ca1e8738a9c36fad566623244f47.jpg,lcc,340045,20138,36372,0.8574976989320523,0.9232826500135759,0.9440895322655428,0.9033731207676593
GPAB4582_jpg.rf.00e1bc8aa55f6785af673809468f4781.jpg,lcc,118517,54659,24771,0.5987309734423861,0.7490077860356944,0.6843731232965307,0.8271243928312211
GPAB4583_jpg.rf.d0f6ee6e27b8aac8b47085b723d6e97c.jpg,lcc,130878,8182,42333,0.7215162657875441,0.8382334574776397,0.9411620883072055,0.7555986629024716
GPAB4584_jpg.rf.5e0c84dd7c16e04e3c9c949fcb14098e.jpg,lcc,433181,9586,25976,0.924133267056788,0.9605709571981674,0.978349786682386,0.9434267581676855
GPAB4585_jpg.rf.db7c05489c86feb0202db4c7dd4a8d2f.jpg,lcc,225620,4242,27486,0.8767116900073053,0.934306206622385,0.9815454490085356,0.8914051820186009
GPAB4591_jpg.rf.5ac7ba27479417886e5a0d0c916ff54a.jpg,lcc,549729,21157,19170,0.9316556394647287,0.9646187658198695,0.9629400615884782,0.9663033332805999
GPAB4592_jpg.rf.974ab00ec7fa04dcc551ce9db859dc81.jpg,lcc,98641,516,200207,0.3295018773132374,0.49567718998505045,0.9947961313875975,0.3300708052253989
GPAB4600_jpg.rf.7e83c163f416736020b735d0bfeee1b3.jpg,lcc,272859,3143,6306,0.9665294642730634,0.9829798961393599,0.9886124013594104,0.977411208425125
GPAB4602_jpg.rf.7bef0784627890ce0bfb4278c99e4f5f.jpg,lcc,308300,3253,4603,0.9751515074836473,0.9874194498891835,0.989558758862858,0.985289370827381
GPAB4619_jpg.rf.e6b9dac7f6f65d310b5114459475f4be.jpg,lcc,85327,9613,13612,0.7860472400324269,0.8802087900185167,0.8987465767853381,0.8624202791619079
GPAB4624_jpg.rf.171cc1916947444aa4cda7c4944883bc.jpg,lcc,574703,19335,13372,0.9461533395894042,0.9723317483184771,0.9674515771718307,0.9772614037325171
GPAB4627_jpg.rf.2fb7bd47296ae69f79ff5f44a291d51e.jpg,lcc,53101,3231,9309,0.8089608628753371,0.8943928854154385,0.9426436128665767,0.8508412113443359
GPAB4628_jpg.rf.8640cf52804df4fb7657188b9a2a88b1.jpg,lcc,132801,7141,151780,0.4552313503952393,0.6256480803160253,0.9489717168541253,0.46665448501481127
GPAB4630_jpg.rf.fca28b4034a377b0c3e818f7d4f5dc9a.jpg,lcc,101737,2598,125194,0.44324246609360907,0.6142314635368555,0.9750994393060813,0.44831688927471347
GPAB4631_jpg.rf.dd22940b64b82a91d566f7fa67cb397c.jpg,lcc,105621,43531,31493,0.5846882006144648,0.7379220724780449,0.7081433705213473,0.7703152121592252
GPAB4642_jpg.rf.1bba5d5da6ee6019ae8e15d12fe59034.jpg,lcc,231081,11999,5932,0.9279914221001397,0.9626509863713906,0.9506376501563272,0.9749718369878445
GPAB4645_jpg.rf.762770d4b7be019fe6b898a15242bf8d.jpg,lcc,383638,5368,101932,0.7814387967523394,0.8773119774610783,0.9862007269810749,0.790077640710917
GPAB4651_jpg.rf.7dd43fb9145f7d8fe7e26714948f9c92.jpg,lcc,163604,4652,26763,0.8389131315410293,0.9124010451086517,0.9723516546215291,0.8594136588799529
GPAB4652_jpg.rf.c570831734f216ba9352a3381cbcaa47.jpg,lcc,208390,8609,19615,0.8807171173303355,0.9365758510035865,0.9603270061152356,0.9139711848424377
GPAB4656_jpg.rf.b71458af3c7814bcf5bbb13b2e7898b2.jpg,lcc,150066,5910,29204,0.8103790906145372,0.8952590038359891,0.9621095553162025,0.8370948848106209
GPAB4658_jpg.rf.ded39fa01a4d8cd6a33f7b760137487d.jpg,lcc,185329,9993,10516,0.9003633925708567,0.9475697080786467,0.9488383285037015,0.9463044754780566
GPAB4668_jpg.rf.9b64fc78be54147de88dae3e766fc32a.jpg,lcc,180510,55718,61418,0.6064586791020206,0.7550255565129372,0.7641346495758335,0.746131080321418
GPAB4697_jpg.rf.292fd9e107fea3d55c9bfd096212d60c.jpg,lcc,291496,119354,70017,0.6061884055258523,0.7548160644670965,0.7094949494949495,0.806322317593005
GPAB4698_jpg.rf.25243bc4c2c864ddaa33e789c26e180e.jpg,lcc,526212,76610,39799,0.8188527919255674,0.9004057893642633,0.8729143926399501,0.9296851121267962
GPAB4699_jpg.rf.0d6e76c517269db09ec4782f5dacd29b.jpg,lcc,287829,30232,16390,0.8606014034940843,0.9250787426881789,0.9049490506538054,0.9461243380590956
GPAB4700_jpg.rf.d8e12fbb64685ee6cd74a619a0073d75.jpg,lcc,14954,1488,164,0.9005178851017704,0.9476552598225602,0.9095000608198516,0.9891520042333642
GPAB4701_jpg.rf.a45eb667fac3084a3428071bc71fd11e.jpg,lcc,181786,37915,15420,0.773159351993229,0.8720697901450444,0.8274245451773091,0.9218076529111691
GPAB4702_jpg.rf.3378d632b7a7c15b5ace4e81185da950.jpg,lcc,350255,48576,29905,0.8169479586505448,0.8992530080578595,0.8782040513400413,0.9213357533670034
GPAB4703_jpg.rf.56c9b72e12b4eb872342433fc2f49833.jpg,lcc,508949,12590,96955,0.8228842963715088,0.9028376600856983,0.9758599069292996,0.8399829015817687
GPAB4704_jpg.rf.11f2a8e934d7dd311afb0f66af02c859.jpg,lcc,461187,15927,7972,0.9507324474423092,0.9747440749128423,0.9666180409713402,0.9830078928465616
GPAB4705_jpg.rf.b5c44f0c2c4fd0f3946874519ffa0715.jpg,lcc,279654,27006,2375,0.9049266264338991,0.9500907949698397,0.9119350420661319,0.9915788801860802
GPAB4706_jpg.rf.db3d09671ba54781fdfb79212c4a7024.jpg,lcc,19573,18405,1591,0.4946549066188178,0.6618984816205066,0.515377323713729,0.9248251748251748
GPAB4707_jpg.rf.4f386fdf457538f6c9b6d6e80216f6bf.jpg,lcc,83990,11656,15239,0.7574514136267304,0.8619884541372674,0.8781339522823746,0.8464259440284594
GPAB4708_jpg.rf.f81a35c268be55c24fc983549b70edb4.jpg,lcc,630890,24637,68753,0.8710581543049649,0.9310861367946457,0.9624164984813746,0.9017313115403142
GPAB4709_jpg.rf.55c440d6a547649c3349d6a494e9b1d9.jpg,lcc,407116,16750,33620,0.889898270110998,0.94174198070326,0.9604827940905852,0.9237185072242794
GPAB4710_jpg.rf.890e10b24cc2fb0897115284e8c07d37.jpg,lcc,84834,3425,5727,0.9026237950333028,0.9488200425008388,0.9611937592766744,0.9367608573226885
GPAB4711_jpg.rf.b6e1309af2162be1be770f3a1a6067f3.jpg,lcc,760095,45094,56928,0.8816610738449654,0.9371093297300229,0.9439957575178002,0.9303226469756666
GPAB4712_jpg.rf.d172da199d968dc3df9ea841e06c5823.jpg,lcc,171471,10876,89996,0.6296141263039623,0.7727155970744501,0.9403554760977696,0.6558036004543595
GPAB4713_jpg.rf.81b91a34b07ea0531234410f109193ef.jpg,lcc,303190,23950,168679,0.6114933070334134,0.7589151060876661,0.9267897536223024,0.6425300242228246
GPAB4716_jpg.rf.fdcbb2188944973f7e718fc2ef62b363.jpg,lcc,368530,35526,48263,0.8147568419633047,0.897923978709848,0.9120765438454076,0.8842039093746776
GPAB4717_jpg.rf.127dd27685f604288918bf70319f14a7.jpg,lcc,173160,58281,100869,0.5210797147242033,0.6851445189625497,0.7481820420755182,0.6319039225775375
GPAB4726_jpg.rf.ec6edd51400a4877a682ec239940f715.jpg,lcc,182701,58492,78182,0.5720579256360079,0.7277822481058644,0.7574888160104148,0.7003177669683345
GPAB4735_jpg.rf.7389747fa8cc09c069ff4b2f3556899a.jpg,lcc,17444,10265,818,0.6114908683002068,0.7589132279045485,0.6295427478436609,0.955207534771657
GPAB4737_jpg.rf.e31e343fd9087743fd45c0fb8c7956fd.jpg,lcc,132776,81316,30043,0.543863026604133,0.7045482885880221,0.6201819778413019,0.8154822225907296
GPAB4739_jpg.rf.6729ce5fbf63cfc65c3544bc6d0e4e4a.jpg,lcc,463084,11160,187229,0.7000799730298893,0.8235847538186148,0.9764678098194178,0.7120940224168977
GPAB4740_jpg.rf.391db90ac7705a61bc4d0c6e12c34bbc.jpg,lcc,456439,33502,126201,0.7408016333897056,0.8511040191836328,0.9316203379590604,0.7833979816009886
GPAB4742_jpg.rf.3add0941dddb3e0ab5f1644d703bdc8a.jpg,lcc,888201,5951,3658,0.9892972900725098,0.9946198539650651,0.9933445320258748,0.9958984548005907
GPAB4743_jpg.rf.37867df2f8150edd78237e955061905e.jpg,lcc,329128,36926,68692,0.7570581442957497,0.8617337414285602,0.8991241729362335,0.8273289427379217
GPAB4744_jpg.rf.3dbb7c6843fe2207f57c096097fc8c0e.jpg,lcc,350815,36615,60977,0.7823584377585542,0.8778912492398858,0.9054926051157628,0.8519228154019505
GPAB4746_jpg.rf.2180e682eaa484a3fc02b94c156f25b8.jpg,lcc,277388,18690,66416,0.7652209415879987,0.8669973526368925,0.9368747424665123,0.8068201649777199
GPAB4747_jpg.rf.1f22312dc4183f0bcb9100eab300fb07.jpg,lcc,184023,11003,69100,0.6967242906794484,0.821258108352356,0.9435818813901736,0.7270101887224788
GPAB4749_jpg.rf.e8a97dea10ca41981c87fdee4739cba3.jpg,lcc,318263,11347,27750,0.8905949182896798,0.942131928605154,0.96557446679409,0.9198007011297263
GPAB4753_jpg.rf.e2d94acde6ee937917909a1591d0d659.jpg,lcc,193215,6054,45949,0.7879315547798286,0.8813889465437136,0.9696189572888909,0.8078766035021994
GPAB4754_jpg.rf.537af39d94461458299a14cfc3bba350.jpg,lcc,286430,18170,39511,0.8323767621494227,0.9085214125647658,0.9403479973736047,0.8787786746681148
GPAB4755_jpg.rf.4adad876a08bd71ca5759c87a32c3b43.jpg,lcc,156227,47869,14124,0.7159151315186509,0.8344411892737824,0.7654584117278144,0.9170888342305006
GPAB4756_jpg.rf.eabc4ca97f0f629b22f925f8a786d528.jpg,lcc,97702,25667,15260,0.7047731715586205,0.8268233959996785,0.7919493551864731,0.8649103238257113
GPAB4758_jpg.rf.dc9f9d53832bbaffadad72867f306fbe.jpg,lcc,280904,26063,23103,0.8510437179992123,0.9195284905740669,0.9150951079431991,0.9240050393576463
GPAB4761_jpg.rf.abcedb2548500e30fd19e3a419c01bc6.jpg,lcc,140380,3228,19533,0.8604826499776267,0.9250101310947183,0.9775221436131691,0.8778523322056369
GPAB4767_jpg.rf.7f3e0c78cd1015f30bb0eb3479b01bf2.jpg,lcc,164082,25892,37243,0.7221378682052839,0.8386527949215306,0.8637076652594565,0.8150105550726437
GPAB4771_jpg.rf.6badf0b6546595b33a14eb844b771aa4.jpg,lcc,136956,22342,30706,0.7208058777709943,0.8377538536824076,0.8597471405792917,0.8168577256623445
GPAB4776_jpg.rf.211c5a333604278aded2096234325892.jpg,lcc,152082,11649,13859,0.8563657863618447,0.9226261253609649,0.9288528134562178,0.9164823642137868
GPAB4777_jpg.rf.6f578feb4e1dbdd7b5b447d584fb8f86.jpg,lcc,377290,12839,62626,0.8333204492495941,0.9090832424748055,0.9670903726716035,0.8576410041917093
GPAB4778_jpg.rf.bfed75b62b8d65486555d766d64a397f.jpg,lcc,530385,10357,17924,0.9493776245556379,0.9740315191850519,0.9808466884392187,0.9673104034403959
GPAB4779_jpg.rf.18bd369271c26a99d825e5e4fecce011.jpg,lcc,47721,1952,17781,0.7074598985975628,0.8286694161059258,0.9607029976043323,0.7285426399193917
GPAB4780_jpg.rf.8a201d1beedd40edffaaf46e84e7a05b.jpg,lcc,22600,3424,10366,0.6210497389392691,0.7662315646719783,0.8684291423301568,0.6855548140508403
GPAB4781_jpg.rf.b25d5c2493b85a3a5baf2eb1d7facd5d.jpg,lcc,30009,3282,1148,0.8713667644240541,0.9312624131082423,0.9014147967919257,0.9631543473376769
GPAB4782_jpg.rf.4a1cdf2976fdae35a057fbebf48d41ec.jpg,lcc,158401,32554,14109,0.7724466508017009,0.8716162491574154,0.8295200439894216,0.9182134369022086
GPAB4787_jpg.rf.3b5cb17b0e6e2db09e9f7e90b335be9a.jpg,lcc,65754,7265,8165,0.8099379188017344,0.8949897235568743,0.9005053479231433,0.8895412546165398
GPAB4789_jpg.rf.5c044e3717b48118b45c9ad51a6650a2.jpg,lcc,87318,13461,7157,0.8089793951971539,0.8944042119495631,0.8664305063554907,0.9242445091293993
GPAB4790_jpg.rf.feb20779db5e09d98fc2914cc0ca14fa.jpg,lcc,130379,10889,27413,0.7729323397418797,0.8719253661472615,0.9229195571537786,0.8262712938552018
GPAB4791_jpg.rf.fe0bb824fa68257505c69f67ea1c5da5.jpg,lcc,61461,18387,11069,0.6760121869397362,0.8066912546430587,0.7697249774571686,0.8473872880187509
GPAB4793_jpg.rf.c69e00462f231a9a204e3bc0538813db.jpg,lcc,334950,4963,27378,0.9119472026268,0.953946009988024,0.9853992050907144,0.9244386301914288
GPAB4794_jpg.rf.373be7edf4a54e3ac24fa4d08b0464b7.jpg,lcc,62408,1323,9207,0.8556308097288108,0.9221994000561524,0.9792408717892391,0.8714375479997207
GPAB4795_jpg.rf.c70fcc188f6d8ec7e06f3b2c8984d0f7.jpg,lcc,27480,610,32521,0.45338304928148354,0.6239002849326265,0.9782840868636525,0.4579923667938868
GPAB4796_jpg.rf.0f42056b81b3aec69c254fcdf2e7fc31.jpg,lcc,69198,5359,7267,0.8456931951505671,0.9163962866337355,0.9281221079174323,0.9049630549924802
GPAB4797_jpg.rf.e4b9f8bdcb32587cb5017cdd72df915d.jpg,lcc,469531,5850,47179,0.8985207440293937,0.9465482501101209,0.9876940811685785,0.9086934644191133
GPAB4801_jpg.rf.9739c11121861706595f5b3390fbd58c.jpg,lcc,122714,23156,30843,0.6944254242755202,0.8196588817975667,0.8412559127990676,0.7991429892482922
GPAB4803_jpg.rf.dc872b5dd3a719c76a02e05e55e48979.jpg,lcc,246789,106103,12141,0.6760731221560791,0.8067346385059707,0.6993329403896943,0.9531108793882517
GPAB4838_jpg.rf.577d2dba6fa6db597e730cd8e9cc4d40.jpg,lcc,625215,15292,42475,0.9154194400438079,0.9558422775774597,0.9761251633471609,0.9363851487965972
GPAB4862_jpg.rf.11a13aa47c9a9c8fb61cd72b53131a3d.jpg,lcc,84828,47628,60109,0.4405161893386649,0.6116088005104671,0.6404239898532342,0.5852749815437052
GPAB4875_jpg.rf.420ee51b2763bb6abc8d4e698fed5e40.jpg,lcc,193401,20385,39805,0.7626493053775568,0.8653443462075384,0.9046476382924981,0.8293139970669708
GPAB4881_jpg.rf.8b2a14c2b37d92d63755a939f2eb6281.jpg,lcc,481149,1825,8360,0.9792707201211396,0.9895268092090042,0.9962213286843599,0.9829216623187725
GPAB4888_jpg.rf.7f6403933175008ae00c4b79b70dbb31.jpg,lcc,978144,14636,6700,0.978652899507744,0.9892112959794177,0.9852575595801688,0.9931968920966163
GPAB4890_jpg.rf.de3c1c5f1753fbe3dbfcdaa09e3628b2.jpg,lcc,187655,6303,41594,0.7966606099714713,0.8868237056570425,0.9675032739046597,0.81856409406366
GPAB4891_jpg.rf.b904748dfaec0495e1cf5166ada62dc2.jpg,lcc,116158,2752,16771,0.8561110251251096,0.9224782499930512,0.9768564460516357,0.8738349043474336
GPAB4901_jpg.rf.47fdedb2f1b1ad1872ea1d068c561138.jpg,lcc,93167,13526,1422,0.861739814086852,0.9257360320346578,0.8732250475663821,0.9849665394496189
GPAB5033_jpg.rf.a42128c7f23b888e301bb1cfac56c0ea.jpg,lcc,404912,16795,37174,0.8823899878181926,0.937520910681147,0.9601737699397923,0.9159122885592396
GPAB5096_jpg.rf.e6b7fbc62c0b41cc3946e299a644d3f2.jpg,lcc,447611,30318,92439,0.7847757938734291,0.8794110684012145,0.936563799225408,0.8288325155078233
GPAB5121_jpg.rf.fcbf5ec6808aa3c85aca6b2855ea846b.jpg,lcc,667990,7493,6194,0.9799215757609543,0.9898589800298888,0.9889071967762327,0.990812597154486
GPAB5140_jpg.rf.79c16d5485a87227cb76d2c41e7b4043.jpg,lcc,426425,20658,29410,0.8949239548115082,0.9445486744089718,0.9537938145713436,0.9354810402887009
GPAB5142_jpg.rf.9cbf6dc4ce3a554c05d16f34fb84dbb1.jpg,lcc,185386,10319,70183,0.6972334215910458,0.8216117037542602,0.9472726808206229,0.7253853166855135
GPAB5150_jpg.rf.78a0f068bd61364295bdd1c46e50b387.jpg,lcc,141554,4742,611208,0.18686898022980736,0.31489403353287554,0.9675862634658501,0.18804615535853297
GPAB5152_jpg.rf.dea64a52d7766208624c9075ac8e744b.jpg,lcc,234156,15225,43386,0.7998032565145662,0.8887674290171429,0.9389488373212073,0.8436777136433404
GPAB5174_jpg.rf.46ca733d089fc887a9dc084787d33982.jpg,lcc,322926,57896,17812,0.8100814280768825,0.8950773324463662,0.8479709680638199,0.9477252317029506
GPAB5179_jpg.rf.f9eed0cac19d9f9bceeb29baf5d810fb.jpg,lcc,551627,20985,31487,0.9131400647907049,0.9545982352218433,0.963352147702109,0.9460019824596906
GPAB5226_jpg.rf.f2ca7f8c573d5d5c1b5f8e5eac9c6320.jpg,lcc,473720,14662,18174,0.9351779467620559,0.9665033113123243,0.9699784185330336,0.9630530154870764
GPAB5236_jpg.rf.c1137ff7d5cba4f3f3f0a4a9cce4bce8.jpg,lcc,215162,8863,29380,0.8490834829620568,0.9183830700838941,0.9604374511773239,0.8798570388726681
GPAB5241_jpg.rf.3652b87908eefc756b80da270e2a609f.jpg,lcc,0,50043,0,0.0,0.0,0.0,
GPAB5248_jpg.rf.e6a7d848114e0c62c755ad295d87f35f.jpg,lcc,381450,39224,16520,0.872495962890616,0.9319069094746923,0.9067591531684868,0.9584893333668367
GPAB5285_jpg.rf.917b9bc4a3094f60d6dd54576e66897b.jpg,lcc,217447,17267,14396,0.8728955080085103,0.9321347659557139,0.9264338727131743,0.9379062555263692
GPAB5286_jpg.rf.7e8781dd4975ce7fca1bc1950bfe023e.jpg,lcc,401273,23454,86732,0.7845653317274699,0.8792789121012521,0.9447786460479319,0.8222723127836805
GPAB5287_jpg.rf.f316e103bf2987c11731ee8f25b032d8.jpg,lcc,137546,7550,35443,0.7618630877538926,0.8648380149959917,0.9479654849203286,0.7951141402054466
GPAB5297_jpg.rf.0296081ab463a9d1ecf239538718dd87.jpg,lcc,330447,36712,31631,0.828624087865794,0.9062814969618931,0.9000106221010515,0.9126403703069504
GPAB5299_jpg.rf.982209f62d95c666316b67c67161afb2.jpg,lcc,107515,22909,35251,0.648951259996982,0.7871078736410557,0.8243498129178679,0.7530854685289214
GPAB5302_jpg.rf.3c212643573c9f4bb59e48652eb6d846.jpg,lcc,309645,14977,43821,0.8404149352817125,0.9132885407203785,0.9538632625022334,0.8760248510464939
GPAB5307_jpg.rf.4d7d182d23541594f3ab8ffa499acae2.jpg,lcc,225963,12913,32506,0.8326381263311494,0.908677075269682,0.9459426648135434,0.8742363687714968
GPAB5308_jpg.rf.115bcdb8bbdc8ee1e2920379b038f344.jpg,lcc,237974,33395,35602,0.7752328395841952,0.873387222563745,0.8769387807745174,0.8698643155832383
GPAB5309_jpg.rf.d19f7d3fbbd76e45123f9b77fbf6c288.jpg,lcc,298966,29319,87405,0.719204214679208,0.8366710697174584,0.9106904062019282,0.7737796056122225
GPAB5311_jpg.rf.411f63a94d59592bc074a6196bacf1d0.jpg,lcc,153563,37606,46089,0.6472405566935572,0.7858482527806847,0.8032840052518976,0.7691533267886121
GPAB5332_jpg.rf.39ed198ee533269eccb7c8a2b4905b87.jpg,lcc,60855,13907,38443,0.5375645952033921,0.6992416408135126,0.8139830395120515,0.6128522226026707
GPAB5333_jpg.rf.2fb14ea874aaf0bdc6acefaa46ae3b24.jpg,lcc,66045,3845,14838,0.7794943820224719,0.8760852407261247,0.9449849763914723,0.8165498312377137
GPAB5334_jpg.rf.e95df04308622776ed1b1ed4b88ef51f.jpg,lcc,311916,29981,48396,0.7991842026375057,0.8883850819342959,0.9123098477026707,0.8656830746686205
GPAB5335_jpg.rf.6bf5e9d0887602d1badfe856c236a338.jpg,lcc,260156,11802,11296,0.9184548144068575,0.9574943412892659,0.9566035932018915,0.9583867497752826
GPAB5336_jpg.rf.6cbd3774005119fe947d59c92202676a.jpg,lcc,82071,6916,1109,0.9109283431006926,0.953388279983969,0.9222807825862205,0.9866674681413802
GPAB5338_jpg.rf.ccf17be954dbf5bad62d1985c2c414ce.jpg,lcc,131189,13563,69137,0.6133508502073506,0.7603440381594886,0.9063018127556096,0.6548775495941616
GPAB5348_jpg.rf.8ba371da13fb1ea879c422e3e3ba2cce.jpg,lcc,373468,24357,13937,0.90699967456929,0.9512321230722208,0.9387745868158109,0.9640247286431513
GPAB5349_jpg.rf.1ee7632cec92426ad67645eedadd0f50.jpg,lcc,375045,35706,58281,0.7996149516450903,0.8886511538639248,0.9130714228328111,0.8655031085141441
GPAB5420_jpg.rf.1a7945f6c17694f7cf560b2e8231a128.jpg,lcc,394629,6846,27079,0.9208384474301955,0.9587880216185223,0.9829478796936297,0.9357873220332552
GPAB5443_jpg.rf.32c02690be0eb7a25e3c884163f2a83f.jpg,lcc,193079,52005,4216,0.774484556758925,0.872912140947016,0.7878074456104845,0.9786309840594034
GPAB5468_jpg.rf.4283e52525152382f8e24a20d09d9eb9.jpg,lcc,182088,113637,5842,0.603806119369825,0.7529664740362448,0.6157342125285316,0.9689139573245358
GPAB5497_jpg.rf.0ffa6911ae7ba47037807745fe6d0550.jpg,lcc,312645,12195,11947,0.9283167105618685,0.9628259771615812,0.962458441078685,0.9631937940553064
GPAB5501_jpg.rf.b589a7631d40c0e686a0a60ee8a45f5f.jpg,lcc,159734,2670,5150,0.9533284791768624,0.9761066705775953,0.983559518238467,0.9687659202833507
GPAB5519_jpg.rf.f4dccd4d27203da8024b20f802d49292.jpg,lcc,634233,74434,36889,0.8506845897558333,0.9193188233853147,0.8949661829886251,0.9450338388549325
GPAB5545_jpg.rf.8c6a419671b63b24065f36515b5b7271.jpg,lcc,299576,25707,19643,0.8685225236717441,0.9296355946141361,0.9209703550446842,0.938465442219918
GPAB5552_jpg.rf.0aa5c6e322bdc54366f9d200985db4aa.jpg,lcc,532700,10461,46352,0.903627231290913,0.9493741384211375,0.9807405170842531,0.919951921416384
GPAB5569_jpg.rf.8e265edd8d3471a629aa34b39cc85f3b.jpg,lcc,626730,10136,23131,0.9495952254328429,0.9741460309762677,0.9840845640998264,0.9644062345640068
GPAB5573_jpg.rf.52eca794ae531745404865e3c713eb5e.jpg,lcc,250064,29207,11881,0.8588778370060999,0.9240820670490155,0.8954169963941834,0.9546431502796389
GPAB5585_jpg.rf.05d053942efba9dcd4f589dfea18c2e5.jpg,lcc,311036,12508,29076,0.8820713515966195,0.937341032100968,0.9613406522760428,0.9145105141835631
GPAB5646_jpg.rf.89c32cce97796de1fa893918a8ad607b.jpg,lcc,255368,14045,71758,0.7485044156742513,0.8561653135838562,0.9478681429626633,0.7806410985369552
GPAB5669_jpg.rf.c3ae775301186fb9b1b6950c2f4bc406.jpg,lcc,111404,17559,38326,0.665937389786537,0.7994746907887891,0.8638446686258849,0.7440325919989315
GPAB5743_jpg.rf.e977816285ab91f398c9cf38144e91de.jpg,lcc,133958,11857,39630,0.7223597292997924,0.8388023907101687,0.9186846346397833,0.771700808811669
GPAB5767_jpg.rf.5e9dcd3a001722ecbb252bc7810e23dd.jpg,lcc,347445,12230,75772,0.7979042225575099,0.8875936910838277,0.9659970806978522,0.8209618233672088
GPAB5827_jpg.rf.7cc4d07d38d46d7c26b93ba7539d1662.jpg,lcc,377247,13336,28274,0.9006582198697884,0.9477329595128274,0.9658561688552754,0.9302773469191484
GPAB5892_jpg.rf.546c74522ae889052219499406c99537.jpg,lcc,533643,12000,27468,0.9311337594288017,0.9643389587930109,0.9780075983747615,0.9510471190192314
GPAB5916_jpg.rf.d72c77ea11466eba34b333085f39bc94.jpg,lcc,287730,130492,65029,0.5954048724161978,0.7463997167245366,0.6879838937215164,0.8156560144461232
GPAB5933_jpg.rf.4c244c05d951f1eeef907e6435a977a1.jpg,lcc,351723,58264,48658,0.7668741619335215,0.8680574751224135,0.8578881769421958,0.8784707566043344
GPAB6017_jpg.rf.2a7ce631b79425a164d63b2137dcb999.jpg,lcc,206824,19262,86499,0.6616568293424189,0.7963820418976183,0.9148023318560194,0.705106657166332
GPAB6031_jpg.rf.c8c7491ba0185bc1872720abe9f324f0.jpg,lcc,339236,15633,44467,0.8495001702826692,0.9186267554145026,0.9559471241500385,0.8841108878481534
GPAB6033_jpg.rf.e583d1e7ca6b0479db2a6ff5d7a2ef5e.jpg,lcc,250933,25983,57385,0.7506199502843246,0.8575475792588947,0.9061701021248321,0.8138772306514702
GPAB6112_jpg.rf.275e9e45ae9d2003a909da0c5f0de468.jpg,lcc,384925,8757,61396,0.8458440091588695,0.9164848220780164,0.9777561585238848,0.8624398134974604
GPAB6151_jpg.rf.c36cadd2306d5b5385f070e07094abae.jpg,lcc,141565,12020,190927,0.4109145690135612,0.5824797305776657,0.9217371488101052,0.42576964257786654
GPAB6199_jpg.rf.bfde89e764df96e5529e9f0eaca7fc63.jpg,lcc,89380,93097,4059,0.4791568383582794,0.6478783397845721,0.4898151547866306,0.9565598946906538
GPAB6203_jpg.rf.51578668f786e422636d911cb62b28bf.jpg,lcc,179762,47053,29992,0.6999887074729272,0.8235215968151656,0.7925489936732579,0.8570134538554688
GPAB6208_jpg.rf.c473a27a0a8d6f6587dc146ae5eb3014.jpg,lcc,33356,6378,33596,0.45487522160098187,0.6253116622612152,0.8394825590174662,0.4982076711674035
GPAB6213_jpg.rf.a18255c26a2019ef53cab4aad446882f.jpg,lcc,34738,25517,10991,0.48757825000701793,0.6555329106280193,0.5765164716621027,0.7596492379015505
GPAB6218_jpg.rf.cbf157f68419fd36fb92aad2909ab5ec.jpg,lcc,97921,41431,48835,0.5203388119264348,0.6845037538272261,0.7026881566105976,0.6672367739649486
GPAB6220_jpg.rf.3bc13f3d7e06c9294ec7edc12332c5da.jpg,lcc,132420,3229,3178,0.9538490351300539,0.9763794622613338,0.9761959174044778,0.9765630761515657
GPAB6227_jpg.rf.571570ca77f0db566886fcf2519c6b6b.jpg,lcc,37644,9420,16008,0.596841704718417,0.747527701656142,0.7998470168281488,0.7016327443524939
GPAB6236_jpg.rf.46b13879c47d4fdd782cf071312ef0fe.jpg,lcc,11374,9939,26306,0.23885423885423884,0.38560507178817827,0.5336648993571999,0.30185774946921445
GPAB6245_jpg.rf.47051ee1d535ca875a821dca928db358.jpg,lcc,88146,7847,17870,0.7741408534818158,0.8726937908707038,0.9182544560540873,0.8314405372773921
GPAB6251_jpg.rf.d7a423a98ef5280e1fa58def52ffcf9b.jpg,lcc,69940,7318,65356,0.49041468579522346,0.6580915908427976,0.9052784177690336,0.5169406338694418
GPAB6286_jpg.rf.b9de6c3dd697e300894bf557002032ac.jpg,lcc,141167,18679,31852,0.7364030923640309,0.8481937121655927,0.8831437758842886,0.8159046116322485
GPAB6318_jpg.rf.d15aea90cad5a842336ad5d3bce3c7bf.jpg,lcc,319108,32920,26312,0.8434424063012106,0.9150732384349801,0.9064847114434079,0.923826066817208
GPAB6343_jpg.rf.0d5a7465def88e0de6cf8a58d5eb8cfa.jpg,lcc,318130,25770,73978,0.7612987522674082,0.8644742991924,0.925065425995929,0.8113325920409683
GPAB6357_jpg.rf.f77decaa064ed06ac4ae7dc5f14b7c03.jpg,lcc,138695,34708,134601,0.45030259347281204,0.6209774367079398,0.7998419865861606,0.5074900474211111
GPAB6362_jpg.rf.409a2850d857b0bd69c899eb31575f58.jpg,lcc,31321,5885,28844,0.4742013626040878,0.6433332306333508,0.841826587109606,0.5205850577578326
GPAB6368_jpg.rf.4ccdaea8dd51721346f6943ef0c1a15f.jpg,lcc,49167,6379,15469,0.6923466873195804,0.8182090496080944,0.8851582472185215,0.7606751655424222
GPAB6415_jpg.rf.6edab159b05aadee5406742ad5b6bae4.jpg,lcc,325595,21848,12082,0.9056254780613309,0.9504758290518449,0.9371177430542564,0.9642202459747037
GPAB6420_jpg.rf.b77275a4c2d4ceebbfe562a217560760.jpg,lcc,290976,19516,159220,0.6194774670436353,0.7650337589129841,0.9371449183875913,0.6463318199184356
GPAB6428_jpg.rf.b16d2b18243733f492c9084c55db4346.jpg,lcc,356635,11375,15521,0.9298726830425702,0.9636622055052515,0.9690905138447324,0.9582943711776781
GPAB6469_jpg.rf.804de9a3f3b0bcff6cafd0268423db33.jpg,lcc,132523,31482,9314,0.7646189973401647,0.8666108644332695,0.808042437730557,0.9343330724705119
GPAB6581_jpg.rf.0e33f8c4bc7b403d776dbb15f4bb9251.jpg,lcc,353351,17262,9701,0.9291033198883029,0.9632488942501005,0.9534231125189888,0.9732793098509305
GPAB6582_jpg.rf.a166616a1043774d17060f56687c0471.jpg,lcc,273501,5783,57987,0.8109235599858867,0.8955911534909917,0.9792934790392576,0.8250705907906168
GPAB6583_jpg.rf.226622e1572d169e84459d33d4b242e9.jpg,lcc,138742,4044,30403,0.8011016865967238,0.8895685263728196,0.9716778955920048,0.8202548109610098
GPAB6584_jpg.rf.bf60090261c1ac131e8b94b020257a0e.jpg,lcc,325430,10657,12279,0.9341611982799699,0.965960023508599,0.9682909484746509,0.9636402938624674
GPAB6596_jpg.rf.2ff0ce0a9390ffcde484219f10b26580.jpg,lcc,149029,34305,46102,0.6495449711466379,0.787544422866051,0.812882498609096,0.763738206640667
GPAB6643_jpg.rf.d790114b6394a3a5aa132aa793ce2dbc.jpg,lcc,282010,49953,16036,0.8103758918847468,0.8952570518833858,0.8495223865310291,0.9461962247438315
GPAB6646_jpg.rf.49fc6a67b97d38d25bea008e6f33d9f7.jpg,lcc,303642,11881,15764,0.9165527171304639,0.9564596986434704,0.9623450588388168,0.9506458864266796
GPAB6647_jpg.rf.ed1c984301bcc115058546f7d8048b07.jpg,lcc,153656,13252,27607,0.7899442202400843,0.8826467454210718,0.9206029669039231,0.8476964410828465
GPAB6648_jpg.rf.c56ce6da35aa5d7bf1816fcefeee13f5.jpg,lcc,553355,15135,11778,0.9536197067561886,0.9762593031369335,0.9733768404017661,0.9791588882617013
GPAB6649_jpg.rf.47c706dd93e009a16e5bedc5215042d9.jpg,lcc,377417,30638,42250,0.8381363742352406,0.9119414489405864,0.9249169842300671,0.8993249409650985
GPAB6650_jpg.rf.d42500ecead8b3cfa4dd6cdbd03046bd.jpg,lcc,406491,7484,49970,0.8761620450699975,0.9339939984099922,0.9819216136240111,0.890527339685099
GPAB6651_jpg.rf.b6a9a159f89e82d53644c3a73ebaa154.jpg,lcc,352272,15852,79531,0.7869274329561827,0.8807603693837063,0.9569384229227108,0.8158164718633265
GPAB6652_jpg.rf.3746e0c1af503c85d382a9d829f4713a.jpg,lcc,413461,18296,48332,0.8612173992738846,0.9254345028258072,0.9576243118235489,0.8953383875459351
GPAB6653_jpg.rf.6462868b079303442dc200bdaa83cf5b.jpg,lcc,264029,3829,32191,0.8799529410196335,0.9361435829796588,0.985705112410307,0.8913273918033894
GPAB6654_jpg.rf.c041357eb333cbca4f87f2517eb356e9.jpg,lcc,526252,39086,18297,0.9016799883488824,0.9482983402814881,0.9308625990115648,0.9663997179317196
GPAB6655_jpg.rf.fb96f38ea0bf68f9bcb15a2ea4533c20.jpg,lcc,64122,7917,13036,0.7537114310902145,0.8595615193334987,0.890101195185941,0.8310479794706965
GPAB6656_jpg.rf.5d4becc71a2154b3949645d8d64ed72e.jpg,lcc,425623,19137,44403,0.8701046481438702,0.9305411320243204,0.9569722996672363,0.9055307578729688
GPAB6657_jpg.rf.8e09ed048fbf8afdda873ac2b2f11aff.jpg,lcc,435246,12522,13365,0.943862182927702,0.9711204747099162,0.9720346250736989,0.9702080421567906
GPAB6658_jpg.rf.f6047019a05b50a74f0bc478b9487e2e.jpg,lcc,116888,1765,10746,0.9033145542083014,0.9492015412912578,0.9851246913268101,0.9158061331620101
GPAB6659_jpg.rf.709b4d7ed4800dd29cbf1c81b90dd9e0.jpg,lcc,44480,7367,4541,0.7888203163793714,0.8819447198318595,0.8579088471849866,0.9073662307990453
GPAB6660_jpg.rf.31b6a04bb3b33417f99359b150249ea1.jpg,lcc,110806,12527,20503,0.7703634695069385,0.8702884834394955,0.8984294552147438,0.8438568567272616
GPAB6661_jpg.rf.3c4167a579d558a7483fe8be14f117da.jpg,lcc,114834,9853,379079,0.22795107252176605,0.371270611057226,0.920978129235606,0.23249843595936937
GPAB6662_jpg.rf.2108d9d531e28867ea4da578a80bbdb8.jpg,lcc,114605,4747,7979,0.9000557601840872,0.9473993122148006,0.9602268918828339,0.9349099393069242
GPAB6663_jpg.rf.86f74cdd128bbd44c7c2229648721c5d.jpg,lcc,190083,19321,9557,0.8681134996643238,0.929401238008625,0.9077333766308189,0.9521288318974154
GPAB6664_jpg.rf.c6ef7a66d43f9061b3dfc2c5107657e0.jpg,lcc,215475,43239,110304,0.5839146057915874,0.7373056649095883,0.8328695006841531,0.6614146399860028
GPAB6665_jpg.rf.1b65939da5c873cbe5254fc52cc442d4.jpg,lcc,195889,21772,3760,0.8846902506988948,0.9388176655244302,0.8999728936281649,0.9811669479937289
GPAB6666_jpg.rf.4c4e1b29088fb6b155dc41c398781370.jpg,lcc,137766,13699,58796,0.6552142337380684,0.7916971959072141,0.9095566632555376,0.7008780944434835
GPAB6667_jpg.rf.2a5460ac13ba5fc91010686eb1f3313c.jpg,lcc,237137,24301,84137,0.6862099399551472,0.8139080712255797,0.9070487075329524,0.738114506620517
GPAB6668_jpg.rf.8a52d79d063cb9a4eb650e20d0cde86a.jpg,lcc,90978,11511,3382,0.8593288058108453,0.9243430243486124,0.8876855077130229,0.964158541754981
GPAB6669_jpg.rf.321fecc390e5ecce908b5f9958f266ec.jpg,lcc,164398,16705,11602,0.8531070807711268,0.9207315536413864,0.9077596726724572,0.9340795454545454
GPAB6670_jpg.rf.5e7d6bc2eaca9c5c6f30031c970d577c.jpg,lcc,31263,4183,15164,0.6177237700059277,0.7636949910226815,0.8819895051627828,0.6733797143903332
GPAB6671_jpg.rf.8823d517f81d5155714d6730facb6945.jpg,lcc,124074,4192,4842,0.9321303002073504,0.96487312486877,0.9673179174527934,0.9624406590337894
GPAB6672_jpg.rf.cfd673b99f828cebf1bf4d7528ea8aff.jpg,lcc,118433,6906,3392,0.9200037287055954,0.9583353562816591,0.9449014273290836,0.9721567822696491
GPAB6673_jpg.rf.cd25a2f71375986cca89454d261f329d.jpg,lcc,101104,10094,31701,0.7075206964359443,0.8287111224042327,0.9092249860609004,0.7612966379277889
GPAB6674_jpg.rf.20c047131d1c05472033eea3285c7c80.jpg,lcc,78572,1089,13246,0.8457059209747382,0.9164037578945526,0.9863295715594833,0.8557363479927683
GPAB6675_jpg.rf.4f04c89d08e730b52a36b57e46d13726.jpg,lcc,133945,6124,128007,0.4996530834539459,0.6663582250678447,0.9562786912164719,0.5113341375519179
GPAB6676_jpg.rf.62dd073dcce1a1a6cf857a62a9f0e112.jpg,lcc,248272,9708,10331,0.9253142808159188,0.961208556998585,0.962369175905109,0.9600507341368816
GPAB6677_jpg.rf.fe0934180b433aa2bdd28762cc4c938e.jpg,lcc,453210,11649,38937,0.8995903103637186,0.9471413972326193,0.9749407884971572,0.9208833945955172
GPAB6678_jpg.rf.4fa0cceb63bfe1804bdd651c2a3fef64.jpg,lcc,157246,14196,61126,0.6761291321247979,0.8067745129728537,0.9171964862752418,0.720083160844797
GPAB6679_jpg.rf.56d98813e84f509e5216b1ab208b9c4d.jpg,lcc,172194,6401,11327,0.90665641684481,0.9510433120878392,0.9641591309947087,0.9382795429405899
GPAB6680_jpg.rf.8ffe46388f899aa283fc4a3f321cec09.jpg,lcc,82836,3794,173152,0.31886735801556687,0.4835472742237711,0.956204548078033,0.3235932934356298
GPAB6681_jpg.rf.0f833ea68a8c1dffcb4c3f6adea2c72d.jpg,lcc,273716,12659,1440,0.9510136719767907,0.9748918581520878,0.9557957223919685,0.9947666051258195
GPAB6682_jpg.rf.eb22232a2c018cc5851106de08352de7.jpg,lcc,34512,5041,7361,0.7356439442383936,0.8476899270503279,0.8725507546835891,0.8242065292670695
GPAB6683_jpg.rf.a8e659241e83b43452b24e4ddccbe5bd.jpg,lcc,44125,1799,2154,0.917779441740505,0.9571272084422415,0.9608265830502569,0.9534562112405195
GPAB6684_jpg.rf.0736c8590fcf6864ecebf96c7bd09b8f.jpg,lcc,172294,77588,21701,0.6344064245552925,0.7763141591026342,0.6895014446818899,0.8881362921724787
GPAB6685_jpg.rf.42cdbc2507e32fe09d31984fc16f69b6.jpg,lcc,194705,7860,21154,0.8703105234691734,0.9306588532206566,0.9611976402636191,0.9020008431429776
GPAB6686_jpg.rf.0541fbfe096aff1703cafa9538cc4c97.jpg,lcc,75597,7761,1954,0.8861238747186797,0.939624259674723,0.9068955589145613,0.9748036775799152
GPAB6687_jpg.rf.f4a6a527a7155e2ece923d872127b126.jpg,lcc,252200,50255,3239,0.8250080145504982,0.9041144016605305,0.833843051032385,0.9873198689315257
GPAB6688_jpg.rf.57296e4a40af7ca9cfdf1f0f28a97d2c.jpg,lcc,111326,6026,14288,0.8456852020662413,0.9163915938855642,0.9486502147385644,0.8862547168309265
GPAB6689_jpg.rf.be92867710229776bc9c7cdaf8ee7bb8.jpg,lcc,205402,14168,30306,0.8220157197970194,0.9023146297427067,0.9354738807669536,0.8714256622600846
GPAB6690_jpg.rf.58efacb471360e1d9e71b80ee71f6572.jpg,lcc,216297,22231,47895,0.7551663099681241,0.8605068427753023,0.9067992017708613,0.8187113917151163
GPAB6691_jpg.rf.e53cc0d0f407655cd9ee813792227553.jpg,lcc,214084,31737,38456,0.753082380917204,0.8591523012434761,0.8708938617937443,0.8477231329690346
GPAB6692_jpg.rf.6ad73c56d9ae12964e6c6e531ac3da38.jpg,lcc,104573,2413,36340,0.7296163989785523,0.843674238298662,0.9774456470940123,0.742110380163647
GPAB6694_jpg.rf.23021e03dc2ebb10427984d31a572e3d.jpg,lcc,200552,102850,21232,0.6177787908845038,0.7637370379256111,0.6610108041476325,0.9042672149478772
GPAB6695_jpg.rf.b95d2c9058d219316957c2f1e02a8d4e.jpg,lcc,315021,5485,144479,0.6774863705280816,0.8077399404619965,0.9828864358233543,0.6855734494015234
GPAB6696_jpg.rf.7b1873494355502f46e4f7212e94cfcf.jpg,lcc,96157,9893,52155,0.6078000063209127,0.7560641919783615,0.9067138142385667,0.6483426829926102
GPAB6699_jpg.rf.1f86c763a14196b5d571d2540d89638c.jpg,lcc,42502,37637,16944,0.43779034434452996,0.6089766092345166,0.5303535107750283,0.7149682064394577
GPAB6700_jpg.rf.f7961569fdb6334ea3abacfaa8f67f96.jpg,lcc,12767,23588,230,0.34896815634823014,0.5173853136650997,0.35117590427726586,0.9823036085250443
GPAB6701_jpg.rf.149875ae1fe458dc6e8531c3f26d32f6.jpg,lcc,26360,4326,3715,0.7662567948606145,0.8676618225506493,0.8590236589975885,0.8764754779717373
GPAB6704_jpg.rf.9790ef8bf24b48dda270de4b435b6865.jpg,lcc,47794,19492,44715,0.426728332782743,0.5981914327732407,0.7103112088696014,0.5166416240581997
GPAB6705_jpg.rf.01585a7db7bb160584e50946bb0e8993.jpg,lcc,258047,62359,27064,0.7426454082366823,0.8523195880545055,0.8053750553984632,0.9050755670598468
GPAB6706_jpg.rf.9f01d89475c6a9d588cbb65cc6f65da0.jpg,lcc,310636,27376,95763,0.7161224136937352,0.834581971518422,0.9190087925872454,0.7643621170327682
GPAB6710_jpg.rf.9e215ac6bc82835890363fb4d212536b.jpg,lcc,223198,56373,33840,0.7121575184023534,0.8318831775091361,0.7983589141935322,0.868346314552712
GPAB6711_jpg.rf.0304d9a3dd979cd916641d89cb49b8f0.jpg,lcc,154422,77173,57785,0.5336305204229732,0.6959049305771493,0.6667760530235972,0.7276951278704284
GPAB6712_jpg.rf.822cd24c51032f70db27a6d6f422a8c4.jpg,lcc,102316,91899,43854,0.4297745611566395,0.6011780777648839,0.5268182169245423,0.6999794759526579
GPAB6713_jpg.rf.27d0d3fc4947952724f70345fd4f81b9.jpg,lcc,214665,79193,122196,0.5159546597316694,0.6806993288611886,0.7305058906002219,0.6372509729532359
GPAB6714_jpg.rf.d664e0d22c48cb5ba50f7da1a60f33a3.jpg,lcc,371333,9332,129996,0.727161463279945,0.8420306714104631,0.9754850065017798,0.7406972267712421
GPAB6717_jpg.rf.d75823f43240ef0ce9f9964a1c4519d3.jpg,lcc,32825,12323,10624,0.5885569819981352,0.7409957447769112,0.7270532470984318,0.7554834403553592
GPAB6718_jpg.rf.0f4f6dd3bde84d2d235fde632ef8b650.jpg,lcc,107977,16495,35756,0.6738959482737099,0.8051826028597528,0.8674802365190565,0.7512331893163018
GPAB6720_jpg.rf.470f598882af8d62b6eb1b2dd1b45516.jpg,lcc,143450,14987,26254,0.776702708848834,0.8743192712888667,0.9054071965513106,0.8452953377645783
GPAB6721_jpg.rf.6d79cc0bee61efd5fc70bf8565773f07.jpg,lcc,189928,33099,60992,0.6687158253497125,0.8014735824891813,0.8515919597178817,0.756926510441575
GPAB6722_jpg.rf.3905acae98248caaa1018f868607f294.jpg,lcc,128674,21826,74813,0.5710899948072238,0.7269984490955883,0.8549767441860465,0.6323450638124303
GPAB6723_jpg.rf.a9391a805eef75647fdc4a53714dddc1.jpg,lcc,136742,36537,21438,0.7022602032693601,0.8250914894451501,0.7891435199879963,0.8644708559868505
GPAB6724_jpg.rf.abb977d8b1d48600b80c49827e043ca3.jpg,lcc,123601,29904,11241,0.750251902929358,0.8573073415017323,0.8051920132894694,0.9166357663042672
GPAB6725_jpg.rf.990d5f2625903257e8bc17df9fa2bf20.jpg,lcc,167808,21913,52641,0.6923857700464594,0.8182363410293293,0.8844988166834457,0.7612100757998449
GPAB6726_jpg.rf.6e8b4f32f5c8ad2068d284eea6b3ba73.jpg,lcc,161545,27571,153014,0.47217431970303686,0.6414652305554177,0.8542111719791028,0.5135602541971458
GPAB6727_jpg.rf.2b47a87edd848492b696c791dce918bb.jpg,lcc,136365,58534,49449,0.5580770049273986,0.716366396734548,0.6996700855314804,0.7338790403306532
GPAB6728_jpg.rf.c94a7a80fbc13b2ef9bf80be068ef9ee.jpg,lcc,122758,22720,31449,0.693834180198613,0.8192468758863474,0.8438251831892107,0.7960598416414301
GPAB6729_jpg.rf.252f5cc0c0084ddbc28a453a606bd948.jpg,lcc,62656,20042,32608,0.5433888956342254,0.7041503242265202,0.7576483107209364,0.6577091031239503
GPAB6730_jpg.rf.faeabf355c420e2ba8d4915690db7746.jpg,lcc,66179,9697,6648,0.8019364063787504,0.8900829169552733,0.8721993779324161,0.9087151743172175
GPAB6731_jpg.rf.9aff60cc937711da4f513b555afdcc79.jpg,lcc,94682,15535,23605,0.7075219321187847,0.8287119700311592,0.8590507816398559,0.8004429903539696
GPAB6733_jpg.rf.acb5d981beab731e09c53f2eedd2e502.jpg,lcc,92393,41699,9854,0.641858752587776,0.7818684178235501,0.6890269367300063,0.9036255342455035
GPAB6734_jpg.rf.46683f64576f9a3cfb6bbe554cb86593.jpg,lcc,108269,13842,10987,0.8134532449773851,0.8971317537194397,0.8866441188754494,0.9078704635406185
GPAB6735_jpg.rf.20b7c5c450a55f6155703cf2bbbe373f.jpg,lcc,122163,11176,23147,0.7806640849660672,0.8768235306783804,0.9161835621986065,0.8407060766636846
GPAB6736_jpg.rf.2a447b81d9e09d99d2aa4e6de92083cb.jpg,lcc,363375,22358,50397,0.8331804737119666,0.9089999437151738,0.9420376270632795,0.8782010382529509
GPAB6737_jpg.rf.b1b33630159b660adb00a54e0dd9619a.jpg,lcc,343061,14608,3797,0.9490823479940022,0.9738760899156456,0.9591577687750407,0.9890531571997763
GPAB6738_jpg.rf.fb0e439af4ed6e91340673e23d74129f.jpg,lcc,158984,19443,68506,0.6438345624116664,0.78333255320669,0.891031065926121,0.6988614884170733
GPAB6739_jpg.rf.4d32d55f2ea6573a4c99327645b6c1e2.jpg,lcc,192176,49327,17846,0.7409937960046116,0.8512308288577598,0.7957499492759924,0.9150279494529144
GPAB6740_jpg.rf.43588fe8737c9d3ec2b756b24d86e2c0.jpg,lcc,330433,46786,53408,0.7673299630538726,0.8683494074054608,0.8759712527735878,0.8608590536185556
GPAB6741_jpg.rf.4813cc555ec276c90547ec3f17feecce.jpg,lcc,378249,40825,13643,0.8741255832333835,0.9328356552555841,0.9025828373986455,0.965186837189838
GPAB6742_jpg.rf.19f506fad94038a2fdef528bee2aa3ad.jpg,lcc,504870,183865,18798,0.7135638903061765,0.8328418850827654,0.733039558030302,0.9641032104310364
GPAB6743_jpg.rf.0ee30ee003eb99a660a748a583191988.jpg,lcc,465223,73869,11174,0.8454511090999626,0.9162541396312516,0.8629751508091383,0.9765447725321528
GPAB6743_jpg.rf.effa400c62434f49e21656a7fe755769.jpg,lcc,510475,31028,11121,0.9237293349546889,0.9603527046869577,0.942700225114173,0.9786789009118169
GPAB6744_jpg.rf.a8dbeb68f8cee29da713eb411b6cabde.jpg,lcc,268545,26520,19494,0.8537190161464145,0.9210878333882121,0.9101214986528392,0.9323216647745618
GPAB6745_jpg.rf.2153b608d7e2146d34b9d9fc3febb368.jpg,lcc,352216,19052,47341,0.8413961477177987,0.9138676093795609,0.9486839695314436,0.8815162792793019
GPAB6798_jpg.rf.8586409eb79e92bd79db8bd31825a216.jpg,lcc,77491,20057,32155,0.5974495578359791,0.748004285838393,0.7943884036576865,0.7067380478996041
GPAB6809_jpg.rf.e379cb9b5655b5b9c1ab48d1da37d5cf.jpg,lcc,322231,45644,42670,0.784885944293561,0.8794802231514133,0.8759252463472647,0.8830641735703657
GPAB6810_jpg.rf.942a61223106aacf8e8c96d03620647b.jpg,lcc,76529,25649,5719,0.709278293187021,0.8299155216726491,0.7489772749515551,0.9304663943196188
GPAB6811_jpg.rf.5d27bc2691a61663881664b2487e0d80.jpg,lcc,27562,4933,9439,0.6572709495874469,0.7931967307470934,0.8481920295430067,0.7448987865192833
GPAB6822_jpg.rf.b99bfee0fa8e636686edfa07726c9c29.jpg,lcc,240470,158758,65902,0.5169952486401651,0.6816043083900227,0.6023375113969962,0.7848954865327119
GPAB6851_jpg.rf.d59056d1d0d3c9d325f4a76cc1ba4c8b.jpg,lcc,350398,51369,90805,0.7113640239396474,0.831341566129281,0.872142311339657,0.7941877095124014
GPAB6884_jpg.rf.1295437527df283efdef3e5a9c3b06b7.jpg,lcc,165188,17654,70700,0.6515212469728882,0.7889952952976859,0.9034466916791547,0.7002814895204503
GPAB6885_jpg.rf.be97c790ae34175e4f797ccc4b6c5bfc.jpg,lcc,291536,8270,626822,0.31462032228682923,0.47864819515270524,0.972415495353662,0.3174535420827172
GPAB6906_jpg.rf.73105f6b446d8109bac51ef296914ed4.jpg,lcc,322146,52754,52980,0.7528886603720669,0.8590262204243586,0.8592851427047212,0.8587674541354106
GPAB6910_jpg.rf.1d5376253b5d5d1d7e6717476f5b5ed4.jpg,lcc,76608,3348,5416,0.8973433912758282,0.945894554883319,0.9581269698334084,0.9339705452062811
GPAB6911_jpg.rf.6054641356b5c6b94a2f979a7675620d.jpg,lcc,77832,12219,13783,0.7495810620798582,0.8568691995199983,0.8643102242062831,0.8495552038421655
GPAB6915_jpg.rf.7e7b783f170b910f9398380099ea6085.jpg,lcc,147735,22151,7888,0.8310270343244794,0.9077168373224703,0.8696125637191999,0.9493134048309054
GPAB6916_jpg.rf.2ea16833db5bc53744b52042ad162eea.jpg,lcc,141361,17940,36264,0.7228338404111165,0.8391219436908994,0.8873830045009133,0.7958395496129487
GPAB6917_jpg.rf.3654181da791af09652ebca09656faa3.jpg,lcc,125142,47064,43042,0.5813851928937783,0.7352859954757778,0.7266994181387408,0.7440779146648908
GPAB6921_jpg.rf.7d23b8ba81f4b7b036919eb82f4b2115.jpg,lcc,303156,16198,23393,0.8844891421369114,0.9387044184653114,0.9492788566919469,0.928362971560164
GPAB6929_jpg.rf.da2115ed575dc3b6a07ef26d6f83377a.jpg,lcc,185442,30777,50624,0.6949479656577089,0.8200227732513791,0.8576582076505765,0.7855514983097948
GPAB6931_jpg.rf.5fe64cd601f36dfacddfb1c7ad0ca2ea.jpg,lcc,177741,30243,6061,0.8303908056717045,0.9073371687604967,0.8545897761366259,0.9670242978857684
GPAB6942_jpg.rf.ad7a548a4c1e9f9e656996478eed1274.jpg,lcc,225906,242604,25060,0.45769799623153756,0.6279736919647076,0.482179675994109,0.9001458364878111
GPAB6943_jpg.rf.6c8af24769bb96f9b4497d80a41f4c3d.jpg,lcc,252395,9149,26157,0.877282317405918,0.9346301398269937,0.9650192701801609,0.9060965277578333
GPAB6944_jpg.rf.29853f1d5567546dbca6ebf05b96d79a.jpg,lcc,429708,17503,15850,0.9279727724856984,0.9626409519147731,0.9608618750433241,0.964426629080838
GPAB6946_jpg.rf.69a736a184165b6b0dbcc98f8e658fd4.jpg,lcc,183468,17524,21941,0.8229737185611821,0.9028914791056124,0.912812450246776,0.8931838429669586
GPAB6951_jpg.rf.fd609cc90f60eda0e6252f5f464ff693.jpg,lcc,250810,30565,30132,0.8051504460573919,0.8920591054511957,0.8913727232341182,0.8927465455503271
GPAB6953_jpg.rf.cafe2c5508e2ff7b8f76d42a30658cbb.jpg,lcc,385872,23049,23567,0.8922143504559664,0.9430372941003959,0.9436345895661998,0.9424407543003964
GPAB6980_jpg.rf.fc99a764c38c296eeaa04df2539d9919.jpg,lcc,198216,45342,40892,0.6968395148532255,0.8213381510195457,0.8138348976424506,0.828981046221791
GPAB6997_jpg.rf.c826182a13a0d7947e84cecc52a9bd70.jpg,lcc,299017,16105,45492,0.829188550638633,0.9066190036550739,0.9488928097689149,0.8679512001137851
GPAB7009_jpg.rf.28247ed465ee7cd05cd23f3380511de3.jpg,lcc,146660,30457,182499,0.4078239010500089,0.5793677756796688,0.8280402220001468,0.44555974468266096
GPAB7021_jpg.rf.7c0a3f03fd6f538b6a5b3e820de08068.jpg,lcc,363051,6431,49888,0.8657057014092567,0.9280195700268781,0.9825945512907259,0.8791879672300267
GPAB7022_jpg.rf.ef80630b7a7d3048fbaa5f24c5ae6cf6.jpg,lcc,667111,50863,14759,0.9104421392239738,0.9531219192995791,0.9291576018073078,0.9783551116781791
GPAB7023_jpg.rf.3d860cb9b2b20806f8f8e342858c372c.jpg,lcc,323448,33212,43799,0.8076931720850324,0.8936175503206903,0.906880502439298,0.880736942711581
GPAB7024_jpg.rf.a1ef511de11f5c302d455d82c0d37bd8.jpg,lcc,187333,4059,8617,0.9366228519716613,0.9672743983353213,0.9787922170205651,0.9560244960449095
GPAB7026_jpg.rf.074569e48485ec38a4cb5c629f52f56c.jpg,lcc,145690,14072,2537,0.8976641877029433,0.9460727493514379,0.9119189794819794,0.9828843597994967
GPAB7027_jpg.rf.5bf488c10f515218c4a6f6359ff04865.jpg,lcc,160121,230016,5109,0.40511731934036016,0.5766313086661613,0.41042249261156977,0.9690794649881983
GPAB7050_jpg.rf.5d195395bfbe8803ccd8968785d9d541.jpg,lcc,385731,16287,19376,0.9153689895916886,0.9558147746631562,0.959486888646777,0.9521706610846024
GPAB7059_jpg.rf.9d98a90bf8301b908be647a4c522fe68.jpg,lcc,422676,49745,166914,0.6611181931225414,0.7959917552643052,0.8947019713348898,0.7168981834834376
GPAB7061_jpg.rf.017d56e7556882c1de865eb499bdbf21.jpg,lcc,203710,21047,34287,0.7863915010577354,0.8804245884422393,0.9063566429521661,0.85593515884654
GPAB7062_jpg.rf.2c7208719da7236acf8888944147a4c5.jpg,lcc,257767,133032,33371,0.6076973854822358,0.7559847903838625,0.659589712358527,0.8853773811731893
GPAB7065_jpg.rf.4039f0083a44753ef687177038eeddbf.jpg,lcc,228420,26692,21997,0.8242965764374307,0.903687028835141,0.8953714446987989,0.912158519589325
GPAB7067_jpg.rf.a302de79c7c7c7514de83ec1b06bfd44.jpg,lcc,270917,15664,13784,0.9019592828725052,0.9484527781375923,0.9453418056326135,0.9515842936975986
GPAB7079_jpg.rf.909e521c3f586cbc8b357fbd01b9cb3a.jpg,lcc,169548,16424,33483,0.7725866350732497,0.8717053595987692,0.911685630094853,0.8350842974718147
GPAB7080_jpg.rf.534c4e4511da2cce23e581aeb17807ff.jpg,lcc,322059,17787,20451,0.8938708898492077,0.9439618029298489,0.9476615878956939,0.9402907944293597
GPAB7081_jpg.rf.2159b20d8b296fd86124587d2ea73ea6.jpg,lcc,154770,17460,46588,0.7073001307022274,0.8285598038480894,0.8986239331126982,0.7686309955402815
GPAB7090_jpg.rf.5a202a153d5630556c96afc11f25bef5.jpg,lcc,189557,77928,18110,0.6637266058579457,0.797879415429168,0.7086640372357328,0.912793077378688
GPAB7095_jpg.rf.da1a17f02f4eb3d1397d87151efeb1a6.jpg,lcc,432112,6322,64322,0.8594865103549236,0.9244342516804511,0.9855804978628482,0.8704319204566972
GPAB7183_jpg.rf.4ec008fb929778140b3f448a821803ac.jpg,lcc,11660,90795,940,0.11277141060979738,0.2026856720698796,0.11380606119759895,0.9253968253968254
GPAB7185_jpg.rf.bbdd85b10b2ce4494aa5e4f51cb88e08.jpg,lcc,62314,7610,2562,0.8596694534116933,0.924540059347181,0.8911675533436302,0.9605092792403971
GPAB2750_jpg.rf.cdad5a44fc68268026febd47efc11e6c.jpg,bleached,9962,3756,49325,0.15801912980029503,0.2729128141908089,0.7261991543956845,0.16803009091369103
GPAB2751_jpg.rf.5c54bc040bd61f476b2936c0f427baaf.jpg,bleached,4591,335,51294,0.08166133048737104,0.15099241913469602,0.9319935038570849,0.08215084548626644
GPAB2752_jpg.rf.3d3a23e7d01325a3e36b5203981b2c6b.jpg,bleached,14704,21349,4114,0.36607165085766924,0.5359479506478833,0.4078440074335007,0.7813795302370071
GPAB2753_jpg.rf.ecc3e09a60fddd4051f8cc1817f5abe0.jpg,bleached,1053,6787,106148,0.009237814506790188,0.0183065168070514,0.1343112244897959,0.009822669564649583
GPAB2755_jpg.rf.989ddbf0acb4906444222985aa1c08ad.jpg,bleached,61475,29394,38623,0.47473975226268805,0.6438285148742977,0.676523346795937,0.6141481348278687
GPAB2756_jpg.rf.e3eab669406113c45048b693e012a15e.jpg,bleached,19308,7556,23083,0.38656976394978676,0.5575915096382933,0.7187313877307921,0.455474039300795
GPAB2863_jpg.rf.96811bd1325e7bbd6bdfefe68952512f.jpg,bleached,950,450,12549,0.06810524051903362,0.12752533727095777,0.6785714285714286,0.07037558337654641
GPAB2864_jpg.rf.bba294c9d2767e1fca67088d5f57ed2c.jpg,bleached,0,18706,4320,0.0,0.0,0.0,0.0
GPAB2865_jpg.rf.bc51b557fce1c755711f160a6fb06174.jpg,bleached,15038,8782,202,0.626009491299642,0.7699948796722991,0.6313182199832074,0.986745406824147
GPAB2866_jpg.rf.419a33f7e1a92b4b4cd4c79fef598c57.jpg,bleached,0,4815,2815,0.0,0.0,0.0,0.0
GPAB2867_jpg.rf.a760f33822f6d3414eebcb42d8a10ffe.jpg,bleached,19905,7753,24953,0.3783429320864458,0.5489822935627999,0.7196832742786897,0.44373355923135227
GPAB2868_jpg.rf.388ca1bea37ef902bb25b8564d68772c.jpg,bleached,1706,220673,9558,0.007355445659812794,0.0146034762436709,0.007671587694881262,0.1514559659090909
GPAB2869_jpg.rf.f5f4b6550e77b27a16ff75349110b44f.jpg,bleached,20245,92520,71013,0.1101600844497165,0.19845801698828072,0.17953265640934687,0.22184356439983344
GPAB2870_jpg.rf.bf5e43594708726bc8b61ede51e9e0d6.jpg,bleached,19658,9504,23472,0.3734848196982939,0.5438499419022852,0.6740964268568685,0.4557848365406909
GPAB2871_jpg.rf.504bfd08c70eccfa9fd23ba467a0b88b.jpg,bleached,630,7222,4528,0.05088852988691438,0.09684857801691008,0.08023433520122261,0.1221403644823575
GPAB2907_jpg.rf.bf31d322ee0d726153fd605a1778f741.jpg,bleached,0,0,0,1.0,1.0,,
GPAB2908_jpg.rf.88dda92c5d3e1444f5a1b36c77499932.jpg,bleached,38441,5170,53744,0.39485388526526627,0.5661580606203422,0.8814519272660567,0.4169984270759885
GPAB2909_jpg.rf.f8bd8c4e84c1945b4c81d8aa05b48c12.jpg,bleached,9394,15678,68758,0.10011723329425556,0.18201193520886616,0.37468091895341415,0.12020165830688914
GPAB2910_jpg.rf.6a59ae7e8c4bd736c88f0483d80245eb.jpg,bleached,4568,19477,5417,0.1550471794175548,0.2684689979429915,0.1899771262216677,0.457486229344016
GPAB2911_jpg.rf.a892723d63b47464304a3bf61c90205b.jpg,bleached,183393,40025,9746,0.7865408038976858,0.8805181523777058,0.8208514980887842,0.9495389330999954
GPAB2912_jpg.rf.bf1be34d721f9328c589ea24f4d294f3.jpg,bleached,0,31141,0,0.0,0.0,0.0,
GPAB2913_jpg.rf.a426d17e675cf5b48b74ca8af4351b03.jpg,bleached,166734,53280,1772,0.751778741669898,0.8583033048491712,0.7578335924077558,0.9894840539802737
GPAB2914_jpg.rf.05ad5a37a80ee9922fa2d84461e64b23.jpg,bleached,289825,11991,88016,0.743461285887254,0.8528566615219147,0.9602704959312959,0.7670554545430486
GPAB2915_jpg.rf.a6786972f25a53ecff6281be316a127d.jpg,bleached,260060,134693,114102,0.511068968566684,0.6764336760240078,0.6587917001264082,0.6950465306471528
GPAB2916_jpg.rf.7f634b0de0ff892d3d6e051ea3b40642.jpg,bleached,0,35669,7009,0.0,0.0,0.0,0.0
GPAB2941_jpg.rf.18f7f408bdbb3d1b44d43910c2e6eba4.jpg,bleached,74488,3900,14202,0.8044929258019224,0.8916553944864075,0.9502474868602337,0.8398692073514489
GPAB2942_jpg.rf.1e3195c08fa8efff9464de31cf8e5d3c.jpg,bleached,44144,5094,18555,0.6511586741994011,0.7887293745589037,0.8965433201998456,0.7040622657458652
GPAB2943_jpg.rf.785d4f902aaf6a01200939a608fa2ac6.jpg,bleached,29086,331,951,0.9577845100105374,0.9784371110438322,0.9887480028554917,0.9683390485068416
GPAB2944_jpg.rf.4c5671d6eb3325a6fb91a55ecd6b13f6.jpg,bleached,103538,4594,114976,0.46407121214837654,0.6339462292512383,0.9575148892094847,0.4738277638961348
GPAB2946_jpg.rf.4ae04bdc56ebbfb34e63f95e6dec2beb.jpg,bleached,0,0,0,1.0,1.0,,
GPAB2948_jpg.rf.4acdaada60495f5c29e1e122f2d83397.jpg,bleached,19853,193,876,0.9489054583691807,0.9737829552421827,0.9903721440686422,0.957740363741618
GPAB2949_jpg.rf.7fbf6a8deca8c7aae18c53062828ddff.jpg,bleached,3502,437,126,0.86150061500615,0.9255979912779173,0.889058136582889,0.9652701212789415
GPAB2950_jpg.rf.502dd1ed83690517b5d11f810ee8abd0.jpg,bleached,5156,4412,10261,0.2600231983458571,0.41272763658194916,0.5388795986622074,0.33443601219433094
GPAB2951_jpg.rf.42d2aa39a63a8cd50185c4c34c3d023a.jpg,bleached,71142,80687,15018,0.42639064532176185,0.5978595649378753,0.4685666111217225,0.8256963788300835
GPAB2952_jpg.rf.d5edd999c3d70eee6ea6ae39f932ee17.jpg,bleached,43566,31577,15050,0.48303083387846063,0.6514103723861572,0.5797745631662298,0.7432441654155861
GPAB2953_jpg.rf.e9d7fd4bca495dd962d44280979b6764.jpg,bleached,98762,38786,28875,0.593439608707931,0.7448535927748553,0.7180184372001047,0.7737724954362764
GPAB2985_jpg.rf.1aa4eb008b359be4a92a854650b08c4f.jpg,bleached,2247,216,5884,0.2691985144363244,0.42420237870492733,0.9123020706455542,0.27634977247571024
GPAB2986_jpg.rf.8384c7104ca8ce5717f2a1895ec3f4e6.jpg,bleached,7516,2712,27469,0.19937926094914715,0.33247074956317874,0.7348455220962065,0.21483492925539516
GPAB2987_jpg.rf.8edaf56f6842917821771008f1c445b3.jpg,bleached,52333,465,46692,0.526012664589406,0.6893948874676432,0.9911928482139475,0.5284827063872759
GPAB2988_jpg.rf.83afaab24b357370faadb37c4a8f2e80.jpg,bleached,8228,341,9236,0.46211738275765235,0.6321207697921868,0.9602053915275995,0.4711406321575813
GPAB2989_jpg.rf.8c0306c24da4ca0fa0a6db116a0c7028.jpg,bleached,115860,87733,179528,0.3024109876514208,0.46438641952298787,0.5690765399596254,0.39222988069928366
GPAB2990_jpg.rf.26380753fc33e784adf7e3cfce47a36f.jpg,bleached,79954,15504,3770,0.805760470834845,0.8924333917469389,0.8375830208049614,0.954971095504276
GPAB2991_jpg.rf.349d021fabfa3966b9f88f23b1096169.jpg,bleached,121683,181552,76666,0.32030186811827294,0.48519490254872566,0.40128283344600724,0.6134792713852856
GPAB2992_jpg.rf.e4effd5df06ee1d3cc045935c76638eb.jpg,bleached,89584,306,3130,0.9630617071597506,0.9811833256664695,0.9965958393592168,0.9662402657635308
GPAB2994_jpg.rf.399149a84f76c2e820ddc039f29be960.jpg,bleached,11839,38578,15128,0.1806239987794645,0.30598056445776906,0.23482158795644326,0.4390180591092817
GPAB2995_jpg.rf.77053a52828cd1b35e1a6b481dda0977.jpg,bleached,366456,4040,403626,0.4733827484556698,0.642579464096274,0.9890956987389877,0.47586620645593586
GPAB2996_jpg.rf.71234c52d0bc86b7485ea41a885640db.jpg,bleached,91758,134011,8234,0.3921231779079755,0.5633455201819739,0.4064242655103225,0.9176534122729818
GPAB3022_jpg.rf.4a7028ccc8d0c43d90f9f26c5b803a76.jpg,bleached,0,0,0,1.0,1.0,,
GPAB3023_jpg.rf.2d06d6161234dba9738fbea660799947.jpg,bleached,0,0,11008,0.0,0.0,,0.0
GPAB3024_jpg.rf.962d5da92455184bd060dd0c24c8dab4.jpg,bleached,7595,5137,8202,0.3628069169771663,0.5324406744014862,0.5965284322965756,0.48078749129581566
GPAB3025_jpg.rf.0e7dd03ddf2d70bda47a0516e862f4c9.jpg,bleached,4445,27203,5597,0.11934487850718217,0.21324058527224754,0.14045121334681496,0.4426409081856204
GPAB3026_jpg.rf.0132f1051a4116579dca9e90f5fe8dac.jpg,bleached,4032,6575,13047,0.17045742791916801,0.29126634400057794,0.38012633166776655,0.23607939574916564
GPAB3027_jpg.rf.747b37a57bb87ebb8bad757bc73c82cb.jpg,bleached,21628,135,29535,0.4216148777730126,0.593149219757014,0.9937968111014106,0.4227273615698845
GPAB3028_jpg.rf.bab6e79b28a15e973dd2a4273d4b3f69.jpg,bleached,9774,21517,343,0.3089713599291901,0.4720826893353941,0.3123581860598894,0.9660966689730157
GPAB3029_jpg.rf.9be364b3f26fd5581081ef77d347a1a7.jpg,bleached,38345,75188,29511,0.2680643718016834,0.42279300288330607,0.3377432112249302,0.5650937278943645
GPAB3030_jpg.rf.adc799d4514f57aa03abab83f2ad6e6e.jpg,bleached,60575,209237,4086,0.2211589715879634,0.3622115985445761,0.22450817606333298,0.9368088956248743
GPAB3031_jpg.rf.ab0edf94425b881b01d5ae81bd81b21d.jpg,bleached,66589,88334,3839,0.41942656303145587,0.5909802929651965,0.4298199750843968,0.9454904299426364
GPAB3032_jpg.rf.1d597c1e44f74b2246f4f867092f84fd.jpg,bleached,11813,44661,9843,0.17812928811616932,0.30239344681940356,0.20917590395580268,0.5454839305504249
GPAB3033_jpg.rf.50b9b3afcefbc3350536ce8c5bc36581.jpg,bleached,64373,6733,43987,0.5593129034780568,0.717383794144852,0.9053103816836835,0.5940660760428202
GPAB3035_jpg.rf.d5c32d9742ccdb6a97e4a8d5755c24d6.jpg,bleached,0,0,0,1.0,1.0,,
GPAB3036_jpg.rf.73115f2d96e2a173cce8abbe17c95bd0.jpg,bleached,19625,1976,29079,0.3872336227308603,0.5582817722779319,0.9085227535762234,0.40294431668856767
GPAB3065_jpg.rf.623b37a3e1def7e946fbe7642cf75b09.jpg,bleached,0,0,0,1.0,1.0,,
GPAB3066_jpg.rf.c7ab7f595d1fabcf9345d55074498965.jpg,bleached,39138,705,93105,0.29438577488943046,0.45486559046058367,0.9823055492809276,0.2959551734307298
GPAB3067_jpg.rf.787b1d28ce4fe02d8dcdc53034e25912.jpg,bleached,5930,144,72887,0.07510036600347007,0.13970856745709204,0.9762923938096806,0.07523757564992324
GPAB3068_jpg.rf.7d5b5b389e42fbf25daa11b1aab52fd6.jpg,bleached,1606,1325,11555,0.110865663399144,0.199602286850609,0.5479358580689184,0.12202720158042701
GPAB3069_jpg.rf.b4e787e9b2ba7d152d6ea99e92e0ca40.jpg,bleached,135725,15982,70447,0.6109500616689324,0.7584965868352153,0.8946521913952553,0.6583095667694935
GPAB3070_jpg.rf.9cd39d8ce8d5b63ee10a306d3f11ec2a.jpg,bleached,14785,9620,63943,0.16734957214651153,0.2867171516391456,0.605818479819709,0.18779849608779595
GPAB3072_jpg.rf.0ac2243c6b202e76c28f399d6eb11d70.jpg,bleached,0,0,0,1.0,1.0,,
GPAB3074_jpg.rf.38770129f002645fcdacee0bd4225300.jpg,bleached,1796,2246,5586,0.1865392604902368,0.31442577030812324,0.44433448787728846,0.24329450013546464
GPAB3075_jpg.rf.3f2d5382731b43b7f93907122f078970.jpg,bleached,22965,4006,74051,0.22732672091227654,0.3704420624742917,0.8514700975121426,0.23671353178857096
GPAB3076_jpg.rf.6688d0a1b6f765cccf799dc184aea270.jpg,bleached,7270,7241,60193,0.09731741272221033,0.17737331348964305,0.5009992419543794,0.10776277366852942
GPAB3077_jpg.rf.e6dd2d28fb69105d93898db9cb337457.jpg,bleached,56536,4822,28569,0.6286877133675092,0.7720175061278275,0.9214120408096743,0.6643087950179191
GPAB3078_jpg.rf.cd093ba40852e610c6dba2034d50c1dc.jpg,bleached,0,0,42405,0.0,0.0,,0.0
GPAB3079_jpg.rf.a4a8223fb26f718eff035a84cb461caa.jpg,bleached,0,0,23925,0.0,0.0,,0.0
GPAB3080_jpg.rf.78f928f2c19bd787656114709b49bc5b.jpg,bleached,0,0,0,1.0,1.0,,
GPAB3090_jpg.rf.125d5f6ed38bdc5cbae2b664e2362386.jpg,bleached,1339,22,165433,0.008027866709833686,0.015927866629394587,0.9838354151359294,0.008028925718945626
GPAB3091_jpg.rf.2419e7ae9b651b8df0f426db91599eee.jpg,bleached,10479,2251,60625,0.14285324790402837,0.24999403583271704,0.8231736056559309,0.14737567506750676
GPAB3092_jpg.rf.3bad61d847234ef79c48d0ea084de422.jpg,bleached,0,0,29350,0.0,0.0,,0.0
GPAB3093_jpg.rf.285d85f2bda7ab2fe223676c69049377.jpg,bleached,106751,847,537300,0.16553160344736687,0.28404481347011706,0.9921281064703805,0.16574929625138382
GPAB3095_jpg.rf.c30fe8fea9a0ca71fd70d7ad21b1c91c.jpg,bleached,127292,0,840684,0.13150326041141516,0.23243991424929789,1.0,0.13150326041141516
GPAB3096_jpg.rf.a6470fed9e9e1c7e6665b90f39689d33.jpg,bleached,57155,25507,337215,0.13612319798417155,0.23962753022858005,0.691430161380078,0.1449273524862439
GPAB3097_jpg.rf.1d99e8ef816fb9dcb878d24c738e0e5f.jpg,bleached,0,1028222,0,0.0,0.0,0.0,
GPAB3098_jpg.rf.64f8658b6d719daf7a6ca2fc4cd9cecf.jpg,bleached,0,22281,0,0.0,0.0,0.0,
GPAB3099_jpg.rf.fd9c504343c7c4aa14009c61fb4860e5.jpg,bleached,0,19084,74369,0.0,0.0,0.0,0.0
GPAB3100_jpg.rf.e7ec1e1b776eaf06f12dc677181b3f99.jpg,bleached,18457,9794,106114,0.13736464108956944,0.2415489916373297,0.653322006300662,0.14816450056594233
GPAB3101_jpg.rf.b62e7eeebc3c25bf04dbff6c796cb5d3.jpg,bleached,96072,19231,169619,0.3371870196053657,0.5043229027228775,0.8332133595830117,0.36159297830938947
GPAB3102_jpg.rf.474b567b589316cba823bc1f8cfcd7ea.jpg,bleached,5803,15078,29032,0.11626229639572856,0.20830641108478715,0.2779081461615823,0.1665853308454141
GPAB3103_jpg.rf.57b80bcdb3fdddfed29907c8e94f6a12.jpg,bleached,5132,1354,104829,0.04610340026052194,0.08814310372959372,0.7912426765340734,0.04667109247824228
GPAB3104_jpg.rf.e80e02c3e101d1c16303a7ca427c6a49.jpg,bleached,0,2752,1732,0.0,0.0,0.0,0.0
GPAB3114_jpg.rf.a0eef7d84c3db00e2182b17cfb131176.jpg,bleached,24670,539,3313,0.8649463571979524,0.9275830952022861,0.9786187472727994,0.8816066897759354
GPAB3115_jpg.rf.66786619ec5b1d81981d8d1dcbacae6b.jpg,bleached,0,0,15898,0.0,0.0,,0.0
GPAB3116_jpg.rf.ed8a4389d5c8493ac5b2c1d64f48a03b.jpg,bleached,2309,93,6036,0.2736430433752074,0.4297013119940449,0.9612822647793505,0.2766926303175554
GPAB3117_jpg.rf.48324a5515ea6a6df152c7f05a2f131c.jpg,bleached,15587,3447,7190,0.5943791946308725,0.7455932649302816,0.8189030156561942,0.6843306844623963
GPAB3118_jpg.rf.57920e1593dd8f883f267a8dc21b88b2.jpg,bleached,0,121093,4954,0.0,0.0,0.0,0.0
GPAB3119_jpg.rf.1eb13bc3f53bc0650f9acc7db755b399.jpg,bleached,18401,292,11046,0.6187497898382596,0.7644786040714583,0.9843791793719574,0.6248853873060074
GPAB3120_jpg.rf.5603d780549b726b1d30303f98c1122b.jpg,bleached,0,15635,35579,0.0,0.0,0.0,0.0
GPAB3121_jpg.rf.1b45c081583cecc29304e3ac5124201e.jpg,bleached,2324,937,9797,0.17797518762444478,0.30217136913275255,0.7126648267402638,0.19173335533371835
GPAB3122_jpg.rf.dfef5ccb273d37124bbe24778f8a3383.jpg,bleached,69635,42065,592357,0.09890534431161113,0.18000703122172648,0.6234109221128021,0.10519009293163664
GPAB3123_jpg.rf.0e78506e475476935d0cdd5fd34e42bc.jpg,bleached,3490,1975,29161,0.10079131288627043,0.18312519676776157,0.6386093321134492,0.10688799730482987
GPAB3124_jpg.rf.261f7fde12c4e7185009978cb8d41d5e.jpg,bleached,0,1106,36474,0.0,0.0,0.0,0.0
GPAB3125_jpg.rf.cdb4c107b0c18a67d6336053f841f63c.jpg,bleached,53136,2407,29840,0.6223252872351639,0.7672016113312975,0.956664206110581,0.6403779406093328
GPAB3126_jpg.rf.7f2a9644a452c8bf6f9b43429e1cf1ca.jpg,bleached,297228,9187,14682,0.9256642073890444,0.9613973234140621,0.9700177863355254,0.952928729441185
GPAB3127_jpg.rf.a33eb97ca070a71c354688a5df3fe396.jpg,bleached,0,0,4903,0.0,0.0,,0.0
GPAB3128_jpg.rf.9c417291ab540802a566e82e730a3fa4.jpg,bleached,0,0,1517,0.0,0.0,,0.0
GPAB3140_jpg.rf.3474ae4fcf56e867239b0fa23c90c845.jpg,bleached,0,0,3748,0.0,0.0,,0.0
GPAB3141_jpg.rf.496a8f719ffca8981eff66e05d24afae.jpg,bleached,6355,4236,5584,0.3928902627511592,0.5641367066134043,0.6000377679161553,0.5322891364435882
GPAB3142_jpg.rf.47763a8ac2730698e4e7bffda081cd94.jpg,bleached,2840,76,27489,0.09340568985364249,0.17085275981350578,0.9739368998628258,0.09363975073362128
GPAB3143_jpg.rf.9fc36c71d76476227a44163b79392c05.jpg,bleached,4032,48285,19273,0.05632071518368487,0.10663563513263336,0.07706863925683811,0.17301008367303153
GPAB3144_jpg.rf.a2b5b1860a1a0c32d5417f89d91114ef.jpg,bleached,8509,39178,10819,0.14543807472737838,0.2539431470566291,0.17843437414809069,0.4402421357615894
GPAB3145_jpg.rf.60b0ade51bedfe79a34ae3c4cb01ef63.jpg,bleached,3180,3631,34597,0.0767967542503864,0.14263927514129363,0.46689179268829833,0.08417820366889907
GPAB3147_jpg.rf.08712d02692fd16b9c2191bf24d63a26.jpg,bleached,0,0,8963,0.0,0.0,,0.0
GPAB3148_jpg.rf.215b32be1c7c28f0b92ea81efb374979.jpg,bleached,8228,288,15591,0.34131165221719834,0.5089222205040977,0.9661813057773603,0.3454385154708426
GPAB3149_jpg.rf.b85de5970d00d2f79e110927d0172e6e.jpg,bleached,0,0,1526,0.0,0.0,,0.0
GPAB3150_jpg.rf.6c8b56def24a487f2d90b80b7048e1f4.jpg,bleached,12413,1709,733,0.8356109054190508,0.9104444770426874,0.8789831468630506,0.9442415944013388
GPAB3151_jpg.rf.2c56a82516e6b16eb781cce5002c00e2.jpg,bleached,180481,20320,34227,0.7679127593308032,0.868722458478637,0.8988052848342388,0.8405881476237494
GPAB3152_jpg.rf.20844ffc2344e194ff3830fb974c5f8f.jpg,bleached,20580,127243,11196,0.12941849716071666,0.22917722259032622,0.13922055431157532,0.6476586102719033
GPAB3153_jpg.rf.861109ea12d8895926392ecc8c013b29.jpg,bleached,61166,15919,69421,0.41749825945695057,0.5890635232481991,0.793487708373873,0.46839271903022506
GPAB3154_jpg.rf.87d38b2413cadb6976ac03e5f0992a06.jpg,bleached,1950,13787,5539,0.09165256627185561,0.1679152673727719,0.12391180021605135,0.2603818934437174
GPAB3155_jpg.rf.d0fa59781b378d4a698078e736ac7453.jpg,bleached,0,0,0,1.0,1.0,,
GPAB3159_jpg.rf.ed9a35831ae623a1f7ac0a397fdfcda7.jpg,bleached,0,0,1697,0.0,0.0,,0.0
GPAB3160_jpg.rf.f7c2f442d5222845a4cf61cc49b880d6.jpg,bleached,68474,3787,4005,0.8978312747489051,0.9461655382064391,0.9475927540443669,0.9447426151023055
GPAB3161_jpg.rf.cb2162d68a96947fa46eb221ba5066b1.jpg,bleached,0,0,671,0.0,0.0,,0.0
GPAB3162_jpg.rf.8427e11d3cb16eaac10a9b2e994311b9.jpg,bleached,0,0,0,1.0,1.0,,
GPAB3163_jpg.rf.0e42e962764a40f2e739c5cd3e6b899f.jpg,bleached,0,0,0,1.0,1.0,,
GPAB3188_jpg.rf.652a96859d459386ddd0760e01ffd599.jpg,bleached,9600,453,42426,0.1829303149831361,0.30928333252790796,0.9549388242315726,0.18452312305385768
GPAB3190_jpg.rf.26f6a121f4430f3d59f86dedf34efe38.jpg,bleached,5388,140,13722,0.2798961038961039,0.43737316340612065,0.9746743849493488,0.28194662480376764
GPAB3191_jpg.rf.e826bca6abc790f4761354a9d8dccd08.jpg,bleached,1548,1140,10399,0.11828532131122488,0.21154765971984968,0.5758928571428571,0.12957227755921988
GPAB3192_jpg.rf.1439ae1e342b14aff4b7668dcbeaf30e.jpg,bleached,2447,63,45641,0.05081929762621752,0.09672319063994625,0.9749003984063745,0.05088587589419398
GPAB3193_jpg.rf.26438fdc8ba83c1997cdc08912b8e571.jpg,bleached,0,0,1124,0.0,0.0,,0.0
GPAB3196_jpg.rf.b987e9397cd4dc6740305db480e7d1a3.jpg,bleached,0,0,7464,0.0,0.0,,0.0
GPAB3197_jpg.rf.61ef5ee307e4fe0e326bb6dfa6132654.jpg,bleached,6813,4184,4525,0.43892539621182836,0.610073875083949,0.6195325997999455,0.6008996295642971
GPAB3198_jpg.rf.6a4a94373c659a065374d5d3634da775.jpg,bleached,0,0,3819,0.0,0.0,,0.0
GPAB3199_jpg.rf.12b7ef0103aaee8e8ecbbd351b47aecd.jpg,bleached,0,0,10524,0.0,0.0,,0.0
GPAB3200_jpg.rf.195175530cb552d58d2e1d0d144f0c0f.jpg,bleached,3630,135,17342,0.1719808594305207,0.29348748837773375,0.9641434262948207,0.17308792675948884
GPAB3201_jpg.rf.64c5d806908d0ba5fcd43bc8fbac2fe3.jpg,bleached,0,1257,0,0.0,0.0,0.0,
GPAB3202_jpg.rf.26fcceb9e7688f7eb1ddf902d85cb3e8.jpg,bleached,0,0,5167,0.0,0.0,,0.0
GPAB3203_jpg.rf.f3c3a83f132b77b020cd73afb748d82e.jpg,bleached,975,46,33491,0.028251043115438107,0.0549496998901006,0.9549461312438785,0.0282887483316892
GPAB3204_jpg.rf.4d64e7738074531250627689a92bb0d3.jpg,bleached,2181,8080,6234,0.1322218854198242,0.23356179053330478,0.2125523828086931,0.25918003565062386
GPAB3205_jpg.rf.8246c4bca81e9d44ca242b4c3e16fa1b.jpg,bleached,1592,1306,5971,0.1795016349081069,0.3043686072077239,0.549344375431332,0.2104984794393759
GPAB3206_jpg.rf.4e643a6937100e965b0d605f248af3bf.jpg,bleached,0,0,13228,0.0,0.0,,0.0
GPAB3207_jpg.rf.59b13473fdee7f43b0c8751b7481a7a2.jpg,bleached,0,0,1473,0.0,0.0,,0.0
GPAB3208_jpg.rf.88ac674c1a1d170840701939258f0f75.jpg,bleached,0,0,1591,0.0,0.0,,0.0
GPAB3209_jpg.rf.f6dac21895ad4908531149409119db3c.jpg,bleached,0,0,0,1.0,1.0,,
GPAB3210_jpg.rf.d299f498373d90b3cc0570fb8429706d.jpg,bleached,0,6881,954,0.0,0.0,0.0,0.0
GPAB3211_jpg.rf.2bbee665257083af1512a10f8e4cb798.jpg,bleached,0,0,0,1.0,1.0,,
GPAB3212_jpg.rf.18fffd5daee83a4157cdafc4403a2b74.jpg,bleached,0,0,0,1.0,1.0,,
GPAB3213_jpg.rf.aad7bced0969440a4a59c024517dbe40.jpg,bleached,0,0,1559,0.0,0.0,,0.0
GPAB3214_jpg.rf.a9331ffc6e7ef157654776be1e3f6aa5.jpg,bleached,0,0,0,1.0,1.0,,
GPAB3215_jpg.rf.006beb5ee5b8d23dc7a38e00e61556ec.jpg,bleached,0,0,9264,0.0,0.0,,0.0
GPAB3216_jpg.rf.6eae2e3fa8c98eff50cf0d32d1c876b1.jpg,bleached,0,0,0,1.0,1.0,,
GPAB3217_jpg.rf.2f1ef4bd35e7cb3d66255acbcc57cad6.jpg,bleached,0,0,0,1.0,1.0,,
GPAB3218_jpg.rf.d9d14010d4157d4108be2e17946d432c.jpg,bleached,24291,5665,344,0.8016831683168317,0.8899269110292906,0.8108893043129924,0.9860361274609296
GPAB3219_jpg.rf.ff338c196dc32a1235219d6a9764c2bc.jpg,bleached,27395,359,31499,0.46233945960542083,0.632328501523405,0.9870649275780068,0.46515774102625057
GPAB3220_jpg.rf.c40e169919da8e837e5cb08ee3bd4133.jpg,bleached,25438,27753,1704,0.46339375170780583,0.6333138311777228,0.47823879979695816,0.9372190700758971
GPAB3221_jpg.rf.8d374c772359fb68a5172ca00d2a6e6e.jpg,bleached,4395,27382,40759,0.060590603286643875,0.11425823140216558,0.1383075809547786,0.09733356956194357
GPAB3222_jpg.rf.ef789681cc6f68d058b4fab3aa2fddd8.jpg,bleached,0,1324,0,0.0,0.0,0.0,
GPAB3223_jpg.rf.665c44ab9c7d66a0223d88910b91bfc1.jpg,bleached,0,154047,2648,0.0,0.0,0.0,0.0
GPAB3224_jpg.rf.3496e1b9cc1114642afead4714dc1e93.jpg,bleached,0,19338,87834,0.0,0.0,0.0,0.0
GPAB3225_jpg.rf.83718ce0f906ef09e77f85fef62d54c7.jpg,bleached,0,0,0,1.0,1.0,,
GPAB3226_jpg.rf.c75bfba17fbb447344c44f31fb1f214a.jpg,bleached,0,1551,0,0.0,0.0,0.0,
GPAB3227_jpg.rf.2b959500f6e4dec0055fc1e6488e6c59.jpg,bleached,23648,17739,15788,0.4136073458679493,0.5851799611496727,0.5713871505545219,0.599655137437874
GPAB3228_jpg.rf.92aef0621bb3c3054cd3952cab4294ff.jpg,bleached,5534,137,22225,0.19837969601376543,0.33107986838169307,0.9758420031740433,0.19935876652617168
GPAB3256_jpg.rf.7d206d4c2dfb923b428f093deabfd85f.jpg,bleached,0,0,0,1.0,1.0,,
GPAB3257_jpg.rf.3ee28745ceb92561a0b0b7379c7e81aa.jpg,bleached,0,0,0,1.0,1.0,,
GPAB3258_jpg.rf.c7ef61abe1c7481746e6bde8d974d808.jpg,bleached,0,0,0,1.0,1.0,,
GPAB3259_jpg.rf.839025428ad843c1b67707a3f6164648.jpg,bleached,0,0,0,1.0,1.0,,
GPAB3260_jpg.rf.2a852c74755eedf1b0bbf6519188576e.jpg,bleached,0,0,0,1.0,1.0,,
GPAB3261_jpg.rf.8999c48d44cc28e7c338a83f1c9f0ff3.jpg,bleached,0,0,0,1.0,1.0,,
GPAB3262_jpg.rf.77bd56029fdd05e1a937a6123d894b5b.jpg,bleached,0,0,0,1.0,1.0,,
GPAB3263_jpg.rf.d701924d1f6c7c918723e49532d90267.jpg,bleached,0,0,0,1.0,1.0,,
GPAB3264_jpg.rf.7edd339bc280e2edab14e6c55b7b5448.jpg,bleached,0,0,0,1.0,1.0,,
GPAB3265_jpg.rf.8995466d2b3f0f2c217c0f02097fd53f.jpg,bleached,0,0,0,1.0,1.0,,
GPAB3266_jpg.rf.8a9ceca39439e1caada154d49866ef8d.jpg,bleached,0,0,0,1.0,1.0,,
GPAB3267_jpg.rf.e3a20dea0057ae4369291cfe9aaf4c33.jpg,bleached,0,0,0,1.0,1.0,,
GPAB3268_jpg.rf.29fefe45e6a87e115961b6cbdb159bec.jpg,bleached,0,1016,0,0.0,0.0,0.0,
GPAB3269_jpg.rf.c2d884cd6974e828bacc14f4aaf2636f.jpg,bleached,0,0,0,1.0,1.0,,
GPAB3270_jpg.rf.e0b91e356fe900e9f8f67900f88a75b3.jpg,bleached,0,0,1302,0.0,0.0,,0.0
GPAB3271_jpg.rf.21bf1e78667a608bb741f6939825a79c.jpg,bleached,0,0,95790,0.0,0.0,,0.0
GPAB3272_jpg.rf.2b8771d36365460b06cf19eab013370a.jpg,bleached,9316,278,163,0.9548016808445219,0.9768783096523882,0.9710235563894101,0.9828040932587826
GPAB3273_jpg.rf.7792a8041112c3f484a16677ed8557f4.jpg,bleached,0,0,0,1.0,1.0,,
GPAB3274_jpg.rf.6f8cbaf27e8d238f2d942b271ee4af69.jpg,bleached,0,0,0,1.0,1.0,,
GPAB3275_jpg.rf.1d25169dab7666cefd953b8af141cd76.jpg,bleached,0,0,0,1.0,1.0,,
GPAB3276_jpg.rf.a8a21ae6b31115095960af1c82759954.jpg,bleached,0,0,0,1.0,1.0,,
GPAB3277_jpg.rf.723ca0b955fa1ca90899447e24f64111.jpg,bleached,0,0,0,1.0,1.0,,
GPAB3278_jpg.rf.67e2d52633a3ffb9fbefaa6b690632d9.jpg,bleached,0,0,0,1.0,1.0,,
GPAB3279_jpg.rf.e80fecf07458b621fb3eb07d30d469f8.jpg,bleached,0,0,0,1.0,1.0,,
GPAB3280_jpg.rf.9dcf0019e869d86acfed8f793c0121c8.jpg,bleached,0,8173,0,0.0,0.0,0.0,
GPAB3281_jpg.rf.55f02dc1fe6c46a6329e2a014ae50f24.jpg,bleached,111006,25442,7323,0.7721028580172635,0.8713973396342684,0.8135406894934334,0.9381132266815404
GPAB3288_jpg.rf.7a58e4d38c7055a146449a1c5f7d18bb.jpg,bleached,0,0,0,1.0,1.0,,
GPAB3405_jpg.rf.0a744a0303d7a1212bd37f5aef217427.jpg,bleached,0,0,0,1.0,1.0,,
GPAB3412_jpg.rf.aabe456f2f3adad085609422103a52ae.jpg,bleached,0,0,8272,0.0,0.0,,0.0
GPAB3413_jpg.rf.d71936d8b4efe613f0112d09b364d35d.jpg,bleached,0,0,0,1.0,1.0,,
GPAB3414_jpg.rf.79f5f83a7d2e3362e7ffb0a7840a4535.jpg,bleached,0,0,0,1.0,1.0,,
GPAB3415_jpg.rf.90f875249c32b02ae81d4b3bce2a27ef.jpg,bleached,0,0,0,1.0,1.0,,
GPAB3481_jpg.rf.e4fc253b7043c340198c9e586f1f566a.jpg,bleached,0,0,0,1.0,1.0,,
GPAB3580_jpg.rf.ffad78ff6b840b81c294748dc1370522.jpg,bleached,197594,270933,466,0.4213154567338958,0.5928528459150868,0.4217344998260506,0.9976471776229425
GPAB3586_jpg.rf.c59c039c860f1f9b98ea9f314e7dca24.jpg,bleached,196182,3150,18186,0.9019115659393705,0.9484263959390863,0.984197218710493,0.9151645768025078
GPAB3587_jpg.rf.25c7a80ed8216118dd3cb579f5aa563d.jpg,bleached,340519,18837,148137,0.6709826539479362,0.8030994844412579,0.9475812286423491,0.6968480894535215
GPAB3590_jpg.rf.a50fd703628d75dc3f8bdc270e10fd2a.jpg,bleached,122749,48964,6244,0.6897677528841237,0.8164053926426477,0.7148497784093225,0.9515942725574256
GPAB3591_jpg.rf.9e62f22fe7bdeccd173ff1e1d01228c6.jpg,bleached,112334,3648,91647,0.5410323220744694,0.7021686882545795,0.9685468434757117,0.5507081541908315
GPAB3596_jpg.rf.622852fcf571639a210332332c8070c8.jpg,bleached,396595,21400,76070,0.8027182658152268,0.8905643006309928,0.9488032153494659,0.8390614917542022
GPAB3605_jpg.rf.5ac2aa8438d68ded3aa8d984a7d541ea.jpg,bleached,153317,66931,47780,0.5720185950721567,0.7277504183032907,0.6961107478842032,0.7624032183473647
GPAB3605_jpg.rf.f4da4dd3d31a95d97b751dc27409bdec.jpg,bleached,200521,7624,66357,0.7304901239335233,0.8442580675040998,0.9633716880059574,0.7513582985484004
GPAB3663_jpg.rf.e62d33ea7902a680b354db04cec4a201.jpg,bleached,281877,52194,231780,0.4981470387080698,0.6650175527999547,0.8437637508194366,0.5487650319181866
GPAB3671_jpg.rf.ada0ddbaf3cc43539c7fefb5a1af2779.jpg,bleached,71427,192363,36078,0.23819480571451437,0.3847452833999919,0.270772205163198,0.66440630668341
GPAB3676_jpg.rf.cf29c1b5e8ed14be8d55b94129a9427f.jpg,bleached,133371,150532,39491,0.412410248798679,0.5839808216478933,0.4697766490667587,0.7715460887875878
GPAB3709_jpg.rf.a45e2057dad709053cf0cfe214794ee1.jpg,bleached,44542,183166,20973,0.17911300018899715,0.3038097284319443,0.19561016740738138,0.6798748378233992
GPAB3732_jpg.rf.17cb4bb5e9fdf6d4fc4f7156adfc86f8.jpg,bleached,0,0,14768,0.0,0.0,,0.0
GPAB4073_jpg.rf.6886e5e5c27978f16dcfe556ec6fc71c.jpg,bleached,18535,26536,19963,0.2850047667373989,0.4435855400926181,0.4112400434869428,0.48145358200426
GPAB4076_jpg.rf.c94e7dec6537b171e7a7ec59e4ff64dd.jpg,bleached,23859,1447,54020,0.3007714998865441,0.46245093763628436,0.9428198846123449,0.30635986594589043
GPAB4077_jpg.rf.c9ad90251943ebe0b020904f23bbbbbd.jpg,bleached,53651,7525,25067,0.6220910682606124,0.767023603585572,0.8769942461095854,0.6815594908407225
GPAB4087_jpg.rf.0b3c644eb44aee30141ba3ed42989ad1.jpg,bleached,29545,54947,55431,0.21115184780200538,0.348679396700262,0.3496780760308668,0.34768640557333835
GPAB4093_jpg.rf.24dd5cf3a470f49ab60fa436ea11fdfa.jpg,bleached,221395,55486,47087,0.6833853960885026,0.8119179335598491,0.7996034397448724,0.8246176652438525
GPAB4096_jpg.rf.39c6815800f20b8678d0f61c3e1d2ad6.jpg,bleached,95035,5076,39522,0.6806055875043865,0.8099527843591797,0.949296281127948,0.7062806097044375
GPAB4102_jpg.rf.f6eb7ddcb156cec380829d721e732203.jpg,bleached,39699,2836,33454,0.5224308781534169,0.6863114584053661,0.9333254966498178,0.5426845105463891
GPAB4356_jpg.rf.a4c2fab051c83d8f922555d153eea266.jpg,bleached,31358,6151,47879,0.3672412985431208,0.5372004180014733,0.8360126902876643,0.3957494604793215
GPAB4410_jpg.rf.9548ace7ba62af809617e4b4a701449f.jpg,bleached,0,2649,369550,0.0,0.0,0.0,0.0
GPAB4414_jpg.rf.41fc0520b81a5365ed2cebcb322ec768.jpg,bleached,309567,39385,133308,0.6419089287935968,0.7819056435307207,0.8871334739448405,0.6989940728196443
GPAB4427_jpg.rf.d641d79fb8b16c710f5704f22c6c1f40.jpg,bleached,1686,246,5296,0.23325954620918649,0.37828135517164013,0.8726708074534162,0.24147808650816385
GPAB4429_jpg.rf.9c5778f2144405c14429452fd5c16a8c.jpg,bleached,90780,1599,45785,0.6570452505717843,0.79303235725767,0.9826908713019192,0.6647384029582982
GPAB4438_jpg.rf.7c5e910cd083c00029efa53e83f0c2a1.jpg,bleached,0,0,2740,0.0,0.0,,0.0
GPAB4446_jpg.rf.d76aab185399ee99678d32ea3165905d.jpg,bleached,147446,3166,3629,0.9559455657056165,0.9774766562695774,0.9789790986110004,0.9759788184676486
GPAB4447_jpg.rf.aeeafd0ada2ec9d0aaebd6965fb0895c.jpg,bleached,112837,23595,113004,0.4523685434339871,0.6229390542491436,0.8270567022399437,0.4996302708542736
GPAB4448_jpg.rf.ee36154d05bad5ec4095003019f0d7da.jpg,bleached,273349,199856,6327,0.570032865377076,0.7261413158254757,0.577654504918587,0.9773773938414451
GPAB4451_jpg.rf.411bce69ce7f9a897fa647a01fb3860d.jpg,bleached,87860,1677,214530,0.2889494749512443,0.4483487996489142,0.9812703128315668,0.29055193624127784
GPAB4454_jpg.rf.5c968bee42f968821b240683bc03bef8.jpg,bleached,3490,417,30270,0.10211545776399333,0.18530809461863168,0.8932684924494497,0.10337677725118484
GPAB4456_jpg.rf.4095bf134e113d9e917e6244502d5524.jpg,bleached,16832,2486,27190,0.36191622946589835,0.5314808967477108,0.8713117299927529,0.38235427740675115
GPAB4457_jpg.rf.1312e0f6c664f6ad040e3d483a8fbc3f.jpg,bleached,7274,279,20505,0.2592486991232447,0.41175138684478657,0.9630610353501919,0.2618524784909464
GPAB4462_jpg.rf.01068273795b1b0956583030599c0dee.jpg,bleached,0,12390,9328,0.0,0.0,0.0,0.0
GPAB4479_jpg.rf.e9535a9e7200ff32640d39823eb08211.jpg,bleached,0,2265,0,0.0,0.0,0.0,
GPAB4488_jpg.rf.94af4e778abfecc91782b790f52d8f89.jpg,bleached,174481,15342,16214,0.8468430427544568,0.9170709401394941,0.9191773388893865,0.9149741734182858
GPAB4491_jpg.rf.12a0aec71fbb0323e170546f88ad9e24.jpg,bleached,0,1863,0,0.0,0.0,0.0,
GPAB4494_jpg.rf.c523c5a95299bacfd030f227431c02c8.jpg,bleached,5338,64,48943,0.09822430766399853,0.17887840758675,0.9881525360977416,0.09834011901033511
GPAB4498_jpg.rf.b6877a7fc44b00cec0c46af5dbae2b1a.jpg,bleached,0,0,40702,0.0,0.0,,0.0
GPAB4505_jpg.rf.13a1db335485f434ce177e813406f6e1.jpg,bleached,123259,12814,15367,0.8139131008980455,0.897411348421363,0.9058299589191096,0.8891477789159321
GPAB4507_jpg.rf.8e55a9561d7c6ba559c55fd404f96b5c.jpg,bleached,6346,15,132831,0.04559170067245244,0.08720746471711856,0.9976418802075145,0.04559661438312365
GPAB4525_jpg.rf.6ac0c98a728c8be78057fee83f71b76c.jpg,bleached,155194,25481,23435,0.7603449120572241,0.8638590163204417,0.8589677597896775,0.8688062968498956
GPAB4526_jpg.rf.acbd0ab7d910680595cd55a037d26f3e.jpg,bleached,0,0,42591,0.0,0.0,,0.0
GPAB4528_jpg.rf.5de0daa0ed0222a80389722c2d9b9b6d.jpg,bleached,15786,18813,464,0.450218178706899,0.6208971661192944,0.45625596115494665,0.9714461538461538
GPAB4529_jpg.rf.d3f81e072c8902d00583b47350aa6ec8.jpg,bleached,0,11651,3453,0.0,0.0,0.0,0.0
GPAB4531_jpg.rf.822f10de5d5f23d8920ae0c54a335239.jpg,bleached,0,0,0,1.0,1.0,,
GPAB4534_jpg.rf.c9971bd4981c506c5892842e85189683.jpg,bleached,188236,10431,26146,0.8373003340554149,0.9114463417173265,0.9474950545384991,0.8780401339664711
GPAB4535_jpg.rf.d00094f083e5ab28a3b18bd3a5f5e579.jpg,bleached,0,60259,47015,0.0,0.0,0.0,0.0
GPAB4536_jpg.rf.626fb5f38e0392a40c4fd81e1b51fa7a.jpg,bleached,90218,47633,334831,0.1908640481338405,0.3205471664594066,0.6544602505603877,0.2122531755162346
GPAB4541_jpg.rf.e77dc1d8b513409bfb6fe75f8bc01f13.jpg,bleached,15770,4400,78379,0.16002191803062435,0.2758946456844444,0.7818542389687655,0.16750045141212333
GPAB4546_jpg.rf.8b2ed08293556ec68404056ddae731eb.jpg,bleached,9942,172,3503,0.7301167658074466,0.8440086591111677,0.98299386988333,0.7394570472294534
GPAB4553_jpg.rf.943f4941aea2cefec255237b0d6361d3.jpg,bleached,38358,11147,31673,0.47251718445884355,0.641781555347343,0.7748308251691748,0.5477288629321301
GPAB4554_jpg.rf.6b291c5aaa77f010267e5d2c4688d0c7.jpg,bleached,85263,61660,18550,0.5152683519365697,0.6801017803586242,0.5803243876043914,0.82131332299423
GPAB4555_jpg.rf.e9611418c52e38b5feea68c1d6d92b5d.jpg,bleached,124858,1020,962,0.9843740145064649,0.9921254837146104,0.9918969160615835,0.9923541567318391
GPAB4561_jpg.rf.36a5e769967fb55febee4557b2741043.jpg,bleached,36640,26854,25820,0.4102380365900083,0.58179970465408,0.5770623995968123,0.5866154338776817
GPAB4579_jpg.rf.a48ec6435f51ef0c7d07347a796e51af.jpg,bleached,0,0,0,1.0,1.0,,
GPAB4580_jpg.rf.0496ca1e8738a9c36fad566623244f47.jpg,bleached,224926,17753,24699,0.841228522915124,0.913768728265462,0.9268457509714478,0.9010555833750626
GPAB4582_jpg.rf.00e1bc8aa55f6785af673809468f4781.jpg,bleached,40251,31466,33420,0.38284333774028173,0.5537045698407022,0.5612476818606467,0.5463615262450625
GPAB4583_jpg.rf.d0f6ee6e27b8aac8b47085b723d6e97c.jpg,bleached,67437,1345,12493,0.8297385419870809,0.9069476572166335,0.9804454653833852,0.8437007381458776
GPAB4584_jpg.rf.5e0c84dd7c16e04e3c9c949fcb14098e.jpg,bleached,428834,9515,17053,0.9416603352642281,0.9699537227617966,0.9782935514852321,0.9617548840849812
GPAB4585_jpg.rf.db7c05489c86feb0202db4c7dd4a8d2f.jpg,bleached,23809,202031,11888,0.10015227486875757,0.1820698409785231,0.10542419411973078,0.6669748158108525
GPAB4591_jpg.rf.5ac7ba27479417886e5a0d0c916ff54a.jpg,bleached,0,0,83472,0.0,0.0,,0.0
GPAB4592_jpg.rf.974ab00ec7fa04dcc551ce9db859dc81.jpg,bleached,0,0,298848,0.0,0.0,,0.0
GPAB4600_jpg.rf.7e83c163f416736020b735d0bfeee1b3.jpg,bleached,0,0,3313,0.0,0.0,,0.0
GPAB4602_jpg.rf.7bef0784627890ce0bfb4278c99e4f5f.jpg,bleached,12160,1477,191,0.8793751807925947,0.93581653070648,0.8916917210530175,0.9845356651283297
GPAB4619_jpg.rf.e6b9dac7f6f65d310b5114459475f4be.jpg,bleached,17884,702,4183,0.7854539066274321,0.8798366664206824,0.9622296352092973,0.8104409298953188
GPAB4624_jpg.rf.171cc1916947444aa4cda7c4944883bc.jpg,bleached,8984,197,559609,0.0157949331036059,0.031098664875885727,0.9785426424136804,0.015800405562502527
GPAB4627_jpg.rf.2fb7bd47296ae69f79ff5f44a291d51e.jpg,bleached,0,1076,7269,0.0,0.0,0.0,0.0
GPAB4628_jpg.rf.8640cf52804df4fb7657188b9a2a88b1.jpg,bleached,72449,1720,147781,0.32642036494706017,0.49218237833688294,0.9768097183459397,0.3289697134813604
GPAB4630_jpg.rf.fca28b4034a377b0c3e818f7d4f5dc9a.jpg,bleached,10775,12358,32281,0.19444544699895333,0.3255828007674991,0.4657848095793887,0.2502554812337421
GPAB4631_jpg.rf.dd22940b64b82a91d566f7fa67cb397c.jpg,bleached,0,2401,83300,0.0,0.0,0.0,0.0
GPAB4642_jpg.rf.1bba5d5da6ee6019ae8e15d12fe59034.jpg,bleached,199478,10313,8305,0.9146339226762527,0.9554138907115864,0.9508415518301547,0.9600304163478244
GPAB4645_jpg.rf.762770d4b7be019fe6b898a15242bf8d.jpg,bleached,188603,19240,7901,0.8741981237021655,0.9328769596411003,0.9074301275481974,0.9597921670805684
GPAB4651_jpg.rf.7dd43fb9145f7d8fe7e26714948f9c92.jpg,bleached,47079,545,44919,0.508725673470711,0.67437796335821,0.9885561901562238,0.5117393856388183
GPAB4652_jpg.rf.c570831734f216ba9352a3381cbcaa47.jpg,bleached,0,153821,0,0.0,0.0,0.0,
GPAB4656_jpg.rf.b71458af3c7814bcf5bbb13b2e7898b2.jpg,bleached,15002,92995,27369,0.11082546577427123,0.1995371355607576,0.13891126605368667,0.3540629203936655
GPAB4658_jpg.rf.ded39fa01a4d8cd6a33f7b760137487d.jpg,bleached,27195,5653,9261,0.6458239331259351,0.7848031859632921,0.8279042864101315,0.7459677419354839
GPAB4668_jpg.rf.9b64fc78be54147de88dae3e766fc32a.jpg,bleached,4235,737,93282,0.043102570887699226,0.08264301534798857,0.8517699115044248,0.04342832531763693
GPAB4697_jpg.rf.292fd9e107fea3d55c9bfd096212d60c.jpg,bleached,18749,544,21207,0.4629382716049383,0.6328883187901906,0.9718032447001503,0.46924116528181
GPAB4698_jpg.rf.25243bc4c2c864ddaa33e789c26e180e.jpg,bleached,406991,72721,100536,0.701408708000717,0.824503489023428,0.8484069608431726,0.8019100461650316
GPAB4699_jpg.rf.0d6e76c517269db09ec4782f5dacd29b.jpg,bleached,129040,36223,18596,0.7018421725343877,0.8248028916679184,0.7808160326267828,0.8740415616787234
GPAB4700_jpg.rf.d8e12fbb64685ee6cd74a619a0073d75.jpg,bleached,0,0,5843,0.0,0.0,,0.0
GPAB4701_jpg.rf.a45eb667fac3084a3428071bc71fd11e.jpg,bleached,19799,940,46810,0.2931057454588521,0.4533360809635023,0.9546747673465451,0.2972421144289811
GPAB4702_jpg.rf.3378d632b7a7c15b5ace4e81185da950.jpg,bleached,95180,51779,39486,0.5104990747941752,0.6759343098091434,0.64766363407481,0.7067856771568176
GPAB4703_jpg.rf.56c9b72e12b4eb872342433fc2f49833.jpg,bleached,48575,23001,87875,0.30463904271531694,0.4670089315758607,0.6786492679110316,0.3559912055698058
GPAB4704_jpg.rf.11f2a8e934d7dd311afb0f66af02c859.jpg,bleached,203009,8592,7452,0.9267574513930419,0.9619866275570887,0.9593952769599388,0.9645920146725522
GPAB4705_jpg.rf.b5c44f0c2c4fd0f3946874519ffa0715.jpg,bleached,48443,247675,1549,0.1627422589672352,0.2799283464794429,0.16359356742920053,0.969015042406785
GPAB4706_jpg.rf.db3d09671ba54781fdfb79212c4a7024.jpg,bleached,19573,1763,1591,0.8537096000348934,0.9210823529411765,0.9173697037870266,0.9248251748251748
GPAB4707_jpg.rf.4f386fdf457538f6c9b6d6e80216f6bf.jpg,bleached,4664,65299,13400,0.055948082482636184,0.10596748724823066,0.06666380801280677,0.258193091231178
GPAB4708_jpg.rf.f81a35c268be55c24fc983549b70edb4.jpg,bleached,590733,13782,48745,0.9042846646052108,0.9497368554324662,0.9772015582739882,0.9237737654774676
GPAB4709_jpg.rf.55c440d6a547649c3349d6a494e9b1d9.jpg,bleached,0,0,57111,0.0,0.0,,0.0
GPAB4710_jpg.rf.890e10b24cc2fb0897115284e8c07d37.jpg,bleached,45590,1062,338,0.9702064268993403,0.9848779434003024,0.9772357026494041,0.9926406549381641
GPAB4711_jpg.rf.b6e1309af2162be1be770f3a1a6067f3.jpg,bleached,701815,21926,69664,0.8845608484947788,0.9387448000963069,0.9697046319056126,0.9097007177123422
GPAB4712_jpg.rf.d172da199d968dc3df9ea841e06c5823.jpg,bleached,87840,9598,40275,0.6378482786665021,0.7788856721036741,0.901496336131694,0.6856340007024938
GPAB4713_jpg.rf.81b91a34b07ea0531234410f109193ef.jpg,bleached,1186,7799,24443,0.03547923896134977,0.06852718553186572,0.13199777406789093,0.04627570330484997
GPAB4716_jpg.rf.fdcbb2188944973f7e718fc2ef62b363.jpg,bleached,2680,991,8989,0.21169036334913113,0.3494132985658409,0.7300463089076545,0.22966835204387695
GPAB4717_jpg.rf.127dd27685f604288918bf70319f14a7.jpg,bleached,3477,185,21064,0.14062120844455228,0.24656951388150197,0.9494811578372474,0.14168126808198525
GPAB4726_jpg.rf.ec6edd51400a4877a682ec239940f715.jpg,bleached,1769,2518,3262,0.2343356735991522,0.37969521356514274,0.4126428738045253,0.3516199562711191
GPAB4735_jpg.rf.7389747fa8cc09c069ff4b2f3556899a.jpg,bleached,0,6215,267,0.0,0.0,0.0,0.0
GPAB4737_jpg.rf.e31e343fd9087743fd45c0fb8c7956fd.jpg,bleached,4442,20060,1003,0.17416192903352284,0.2966574281230173,0.1812913231572933,0.8157943067033976
GPAB4739_jpg.rf.6729ce5fbf63cfc65c3544bc6d0e4e4a.jpg,bleached,7533,7253,57568,0.10411311053984576,0.18859138533178113,0.5094684160692547,0.11571250825640159
GPAB4740_jpg.rf.391db90ac7705a61bc4d0c6e12c34bbc.jpg,bleached,27863,1254,45315,0.3743416809974205,0.5447578082995259,0.9569323762750284,0.3807565115198557
GPAB4742_jpg.rf.3add0941dddb3e0ab5f1644d703bdc8a.jpg,bleached,4199,358,84,0.9047619047619048,0.95,0.9214395435593592,0.9803875787999066
GPAB4743_jpg.rf.37867df2f8150edd78237e955061905e.jpg,bleached,24935,6185,26268,0.43449850142887014,0.6057845316618685,0.8012532133676092,0.48698318457902856
GPAB4744_jpg.rf.3dbb7c6843fe2207f57c096097fc8c0e.jpg,bleached,44527,9927,65373,0.3715940480859906,0.5418426080290105,0.8176993425643663,0.4051592356687898
GPAB4746_jpg.rf.2180e682eaa484a3fc02b94c156f25b8.jpg,bleached,75793,7125,43800,0.5981233920989915,0.7485321784989457,0.914071733519863,0.6337578286354553
GPAB4747_jpg.rf.1f22312dc4183f0bcb9100eab300fb07.jpg,bleached,7787,138,46358,0.14345190943757713,0.2509102626067343,0.9825867507886435,0.14381752701080433
GPAB4749_jpg.rf.e8a97dea10ca41981c87fdee4739cba3.jpg,bleached,27316,1071,48236,0.3564987014342952,0.5256159862996566,0.962271462289076,0.36155230834392205
GPAB4753_jpg.rf.e2d94acde6ee937917909a1591d0d659.jpg,bleached,4599,1959,125233,0.03489616134637418,0.06743896180071852,0.7012808783165599,0.03542270010475076
GPAB4754_jpg.rf.537af39d94461458299a14cfc3bba350.jpg,bleached,11521,58766,21398,0.1256585046627038,0.22326221343720326,0.16391366824590606,0.34998025456423343
GPAB4755_jpg.rf.4adad876a08bd71ca5759c87a32c3b43.jpg,bleached,71378,1734,6821,0.8929728647742484,0.9434608191076657,0.9762829631250683,0.9127738206370926
GPAB4756_jpg.rf.eabc4ca97f0f629b22f925f8a786d528.jpg,bleached,33903,1147,23813,0.5759645278018449,0.7309359032404114,0.9672753209700428,0.5874107699771294
GPAB4758_jpg.rf.dc9f9d53832bbaffadad72867f306fbe.jpg,bleached,26057,10299,36529,0.35750840364958497,0.526712619514463,0.7167180107822643,0.4163391173744927
GPAB4761_jpg.rf.abcedb2548500e30fd19e3a419c01bc6.jpg,bleached,9091,38,4863,0.6497284162378502,0.7876792444656241,0.9958374411217,0.6514977784147915
GPAB4767_jpg.rf.7f3e0c78cd1015f30bb0eb3479b01bf2.jpg,bleached,19069,2618,40761,0.30535805790417625,0.4678533312069875,0.8792825194817172,0.31871970583319403
GPAB4771_jpg.rf.6badf0b6546595b33a14eb844b771aa4.jpg,bleached,36134,1961,15875,0.6695201037613489,0.8020509633312617,0.9485234282714267,0.6947643677055895
GPAB4776_jpg.rf.211c5a333604278aded2096234325892.jpg,bleached,26979,854,23126,0.5294256166722267,0.6923195360414689,0.969316997808357,0.5384492565612214
GPAB4777_jpg.rf.6f578feb4e1dbdd7b5b447d584fb8f86.jpg,bleached,60771,1403,245979,0.19721047661388985,0.3294499680150925,0.9774342972946891,0.19811246943765282
GPAB4778_jpg.rf.bfed75b62b8d65486555d766d64a397f.jpg,bleached,59324,402526,4865,0.12710969221044963,0.22554981664857549,0.1284486305077406,0.9242081976662668
GPAB4779_jpg.rf.18bd369271c26a99d825e5e4fecce011.jpg,bleached,0,43611,11046,0.0,0.0,0.0,0.0
GPAB4780_jpg.rf.8a201d1beedd40edffaaf46e84e7a05b.jpg,bleached,0,1056,8567,0.0,0.0,0.0,0.0
GPAB4781_jpg.rf.b25d5c2493b85a3a5baf2eb1d7facd5d.jpg,bleached,0,0,0,1.0,1.0,,
GPAB4782_jpg.rf.4a1cdf2976fdae35a057fbebf48d41ec.jpg,bleached,96517,18425,21742,0.7061323929647947,0.8277580284818675,0.8397017626281081,0.8161492994190717
GPAB4787_jpg.rf.3b5cb17b0e6e2db09e9f7e90b335be9a.jpg,bleached,0,0,9840,0.0,0.0,,0.0
GPAB4789_jpg.rf.5c044e3717b48118b45c9ad51a6650a2.jpg,bleached,39905,969,21656,0.6381736766352151,0.7791282276565626,0.9762929979938347,0.648218839849905
GPAB4790_jpg.rf.feb20779db5e09d98fc2914cc0ca14fa.jpg,bleached,0,4174,3132,0.0,0.0,0.0,0.0
GPAB4791_jpg.rf.fe0bb824fa68257505c69f67ea1c5da5.jpg,bleached,3177,131,2053,0.5926133184107443,0.7442023893183415,0.9603990326481258,0.6074569789674952
GPAB4793_jpg.rf.c69e00462f231a9a204e3bc0538813db.jpg,bleached,25227,296,20261,0.5510003494670628,0.7105096393516498,0.9884026172471888,0.554585824832923
GPAB4794_jpg.rf.373be7edf4a54e3ac24fa4d08b0464b7.jpg,bleached,0,0,0,1.0,1.0,,
GPAB4795_jpg.rf.c70fcc188f6d8ec7e06f3b2c8984d0f7.jpg,bleached,0,0,9578,0.0,0.0,,0.0
GPAB4796_jpg.rf.0f42056b81b3aec69c254fcdf2e7fc31.jpg,bleached,0,0,4178,0.0,0.0,,0.0
GPAB4797_jpg.rf.e4b9f8bdcb32587cb5017cdd72df915d.jpg,bleached,181260,1893,673,0.9860411476069761,0.9929715190393497,0.9896643789618516,0.9963008360220521
GPAB4801_jpg.rf.9739c11121861706595f5b3390fbd58c.jpg,bleached,38246,762,31324,0.543792299380083,0.7044889388273867,0.9804655455291222,0.5497484547937329
GPAB4803_jpg.rf.dc872b5dd3a719c76a02e05e55e48979.jpg,bleached,104136,53367,47266,0.5085535408191669,0.6742267040028488,0.6611683586979296,0.6878112574470615
GPAB4838_jpg.rf.577d2dba6fa6db597e730cd8e9cc4d40.jpg,bleached,0,0,100270,0.0,0.0,,0.0
GPAB4862_jpg.rf.11a13aa47c9a9c8fb61cd72b53131a3d.jpg,bleached,17984,7896,577,0.6797444910609669,0.8093427240611147,0.6948995363214838,0.9689133128602985
GPAB4875_jpg.rf.420ee51b2763bb6abc8d4e698fed5e40.jpg,bleached,89926,2071,17728,0.8195579858737754,0.9008319517558139,0.9774883963607509,0.8353242796366136
GPAB4881_jpg.rf.8b2a14c2b37d92d63755a939f2eb6281.jpg,bleached,0,0,0,1.0,1.0,,
GPAB4888_jpg.rf.7f6403933175008ae00c4b79b70dbb31.jpg,bleached,0,0,0,1.0,1.0,,
GPAB4890_jpg.rf.de3c1c5f1753fbe3dbfcdaa09e3628b2.jpg,bleached,111812,5000,97796,0.5210057406993216,0.685080571043441,0.9571961784748142,0.5334338384031144
GPAB4891_jpg.rf.b904748dfaec0495e1cf5166ada62dc2.jpg,bleached,10243,273,197,0.9561280687015775,0.9775720557358274,0.9740395587675923,0.9811302681992338
GPAB4901_jpg.rf.47fdedb2f1b1ad1872ea1d068c561138.jpg,bleached,9819,352,211,0.9457715276439992,0.9721300925696748,0.9653918002163012,0.978963110667996
GPAB5033_jpg.rf.a42128c7f23b888e301bb1cfac56c0ea.jpg,bleached,76160,12857,24418,0.6713977167540882,0.8033967140483662,0.8555669141849309,0.7572232496172125
GPAB5096_jpg.rf.e6b7fbc62c0b41cc3946e299a644d3f2.jpg,bleached,315555,48487,50480,0.7612503075831922,0.8644430655944509,0.8668093241988561,0.8620896908765555
GPAB5121_jpg.rf.fcbf5ec6808aa3c85aca6b2855ea846b.jpg,bleached,260898,2623,310792,0.454278416125005,0.6247475188904361,0.9900463340682526,0.4563627140583183
GPAB5140_jpg.rf.79c16d5485a87227cb76d2c41e7b4043.jpg,bleached,35182,206948,14793,0.13693596914250572,0.24088598278016465,0.14530211043654234,0.703991995997999
GPAB5142_jpg.rf.9cbf6dc4ce3a554c05d16f34fb84dbb1.jpg,bleached,10,58438,1911,0.00016567537566891433,0.00033129586377114083,0.00017109225294278675,0.0052056220718375845
GPAB5150_jpg.rf.78a0f068bd61364295bdd1c46e50b387.jpg,bleached,32,13081,99184,0.00028495863647292447,0.0005697549163617587,0.0024403263936551515,0.0003225286244154169
GPAB5152_jpg.rf.dea64a52d7766208624c9075ac8e744b.jpg,bleached,74295,73871,71496,0.33822418078684524,0.5054820943199175,0.501430827585276,0.5095993579850608
GPAB5174_jpg.rf.46ca733d089fc887a9dc084787d33982.jpg,bleached,48992,34682,105506,0.2589702928427952,0.4114001645869372,0.5855104333484714,0.3171044285362917
GPAB5179_jpg.rf.f9eed0cac19d9f9bceeb29baf5d810fb.jpg,bleached,150347,3772,25160,0.8386202511169741,0.9122277975645126,0.9755254056930035,0.8566438945455167
GPAB5226_jpg.rf.f2ca7f8c573d5d5c1b5f8e5eac9c6320.jpg,bleached,13571,1849,41467,0.23856065533425916,0.3852224019983536,0.8800907911802853,0.2465750935717141
GPAB5236_jpg.rf.c1137ff7d5cba4f3f3f0a4a9cce4bce8.jpg,bleached,136089,724,3711,0.9684395548091429,0.98396676945769,0.9947081052239187,0.9734549356223176
GPAB5241_jpg.rf.3652b87908eefc756b80da270e2a609f.jpg,bleached,0,0,0,1.0,1.0,,
GPAB5248_jpg.rf.e6a7d848114e0c62c755ad295d87f35f.jpg,bleached,86210,91124,4091,0.47518258233429794,0.6442356194070282,0.4861447889293649,0.9546959612850356
GPAB5285_jpg.rf.917b9bc4a3094f60d6dd54576e66897b.jpg,bleached,1213,92,120031,0.009997033032241049,0.019796163167386107,0.9295019157088122,0.010004618785259477
GPAB5286_jpg.rf.7e8781dd4975ce7fca1bc1950bfe023e.jpg,bleached,120279,13319,8485,0.8465404024408268,0.9168934525579162,0.9003053937933203,0.9341042527414495
GPAB5287_jpg.rf.f316e103bf2987c11731ee8f25b032d8.jpg,bleached,61962,4594,12121,0.7875490931275977,0.8811496099943827,0.9309754191958651,0.836386215461037
GPAB5297_jpg.rf.0296081ab463a9d1ecf239538718dd87.jpg,bleached,42318,25321,12381,0.5288427893026744,0.6918210204515359,0.6256449681396827,0.77365216914386
GPAB5299_jpg.rf.982209f62d95c666316b67c67161afb2.jpg,bleached,2209,52253,27363,0.026996639168958142,0.05257395815979247,0.040560390731151995,0.07469903963208441
GPAB5302_jpg.rf.3c212643573c9f4bb59e48652eb6d846.jpg,bleached,6617,59,140,0.9708039906103286,0.9851857366187746,0.9911623726782505,0.9792807458931478
GPAB5307_jpg.rf.4d7d182d23541594f3ab8ffa499acae2.jpg,bleached,201341,30941,12420,0.822800794435681,0.9027873994211321,0.8667955330159031,0.9418977269006039
GPAB5308_jpg.rf.115bcdb8bbdc8ee1e2920379b038f344.jpg,bleached,0,241713,0,0.0,0.0,0.0,
GPAB5309_jpg.rf.d19f7d3fbbd76e45123f9b77fbf6c288.jpg,bleached,215708,23056,33595,0.7919987957071365,0.8839278213851787,0.903436028882076,0.8652443011114989
GPAB5311_jpg.rf.411f63a94d59592bc074a6196bacf1d0.jpg,bleached,41538,26841,37383,0.39274975889260794,0.5639918533604888,0.6074672048435923,0.526323792146577
GPAB5332_jpg.rf.39ed198ee533269eccb7c8a2b4905b87.jpg,bleached,38874,6394,367,0.8518461707023118,0.9199966867434238,0.8587523195193072,0.9906475370148569
GPAB5333_jpg.rf.2fb14ea874aaf0bdc6acefaa46ae3b24.jpg,bleached,0,0,5995,0.0,0.0,,0.0
GPAB5334_jpg.rf.e95df04308622776ed1b1ed4b88ef51f.jpg,bleached,44150,178043,9885,0.19023776488939065,0.31966346641180476,0.1987011291984896,0.8170630147126863
GPAB5335_jpg.rf.6bf5e9d0887602d1badfe856c236a338.jpg,bleached,236789,5360,2889,0.966335833625805,0.982879747295191,0.9778648683248744,0.9879463279900533
GPAB5336_jpg.rf.6cbd3774005119fe947d59c92202676a.jpg,bleached,12224,1367,79,0.8942209217264082,0.9441569475554182,0.8994187329850637,0.9935788019182313
GPAB5338_jpg.rf.ccf17be954dbf5bad62d1985c2c414ce.jpg,bleached,93268,47789,48419,0.4922417614895818,0.6597346009110715,0.6612078805022084,0.6582678721407045
GPAB5348_jpg.rf.8ba371da13fb1ea879c422e3e3ba2cce.jpg,bleached,0,47966,0,0.0,0.0,0.0,
GPAB5349_jpg.rf.1ee7632cec92426ad67645eedadd0f50.jpg,bleached,966,67148,10117,0.012348046170955248,0.02439486344179704,0.014182106468567402,0.08716051610574754
GPAB5420_jpg.rf.1a7945f6c17694f7cf560b2e8231a128.jpg,bleached,143292,19174,38353,0.713538061637594,0.8328242921615409,0.8819814607364003,0.7888573866607944
GPAB5443_jpg.rf.32c02690be0eb7a25e3c884163f2a83f.jpg,bleached,169510,57476,2132,0.739837114499952,0.8504671021604102,0.7467861454010379,0.9875787977301593
GPAB5468_jpg.rf.4283e52525152382f8e24a20d09d9eb9.jpg,bleached,164700,7991,5203,0.9258322371749469,0.9614879419954815,0.9537265983751325,0.9693766443205829
GPAB5497_jpg.rf.0ffa6911ae7ba47037807745fe6d0550.jpg,bleached,0,0,0,1.0,1.0,,
GPAB5501_jpg.rf.b589a7631d40c0e686a0a60ee8a45f5f.jpg,bleached,77969,873,1655,0.9685951029230903,0.9840470511024447,0.9889272215316709,0.9792148096051442
GPAB5519_jpg.rf.f4dccd4d27203da8024b20f802d49292.jpg,bleached,24868,1324,28070,0.45829493936825033,0.6285353216226462,0.9494502138057422,0.4697570743133477
GPAB5545_jpg.rf.8c6a419671b63b24065f36515b5b7271.jpg,bleached,19321,9968,7487,0.5253698063954753,0.688842540599319,0.659667451944416,0.7207176962100865
GPAB5552_jpg.rf.0aa5c6e322bdc54366f9d200985db4aa.jpg,bleached,0,2415,0,0.0,0.0,0.0,
GPAB5569_jpg.rf.8e265edd8d3471a629aa34b39cc85f3b.jpg,bleached,0,23962,3081,0.0,0.0,0.0,0.0
GPAB5573_jpg.rf.52eca794ae531745404865e3c713eb5e.jpg,bleached,46059,426,361,0.9832002732357085,0.9915289812173725,0.9908357534688609,0.9922231796639379
GPAB5585_jpg.rf.05d053942efba9dcd4f589dfea18c2e5.jpg,bleached,41598,52062,16,0.4440625133438661,0.6150184070848795,0.4441383728379244,0.9996155140097083
GPAB5646_jpg.rf.89c32cce97796de1fa893918a8ad607b.jpg,bleached,6088,9840,29380,0.1343692063211795,0.23690559576620748,0.38221998995479656,0.17164768241795422
GPAB5669_jpg.rf.c3ae775301186fb9b1b6950c2f4bc406.jpg,bleached,0,0,16163,0.0,0.0,,0.0
GPAB5743_jpg.rf.e977816285ab91f398c9cf38144e91de.jpg,bleached,11555,390,13624,0.4519144276272048,0.6225083503932766,0.9673503557974048,0.4589141745105048
GPAB5767_jpg.rf.5e9dcd3a001722ecbb252bc7810e23dd.jpg,bleached,146475,7334,7296,0.9091896589180969,0.9524351388256713,0.9523174846725484,0.9525528220535732
GPAB5827_jpg.rf.7cc4d07d38d46d7c26b93ba7539d1662.jpg,bleached,195871,3731,27453,0.8626588271564158,0.9262660607293002,0.9813078025270288,0.8770709820708925
GPAB5892_jpg.rf.546c74522ae889052219499406c99537.jpg,bleached,112055,225007,10746,0.32217487809366085,0.487340794975895,0.3324462561783885,0.9124925692787518
GPAB5916_jpg.rf.d72c77ea11466eba34b333085f39bc94.jpg,bleached,109955,30849,101039,0.4546544659138367,0.625103042086652,0.7809082128348627,0.5211285628975232
GPAB5933_jpg.rf.4c244c05d951f1eeef907e6435a977a1.jpg,bleached,235794,105021,56762,0.5930775673643093,0.7445683493560646,0.6918533515250209,0.8059790262377118
GPAB6017_jpg.rf.2a7ce631b79425a164d63b2137dcb999.jpg,bleached,31344,8604,26089,0.4746430031648924,0.643739538513673,0.7846200060078101,0.5457489596573398
GPAB6031_jpg.rf.c8c7491ba0185bc1872720abe9f324f0.jpg,bleached,135478,58921,9088,0.6657820892735162,0.7993627660672931,0.6969068770929892,0.9371359794142468
GPAB6033_jpg.rf.e583d1e7ca6b0479db2a6ff5d7a2ef5e.jpg,bleached,63849,58292,27269,0.42734087410481225,0.5987930169418407,0.5227482990969453,0.700728725389056
GPAB6112_jpg.rf.275e9e45ae9d2003a909da0c5f0de468.jpg,bleached,4722,7,81223,0.05493763961280715,0.1041533405386329,0.9985197716219074,0.05494211414276572
GPAB6151_jpg.rf.c36cadd2306d5b5385f070e07094abae.jpg,bleached,71523,18387,36870,0.564150496923805,0.721350660353096,0.7954954954954955,0.6598488832304669
GPAB6199_jpg.rf.bfde89e764df96e5529e9f0eaca7fc63.jpg,bleached,22016,311,764,0.9534450651769087,0.9761677788369876,0.9860706767590809,0.9664618086040386
GPAB6203_jpg.rf.51578668f786e422636d911cb62b28bf.jpg,bleached,48322,17241,42002,0.44923534606981824,0.6199618954755688,0.7370315574333084,0.5349851645188433
GPAB6208_jpg.rf.c473a27a0a8d6f6587dc146ae5eb3014.jpg,bleached,8281,23,38177,0.17815881758137733,0.3024359957634856,0.9972302504816956,0.17824701881269103
GPAB6213_jpg.rf.a18255c26a2019ef53cab4aad446882f.jpg,bleached,0,0,3208,0.0,0.0,,0.0
GPAB6218_jpg.rf.cbf157f68419fd36fb92aad2909ab5ec.jpg,bleached,1043,830,16238,0.05758931036386726,0.10890675576902997,0.5568606513614522,0.06035530351252821
GPAB6220_jpg.rf.3bc13f3d7e06c9294ec7edc12332c5da.jpg,bleached,0,0,52175,0.0,0.0,,0.0
GPAB6227_jpg.rf.571570ca77f0db566886fcf2519c6b6b.jpg,bleached,2536,2039,3787,0.3032767280554891,0.46540649660488165,0.5543169398907104,0.40107543887395225
GPAB6236_jpg.rf.46b13879c47d4fdd782cf071312ef0fe.jpg,bleached,0,6163,891,0.0,0.0,0.0,0.0
GPAB6245_jpg.rf.47051ee1d535ca875a821dca928db358.jpg,bleached,6580,318,23555,0.2160706662726168,0.3553587341020171,0.953899681066976,0.2183507549361208
GPAB6251_jpg.rf.d7a423a98ef5280e1fa58def52ffcf9b.jpg,bleached,25057,1301,23833,0.49923293020661075,0.6659844779927706,0.9506411715608164,0.5125178973205154
GPAB6286_jpg.rf.b9de6c3dd697e300894bf557002032ac.jpg,bleached,16317,1008,34185,0.31677344205008734,0.4811358308638153,0.9418181818181818,0.3230961150053463
GPAB6318_jpg.rf.d15aea90cad5a842336ad5d3bce3c7bf.jpg,bleached,138832,82011,24306,0.5663168114085719,0.7231191126644287,0.6286456894717062,0.8510095747158847
GPAB6343_jpg.rf.0d5a7465def88e0de6cf8a58d5eb8cfa.jpg,bleached,134375,1222,88864,0.5986563367355576,0.7489493807756189,0.9909880012094663,0.6019333539390519
GPAB6357_jpg.rf.f77decaa064ed06ac4ae7dc5f14b7c03.jpg,bleached,1037,3,867,0.5437860513896172,0.704483695652174,0.9971153846153846,0.5446428571428571
GPAB6362_jpg.rf.409a2850d857b0bd69c899eb31575f58.jpg,bleached,5792,241,4100,0.5715977499259844,0.7274097331240188,0.9600530416045086,0.5855236554791751
GPAB6368_jpg.rf.4ccdaea8dd51721346f6943ef0c1a15f.jpg,bleached,4833,385,4285,0.508576239082395,0.6742466517857143,0.9262169413568417,0.5300504496600131
GPAB6415_jpg.rf.6edab159b05aadee5406742ad5b6bae4.jpg,bleached,168204,30628,32332,0.7276392517866104,0.8423509144448228,0.8459604087873179,0.8387720907966649
GPAB6420_jpg.rf.b77275a4c2d4ceebbfe562a217560760.jpg,bleached,201720,29190,23991,0.7913660597643791,0.883533608835336,0.8735871118617643,0.8937092122227096
GPAB6428_jpg.rf.b16d2b18243733f492c9084c55db4346.jpg,bleached,83184,3441,42699,0.6432216757910365,0.782878762211305,0.9602770562770563,0.6608040799790281
GPAB6469_jpg.rf.804de9a3f3b0bcff6cafd0268423db33.jpg,bleached,4494,15,2142,0.6756878664862427,0.8064602960969044,0.9966733200266135,0.6772151898734177
GPAB6581_jpg.rf.0e33f8c4bc7b403d776dbb15f4bb9251.jpg,bleached,238181,6739,2211,0.9637843896556887,0.9815582553079256,0.9724848930262943,0.9908025225465074
GPAB6582_jpg.rf.a166616a1043774d17060f56687c0471.jpg,bleached,55738,3092,400,0.9410433901738984,0.9696263308050936,0.9474417814040456,0.9928747016281306
GPAB6583_jpg.rf.226622e1572d169e84459d33d4b242e9.jpg,bleached,26722,1460,31269,0.4494794032060016,0.6201942603831827,0.9481938826201122,0.46079564070286766
GPAB6584_jpg.rf.bf60090261c1ac131e8b94b020257a0e.jpg,bleached,185195,60652,1854,0.7476554394209147,0.8556096614429332,0.7532937151968501,0.9900881587177691
GPAB6596_jpg.rf.2ff0ce0a9390ffcde484219f10b26580.jpg,bleached,43554,8778,12747,0.6692481445627622,0.80185578967717,0.8322632423756019,0.773591943304737
GPAB6643_jpg.rf.d790114b6394a3a5aa132aa793ce2dbc.jpg,bleached,162126,47559,4431,0.7571876926525808,0.8618176599103768,0.7731883539595107,0.97339649489364
GPAB6646_jpg.rf.49fc6a67b97d38d25bea008e6f33d9f7.jpg,bleached,180344,18744,14643,0.8437896234051214,0.9152775486899701,0.9058506790966808,0.9249026858200803
GPAB6647_jpg.rf.ed1c984301bcc115058546f7d8048b07.jpg,bleached,84392,15022,49456,0.5668838583999463,0.7235812091125001,0.8488945218983242,0.6305062458908612
GPAB6648_jpg.rf.c56ce6da35aa5d7bf1816fcefeee13f5.jpg,bleached,70547,3061,24624,0.718167196025735,0.8359689297839186,0.9584148462123682,0.7412657217009383
GPAB6649_jpg.rf.47c706dd93e009a16e5bedc5215042d9.jpg,bleached,160970,110268,72584,0.4681783015630181,0.6377676349862914,0.5934640426488914,0.6892196237272751
GPAB6650_jpg.rf.d42500ecead8b3cfa4dd6cdbd03046bd.jpg,bleached,179085,41475,107849,0.5453108775947066,0.7057620385659732,0.811955930359086,0.6241330758989873
GPAB6651_jpg.rf.b6a9a159f89e82d53644c3a73ebaa154.jpg,bleached,206008,23248,101115,0.6235656277336691,0.7681434209765856,0.89859371183306,0.6707670868023561
GPAB6652_jpg.rf.3746e0c1af503c85d382a9d829f4713a.jpg,bleached,291504,12640,33913,0.862292453639475,0.926054822328575,0.9584407385975064,0.8957860222422307
GPAB6653_jpg.rf.6462868b079303442dc200bdaa83cf5b.jpg,bleached,182354,61566,28153,0.6702392372635285,0.802566748894762,0.7475975729747458,0.866260979444864
GPAB6654_jpg.rf.c041357eb333cbca4f87f2517eb356e9.jpg,bleached,75558,53093,6697,0.5582498448444011,0.7165087764217234,0.5873098537904874,0.9185824569934958
GPAB6655_jpg.rf.fb96f38ea0bf68f9bcb15a2ea4533c20.jpg,bleached,0,2825,8405,0.0,0.0,0.0,0.0
GPAB6656_jpg.rf.5d4becc71a2154b3949645d8d64ed72e.jpg,bleached,150429,43562,215636,0.36723409345575364,0.5371927093004986,0.7754431906634844,0.4109352164233128
GPAB6657_jpg.rf.8e09ed048fbf8afdda873ac2b2f11aff.jpg,bleached,81728,654,30150,0.7262645292005829,0.8414290126634407,0.9920613726299434,0.7305100198430433
GPAB6658_jpg.rf.f6047019a05b50a74f0bc478b9487e2e.jpg,bleached,22618,65279,9618,0.23194380351740757,0.3765493244986806,0.2573239132166058,0.7016379203375108
GPAB6659_jpg.rf.709b4d7ed4800dd29cbf1c81b90dd9e0.jpg,bleached,11680,284,3731,0.7441860465116279,0.8533333333333334,0.9762621196924106,0.7579002011550191
GPAB6660_jpg.rf.31b6a04bb3b33417f99359b150249ea1.jpg,bleached,0,29325,11857,0.0,0.0,0.0,0.0
GPAB6661_jpg.rf.3c4167a579d558a7483fe8be14f117da.jpg,bleached,76668,11330,373505,0.1661267640730396,0.284920592153795,0.8712470737971317,0.17030785942293297
GPAB6662_jpg.rf.2108d9d531e28867ea4da578a80bbdb8.jpg,bleached,6902,263,58872,0.10451716461983433,0.18925403419295575,0.9632937892533148,0.10493508073098792
GPAB6663_jpg.rf.86f74cdd128bbd44c7c2229648721c5d.jpg,bleached,9271,847,56674,0.13880404838902863,0.24377161037560968,0.9162878039138169,0.14058685268026386
GPAB6664_jpg.rf.c6ef7a66d43f9061b3dfc2c5107657e0.jpg,bleached,50656,6922,95374,0.33118886971075895,0.4975835920003143,0.879780471707944,0.34688762583030885
GPAB6665_jpg.rf.1b65939da5c873cbe5254fc52cc442d4.jpg,bleached,0,0,16714,0.0,0.0,,0.0
GPAB6666_jpg.rf.4c4e1b29088fb6b155dc41c398781370.jpg,bleached,20261,36299,57245,0.17803259962216073,0.30225411364551785,0.3582213578500707,0.26141201971460276
GPAB6667_jpg.rf.2a5460ac13ba5fc91010686eb1f3313c.jpg,bleached,12982,5998,65173,0.15426663339393723,0.26729809028671436,0.6839831401475237,0.1661058153668991
GPAB6668_jpg.rf.8a52d79d063cb9a4eb650e20d0cde86a.jpg,bleached,67155,10122,2187,0.8450996677740864,0.9160477155075399,0.8690166543732287,0.9684606731850827
GPAB6669_jpg.rf.321fecc390e5ecce908b5f9958f266ec.jpg,bleached,24690,11885,27138,0.3875190306530849,0.558578328789747,0.6750512645249488,0.4763834220884464
GPAB6670_jpg.rf.5e7d6bc2eaca9c5c6f30031c970d577c.jpg,bleached,0,0,4667,0.0,0.0,,0.0
GPAB6671_jpg.rf.8823d517f81d5155714d6730facb6945.jpg,bleached,65262,3771,2820,0.908271053400693,0.9519308609561317,0.9453739515883708,0.9585793601833084
GPAB6672_jpg.rf.cfd673b99f828cebf1bf4d7528ea8aff.jpg,bleached,0,6159,0,0.0,0.0,0.0,
GPAB6673_jpg.rf.cd25a2f71375986cca89454d261f329d.jpg,bleached,0,0,0,1.0,1.0,,
GPAB6674_jpg.rf.20c047131d1c05472033eea3285c7c80.jpg,bleached,0,0,2334,0.0,0.0,,0.0
GPAB6675_jpg.rf.4f04c89d08e730b52a36b57e46d13726.jpg,bleached,13540,1188,108740,0.10966404250494055,0.19765269181361672,0.9193373166757197,0.11072947333987569
GPAB6676_jpg.rf.62dd073dcce1a1a6cf857a62a9f0e112.jpg,bleached,107049,4405,7976,0.8963325797538307,0.945332679851112,0.9604769680765158,0.9306585524885894
GPAB6677_jpg.rf.fe0934180b433aa2bdd28762cc4c938e.jpg,bleached,78910,12568,37456,0.612018552127445,0.759319489617213,0.8626117755088655,0.6781190382070365
GPAB6678_jpg.rf.4fa0cceb63bfe1804bdd651c2a3fef64.jpg,bleached,29372,68881,238,0.2982201419419033,0.45942923285078563,0.2989425259279615,0.9919621749408983
GPAB6679_jpg.rf.56d98813e84f509e5216b1ab208b9c4d.jpg,bleached,3155,16441,137688,0.020059255868365506,0.039329589438976804,0.16100224535619514,0.022400829292190595
GPAB6680_jpg.rf.8ffe46388f899aa283fc4a3f321cec09.jpg,bleached,37791,681,160245,0.19017497244825557,0.3195748135369628,0.9822988147223956,0.19082894019269223
GPAB6681_jpg.rf.0f833ea68a8c1dffcb4c3f6adea2c72d.jpg,bleached,0,210568,7850,0.0,0.0,0.0,0.0
GPAB6682_jpg.rf.eb22232a2c018cc5851106de08352de7.jpg,bleached,9372,315,20918,0.3062244731253063,0.4688696000200115,0.967482192629297,0.30940904588973256
GPAB6683_jpg.rf.a8e659241e83b43452b24e4ddccbe5bd.jpg,bleached,0,16100,0,0.0,0.0,0.0,
GPAB6684_jpg.rf.0736c8590fcf6864ecebf96c7bd09b8f.jpg,bleached,133229,3862,13677,0.8836689483179454,0.9382423053764652,0.9718289311479237,0.906899650116401
GPAB6685_jpg.rf.42cdbc2507e32fe09d31984fc16f69b6.jpg,bleached,111713,7727,28309,0.7560998720803525,0.8611126099390277,0.9353064300066979,0.7978246275585266
GPAB6686_jpg.rf.0541fbfe096aff1703cafa9538cc4c97.jpg,bleached,39394,16650,32,0.7025108780940152,0.8252644809887922,0.7029119977160803,0.9991883528635925
GPAB6687_jpg.rf.f4a6a527a7155e2ece923d872127b126.jpg,bleached,66398,67423,670,0.49369846309418475,0.6610416697778375,0.49617025728398384,0.9900101389634401
GPAB6688_jpg.rf.57296e4a40af7ca9cfdf1f0f28a97d2c.jpg,bleached,38653,21738,16337,0.5037665519758107,0.6700063268649085,0.640045702174165,0.7029096199308965
GPAB6689_jpg.rf.be92867710229776bc9c7cdaf8ee7bb8.jpg,bleached,30407,17803,81876,0.2337453684485648,0.37891995289514185,0.6307197676830533,0.2708068006732987
GPAB6690_jpg.rf.58efacb471360e1d9e71b80ee71f6572.jpg,bleached,46128,43112,20010,0.42222425629290616,0.5937520112242403,0.5168982519049753,0.6974507847228523
GPAB6691_jpg.rf.e53cc0d0f407655cd9ee813792227553.jpg,bleached,93085,28531,40233,0.5751348479137962,0.7302674417692422,0.76540093408762,0.6982177950464303
GPAB6692_jpg.rf.6ad73c56d9ae12964e6c6e531ac3da38.jpg,bleached,0,0,1146,0.0,0.0,,0.0
GPAB6694_jpg.rf.23021e03dc2ebb10427984d31a572e3d.jpg,bleached,0,0,3788,0.0,0.0,,0.0
GPAB6695_jpg.rf.b95d2c9058d219316957c2f1e02a8d4e.jpg,bleached,0,0,1883,0.0,0.0,,0.0
GPAB6696_jpg.rf.7b1873494355502f46e4f7212e94cfcf.jpg,bleached,0,0,21836,0.0,0.0,,0.0
GPAB6699_jpg.rf.1f86c763a14196b5d571d2540d89638c.jpg,bleached,0,0,1462,0.0,0.0,,0.0
GPAB6700_jpg.rf.f7961569fdb6334ea3abacfaa8f67f96.jpg,bleached,0,0,0,1.0,1.0,,
GPAB6701_jpg.rf.149875ae1fe458dc6e8531c3f26d32f6.jpg,bleached,0,0,0,1.0,1.0,,
GPAB6704_jpg.rf.9790ef8bf24b48dda270de4b435b6865.jpg,bleached,7398,475,12172,0.36906959341481665,0.539153882593011,0.9396672170710022,0.37802759325498214
GPAB6705_jpg.rf.01585a7db7bb160584e50946bb0e8993.jpg,bleached,9297,21249,16375,0.1981415570853136,0.33074815895264864,0.30436063641720684,0.3621455282019321
GPAB6706_jpg.rf.9f01d89475c6a9d588cbb65cc6f65da0.jpg,bleached,35332,19918,67312,0.2882785855322204,0.4475407551901909,0.6394932126696833,0.34421885351311327
GPAB6710_jpg.rf.9e215ac6bc82835890363fb4d212536b.jpg,bleached,28328,13755,16180,0.4862090863841546,0.6542943262001825,0.673145925908324,0.6364698481171924
GPAB6711_jpg.rf.0304d9a3dd979cd916641d89cb49b8f0.jpg,bleached,4107,2060,12647,0.21829488678643563,0.3583613280397888,0.6659640019458407,0.24513549003223112
GPAB6712_jpg.rf.822cd24c51032f70db27a6d6f422a8c4.jpg,bleached,17741,10208,13815,0.42479168662005556,0.5962860263843375,0.6347633189022863,0.5622068703257701
GPAB6713_jpg.rf.27d0d3fc4947952724f70345fd4f81b9.jpg,bleached,32415,39375,21171,0.34869461387033274,0.5170846094946401,0.4515252820727121,0.6049154629940656
GPAB6714_jpg.rf.d664e0d22c48cb5ba50f7da1a60f33a3.jpg,bleached,176723,5803,103810,0.6171875,0.7632850241545893,0.9682072691013883,0.6299544082157892
GPAB6717_jpg.rf.d75823f43240ef0ce9f9964a1c4519d3.jpg,bleached,0,0,1985,0.0,0.0,,0.0
GPAB6718_jpg.rf.0f4f6dd3bde84d2d235fde632ef8b650.jpg,bleached,0,0,12849,0.0,0.0,,0.0
GPAB6720_jpg.rf.470f598882af8d62b6eb1b2dd1b45516.jpg,bleached,27140,10673,4207,0.6458829128986197,0.7848467322151532,0.7177425753047894,0.8657925798322008
GPAB6721_jpg.rf.6d79cc0bee61efd5fc70bf8565773f07.jpg,bleached,5905,19578,9613,0.1682527923410075,0.2880417550791444,0.23172310952399638,0.3805258409588865
GPAB6722_jpg.rf.3905acae98248caaa1018f868607f294.jpg,bleached,0,1774,5913,0.0,0.0,0.0,0.0
GPAB6723_jpg.rf.a9391a805eef75647fdc4a53714dddc1.jpg,bleached,16435,4488,5465,0.6228209792329847,0.767578170609252,0.7854992113941596,0.7504566210045662
GPAB6724_jpg.rf.abb977d8b1d48600b80c49827e043ca3.jpg,bleached,4055,9634,13501,0.14913571165869804,0.25956152984477515,0.2962232449411937,0.2309751651856915
GPAB6725_jpg.rf.990d5f2625903257e8bc17df9fa2bf20.jpg,bleached,10210,2487,22546,0.28970291972874046,0.4492552746793391,0.8041269591242026,0.3116986201001343
GPAB6726_jpg.rf.6e8b4f32f5c8ad2068d284eea6b3ba73.jpg,bleached,11852,2206,23085,0.3190910804189215,0.4838044698438616,0.8430786740645896,0.3392392019921573
GPAB6727_jpg.rf.2b47a87edd848492b696c791dce918bb.jpg,bleached,16841,32847,12343,0.2714932856152569,0.42704635358555637,0.3389349541136693,0.577062774122807
GPAB6728_jpg.rf.c94a7a80fbc13b2ef9bf80be068ef9ee.jpg,bleached,22698,4446,14579,0.5440164897059176,0.7046770463047763,0.8362068965517241,0.6089009308689004
GPAB6729_jpg.rf.252f5cc0c0084ddbc28a453a606bd948.jpg,bleached,9977,3005,4398,0.5740506329113924,0.7293928427824689,0.7685256509012479,0.6940521739130435
GPAB6730_jpg.rf.faeabf355c420e2ba8d4915690db7746.jpg,bleached,7411,597,2870,0.681283324140467,0.8104325004100825,0.9254495504495505,0.7208442758486528
GPAB6731_jpg.rf.9aff60cc937711da4f513b555afdcc79.jpg,bleached,30792,1466,10300,0.7235302410827577,0.8395910020449898,0.9545539091078182,0.7493429377981116
GPAB6733_jpg.rf.acb5d981beab731e09c53f2eedd2e502.jpg,bleached,16597,20570,14209,0.32304967299906573,0.4883409589101555,0.44655204886054833,0.5387586833733689
GPAB6734_jpg.rf.46683f64576f9a3cfb6bbe554cb86593.jpg,bleached,77251,20551,11814,0.7047420084659174,0.8268019500500355,0.7898713727735629,0.8673553023073036
GPAB6735_jpg.rf.20b7c5c450a55f6155703cf2bbbe373f.jpg,bleached,38908,4477,66353,0.35455357305582386,0.5234987823419399,0.896807652414429,0.3696335774883385
GPAB6736_jpg.rf.2a447b81d9e09d99d2aa4e6de92083cb.jpg,bleached,154360,48322,106856,0.4986786759622405,0.6654911208929549,0.7615871167641922,0.5909285801788559
GPAB6737_jpg.rf.b1b33630159b660adb00a54e0dd9619a.jpg,bleached,139190,141452,11002,0.47725994705874286,0.6461421336291936,0.4959699546040863,0.9267470970491105
GPAB6738_jpg.rf.fb0e439af4ed6e91340673e23d74129f.jpg,bleached,57187,17166,5227,0.7186102035687358,0.8362689830149086,0.769128347208586,0.9162527638029929
GPAB6739_jpg.rf.4d32d55f2ea6573a4c99327645b6c1e2.jpg,bleached,160114,4784,17680,0.8769621750703809,0.9344484259918527,0.9709881259930381,0.9005590739844989
GPAB6740_jpg.rf.43588fe8737c9d3ec2b756b24d86e2c0.jpg,bleached,66490,176881,4350,0.26840679635557746,0.42321879246748206,0.27320428481618597,0.9385940146809713
GPAB6741_jpg.rf.4813cc555ec276c90547ec3f17feecce.jpg,bleached,0,378613,0,0.0,0.0,0.0,
GPAB6742_jpg.rf.19f506fad94038a2fdef528bee2aa3ad.jpg,bleached,352559,38172,142213,0.6615310426611426,0.7962909216569566,0.9023061901922295,0.7125686174642057
GPAB6743_jpg.rf.0ee30ee003eb99a660a748a583191988.jpg,bleached,401049,59908,40553,0.7996829574684453,0.8886931491459285,0.8700355998498776,0.9081684412661174
GPAB6743_jpg.rf.effa400c62434f49e21656a7fe755769.jpg,bleached,412850,33804,44547,0.8404909599125409,0.9133334291981315,0.9243172567580275,0.9026075815976056
GPAB6744_jpg.rf.a8dbeb68f8cee29da713eb411b6cabde.jpg,bleached,177266,78291,27516,0.6262200916371395,0.7701541689928509,0.693645644611574,0.8656327216259242
GPAB6745_jpg.rf.2153b608d7e2146d34b9d9fc3febb368.jpg,bleached,101979,20824,32265,0.6576405189981169,0.7934657864126016,0.83042759541705,0.7596540627514079
GPAB6798_jpg.rf.8586409eb79e92bd79db8bd31825a216.jpg,bleached,2803,81,21854,0.11330746220389684,0.20355106931483968,0.9719140083217753,0.11367968528207
GPAB6809_jpg.rf.e379cb9b5655b5b9c1ab48d1da37d5cf.jpg,bleached,8640,3325,179012,0.045241049969368036,0.08656577345616856,0.7221061429168408,0.046042674738345446
GPAB6810_jpg.rf.942a61223106aacf8e8c96d03620647b.jpg,bleached,0,0,46601,0.0,0.0,,0.0
GPAB6811_jpg.rf.5d27bc2691a61663881664b2487e0d80.jpg,bleached,8325,1362,17174,0.3099288931908715,0.47319956801000396,0.8593991947971508,0.3264833915055492
GPAB6822_jpg.rf.b99bfee0fa8e636686edfa07726c9c29.jpg,bleached,68142,24850,31244,0.548488360861586,0.7084178024514237,0.732772711631108,0.6856297667679553
GPAB6851_jpg.rf.d59056d1d0d3c9d325f4a76cc1ba4c8b.jpg,bleached,164597,47974,35826,0.6626368273368841,0.797091483169247,0.7743154052057901,0.8212480603523548
GPAB6884_jpg.rf.1295437527df283efdef3e5a9c3b06b7.jpg,bleached,32589,22428,13276,0.4771938558856691,0.6460815606351975,0.5923441845247832,0.7105418074784694
GPAB6885_jpg.rf.be97c790ae34175e4f797ccc4b6c5bfc.jpg,bleached,0,143846,26215,0.0,0.0,0.0,0.0
GPAB6906_jpg.rf.73105f6b446d8109bac51ef296914ed4.jpg,bleached,98259,2308,8467,0.901177614322138,0.9480204348434341,0.977050125786789,0.9206660045349774
GPAB6910_jpg.rf.1d5376253b5d5d1d7e6717476f5b5ed4.jpg,bleached,34412,651,6354,0.8308665523818721,0.9076210948317925,0.9814334198442803,0.8441348182308787
GPAB6911_jpg.rf.6054641356b5c6b94a2f979a7675620d.jpg,bleached,9095,57350,3739,0.1295879402712869,0.22944285371914377,0.13688012642034766,0.7086644849618202
GPAB6915_jpg.rf.7e7b783f170b910f9398380099ea6085.jpg,bleached,119882,20609,7111,0.8121976666982832,0.8963676332042291,0.853307329295115,0.9440047876654619
GPAB6916_jpg.rf.2ea16833db5bc53744b52042ad162eea.jpg,bleached,1788,175,82413,0.02119085996017825,0.04150225152035653,0.9108507386653082,0.021234902198311183
GPAB6917_jpg.rf.3654181da791af09652ebca09656faa3.jpg,bleached,11528,122,4181,0.7281915229612785,0.8427208596805439,0.9895278969957082,0.7338468393914317
GPAB6921_jpg.rf.7d23b8ba81f4b7b036919eb82f4b2115.jpg,bleached,23831,505,250325,0.08676513957205428,0.15967597121530896,0.9792488494411571,0.08692496243014926
GPAB6929_jpg.rf.da2115ed575dc3b6a07ef26d6f83377a.jpg,bleached,112667,18517,48308,0.6276992846477838,0.771271807474697,0.8588471155018905,0.6999037117564839
GPAB6931_jpg.rf.5fe64cd601f36dfacddfb1c7ad0ca2ea.jpg,bleached,8287,48948,20712,0.10631582998704248,0.19219797295730223,0.1447890276928453,0.28576847477499223
GPAB6942_jpg.rf.ad7a548a4c1e9f9e656996478eed1274.jpg,bleached,12202,2129,4548,0.6463266062821124,0.7851742221936231,0.851440932244784,0.7284776119402985
GPAB6943_jpg.rf.6c8af24769bb96f9b4497d80a41f4c3d.jpg,bleached,79583,612,4087,0.944246695617095,0.9713239556952369,0.9923686015337615,0.9511533405043624
GPAB6944_jpg.rf.29853f1d5567546dbca6ebf05b96d79a.jpg,bleached,159552,176124,7594,0.46480030296850877,0.6346261698971007,0.47531548278697316,0.9545666662678137
GPAB6946_jpg.rf.69a736a184165b6b0dbcc98f8e658fd4.jpg,bleached,41506,4109,81238,0.32719762244487716,0.49306541378839264,0.9099199824619094,0.3381509483151926
GPAB6951_jpg.rf.fd609cc90f60eda0e6252f5f464ff693.jpg,bleached,157616,33847,2146,0.8140943861080838,0.8975215317816214,0.8232191076082586,0.9865675191847874
GPAB6953_jpg.rf.cafe2c5508e2ff7b8f76d42a30658cbb.jpg,bleached,133880,35008,9968,0.7485351344098046,0.8561854087792898,0.7927146984984131,0.930704632667816
GPAB6980_jpg.rf.fc99a764c38c296eeaa04df2539d9919.jpg,bleached,23755,1726,110488,0.17470894100861226,0.29745060228894843,0.9322632549742945,0.17695522299114294
GPAB6997_jpg.rf.c826182a13a0d7947e84cecc52a9bd70.jpg,bleached,56014,142121,9434,0.26985725228719126,0.4250198229779614,0.2827062356474121,0.8558550299474392
GPAB7009_jpg.rf.28247ed465ee7cd05cd23f3380511de3.jpg,bleached,28035,30867,137846,0.14249191859637708,0.24944057157347307,0.47596006926759704,0.1690066975723561
GPAB7021_jpg.rf.7c0a3f03fd6f538b6a5b3e820de08068.jpg,bleached,79439,1794,5500,0.9159028282199394,0.9561057217822497,0.9779153792178056,0.9352476483123182
GPAB7022_jpg.rf.ef80630b7a7d3048fbaa5f24c5ae6cf6.jpg,bleached,77833,448325,4897,0.14656297370328875,0.25565621263680677,0.14792704852914904,0.9408074459083766
GPAB7023_jpg.rf.3d860cb9b2b20806f8f8e342858c372c.jpg,bleached,31823,10782,109045,0.20984503791625453,0.3468957285268132,0.7469311113719047,0.22590652241815032
GPAB7024_jpg.rf.a1ef511de11f5c302d455d82c0d37bd8.jpg,bleached,96096,2112,34679,0.7231407135385703,0.8393286837887529,0.978494623655914,0.7348193462053144
GPAB7026_jpg.rf.074569e48485ec38a4cb5c629f52f56c.jpg,bleached,78659,37673,1586,0.6670652487321698,0.8002869104727409,0.6761596121445518,0.9802355286933765
GPAB7027_jpg.rf.5bf488c10f515218c4a6f6359ff04865.jpg,bleached,3998,5796,17948,0.14411361834042247,0.2519218651543793,0.4082091076169083,0.1821744281418026
GPAB7050_jpg.rf.5d195395bfbe8803ccd8968785d9d541.jpg,bleached,183158,11509,75899,0.6769438879977528,0.8073542506016874,0.9408785258929351,0.7070181465855004
GPAB7059_jpg.rf.9d98a90bf8301b908be647a4c522fe68.jpg,bleached,91489,96135,4976,0.4750207684319834,0.6440868882638892,0.48761885473073807,0.948416524127922
GPAB7061_jpg.rf.017d56e7556882c1de865eb499bdbf21.jpg,bleached,11951,67759,30041,0.10889194631483995,0.1963977584591872,0.14993099987454522,0.28460182891979424
GPAB7062_jpg.rf.2c7208719da7236acf8888944147a4c5.jpg,bleached,140108,146445,23894,0.4513105296556256,0.6219351688473106,0.48894270867867373,0.8543066547968927
GPAB7065_jpg.rf.4039f0083a44753ef687177038eeddbf.jpg,bleached,92133,3798,8206,0.8847287707539108,0.9388393539511897,0.9604090440003753,0.9182172435443845
GPAB7067_jpg.rf.a302de79c7c7c7514de83ec1b06bfd44.jpg,bleached,0,48520,12688,0.0,0.0,0.0,0.0
GPAB7079_jpg.rf.909e521c3f586cbc8b357fbd01b9cb3a.jpg,bleached,62213,9156,24693,0.6476338198246966,0.7861380508608434,0.8717090053104289,0.7158654178077463
GPAB7080_jpg.rf.534c4e4511da2cce23e581aeb17807ff.jpg,bleached,35639,5834,4899,0.7685456741136893,0.8691273121898282,0.8593301666144239,0.8791504267600769
GPAB7081_jpg.rf.2159b20d8b296fd86124587d2ea73ea6.jpg,bleached,11777,442,35378,0.24743156081265627,0.39670562872637855,0.9638268270725918,0.249750821758032
GPAB7090_jpg.rf.5a202a153d5630556c96afc11f25bef5.jpg,bleached,47293,66315,32855,0.3229006643316059,0.4881706889076983,0.41628230406309413,0.5900708688925488
GPAB7095_jpg.rf.da1a17f02f4eb3d1397d87151efeb1a6.jpg,bleached,166377,125331,123452,0.4007539261971288,0.5721974698084559,0.570354601176519,0.574052286003126
GPAB7183_jpg.rf.4ec008fb929778140b3f448a821803ac.jpg,bleached,10212,88233,911,0.10278191553605218,0.18640478971962618,0.10373304891055919,0.9180976355299829
GPAB7185_jpg.rf.bbdd85b10b2ce4494aa5e4f51cb88e08.jpg,bleached,60970,2404,2139,0.9306549845068918,0.9640821296142564,0.9620664625871809,0.9661062605967453
GPAB2750_jpg.rf.cdad5a44fc68268026febd47efc11e6c.jpg,branching_acropora,0,0,0,1.0,1.0,,
GPAB2750_jpg.rf.cdad5a44fc68268026febd47efc11e6c.jpg,finger_acropora,0,0,11144,0.0,0.0,,0.0
GPAB2750_jpg.rf.cdad5a44fc68268026febd47efc11e6c.jpg,finger_porites,0,83731,38884,0.0,0.0,0.0,0.0
GPAB2750_jpg.rf.cdad5a44fc68268026febd47efc11e6c.jpg,knob_porites,82518,3460,146755,0.35456080573017146,0.5235066661168403,0.9597571471771849,0.3599115464969709
GPAB2750_jpg.rf.cdad5a44fc68268026febd47efc11e6c.jpg,mounding_,3681,4257,13085,0.17509394472720355,0.2980084196891192,0.463718820861678,0.2195514732196111
GPAB2750_jpg.rf.cdad5a44fc68268026febd47efc11e6c.jpg,oddball,0,0,1192,0.0,0.0,,0.0
GPAB2750_jpg.rf.cdad5a44fc68268026febd47efc11e6c.jpg,pocillopora_,0,0,0,1.0,1.0,,
GPAB2750_jpg.rf.cdad5a44fc68268026febd47efc11e6c.jpg,table_acropora,0,12994,0,0.0,0.0,0.0,
GPAB2751_jpg.rf.5c54bc040bd61f476b2936c0f427baaf.jpg,branching_acropora,53307,1826,967,0.9502139037433155,0.9744714689188078,0.9668800899642682,0.9821829973836459
GPAB2751_jpg.rf.5c54bc040bd61f476b2936c0f427baaf.jpg,finger_acropora,0,0,4302,0.0,0.0,,0.0
GPAB2751_jpg.rf.5c54bc040bd61f476b2936c0f427baaf.jpg,finger_porites,0,0,0,1.0,1.0,,
GPAB2751_jpg.rf.5c54bc040bd61f476b2936c0f427baaf.jpg,knob_porites,21198,1142,51605,0.2866725268780851,0.44560293453012834,0.9488809310653536,0.29116931994560663
GPAB2751_jpg.rf.5c54bc040bd61f476b2936c0f427baaf.jpg,mounding_,1157,2162,4064,0.15671136394419613,0.27096018735363,0.34859897559505876,0.22160505650258572
GPAB2751_jpg.rf.5c54bc040bd61f476b2936c0f427baaf.jpg,oddball,0,0,782,0.0,0.0,,0.0
GPAB2751_jpg.rf.5c54bc040bd61f476b2936c0f427baaf.jpg,pocillopora_,0,0,0,1.0,1.0,,
GPAB2751_jpg.rf.5c54bc040bd61f476b2936c0f427baaf.jpg,table_acropora,0,0,0,1.0,1.0,,
GPAB2752_jpg.rf.3d3a23e7d01325a3e36b5203981b2c6b.jpg,branching_acropora,0,0,3738,0.0,0.0,,0.0
GPAB2752_jpg.rf.3d3a23e7d01325a3e36b5203981b2c6b.jpg,finger_acropora,2490,76113,1076,0.031250392198697276,0.060606798184230065,0.03167818022212893,0.6982613572630398
GPAB2752_jpg.rf.3d3a23e7d01325a3e36b5203981b2c6b.jpg,finger_porites,0,0,53212,0.0,0.0,,0.0
GPAB2752_jpg.rf.3d3a23e7d01325a3e36b5203981b2c6b.jpg,knob_porites,13216,337,139388,0.08641240739893162,0.15907846193660213,0.9751346565336088,0.08660323451547797
GPAB2752_jpg.rf.3d3a23e7d01325a3e36b5203981b2c6b.jpg,mounding_,259,1374,4886,0.03973001994170885,0.07642372381233402,0.15860379669320268,0.050340136054421766
GPAB2752_jpg.rf.3d3a23e7d01325a3e36b5203981b2c6b.jpg,oddball,0,1648,0,0.0,0.0,0.0,
GPAB2752_jpg.rf.3d3a23e7d01325a3e36b5203981b2c6b.jpg,pocillopora_,4842,1574,94,0.743778801843318,0.8530655391120507,0.7546758104738155,0.9809562398703403
GPAB2752_jpg.rf.3d3a23e7d01325a3e36b5203981b2c6b.jpg,table_acropora,0,0,0,1.0,1.0,,
GPAB2753_jpg.rf.ecc3e09a60fddd4051f8cc1817f5abe0.jpg,branching_acropora,2298,91,389,0.8272138228941684,0.9054373522458629,0.9619087484303056,0.8552288797915891
GPAB2753_jpg.rf.ecc3e09a60fddd4051f8cc1817f5abe0.jpg,finger_acropora,109573,69220,43765,0.4923345824459242,0.659817963393962,0.612848377732909,0.7145847735068933
GPAB2753_jpg.rf.ecc3e09a60fddd4051f8cc1817f5abe0.jpg,finger_porites,0,0,0,1.0,1.0,,
GPAB2753_jpg.rf.ecc3e09a60fddd4051f8cc1817f5abe0.jpg,knob_porites,24764,172,5665,0.8092545995228914,0.894572383274632,0.9931023419955085,0.8138289132077952
GPAB2753_jpg.rf.ecc3e09a60fddd4051f8cc1817f5abe0.jpg,mounding_,2071,1515,7182,0.1923291233283804,0.32261079523327363,0.5775237032905745,0.22381930184804927
GPAB2753_jpg.rf.ecc3e09a60fddd4051f8cc1817f5abe0.jpg,oddball,0,0,750,0.0,0.0,,0.0
GPAB2753_jpg.rf.ecc3e09a60fddd4051f8cc1817f5abe0.jpg,pocillopora_,0,0,0,1.0,1.0,,
GPAB2753_jpg.rf.ecc3e09a60fddd4051f8cc1817f5abe0.jpg,table_acropora,0,0,0,1.0,1.0,,
GPAB2755_jpg.rf.989ddbf0acb4906444222985aa1c08ad.jpg,branching_acropora,29391,10164,51633,0.32231214633504407,0.4874978230040057,0.7430413348502086,0.3627443720379147
GPAB2755_jpg.rf.989ddbf0acb4906444222985aa1c08ad.jpg,finger_acropora,212605,27774,42485,0.7516156173991742,0.8581969810422044,0.8844574609262872,0.8334509388843153
GPAB2755_jpg.rf.989ddbf0acb4906444222985aa1c08ad.jpg,finger_porites,0,0,0,1.0,1.0,,
GPAB2755_jpg.rf.989ddbf0acb4906444222985aa1c08ad.jpg,knob_porites,0,0,0,1.0,1.0,,
GPAB2755_jpg.rf.989ddbf0acb4906444222985aa1c08ad.jpg,mounding_,11737,2267,617,0.8027494699404966,0.8905835040594886,0.8381176806626678,0.9500566618099401
GPAB2755_jpg.rf.989ddbf0acb4906444222985aa1c08ad.jpg,oddball,0,0,374,0.0,0.0,,0.0
GPAB2755_jpg.rf.989ddbf0acb4906444222985aa1c08ad.jpg,pocillopora_,0,0,7414,0.0,0.0,,0.0
GPAB2755_jpg.rf.989ddbf0acb4906444222985aa1c08ad.jpg,table_acropora,8712,6521,284,0.5614487336469678,0.7191382227908705,0.5719162344909079,0.9684304135171187
GPAB2756_jpg.rf.e3eab669406113c45048b693e012a15e.jpg,branching_acropora,9637,568,5073,0.6307762796177511,0.7735902067027894,0.9443410093091622,0.655132562882393
GPAB2756_jpg.rf.e3eab669406113c45048b693e012a15e.jpg,finger_acropora,95339,16339,96484,0.4580038623764184,0.6282615213788423,0.8536954458353481,0.497015477810273
GPAB2756_jpg.rf.e3eab669406113c45048b693e012a15e.jpg,finger_porites,3972,292,15126,0.20484785972150593,0.3400393801900522,0.9315196998123827,0.2079798931825322
GPAB2756_jpg.rf.e3eab669406113c45048b693e012a15e.jpg,knob_porites,0,0,0,1.0,1.0,,
GPAB2756_jpg.rf.e3eab669406113c45048b693e012a15e.jpg,mounding_,23413,1696,11714,0.6358254351899628,0.7773756557540341,0.9324544983870325,0.6665243260170239
GPAB2756_jpg.rf.e3eab669406113c45048b693e012a15e.jpg,oddball,0,1650,168,0.0,0.0,0.0,0.0
GPAB2756_jpg.rf.e3eab669406113c45048b693e012a15e.jpg,pocillopora_,0,2464,0,0.0,0.0,0.0,
GPAB2756_jpg.rf.e3eab669406113c45048b693e012a15e.jpg,table_acropora,0,0,0,1.0,1.0,,
GPAB2863_jpg.rf.96811bd1325e7bbd6bdfefe68952512f.jpg,branching_acropora,0,0,64268,0.0,0.0,,0.0
GPAB2863_jpg.rf.96811bd1325e7bbd6bdfefe68952512f.jpg,finger_acropora,0,0,578,0.0,0.0,,0.0
GPAB2863_jpg.rf.96811bd1325e7bbd6bdfefe68952512f.jpg,finger_porites,26267,70431,140124,0.1109145265220292,0.19968147661057664,0.27163953752921466,0.15786310557662372
GPAB2863_jpg.rf.96811bd1325e7bbd6bdfefe68952512f.jpg,knob_porites,56307,30536,119443,0.2729559931357436,0.4288537775188219,0.6483769561162097,0.32038122332859176
GPAB2863_jpg.rf.96811bd1325e7bbd6bdfefe68952512f.jpg,mounding_,950,3873,56462,0.015501346169535775,0.030529444846147665,0.19697283848227246,0.01654706333170766
GPAB2863_jpg.rf.96811bd1325e7bbd6bdfefe68952512f.jpg,oddball,0,0,1802,0.0,0.0,,0.0
GPAB2863_jpg.rf.96811bd1325e7bbd6bdfefe68952512f.jpg,pocillopora_,0,0,0,1.0,1.0,,
GPAB2863_jpg.rf.96811bd1325e7bbd6bdfefe68952512f.jpg,table_acropora,0,0,0,1.0,1.0,,
GPAB2864_jpg.rf.bba294c9d2767e1fca67088d5f57ed2c.jpg,branching_acropora,0,0,836,0.0,0.0,,0.0
GPAB2864_jpg.rf.bba294c9d2767e1fca67088d5f57ed2c.jpg,finger_acropora,0,0,937,0.0,0.0,,0.0
GPAB2864_jpg.rf.bba294c9d2767e1fca67088d5f57ed2c.jpg,finger_porites,43,68879,69165,0.0003113978868394563,0.0006226018967639181,0.0006238936769101303,0.0006213154548607097
GPAB2864_jpg.rf.bba294c9d2767e1fca67088d5f57ed2c.jpg,knob_porites,10829,360,274195,0.03794536484175707,0.07311630482119286,0.9678255429439628,0.03799329179297182
GPAB2864_jpg.rf.bba294c9d2767e1fca67088d5f57ed2c.jpg,mounding_,13559,8826,14996,0.36272437869505897,0.5323517864153906,0.6057181148090239,0.4748380318683243
GPAB2864_jpg.rf.bba294c9d2767e1fca67088d5f57ed2c.jpg,oddball,0,3196,644,0.0,0.0,0.0,0.0
GPAB2864_jpg.rf.bba294c9d2767e1fca67088d5f57ed2c.jpg,pocillopora_,0,0,0,1.0,1.0,,
GPAB2864_jpg.rf.bba294c9d2767e1fca67088d5f57ed2c.jpg,table_acropora,0,0,0,1.0,1.0,,
GPAB2865_jpg.rf.bc51b557fce1c755711f160a6fb06174.jpg,branching_acropora,0,0,7010,0.0,0.0,,0.0
GPAB2865_jpg.rf.bc51b557fce1c755711f160a6fb06174.jpg,finger_acropora,118561,11779,38257,0.7032212910075506,0.825754462699977,0.9096286634954733,0.7560420359907664
GPAB2865_jpg.rf.bc51b557fce1c755711f160a6fb06174.jpg,finger_porites,0,0,1673,0.0,0.0,,0.0
GPAB2865_jpg.rf.bc51b557fce1c755711f160a6fb06174.jpg,knob_porites,0,0,14318,0.0,0.0,,0.0
GPAB2865_jpg.rf.bc51b557fce1c755711f160a6fb06174.jpg,mounding_,12065,3290,13148,0.4232887766200049,0.5948037862354565,0.7857375447736894,0.47852298417483047
GPAB2865_jpg.rf.bc51b557fce1c755711f160a6fb06174.jpg,oddball,0,0,852,0.0,0.0,,0.0
GPAB2865_jpg.rf.bc51b557fce1c755711f160a6fb06174.jpg,pocillopora_,15038,327,202,0.9660178582899723,0.982715242607417,0.9787178652782298,0.986745406824147
GPAB2865_jpg.rf.bc51b557fce1c755711f160a6fb06174.jpg,table_acropora,0,0,0,1.0,1.0,,
GPAB2866_jpg.rf.419a33f7e1a92b4b4cd4c79fef598c57.jpg,branching_acropora,183134,6522,368057,0.32836602338478754,0.4943908796283173,0.9656114227865188,0.3322514337135403
GPAB2866_jpg.rf.419a33f7e1a92b4b4cd4c79fef598c57.jpg,finger_acropora,61783,12277,48852,0.5026604399895861,0.6690273153036087,0.834229003510667,0.5584399150359289
GPAB2866_jpg.rf.419a33f7e1a92b4b4cd4c79fef598c57.jpg,finger_porites,0,0,0,1.0,1.0,,
GPAB2866_jpg.rf.419a33f7e1a92b4b4cd4c79fef598c57.jpg,knob_porites,0,0,0,1.0,1.0,,
GPAB2866_jpg.rf.419a33f7e1a92b4b4cd4c79fef598c57.jpg,mounding_,0,3831,0,0.0,0.0,0.0,
GPAB2866_jpg.rf.419a33f7e1a92b4b4cd4c79fef598c57.jpg,oddball,0,1565,0,0.0,0.0,0.0,
GPAB2866_jpg.rf.419a33f7e1a92b4b4cd4c79fef598c57.jpg,pocillopora_,0,0,0,1.0,1.0,,
GPAB2866_jpg.rf.419a33f7e1a92b4b4cd4c79fef598c57.jpg,table_acropora,0,1802,0,0.0,0.0,0.0,
GPAB2867_jpg.rf.a760f33822f6d3414eebcb42d8a10ffe.jpg,branching_acropora,1396,2,17885,0.0723953741637712,0.13501620000967166,0.9985693848354793,0.07240288366785955
GPAB2867_jpg.rf.a760f33822f6d3414eebcb42d8a10ffe.jpg,finger_acropora,199239,13483,42152,0.7817156712728642,0.8774864405995865,0.9366168050319196,0.8253787423723337
GPAB2867_jpg.rf.a760f33822f6d3414eebcb42d8a10ffe.jpg,finger_porites,0,0,0,1.0,1.0,,
GPAB2867_jpg.rf.a760f33822f6d3414eebcb42d8a10ffe.jpg,knob_porites,0,0,0,1.0,1.0,,
GPAB2867_jpg.rf.a760f33822f6d3414eebcb42d8a10ffe.jpg,mounding_,0,0,0,1.0,1.0,,
GPAB2867_jpg.rf.a760f33822f6d3414eebcb42d8a10ffe.jpg,oddball,0,0,0,1.0,1.0,,
GPAB2867_jpg.rf.a760f33822f6d3414eebcb42d8a10ffe.jpg,pocillopora_,0,9436,0,0.0,0.0,0.0,
GPAB2867_jpg.rf.a760f33822f6d3414eebcb42d8a10ffe.jpg,table_acropora,0,0,0,1.0,1.0,,
GPAB2868_jpg.rf.388ca1bea37ef902bb25b8564d68772c.jpg,branching_acropora,0,0,0,1.0,1.0,,
GPAB2868_jpg.rf.388ca1bea37ef902bb25b8564d68772c.jpg,finger_acropora,433173,14826,186595,0.6825986378692518,0.8113624039701546,0.9669061761298574,0.6989276632546372
GPAB2868_jpg.rf.388ca1bea37ef902bb25b8564d68772c.jpg,finger_porites,0,0,0,1.0,1.0,,
GPAB2868_jpg.rf.388ca1bea37ef902bb25b8564d68772c.jpg,knob_porites,0,0,3613,0.0,0.0,,0.0
GPAB2868_jpg.rf.388ca1bea37ef902bb25b8564d68772c.jpg,mounding_,8117,70,11993,0.40222993062438056,0.5737003922677315,0.9914498595334066,0.403630034808553
GPAB2868_jpg.rf.388ca1bea37ef902bb25b8564d68772c.jpg,oddball,0,0,704,0.0,0.0,,0.0
GPAB2868_jpg.rf.388ca1bea37ef902bb25b8564d68772c.jpg,pocillopora_,0,0,0,1.0,1.0,,
GPAB2868_jpg.rf.388ca1bea37ef902bb25b8564d68772c.jpg,table_acropora,0,10171,0,0.0,0.0,0.0,
GPAB2869_jpg.rf.f5f4b6550e77b27a16ff75349110b44f.jpg,branching_acropora,0,0,3190,0.0,0.0,,0.0
GPAB2869_jpg.rf.f5f4b6550e77b27a16ff75349110b44f.jpg,finger_acropora,398248,62744,24789,0.8198097496608554,0.9009840174926388,0.8638935165903096,0.9414022886886962
GPAB2869_jpg.rf.f5f4b6550e77b27a16ff75349110b44f.jpg,finger_porites,0,0,0,1.0,1.0,,
GPAB2869_jpg.rf.f5f4b6550e77b27a16ff75349110b44f.jpg,knob_porites,0,0,0,1.0,1.0,,
GPAB2869_jpg.rf.f5f4b6550e77b27a16ff75349110b44f.jpg,mounding_,0,1603,0,0.0,0.0,0.0,
GPAB2869_jpg.rf.f5f4b6550e77b27a16ff75349110b44f.jpg,oddball,0,1386,0,0.0,0.0,0.0,
GPAB2869_jpg.rf.f5f4b6550e77b27a16ff75349110b44f.jpg,pocillopora_,0,0,0,1.0,1.0,,
GPAB2869_jpg.rf.f5f4b6550e77b27a16ff75349110b44f.jpg,table_acropora,0,6216,0,0.0,0.0,0.0,
GPAB2870_jpg.rf.bf5e43594708726bc8b61ede51e9e0d6.jpg,branching_acropora,4675,1646,6868,0.35446205170975814,0.5233990147783252,0.7395981648473343,0.4050073637702504
GPAB2870_jpg.rf.bf5e43594708726bc8b61ede51e9e0d6.jpg,finger_acropora,0,1419,3850,0.0,0.0,0.0,0.0
GPAB2870_jpg.rf.bf5e43594708726bc8b61ede51e9e0d6.jpg,finger_porites,0,0,0,1.0,1.0,,
GPAB2870_jpg.rf.bf5e43594708726bc8b61ede51e9e0d6.jpg,knob_porites,57624,5700,40452,0.5552728954671601,0.7140520446096654,0.9099867348872466,0.5875443533586199
GPAB2870_jpg.rf.bf5e43594708726bc8b61ede51e9e0d6.jpg,mounding_,12722,3390,26983,0.29520826081912055,0.4558467850296505,0.7895978152929494,0.3204130462158418
GPAB2870_jpg.rf.bf5e43594708726bc8b61ede51e9e0d6.jpg,oddball,0,0,1493,0.0,0.0,,0.0
GPAB2870_jpg.rf.bf5e43594708726bc8b61ede51e9e0d6.jpg,pocillopora_,0,0,727,0.0,0.0,,0.0
GPAB2870_jpg.rf.bf5e43594708726bc8b61ede51e9e0d6.jpg,table_acropora,0,0,0,1.0,1.0,,
GPAB2871_jpg.rf.504bfd08c70eccfa9fd23ba467a0b88b.jpg,branching_acropora,0,0,0,1.0,1.0,,
GPAB2871_jpg.rf.504bfd08c70eccfa9fd23ba467a0b88b.jpg,finger_acropora,0,1383,0,0.0,0.0,0.0,
GPAB2871_jpg.rf.504bfd08c70eccfa9fd23ba467a0b88b.jpg,finger_porites,69106,26823,101707,0.34966301685927664,0.5181486230139986,0.7203869528505458,0.4045710806554536
GPAB2871_jpg.rf.504bfd08c70eccfa9fd23ba467a0b88b.jpg,knob_porites,178423,60656,21523,0.6846570632612182,0.8128147599795,0.746293066308626,0.8923559361027478
GPAB2871_jpg.rf.504bfd08c70eccfa9fd23ba467a0b88b.jpg,mounding_,1140,9292,4417,0.07677284665634049,0.14259803614985303,0.10927914110429447,0.20514666186791433
GPAB2871_jpg.rf.504bfd08c70eccfa9fd23ba467a0b88b.jpg,oddball,0,0,0,1.0,1.0,,
GPAB2871_jpg.rf.504bfd08c70eccfa9fd23ba467a0b88b.jpg,pocillopora_,0,0,0,1.0,1.0,,
GPAB2871_jpg.rf.504bfd08c70eccfa9fd23ba467a0b88b.jpg,table_acropora,0,0,0,1.0,1.0,,
GPAB2907_jpg.rf.bf31d322ee0d726153fd605a1778f741.jpg,branching_acropora,51999,8216,3309,0.8185725080284617,0.9002363165776512,0.8635555924603504,0.9401714037752223
GPAB2907_jpg.rf.bf31d322ee0d726153fd605a1778f741.jpg,finger_acropora,160064,6488,166313,0.4808676190047016,0.6494403859379343,0.9610451990969787,0.49042671511779323
GPAB2907_jpg.rf.bf31d322ee0d726153fd605a1778f741.jpg,finger_porites,0,0,0,1.0,1.0,,
GPAB2907_jpg.rf.bf31d322ee0d726153fd605a1778f741.jpg,knob_porites,0,10682,0,0.0,0.0,0.0,
GPAB2907_jpg.rf.bf31d322ee0d726153fd605a1778f741.jpg,mounding_,13340,129,530,0.952925208943496,0.9758952412304767,0.9904224515554235,0.9617880317231434
GPAB2907_jpg.rf.bf31d322ee0d726153fd605a1778f741.jpg,oddball,11970,3663,1150,0.7132217124471191,0.8326087712586513,0.7656879677605066,0.9123475609756098
GPAB2907_jpg.rf.bf31d322ee0d726153fd605a1778f741.jpg,pocillopora_,0,0,0,1.0,1.0,,
GPAB2907_jpg.rf.bf31d322ee0d726153fd605a1778f741.jpg,table_acropora,0,0,0,1.0,1.0,,
GPAB2908_jpg.rf.88dda92c5d3e1444f5a1b36c77499932.jpg,branching_acropora,38084,1104,6945,0.825526195998526,0.9044254722918176,0.9718281106461162,0.8457660618712385
GPAB2908_jpg.rf.88dda92c5d3e1444f5a1b36c77499932.jpg,finger_acropora,343672,18055,95415,0.7517839095948304,0.858306672960263,0.9500866675697418,0.7826968231808275
GPAB2908_jpg.rf.88dda92c5d3e1444f5a1b36c77499932.jpg,finger_porites,0,0,0,1.0,1.0,,
GPAB2908_jpg.rf.88dda92c5d3e1444f5a1b36c77499932.jpg,knob_porites,0,0,0,1.0,1.0,,
GPAB2908_jpg.rf.88dda92c5d3e1444f5a1b36c77499932.jpg,mounding_,0,0,0,1.0,1.0,,
GPAB2908_jpg.rf.88dda92c5d3e1444f5a1b36c77499932.jpg,oddball,3631,3311,11601,0.19581513239497383,0.3275006764679354,0.5230481129357534,0.23837972689075632
GPAB2908_jpg.rf.88dda92c5d3e1444f5a1b36c77499932.jpg,pocillopora_,0,10863,0,0.0,0.0,0.0,
GPAB2908_jpg.rf.88dda92c5d3e1444f5a1b36c77499932.jpg,table_acropora,0,0,0,1.0,1.0,,
GPAB2909_jpg.rf.f8bd8c4e84c1945b4c81d8aa05b48c12.jpg,branching_acropora,0,0,0,1.0,1.0,,
GPAB2909_jpg.rf.f8bd8c4e84c1945b4c81d8aa05b48c12.jpg,finger_acropora,328421,15544,105032,0.7314547758670993,0.8449019703685791,0.954809355603041,0.7576853776534018
GPAB2909_jpg.rf.f8bd8c4e84c1945b4c81d8aa05b48c12.jpg,finger_porites,0,0,0,1.0,1.0,,
GPAB2909_jpg.rf.f8bd8c4e84c1945b4c81d8aa05b48c12.jpg,knob_porites,0,0,0,1.0,1.0,,
GPAB2909_jpg.rf.f8bd8c4e84c1945b4c81d8aa05b48c12.jpg,mounding_,0,0,0,1.0,1.0,,
GPAB2909_jpg.rf.f8bd8c4e84c1945b4c81d8aa05b48c12.jpg,oddball,0,0,0,1.0,1.0,,
GPAB2909_jpg.rf.f8bd8c4e84c1945b4c81d8aa05b48c12.jpg,pocillopora_,1995,1843,480,0.4620194534506716,0.6320291462062411,0.5198019801980198,0.806060606060606
GPAB2909_jpg.rf.f8bd8c4e84c1945b4c81d8aa05b48c12.jpg,table_acropora,0,0,0,1.0,1.0,,
GPAB2910_jpg.rf.6a59ae7e8c4bd736c88f0483d80245eb.jpg,branching_acropora,0,0,58501,0.0,0.0,,0.0
GPAB2910_jpg.rf.6a59ae7e8c4bd736c88f0483d80245eb.jpg,finger_acropora,76078,7992,35065,0.6385864775254962,0.779435795771798,0.9049363625550136,0.6845055469080374
GPAB2910_jpg.rf.6a59ae7e8c4bd736c88f0483d80245eb.jpg,finger_porites,0,0,0,1.0,1.0,,
GPAB2910_jpg.rf.6a59ae7e8c4bd736c88f0483d80245eb.jpg,knob_porites,0,0,0,1.0,1.0,,
GPAB2910_jpg.rf.6a59ae7e8c4bd736c88f0483d80245eb.jpg,mounding_,0,3521,0,0.0,0.0,0.0,
GPAB2910_jpg.rf.6a59ae7e8c4bd736c88f0483d80245eb.jpg,oddball,0,1219,0,0.0,0.0,0.0,
GPAB2910_jpg.rf.6a59ae7e8c4bd736c88f0483d80245eb.jpg,pocillopora_,0,0,0,1.0,1.0,,
GPAB2910_jpg.rf.6a59ae7e8c4bd736c88f0483d80245eb.jpg,table_acropora,0,0,0,1.0,1.0,,
GPAB2911_jpg.rf.a892723d63b47464304a3bf61c90205b.jpg,branching_acropora,0,0,0,1.0,1.0,,
GPAB2911_jpg.rf.a892723d63b47464304a3bf61c90205b.jpg,finger_acropora,175637,1608,8085,0.9476986996168996,0.9731471297930282,0.990927811785946,0.9559932942162616
GPAB2911_jpg.rf.a892723d63b47464304a3bf61c90205b.jpg,finger_porites,0,0,0,1.0,1.0,,
GPAB2911_jpg.rf.a892723d63b47464304a3bf61c90205b.jpg,knob_porites,0,0,0,1.0,1.0,,
GPAB2911_jpg.rf.a892723d63b47464304a3bf61c90205b.jpg,mounding_,0,2839,0,0.0,0.0,0.0,
GPAB2911_jpg.rf.a892723d63b47464304a3bf61c90205b.jpg,oddball,19671,1322,13601,0.5686246169856044,0.7249976964894499,0.9370266279235936,0.5912178408271219
GPAB2911_jpg.rf.a892723d63b47464304a3bf61c90205b.jpg,pocillopora_,0,16793,0,0.0,0.0,0.0,
GPAB2911_jpg.rf.a892723d63b47464304a3bf61c90205b.jpg,table_acropora,0,24177,0,0.0,0.0,0.0,
GPAB2912_jpg.rf.bf1be34d721f9328c589ea24f4d294f3.jpg,branching_acropora,0,2671,0,0.0,0.0,0.0,
GPAB2912_jpg.rf.bf1be34d721f9328c589ea24f4d294f3.jpg,finger_acropora,4552,808,962664,0.0047023627513367436,0.009360708057776461,0.8492537313432836,0.004706291045640271
GPAB2912_jpg.rf.bf1be34d721f9328c589ea24f4d294f3.jpg,finger_porites,0,0,0,1.0,1.0,,
GPAB2912_jpg.rf.bf1be34d721f9328c589ea24f4d294f3.jpg,knob_porites,0,0,0,1.0,1.0,,
GPAB2912_jpg.rf.bf1be34d721f9328c589ea24f4d294f3.jpg,mounding_,0,1113,0,0.0,0.0,0.0,
GPAB2912_jpg.rf.bf1be34d721f9328c589ea24f4d294f3.jpg,oddball,0,0,0,1.0,1.0,,
GPAB2912_jpg.rf.bf1be34d721f9328c589ea24f4d294f3.jpg,pocillopora_,0,33073,0,0.0,0.0,0.0,
GPAB2912_jpg.rf.bf1be34d721f9328c589ea24f4d294f3.jpg,table_acropora,0,0,0,1.0,1.0,,
GPAB2913_jpg.rf.a426d17e675cf5b48b74ca8af4351b03.jpg,branching_acropora,0,0,0,1.0,1.0,,
GPAB2913_jpg.rf.a426d17e675cf5b48b74ca8af4351b03.jpg,finger_acropora,165179,1300,21255,0.8798566056228494,0.9360890644436447,0.9921912072994191,0.885991825525387
GPAB2913_jpg.rf.a426d17e675cf5b48b74ca8af4351b03.jpg,finger_porites,0,0,0,1.0,1.0,,
GPAB2913_jpg.rf.a426d17e675cf5b48b74ca8af4351b03.jpg,knob_porites,0,0,0,1.0,1.0,,
GPAB2913_jpg.rf.a426d17e675cf5b48b74ca8af4351b03.jpg,mounding_,0,0,0,1.0,1.0,,
GPAB2913_jpg.rf.a426d17e675cf5b48b74ca8af4351b03.jpg,oddball,0,0,0,1.0,1.0,,
GPAB2913_jpg.rf.a426d17e675cf5b48b74ca8af4351b03.jpg,pocillopora_,39017,14518,1335,0.7110807362857664,0.8311480822691107,0.728812926123097,0.9669161379857256
GPAB2913_jpg.rf.a426d17e675cf5b48b74ca8af4351b03.jpg,table_acropora,0,0,0,1.0,1.0,,
GPAB2914_jpg.rf.05ad5a37a80ee9922fa2d84461e64b23.jpg,branching_acropora,0,0,0,1.0,1.0,,
GPAB2914_jpg.rf.05ad5a37a80ee9922fa2d84461e64b23.jpg,finger_acropora,345308,18722,37804,0.8593299720780223,0.9243436990558689,0.9485701727879571,0.9013238948401512
GPAB2914_jpg.rf.05ad5a37a80ee9922fa2d84461e64b23.jpg,finger_porites,0,0,0,1.0,1.0,,
GPAB2914_jpg.rf.05ad5a37a80ee9922fa2d84461e64b23.jpg,knob_porites,0,0,0,1.0,1.0,,
GPAB2914_jpg.rf.05ad5a37a80ee9922fa2d84461e64b23.jpg,mounding_,0,0,0,1.0,1.0,,
GPAB2914_jpg.rf.05ad5a37a80ee9922fa2d84461e64b23.jpg,oddball,0,0,2240,0.0,0.0,,0.0
GPAB2914_jpg.rf.05ad5a37a80ee9922fa2d84461e64b23.jpg,pocillopora_,0,14552,0,0.0,0.0,0.0,
GPAB2914_jpg.rf.05ad5a37a80ee9922fa2d84461e64b23.jpg,table_acropora,0,0,0,1.0,1.0,,
GPAB2915_jpg.rf.a6786972f25a53ecff6281be316a127d.jpg,branching_acropora,73740,3271,34515,0.6611911123863494,0.7960446061338832,0.9575255482982951,0.6811694609948732
GPAB2915_jpg.rf.a6786972f25a53ecff6281be316a127d.jpg,finger_acropora,290184,85364,52687,0.6776279379312761,0.8078405498740986,0.7726948352807098,0.8463357939283287
GPAB2915_jpg.rf.a6786972f25a53ecff6281be316a127d.jpg,finger_porites,0,0,0,1.0,1.0,,
GPAB2915_jpg.rf.a6786972f25a53ecff6281be316a127d.jpg,knob_porites,0,0,0,1.0,1.0,,
GPAB2915_jpg.rf.a6786972f25a53ecff6281be316a127d.jpg,mounding_,0,21319,0,0.0,0.0,0.0,
GPAB2915_jpg.rf.a6786972f25a53ecff6281be316a127d.jpg,oddball,0,2084,0,0.0,0.0,0.0,
GPAB2915_jpg.rf.a6786972f25a53ecff6281be316a127d.jpg,pocillopora_,34226,396,70060,0.32695210255822393,0.49278659256486307,0.9885621858933626,0.32819362138733865
GPAB2915_jpg.rf.a6786972f25a53ecff6281be316a127d.jpg,table_acropora,0,0,0,1.0,1.0,,
GPAB2916_jpg.rf.7f634b0de0ff892d3d6e051ea3b40642.jpg,branching_acropora,0,0,753,0.0,0.0,,0.0
GPAB2916_jpg.rf.7f634b0de0ff892d3d6e051ea3b40642.jpg,finger_acropora,73281,38299,10042,0.6025307921264245,0.7519740588908329,0.6567574834199678,0.8794810556509007
GPAB2916_jpg.rf.7f634b0de0ff892d3d6e051ea3b40642.jpg,finger_porites,0,0,0,1.0,1.0,,
GPAB2916_jpg.rf.7f634b0de0ff892d3d6e051ea3b40642.jpg,knob_porites,0,0,0,1.0,1.0,,
GPAB2916_jpg.rf.7f634b0de0ff892d3d6e051ea3b40642.jpg,mounding_,115013,21524,2071,0.8297717303474547,0.9069674829765674,0.8423577491815405,0.9823118444877182
GPAB2916_jpg.rf.7f634b0de0ff892d3d6e051ea3b40642.jpg,oddball,0,0,0,1.0,1.0,,
GPAB2916_jpg.rf.7f634b0de0ff892d3d6e051ea3b40642.jpg,pocillopora_,0,0,0,1.0,1.0,,
GPAB2916_jpg.rf.7f634b0de0ff892d3d6e051ea3b40642.jpg,table_acropora,28854,419,79,0.9830335241210139,0.9914441810122667,0.9856864687596079,0.9972695537967027
GPAB2941_jpg.rf.18f7f408bdbb3d1b44d43910c2e6eba4.jpg,branching_acropora,74488,1228,11769,0.8514373892667314,0.9197582313101567,0.9837814992868086,0.8635588995675714
GPAB2941_jpg.rf.18f7f408bdbb3d1b44d43910c2e6eba4.jpg,finger_acropora,0,2675,0,0.0,0.0,0.0,
GPAB2941_jpg.rf.18f7f408bdbb3d1b44d43910c2e6eba4.jpg,finger_porites,15430,17,140776,0.09876906729482855,0.1797813029775186,0.9988994626788373,0.0987798163962972
GPAB2941_jpg.rf.18f7f408bdbb3d1b44d43910c2e6eba4.jpg,knob_porites,126763,5088,58694,0.6652654228659897,0.7989902555246007,0.9614109866440148,0.6835169338445031
GPAB2941_jpg.rf.18f7f408bdbb3d1b44d43910c2e6eba4.jpg,mounding_,0,5765,2433,0.0,0.0,0.0,0.0
GPAB2941_jpg.rf.18f7f408bdbb3d1b44d43910c2e6eba4.jpg,oddball,0,0,0,1.0,1.0,,
GPAB2941_jpg.rf.18f7f408bdbb3d1b44d43910c2e6eba4.jpg,pocillopora_,0,0,0,1.0,1.0,,
GPAB2941_jpg.rf.18f7f408bdbb3d1b44d43910c2e6eba4.jpg,table_acropora,0,0,0,1.0,1.0,,
GPAB2942_jpg.rf.1e3195c08fa8efff9464de31cf8e5d3c.jpg,branching_acropora,16047,3608,438,0.7986363410142836,0.8880464858882126,0.8164334774866446,0.9734303912647861
GPAB2942_jpg.rf.1e3195c08fa8efff9464de31cf8e5d3c.jpg,finger_acropora,1,55731,3111,1.6994374861920703e-05,3.3988172116103597e-05,1.7943012990741404e-05,0.00032133676092544985
GPAB2942_jpg.rf.1e3195c08fa8efff9464de31cf8e5d3c.jpg,finger_porites,0,0,4415,0.0,0.0,,0.0
GPAB2942_jpg.rf.1e3195c08fa8efff9464de31cf8e5d3c.jpg,knob_porites,9037,2670,13100,0.36429233684040796,0.5340385297246188,0.7719313231400017,0.40823056421375975
GPAB2942_jpg.rf.1e3195c08fa8efff9464de31cf8e5d3c.jpg,mounding_,9550,462,29585,0.24117988736520443,0.38863002828249943,0.9538553735517379,0.24402708572888718
GPAB2942_jpg.rf.1e3195c08fa8efff9464de31cf8e5d3c.jpg,oddball,0,0,1947,0.0,0.0,,0.0
GPAB2942_jpg.rf.1e3195c08fa8efff9464de31cf8e5d3c.jpg,pocillopora_,0,0,0,1.0,1.0,,
GPAB2942_jpg.rf.1e3195c08fa8efff9464de31cf8e5d3c.jpg,table_acropora,125964,12628,62439,0.6265899289164357,0.7704337986819371,0.9088836296467329,0.6685880798076463
GPAB2943_jpg.rf.785d4f902aaf6a01200939a608fa2ac6.jpg,branching_acropora,0,0,0,1.0,1.0,,
GPAB2943_jpg.rf.785d4f902aaf6a01200939a608fa2ac6.jpg,finger_acropora,240415,28605,99149,0.6530017464805565,0.7900799232316328,0.8936696156419597,0.7080108609864414
GPAB2943_jpg.rf.785d4f902aaf6a01200939a608fa2ac6.jpg,finger_porites,0,0,0,1.0,1.0,,
GPAB2943_jpg.rf.785d4f902aaf6a01200939a608fa2ac6.jpg,knob_porites,0,0,0,1.0,1.0,,
GPAB2943_jpg.rf.785d4f902aaf6a01200939a608fa2ac6.jpg,mounding_,1822,494,92,0.7566445182724253,0.8614657210401891,0.7867012089810017,0.9519331243469175
GPAB2943_jpg.rf.785d4f902aaf6a01200939a608fa2ac6.jpg,oddball,0,0,0,1.0,1.0,,
GPAB2943_jpg.rf.785d4f902aaf6a01200939a608fa2ac6.jpg,pocillopora_,25273,4289,614,0.8375198833510075,0.9115764035419935,0.8549150937013734,0.9762815312705219
GPAB2943_jpg.rf.785d4f902aaf6a01200939a608fa2ac6.jpg,table_acropora,0,0,0,1.0,1.0,,
GPAB2944_jpg.rf.4c5671d6eb3325a6fb91a55ecd6b13f6.jpg,branching_acropora,0,0,0,1.0,1.0,,
GPAB2944_jpg.rf.4c5671d6eb3325a6fb91a55ecd6b13f6.jpg,finger_acropora,80347,5777,67695,0.522347694368056,0.6862396761271918,0.9329222980818355,0.5427311168452196
GPAB2944_jpg.rf.4c5671d6eb3325a6fb91a55ecd6b13f6.jpg,finger_porites,0,0,0,1.0,1.0,,
GPAB2944_jpg.rf.4c5671d6eb3325a6fb91a55ecd6b13f6.jpg,knob_porites,0,0,0,1.0,1.0,,
GPAB2944_jpg.rf.4c5671d6eb3325a6fb91a55ecd6b13f6.jpg,mounding_,0,0,0,1.0,1.0,,
GPAB2944_jpg.rf.4c5671d6eb3325a6fb91a55ecd6b13f6.jpg,oddball,0,0,0,1.0,1.0,,
GPAB2944_jpg.rf.4c5671d6eb3325a6fb91a55ecd6b13f6.jpg,pocillopora_,45962,2089,24628,0.6323972536771282,0.7748080343220304,0.9565253584732888,0.6511120555319451
GPAB2944_jpg.rf.4c5671d6eb3325a6fb91a55ecd6b13f6.jpg,table_acropora,0,0,0,1.0,1.0,,
GPAB2946_jpg.rf.4ae04bdc56ebbfb34e63f95e6dec2beb.jpg,branching_acropora,0,0,0,1.0,1.0,,
GPAB2946_jpg.rf.4ae04bdc56ebbfb34e63f95e6dec2beb.jpg,finger_acropora,5040,91,605,0.8786610878661087,0.9354120267260579,0.9822646657571623,0.8928255093002657
GPAB2946_jpg.rf.4ae04bdc56ebbfb34e63f95e6dec2beb.jpg,finger_porites,0,0,0,1.0,1.0,,
GPAB2946_jpg.rf.4ae04bdc56ebbfb34e63f95e6dec2beb.jpg,knob_porites,0,0,0,1.0,1.0,,
GPAB2946_jpg.rf.4ae04bdc56ebbfb34e63f95e6dec2beb.jpg,mounding_,0,0,0,1.0,1.0,,
GPAB2946_jpg.rf.4ae04bdc56ebbfb34e63f95e6dec2beb.jpg,oddball,0,0,0,1.0,1.0,,
GPAB2946_jpg.rf.4ae04bdc56ebbfb34e63f95e6dec2beb.jpg,pocillopora_,0,0,0,1.0,1.0,,
GPAB2946_jpg.rf.4ae04bdc56ebbfb34e63f95e6dec2beb.jpg,table_acropora,0,0,0,1.0,1.0,,
GPAB2948_jpg.rf.4acdaada60495f5c29e1e122f2d83397.jpg,branching_acropora,0,0,0,1.0,1.0,,
GPAB2948_jpg.rf.4acdaada60495f5c29e1e122f2d83397.jpg,finger_acropora,19853,193,876,0.9489054583691807,0.9737829552421827,0.9903721440686422,0.957740363741618
GPAB2948_jpg.rf.4acdaada60495f5c29e1e122f2d83397.jpg,finger_porites,0,0,0,1.0,1.0,,
GPAB2948_jpg.rf.4acdaada60495f5c29e1e122f2d83397.jpg,knob_porites,0,0,0,1.0,1.0,,
GPAB2948_jpg.rf.4acdaada60495f5c29e1e122f2d83397.jpg,mounding_,0,0,8533,0.0,0.0,,0.0
GPAB2948_jpg.rf.4acdaada60495f5c29e1e122f2d83397.jpg,oddball,0,0,0,1.0,1.0,,
GPAB2948_jpg.rf.4acdaada60495f5c29e1e122f2d83397.jpg,pocillopora_,0,0,0,1.0,1.0,,
GPAB2948_jpg.rf.4acdaada60495f5c29e1e122f2d83397.jpg,table_acropora,0,0,0,1.0,1.0,,
GPAB2949_jpg.rf.7fbf6a8deca8c7aae18c53062828ddff.jpg,branching_acropora,0,0,0,1.0,1.0,,
GPAB2949_jpg.rf.7fbf6a8deca8c7aae18c53062828ddff.jpg,finger_acropora,3502,437,126,0.86150061500615,0.9255979912779173,0.889058136582889,0.9652701212789415
GPAB2949_jpg.rf.7fbf6a8deca8c7aae18c53062828ddff.jpg,finger_porites,0,0,0,1.0,1.0,,
GPAB2949_jpg.rf.7fbf6a8deca8c7aae18c53062828ddff.jpg,knob_porites,0,0,0,1.0,1.0,,
GPAB2949_jpg.rf.7fbf6a8deca8c7aae18c53062828ddff.jpg,mounding_,0,0,0,1.0,1.0,,
GPAB2949_jpg.rf.7fbf6a8deca8c7aae18c53062828ddff.jpg,oddball,0,0,0,1.0,1.0,,
GPAB2949_jpg.rf.7fbf6a8deca8c7aae18c53062828ddff.jpg,pocillopora_,0,0,0,1.0,1.0,,
GPAB2949_jpg.rf.7fbf6a8deca8c7aae18c53062828ddff.jpg,table_acropora,0,0,0,1.0,1.0,,
GPAB2950_jpg.rf.502dd1ed83690517b5d11f810ee8abd0.jpg,branching_acropora,0,0,0,1.0,1.0,,
GPAB2950_jpg.rf.502dd1ed83690517b5d11f810ee8abd0.jpg,finger_acropora,143729,5220,26205,0.8205864553478653,0.9014528839731186,0.9649544474954515,0.8457930726046583
GPAB2950_jpg.rf.502dd1ed83690517b5d11f810ee8abd0.jpg,finger_porites,0,0,0,1.0,1.0,,
GPAB2950_jpg.rf.502dd1ed83690517b5d11f810ee8abd0.jpg,knob_porites,0,0,0,1.0,1.0,,
GPAB2950_jpg.rf.502dd1ed83690517b5d11f810ee8abd0.jpg,mounding_,0,0,0,1.0,1.0,,
GPAB2950_jpg.rf.502dd1ed83690517b5d11f810ee8abd0.jpg,oddball,0,4035,2374,0.0,0.0,0.0,0.0
GPAB2950_jpg.rf.502dd1ed83690517b5d11f810ee8abd0.jpg,pocillopora_,2930,267,57,0.9004302397049785,0.9476067270375161,0.9164842039411949,0.9809173083361232
GPAB2950_jpg.rf.502dd1ed83690517b5d11f810ee8abd0.jpg,table_acropora,52953,993,710,0.968841481264637,0.9841741861740189,0.981592703814926,0.9867692823733298
GPAB2951_jpg.rf.42d2aa39a63a8cd50185c4c34c3d023a.jpg,branching_acropora,0,0,0,1.0,1.0,,
GPAB2951_jpg.rf.42d2aa39a63a8cd50185c4c34c3d023a.jpg,finger_acropora,120750,18048,8962,0.817203573362209,0.8994078432833041,0.8699693079150996,0.9309084741581349
GPAB2951_jpg.rf.42d2aa39a63a8cd50185c4c34c3d023a.jpg,finger_porites,0,0,0,1.0,1.0,,
GPAB2951_jpg.rf.42d2aa39a63a8cd50185c4c34c3d023a.jpg,knob_porites,0,0,0,1.0,1.0,,
GPAB2951_jpg.rf.42d2aa39a63a8cd50185c4c34c3d023a.jpg,mounding_,0,0,0,1.0,1.0,,
GPAB2951_jpg.rf.42d2aa39a63a8cd50185c4c34c3d023a.jpg,oddball,2510,27045,6195,0.07020979020979021,0.13120752744380554,0.08492640839113517,0.2883400344629523
GPAB2951_jpg.rf.42d2aa39a63a8cd50185c4c34c3d023a.jpg,pocillopora_,0,6148,0,0.0,0.0,0.0,
GPAB2951_jpg.rf.42d2aa39a63a8cd50185c4c34c3d023a.jpg,table_acropora,0,0,0,1.0,1.0,,
GPAB2952_jpg.rf.d5edd999c3d70eee6ea6ae39f932ee17.jpg,branching_acropora,1289,256,53975,0.02321685878962536,0.045380133429562215,0.8343042071197411,0.02332440648523451
GPAB2952_jpg.rf.d5edd999c3d70eee6ea6ae39f932ee17.jpg,finger_acropora,105888,7921,6321,0.8814451011404312,0.9369873195940146,0.9304009348997003,0.9436676202443655
GPAB2952_jpg.rf.d5edd999c3d70eee6ea6ae39f932ee17.jpg,finger_porites,0,10344,0,0.0,0.0,0.0,
GPAB2952_jpg.rf.d5edd999c3d70eee6ea6ae39f932ee17.jpg,knob_porites,0,0,0,1.0,1.0,,
GPAB2952_jpg.rf.d5edd999c3d70eee6ea6ae39f932ee17.jpg,mounding_,5046,3956,1496,0.48066298342541436,0.6492537313432836,0.5605421017551655,0.7713237542036074
GPAB2952_jpg.rf.d5edd999c3d70eee6ea6ae39f932ee17.jpg,oddball,0,0,0,1.0,1.0,,
GPAB2952_jpg.rf.d5edd999c3d70eee6ea6ae39f932ee17.jpg,pocillopora_,0,23517,0,0.0,0.0,0.0,
GPAB2952_jpg.rf.d5edd999c3d70eee6ea6ae39f932ee17.jpg,table_acropora,0,0,0,1.0,1.0,,
GPAB2953_jpg.rf.e9d7fd4bca495dd962d44280979b6764.jpg,branching_acropora,0,0,0,1.0,1.0,,
GPAB2953_jpg.rf.e9d7fd4bca495dd962d44280979b6764.jpg,finger_acropora,199474,29860,32685,0.7612959365542193,0.8644724838729948,0.8697968901253194,0.8592128670437071
GPAB2953_jpg.rf.e9d7fd4bca495dd962d44280979b6764.jpg,finger_porites,0,0,0,1.0,1.0,,
GPAB2953_jpg.rf.e9d7fd4bca495dd962d44280979b6764.jpg,knob_porites,9757,1339,297,0.8564030545071535,0.9226477541371159,0.8793258832011536,0.9704595185995624
GPAB2953_jpg.rf.e9d7fd4bca495dd962d44280979b6764.jpg,mounding_,27842,2546,16713,0.591112715228976,0.7430180270338791,0.916216927734632,0.6248905846706319
GPAB2953_jpg.rf.e9d7fd4bca495dd962d44280979b6764.jpg,oddball,0,0,0,1.0,1.0,,
GPAB2953_jpg.rf.e9d7fd4bca495dd962d44280979b6764.jpg,pocillopora_,0,0,0,1.0,1.0,,
GPAB2953_jpg.rf.e9d7fd4bca495dd962d44280979b6764.jpg,table_acropora,0,0,0,1.0,1.0,,
GPAB2985_jpg.rf.1aa4eb008b359be4a92a854650b08c4f.jpg,branching_acropora,34647,2895,6355,0.789279449620703,0.8822316154002852,0.9228863672686591,0.8450075606067997
GPAB2985_jpg.rf.1aa4eb008b359be4a92a854650b08c4f.jpg,finger_acropora,0,0,932,0.0,0.0,,0.0
GPAB2985_jpg.rf.1aa4eb008b359be4a92a854650b08c4f.jpg,finger_porites,32719,9488,34044,0.4290960118555822,0.6005139029090575,0.775203165351719,0.49007683896769166
GPAB2985_jpg.rf.1aa4eb008b359be4a92a854650b08c4f.jpg,knob_porites,138440,14614,89339,0.5711386054877823,0.7270378354816941,0.9045173598860533,0.6077821045838291
GPAB2985_jpg.rf.1aa4eb008b359be4a92a854650b08c4f.jpg,mounding_,4852,220,11801,0.287560007111954,0.44667433831990794,0.9566246056782335,0.291358914309734
GPAB2985_jpg.rf.1aa4eb008b359be4a92a854650b08c4f.jpg,oddball,0,0,980,0.0,0.0,,0.0
GPAB2985_jpg.rf.1aa4eb008b359be4a92a854650b08c4f.jpg,pocillopora_,0,0,0,1.0,1.0,,
GPAB2985_jpg.rf.1aa4eb008b359be4a92a854650b08c4f.jpg,table_acropora,0,0,0,1.0,1.0,,
GPAB2986_jpg.rf.8384c7104ca8ce5717f2a1895ec3f4e6.jpg,branching_acropora,9132,1197,2399,0.7174732872407291,0.8354986276303751,0.8841126924194017,0.7919521290434481
GPAB2986_jpg.rf.8384c7104ca8ce5717f2a1895ec3f4e6.jpg,finger_acropora,134003,7108,39911,0.7402580901768846,0.8507451789540512,0.9496283067939424,0.770513012178433
GPAB2986_jpg.rf.8384c7104ca8ce5717f2a1895ec3f4e6.jpg,finger_porites,0,0,0,1.0,1.0,,
GPAB2986_jpg.rf.8384c7104ca8ce5717f2a1895ec3f4e6.jpg,knob_porites,0,0,14456,0.0,0.0,,0.0
GPAB2986_jpg.rf.8384c7104ca8ce5717f2a1895ec3f4e6.jpg,mounding_,6189,2464,17249,0.23893907806347,0.3857156212022062,0.7152432682306714,0.26405836675484257
GPAB2986_jpg.rf.8384c7104ca8ce5717f2a1895ec3f4e6.jpg,oddball,1001,6394,3379,0.09290885465008353,0.1700212314225053,0.13536173089925627,0.22853881278538812
GPAB2986_jpg.rf.8384c7104ca8ce5717f2a1895ec3f4e6.jpg,pocillopora_,0,0,0,1.0,1.0,,
GPAB2986_jpg.rf.8384c7104ca8ce5717f2a1895ec3f4e6.jpg,table_acropora,3849,10,3312,0.5367452238181565,0.6985480943738657,0.9974086550919927,0.5374947633012149
GPAB2987_jpg.rf.8edaf56f6842917821771008f1c445b3.jpg,branching_acropora,0,0,4580,0.0,0.0,,0.0
GPAB2987_jpg.rf.8edaf56f6842917821771008f1c445b3.jpg,finger_acropora,267073,9956,16831,0.9088443476485402,0.9522456336139967,0.9640615242447541,0.9407158757889991
GPAB2987_jpg.rf.8edaf56f6842917821771008f1c445b3.jpg,finger_porites,0,0,0,1.0,1.0,,
GPAB2987_jpg.rf.8edaf56f6842917821771008f1c445b3.jpg,knob_porites,0,0,0,1.0,1.0,,
GPAB2987_jpg.rf.8edaf56f6842917821771008f1c445b3.jpg,mounding_,4412,8202,4796,0.2534175761056864,0.4043625698836037,0.34977009671793247,0.4791485664639444
GPAB2987_jpg.rf.8edaf56f6842917821771008f1c445b3.jpg,oddball,0,0,0,1.0,1.0,,
GPAB2987_jpg.rf.8edaf56f6842917821771008f1c445b3.jpg,pocillopora_,0,0,0,1.0,1.0,,
GPAB2987_jpg.rf.8edaf56f6842917821771008f1c445b3.jpg,table_acropora,0,0,0,1.0,1.0,,
GPAB2988_jpg.rf.83afaab24b357370faadb37c4a8f2e80.jpg,branching_acropora,2789,294,2917,0.4648333333333333,0.634656957560587,0.9046383392799221,0.4887837364178058
GPAB2988_jpg.rf.83afaab24b357370faadb37c4a8f2e80.jpg,finger_acropora,140805,4580,20153,0.8505901968128164,0.9192637011454481,0.968497437837466,0.8747934243715751
GPAB2988_jpg.rf.83afaab24b357370faadb37c4a8f2e80.jpg,finger_porites,0,0,0,1.0,1.0,,
GPAB2988_jpg.rf.83afaab24b357370faadb37c4a8f2e80.jpg,knob_porites,0,0,0,1.0,1.0,,
GPAB2988_jpg.rf.83afaab24b357370faadb37c4a8f2e80.jpg,mounding_,13772,42,1019,0.9284703027034316,0.9629085824156616,0.9969596061966122,0.9311067541072273
GPAB2988_jpg.rf.83afaab24b357370faadb37c4a8f2e80.jpg,oddball,0,0,0,1.0,1.0,,
GPAB2988_jpg.rf.83afaab24b357370faadb37c4a8f2e80.jpg,pocillopora_,0,5486,0,0.0,0.0,0.0,
GPAB2988_jpg.rf.83afaab24b357370faadb37c4a8f2e80.jpg,table_acropora,0,0,0,1.0,1.0,,
GPAB2989_jpg.rf.8c0306c24da4ca0fa0a6db116a0c7028.jpg,branching_acropora,32938,10103,82642,0.2620720383822792,0.41530440483920794,0.7652703236448968,0.28498010036338467
GPAB2989_jpg.rf.8c0306c24da4ca0fa0a6db116a0c7028.jpg,finger_acropora,367931,128135,76766,0.6423017568850902,0.7821970039212852,0.7416976773251946,0.8273745943867398
GPAB2989_jpg.rf.8c0306c24da4ca0fa0a6db116a0c7028.jpg,finger_porites,0,0,0,1.0,1.0,,
GPAB2989_jpg.rf.8c0306c24da4ca0fa0a6db116a0c7028.jpg,knob_porites,0,0,0,1.0,1.0,,
GPAB2989_jpg.rf.8c0306c24da4ca0fa0a6db116a0c7028.jpg,mounding_,0,0,0,1.0,1.0,,
GPAB2989_jpg.rf.8c0306c24da4ca0fa0a6db116a0c7028.jpg,oddball,0,0,0,1.0,1.0,,
GPAB2989_jpg.rf.8c0306c24da4ca0fa0a6db116a0c7028.jpg,pocillopora_,0,0,0,1.0,1.0,,
GPAB2989_jpg.rf.8c0306c24da4ca0fa0a6db116a0c7028.jpg,table_acropora,0,0,189201,0.0,0.0,,0.0
GPAB2990_jpg.rf.26380753fc33e784adf7e3cfce47a36f.jpg,branching_acropora,0,1386,0,0.0,0.0,0.0,
GPAB2990_jpg.rf.26380753fc33e784adf7e3cfce47a36f.jpg,finger_acropora,169238,3291,739777,0.18550574039850665,0.3129562921157161,0.9809249459511155,0.186177345808375
GPAB2990_jpg.rf.26380753fc33e784adf7e3cfce47a36f.jpg,finger_porites,0,0,0,1.0,1.0,,
GPAB2990_jpg.rf.26380753fc33e784adf7e3cfce47a36f.jpg,knob_porites,0,0,0,1.0,1.0,,
GPAB2990_jpg.rf.26380753fc33e784adf7e3cfce47a36f.jpg,mounding_,0,23264,0,0.0,0.0,0.0,
GPAB2990_jpg.rf.26380753fc33e784adf7e3cfce47a36f.jpg,oddball,0,0,0,1.0,1.0,,
GPAB2990_jpg.rf.26380753fc33e784adf7e3cfce47a36f.jpg,pocillopora_,0,9191,0,0.0,0.0,0.0,
GPAB2990_jpg.rf.26380753fc33e784adf7e3cfce47a36f.jpg,table_acropora,0,0,0,1.0,1.0,,
GPAB2991_jpg.rf.349d021fabfa3966b9f88f23b1096169.jpg,branching_acropora,0,0,0,1.0,1.0,,
GPAB2991_jpg.rf.349d021fabfa3966b9f88f23b1096169.jpg,finger_acropora,333969,14169,81120,0.7780146205778343,0.8751498571198346,0.9593006221670717,0.8045720315402239
GPAB2991_jpg.rf.349d021fabfa3966b9f88f23b1096169.jpg,finger_porites,0,0,0,1.0,1.0,,
GPAB2991_jpg.rf.349d021fabfa3966b9f88f23b1096169.jpg,knob_porites,0,0,0,1.0,1.0,,
GPAB2991_jpg.rf.349d021fabfa3966b9f88f23b1096169.jpg,mounding_,5209,2,7624,0.40584339696143357,0.5773664375969851,0.9996161965073882,0.4059066469258942
GPAB2991_jpg.rf.349d021fabfa3966b9f88f23b1096169.jpg,oddball,0,0,0,1.0,1.0,,
GPAB2991_jpg.rf.349d021fabfa3966b9f88f23b1096169.jpg,pocillopora_,0,5029,0,0.0,0.0,0.0,
GPAB2991_jpg.rf.349d021fabfa3966b9f88f23b1096169.jpg,table_acropora,0,0,0,1.0,1.0,,
GPAB2992_jpg.rf.e4effd5df06ee1d3cc045935c76638eb.jpg,branching_acropora,0,13431,0,0.0,0.0,0.0,
GPAB2992_jpg.rf.e4effd5df06ee1d3cc045935c76638eb.jpg,finger_acropora,95174,1525,17457,0.8337187708048636,0.9093202121052884,0.9842294129205059,0.8450071472329997
GPAB2992_jpg.rf.e4effd5df06ee1d3cc045935c76638eb.jpg,finger_porites,0,0,0,1.0,1.0,,
GPAB2992_jpg.rf.e4effd5df06ee1d3cc045935c76638eb.jpg,knob_porites,0,0,0,1.0,1.0,,
GPAB2992_jpg.rf.e4effd5df06ee1d3cc045935c76638eb.jpg,mounding_,0,0,23,0.0,0.0,,0.0
GPAB2992_jpg.rf.e4effd5df06ee1d3cc045935c76638eb.jpg,oddball,0,3323,0,0.0,0.0,0.0,
GPAB2992_jpg.rf.e4effd5df06ee1d3cc045935c76638eb.jpg,pocillopora_,0,0,0,1.0,1.0,,
GPAB2992_jpg.rf.e4effd5df06ee1d3cc045935c76638eb.jpg,table_acropora,0,0,0,1.0,1.0,,
GPAB2994_jpg.rf.399149a84f76c2e820ddc039f29be960.jpg,branching_acropora,0,0,0,1.0,1.0,,
GPAB2994_jpg.rf.399149a84f76c2e820ddc039f29be960.jpg,finger_acropora,39077,2848,23620,0.5961858265313906,0.7470130565273079,0.9320691711389386,0.6232674609630445
GPAB2994_jpg.rf.399149a84f76c2e820ddc039f29be960.jpg,finger_porites,0,0,0,1.0,1.0,,
GPAB2994_jpg.rf.399149a84f76c2e820ddc039f29be960.jpg,knob_porites,0,0,0,1.0,1.0,,
GPAB2994_jpg.rf.399149a84f76c2e820ddc039f29be960.jpg,mounding_,0,0,0,1.0,1.0,,
GPAB2994_jpg.rf.399149a84f76c2e820ddc039f29be960.jpg,oddball,0,2612,0,0.0,0.0,0.0,
GPAB2994_jpg.rf.399149a84f76c2e820ddc039f29be960.jpg,pocillopora_,0,8833,0,0.0,0.0,0.0,
GPAB2994_jpg.rf.399149a84f76c2e820ddc039f29be960.jpg,table_acropora,0,0,0,1.0,1.0,,
GPAB2995_jpg.rf.77053a52828cd1b35e1a6b481dda0977.jpg,branching_acropora,0,0,0,1.0,1.0,,
GPAB2995_jpg.rf.77053a52828cd1b35e1a6b481dda0977.jpg,finger_acropora,583890,25128,277166,0.6588812255694078,0.7943681746633162,0.9587401357595342,0.6781092054407611
GPAB2995_jpg.rf.77053a52828cd1b35e1a6b481dda0977.jpg,finger_porites,0,0,0,1.0,1.0,,
GPAB2995_jpg.rf.77053a52828cd1b35e1a6b481dda0977.jpg,knob_porites,0,0,0,1.0,1.0,,
GPAB2995_jpg.rf.77053a52828cd1b35e1a6b481dda0977.jpg,mounding_,7681,657,584,0.8609056265411342,0.9252544720833584,0.9212041256896139,0.929340592861464
GPAB2995_jpg.rf.77053a52828cd1b35e1a6b481dda0977.jpg,oddball,0,0,0,1.0,1.0,,
GPAB2995_jpg.rf.77053a52828cd1b35e1a6b481dda0977.jpg,pocillopora_,0,0,0,1.0,1.0,,
GPAB2995_jpg.rf.77053a52828cd1b35e1a6b481dda0977.jpg,table_acropora,0,0,0,1.0,1.0,,
GPAB2996_jpg.rf.71234c52d0bc86b7485ea41a885640db.jpg,branching_acropora,0,0,0,1.0,1.0,,
GPAB2996_jpg.rf.71234c52d0bc86b7485ea41a885640db.jpg,finger_acropora,361912,37714,19362,0.8637765282060584,0.9269099756690997,0.9056267610215551,0.9492176230217638
GPAB2996_jpg.rf.71234c52d0bc86b7485ea41a885640db.jpg,finger_porites,0,0,0,1.0,1.0,,
GPAB2996_jpg.rf.71234c52d0bc86b7485ea41a885640db.jpg,knob_porites,0,0,0,1.0,1.0,,
GPAB2996_jpg.rf.71234c52d0bc86b7485ea41a885640db.jpg,mounding_,0,0,0,1.0,1.0,,
GPAB2996_jpg.rf.71234c52d0bc86b7485ea41a885640db.jpg,oddball,0,0,0,1.0,1.0,,
GPAB2996_jpg.rf.71234c52d0bc86b7485ea41a885640db.jpg,pocillopora_,0,0,0,1.0,1.0,,
GPAB2996_jpg.rf.71234c52d0bc86b7485ea41a885640db.jpg,table_acropora,0,0,0,1.0,1.0,,
GPAB3022_jpg.rf.4a7028ccc8d0c43d90f9f26c5b803a76.jpg,branching_acropora,0,0,0,1.0,1.0,,
GPAB3022_jpg.rf.4a7028ccc8d0c43d90f9f26c5b803a76.jpg,finger_acropora,0,2738,0,0.0,0.0,0.0,
GPAB3022_jpg.rf.4a7028ccc8d0c43d90f9f26c5b803a76.jpg,finger_porites,0,0,35343,0.0,0.0,,0.0
GPAB3022_jpg.rf.4a7028ccc8d0c43d90f9f26c5b803a76.jpg,knob_porites,108691,20130,82274,0.5148913996068121,0.6797733484267604,0.8437366578430535,0.5691671248658131
GPAB3022_jpg.rf.4a7028ccc8d0c43d90f9f26c5b803a76.jpg,mounding_,21103,426,26847,0.4362287084504713,0.6074641258509765,0.9802127363091644,0.44010427528675705
GPAB3022_jpg.rf.4a7028ccc8d0c43d90f9f26c5b803a76.jpg,oddball,0,25816,0,0.0,0.0,0.0,
GPAB3022_jpg.rf.4a7028ccc8d0c43d90f9f26c5b803a76.jpg,pocillopora_,0,0,0,1.0,1.0,,
GPAB3022_jpg.rf.4a7028ccc8d0c43d90f9f26c5b803a76.jpg,table_acropora,0,3921,0,0.0,0.0,0.0,
GPAB3023_jpg.rf.2d06d6161234dba9738fbea660799947.jpg,branching_acropora,0,0,0,1.0,1.0,,
GPAB3023_jpg.rf.2d06d6161234dba9738fbea660799947.jpg,finger_acropora,0,0,0,1.0,1.0,,
GPAB3023_jpg.rf.2d06d6161234dba9738fbea660799947.jpg,finger_porites,6968,22289,6508,0.1948273451698588,0.3261179884398474,0.23816522541613971,0.5170673790442267
GPAB3023_jpg.rf.2d06d6161234dba9738fbea660799947.jpg,knob_porites,135052,15994,86461,0.5686232405781725,0.72499657772326,0.8941117275531957,0.6096797930595496
GPAB3023_jpg.rf.2d06d6161234dba9738fbea660799947.jpg,mounding_,32358,1505,30209,0.5050255962042702,0.6711189463859795,0.955556211794584,0.5171735899116148
GPAB3023_jpg.rf.2d06d6161234dba9738fbea660799947.jpg,oddball,0,0,3014,0.0,0.0,,0.0
GPAB3023_jpg.rf.2d06d6161234dba9738fbea660799947.jpg,pocillopora_,0,0,0,1.0,1.0,,
GPAB3023_jpg.rf.2d06d6161234dba9738fbea660799947.jpg,table_acropora,0,0,0,1.0,1.0,,
GPAB3024_jpg.rf.962d5da92455184bd060dd0c24c8dab4.jpg,branching_acropora,6203,295,1429,0.782515453513309,0.8779900920028308,0.9546014158202524,0.8127620545073375
GPAB3024_jpg.rf.962d5da92455184bd060dd0c24c8dab4.jpg,finger_acropora,0,2112,276,0.0,0.0,0.0,0.0
GPAB3024_jpg.rf.962d5da92455184bd060dd0c24c8dab4.jpg,finger_porites,0,0,0,1.0,1.0,,
GPAB3024_jpg.rf.962d5da92455184bd060dd0c24c8dab4.jpg,knob_porites,231893,8677,63890,0.7616534191683637,0.8647029102102534,0.9639314960302615,0.7839970518927727
GPAB3024_jpg.rf.962d5da92455184bd060dd0c24c8dab4.jpg,mounding_,3915,32684,8771,0.08629050033061494,0.15887186770822764,0.10697013579606,0.30860791423616585
GPAB3024_jpg.rf.962d5da92455184bd060dd0c24c8dab4.jpg,oddball,0,0,0,1.0,1.0,,
GPAB3024_jpg.rf.962d5da92455184bd060dd0c24c8dab4.jpg,pocillopora_,0,0,0,1.0,1.0,,
GPAB3024_jpg.rf.962d5da92455184bd060dd0c24c8dab4.jpg,table_acropora,0,0,0,1.0,1.0,,
GPAB3025_jpg.rf.0e7dd03ddf2d70bda47a0516e862f4c9.jpg,branching_acropora,0,0,5769,0.0,0.0,,0.0
GPAB3025_jpg.rf.0e7dd03ddf2d70bda47a0516e862f4c9.jpg,finger_acropora,47763,14552,23626,0.5557650015708451,0.7144588045234249,0.7664767712428789,0.6690526551709647
GPAB3025_jpg.rf.0e7dd03ddf2d70bda47a0516e862f4c9.jpg,finger_porites,0,0,0,1.0,1.0,,
GPAB3025_jpg.rf.0e7dd03ddf2d70bda47a0516e862f4c9.jpg,knob_porites,0,0,21233,0.0,0.0,,0.0
GPAB3025_jpg.rf.0e7dd03ddf2d70bda47a0516e862f4c9.jpg,mounding_,4621,2709,20209,0.16779839500344965,0.2873756218905473,0.6304229195088676,0.1861055175191301
GPAB3025_jpg.rf.0e7dd03ddf2d70bda47a0516e862f4c9.jpg,oddball,0,0,718,0.0,0.0,,0.0
GPAB3025_jpg.rf.0e7dd03ddf2d70bda47a0516e862f4c9.jpg,pocillopora_,0,0,0,1.0,1.0,,
GPAB3025_jpg.rf.0e7dd03ddf2d70bda47a0516e862f4c9.jpg,table_acropora,0,0,0,1.0,1.0,,
GPAB3026_jpg.rf.0132f1051a4116579dca9e90f5fe8dac.jpg,branching_acropora,0,0,0,1.0,1.0,,
GPAB3026_jpg.rf.0132f1051a4116579dca9e90f5fe8dac.jpg,finger_acropora,84490,27088,12455,0.6811896833907105,0.8103662425727618,0.757228127408629,0.8715250915467533
GPAB3026_jpg.rf.0132f1051a4116579dca9e90f5fe8dac.jpg,finger_porites,0,0,0,1.0,1.0,,
GPAB3026_jpg.rf.0132f1051a4116579dca9e90f5fe8dac.jpg,knob_porites,0,0,0,1.0,1.0,,
GPAB3026_jpg.rf.0132f1051a4116579dca9e90f5fe8dac.jpg,mounding_,7777,1928,24031,0.23052525492055964,0.374677811769807,0.8013395157135497,0.24449823943661972
GPAB3026_jpg.rf.0132f1051a4116579dca9e90f5fe8dac.jpg,oddball,0,16272,0,0.0,0.0,0.0,
GPAB3026_jpg.rf.0132f1051a4116579dca9e90f5fe8dac.jpg,pocillopora_,0,0,0,1.0,1.0,,
GPAB3026_jpg.rf.0132f1051a4116579dca9e90f5fe8dac.jpg,table_acropora,0,0,0,1.0,1.0,,
GPAB3027_jpg.rf.747b37a57bb87ebb8bad757bc73c82cb.jpg,branching_acropora,6678,411,7599,0.45465686274509803,0.6251053074978938,0.9420228523063902,0.4677453246480353
GPAB3027_jpg.rf.747b37a57bb87ebb8bad757bc73c82cb.jpg,finger_acropora,101173,17610,39412,0.6395461297765416,0.7801502112828105,0.8517464620358132,0.7196571469217911
GPAB3027_jpg.rf.747b37a57bb87ebb8bad757bc73c82cb.jpg,finger_porites,0,0,0,1.0,1.0,,
GPAB3027_jpg.rf.747b37a57bb87ebb8bad757bc73c82cb.jpg,knob_porites,0,0,0,1.0,1.0,,
GPAB3027_jpg.rf.747b37a57bb87ebb8bad757bc73c82cb.jpg,mounding_,0,1853,0,0.0,0.0,0.0,
GPAB3027_jpg.rf.747b37a57bb87ebb8bad757bc73c82cb.jpg,oddball,0,0,21794,0.0,0.0,,0.0
GPAB3027_jpg.rf.747b37a57bb87ebb8bad757bc73c82cb.jpg,pocillopora_,11817,9050,801,0.5453664389883699,0.7058085710019412,0.5663008578137729,0.9365192582025678
GPAB3027_jpg.rf.747b37a57bb87ebb8bad757bc73c82cb.jpg,table_acropora,0,0,0,1.0,1.0,,
GPAB3028_jpg.rf.bab6e79b28a15e973dd2a4273d4b3f69.jpg,branching_acropora,0,10276,0,0.0,0.0,0.0,
GPAB3028_jpg.rf.bab6e79b28a15e973dd2a4273d4b3f69.jpg,finger_acropora,133219,12339,32343,0.7488378367743858,0.8563833890460273,0.9152296678987071,0.8046472016525531
GPAB3028_jpg.rf.bab6e79b28a15e973dd2a4273d4b3f69.jpg,finger_porites,0,0,0,1.0,1.0,,
GPAB3028_jpg.rf.bab6e79b28a15e973dd2a4273d4b3f69.jpg,knob_porites,0,0,0,1.0,1.0,,
GPAB3028_jpg.rf.bab6e79b28a15e973dd2a4273d4b3f69.jpg,mounding_,0,1571,0,0.0,0.0,0.0,
GPAB3028_jpg.rf.bab6e79b28a15e973dd2a4273d4b3f69.jpg,oddball,0,10889,0,0.0,0.0,0.0,
GPAB3028_jpg.rf.bab6e79b28a15e973dd2a4273d4b3f69.jpg,pocillopora_,0,0,171846,0.0,0.0,,0.0
GPAB3028_jpg.rf.bab6e79b28a15e973dd2a4273d4b3f69.jpg,table_acropora,0,0,0,1.0,1.0,,
GPAB3029_jpg.rf.9be364b3f26fd5581081ef77d347a1a7.jpg,branching_acropora,1392,154,50,0.8721804511278195,0.9317269076305221,0.9003880983182406,0.9653259361997226
GPAB3029_jpg.rf.9be364b3f26fd5581081ef77d347a1a7.jpg,finger_acropora,333190,12804,50392,0.8405695458467252,0.9133798260907705,0.9629935779233166,0.8686278292516333
GPAB3029_jpg.rf.9be364b3f26fd5581081ef77d347a1a7.jpg,finger_porites,0,0,0,1.0,1.0,,
GPAB3029_jpg.rf.9be364b3f26fd5581081ef77d347a1a7.jpg,knob_porites,0,0,0,1.0,1.0,,
GPAB3029_jpg.rf.9be364b3f26fd5581081ef77d347a1a7.jpg,mounding_,1627,0,1399,0.5376734963648381,0.6993337631635504,1.0,0.5376734963648381
GPAB3029_jpg.rf.9be364b3f26fd5581081ef77d347a1a7.jpg,oddball,0,4777,0,0.0,0.0,0.0,
GPAB3029_jpg.rf.9be364b3f26fd5581081ef77d347a1a7.jpg,pocillopora_,0,0,0,1.0,1.0,,
GPAB3029_jpg.rf.9be364b3f26fd5581081ef77d347a1a7.jpg,table_acropora,0,0,0,1.0,1.0,,
GPAB3030_jpg.rf.adc799d4514f57aa03abab83f2ad6e6e.jpg,branching_acropora,0,0,0,1.0,1.0,,
GPAB3030_jpg.rf.adc799d4514f57aa03abab83f2ad6e6e.jpg,finger_acropora,460668,35483,48303,0.8461100478644661,0.9166409649773858,0.9284834657191057,0.9050967540390317
GPAB3030_jpg.rf.adc799d4514f57aa03abab83f2ad6e6e.jpg,finger_porites,0,0,0,1.0,1.0,,
GPAB3030_jpg.rf.adc799d4514f57aa03abab83f2ad6e6e.jpg,knob_porites,0,0,0,1.0,1.0,,
GPAB3030_jpg.rf.adc799d4514f57aa03abab83f2ad6e6e.jpg,mounding_,0,2891,0,0.0,0.0,0.0,
GPAB3030_jpg.rf.adc799d4514f57aa03abab83f2ad6e6e.jpg,oddball,0,0,0,1.0,1.0,,
GPAB3030_jpg.rf.adc799d4514f57aa03abab83f2ad6e6e.jpg,pocillopora_,0,0,0,1.0,1.0,,
GPAB3030_jpg.rf.adc799d4514f57aa03abab83f2ad6e6e.jpg,table_acropora,0,0,0,1.0,1.0,,
GPAB3031_jpg.rf.ab0edf94425b881b01d5ae81bd81b21d.jpg,branching_acropora,0,0,0,1.0,1.0,,
GPAB3031_jpg.rf.ab0edf94425b881b01d5ae81bd81b21d.jpg,finger_acropora,150573,78969,33385,0.572679869317339,0.7282853688029021,0.6559714562040934,0.8185183574511573
GPAB3031_jpg.rf.ab0edf94425b881b01d5ae81bd81b21d.jpg,finger_porites,0,0,0,1.0,1.0,,
GPAB3031_jpg.rf.ab0edf94425b881b01d5ae81bd81b21d.jpg,knob_porites,0,0,0,1.0,1.0,,
GPAB3031_jpg.rf.ab0edf94425b881b01d5ae81bd81b21d.jpg,mounding_,1589,49,27,0.9543543543543543,0.9766441303011678,0.9700854700854701,0.9832920792079208
GPAB3031_jpg.rf.ab0edf94425b881b01d5ae81bd81b21d.jpg,oddball,0,0,674,0.0,0.0,,0.0
GPAB3031_jpg.rf.ab0edf94425b881b01d5ae81bd81b21d.jpg,pocillopora_,0,2692,0,0.0,0.0,0.0,
GPAB3031_jpg.rf.ab0edf94425b881b01d5ae81bd81b21d.jpg,table_acropora,0,0,0,1.0,1.0,,
GPAB3032_jpg.rf.1d597c1e44f74b2246f4f867092f84fd.jpg,branching_acropora,44357,2632,5805,0.840190173125734,0.9131558089983633,0.9439868905488519,0.8842749491647064
GPAB3032_jpg.rf.1d597c1e44f74b2246f4f867092f84fd.jpg,finger_acropora,297480,33502,86774,0.7120903110906845,0.8318373236246498,0.8987799940782278,0.7741754152201409
GPAB3032_jpg.rf.1d597c1e44f74b2246f4f867092f84fd.jpg,finger_porites,0,0,0,1.0,1.0,,
GPAB3032_jpg.rf.1d597c1e44f74b2246f4f867092f84fd.jpg,knob_porites,0,0,49360,0.0,0.0,,0.0
GPAB3032_jpg.rf.1d597c1e44f74b2246f4f867092f84fd.jpg,mounding_,4176,2116,2974,0.4506799050291388,0.6213361106978128,0.6636999364272091,0.5840559440559441
GPAB3032_jpg.rf.1d597c1e44f74b2246f4f867092f84fd.jpg,oddball,0,0,7981,0.0,0.0,,0.0
GPAB3032_jpg.rf.1d597c1e44f74b2246f4f867092f84fd.jpg,pocillopora_,0,10038,0,0.0,0.0,0.0,
GPAB3032_jpg.rf.1d597c1e44f74b2246f4f867092f84fd.jpg,table_acropora,0,0,13451,0.0,0.0,,0.0
GPAB3033_jpg.rf.50b9b3afcefbc3350536ce8c5bc36581.jpg,branching_acropora,37157,3329,6166,0.79647174826374,0.8867066782803756,0.9177740453490095,0.8576737529718625
GPAB3033_jpg.rf.50b9b3afcefbc3350536ce8c5bc36581.jpg,finger_acropora,107804,60134,10640,0.6036801845692078,0.7528685462075131,0.6419273779609141,0.9101685184559792
GPAB3033_jpg.rf.50b9b3afcefbc3350536ce8c5bc36581.jpg,finger_porites,0,0,0,1.0,1.0,,
GPAB3033_jpg.rf.50b9b3afcefbc3350536ce8c5bc36581.jpg,knob_porites,3657,7141,8572,0.1887971089313371,0.31762713336518,0.3386738284867568,0.29904325782974894
GPAB3033_jpg.rf.50b9b3afcefbc3350536ce8c5bc36581.jpg,mounding_,10480,5231,15455,0.33626387730218826,0.503289631657302,0.6670485646998918,0.4040871409292462
GPAB3033_jpg.rf.50b9b3afcefbc3350536ce8c5bc36581.jpg,oddball,0,2547,662,0.0,0.0,0.0,0.0
GPAB3033_jpg.rf.50b9b3afcefbc3350536ce8c5bc36581.jpg,pocillopora_,0,0,0,1.0,1.0,,
GPAB3033_jpg.rf.50b9b3afcefbc3350536ce8c5bc36581.jpg,table_acropora,0,0,0,1.0,1.0,,
GPAB3035_jpg.rf.d5c32d9742ccdb6a97e4a8d5755c24d6.jpg,branching_acropora,0,0,0,1.0,1.0,,
GPAB3035_jpg.rf.d5c32d9742ccdb6a97e4a8d5755c24d6.jpg,finger_acropora,0,0,0,1.0,1.0,,
GPAB3035_jpg.rf.d5c32d9742ccdb6a97e4a8d5755c24d6.jpg,finger_porites,20876,2917,99968,0.1686799557211076,0.28866749172065237,0.8774009162358677,0.17275164675118335
GPAB3035_jpg.rf.d5c32d9742ccdb6a97e4a8d5755c24d6.jpg,knob_porites,163508,41909,227945,0.3773011939210175,0.5478847990349658,0.7959808584489112,0.41769510005032534
GPAB3035_jpg.rf.d5c32d9742ccdb6a97e4a8d5755c24d6.jpg,mounding_,0,4750,0,0.0,0.0,0.0,
GPAB3035_jpg.rf.d5c32d9742ccdb6a97e4a8d5755c24d6.jpg,oddball,0,2316,0,0.0,0.0,0.0,
GPAB3035_jpg.rf.d5c32d9742ccdb6a97e4a8d5755c24d6.jpg,pocillopora_,0,0,0,1.0,1.0,,
GPAB3035_jpg.rf.d5c32d9742ccdb6a97e4a8d5755c24d6.jpg,table_acropora,0,0,0,1.0,1.0,,
GPAB3036_jpg.rf.73115f2d96e2a173cce8abbe17c95bd0.jpg,branching_acropora,0,0,0,1.0,1.0,,
GPAB3036_jpg.rf.73115f2d96e2a173cce8abbe17c95bd0.jpg,finger_acropora,0,0,9968,0.0,0.0,,0.0
GPAB3036_jpg.rf.73115f2d96e2a173cce8abbe17c95bd0.jpg,finger_porites,58575,55230,84333,0.2956272900705569,0.4563461920510453,0.5146961908527745,0.40987908304643544
GPAB3036_jpg.rf.73115f2d96e2a173cce8abbe17c95bd0.jpg,knob_porites,117925,4184,123013,0.48108696893791664,0.6496404046858947,0.9657355313695142,0.48944126704795426
GPAB3036_jpg.rf.73115f2d96e2a173cce8abbe17c95bd0.jpg,mounding_,4195,125,2613,0.6050771671714986,0.7539539899352984,0.9710648148148148,0.6161868390129259
GPAB3036_jpg.rf.73115f2d96e2a173cce8abbe17c95bd0.jpg,oddball,6696,16929,8092,0.2111170665573667,0.34863197355062087,0.2834285714285714,0.45279956721666215
GPAB3036_jpg.rf.73115f2d96e2a173cce8abbe17c95bd0.jpg,pocillopora_,0,0,0,1.0,1.0,,
GPAB3036_jpg.rf.73115f2d96e2a173cce8abbe17c95bd0.jpg,table_acropora,0,3005,0,0.0,0.0,0.0,
GPAB3065_jpg.rf.623b37a3e1def7e946fbe7642cf75b09.jpg,branching_acropora,0,0,0,1.0,1.0,,
GPAB3065_jpg.rf.623b37a3e1def7e946fbe7642cf75b09.jpg,finger_acropora,0,0,0,1.0,1.0,,
GPAB3065_jpg.rf.623b37a3e1def7e946fbe7642cf75b09.jpg,finger_porites,39767,63734,15825,0.3332634966394583,0.49992142960406805,0.3842185099660873,0.715336739099151
GPAB3065_jpg.rf.623b37a3e1def7e946fbe7642cf75b09.jpg,knob_porites,33998,984,217777,0.13450757440882422,0.2371206282671391,0.9718712480704362,0.1350332638268295
GPAB3065_jpg.rf.623b37a3e1def7e946fbe7642cf75b09.jpg,mounding_,0,0,199,0.0,0.0,,0.0
GPAB3065_jpg.rf.623b37a3e1def7e946fbe7642cf75b09.jpg,oddball,0,0,0,1.0,1.0,,
GPAB3065_jpg.rf.623b37a3e1def7e946fbe7642cf75b09.jpg,pocillopora_,0,3423,0,0.0,0.0,0.0,
GPAB3065_jpg.rf.623b37a3e1def7e946fbe7642cf75b09.jpg,table_acropora,0,3749,2147,0.0,0.0,0.0,0.0
GPAB3066_jpg.rf.c7ab7f595d1fabcf9345d55074498965.jpg,branching_acropora,106852,2216,3420,0.9498968778891971,0.9743047323789551,0.9796823999706605,0.968985780615206
GPAB3066_jpg.rf.c7ab7f595d1fabcf9345d55074498965.jpg,finger_acropora,0,0,4742,0.0,0.0,,0.0
GPAB3066_jpg.rf.c7ab7f595d1fabcf9345d55074498965.jpg,finger_porites,47051,6278,48718,0.46107185904534187,0.631141933493407,0.8822779350822254,0.4912967661769466
GPAB3066_jpg.rf.c7ab7f595d1fabcf9345d55074498965.jpg,knob_porites,294003,92720,53420,0.6679715456113127,0.8009387778452788,0.760241826837297,0.8462393105810496
GPAB3066_jpg.rf.c7ab7f595d1fabcf9345d55074498965.jpg,mounding_,0,0,22878,0.0,0.0,,0.0
GPAB3066_jpg.rf.c7ab7f595d1fabcf9345d55074498965.jpg,oddball,0,5570,0,0.0,0.0,0.0,
GPAB3066_jpg.rf.c7ab7f595d1fabcf9345d55074498965.jpg,pocillopora_,0,0,0,1.0,1.0,,
GPAB3066_jpg.rf.c7ab7f595d1fabcf9345d55074498965.jpg,table_acropora,2670,3658,50,0.41862652869238004,0.5901856763925729,0.4219342604298357,0.9816176470588235
GPAB3067_jpg.rf.787b1d28ce4fe02d8dcdc53034e25912.jpg,branching_acropora,23135,2959,12435,0.6004567987749487,0.7503567721847432,0.8866022840499732,0.6504076468934495
GPAB3067_jpg.rf.787b1d28ce4fe02d8dcdc53034e25912.jpg,finger_acropora,12553,2911,115420,0.0959093548485682,0.17503154695092618,0.8117563372995344,0.09809100357106577
GPAB3067_jpg.rf.787b1d28ce4fe02d8dcdc53034e25912.jpg,finger_porites,64673,44864,27636,0.47147033308304115,0.6408152750116426,0.5904215014104823,0.7006142412982482
GPAB3067_jpg.rf.787b1d28ce4fe02d8dcdc53034e25912.jpg,knob_porites,18281,4831,256393,0.06540491225559471,0.12277944564217257,0.7909743856005538,0.06655526187407618
GPAB3067_jpg.rf.787b1d28ce4fe02d8dcdc53034e25912.jpg,mounding_,6689,1865,108894,0.056952864246304746,0.10776803048245084,0.781973345803133,0.057871832362890736
GPAB3067_jpg.rf.787b1d28ce4fe02d8dcdc53034e25912.jpg,oddball,0,0,637,0.0,0.0,,0.0
GPAB3067_jpg.rf.787b1d28ce4fe02d8dcdc53034e25912.jpg,pocillopora_,0,0,0,1.0,1.0,,
GPAB3067_jpg.rf.787b1d28ce4fe02d8dcdc53034e25912.jpg,table_acropora,1990,18170,5022,0.07902470018267016,0.14647431179155013,0.09871031746031746,0.2837992013690816
GPAB3068_jpg.rf.7d5b5b389e42fbf25daa11b1aab52fd6.jpg,branching_acropora,0,0,0,1.0,1.0,,
GPAB3068_jpg.rf.7d5b5b389e42fbf25daa11b1aab52fd6.jpg,finger_acropora,3187,125,1081,0.72547234236285,0.8408970976253298,0.9622584541062802,0.7467197750702905
GPAB3068_jpg.rf.7d5b5b389e42fbf25daa11b1aab52fd6.jpg,finger_porites,0,97498,0,0.0,0.0,0.0,
GPAB3068_jpg.rf.7d5b5b389e42fbf25daa11b1aab52fd6.jpg,knob_porites,125358,718,175504,0.4156708004509583,0.5872421756789042,0.9943050223674609,0.416662788919837
GPAB3068_jpg.rf.7d5b5b389e42fbf25daa11b1aab52fd6.jpg,mounding_,1367,2,11518,0.10607589043221852,0.19180580889574855,0.9985390796201608,0.10609235545207606
GPAB3068_jpg.rf.7d5b5b389e42fbf25daa11b1aab52fd6.jpg,oddball,3237,1440,52,0.6844998942694016,0.8127039919658549,0.6921103271327774,0.9841897233201581
GPAB3068_jpg.rf.7d5b5b389e42fbf25daa11b1aab52fd6.jpg,pocillopora_,0,0,0,1.0,1.0,,
GPAB3068_jpg.rf.7d5b5b389e42fbf25daa11b1aab52fd6.jpg,table_acropora,289049,3008,157150,0.6434650395029463,0.783058993086409,0.9897006406283705,0.647802886156177
GPAB3069_jpg.rf.b4e787e9b2ba7d152d6ea99e92e0ca40.jpg,branching_acropora,150839,28264,36209,0.7005601174110129,0.823916908597819,0.8421913647454258,0.8064186732817245
GPAB3069_jpg.rf.b4e787e9b2ba7d152d6ea99e92e0ca40.jpg,finger_acropora,48005,16360,56601,0.39684704793082354,0.5682040113392239,0.7458245941117067,0.45891249067931095
GPAB3069_jpg.rf.b4e787e9b2ba7d152d6ea99e92e0ca40.jpg,finger_porites,0,0,21125,0.0,0.0,,0.0
GPAB3069_jpg.rf.b4e787e9b2ba7d152d6ea99e92e0ca40.jpg,knob_porites,61544,14575,20668,0.635870519801213,0.7774093512957033,0.8085234961047832,0.7486011774436822
GPAB3069_jpg.rf.b4e787e9b2ba7d152d6ea99e92e0ca40.jpg,mounding_,5316,2326,4024,0.45568318189610835,0.6260746672947827,0.6956294163831458,0.5691648822269807
GPAB3069_jpg.rf.b4e787e9b2ba7d152d6ea99e92e0ca40.jpg,oddball,5076,14,5420,0.4829686013320647,0.651353779032465,0.9972495088408644,0.4836128048780488
GPAB3069_jpg.rf.b4e787e9b2ba7d152d6ea99e92e0ca40.jpg,pocillopora_,0,0,0,1.0,1.0,,
GPAB3069_jpg.rf.b4e787e9b2ba7d152d6ea99e92e0ca40.jpg,table_acropora,88236,1172,16846,0.8304252075215992,0.907357704766312,0.9868915533285612,0.8396871015016844
GPAB3070_jpg.rf.9cd39d8ce8d5b63ee10a306d3f11ec2a.jpg,branching_acropora,19243,473,23509,0.4451821862348178,0.6160914388166742,0.9760093325218097,0.45010759730538924
GPAB3070_jpg.rf.9cd39d8ce8d5b63ee10a306d3f11ec2a.jpg,finger_acropora,69942,16147,92126,0.39245854726033164,0.5636915339885636,0.8124382906062331,0.4315595922699114
GPAB3070_jpg.rf.9cd39d8ce8d5b63ee10a306d3f11ec2a.jpg,finger_porites,0,22941,2536,0.0,0.0,0.0,0.0
GPAB3070_jpg.rf.9cd39d8ce8d5b63ee10a306d3f11ec2a.jpg,knob_porites,6769,22394,5988,0.1925692014451936,0.32294847328244275,0.232109179439701,0.5306106451360038
GPAB3070_jpg.rf.9cd39d8ce8d5b63ee10a306d3f11ec2a.jpg,mounding_,0,0,10048,0.0,0.0,,0.0
GPAB3070_jpg.rf.9cd39d8ce8d5b63ee10a306d3f11ec2a.jpg,oddball,0,0,14301,0.0,0.0,,0.0
GPAB3070_jpg.rf.9cd39d8ce8d5b63ee10a306d3f11ec2a.jpg,pocillopora_,0,0,1042,0.0,0.0,,0.0
GPAB3070_jpg.rf.9cd39d8ce8d5b63ee10a306d3f11ec2a.jpg,table_acropora,38037,10983,8063,0.6663454969080111,0.7997687132043734,0.7759485924112607,0.8250976138828633
GPAB3072_jpg.rf.0ac2243c6b202e76c28f399d6eb11d70.jpg,branching_acropora,0,0,0,1.0,1.0,,
GPAB3072_jpg.rf.0ac2243c6b202e76c28f399d6eb11d70.jpg,finger_acropora,1484,19491,2239,0.0639269406392694,0.12017167381974249,0.07075089392133492,0.39860327692720926
GPAB3072_jpg.rf.0ac2243c6b202e76c28f399d6eb11d70.jpg,finger_porites,0,0,0,1.0,1.0,,
GPAB3072_jpg.rf.0ac2243c6b202e76c28f399d6eb11d70.jpg,knob_porites,20287,214,27774,0.4202382185396168,0.5917855371780286,0.9895614848056192,0.4221094026341524
GPAB3072_jpg.rf.0ac2243c6b202e76c28f399d6eb11d70.jpg,mounding_,0,0,0,1.0,1.0,,
GPAB3072_jpg.rf.0ac2243c6b202e76c28f399d6eb11d70.jpg,oddball,4497,82,1663,0.7204421659724447,0.8375081478722414,0.9820921598602315,0.7300324675324675
GPAB3072_jpg.rf.0ac2243c6b202e76c28f399d6eb11d70.jpg,pocillopora_,0,0,0,1.0,1.0,,
GPAB3072_jpg.rf.0ac2243c6b202e76c28f399d6eb11d70.jpg,table_acropora,202007,1772,111332,0.6410661639866587,0.781280094678584,0.991304305154113,0.6446915321744181
GPAB3074_jpg.rf.38770129f002645fcdacee0bd4225300.jpg,branching_acropora,0,0,0,1.0,1.0,,
GPAB3074_jpg.rf.38770129f002645fcdacee0bd4225300.jpg,finger_acropora,67547,12160,21914,0.6646952893594827,0.7985789274567294,0.8474412535912781,0.7550440974279294
GPAB3074_jpg.rf.38770129f002645fcdacee0bd4225300.jpg,finger_porites,0,0,33596,0.0,0.0,,0.0
GPAB3074_jpg.rf.38770129f002645fcdacee0bd4225300.jpg,knob_porites,26005,43946,134313,0.12731073512709043,0.22586626945007796,0.37176023216251375,0.1622088598909667
GPAB3074_jpg.rf.38770129f002645fcdacee0bd4225300.jpg,mounding_,0,8398,2405,0.0,0.0,0.0,0.0
GPAB3074_jpg.rf.38770129f002645fcdacee0bd4225300.jpg,oddball,0,0,2473,0.0,0.0,,0.0
GPAB3074_jpg.rf.38770129f002645fcdacee0bd4225300.jpg,pocillopora_,0,0,4453,0.0,0.0,,0.0
GPAB3074_jpg.rf.38770129f002645fcdacee0bd4225300.jpg,table_acropora,0,61856,6142,0.0,0.0,0.0,0.0
GPAB3075_jpg.rf.3f2d5382731b43b7f93907122f078970.jpg,branching_acropora,26025,613,1295,0.9316936956288261,0.964639163794062,0.9769877618439823,0.9525988286969254
GPAB3075_jpg.rf.3f2d5382731b43b7f93907122f078970.jpg,finger_acropora,60252,17844,57253,0.4451602893261125,0.6160704699873722,0.7715119852489244,0.5127611590996127
GPAB3075_jpg.rf.3f2d5382731b43b7f93907122f078970.jpg,finger_porites,0,16613,6942,0.0,0.0,0.0,0.0
GPAB3075_jpg.rf.3f2d5382731b43b7f93907122f078970.jpg,knob_porites,282086,13633,55439,0.8033022172355464,0.8909235618497767,0.9538988025794758,0.8357484630768092
GPAB3075_jpg.rf.3f2d5382731b43b7f93907122f078970.jpg,mounding_,9954,836,17961,0.346214044728879,0.5143521508848986,0.9225208526413345,0.35658248253627084
GPAB3075_jpg.rf.3f2d5382731b43b7f93907122f078970.jpg,oddball,8443,292,12425,0.399007561436673,0.5704151606256123,0.9665712650257584,0.4045907609737397
GPAB3075_jpg.rf.3f2d5382731b43b7f93907122f078970.jpg,pocillopora_,0,0,0,1.0,1.0,,
GPAB3075_jpg.rf.3f2d5382731b43b7f93907122f078970.jpg,table_acropora,72353,4869,19853,0.7453309296935359,0.8540855112496164,0.9369480199943021,0.7846886319762272
GPAB3076_jpg.rf.6688d0a1b6f765cccf799dc184aea270.jpg,branching_acropora,26853,3728,319,0.8690291262135922,0.929925718144512,0.878094241522514,0.9882599735021346
GPAB3076_jpg.rf.6688d0a1b6f765cccf799dc184aea270.jpg,finger_acropora,39865,6704,62618,0.36510756775073955,0.5349139897485441,0.8560415727200498,0.3889913449059844
GPAB3076_jpg.rf.6688d0a1b6f765cccf799dc184aea270.jpg,finger_porites,0,51972,1620,0.0,0.0,0.0,0.0
GPAB3076_jpg.rf.6688d0a1b6f765cccf799dc184aea270.jpg,knob_porites,87246,5294,237432,0.26440425248202876,0.4182274015023321,0.9427923060298249,0.26871546578456196
GPAB3076_jpg.rf.6688d0a1b6f765cccf799dc184aea270.jpg,mounding_,3236,1098,13920,0.1772762134326723,0.30116333178222426,0.7466543608675589,0.1886220564234087
GPAB3076_jpg.rf.6688d0a1b6f765cccf799dc184aea270.jpg,oddball,0,2508,0,0.0,0.0,0.0,
GPAB3076_jpg.rf.6688d0a1b6f765cccf799dc184aea270.jpg,pocillopora_,0,0,0,1.0,1.0,,
GPAB3076_jpg.rf.6688d0a1b6f765cccf799dc184aea270.jpg,table_acropora,88141,6612,39848,0.6548316877289173,0.7914178735936644,0.9302185682775216,0.6886607442827118
GPAB3077_jpg.rf.e6dd2d28fb69105d93898db9cb337457.jpg,branching_acropora,9974,338,1792,0.8240251156642432,0.9035238699157533,0.96722265321955,0.8476967533571307
GPAB3077_jpg.rf.e6dd2d28fb69105d93898db9cb337457.jpg,finger_acropora,9517,3014,19034,0.30150483130049105,0.463317267903218,0.759476498284255,0.3333333333333333
GPAB3077_jpg.rf.e6dd2d28fb69105d93898db9cb337457.jpg,finger_porites,0,11621,24348,0.0,0.0,0.0,0.0
GPAB3077_jpg.rf.e6dd2d28fb69105d93898db9cb337457.jpg,knob_porites,356077,18637,124390,0.7134324709880105,0.8327523647040802,0.9502634008870765,0.7411060489065846
GPAB3077_jpg.rf.e6dd2d28fb69105d93898db9cb337457.jpg,mounding_,0,3874,11942,0.0,0.0,0.0,0.0
GPAB3077_jpg.rf.e6dd2d28fb69105d93898db9cb337457.jpg,oddball,0,0,8125,0.0,0.0,,0.0
GPAB3077_jpg.rf.e6dd2d28fb69105d93898db9cb337457.jpg,pocillopora_,0,0,0,1.0,1.0,,
GPAB3077_jpg.rf.e6dd2d28fb69105d93898db9cb337457.jpg,table_acropora,0,0,45716,0.0,0.0,,0.0
GPAB3078_jpg.rf.cd093ba40852e610c6dba2034d50c1dc.jpg,branching_acropora,0,0,21436,0.0,0.0,,0.0
GPAB3078_jpg.rf.cd093ba40852e610c6dba2034d50c1dc.jpg,finger_acropora,10216,1740,23301,0.28975806222877726,0.4493215754403712,0.8544663767146202,0.30480054897514697
GPAB3078_jpg.rf.cd093ba40852e610c6dba2034d50c1dc.jpg,finger_porites,146398,3474,17230,0.8760996277722588,0.9339585326953748,0.9768202199209992,0.8947001735644267
GPAB3078_jpg.rf.cd093ba40852e610c6dba2034d50c1dc.jpg,knob_porites,280006,13701,96193,0.7181482431392665,0.8359560893617911,0.9533514693214666,0.744302882251149
GPAB3078_jpg.rf.cd093ba40852e610c6dba2034d50c1dc.jpg,mounding_,0,0,5414,0.0,0.0,,0.0
GPAB3078_jpg.rf.cd093ba40852e610c6dba2034d50c1dc.jpg,oddball,0,0,0,1.0,1.0,,
GPAB3078_jpg.rf.cd093ba40852e610c6dba2034d50c1dc.jpg,pocillopora_,0,0,0,1.0,1.0,,
GPAB3078_jpg.rf.cd093ba40852e610c6dba2034d50c1dc.jpg,table_acropora,0,6176,0,0.0,0.0,0.0,
GPAB3079_jpg.rf.a4a8223fb26f718eff035a84cb461caa.jpg,branching_acropora,0,0,2843,0.0,0.0,,0.0
GPAB3079_jpg.rf.a4a8223fb26f718eff035a84cb461caa.jpg,finger_acropora,7529,3056,1436,0.6263206056068547,0.770230179028133,0.7112895606991025,0.8398215281650865
GPAB3079_jpg.rf.a4a8223fb26f718eff035a84cb461caa.jpg,finger_porites,0,55036,10655,0.0,0.0,0.0,0.0
GPAB3079_jpg.rf.a4a8223fb26f718eff035a84cb461caa.jpg,knob_porites,115514,26356,177915,0.3612239473396188,0.5307340471721737,0.8142242898428138,0.3936693373865569
GPAB3079_jpg.rf.a4a8223fb26f718eff035a84cb461caa.jpg,mounding_,0,0,24401,0.0,0.0,,0.0
GPAB3079_jpg.rf.a4a8223fb26f718eff035a84cb461caa.jpg,oddball,0,0,17924,0.0,0.0,,0.0
GPAB3079_jpg.rf.a4a8223fb26f718eff035a84cb461caa.jpg,pocillopora_,0,0,0,1.0,1.0,,
GPAB3079_jpg.rf.a4a8223fb26f718eff035a84cb461caa.jpg,table_acropora,68777,397,168,0.9918519800409564,0.995909324567945,0.9942608494521062,0.9975632750743346
GPAB3080_jpg.rf.78f928f2c19bd787656114709b49bc5b.jpg,branching_acropora,0,0,0,1.0,1.0,,
GPAB3080_jpg.rf.78f928f2c19bd787656114709b49bc5b.jpg,finger_acropora,0,0,0,1.0,1.0,,
GPAB3080_jpg.rf.78f928f2c19bd787656114709b49bc5b.jpg,finger_porites,211061,382,37917,0.8464108116778954,0.9168174344784448,0.9981933665337703,0.8477094361750838
GPAB3080_jpg.rf.78f928f2c19bd787656114709b49bc5b.jpg,knob_porites,17887,3029,16755,0.47482148071460806,0.6439036682385975,0.8551826353031172,0.5163385485826454
GPAB3080_jpg.rf.78f928f2c19bd787656114709b49bc5b.jpg,mounding_,0,0,9656,0.0,0.0,,0.0
GPAB3080_jpg.rf.78f928f2c19bd787656114709b49bc5b.jpg,oddball,0,0,2057,0.0,0.0,,0.0
GPAB3080_jpg.rf.78f928f2c19bd787656114709b49bc5b.jpg,pocillopora_,0,0,0,1.0,1.0,,
GPAB3080_jpg.rf.78f928f2c19bd787656114709b49bc5b.jpg,table_acropora,11394,9882,4476,0.44245107176141657,0.613471167824261,0.5355329949238579,0.7179584120982987
GPAB3090_jpg.rf.125d5f6ed38bdc5cbae2b664e2362386.jpg,branching_acropora,145624,3981,4166,0.9470186185951838,0.9727884567210541,0.9733899268072591,0.9721877294879498
GPAB3090_jpg.rf.125d5f6ed38bdc5cbae2b664e2362386.jpg,finger_acropora,42071,5864,37762,0.49092733701296426,0.658553002316699,0.8776676749765308,0.5269875865870004
GPAB3090_jpg.rf.125d5f6ed38bdc5cbae2b664e2362386.jpg,finger_porites,206683,18597,11286,0.8736800723688104,0.9325819121983355,0.9174493963068182,0.9482219948708303
GPAB3090_jpg.rf.125d5f6ed38bdc5cbae2b664e2362386.jpg,knob_porites,142512,9828,23029,0.812640774595282,0.8966374209216657,0.9354864119732178,0.8608864269274681
GPAB3090_jpg.rf.125d5f6ed38bdc5cbae2b664e2362386.jpg,mounding_,0,0,12145,0.0,0.0,,0.0
GPAB3090_jpg.rf.125d5f6ed38bdc5cbae2b664e2362386.jpg,oddball,0,2123,634,0.0,0.0,0.0,0.0
GPAB3090_jpg.rf.125d5f6ed38bdc5cbae2b664e2362386.jpg,pocillopora_,0,0,0,1.0,1.0,,
GPAB3090_jpg.rf.125d5f6ed38bdc5cbae2b664e2362386.jpg,table_acropora,1373,6100,302,0.17659163987138263,0.30017490161783994,0.18372808778268432,0.8197014925373134
GPAB3091_jpg.rf.2419e7ae9b651b8df0f426db91599eee.jpg,branching_acropora,187033,5414,248355,0.42430161387652504,0.5958030374222527,0.9718675791256813,0.4295777559326394
GPAB3091_jpg.rf.2419e7ae9b651b8df0f426db91599eee.jpg,finger_acropora,22217,12247,10825,0.4905606217845393,0.6582229727727905,0.6446436861652739,0.6723866594031839
GPAB3091_jpg.rf.2419e7ae9b651b8df0f426db91599eee.jpg,finger_porites,36747,7502,10229,0.6745291677374353,0.8056344203891477,0.8304594454111958,0.7822505108991825
GPAB3091_jpg.rf.2419e7ae9b651b8df0f426db91599eee.jpg,knob_porites,8167,805,101160,0.07415646678531217,0.13807386368439295,0.9102764155149353,0.0747024980105555
GPAB3091_jpg.rf.2419e7ae9b651b8df0f426db91599eee.jpg,mounding_,871,55609,21767,0.011131417178933378,0.02201774564574433,0.015421388101983003,0.038475130311865
GPAB3091_jpg.rf.2419e7ae9b651b8df0f426db91599eee.jpg,oddball,0,11145,606,0.0,0.0,0.0,0.0
GPAB3091_jpg.rf.2419e7ae9b651b8df0f426db91599eee.jpg,pocillopora_,0,0,0,1.0,1.0,,
GPAB3091_jpg.rf.2419e7ae9b651b8df0f426db91599eee.jpg,table_acropora,0,0,55263,0.0,0.0,,0.0
GPAB3092_jpg.rf.3bad61d847234ef79c48d0ea084de422.jpg,branching_acropora,130427,3422,40596,0.7476683195276448,0.855618095463014,0.9744338769807769,0.7626284183998644
GPAB3092_jpg.rf.3bad61d847234ef79c48d0ea084de422.jpg,finger_acropora,5192,8138,64298,0.06688308342350698,0.12538034291234001,0.3894973743435859,0.07471578644409267
GPAB3092_jpg.rf.3bad61d847234ef79c48d0ea084de422.jpg,finger_porites,25500,222,3315,0.8781898956503771,0.9351449474668574,0.9913692558898997,0.8849557522123894
GPAB3092_jpg.rf.3bad61d847234ef79c48d0ea084de422.jpg,knob_porites,98712,3641,479189,0.16974182432223295,0.2902210056831713,0.9644270319384874,0.17081126352091447
GPAB3092_jpg.rf.3bad61d847234ef79c48d0ea084de422.jpg,mounding_,0,1139,20659,0.0,0.0,0.0,0.0
GPAB3092_jpg.rf.3bad61d847234ef79c48d0ea084de422.jpg,oddball,0,27262,0,0.0,0.0,0.0,
GPAB3092_jpg.rf.3bad61d847234ef79c48d0ea084de422.jpg,pocillopora_,0,1914,0,0.0,0.0,0.0,
GPAB3092_jpg.rf.3bad61d847234ef79c48d0ea084de422.jpg,table_acropora,0,365199,0,0.0,0.0,0.0,
GPAB3093_jpg.rf.285d85f2bda7ab2fe223676c69049377.jpg,branching_acropora,97640,2302,538494,0.15293623793144498,0.2652986919828931,0.9769666406515779,0.15348967355934443
GPAB3093_jpg.rf.285d85f2bda7ab2fe223676c69049377.jpg,finger_acropora,104204,13099,76873,0.5366471654581411,0.6984650445740331,0.8883319267196917,0.5754678948734516
GPAB3093_jpg.rf.285d85f2bda7ab2fe223676c69049377.jpg,finger_porites,0,0,0,1.0,1.0,,
GPAB3093_jpg.rf.285d85f2bda7ab2fe223676c69049377.jpg,knob_porites,13857,2585,95,0.8379391667170587,0.9118247022438639,0.842780683615132,0.9931909403669725
GPAB3093_jpg.rf.285d85f2bda7ab2fe223676c69049377.jpg,mounding_,0,51806,0,0.0,0.0,0.0,
GPAB3093_jpg.rf.285d85f2bda7ab2fe223676c69049377.jpg,oddball,0,1883,2007,0.0,0.0,0.0,0.0
GPAB3093_jpg.rf.285d85f2bda7ab2fe223676c69049377.jpg,pocillopora_,0,0,0,1.0,1.0,,
GPAB3093_jpg.rf.285d85f2bda7ab2fe223676c69049377.jpg,table_acropora,0,18258,0,0.0,0.0,0.0,
GPAB3095_jpg.rf.c30fe8fea9a0ca71fd70d7ad21b1c91c.jpg,branching_acropora,0,0,0,1.0,1.0,,
GPAB3095_jpg.rf.c30fe8fea9a0ca71fd70d7ad21b1c91c.jpg,finger_acropora,0,0,967976,0.0,0.0,,0.0
GPAB3095_jpg.rf.c30fe8fea9a0ca71fd70d7ad21b1c91c.jpg,finger_porites,0,0,0,1.0,1.0,,
GPAB3095_jpg.rf.c30fe8fea9a0ca71fd70d7ad21b1c91c.jpg,knob_porites,0,0,0,1.0,1.0,,
GPAB3095_jpg.rf.c30fe8fea9a0ca71fd70d7ad21b1c91c.jpg,mounding_,0,119791,0,0.0,0.0,0.0,
GPAB3095_jpg.rf.c30fe8fea9a0ca71fd70d7ad21b1c91c.jpg,oddball,0,72604,0,0.0,0.0,0.0,
GPAB3095_jpg.rf.c30fe8fea9a0ca71fd70d7ad21b1c91c.jpg,pocillopora_,0,0,0,1.0,1.0,,
GPAB3095_jpg.rf.c30fe8fea9a0ca71fd70d7ad21b1c91c.jpg,table_acropora,0,0,0,1.0,1.0,,
GPAB3096_jpg.rf.a6470fed9e9e1c7e6665b90f39689d33.jpg,branching_acropora,0,0,0,1.0,1.0,,
GPAB3096_jpg.rf.a6470fed9e9e1c7e6665b90f39689d33.jpg,finger_acropora,0,13014,394370,0.0,0.0,0.0,0.0
GPAB3096_jpg.rf.a6470fed9e9e1c7e6665b90f39689d33.jpg,finger_porites,0,16099,0,0.0,0.0,0.0,
GPAB3096_jpg.rf.a6470fed9e9e1c7e6665b90f39689d33.jpg,knob_porites,0,0,0,1.0,1.0,,
GPAB3096_jpg.rf.a6470fed9e9e1c7e6665b90f39689d33.jpg,mounding_,0,138825,0,0.0,0.0,0.0,
GPAB3096_jpg.rf.a6470fed9e9e1c7e6665b90f39689d33.jpg,oddball,0,21411,0,0.0,0.0,0.0,
GPAB3096_jpg.rf.a6470fed9e9e1c7e6665b90f39689d33.jpg,pocillopora_,0,4984,0,0.0,0.0,0.0,
GPAB3096_jpg.rf.a6470fed9e9e1c7e6665b90f39689d33.jpg,table_acropora,0,0,0,1.0,1.0,,
GPAB3097_jpg.rf.1d99e8ef816fb9dcb878d24c738e0e5f.jpg,branching_acropora,0,0,0,1.0,1.0,,
GPAB3097_jpg.rf.1d99e8ef816fb9dcb878d24c738e0e5f.jpg,finger_acropora,619771,408451,196,0.6026450334397103,0.7520630218985808,0.6027599098249211,0.9996838541406237
GPAB3097_jpg.rf.1d99e8ef816fb9dcb878d24c738e0e5f.jpg,finger_porites,0,0,0,1.0,1.0,,
GPAB3097_jpg.rf.1d99e8ef816fb9dcb878d24c738e0e5f.jpg,knob_porites,0,0,0,1.0,1.0,,
GPAB3097_jpg.rf.1d99e8ef816fb9dcb878d24c738e0e5f.jpg,mounding_,0,0,0,1.0,1.0,,
GPAB3097_jpg.rf.1d99e8ef816fb9dcb878d24c738e0e5f.jpg,oddball,0,0,0,1.0,1.0,,
GPAB3097_jpg.rf.1d99e8ef816fb9dcb878d24c738e0e5f.jpg,pocillopora_,0,0,0,1.0,1.0,,
GPAB3097_jpg.rf.1d99e8ef816fb9dcb878d24c738e0e5f.jpg,table_acropora,0,0,0,1.0,1.0,,
GPAB3098_jpg.rf.64f8658b6d719daf7a6ca2fc4cd9cecf.jpg,branching_acropora,0,1004,0,0.0,0.0,0.0,
GPAB3098_jpg.rf.64f8658b6d719daf7a6ca2fc4cd9cecf.jpg,finger_acropora,0,0,0,1.0,1.0,,
GPAB3098_jpg.rf.64f8658b6d719daf7a6ca2fc4cd9cecf.jpg,finger_porites,0,0,0,1.0,1.0,,
GPAB3098_jpg.rf.64f8658b6d719daf7a6ca2fc4cd9cecf.jpg,knob_porites,0,0,0,1.0,1.0,,
GPAB3098_jpg.rf.64f8658b6d719daf7a6ca2fc4cd9cecf.jpg,mounding_,0,25021,0,0.0,0.0,0.0,
GPAB3098_jpg.rf.64f8658b6d719daf7a6ca2fc4cd9cecf.jpg,oddball,0,3583,0,0.0,0.0,0.0,
GPAB3098_jpg.rf.64f8658b6d719daf7a6ca2fc4cd9cecf.jpg,pocillopora_,0,16410,0,0.0,0.0,0.0,
GPAB3098_jpg.rf.64f8658b6d719daf7a6ca2fc4cd9cecf.jpg,table_acropora,0,0,0,1.0,1.0,,
GPAB3099_jpg.rf.fd9c504343c7c4aa14009c61fb4860e5.jpg,branching_acropora,0,0,0,1.0,1.0,,
GPAB3099_jpg.rf.fd9c504343c7c4aa14009c61fb4860e5.jpg,finger_acropora,840832,176658,9994,0.8183407235538461,0.9000961293485684,0.8263786376278882,0.9882537675153321
GPAB3099_jpg.rf.fd9c504343c7c4aa14009c61fb4860e5.jpg,finger_porites,0,0,0,1.0,1.0,,
GPAB3099_jpg.rf.fd9c504343c7c4aa14009c61fb4860e5.jpg,knob_porites,0,0,0,1.0,1.0,,
GPAB3099_jpg.rf.fd9c504343c7c4aa14009c61fb4860e5.jpg,mounding_,0,10825,0,0.0,0.0,0.0,
GPAB3099_jpg.rf.fd9c504343c7c4aa14009c61fb4860e5.jpg,oddball,0,8259,0,0.0,0.0,0.0,
GPAB3099_jpg.rf.fd9c504343c7c4aa14009c61fb4860e5.jpg,pocillopora_,0,0,0,1.0,1.0,,
GPAB3099_jpg.rf.fd9c504343c7c4aa14009c61fb4860e5.jpg,table_acropora,0,0,0,1.0,1.0,,
GPAB3100_jpg.rf.e7ec1e1b776eaf06f12dc677181b3f99.jpg,branching_acropora,7823,195,31877,0.19608973555583406,0.3278846556854856,0.9756797206285857,0.1970528967254408
GPAB3100_jpg.rf.e7ec1e1b776eaf06f12dc677181b3f99.jpg,finger_acropora,12796,0,258643,0.04714134667457513,0.09003817263883758,1.0,0.04714134667457513
GPAB3100_jpg.rf.e7ec1e1b776eaf06f12dc677181b3f99.jpg,finger_porites,0,0,0,1.0,1.0,,
GPAB3100_jpg.rf.e7ec1e1b776eaf06f12dc677181b3f99.jpg,knob_porites,0,0,0,1.0,1.0,,
GPAB3100_jpg.rf.e7ec1e1b776eaf06f12dc677181b3f99.jpg,mounding_,0,50165,0,0.0,0.0,0.0,
GPAB3100_jpg.rf.e7ec1e1b776eaf06f12dc677181b3f99.jpg,oddball,0,31939,0,0.0,0.0,0.0,
GPAB3100_jpg.rf.e7ec1e1b776eaf06f12dc677181b3f99.jpg,pocillopora_,0,3341,0,0.0,0.0,0.0,
GPAB3100_jpg.rf.e7ec1e1b776eaf06f12dc677181b3f99.jpg,table_acropora,0,0,0,1.0,1.0,,
GPAB3101_jpg.rf.b62e7eeebc3c25bf04dbff6c796cb5d3.jpg,branching_acropora,0,0,0,1.0,1.0,,
GPAB3101_jpg.rf.b62e7eeebc3c25bf04dbff6c796cb5d3.jpg,finger_acropora,245405,50371,92454,0.6321124075934369,0.7745942064437729,0.8296988261386996,0.726353301229211
GPAB3101_jpg.rf.b62e7eeebc3c25bf04dbff6c796cb5d3.jpg,finger_porites,0,0,0,1.0,1.0,,
GPAB3101_jpg.rf.b62e7eeebc3c25bf04dbff6c796cb5d3.jpg,knob_porites,57681,2345,566,0.9519573541061527,0.9753874510666002,0.9609335954419751,0.9902827613439319
GPAB3101_jpg.rf.b62e7eeebc3c25bf04dbff6c796cb5d3.jpg,mounding_,5913,20,1481,0.7975451847855408,0.887371501463195,0.9966290241024777,0.7997024614552339
GPAB3101_jpg.rf.b62e7eeebc3c25bf04dbff6c796cb5d3.jpg,oddball,0,0,0,1.0,1.0,,
GPAB3101_jpg.rf.b62e7eeebc3c25bf04dbff6c796cb5d3.jpg,pocillopora_,0,0,0,1.0,1.0,,
GPAB3101_jpg.rf.b62e7eeebc3c25bf04dbff6c796cb5d3.jpg,table_acropora,0,0,0,1.0,1.0,,
GPAB3102_jpg.rf.474b567b589316cba823bc1f8cfcd7ea.jpg,branching_acropora,0,0,4158,0.0,0.0,,0.0
GPAB3102_jpg.rf.474b567b589316cba823bc1f8cfcd7ea.jpg,finger_acropora,98497,10658,87857,0.49995431750350233,0.6666260587663997,0.9023590307361092,0.5285478175944708
GPAB3102_jpg.rf.474b567b589316cba823bc1f8cfcd7ea.jpg,finger_porites,0,0,0,1.0,1.0,,
GPAB3102_jpg.rf.474b567b589316cba823bc1f8cfcd7ea.jpg,knob_porites,255448,37995,31778,0.7854597335350423,0.87984032211122,0.870519998773186,0.8893623836282231
GPAB3102_jpg.rf.474b567b589316cba823bc1f8cfcd7ea.jpg,mounding_,28506,2517,17835,0.5834459044578165,0.7369319063130138,0.9188666473261774,0.6151356250404609
GPAB3102_jpg.rf.474b567b589316cba823bc1f8cfcd7ea.jpg,oddball,0,0,1978,0.0,0.0,,0.0
GPAB3102_jpg.rf.474b567b589316cba823bc1f8cfcd7ea.jpg,pocillopora_,0,0,0,1.0,1.0,,
GPAB3102_jpg.rf.474b567b589316cba823bc1f8cfcd7ea.jpg,table_acropora,0,0,0,1.0,1.0,,
GPAB3103_jpg.rf.57b80bcdb3fdddfed29907c8e94f6a12.jpg,branching_acropora,2832,248,165,0.8727272727272727,0.9320388349514563,0.9194805194805195,0.944944944944945
GPAB3103_jpg.rf.57b80bcdb3fdddfed29907c8e94f6a12.jpg,finger_acropora,9768,1902,9402,0.4635535307517084,0.6334630350194552,0.8370179948586118,0.5095461658841941
GPAB3103_jpg.rf.57b80bcdb3fdddfed29907c8e94f6a12.jpg,finger_porites,14014,29217,223,0.32250195609149906,0.4877149022064453,0.3241655293655016,0.9843365877642761
GPAB3103_jpg.rf.57b80bcdb3fdddfed29907c8e94f6a12.jpg,knob_porites,62649,10111,97584,0.36777931714648004,0.5377758130072577,0.8610362836723474,0.390986875362753
GPAB3103_jpg.rf.57b80bcdb3fdddfed29907c8e94f6a12.jpg,mounding_,1601,1835,115138,0.013502116821562906,0.02664447680465987,0.4659487776484284,0.013714354243226343
GPAB3103_jpg.rf.57b80bcdb3fdddfed29907c8e94f6a12.jpg,oddball,0,2305,2526,0.0,0.0,0.0,0.0
GPAB3103_jpg.rf.57b80bcdb3fdddfed29907c8e94f6a12.jpg,pocillopora_,0,0,0,1.0,1.0,,
GPAB3103_jpg.rf.57b80bcdb3fdddfed29907c8e94f6a12.jpg,table_acropora,0,0,0,1.0,1.0,,
GPAB3104_jpg.rf.e80e02c3e101d1c16303a7ca427c6a49.jpg,branching_acropora,0,0,0,1.0,1.0,,
GPAB3104_jpg.rf.e80e02c3e101d1c16303a7ca427c6a49.jpg,finger_acropora,0,0,183,0.0,0.0,,0.0
GPAB3104_jpg.rf.e80e02c3e101d1c16303a7ca427c6a49.jpg,finger_porites,158550,31513,19142,0.7578690757869075,0.8622588408043399,0.8341970820201723,0.8922742723364023
GPAB3104_jpg.rf.e80e02c3e101d1c16303a7ca427c6a49.jpg,knob_porites,157320,62325,55383,0.5720144857978097,0.7277470926198341,0.7162466707641877,0.7396228544026178
GPAB3104_jpg.rf.e80e02c3e101d1c16303a7ca427c6a49.jpg,mounding_,6342,94,33312,0.15955519774579854,0.27520069429377303,0.9853946550652579,0.15993342411862613
GPAB3104_jpg.rf.e80e02c3e101d1c16303a7ca427c6a49.jpg,oddball,0,0,0,1.0,1.0,,
GPAB3104_jpg.rf.e80e02c3e101d1c16303a7ca427c6a49.jpg,pocillopora_,0,0,0,1.0,1.0,,
GPAB3104_jpg.rf.e80e02c3e101d1c16303a7ca427c6a49.jpg,table_acropora,23006,15912,29803,0.3347739410078433,0.5016189344467823,0.5911403463692892,0.43564543922437465
GPAB3114_jpg.rf.a0eef7d84c3db00e2182b17cfb131176.jpg,branching_acropora,47842,4736,3565,0.8521454143882585,0.9201711785353657,0.9099243029403933,0.9306514676989515
GPAB3114_jpg.rf.a0eef7d84c3db00e2182b17cfb131176.jpg,finger_acropora,0,0,2978,0.0,0.0,,0.0
GPAB3114_jpg.rf.a0eef7d84c3db00e2182b17cfb131176.jpg,finger_porites,23371,93923,6616,0.18861270276813816,0.3173661232609773,0.1992514536122905,0.7793710607930103
GPAB3114_jpg.rf.a0eef7d84c3db00e2182b17cfb131176.jpg,knob_porites,122707,14802,140241,0.4417893789378938,0.612834836199642,0.8923561366892349,0.4666588070645147
GPAB3114_jpg.rf.a0eef7d84c3db00e2182b17cfb131176.jpg,mounding_,0,0,13500,0.0,0.0,,0.0
GPAB3114_jpg.rf.a0eef7d84c3db00e2182b17cfb131176.jpg,oddball,0,0,5971,0.0,0.0,,0.0
GPAB3114_jpg.rf.a0eef7d84c3db00e2182b17cfb131176.jpg,pocillopora_,0,0,0,1.0,1.0,,
GPAB3114_jpg.rf.a0eef7d84c3db00e2182b17cfb131176.jpg,table_acropora,0,9498,0,0.0,0.0,0.0,
GPAB3115_jpg.rf.66786619ec5b1d81981d8d1dcbacae6b.jpg,branching_acropora,5165,85,2778,0.6433731938216243,0.7829909800651861,0.9838095238095238,0.6502580888832935
GPAB3115_jpg.rf.66786619ec5b1d81981d8d1dcbacae6b.jpg,finger_acropora,0,0,1439,0.0,0.0,,0.0
GPAB3115_jpg.rf.66786619ec5b1d81981d8d1dcbacae6b.jpg,finger_porites,20660,269,1260,0.9310919825138582,0.9643165534784942,0.9871470208801185,0.9425182481751825
GPAB3115_jpg.rf.66786619ec5b1d81981d8d1dcbacae6b.jpg,knob_porites,564744,13369,51113,0.8975217171572694,0.9459936179300987,0.9768747632383289,0.9170050839724156
GPAB3115_jpg.rf.66786619ec5b1d81981d8d1dcbacae6b.jpg,mounding_,285,2210,20814,0.012227036766914067,0.024158684411291008,0.11422845691382766,0.013507749182425708
GPAB3115_jpg.rf.66786619ec5b1d81981d8d1dcbacae6b.jpg,oddball,0,0,13552,0.0,0.0,,0.0
GPAB3115_jpg.rf.66786619ec5b1d81981d8d1dcbacae6b.jpg,pocillopora_,0,0,100,0.0,0.0,,0.0
GPAB3115_jpg.rf.66786619ec5b1d81981d8d1dcbacae6b.jpg,table_acropora,0,0,0,1.0,1.0,,
GPAB3116_jpg.rf.ed8a4389d5c8493ac5b2c1d64f48a03b.jpg,branching_acropora,148428,5548,8045,0.916103468068954,0.9562150304880995,0.9639684106614018,0.9485853789471667
GPAB3116_jpg.rf.ed8a4389d5c8493ac5b2c1d64f48a03b.jpg,finger_acropora,11440,329,10899,0.5046761955179108,0.6708103670693093,0.9720452035007222,0.5121088678991897
GPAB3116_jpg.rf.ed8a4389d5c8493ac5b2c1d64f48a03b.jpg,finger_porites,33927,163687,4632,0.1677511545345767,0.2873063389972605,0.17168318034147378,0.8798724033299619
GPAB3116_jpg.rf.ed8a4389d5c8493ac5b2c1d64f48a03b.jpg,knob_porites,27269,7783,202117,0.1149770838515995,0.2062411604988693,0.7779584617140248,0.11887822273373266
GPAB3116_jpg.rf.ed8a4389d5c8493ac5b2c1d64f48a03b.jpg,mounding_,2309,1212,2585,0.37815263675073696,0.5487819370172311,0.6557796080658904,0.4718022067838169
GPAB3116_jpg.rf.ed8a4389d5c8493ac5b2c1d64f48a03b.jpg,oddball,0,1228,1324,0.0,0.0,0.0,0.0
GPAB3116_jpg.rf.ed8a4389d5c8493ac5b2c1d64f48a03b.jpg,pocillopora_,0,0,0,1.0,1.0,,
GPAB3116_jpg.rf.ed8a4389d5c8493ac5b2c1d64f48a03b.jpg,table_acropora,0,2600,0,0.0,0.0,0.0,
GPAB3117_jpg.rf.48324a5515ea6a6df152c7f05a2f131c.jpg,branching_acropora,102084,4434,7651,0.8941481487969589,0.9441163822004781,0.958373232693066,0.9302774866724381
GPAB3117_jpg.rf.48324a5515ea6a6df152c7f05a2f131c.jpg,finger_acropora,58437,7029,27977,0.6253758976060272,0.7695154069001844,0.8926312895243332,0.6762445899969912
GPAB3117_jpg.rf.48324a5515ea6a6df152c7f05a2f131c.jpg,finger_porites,0,0,0,1.0,1.0,,
GPAB3117_jpg.rf.48324a5515ea6a6df152c7f05a2f131c.jpg,knob_porites,10469,62,4903,0.6783076324996761,0.808323360228545,0.9941126198841516,0.6810434556336196
GPAB3117_jpg.rf.48324a5515ea6a6df152c7f05a2f131c.jpg,mounding_,39658,3151,7186,0.7932393239323933,0.8846998984975405,0.9263939825737578,0.8465972162923747
GPAB3117_jpg.rf.48324a5515ea6a6df152c7f05a2f131c.jpg,oddball,1030,44,39,0.9254267744833783,0.9612692487167522,0.9590316573556797,0.9635173058933583
GPAB3117_jpg.rf.48324a5515ea6a6df152c7f05a2f131c.jpg,pocillopora_,0,0,704,0.0,0.0,,0.0
GPAB3117_jpg.rf.48324a5515ea6a6df152c7f05a2f131c.jpg,table_acropora,0,0,0,1.0,1.0,,
GPAB3118_jpg.rf.57920e1593dd8f883f267a8dc21b88b2.jpg,branching_acropora,70902,3427,206730,0.25226731753831044,0.40289691187375876,0.9538941732029221,0.25538122406639
GPAB3118_jpg.rf.57920e1593dd8f883f267a8dc21b88b2.jpg,finger_acropora,160142,21912,161475,0.4661673395841399,0.6358992278689859,0.8796401067815044,0.4979276592966168
GPAB3118_jpg.rf.57920e1593dd8f883f267a8dc21b88b2.jpg,finger_porites,0,57237,17560,0.0,0.0,0.0,0.0
GPAB3118_jpg.rf.57920e1593dd8f883f267a8dc21b88b2.jpg,knob_porites,5891,555,2884,0.6314040728831726,0.7740621509756258,0.9139000930809804,0.6713390313390314
GPAB3118_jpg.rf.57920e1593dd8f883f267a8dc21b88b2.jpg,mounding_,0,0,2519,0.0,0.0,,0.0
GPAB3118_jpg.rf.57920e1593dd8f883f267a8dc21b88b2.jpg,oddball,0,0,5591,0.0,0.0,,0.0
GPAB3118_jpg.rf.57920e1593dd8f883f267a8dc21b88b2.jpg,pocillopora_,0,0,0,1.0,1.0,,
GPAB3118_jpg.rf.57920e1593dd8f883f267a8dc21b88b2.jpg,table_acropora,8416,67833,141,0.11017148841471397,0.19847652288753154,0.11037521803564637,0.9835222624751665
GPAB3119_jpg.rf.1eb13bc3f53bc0650f9acc7db755b399.jpg,branching_acropora,70231,980,61381,0.5296775069385785,0.692534870305636,0.986238081195321,0.5336215542655685
GPAB3119_jpg.rf.1eb13bc3f53bc0650f9acc7db755b399.jpg,finger_acropora,75846,18811,56970,0.5002143417729032,0.6668571654657915,0.8012719608692437,0.5710607155764366
GPAB3119_jpg.rf.1eb13bc3f53bc0650f9acc7db755b399.jpg,finger_porites,0,6428,0,0.0,0.0,0.0,
GPAB3119_jpg.rf.1eb13bc3f53bc0650f9acc7db755b399.jpg,knob_porites,143125,4540,16919,0.8696167306664074,0.9302620332846943,0.9692547319947178,0.8942853215365775
GPAB3119_jpg.rf.1eb13bc3f53bc0650f9acc7db755b399.jpg,mounding_,42313,619,26974,0.605284238835007,0.7541147221058823,0.9855818503680238,0.6106917603590861
GPAB3119_jpg.rf.1eb13bc3f53bc0650f9acc7db755b399.jpg,oddball,0,12366,0,0.0,0.0,0.0,
GPAB3119_jpg.rf.1eb13bc3f53bc0650f9acc7db755b399.jpg,pocillopora_,0,0,0,1.0,1.0,,
GPAB3119_jpg.rf.1eb13bc3f53bc0650f9acc7db755b399.jpg,table_acropora,0,13884,0,0.0,0.0,0.0,
GPAB3120_jpg.rf.5603d780549b726b1d30303f98c1122b.jpg,branching_acropora,30972,3027,194621,0.1354737118362348,0.23862060464112916,0.9109679696461661,0.13729149397366053
GPAB3120_jpg.rf.5603d780549b726b1d30303f98c1122b.jpg,finger_acropora,197749,73789,126927,0.49627696284491735,0.663349065939411,0.7282553454765079,0.6090656531434414
GPAB3120_jpg.rf.5603d780549b726b1d30303f98c1122b.jpg,finger_porites,0,0,0,1.0,1.0,,
GPAB3120_jpg.rf.5603d780549b726b1d30303f98c1122b.jpg,knob_porites,0,0,7957,0.0,0.0,,0.0
GPAB3120_jpg.rf.5603d780549b726b1d30303f98c1122b.jpg,mounding_,1566,18,1854,0.45549738219895286,0.6258992805755396,0.9886363636363636,0.45789473684210524
GPAB3120_jpg.rf.5603d780549b726b1d30303f98c1122b.jpg,oddball,0,2080,0,0.0,0.0,0.0,
GPAB3120_jpg.rf.5603d780549b726b1d30303f98c1122b.jpg,pocillopora_,0,9590,0,0.0,0.0,0.0,
GPAB3120_jpg.rf.5603d780549b726b1d30303f98c1122b.jpg,table_acropora,0,0,0,1.0,1.0,,
GPAB3121_jpg.rf.1b45c081583cecc29304e3ac5124201e.jpg,branching_acropora,0,0,0,1.0,1.0,,
GPAB3121_jpg.rf.1b45c081583cecc29304e3ac5124201e.jpg,finger_acropora,31354,14345,20327,0.474873534668161,0.6439515300883139,0.6860981640736121,0.6066833072115477
GPAB3121_jpg.rf.1b45c081583cecc29304e3ac5124201e.jpg,finger_porites,0,0,10902,0.0,0.0,,0.0
GPAB3121_jpg.rf.1b45c081583cecc29304e3ac5124201e.jpg,knob_porites,26096,5959,29959,0.4208082045989615,0.5923504710021564,0.8141007643113399,0.46554277049326553
GPAB3121_jpg.rf.1b45c081583cecc29304e3ac5124201e.jpg,mounding_,1000,66,1819,0.3466204506065858,0.5148005148005148,0.9380863039399625,0.35473572188719404
GPAB3121_jpg.rf.1b45c081583cecc29304e3ac5124201e.jpg,oddball,0,0,8797,0.0,0.0,,0.0
GPAB3121_jpg.rf.1b45c081583cecc29304e3ac5124201e.jpg,pocillopora_,0,0,0,1.0,1.0,,
GPAB3121_jpg.rf.1b45c081583cecc29304e3ac5124201e.jpg,table_acropora,0,0,0,1.0,1.0,,
GPAB3122_jpg.rf.dfef5ccb273d37124bbe24778f8a3383.jpg,branching_acropora,0,0,0,1.0,1.0,,
GPAB3122_jpg.rf.dfef5ccb273d37124bbe24778f8a3383.jpg,finger_acropora,39599,26541,1395,0.5863478196490709,0.7392424440420408,0.5987148472936196,0.9659706298482704
GPAB3122_jpg.rf.dfef5ccb273d37124bbe24778f8a3383.jpg,finger_porites,0,0,0,1.0,1.0,,
GPAB3122_jpg.rf.dfef5ccb273d37124bbe24778f8a3383.jpg,knob_porites,0,0,0,1.0,1.0,,
GPAB3122_jpg.rf.dfef5ccb273d37124bbe24778f8a3383.jpg,mounding_,0,1027,0,0.0,0.0,0.0,
GPAB3122_jpg.rf.dfef5ccb273d37124bbe24778f8a3383.jpg,oddball,0,0,0,1.0,1.0,,
GPAB3122_jpg.rf.dfef5ccb273d37124bbe24778f8a3383.jpg,pocillopora_,0,0,0,1.0,1.0,,
GPAB3122_jpg.rf.dfef5ccb273d37124bbe24778f8a3383.jpg,table_acropora,69635,379,657482,0.09571873934702047,0.17471406832753963,0.994586796926329,0.09576863145821099
GPAB3123_jpg.rf.0e78506e475476935d0cdd5fd34e42bc.jpg,branching_acropora,0,0,0,1.0,1.0,,
GPAB3123_jpg.rf.0e78506e475476935d0cdd5fd34e42bc.jpg,finger_acropora,92047,8850,58150,0.5787408753387363,0.7331676583271604,0.9122867875159817,0.6128418011012204
GPAB3123_jpg.rf.0e78506e475476935d0cdd5fd34e42bc.jpg,finger_porites,0,0,34850,0.0,0.0,,0.0
GPAB3123_jpg.rf.0e78506e475476935d0cdd5fd34e42bc.jpg,knob_porites,120553,7600,5580,0.901445417361459,0.9481685975633736,0.940695886947633,0.9557609824550276
GPAB3123_jpg.rf.0e78506e475476935d0cdd5fd34e42bc.jpg,mounding_,0,0,602,0.0,0.0,,0.0
GPAB3123_jpg.rf.0e78506e475476935d0cdd5fd34e42bc.jpg,oddball,2658,2926,174,0.46161861757554706,0.6316539923954373,0.4760028653295129,0.9385593220338984
GPAB3123_jpg.rf.0e78506e475476935d0cdd5fd34e42bc.jpg,pocillopora_,0,0,0,1.0,1.0,,
GPAB3123_jpg.rf.0e78506e475476935d0cdd5fd34e42bc.jpg,table_acropora,5964,316,29,0.9453162149310509,0.9718895135663652,0.9496815286624204,0.9951610211913899
GPAB3124_jpg.rf.261f7fde12c4e7185009978cb8d41d5e.jpg,branching_acropora,0,0,32628,0.0,0.0,,0.0
GPAB3124_jpg.rf.261f7fde12c4e7185009978cb8d41d5e.jpg,finger_acropora,25631,5532,28804,0.4274184134607367,0.5988691324563657,0.8224817893014151,0.4708551483420593
GPAB3124_jpg.rf.261f7fde12c4e7185009978cb8d41d5e.jpg,finger_porites,0,2691,82812,0.0,0.0,0.0,0.0
GPAB3124_jpg.rf.261f7fde12c4e7185009978cb8d41d5e.jpg,knob_porites,261911,65026,40998,0.711840406593556,0.8316667883895429,0.8011054117459939,0.8646524203638717
GPAB3124_jpg.rf.261f7fde12c4e7185009978cb8d41d5e.jpg,mounding_,1178,1131,7132,0.12477491791123822,0.22186646576890479,0.5101775660459074,0.1417569193742479
GPAB3124_jpg.rf.261f7fde12c4e7185009978cb8d41d5e.jpg,oddball,3499,12972,3459,0.17556447566482689,0.29868965811601006,0.21243397486491408,0.5028743891922967
GPAB3124_jpg.rf.261f7fde12c4e7185009978cb8d41d5e.jpg,pocillopora_,0,0,3298,0.0,0.0,,0.0
GPAB3124_jpg.rf.261f7fde12c4e7185009978cb8d41d5e.jpg,table_acropora,0,0,0,1.0,1.0,,
GPAB3125_jpg.rf.cdb4c107b0c18a67d6336053f841f63c.jpg,branching_acropora,93384,5589,14138,0.8255960958704281,0.9044674205186566,0.9435300536509957,0.8685106303826193
GPAB3125_jpg.rf.cdb4c107b0c18a67d6336053f841f63c.jpg,finger_acropora,29978,6711,20142,0.5274937973993067,0.6906657143844532,0.8170841396603886,0.5981245011971269
GPAB3125_jpg.rf.cdb4c107b0c18a67d6336053f841f63c.jpg,finger_porites,0,0,5407,0.0,0.0,,0.0
GPAB3125_jpg.rf.cdb4c107b0c18a67d6336053f841f63c.jpg,knob_porites,267754,13443,21724,0.8839070252640128,0.9383764839882596,0.952193657827075,0.924954573404542
GPAB3125_jpg.rf.cdb4c107b0c18a67d6336053f841f63c.jpg,mounding_,18007,11459,4019,0.5377631775421831,0.6994096170278878,0.6111111111111112,0.8175338236629438
GPAB3125_jpg.rf.cdb4c107b0c18a67d6336053f841f63c.jpg,oddball,0,0,0,1.0,1.0,,
GPAB3125_jpg.rf.cdb4c107b0c18a67d6336053f841f63c.jpg,pocillopora_,0,0,0,1.0,1.0,,
GPAB3125_jpg.rf.cdb4c107b0c18a67d6336053f841f63c.jpg,table_acropora,20499,1685,12071,0.5984235877974018,0.7487672133542755,0.9240443562928237,0.6293828676696346
GPAB3126_jpg.rf.7f2a9644a452c8bf6f9b43429e1cf1ca.jpg,branching_acropora,322347,10330,17595,0.9202762424630002,0.9584831829014643,0.9689488603059424,0.9482411705526237
GPAB3126_jpg.rf.7f2a9644a452c8bf6f9b43429e1cf1ca.jpg,finger_acropora,3678,109,53228,0.0645093396474612,0.1212001384014631,0.9712173224188012,0.06463290338452887
GPAB3126_jpg.rf.7f2a9644a452c8bf6f9b43429e1cf1ca.jpg,finger_porites,0,162743,3321,0.0,0.0,0.0,0.0
GPAB3126_jpg.rf.7f2a9644a452c8bf6f9b43429e1cf1ca.jpg,knob_porites,7266,270,217960,0.032222301060772694,0.06243287134497899,0.964171974522293,0.03226092902240416
GPAB3126_jpg.rf.7f2a9644a452c8bf6f9b43429e1cf1ca.jpg,mounding_,0,0,404,0.0,0.0,,0.0
GPAB3126_jpg.rf.7f2a9644a452c8bf6f9b43429e1cf1ca.jpg,oddball,0,0,0,1.0,1.0,,
GPAB3126_jpg.rf.7f2a9644a452c8bf6f9b43429e1cf1ca.jpg,pocillopora_,0,0,0,1.0,1.0,,
GPAB3126_jpg.rf.7f2a9644a452c8bf6f9b43429e1cf1ca.jpg,table_acropora,0,2405,0,0.0,0.0,0.0,
GPAB3127_jpg.rf.a33eb97ca070a71c354688a5df3fe396.jpg,branching_acropora,134449,1081,3375,0.9679205212195385,0.9836987935058569,0.9920239061462407,0.9755122475040632
GPAB3127_jpg.rf.a33eb97ca070a71c354688a5df3fe396.jpg,finger_acropora,43745,5597,14402,0.6862606676706827,0.8139437523839649,0.886567224676746,0.752317402445526
GPAB3127_jpg.rf.a33eb97ca070a71c354688a5df3fe396.jpg,finger_porites,146593,347,31632,0.8209181730618462,0.9016530069349408,0.9976384919014564,0.8225164819750316
GPAB3127_jpg.rf.a33eb97ca070a71c354688a5df3fe396.jpg,knob_porites,59019,2386,11775,0.8064908444930309,0.8928811866958146,0.9611432293787151,0.8336723451139927
GPAB3127_jpg.rf.a33eb97ca070a71c354688a5df3fe396.jpg,mounding_,0,0,1682,0.0,0.0,,0.0
GPAB3127_jpg.rf.a33eb97ca070a71c354688a5df3fe396.jpg,oddball,1792,414,1051,0.5501995701565858,0.7098435333729451,0.8123300090661831,0.6303200844178685
GPAB3127_jpg.rf.a33eb97ca070a71c354688a5df3fe396.jpg,pocillopora_,0,0,0,1.0,1.0,,
GPAB3127_jpg.rf.a33eb97ca070a71c354688a5df3fe396.jpg,table_acropora,0,0,0,1.0,1.0,,
GPAB3128_jpg.rf.9c417291ab540802a566e82e730a3fa4.jpg,branching_acropora,0,0,0,1.0,1.0,,
GPAB3128_jpg.rf.9c417291ab540802a566e82e730a3fa4.jpg,finger_acropora,13533,2643,38312,0.24836661283218323,0.39790652886608546,0.8366097922848664,0.26102806442279874
GPAB3128_jpg.rf.9c417291ab540802a566e82e730a3fa4.jpg,finger_porites,201978,372,6165,0.968649737428962,0.984075246106511,0.9981616011860638,0.9703809400268085
GPAB3128_jpg.rf.9c417291ab540802a566e82e730a3fa4.jpg,knob_porites,10012,3196,5093,0.5470739303863177,0.7072369582877124,0.7580254391278013,0.6628268785170474
GPAB3128_jpg.rf.9c417291ab540802a566e82e730a3fa4.jpg,mounding_,42,3573,5039,0.0048532470533857175,0.009659613615455382,0.011618257261410789,0.008266089352489667
GPAB3128_jpg.rf.9c417291ab540802a566e82e730a3fa4.jpg,oddball,1617,26,2306,0.40947075208913647,0.5810276679841897,0.9841752891052952,0.412184552638287
GPAB3128_jpg.rf.9c417291ab540802a566e82e730a3fa4.jpg,pocillopora_,0,0,0,1.0,1.0,,
GPAB3128_jpg.rf.9c417291ab540802a566e82e730a3fa4.jpg,table_acropora,0,2102,0,0.0,0.0,0.0,
GPAB3140_jpg.rf.3474ae4fcf56e867239b0fa23c90c845.jpg,branching_acropora,0,0,0,1.0,1.0,,
GPAB3140_jpg.rf.3474ae4fcf56e867239b0fa23c90c845.jpg,finger_acropora,0,0,9613,0.0,0.0,,0.0
GPAB3140_jpg.rf.3474ae4fcf56e867239b0fa23c90c845.jpg,finger_porites,0,283116,13860,0.0,0.0,0.0,0.0
GPAB3140_jpg.rf.3474ae4fcf56e867239b0fa23c90c845.jpg,knob_porites,129998,18073,210870,0.3621709417425148,0.5317554950617561,0.8779436891761385,0.3813734348780173
GPAB3140_jpg.rf.3474ae4fcf56e867239b0fa23c90c845.jpg,mounding_,14481,845,5518,0.6947322970639033,0.8198726114649681,0.9448649354038888,0.7240862043102155
GPAB3140_jpg.rf.3474ae4fcf56e867239b0fa23c90c845.jpg,oddball,0,0,898,0.0,0.0,,0.0
GPAB3140_jpg.rf.3474ae4fcf56e867239b0fa23c90c845.jpg,pocillopora_,0,0,0,1.0,1.0,,
GPAB3140_jpg.rf.3474ae4fcf56e867239b0fa23c90c845.jpg,table_acropora,0,3363,155951,0.0,0.0,0.0,0.0
GPAB3141_jpg.rf.496a8f719ffca8981eff66e05d24afae.jpg,branching_acropora,15574,3100,847,0.7978074893704216,0.8875338367288788,0.8339937881546535,0.9484197064734182
GPAB3141_jpg.rf.496a8f719ffca8981eff66e05d24afae.jpg,finger_acropora,17386,8405,27294,0.3275124799849298,0.49342282641086405,0.6741111240355163,0.38912264995523727
GPAB3141_jpg.rf.496a8f719ffca8981eff66e05d24afae.jpg,finger_porites,145684,3827,36370,0.7837487424750244,0.8787658528493659,0.9744032211676733,0.8002241093301987
GPAB3141_jpg.rf.496a8f719ffca8981eff66e05d24afae.jpg,knob_porites,122378,31931,72690,0.5391125071035555,0.7005498358506713,0.7930710457588346,0.6273607152377633
GPAB3141_jpg.rf.496a8f719ffca8981eff66e05d24afae.jpg,mounding_,1613,533,4970,0.22667228780213602,0.36957268873868715,0.7516309412861137,0.2450250645602309
GPAB3141_jpg.rf.496a8f719ffca8981eff66e05d24afae.jpg,oddball,7269,54,288,0.9550650374458022,0.9770161290322581,0.9926259729619009,0.9618896387455339
GPAB3141_jpg.rf.496a8f719ffca8981eff66e05d24afae.jpg,pocillopora_,0,0,0,1.0,1.0,,
GPAB3141_jpg.rf.496a8f719ffca8981eff66e05d24afae.jpg,table_acropora,82517,641,5021,0.9357897004955829,0.9668299198575245,0.9922917819091368,0.9426420525943019
GPAB3142_jpg.rf.47763a8ac2730698e4e7bffda081cd94.jpg,branching_acropora,9490,848,1737,0.7859213250517598,0.8801298400185485,0.9179725285355,0.8452836911018081
GPAB3142_jpg.rf.47763a8ac2730698e4e7bffda081cd94.jpg,finger_acropora,22638,7478,46658,0.29486544924062835,0.455437975294733,0.7516934519856555,0.326685522973909
GPAB3142_jpg.rf.47763a8ac2730698e4e7bffda081cd94.jpg,finger_porites,0,0,22862,0.0,0.0,,0.0
GPAB3142_jpg.rf.47763a8ac2730698e4e7bffda081cd94.jpg,knob_porites,123147,3760,263080,0.3157720641970117,0.47997988829428573,0.9703720046963524,0.3188461707752177
GPAB3142_jpg.rf.47763a8ac2730698e4e7bffda081cd94.jpg,mounding_,634,380,11486,0.05072,0.09654332267397595,0.6252465483234714,0.05231023102310231
GPAB3142_jpg.rf.47763a8ac2730698e4e7bffda081cd94.jpg,oddball,3558,1903,12871,0.1940868426794676,0.3250799451804477,0.6515290239882805,0.216568263436606
GPAB3142_jpg.rf.47763a8ac2730698e4e7bffda081cd94.jpg,pocillopora_,0,0,0,1.0,1.0,,
GPAB3142_jpg.rf.47763a8ac2730698e4e7bffda081cd94.jpg,table_acropora,1824,44,1338,0.5689332501559575,0.7252485089463221,0.9764453961456103,0.5768500948766604
GPAB3143_jpg.rf.9fc36c71d76476227a44163b79392c05.jpg,branching_acropora,90307,49287,1697,0.6391560679731901,0.7798599297057833,0.6469260856483803,0.9815551497760967
GPAB3143_jpg.rf.9fc36c71d76476227a44163b79392c05.jpg,finger_acropora,60783,5800,71970,0.43869854856986135,0.60985471766264,0.9128906778006398,0.4578653589749384
GPAB3143_jpg.rf.9fc36c71d76476227a44163b79392c05.jpg,finger_porites,0,50469,0,0.0,0.0,0.0,
GPAB3143_jpg.rf.9fc36c71d76476227a44163b79392c05.jpg,knob_porites,143050,6967,122327,0.5252548247804247,0.6887436987534726,0.9535585966923749,0.5390444537393971
GPAB3143_jpg.rf.9fc36c71d76476227a44163b79392c05.jpg,mounding_,1,3165,13268,6.0849458439819885e-05,0.00012169151201703681,0.0003158559696778269,7.536362951239732e-05
GPAB3143_jpg.rf.9fc36c71d76476227a44163b79392c05.jpg,oddball,0,0,3949,0.0,0.0,,0.0
GPAB3143_jpg.rf.9fc36c71d76476227a44163b79392c05.jpg,pocillopora_,0,0,588,0.0,0.0,,0.0
GPAB3143_jpg.rf.9fc36c71d76476227a44163b79392c05.jpg,table_acropora,112346,2512,52578,0.670978762034449,0.8030966967138701,0.9781295164463947,0.6811986126943319
GPAB3144_jpg.rf.a2b5b1860a1a0c32d5417f89d91114ef.jpg,branching_acropora,0,0,0,1.0,1.0,,
GPAB3144_jpg.rf.a2b5b1860a1a0c32d5417f89d91114ef.jpg,finger_acropora,139714,9531,57074,0.6771746664146298,0.8075183580756748,0.9361385641060002,0.7099721527735431
GPAB3144_jpg.rf.a2b5b1860a1a0c32d5417f89d91114ef.jpg,finger_porites,0,0,6059,0.0,0.0,,0.0
GPAB3144_jpg.rf.a2b5b1860a1a0c32d5417f89d91114ef.jpg,knob_porites,163434,17638,178029,0.4551198687834342,0.6255427866075957,0.9025912344260847,0.4786287240491649
GPAB3144_jpg.rf.a2b5b1860a1a0c32d5417f89d91114ef.jpg,mounding_,4653,121,3218,0.5822072072072072,0.7359430604982207,0.9746543778801844,0.5911574132892898
GPAB3144_jpg.rf.a2b5b1860a1a0c32d5417f89d91114ef.jpg,oddball,0,0,34432,0.0,0.0,,0.0
GPAB3144_jpg.rf.a2b5b1860a1a0c32d5417f89d91114ef.jpg,pocillopora_,0,0,0,1.0,1.0,,
GPAB3144_jpg.rf.a2b5b1860a1a0c32d5417f89d91114ef.jpg,table_acropora,51192,4331,71459,0.403143752657857,0.5746292949588604,0.9219962898258379,0.4173793935638519
GPAB3145_jpg.rf.60b0ade51bedfe79a34ae3c4cb01ef63.jpg,branching_acropora,0,0,0,1.0,1.0,,
GPAB3145_jpg.rf.60b0ade51bedfe79a34ae3c4cb01ef63.jpg,finger_acropora,60437,27022,19982,0.5625133794361556,0.720010960340247,0.6910323694531152,0.7515263805817033
GPAB3145_jpg.rf.60b0ade51bedfe79a34ae3c4cb01ef63.jpg,finger_porites,0,0,7641,0.0,0.0,,0.0
GPAB3145_jpg.rf.60b0ade51bedfe79a34ae3c4cb01ef63.jpg,knob_porites,79020,19925,42293,0.5594811594613348,0.7175221785360805,0.7986254990146041,0.6513728949082126
GPAB3145_jpg.rf.60b0ade51bedfe79a34ae3c4cb01ef63.jpg,mounding_,0,1157,9461,0.0,0.0,0.0,0.0
GPAB3145_jpg.rf.60b0ade51bedfe79a34ae3c4cb01ef63.jpg,oddball,0,0,6122,0.0,0.0,,0.0
GPAB3145_jpg.rf.60b0ade51bedfe79a34ae3c4cb01ef63.jpg,pocillopora_,0,1042,0,0.0,0.0,0.0,
GPAB3145_jpg.rf.60b0ade51bedfe79a34ae3c4cb01ef63.jpg,table_acropora,0,0,15415,0.0,0.0,,0.0
GPAB3147_jpg.rf.08712d02692fd16b9c2191bf24d63a26.jpg,branching_acropora,0,0,0,1.0,1.0,,
GPAB3147_jpg.rf.08712d02692fd16b9c2191bf24d63a26.jpg,finger_acropora,31700,1001,173851,0.15347224911886595,0.26610479660191727,0.9693893153114583,0.15421963405675476
GPAB3147_jpg.rf.08712d02692fd16b9c2191bf24d63a26.jpg,finger_porites,0,65947,19116,0.0,0.0,0.0,0.0
GPAB3147_jpg.rf.08712d02692fd16b9c2191bf24d63a26.jpg,knob_porites,0,0,56944,0.0,0.0,,0.0
GPAB3147_jpg.rf.08712d02692fd16b9c2191bf24d63a26.jpg,mounding_,0,28397,3022,0.0,0.0,0.0,0.0
GPAB3147_jpg.rf.08712d02692fd16b9c2191bf24d63a26.jpg,oddball,4516,34,5691,0.44097256127331314,0.6120485193467506,0.9925274725274725,0.4424414617419418
GPAB3147_jpg.rf.08712d02692fd16b9c2191bf24d63a26.jpg,pocillopora_,0,0,0,1.0,1.0,,
GPAB3147_jpg.rf.08712d02692fd16b9c2191bf24d63a26.jpg,table_acropora,10415,17013,127559,0.06719918444772788,0.12593559932769857,0.37972145253026107,0.07548523634887733
GPAB3148_jpg.rf.215b32be1c7c28f0b92ea81efb374979.jpg,branching_acropora,0,0,0,1.0,1.0,,
GPAB3148_jpg.rf.215b32be1c7c28f0b92ea81efb374979.jpg,finger_acropora,50524,10715,74727,0.37159289822455616,0.541841385597083,0.8250298012704322,0.40338200892607645
GPAB3148_jpg.rf.215b32be1c7c28f0b92ea81efb374979.jpg,finger_porites,0,18696,0,0.0,0.0,0.0,
GPAB3148_jpg.rf.215b32be1c7c28f0b92ea81efb374979.jpg,knob_porites,54141,3000,20305,0.6990806497430467,0.8228928389582557,0.9474982936945451,0.7272519678693281
GPAB3148_jpg.rf.215b32be1c7c28f0b92ea81efb374979.jpg,mounding_,6539,239,8331,0.4327884042623602,0.604120473022912,0.9647388610209501,0.4397444519166106
GPAB3148_jpg.rf.215b32be1c7c28f0b92ea81efb374979.jpg,oddball,2001,230,9180,0.175357111559022,0.2983895019385625,0.8969072164948454,0.1789643144620338
GPAB3148_jpg.rf.215b32be1c7c28f0b92ea81efb374979.jpg,pocillopora_,0,0,0,1.0,1.0,,
GPAB3148_jpg.rf.215b32be1c7c28f0b92ea81efb374979.jpg,table_acropora,19471,2093,9408,0.6286646002841276,0.7720000792974249,0.9029400853273976,0.6742269469164445
GPAB3149_jpg.rf.b85de5970d00d2f79e110927d0172e6e.jpg,branching_acropora,10411,231,1150,0.8828867028493894,0.9378011980363014,0.9782935538432626,0.9005276360176455
GPAB3149_jpg.rf.b85de5970d00d2f79e110927d0172e6e.jpg,finger_acropora,158452,11808,66297,0.6698258770613426,0.8022703280178426,0.9306472453894045,0.7050175974086648
GPAB3149_jpg.rf.b85de5970d00d2f79e110927d0172e6e.jpg,finger_porites,0,0,668,0.0,0.0,,0.0
GPAB3149_jpg.rf.b85de5970d00d2f79e110927d0172e6e.jpg,knob_porites,70138,1644,8809,0.8702956905857975,0.9306503725228722,0.9770973224485247,0.8884188126211255
GPAB3149_jpg.rf.b85de5970d00d2f79e110927d0172e6e.jpg,mounding_,0,1114,2045,0.0,0.0,0.0,0.0
GPAB3149_jpg.rf.b85de5970d00d2f79e110927d0172e6e.jpg,oddball,16578,4345,11458,0.5119668941663321,0.6772197144549521,0.7923337953448358,0.59131117135112
GPAB3149_jpg.rf.b85de5970d00d2f79e110927d0172e6e.jpg,pocillopora_,0,0,0,1.0,1.0,,
GPAB3149_jpg.rf.b85de5970d00d2f79e110927d0172e6e.jpg,table_acropora,0,0,0,1.0,1.0,,
GPAB3150_jpg.rf.6c8b56def24a487f2d90b80b7048e1f4.jpg,branching_acropora,35444,3269,36086,0.47385660236099414,0.6430158830946182,0.9155580812646914,0.49551237243114776
GPAB3150_jpg.rf.6c8b56def24a487f2d90b80b7048e1f4.jpg,finger_acropora,303233,31116,76088,0.7388052246751633,0.8497849145963821,0.9069355673263566,0.7994099983918633
GPAB3150_jpg.rf.6c8b56def24a487f2d90b80b7048e1f4.jpg,finger_porites,0,0,0,1.0,1.0,,
GPAB3150_jpg.rf.6c8b56def24a487f2d90b80b7048e1f4.jpg,knob_porites,0,0,0,1.0,1.0,,
GPAB3150_jpg.rf.6c8b56def24a487f2d90b80b7048e1f4.jpg,mounding_,0,0,0,1.0,1.0,,
GPAB3150_jpg.rf.6c8b56def24a487f2d90b80b7048e1f4.jpg,oddball,0,0,2500,0.0,0.0,,0.0
GPAB3150_jpg.rf.6c8b56def24a487f2d90b80b7048e1f4.jpg,pocillopora_,0,0,0,1.0,1.0,,
GPAB3150_jpg.rf.6c8b56def24a487f2d90b80b7048e1f4.jpg,table_acropora,106474,625,8265,0.9229395652023161,0.9599257115552791,0.9941642779110916,0.9279669510802778
GPAB3151_jpg.rf.2c56a82516e6b16eb781cce5002c00e2.jpg,branching_acropora,430686,28908,17862,0.9020433296471297,0.9484992435103762,0.9371010065405554,0.9601781749110463
GPAB3151_jpg.rf.2c56a82516e6b16eb781cce5002c00e2.jpg,finger_acropora,79305,1772,23391,0.7591319829995788,0.8630756422325369,0.9781442332597408,0.7722306613694788
GPAB3151_jpg.rf.2c56a82516e6b16eb781cce5002c00e2.jpg,finger_porites,0,0,0,1.0,1.0,,
GPAB3151_jpg.rf.2c56a82516e6b16eb781cce5002c00e2.jpg,knob_porites,0,0,0,1.0,1.0,,
GPAB3151_jpg.rf.2c56a82516e6b16eb781cce5002c00e2.jpg,mounding_,11543,285,3015,0.7776729771609513,0.8749336769498977,0.9759046330740615,0.7928973760131887
GPAB3151_jpg.rf.2c56a82516e6b16eb781cce5002c00e2.jpg,oddball,2023,2649,17,0.43143527404563875,0.6028009535160905,0.4330051369863014,0.9916666666666667
GPAB3151_jpg.rf.2c56a82516e6b16eb781cce5002c00e2.jpg,pocillopora_,0,0,0,1.0,1.0,,
GPAB3151_jpg.rf.2c56a82516e6b16eb781cce5002c00e2.jpg,table_acropora,14810,529,168,0.9550525569097826,0.9770095985750569,0.9655127452897843,0.9887835492055014
GPAB3152_jpg.rf.20844ffc2344e194ff3830fb974c5f8f.jpg,branching_acropora,144557,14190,42336,0.7188921987438023,0.8364599004744822,0.9106124840154459,0.7734746619723585
GPAB3152_jpg.rf.20844ffc2344e194ff3830fb974c5f8f.jpg,finger_acropora,131121,6642,116848,0.5149856054923,0.6798554436759201,0.9517867642255178,0.5287798071533135
GPAB3152_jpg.rf.20844ffc2344e194ff3830fb974c5f8f.jpg,finger_porites,0,0,0,1.0,1.0,,
GPAB3152_jpg.rf.20844ffc2344e194ff3830fb974c5f8f.jpg,knob_porites,0,0,0,1.0,1.0,,
GPAB3152_jpg.rf.20844ffc2344e194ff3830fb974c5f8f.jpg,mounding_,5868,1248,2305,0.6228638148816474,0.76761070050363,0.8246205733558178,0.7179738162241527
GPAB3152_jpg.rf.20844ffc2344e194ff3830fb974c5f8f.jpg,oddball,24261,548,15435,0.6028476294602922,0.7522207580807689,0.9779112418880245,0.6111698911729141
GPAB3152_jpg.rf.20844ffc2344e194ff3830fb974c5f8f.jpg,pocillopora_,0,0,716,0.0,0.0,,0.0
GPAB3152_jpg.rf.20844ffc2344e194ff3830fb974c5f8f.jpg,table_acropora,0,11285,0,0.0,0.0,0.0,
GPAB3153_jpg.rf.861109ea12d8895926392ecc8c013b29.jpg,branching_acropora,0,0,3434,0.0,0.0,,0.0
GPAB3153_jpg.rf.861109ea12d8895926392ecc8c013b29.jpg,finger_acropora,335295,21459,97268,0.7384994559734991,0.8495826138294247,0.9398493079264704,0.7751356449811935
GPAB3153_jpg.rf.861109ea12d8895926392ecc8c013b29.jpg,finger_porites,0,0,16938,0.0,0.0,,0.0
GPAB3153_jpg.rf.861109ea12d8895926392ecc8c013b29.jpg,knob_porites,29826,196,55922,0.3470399329796146,0.5152630215081627,0.993471454266871,0.3478331856136586
GPAB3153_jpg.rf.861109ea12d8895926392ecc8c013b29.jpg,mounding_,0,56052,17796,0.0,0.0,0.0,0.0
GPAB3153_jpg.rf.861109ea12d8895926392ecc8c013b29.jpg,oddball,0,0,50644,0.0,0.0,,0.0
GPAB3153_jpg.rf.861109ea12d8895926392ecc8c013b29.jpg,pocillopora_,0,0,0,1.0,1.0,,
GPAB3153_jpg.rf.861109ea12d8895926392ecc8c013b29.jpg,table_acropora,8152,2046,3184,0.609176505753998,0.7571282622829014,0.7993724259658757,0.7191249117854622
GPAB3154_jpg.rf.87d38b2413cadb6976ac03e5f0992a06.jpg,branching_acropora,21030,4184,683,0.8120631733405413,0.8962857203741982,0.8340604426112477,0.96854419011652
GPAB3154_jpg.rf.87d38b2413cadb6976ac03e5f0992a06.jpg,finger_acropora,31888,5729,12458,0.6368047928107838,0.778107194709808,0.8477018369354281,0.7190727461326839
GPAB3154_jpg.rf.87d38b2413cadb6976ac03e5f0992a06.jpg,finger_porites,9470,80,279583,0.032753092867296364,0.06342869964467872,0.9916230366492147,0.03276215780497002
GPAB3154_jpg.rf.87d38b2413cadb6976ac03e5f0992a06.jpg,knob_porites,56349,5236,479,0.9079176334106729,0.9517367180968306,0.9149792969067143,0.9915710565214331
GPAB3154_jpg.rf.87d38b2413cadb6976ac03e5f0992a06.jpg,mounding_,0,0,1059,0.0,0.0,,0.0
GPAB3154_jpg.rf.87d38b2413cadb6976ac03e5f0992a06.jpg,oddball,0,0,3037,0.0,0.0,,0.0
GPAB3154_jpg.rf.87d38b2413cadb6976ac03e5f0992a06.jpg,pocillopora_,0,0,0,1.0,1.0,,
GPAB3154_jpg.rf.87d38b2413cadb6976ac03e5f0992a06.jpg,table_acropora,0,4996,0,0.0,0.0,0.0,
GPAB3155_jpg.rf.d0fa59781b378d4a698078e736ac7453.jpg,branching_acropora,0,0,0,1.0,1.0,,
GPAB3155_jpg.rf.d0fa59781b378d4a698078e736ac7453.jpg,finger_acropora,0,0,0,1.0,1.0,,
GPAB3155_jpg.rf.d0fa59781b378d4a698078e736ac7453.jpg,finger_porites,715746,11678,4318,0.9781398361717655,0.9889491311845072,0.9839460892134436,0.9940033108168163
GPAB3155_jpg.rf.d0fa59781b378d4a698078e736ac7453.jpg,knob_porites,0,0,0,1.0,1.0,,
GPAB3155_jpg.rf.d0fa59781b378d4a698078e736ac7453.jpg,mounding_,0,0,0,1.0,1.0,,
GPAB3155_jpg.rf.d0fa59781b378d4a698078e736ac7453.jpg,oddball,0,0,0,1.0,1.0,,
GPAB3155_jpg.rf.d0fa59781b378d4a698078e736ac7453.jpg,pocillopora_,0,0,0,1.0,1.0,,
GPAB3155_jpg.rf.d0fa59781b378d4a698078e736ac7453.jpg,table_acropora,0,0,0,1.0,1.0,,
GPAB3159_jpg.rf.ed9a35831ae623a1f7ac0a397fdfcda7.jpg,branching_acropora,0,0,0,1.0,1.0,,
GPAB3159_jpg.rf.ed9a35831ae623a1f7ac0a397fdfcda7.jpg,finger_acropora,1034,37,8655,0.10631297552950854,0.19219330855018588,0.965452847805789,0.1067189596449582
GPAB3159_jpg.rf.ed9a35831ae623a1f7ac0a397fdfcda7.jpg,finger_porites,0,0,0,1.0,1.0,,
GPAB3159_jpg.rf.ed9a35831ae623a1f7ac0a397fdfcda7.jpg,knob_porites,341126,13308,7181,0.943340292852896,0.9708441659160345,0.9624528120891337,0.9793831303993317
GPAB3159_jpg.rf.ed9a35831ae623a1f7ac0a397fdfcda7.jpg,mounding_,0,0,1476,0.0,0.0,,0.0
GPAB3159_jpg.rf.ed9a35831ae623a1f7ac0a397fdfcda7.jpg,oddball,0,0,0,1.0,1.0,,
GPAB3159_jpg.rf.ed9a35831ae623a1f7ac0a397fdfcda7.jpg,pocillopora_,0,0,0,1.0,1.0,,
GPAB3159_jpg.rf.ed9a35831ae623a1f7ac0a397fdfcda7.jpg,table_acropora,0,0,652,0.0,0.0,,0.0
GPAB3160_jpg.rf.f7c2f442d5222845a4cf61cc49b880d6.jpg,branching_acropora,0,0,0,1.0,1.0,,
GPAB3160_jpg.rf.f7c2f442d5222845a4cf61cc49b880d6.jpg,finger_acropora,5617,2172,4436,0.4594683026584867,0.6296379329671562,0.7211452047759661,0.5587386849696608
GPAB3160_jpg.rf.f7c2f442d5222845a4cf61cc49b880d6.jpg,finger_porites,203773,2071,76165,0.7225762298366364,0.8389483348497886,0.9899389829191038,0.7279218969914767
GPAB3160_jpg.rf.f7c2f442d5222845a4cf61cc49b880d6.jpg,knob_porites,132515,2309,37820,0.7675621510159635,0.8684980616662134,0.9828739690262861,0.7779669474858367
GPAB3160_jpg.rf.f7c2f442d5222845a4cf61cc49b880d6.jpg,mounding_,0,1520,4679,0.0,0.0,0.0,0.0
GPAB3160_jpg.rf.f7c2f442d5222845a4cf61cc49b880d6.jpg,oddball,0,0,0,1.0,1.0,,
GPAB3160_jpg.rf.f7c2f442d5222845a4cf61cc49b880d6.jpg,pocillopora_,0,0,0,1.0,1.0,,
GPAB3160_jpg.rf.f7c2f442d5222845a4cf61cc49b880d6.jpg,table_acropora,0,3275,0,0.0,0.0,0.0,
GPAB3161_jpg.rf.cb2162d68a96947fa46eb221ba5066b1.jpg,branching_acropora,0,0,0,1.0,1.0,,
GPAB3161_jpg.rf.cb2162d68a96947fa46eb221ba5066b1.jpg,finger_acropora,0,0,921,0.0,0.0,,0.0
GPAB3161_jpg.rf.cb2162d68a96947fa46eb221ba5066b1.jpg,finger_porites,611325,251052,3086,0.7063560198414028,0.8279116569202891,0.7088837016757172,0.9949773034662466
GPAB3161_jpg.rf.cb2162d68a96947fa46eb221ba5066b1.jpg,knob_porites,4548,119,183496,0.02417053299532852,0.047200211715989225,0.9745018212984787,0.024185828848567358
GPAB3161_jpg.rf.cb2162d68a96947fa46eb221ba5066b1.jpg,mounding_,0,0,671,0.0,0.0,,0.0
GPAB3161_jpg.rf.cb2162d68a96947fa46eb221ba5066b1.jpg,oddball,0,0,0,1.0,1.0,,
GPAB3161_jpg.rf.cb2162d68a96947fa46eb221ba5066b1.jpg,pocillopora_,0,0,7988,0.0,0.0,,0.0
GPAB3161_jpg.rf.cb2162d68a96947fa46eb221ba5066b1.jpg,table_acropora,3495,183,58,0.9354925053533191,0.9666712764486239,0.9502446982055465,0.9836757669575007
GPAB3162_jpg.rf.8427e11d3cb16eaac10a9b2e994311b9.jpg,branching_acropora,0,0,0,1.0,1.0,,
GPAB3162_jpg.rf.8427e11d3cb16eaac10a9b2e994311b9.jpg,finger_acropora,0,0,0,1.0,1.0,,
GPAB3162_jpg.rf.8427e11d3cb16eaac10a9b2e994311b9.jpg,finger_porites,1039541,563,589,0.9988930453073096,0.9994462161468374,0.9994587079753563,0.999433724630575
GPAB3162_jpg.rf.8427e11d3cb16eaac10a9b2e994311b9.jpg,knob_porites,0,0,0,1.0,1.0,,
GPAB3162_jpg.rf.8427e11d3cb16eaac10a9b2e994311b9.jpg,mounding_,0,0,0,1.0,1.0,,
GPAB3162_jpg.rf.8427e11d3cb16eaac10a9b2e994311b9.jpg,oddball,0,0,0,1.0,1.0,,
GPAB3162_jpg.rf.8427e11d3cb16eaac10a9b2e994311b9.jpg,pocillopora_,0,0,0,1.0,1.0,,
GPAB3162_jpg.rf.8427e11d3cb16eaac10a9b2e994311b9.jpg,table_acropora,0,0,0,1.0,1.0,,
GPAB3163_jpg.rf.0e42e962764a40f2e739c5cd3e6b899f.jpg,branching_acropora,0,0,0,1.0,1.0,,
GPAB3163_jpg.rf.0e42e962764a40f2e739c5cd3e6b899f.jpg,finger_acropora,0,0,0,1.0,1.0,,
GPAB3163_jpg.rf.0e42e962764a40f2e739c5cd3e6b899f.jpg,finger_porites,964923,75758,131,0.927086736125256,0.9621639947450685,0.9272034369802081,0.9998642563006837
GPAB3163_jpg.rf.0e42e962764a40f2e739c5cd3e6b899f.jpg,knob_porites,0,0,38415,0.0,0.0,,0.0
GPAB3163_jpg.rf.0e42e962764a40f2e739c5cd3e6b899f.jpg,mounding_,0,0,0,1.0,1.0,,
GPAB3163_jpg.rf.0e42e962764a40f2e739c5cd3e6b899f.jpg,oddball,0,0,0,1.0,1.0,,
GPAB3163_jpg.rf.0e42e962764a40f2e739c5cd3e6b899f.jpg,pocillopora_,0,0,0,1.0,1.0,,
GPAB3163_jpg.rf.0e42e962764a40f2e739c5cd3e6b899f.jpg,table_acropora,0,0,0,1.0,1.0,,
GPAB3188_jpg.rf.652a96859d459386ddd0760e01ffd599.jpg,branching_acropora,0,0,2207,0.0,0.0,,0.0
GPAB3188_jpg.rf.652a96859d459386ddd0760e01ffd599.jpg,finger_acropora,228965,28327,59771,0.7221435487584487,0.8386566256675482,0.889903300530137,0.7929908289925746
GPAB3188_jpg.rf.652a96859d459386ddd0760e01ffd599.jpg,finger_porites,0,1980,4567,0.0,0.0,0.0,0.0
GPAB3188_jpg.rf.652a96859d459386ddd0760e01ffd599.jpg,knob_porites,48609,18615,26458,0.5188723554151278,0.6832336549746646,0.7230899678686183,0.6475415295669202
GPAB3188_jpg.rf.652a96859d459386ddd0760e01ffd599.jpg,mounding_,16034,1611,14660,0.4963318371769076,0.663398084362523,0.9086993482572967,0.5223822245389979
GPAB3188_jpg.rf.652a96859d459386ddd0760e01ffd599.jpg,oddball,0,0,0,1.0,1.0,,
GPAB3188_jpg.rf.652a96859d459386ddd0760e01ffd599.jpg,pocillopora_,0,0,0,1.0,1.0,,
GPAB3188_jpg.rf.652a96859d459386ddd0760e01ffd599.jpg,table_acropora,0,0,0,1.0,1.0,,
GPAB3190_jpg.rf.26f6a121f4430f3d59f86dedf34efe38.jpg,branching_acropora,0,0,0,1.0,1.0,,
GPAB3190_jpg.rf.26f6a121f4430f3d59f86dedf34efe38.jpg,finger_acropora,71960,21386,91142,0.3900524695373141,0.5612053905665086,0.7708953784843485,0.4411963066056823
GPAB3190_jpg.rf.26f6a121f4430f3d59f86dedf34efe38.jpg,finger_porites,0,0,6432,0.0,0.0,,0.0
GPAB3190_jpg.rf.26f6a121f4430f3d59f86dedf34efe38.jpg,knob_porites,139561,10900,13721,0.8500383720505293,0.918941341858084,0.9275559779610664,0.910485249409585
GPAB3190_jpg.rf.26f6a121f4430f3d59f86dedf34efe38.jpg,mounding_,51843,4847,15470,0.7184451219512196,0.8361571897454094,0.9144999118010231,0.7701781230965786
GPAB3190_jpg.rf.26f6a121f4430f3d59f86dedf34efe38.jpg,oddball,0,0,1002,0.0,0.0,,0.0
GPAB3190_jpg.rf.26f6a121f4430f3d59f86dedf34efe38.jpg,pocillopora_,0,0,0,1.0,1.0,,
GPAB3190_jpg.rf.26f6a121f4430f3d59f86dedf34efe38.jpg,table_acropora,8827,106,4540,0.6551621762042604,0.7916591928251121,0.988133885592746,0.6603575970674048
GPAB3191_jpg.rf.e826bca6abc790f4761354a9d8dccd08.jpg,branching_acropora,17933,2520,869,0.841056186098865,0.9136670487835944,0.8767906908521977,0.9537815126050421
GPAB3191_jpg.rf.e826bca6abc790f4761354a9d8dccd08.jpg,finger_acropora,115265,17253,62243,0.5918279326969978,0.7435827962816022,0.8698063659276476,0.6493510151655136
GPAB3191_jpg.rf.e826bca6abc790f4761354a9d8dccd08.jpg,finger_porites,0,0,0,1.0,1.0,,
GPAB3191_jpg.rf.e826bca6abc790f4761354a9d8dccd08.jpg,knob_porites,27914,2766,17662,0.5774274957593811,0.7321128829206882,0.9098435462842243,0.6124714762155521
GPAB3191_jpg.rf.e826bca6abc790f4761354a9d8dccd08.jpg,mounding_,18078,907,8725,0.6523998556477806,0.7896392067790687,0.9522254411377403,0.674476737678618
GPAB3191_jpg.rf.e826bca6abc790f4761354a9d8dccd08.jpg,oddball,0,1038,651,0.0,0.0,0.0,0.0
GPAB3191_jpg.rf.e826bca6abc790f4761354a9d8dccd08.jpg,pocillopora_,0,1511,1391,0.0,0.0,0.0,0.0
GPAB3191_jpg.rf.e826bca6abc790f4761354a9d8dccd08.jpg,table_acropora,0,9456,0,0.0,0.0,0.0,
GPAB3192_jpg.rf.1439ae1e342b14aff4b7668dcbeaf30e.jpg,branching_acropora,15393,72,2014,0.880656788145775,0.936541737649063,0.9953443258971872,0.8842994197736542
GPAB3192_jpg.rf.1439ae1e342b14aff4b7668dcbeaf30e.jpg,finger_acropora,67536,64743,21744,0.4384799672776144,0.6096434809689518,0.5105572313065566,0.7564516129032258
GPAB3192_jpg.rf.1439ae1e342b14aff4b7668dcbeaf30e.jpg,finger_porites,0,0,705,0.0,0.0,,0.0
GPAB3192_jpg.rf.1439ae1e342b14aff4b7668dcbeaf30e.jpg,knob_porites,194311,13359,50039,0.7539938457717813,0.8597451440201761,0.9356719795829922,0.7952158788622877
GPAB3192_jpg.rf.1439ae1e342b14aff4b7668dcbeaf30e.jpg,mounding_,81990,15179,49752,0.5580550091545796,0.7163482750938137,0.8437876277413578,0.6223527804344856
GPAB3192_jpg.rf.1439ae1e342b14aff4b7668dcbeaf30e.jpg,oddball,0,0,0,1.0,1.0,,
GPAB3192_jpg.rf.1439ae1e342b14aff4b7668dcbeaf30e.jpg,pocillopora_,0,0,0,1.0,1.0,,
GPAB3192_jpg.rf.1439ae1e342b14aff4b7668dcbeaf30e.jpg,table_acropora,0,1587,33258,0.0,0.0,0.0,0.0
GPAB3193_jpg.rf.26438fdc8ba83c1997cdc08912b8e571.jpg,branching_acropora,0,0,0,1.0,1.0,,
GPAB3193_jpg.rf.26438fdc8ba83c1997cdc08912b8e571.jpg,finger_acropora,41155,12055,72127,0.3283547555789591,0.4943781082574538,0.773444841195264,0.36329690506876644
GPAB3193_jpg.rf.26438fdc8ba83c1997cdc08912b8e571.jpg,finger_porites,0,0,0,1.0,1.0,,
GPAB3193_jpg.rf.26438fdc8ba83c1997cdc08912b8e571.jpg,knob_porites,196063,16868,17094,0.8523551787849147,0.920293460505811,0.9207818495193278,0.9198055893074119
GPAB3193_jpg.rf.26438fdc8ba83c1997cdc08912b8e571.jpg,mounding_,212198,6507,9463,0.9300077136145296,0.9637347115808214,0.9702475937907227,0.9573086830791163
GPAB3193_jpg.rf.26438fdc8ba83c1997cdc08912b8e571.jpg,oddball,0,0,2329,0.0,0.0,,0.0
GPAB3193_jpg.rf.26438fdc8ba83c1997cdc08912b8e571.jpg,pocillopora_,0,0,0,1.0,1.0,,
GPAB3193_jpg.rf.26438fdc8ba83c1997cdc08912b8e571.jpg,table_acropora,0,11198,0,0.0,0.0,0.0,
GPAB3196_jpg.rf.b987e9397cd4dc6740305db480e7d1a3.jpg,branching_acropora,0,0,0,1.0,1.0,,
GPAB3196_jpg.rf.b987e9397cd4dc6740305db480e7d1a3.jpg,finger_acropora,32212,2946,8098,0.7446828185685223,0.8536598293316372,0.9162068377040787,0.7991069213594642
GPAB3196_jpg.rf.b987e9397cd4dc6740305db480e7d1a3.jpg,finger_porites,0,0,0,1.0,1.0,,
GPAB3196_jpg.rf.b987e9397cd4dc6740305db480e7d1a3.jpg,knob_porites,13464,1425,36372,0.2626558202141979,0.4160370799536501,0.9042917590167238,0.2701661449554539
GPAB3196_jpg.rf.b987e9397cd4dc6740305db480e7d1a3.jpg,mounding_,0,2500,2164,0.0,0.0,0.0,0.0
GPAB3196_jpg.rf.b987e9397cd4dc6740305db480e7d1a3.jpg,oddball,0,0,198,0.0,0.0,,0.0
GPAB3196_jpg.rf.b987e9397cd4dc6740305db480e7d1a3.jpg,pocillopora_,0,0,0,1.0,1.0,,
GPAB3196_jpg.rf.b987e9397cd4dc6740305db480e7d1a3.jpg,table_acropora,4166,193,224,0.9090115644774165,0.9523374099897131,0.9557237898600597,0.9489749430523918
GPAB3197_jpg.rf.61ef5ee307e4fe0e326bb6dfa6132654.jpg,branching_acropora,0,0,0,1.0,1.0,,
GPAB3197_jpg.rf.61ef5ee307e4fe0e326bb6dfa6132654.jpg,finger_acropora,23638,7156,32965,0.370739817123857,0.540933899332929,0.7676170682600506,0.4176103740084448
GPAB3197_jpg.rf.61ef5ee307e4fe0e326bb6dfa6132654.jpg,finger_porites,5711,7585,133,0.42527366147888895,0.596760710553814,0.42952767749699156,0.9772416153319644
GPAB3197_jpg.rf.61ef5ee307e4fe0e326bb6dfa6132654.jpg,knob_porites,133810,25623,39120,0.6739258535504374,0.8052039486946502,0.8392867223222295,0.7737812987914185
GPAB3197_jpg.rf.61ef5ee307e4fe0e326bb6dfa6132654.jpg,mounding_,4731,2489,8872,0.29399701715137955,0.45440138308601064,0.6552631578947369,0.34779092847166065
GPAB3197_jpg.rf.61ef5ee307e4fe0e326bb6dfa6132654.jpg,oddball,0,0,0,1.0,1.0,,
GPAB3197_jpg.rf.61ef5ee307e4fe0e326bb6dfa6132654.jpg,pocillopora_,0,0,0,1.0,1.0,,
GPAB3197_jpg.rf.61ef5ee307e4fe0e326bb6dfa6132654.jpg,table_acropora,0,0,0,1.0,1.0,,
GPAB3198_jpg.rf.6a4a94373c659a065374d5d3634da775.jpg,branching_acropora,0,0,0,1.0,1.0,,
GPAB3198_jpg.rf.6a4a94373c659a065374d5d3634da775.jpg,finger_acropora,36528,17220,31745,0.42726305077608695,0.5987166143532671,0.6796159857110963,0.5350284885679552
GPAB3198_jpg.rf.6a4a94373c659a065374d5d3634da775.jpg,finger_porites,33062,14013,4609,0.6396950700410184,0.7802610152691573,0.7023260754115773,0.8776512436622336
GPAB3198_jpg.rf.6a4a94373c659a065374d5d3634da775.jpg,knob_porites,62455,1445,26653,0.6897065806765099,0.8163625431349995,0.9773865414710485,0.7008910535529919
GPAB3198_jpg.rf.6a4a94373c659a065374d5d3634da775.jpg,mounding_,4555,221,5366,0.44912246105304676,0.6198543920527999,0.9537269681742043,0.4591271041225683
GPAB3198_jpg.rf.6a4a94373c659a065374d5d3634da775.jpg,oddball,0,0,0,1.0,1.0,,
GPAB3198_jpg.rf.6a4a94373c659a065374d5d3634da775.jpg,pocillopora_,0,0,0,1.0,1.0,,
GPAB3198_jpg.rf.6a4a94373c659a065374d5d3634da775.jpg,table_acropora,0,5632,0,0.0,0.0,0.0,
GPAB3199_jpg.rf.12b7ef0103aaee8e8ecbbd351b47aecd.jpg,branching_acropora,0,0,0,1.0,1.0,,
GPAB3199_jpg.rf.12b7ef0103aaee8e8ecbbd351b47aecd.jpg,finger_acropora,94848,9084,122601,0.418693965117665,0.5902526907315616,0.9125966978408959,0.4361850364913152
GPAB3199_jpg.rf.12b7ef0103aaee8e8ecbbd351b47aecd.jpg,finger_porites,11141,1812,7667,0.5403006789524734,0.7015522181291521,0.86010962711341,0.5923543173117822
GPAB3199_jpg.rf.12b7ef0103aaee8e8ecbbd351b47aecd.jpg,knob_porites,44381,5059,52276,0.4363227024263636,0.6075552543857848,0.8976739482200647,0.4591597090743557
GPAB3199_jpg.rf.12b7ef0103aaee8e8ecbbd351b47aecd.jpg,mounding_,2847,1952,9056,0.20548538433778418,0.34091725541851275,0.5932485934569702,0.23918339914307318
GPAB3199_jpg.rf.12b7ef0103aaee8e8ecbbd351b47aecd.jpg,oddball,0,2302,0,0.0,0.0,0.0,
GPAB3199_jpg.rf.12b7ef0103aaee8e8ecbbd351b47aecd.jpg,pocillopora_,0,1583,0,0.0,0.0,0.0,
GPAB3199_jpg.rf.12b7ef0103aaee8e8ecbbd351b47aecd.jpg,table_acropora,0,9661,0,0.0,0.0,0.0,
GPAB3200_jpg.rf.195175530cb552d58d2e1d0d144f0c0f.jpg,branching_acropora,0,0,0,1.0,1.0,,
GPAB3200_jpg.rf.195175530cb552d58d2e1d0d144f0c0f.jpg,finger_acropora,31076,4148,50148,0.36400693435786907,0.5337317944490244,0.8822393822393823,0.38259627696247417
GPAB3200_jpg.rf.195175530cb552d58d2e1d0d144f0c0f.jpg,finger_porites,134273,13523,172853,0.41875383986851666,0.5903121853856266,0.9085022598717151,0.4371919016950698
GPAB3200_jpg.rf.195175530cb552d58d2e1d0d144f0c0f.jpg,knob_porites,0,14819,0,0.0,0.0,0.0,
GPAB3200_jpg.rf.195175530cb552d58d2e1d0d144f0c0f.jpg,mounding_,12844,827,20605,0.37472283813747226,0.5451612903225806,0.939506985589935,0.3839875631558492
GPAB3200_jpg.rf.195175530cb552d58d2e1d0d144f0c0f.jpg,oddball,0,0,4102,0.0,0.0,,0.0
GPAB3200_jpg.rf.195175530cb552d58d2e1d0d144f0c0f.jpg,pocillopora_,0,0,0,1.0,1.0,,
GPAB3200_jpg.rf.195175530cb552d58d2e1d0d144f0c0f.jpg,table_acropora,0,0,0,1.0,1.0,,
GPAB3201_jpg.rf.64c5d806908d0ba5fcd43bc8fbac2fe3.jpg,branching_acropora,0,0,0,1.0,1.0,,
GPAB3201_jpg.rf.64c5d806908d0ba5fcd43bc8fbac2fe3.jpg,finger_acropora,25320,2566,5991,0.7474097470260058,0.855448755849114,0.9079825001793015,0.8086614927661205
GPAB3201_jpg.rf.64c5d806908d0ba5fcd43bc8fbac2fe3.jpg,finger_porites,255963,37454,78529,0.6881724766498363,0.815286928519897,0.872352317691204,0.7652290637743204
GPAB3201_jpg.rf.64c5d806908d0ba5fcd43bc8fbac2fe3.jpg,knob_porites,17818,26735,741,0.3933854373647724,0.5646469768031436,0.39992817543150855,0.9600732798103346
GPAB3201_jpg.rf.64c5d806908d0ba5fcd43bc8fbac2fe3.jpg,mounding_,0,1000,0,0.0,0.0,0.0,
GPAB3201_jpg.rf.64c5d806908d0ba5fcd43bc8fbac2fe3.jpg,oddball,0,1257,0,0.0,0.0,0.0,
GPAB3201_jpg.rf.64c5d806908d0ba5fcd43bc8fbac2fe3.jpg,pocillopora_,0,0,0,1.0,1.0,,
GPAB3201_jpg.rf.64c5d806908d0ba5fcd43bc8fbac2fe3.jpg,table_acropora,0,0,0,1.0,1.0,,
GPAB3202_jpg.rf.26fcceb9e7688f7eb1ddf902d85cb3e8.jpg,branching_acropora,0,0,0,1.0,1.0,,
GPAB3202_jpg.rf.26fcceb9e7688f7eb1ddf902d85cb3e8.jpg,finger_acropora,939,3295,5369,0.09778194314276789,0.17814456459874786,0.22177609825224373,0.148858592263792
GPAB3202_jpg.rf.26fcceb9e7688f7eb1ddf902d85cb3e8.jpg,finger_porites,65814,12981,75469,0.42663226676347044,0.5980970383227765,0.8352560441652389,0.4658309916975149
GPAB3202_jpg.rf.26fcceb9e7688f7eb1ddf902d85cb3e8.jpg,knob_porites,8259,3301,1072,0.6538157061431286,0.790675410463836,0.7144463667820069,0.8851141356767763
GPAB3202_jpg.rf.26fcceb9e7688f7eb1ddf902d85cb3e8.jpg,mounding_,0,1147,5402,0.0,0.0,0.0,0.0
GPAB3202_jpg.rf.26fcceb9e7688f7eb1ddf902d85cb3e8.jpg,oddball,0,1011,0,0.0,0.0,0.0,
GPAB3202_jpg.rf.26fcceb9e7688f7eb1ddf902d85cb3e8.jpg,pocillopora_,0,0,0,1.0,1.0,,
GPAB3202_jpg.rf.26fcceb9e7688f7eb1ddf902d85cb3e8.jpg,table_acropora,0,0,937,0.0,0.0,,0.0
GPAB3203_jpg.rf.f3c3a83f132b77b020cd73afb748d82e.jpg,branching_acropora,0,0,0,1.0,1.0,,
GPAB3203_jpg.rf.f3c3a83f132b77b020cd73afb748d82e.jpg,finger_acropora,3536,1636,12411,0.20110333845191378,0.33486434016762157,0.6836813611755607,0.22173449551639807
GPAB3203_jpg.rf.f3c3a83f132b77b020cd73afb748d82e.jpg,finger_porites,49119,46469,90481,0.2639827160891927,0.4176998826470738,0.5138615725823326,0.3518553008595989
GPAB3203_jpg.rf.f3c3a83f132b77b020cd73afb748d82e.jpg,knob_porites,1652,17602,10525,0.05547533496759462,0.10511914988387261,0.08580035317336657,0.13566559908023323
GPAB3203_jpg.rf.f3c3a83f132b77b020cd73afb748d82e.jpg,mounding_,975,46,4857,0.1658727458319156,0.2845469137603969,0.9549461312438785,0.16718106995884774
GPAB3203_jpg.rf.f3c3a83f132b77b020cd73afb748d82e.jpg,oddball,0,0,0,1.0,1.0,,
GPAB3203_jpg.rf.f3c3a83f132b77b020cd73afb748d82e.jpg,pocillopora_,0,0,6452,0.0,0.0,,0.0
GPAB3203_jpg.rf.f3c3a83f132b77b020cd73afb748d82e.jpg,table_acropora,0,0,0,1.0,1.0,,
GPAB3204_jpg.rf.4d64e7738074531250627689a92bb0d3.jpg,branching_acropora,0,4792,0,0.0,0.0,0.0,
GPAB3204_jpg.rf.4d64e7738074531250627689a92bb0d3.jpg,finger_acropora,10740,1860,8194,0.5164951428296624,0.6811695312995497,0.8523809523809524,0.567233548114503
GPAB3204_jpg.rf.4d64e7738074531250627689a92bb0d3.jpg,finger_porites,5794,24211,61007,0.063661934689931,0.11970332417412144,0.19310114980836526,0.0867352285145432
GPAB3204_jpg.rf.4d64e7738074531250627689a92bb0d3.jpg,knob_porites,10980,66228,697,0.1409408895449586,0.24706080891038984,0.14221324215107242,0.9403100111329965
GPAB3204_jpg.rf.4d64e7738074531250627689a92bb0d3.jpg,mounding_,965,36,4039,0.19146825396825398,0.32139883430474603,0.964035964035964,0.192845723421263
GPAB3204_jpg.rf.4d64e7738074531250627689a92bb0d3.jpg,oddball,0,0,0,1.0,1.0,,
GPAB3204_jpg.rf.4d64e7738074531250627689a92bb0d3.jpg,pocillopora_,0,0,0,1.0,1.0,,
GPAB3204_jpg.rf.4d64e7738074531250627689a92bb0d3.jpg,table_acropora,0,0,0,1.0,1.0,,
GPAB3205_jpg.rf.8246c4bca81e9d44ca242b4c3e16fa1b.jpg,branching_acropora,0,0,0,1.0,1.0,,
GPAB3205_jpg.rf.8246c4bca81e9d44ca242b4c3e16fa1b.jpg,finger_acropora,6656,1653,7018,0.4342663273960984,0.6055588409225311,0.8010590925502468,0.48676320023402075
GPAB3205_jpg.rf.8246c4bca81e9d44ca242b4c3e16fa1b.jpg,finger_porites,13062,9415,500143,0.024993302973479774,0.04876773906907456,0.5811273746496418,0.025451817499829502
GPAB3205_jpg.rf.8246c4bca81e9d44ca242b4c3e16fa1b.jpg,knob_porites,0,252268,1299,0.0,0.0,0.0,0.0
GPAB3205_jpg.rf.8246c4bca81e9d44ca242b4c3e16fa1b.jpg,mounding_,1133,102,5745,0.16232091690544412,0.2793048194256132,0.9174089068825911,0.16472811863913928
GPAB3205_jpg.rf.8246c4bca81e9d44ca242b4c3e16fa1b.jpg,oddball,0,0,435,0.0,0.0,,0.0
GPAB3205_jpg.rf.8246c4bca81e9d44ca242b4c3e16fa1b.jpg,pocillopora_,0,0,0,1.0,1.0,,
GPAB3205_jpg.rf.8246c4bca81e9d44ca242b4c3e16fa1b.jpg,table_acropora,0,0,0,1.0,1.0,,
GPAB3206_jpg.rf.4e643a6937100e965b0d605f248af3bf.jpg,branching_acropora,0,0,0,1.0,1.0,,
GPAB3206_jpg.rf.4e643a6937100e965b0d605f248af3bf.jpg,finger_acropora,7610,244,8310,0.4707993071022024,0.6401951711954236,0.9689330277565572,0.4780150753768844
GPAB3206_jpg.rf.4e643a6937100e965b0d605f248af3bf.jpg,finger_porites,376668,663142,184,0.362182858747262,0.5317683399427668,0.3622469489618296,0.9995117446636876
GPAB3206_jpg.rf.4e643a6937100e965b0d605f248af3bf.jpg,knob_porites,0,0,0,1.0,1.0,,
GPAB3206_jpg.rf.4e643a6937100e965b0d605f248af3bf.jpg,mounding_,0,0,2131,0.0,0.0,,0.0
GPAB3206_jpg.rf.4e643a6937100e965b0d605f248af3bf.jpg,oddball,0,0,0,1.0,1.0,,
GPAB3206_jpg.rf.4e643a6937100e965b0d605f248af3bf.jpg,pocillopora_,0,0,42346,0.0,0.0,,0.0
GPAB3206_jpg.rf.4e643a6937100e965b0d605f248af3bf.jpg,table_acropora,0,0,0,1.0,1.0,,
GPAB3207_jpg.rf.59b13473fdee7f43b0c8751b7481a7a2.jpg,branching_acropora,0,0,0,1.0,1.0,,
GPAB3207_jpg.rf.59b13473fdee7f43b0c8751b7481a7a2.jpg,finger_acropora,0,0,2485,0.0,0.0,,0.0
GPAB3207_jpg.rf.59b13473fdee7f43b0c8751b7481a7a2.jpg,finger_porites,955281,82739,266,0.9200557457193875,0.9583635764436309,0.9202915165411071,0.9997216254145531
GPAB3207_jpg.rf.59b13473fdee7f43b0c8751b7481a7a2.jpg,knob_porites,0,0,0,1.0,1.0,,
GPAB3207_jpg.rf.59b13473fdee7f43b0c8751b7481a7a2.jpg,mounding_,0,0,0,1.0,1.0,,
GPAB3207_jpg.rf.59b13473fdee7f43b0c8751b7481a7a2.jpg,oddball,0,0,0,1.0,1.0,,
GPAB3207_jpg.rf.59b13473fdee7f43b0c8751b7481a7a2.jpg,pocillopora_,0,0,0,1.0,1.0,,
GPAB3207_jpg.rf.59b13473fdee7f43b0c8751b7481a7a2.jpg,table_acropora,0,0,0,1.0,1.0,,
GPAB3208_jpg.rf.88ac674c1a1d170840701939258f0f75.jpg,branching_acropora,0,0,0,1.0,1.0,,
GPAB3208_jpg.rf.88ac674c1a1d170840701939258f0f75.jpg,finger_acropora,1563,3007,897,0.2858972013901591,0.44466571834992885,0.34201312910284465,0.6353658536585366
GPAB3208_jpg.rf.88ac674c1a1d170840701939258f0f75.jpg,finger_porites,27470,5500,719863,0.03648883616950904,0.07040854642363287,0.8331816803154383,0.03675737589535053
GPAB3208_jpg.rf.88ac674c1a1d170840701939258f0f75.jpg,knob_porites,0,0,0,1.0,1.0,,
GPAB3208_jpg.rf.88ac674c1a1d170840701939258f0f75.jpg,mounding_,0,0,0,1.0,1.0,,
GPAB3208_jpg.rf.88ac674c1a1d170840701939258f0f75.jpg,oddball,0,0,0,1.0,1.0,,
GPAB3208_jpg.rf.88ac674c1a1d170840701939258f0f75.jpg,pocillopora_,0,0,0,1.0,1.0,,
GPAB3208_jpg.rf.88ac674c1a1d170840701939258f0f75.jpg,table_acropora,0,0,0,1.0,1.0,,
GPAB3209_jpg.rf.f6dac21895ad4908531149409119db3c.jpg,branching_acropora,0,0,0,1.0,1.0,,
GPAB3209_jpg.rf.f6dac21895ad4908531149409119db3c.jpg,finger_acropora,0,0,0,1.0,1.0,,
GPAB3209_jpg.rf.f6dac21895ad4908531149409119db3c.jpg,finger_porites,981555,53079,468,0.9482688662566587,0.9734476413192724,0.9486978003815842,0.9995234327505568
GPAB3209_jpg.rf.f6dac21895ad4908531149409119db3c.jpg,knob_porites,0,0,0,1.0,1.0,,
GPAB3209_jpg.rf.f6dac21895ad4908531149409119db3c.jpg,mounding_,0,0,0,1.0,1.0,,
GPAB3209_jpg.rf.f6dac21895ad4908531149409119db3c.jpg,oddball,0,0,0,1.0,1.0,,
GPAB3209_jpg.rf.f6dac21895ad4908531149409119db3c.jpg,pocillopora_,0,0,0,1.0,1.0,,
GPAB3209_jpg.rf.f6dac21895ad4908531149409119db3c.jpg,table_acropora,0,0,0,1.0,1.0,,
GPAB3210_jpg.rf.d299f498373d90b3cc0570fb8429706d.jpg,branching_acropora,0,0,0,1.0,1.0,,
GPAB3210_jpg.rf.d299f498373d90b3cc0570fb8429706d.jpg,finger_acropora,41282,6415,24297,0.5734088951857099,0.7288746071542074,0.8655051680399186,0.6295002973512862
GPAB3210_jpg.rf.d299f498373d90b3cc0570fb8429706d.jpg,finger_porites,58443,3450,469810,0.10991662638728764,0.19806285224334316,0.9442586399108138,0.11063448764133853
GPAB3210_jpg.rf.d299f498373d90b3cc0570fb8429706d.jpg,knob_porites,0,0,0,1.0,1.0,,
GPAB3210_jpg.rf.d299f498373d90b3cc0570fb8429706d.jpg,mounding_,927,384,27,0.6928251121076233,0.8185430463576159,0.7070938215102975,0.9716981132075472
GPAB3210_jpg.rf.d299f498373d90b3cc0570fb8429706d.jpg,oddball,0,4452,0,0.0,0.0,0.0,
GPAB3210_jpg.rf.d299f498373d90b3cc0570fb8429706d.jpg,pocillopora_,0,0,0,1.0,1.0,,
GPAB3210_jpg.rf.d299f498373d90b3cc0570fb8429706d.jpg,table_acropora,0,0,0,1.0,1.0,,
GPAB3211_jpg.rf.2bbee665257083af1512a10f8e4cb798.jpg,branching_acropora,0,0,0,1.0,1.0,,
GPAB3211_jpg.rf.2bbee665257083af1512a10f8e4cb798.jpg,finger_acropora,0,0,0,1.0,1.0,,
GPAB3211_jpg.rf.2bbee665257083af1512a10f8e4cb798.jpg,finger_porites,0,0,0,1.0,1.0,,
GPAB3211_jpg.rf.2bbee665257083af1512a10f8e4cb798.jpg,knob_porites,24733,970,362,0.9488969882984846,0.9737784952163471,0.962261214644205,0.9855748157003387
GPAB3211_jpg.rf.2bbee665257083af1512a10f8e4cb798.jpg,mounding_,0,0,0,1.0,1.0,,
GPAB3211_jpg.rf.2bbee665257083af1512a10f8e4cb798.jpg,oddball,0,0,1421,0.0,0.0,,0.0
GPAB3211_jpg.rf.2bbee665257083af1512a10f8e4cb798.jpg,pocillopora_,0,0,0,1.0,1.0,,
GPAB3211_jpg.rf.2bbee665257083af1512a10f8e4cb798.jpg,table_acropora,0,0,0,1.0,1.0,,
GPAB3212_jpg.rf.18fffd5daee83a4157cdafc4403a2b74.jpg,branching_acropora,0,0,0,1.0,1.0,,
GPAB3212_jpg.rf.18fffd5daee83a4157cdafc4403a2b74.jpg,finger_acropora,0,0,0,1.0,1.0,,
GPAB3212_jpg.rf.18fffd5daee83a4157cdafc4403a2b74.jpg,finger_porites,0,1037671,0,0.0,0.0,0.0,
GPAB3212_jpg.rf.18fffd5daee83a4157cdafc4403a2b74.jpg,knob_porites,0,0,0,1.0,1.0,,
GPAB3212_jpg.rf.18fffd5daee83a4157cdafc4403a2b74.jpg,mounding_,0,0,0,1.0,1.0,,
GPAB3212_jpg.rf.18fffd5daee83a4157cdafc4403a2b74.jpg,oddball,0,0,0,1.0,1.0,,
GPAB3212_jpg.rf.18fffd5daee83a4157cdafc4403a2b74.jpg,pocillopora_,0,0,0,1.0,1.0,,
GPAB3212_jpg.rf.18fffd5daee83a4157cdafc4403a2b74.jpg,table_acropora,0,0,0,1.0,1.0,,
GPAB3213_jpg.rf.aad7bced0969440a4a59c024517dbe40.jpg,branching_acropora,0,0,0,1.0,1.0,,
GPAB3213_jpg.rf.aad7bced0969440a4a59c024517dbe40.jpg,finger_acropora,1498,3177,61,0.31630067567567566,0.48059031119666346,0.320427807486631,0.9608723540731238
GPAB3213_jpg.rf.aad7bced0969440a4a59c024517dbe40.jpg,finger_porites,0,0,0,1.0,1.0,,
GPAB3213_jpg.rf.aad7bced0969440a4a59c024517dbe40.jpg,knob_porites,0,0,0,1.0,1.0,,
GPAB3213_jpg.rf.aad7bced0969440a4a59c024517dbe40.jpg,mounding_,0,0,0,1.0,1.0,,
GPAB3213_jpg.rf.aad7bced0969440a4a59c024517dbe40.jpg,oddball,0,1648,1436,0.0,0.0,0.0,0.0
GPAB3213_jpg.rf.aad7bced0969440a4a59c024517dbe40.jpg,pocillopora_,0,0,0,1.0,1.0,,
GPAB3213_jpg.rf.aad7bced0969440a4a59c024517dbe40.jpg,table_acropora,0,0,0,1.0,1.0,,
GPAB3214_jpg.rf.a9331ffc6e7ef157654776be1e3f6aa5.jpg,branching_acropora,0,0,0,1.0,1.0,,
GPAB3214_jpg.rf.a9331ffc6e7ef157654776be1e3f6aa5.jpg,finger_acropora,0,0,0,1.0,1.0,,
GPAB3214_jpg.rf.a9331ffc6e7ef157654776be1e3f6aa5.jpg,finger_porites,0,0,0,1.0,1.0,,
GPAB3214_jpg.rf.a9331ffc6e7ef157654776be1e3f6aa5.jpg,knob_porites,0,0,0,1.0,1.0,,
GPAB3214_jpg.rf.a9331ffc6e7ef157654776be1e3f6aa5.jpg,mounding_,0,0,0,1.0,1.0,,
GPAB3214_jpg.rf.a9331ffc6e7ef157654776be1e3f6aa5.jpg,oddball,0,1349,0,0.0,0.0,0.0,
GPAB3214_jpg.rf.a9331ffc6e7ef157654776be1e3f6aa5.jpg,pocillopora_,0,0,0,1.0,1.0,,
GPAB3214_jpg.rf.a9331ffc6e7ef157654776be1e3f6aa5.jpg,table_acropora,0,0,0,1.0,1.0,,
GPAB3215_jpg.rf.006beb5ee5b8d23dc7a38e00e61556ec.jpg,branching_acropora,0,0,0,1.0,1.0,,
GPAB3215_jpg.rf.006beb5ee5b8d23dc7a38e00e61556ec.jpg,finger_acropora,9791,8749,590,0.5118139048614742,0.6770858545693441,0.528101402373247,0.9431653983238609
GPAB3215_jpg.rf.006beb5ee5b8d23dc7a38e00e61556ec.jpg,finger_porites,0,0,0,1.0,1.0,,
GPAB3215_jpg.rf.006beb5ee5b8d23dc7a38e00e61556ec.jpg,knob_porites,0,0,0,1.0,1.0,,
GPAB3215_jpg.rf.006beb5ee5b8d23dc7a38e00e61556ec.jpg,mounding_,0,4214,6239,0.0,0.0,0.0,0.0
GPAB3215_jpg.rf.006beb5ee5b8d23dc7a38e00e61556ec.jpg,oddball,0,8646,0,0.0,0.0,0.0,
GPAB3215_jpg.rf.006beb5ee5b8d23dc7a38e00e61556ec.jpg,pocillopora_,0,0,0,1.0,1.0,,
GPAB3215_jpg.rf.006beb5ee5b8d23dc7a38e00e61556ec.jpg,table_acropora,0,1271,0,0.0,0.0,0.0,
GPAB3216_jpg.rf.6eae2e3fa8c98eff50cf0d32d1c876b1.jpg,branching_acropora,0,0,0,1.0,1.0,,
GPAB3216_jpg.rf.6eae2e3fa8c98eff50cf0d32d1c876b1.jpg,finger_acropora,3481,11334,2423,0.20193757976563406,0.3360200781891018,0.23496456294296322,0.5896002710027101
GPAB3216_jpg.rf.6eae2e3fa8c98eff50cf0d32d1c876b1.jpg,finger_porites,0,0,0,1.0,1.0,,
GPAB3216_jpg.rf.6eae2e3fa8c98eff50cf0d32d1c876b1.jpg,knob_porites,0,6473,0,0.0,0.0,0.0,
GPAB3216_jpg.rf.6eae2e3fa8c98eff50cf0d32d1c876b1.jpg,mounding_,0,0,0,1.0,1.0,,
GPAB3216_jpg.rf.6eae2e3fa8c98eff50cf0d32d1c876b1.jpg,oddball,0,4575,0,0.0,0.0,0.0,
GPAB3216_jpg.rf.6eae2e3fa8c98eff50cf0d32d1c876b1.jpg,pocillopora_,0,0,0,1.0,1.0,,
GPAB3216_jpg.rf.6eae2e3fa8c98eff50cf0d32d1c876b1.jpg,table_acropora,0,0,0,1.0,1.0,,
GPAB3217_jpg.rf.2f1ef4bd35e7cb3d66255acbcc57cad6.jpg,branching_acropora,0,0,0,1.0,1.0,,
GPAB3217_jpg.rf.2f1ef4bd35e7cb3d66255acbcc57cad6.jpg,finger_acropora,0,0,0,1.0,1.0,,
GPAB3217_jpg.rf.2f1ef4bd35e7cb3d66255acbcc57cad6.jpg,finger_porites,0,0,0,1.0,1.0,,
GPAB3217_jpg.rf.2f1ef4bd35e7cb3d66255acbcc57cad6.jpg,knob_porites,0,0,0,1.0,1.0,,
GPAB3217_jpg.rf.2f1ef4bd35e7cb3d66255acbcc57cad6.jpg,mounding_,0,1128,0,0.0,0.0,0.0,
GPAB3217_jpg.rf.2f1ef4bd35e7cb3d66255acbcc57cad6.jpg,oddball,0,1887,0,0.0,0.0,0.0,
GPAB3217_jpg.rf.2f1ef4bd35e7cb3d66255acbcc57cad6.jpg,pocillopora_,0,0,0,1.0,1.0,,
GPAB3217_jpg.rf.2f1ef4bd35e7cb3d66255acbcc57cad6.jpg,table_acropora,0,0,0,1.0,1.0,,
GPAB3218_jpg.rf.d9d14010d4157d4108be2e17946d432c.jpg,branching_acropora,1286,528,105,0.6701406982803544,0.8024960998439937,0.7089305402425579,0.9245147375988497
GPAB3218_jpg.rf.d9d14010d4157d4108be2e17946d432c.jpg,finger_acropora,20347,3730,21951,0.442057008777266,0.6130922787193973,0.8450803671553765,0.4810392926379498
GPAB3218_jpg.rf.d9d14010d4157d4108be2e17946d432c.jpg,finger_porites,0,0,0,1.0,1.0,,
GPAB3218_jpg.rf.d9d14010d4157d4108be2e17946d432c.jpg,knob_porites,0,0,0,1.0,1.0,,
GPAB3218_jpg.rf.d9d14010d4157d4108be2e17946d432c.jpg,mounding_,4403,4292,54,0.5032575151445879,0.6695559610705596,0.5063829787234042,0.9878842270585596
GPAB3218_jpg.rf.d9d14010d4157d4108be2e17946d432c.jpg,oddball,0,8608,1403,0.0,0.0,0.0,0.0
GPAB3218_jpg.rf.d9d14010d4157d4108be2e17946d432c.jpg,pocillopora_,18602,3498,185,0.8347318824321293,0.9099224692445032,0.8417194570135746,0.9901527652099856
GPAB3218_jpg.rf.d9d14010d4157d4108be2e17946d432c.jpg,table_acropora,0,0,0,1.0,1.0,,
GPAB3219_jpg.rf.ff338c196dc32a1235219d6a9764c2bc.jpg,branching_acropora,0,0,0,1.0,1.0,,
GPAB3219_jpg.rf.ff338c196dc32a1235219d6a9764c2bc.jpg,finger_acropora,86265,9207,6862,0.8429749643324799,0.9147980636164561,0.9035633484162896,0.9263156764418482
GPAB3219_jpg.rf.ff338c196dc32a1235219d6a9764c2bc.jpg,finger_porites,0,0,0,1.0,1.0,,
GPAB3219_jpg.rf.ff338c196dc32a1235219d6a9764c2bc.jpg,knob_porites,0,0,0,1.0,1.0,,
GPAB3219_jpg.rf.ff338c196dc32a1235219d6a9764c2bc.jpg,mounding_,39363,18236,9323,0.5881922237829115,0.7407065907700993,0.6833972812027986,0.8085075791808733
GPAB3219_jpg.rf.ff338c196dc32a1235219d6a9764c2bc.jpg,oddball,0,0,0,1.0,1.0,,
GPAB3219_jpg.rf.ff338c196dc32a1235219d6a9764c2bc.jpg,pocillopora_,0,0,0,1.0,1.0,,
GPAB3219_jpg.rf.ff338c196dc32a1235219d6a9764c2bc.jpg,table_acropora,0,0,0,1.0,1.0,,
GPAB3220_jpg.rf.c40e169919da8e837e5cb08ee3bd4133.jpg,branching_acropora,0,0,0,1.0,1.0,,
GPAB3220_jpg.rf.c40e169919da8e837e5cb08ee3bd4133.jpg,finger_acropora,83554,5482,4286,0.8953301472321639,0.9447748705307674,0.9384293993440855,0.9512067395264117
GPAB3220_jpg.rf.c40e169919da8e837e5cb08ee3bd4133.jpg,finger_porites,0,0,0,1.0,1.0,,
GPAB3220_jpg.rf.c40e169919da8e837e5cb08ee3bd4133.jpg,knob_porites,0,12539,0,0.0,0.0,0.0,
GPAB3220_jpg.rf.c40e169919da8e837e5cb08ee3bd4133.jpg,mounding_,3710,109,7995,0.31403419671576094,0.4779695954650863,0.9714584969887405,0.31695856471593337
GPAB3220_jpg.rf.c40e169919da8e837e5cb08ee3bd4133.jpg,oddball,0,0,0,1.0,1.0,,
GPAB3220_jpg.rf.c40e169919da8e837e5cb08ee3bd4133.jpg,pocillopora_,0,0,1466,0.0,0.0,,0.0
GPAB3220_jpg.rf.c40e169919da8e837e5cb08ee3bd4133.jpg,table_acropora,0,0,0,1.0,1.0,,
GPAB3221_jpg.rf.8d374c772359fb68a5172ca00d2a6e6e.jpg,branching_acropora,0,0,0,1.0,1.0,,
GPAB3221_jpg.rf.8d374c772359fb68a5172ca00d2a6e6e.jpg,finger_acropora,201512,6060,30205,0.8474831459729074,0.9174461459312662,0.9708053109282562,0.8696470263295313
GPAB3221_jpg.rf.8d374c772359fb68a5172ca00d2a6e6e.jpg,finger_porites,0,13166,0,0.0,0.0,0.0,
GPAB3221_jpg.rf.8d374c772359fb68a5172ca00d2a6e6e.jpg,knob_porites,0,0,0,1.0,1.0,,
GPAB3221_jpg.rf.8d374c772359fb68a5172ca00d2a6e6e.jpg,mounding_,3503,5303,168,0.3903498997102741,0.5615131842590366,0.39779695662048603,0.9542359030236993
GPAB3221_jpg.rf.8d374c772359fb68a5172ca00d2a6e6e.jpg,oddball,3249,43,633,0.8277707006369427,0.9057708391413437,0.9869380315917375,0.8369397217928902
GPAB3221_jpg.rf.8d374c772359fb68a5172ca00d2a6e6e.jpg,pocillopora_,0,0,0,1.0,1.0,,
GPAB3221_jpg.rf.8d374c772359fb68a5172ca00d2a6e6e.jpg,table_acropora,0,13009,0,0.0,0.0,0.0,
GPAB3222_jpg.rf.ef789681cc6f68d058b4fab3aa2fddd8.jpg,branching_acropora,0,0,0,1.0,1.0,,
GPAB3222_jpg.rf.ef789681cc6f68d058b4fab3aa2fddd8.jpg,finger_acropora,551658,633,210998,0.7227380454847377,0.8390573916667364,0.9988538650819948,0.7233379138169764
GPAB3222_jpg.rf.ef789681cc6f68d058b4fab3aa2fddd8.jpg,finger_porites,0,0,0,1.0,1.0,,
GPAB3222_jpg.rf.ef789681cc6f68d058b4fab3aa2fddd8.jpg,knob_porites,0,0,0,1.0,1.0,,
GPAB3222_jpg.rf.ef789681cc6f68d058b4fab3aa2fddd8.jpg,mounding_,0,0,0,1.0,1.0,,
GPAB3222_jpg.rf.ef789681cc6f68d058b4fab3aa2fddd8.jpg,oddball,0,0,0,1.0,1.0,,
GPAB3222_jpg.rf.ef789681cc6f68d058b4fab3aa2fddd8.jpg,pocillopora_,0,0,0,1.0,1.0,,
GPAB3222_jpg.rf.ef789681cc6f68d058b4fab3aa2fddd8.jpg,table_acropora,0,0,0,1.0,1.0,,
GPAB3223_jpg.rf.665c44ab9c7d66a0223d88910b91bfc1.jpg,branching_acropora,0,0,0,1.0,1.0,,
GPAB3223_jpg.rf.665c44ab9c7d66a0223d88910b91bfc1.jpg,finger_acropora,150955,36597,5677,0.781223315340865,0.8771761615879878,0.8048701160211568,0.9637558097962102
GPAB3223_jpg.rf.665c44ab9c7d66a0223d88910b91bfc1.jpg,finger_porites,0,0,0,1.0,1.0,,
GPAB3223_jpg.rf.665c44ab9c7d66a0223d88910b91bfc1.jpg,knob_porites,0,0,0,1.0,1.0,,
GPAB3223_jpg.rf.665c44ab9c7d66a0223d88910b91bfc1.jpg,mounding_,0,0,0,1.0,1.0,,
GPAB3223_jpg.rf.665c44ab9c7d66a0223d88910b91bfc1.jpg,oddball,5785,651,59,0.8906851424172441,0.9421824104234527,0.8988502175264139,0.9899041752224503
GPAB3223_jpg.rf.665c44ab9c7d66a0223d88910b91bfc1.jpg,pocillopora_,0,0,0,1.0,1.0,,
GPAB3223_jpg.rf.665c44ab9c7d66a0223d88910b91bfc1.jpg,table_acropora,0,0,0,1.0,1.0,,
GPAB3224_jpg.rf.3496e1b9cc1114642afead4714dc1e93.jpg,branching_acropora,0,0,0,1.0,1.0,,
GPAB3224_jpg.rf.3496e1b9cc1114642afead4714dc1e93.jpg,finger_acropora,184101,6710,260886,0.4075763177528299,0.5791178959355016,0.9648343124872256,0.41372219862602727
GPAB3224_jpg.rf.3496e1b9cc1114642afead4714dc1e93.jpg,finger_porites,0,0,0,1.0,1.0,,
GPAB3224_jpg.rf.3496e1b9cc1114642afead4714dc1e93.jpg,knob_porites,0,0,0,1.0,1.0,,
GPAB3224_jpg.rf.3496e1b9cc1114642afead4714dc1e93.jpg,mounding_,0,132929,0,0.0,0.0,0.0,
GPAB3224_jpg.rf.3496e1b9cc1114642afead4714dc1e93.jpg,oddball,0,0,0,1.0,1.0,,
GPAB3224_jpg.rf.3496e1b9cc1114642afead4714dc1e93.jpg,pocillopora_,0,0,0,1.0,1.0,,
GPAB3224_jpg.rf.3496e1b9cc1114642afead4714dc1e93.jpg,table_acropora,0,0,0,1.0,1.0,,
GPAB3225_jpg.rf.83718ce0f906ef09e77f85fef62d54c7.jpg,branching_acropora,0,0,0,1.0,1.0,,
GPAB3225_jpg.rf.83718ce0f906ef09e77f85fef62d54c7.jpg,finger_acropora,0,0,0,1.0,1.0,,
GPAB3225_jpg.rf.83718ce0f906ef09e77f85fef62d54c7.jpg,finger_porites,0,0,0,1.0,1.0,,
GPAB3225_jpg.rf.83718ce0f906ef09e77f85fef62d54c7.jpg,knob_porites,0,0,0,1.0,1.0,,
GPAB3225_jpg.rf.83718ce0f906ef09e77f85fef62d54c7.jpg,mounding_,2847,43,3063,0.4782462623887116,0.6470454545454546,0.985121107266436,0.4817258883248731
GPAB3225_jpg.rf.83718ce0f906ef09e77f85fef62d54c7.jpg,oddball,0,0,0,1.0,1.0,,
GPAB3225_jpg.rf.83718ce0f906ef09e77f85fef62d54c7.jpg,pocillopora_,0,0,0,1.0,1.0,,
GPAB3225_jpg.rf.83718ce0f906ef09e77f85fef62d54c7.jpg,table_acropora,0,0,0,1.0,1.0,,
GPAB3226_jpg.rf.c75bfba17fbb447344c44f31fb1f214a.jpg,branching_acropora,0,0,0,1.0,1.0,,
GPAB3226_jpg.rf.c75bfba17fbb447344c44f31fb1f214a.jpg,finger_acropora,0,7230,0,0.0,0.0,0.0,
GPAB3226_jpg.rf.c75bfba17fbb447344c44f31fb1f214a.jpg,finger_porites,0,0,0,1.0,1.0,,
GPAB3226_jpg.rf.c75bfba17fbb447344c44f31fb1f214a.jpg,knob_porites,0,0,0,1.0,1.0,,
GPAB3226_jpg.rf.c75bfba17fbb447344c44f31fb1f214a.jpg,mounding_,0,7761,0,0.0,0.0,0.0,
GPAB3226_jpg.rf.c75bfba17fbb447344c44f31fb1f214a.jpg,oddball,0,0,0,1.0,1.0,,
GPAB3226_jpg.rf.c75bfba17fbb447344c44f31fb1f214a.jpg,pocillopora_,0,0,0,1.0,1.0,,
GPAB3226_jpg.rf.c75bfba17fbb447344c44f31fb1f214a.jpg,table_acropora,0,1551,0,0.0,0.0,0.0,
GPAB3227_jpg.rf.2b959500f6e4dec0055fc1e6488e6c59.jpg,branching_acropora,0,0,0,1.0,1.0,,
GPAB3227_jpg.rf.2b959500f6e4dec0055fc1e6488e6c59.jpg,finger_acropora,237560,13482,46585,0.7981802726231155,0.8877644636360749,0.9462958389432844,0.8360520156962115
GPAB3227_jpg.rf.2b959500f6e4dec0055fc1e6488e6c59.jpg,finger_porites,0,0,0,1.0,1.0,,
GPAB3227_jpg.rf.2b959500f6e4dec0055fc1e6488e6c59.jpg,knob_porites,0,16188,10162,0.0,0.0,0.0,0.0
GPAB3227_jpg.rf.2b959500f6e4dec0055fc1e6488e6c59.jpg,mounding_,33985,367,6242,0.8371926885746662,0.9113825607744808,0.9893164881229622,0.8448305864220549
GPAB3227_jpg.rf.2b959500f6e4dec0055fc1e6488e6c59.jpg,oddball,2872,82,1904,0.5911897900370523,0.7430789133247089,0.972241029113067,0.6013400335008375
GPAB3227_jpg.rf.2b959500f6e4dec0055fc1e6488e6c59.jpg,pocillopora_,0,0,1167,0.0,0.0,,0.0
GPAB3227_jpg.rf.2b959500f6e4dec0055fc1e6488e6c59.jpg,table_acropora,0,0,0,1.0,1.0,,
GPAB3228_jpg.rf.92aef0621bb3c3054cd3952cab4294ff.jpg,branching_acropora,0,0,0,1.0,1.0,,
GPAB3228_jpg.rf.92aef0621bb3c3054cd3952cab4294ff.jpg,finger_acropora,155762,14803,280719,0.34515294138502584,0.513180220279847,0.9132119719754932,0.35685860323817076
GPAB3228_jpg.rf.92aef0621bb3c3054cd3952cab4294ff.jpg,finger_porites,0,0,0,1.0,1.0,,
GPAB3228_jpg.rf.92aef0621bb3c3054cd3952cab4294ff.jpg,knob_porites,7923,451,95,0.9355295784626284,0.9666910688140556,0.9461428230236446,0.9881516587677726
GPAB3228_jpg.rf.92aef0621bb3c3054cd3952cab4294ff.jpg,mounding_,13515,1904,3456,0.7160264900662252,0.83451682618092,0.87651598676957,0.7963584939013612
GPAB3228_jpg.rf.92aef0621bb3c3054cd3952cab4294ff.jpg,oddball,0,0,0,1.0,1.0,,
GPAB3228_jpg.rf.92aef0621bb3c3054cd3952cab4294ff.jpg,pocillopora_,5534,137,350,0.9191164258428832,0.957853742968412,0.9758420031740433,0.9405166553365057
GPAB3228_jpg.rf.92aef0621bb3c3054cd3952cab4294ff.jpg,table_acropora,0,0,0,1.0,1.0,,
GPAB3256_jpg.rf.7d206d4c2dfb923b428f093deabfd85f.jpg,branching_acropora,0,0,0,1.0,1.0,,
GPAB3256_jpg.rf.7d206d4c2dfb923b428f093deabfd85f.jpg,finger_acropora,0,0,0,1.0,1.0,,
GPAB3256_jpg.rf.7d206d4c2dfb923b428f093deabfd85f.jpg,finger_porites,939815,100374,151,0.903372935770998,0.949233772103699,0.9035040747402635,0.9998393558915961
GPAB3256_jpg.rf.7d206d4c2dfb923b428f093deabfd85f.jpg,knob_porites,0,0,0,1.0,1.0,,
GPAB3256_jpg.rf.7d206d4c2dfb923b428f093deabfd85f.jpg,mounding_,0,0,0,1.0,1.0,,
GPAB3256_jpg.rf.7d206d4c2dfb923b428f093deabfd85f.jpg,oddball,0,0,0,1.0,1.0,,
GPAB3256_jpg.rf.7d206d4c2dfb923b428f093deabfd85f.jpg,pocillopora_,0,0,0,1.0,1.0,,
GPAB3256_jpg.rf.7d206d4c2dfb923b428f093deabfd85f.jpg,table_acropora,0,0,0,1.0,1.0,,
GPAB3257_jpg.rf.3ee28745ceb92561a0b0b7379c7e81aa.jpg,branching_acropora,0,0,0,1.0,1.0,,
GPAB3257_jpg.rf.3ee28745ceb92561a0b0b7379c7e81aa.jpg,finger_acropora,0,0,0,1.0,1.0,,
GPAB3257_jpg.rf.3ee28745ceb92561a0b0b7379c7e81aa.jpg,finger_porites,969382,71409,135,0.9312688894311412,0.9644114235231617,0.9313896834234731,0.9998607554070739
GPAB3257_jpg.rf.3ee28745ceb92561a0b0b7379c7e81aa.jpg,knob_porites,0,0,0,1.0,1.0,,
GPAB3257_jpg.rf.3ee28745ceb92561a0b0b7379c7e81aa.jpg,mounding_,0,0,0,1.0,1.0,,
GPAB3257_jpg.rf.3ee28745ceb92561a0b0b7379c7e81aa.jpg,oddball,0,0,0,1.0,1.0,,
GPAB3257_jpg.rf.3ee28745ceb92561a0b0b7379c7e81aa.jpg,pocillopora_,0,0,0,1.0,1.0,,
GPAB3257_jpg.rf.3ee28745ceb92561a0b0b7379c7e81aa.jpg,table_acropora,0,0,0,1.0,1.0,,
GPAB3258_jpg.rf.c7ef61abe1c7481746e6bde8d974d808.jpg,branching_acropora,0,0,0,1.0,1.0,,
GPAB3258_jpg.rf.c7ef61abe1c7481746e6bde8d974d808.jpg,finger_acropora,0,0,0,1.0,1.0,,
GPAB3258_jpg.rf.c7ef61abe1c7481746e6bde8d974d808.jpg,finger_porites,335892,7165,558048,0.37275567220246253,0.5430764989729159,0.9791142579804523,0.3757433384790926
GPAB3258_jpg.rf.c7ef61abe1c7481746e6bde8d974d808.jpg,knob_porites,0,3052,0,0.0,0.0,0.0,
GPAB3258_jpg.rf.c7ef61abe1c7481746e6bde8d974d808.jpg,mounding_,0,0,0,1.0,1.0,,
GPAB3258_jpg.rf.c7ef61abe1c7481746e6bde8d974d808.jpg,oddball,0,0,0,1.0,1.0,,
GPAB3258_jpg.rf.c7ef61abe1c7481746e6bde8d974d808.jpg,pocillopora_,0,0,0,1.0,1.0,,
GPAB3258_jpg.rf.c7ef61abe1c7481746e6bde8d974d808.jpg,table_acropora,0,0,0,1.0,1.0,,
GPAB3259_jpg.rf.839025428ad843c1b67707a3f6164648.jpg,branching_acropora,0,0,0,1.0,1.0,,
GPAB3259_jpg.rf.839025428ad843c1b67707a3f6164648.jpg,finger_acropora,0,0,0,1.0,1.0,,
GPAB3259_jpg.rf.839025428ad843c1b67707a3f6164648.jpg,finger_porites,933902,106213,614,0.8973536818902904,0.9459002720001863,0.8978834071232508,0.9993429754011702
GPAB3259_jpg.rf.839025428ad843c1b67707a3f6164648.jpg,knob_porites,0,0,0,1.0,1.0,,
GPAB3259_jpg.rf.839025428ad843c1b67707a3f6164648.jpg,mounding_,0,0,0,1.0,1.0,,
GPAB3259_jpg.rf.839025428ad843c1b67707a3f6164648.jpg,oddball,0,0,0,1.0,1.0,,
GPAB3259_jpg.rf.839025428ad843c1b67707a3f6164648.jpg,pocillopora_,0,0,0,1.0,1.0,,
GPAB3259_jpg.rf.839025428ad843c1b67707a3f6164648.jpg,table_acropora,0,0,0,1.0,1.0,,
GPAB3260_jpg.rf.2a852c74755eedf1b0bbf6519188576e.jpg,branching_acropora,0,0,0,1.0,1.0,,
GPAB3260_jpg.rf.2a852c74755eedf1b0bbf6519188576e.jpg,finger_acropora,0,0,493,0.0,0.0,,0.0
GPAB3260_jpg.rf.2a852c74755eedf1b0bbf6519188576e.jpg,finger_porites,967253,72684,1021,0.9291950299627842,0.9632981793247821,0.9301073045771042,0.998945546405253
GPAB3260_jpg.rf.2a852c74755eedf1b0bbf6519188576e.jpg,knob_porites,0,0,0,1.0,1.0,,
GPAB3260_jpg.rf.2a852c74755eedf1b0bbf6519188576e.jpg,mounding_,0,0,637,0.0,0.0,,0.0
GPAB3260_jpg.rf.2a852c74755eedf1b0bbf6519188576e.jpg,oddball,0,0,0,1.0,1.0,,
GPAB3260_jpg.rf.2a852c74755eedf1b0bbf6519188576e.jpg,pocillopora_,0,0,0,1.0,1.0,,
GPAB3260_jpg.rf.2a852c74755eedf1b0bbf6519188576e.jpg,table_acropora,0,0,0,1.0,1.0,,
GPAB3261_jpg.rf.8999c48d44cc28e7c338a83f1c9f0ff3.jpg,branching_acropora,0,0,0,1.0,1.0,,
GPAB3261_jpg.rf.8999c48d44cc28e7c338a83f1c9f0ff3.jpg,finger_acropora,0,0,0,1.0,1.0,,
GPAB3261_jpg.rf.8999c48d44cc28e7c338a83f1c9f0ff3.jpg,finger_porites,1024202,14492,2479,0.9837001151585759,0.9917830902378503,0.9860478639522323,0.9975854233203887
GPAB3261_jpg.rf.8999c48d44cc28e7c338a83f1c9f0ff3.jpg,knob_porites,0,0,0,1.0,1.0,,
GPAB3261_jpg.rf.8999c48d44cc28e7c338a83f1c9f0ff3.jpg,mounding_,0,0,0,1.0,1.0,,
GPAB3261_jpg.rf.8999c48d44cc28e7c338a83f1c9f0ff3.jpg,oddball,0,0,0,1.0,1.0,,
GPAB3261_jpg.rf.8999c48d44cc28e7c338a83f1c9f0ff3.jpg,pocillopora_,0,0,0,1.0,1.0,,
GPAB3261_jpg.rf.8999c48d44cc28e7c338a83f1c9f0ff3.jpg,table_acropora,0,0,0,1.0,1.0,,
GPAB3262_jpg.rf.77bd56029fdd05e1a937a6123d894b5b.jpg,branching_acropora,0,0,0,1.0,1.0,,
GPAB3262_jpg.rf.77bd56029fdd05e1a937a6123d894b5b.jpg,finger_acropora,0,0,0,1.0,1.0,,
GPAB3262_jpg.rf.77bd56029fdd05e1a937a6123d894b5b.jpg,finger_porites,485769,552073,1293,0.46747438975686506,0.6371142052220993,0.4680567947722293,0.9973453071682866
GPAB3262_jpg.rf.77bd56029fdd05e1a937a6123d894b5b.jpg,knob_porites,0,0,508759,0.0,0.0,,0.0
GPAB3262_jpg.rf.77bd56029fdd05e1a937a6123d894b5b.jpg,mounding_,0,0,0,1.0,1.0,,
GPAB3262_jpg.rf.77bd56029fdd05e1a937a6123d894b5b.jpg,oddball,0,0,0,1.0,1.0,,
GPAB3262_jpg.rf.77bd56029fdd05e1a937a6123d894b5b.jpg,pocillopora_,0,0,0,1.0,1.0,,
GPAB3262_jpg.rf.77bd56029fdd05e1a937a6123d894b5b.jpg,table_acropora,0,0,0,1.0,1.0,,
GPAB3263_jpg.rf.d701924d1f6c7c918723e49532d90267.jpg,branching_acropora,0,0,0,1.0,1.0,,
GPAB3263_jpg.rf.d701924d1f6c7c918723e49532d90267.jpg,finger_acropora,0,0,0,1.0,1.0,,
GPAB3263_jpg.rf.d701924d1f6c7c918723e49532d90267.jpg,finger_porites,0,0,0,1.0,1.0,,
GPAB3263_jpg.rf.d701924d1f6c7c918723e49532d90267.jpg,knob_porites,972385,61180,831,0.940051005611004,0.9690992689286972,0.9408068191163594,0.9991461299444316
GPAB3263_jpg.rf.d701924d1f6c7c918723e49532d90267.jpg,mounding_,0,0,0,1.0,1.0,,
GPAB3263_jpg.rf.d701924d1f6c7c918723e49532d90267.jpg,oddball,0,0,0,1.0,1.0,,
GPAB3263_jpg.rf.d701924d1f6c7c918723e49532d90267.jpg,pocillopora_,0,0,0,1.0,1.0,,
GPAB3263_jpg.rf.d701924d1f6c7c918723e49532d90267.jpg,table_acropora,0,0,0,1.0,1.0,,
GPAB3264_jpg.rf.7edd339bc280e2edab14e6c55b7b5448.jpg,branching_acropora,0,3959,0,0.0,0.0,0.0,
GPAB3264_jpg.rf.7edd339bc280e2edab14e6c55b7b5448.jpg,finger_acropora,0,0,0,1.0,1.0,,
GPAB3264_jpg.rf.7edd339bc280e2edab14e6c55b7b5448.jpg,finger_porites,551957,488652,3,0.5304157553439707,0.6931655708481077,0.5304172844939838,0.999994564823538
GPAB3264_jpg.rf.7edd339bc280e2edab14e6c55b7b5448.jpg,knob_porites,0,0,417701,0.0,0.0,,0.0
GPAB3264_jpg.rf.7edd339bc280e2edab14e6c55b7b5448.jpg,mounding_,0,0,0,1.0,1.0,,
GPAB3264_jpg.rf.7edd339bc280e2edab14e6c55b7b5448.jpg,oddball,0,0,0,1.0,1.0,,
GPAB3264_jpg.rf.7edd339bc280e2edab14e6c55b7b5448.jpg,pocillopora_,0,0,0,1.0,1.0,,
GPAB3264_jpg.rf.7edd339bc280e2edab14e6c55b7b5448.jpg,table_acropora,0,0,0,1.0,1.0,,
GPAB3265_jpg.rf.8995466d2b3f0f2c217c0f02097fd53f.jpg,branching_acropora,0,0,0,1.0,1.0,,
GPAB3265_jpg.rf.8995466d2b3f0f2c217c0f02097fd53f.jpg,finger_acropora,0,0,0,1.0,1.0,,
GPAB3265_jpg.rf.8995466d2b3f0f2c217c0f02097fd53f.jpg,finger_porites,331961,691075,0,0.32448613734023046,0.48998042062085745,0.32448613734023046,1.0
GPAB3265_jpg.rf.8995466d2b3f0f2c217c0f02097fd53f.jpg,knob_porites,21451,745,451043,0.04532804777290122,0.0867250197093129,0.9664353937646423,0.04539951830076149
GPAB3265_jpg.rf.8995466d2b3f0f2c217c0f02097fd53f.jpg,mounding_,0,0,0,1.0,1.0,,
GPAB3265_jpg.rf.8995466d2b3f0f2c217c0f02097fd53f.jpg,oddball,0,0,0,1.0,1.0,,
GPAB3265_jpg.rf.8995466d2b3f0f2c217c0f02097fd53f.jpg,pocillopora_,0,0,0,1.0,1.0,,
GPAB3265_jpg.rf.8995466d2b3f0f2c217c0f02097fd53f.jpg,table_acropora,0,0,0,1.0,1.0,,
GPAB3266_jpg.rf.8a9ceca39439e1caada154d49866ef8d.jpg,branching_acropora,0,0,0,1.0,1.0,,
GPAB3266_jpg.rf.8a9ceca39439e1caada154d49866ef8d.jpg,finger_acropora,0,0,0,1.0,1.0,,
GPAB3266_jpg.rf.8a9ceca39439e1caada154d49866ef8d.jpg,finger_porites,0,0,27992,0.0,0.0,,0.0
GPAB3266_jpg.rf.8a9ceca39439e1caada154d49866ef8d.jpg,knob_porites,1016884,21369,1415,0.9780853118495519,0.9889212623848072,0.9794183113364469,0.9986104277820169
GPAB3266_jpg.rf.8a9ceca39439e1caada154d49866ef8d.jpg,mounding_,0,0,0,1.0,1.0,,
GPAB3266_jpg.rf.8a9ceca39439e1caada154d49866ef8d.jpg,oddball,0,0,0,1.0,1.0,,
GPAB3266_jpg.rf.8a9ceca39439e1caada154d49866ef8d.jpg,pocillopora_,0,0,0,1.0,1.0,,
GPAB3266_jpg.rf.8a9ceca39439e1caada154d49866ef8d.jpg,table_acropora,0,0,0,1.0,1.0,,
GPAB3267_jpg.rf.e3a20dea0057ae4369291cfe9aaf4c33.jpg,branching_acropora,0,0,0,1.0,1.0,,
GPAB3267_jpg.rf.e3a20dea0057ae4369291cfe9aaf4c33.jpg,finger_acropora,0,0,0,1.0,1.0,,
GPAB3267_jpg.rf.e3a20dea0057ae4369291cfe9aaf4c33.jpg,finger_porites,0,0,0,1.0,1.0,,
GPAB3267_jpg.rf.e3a20dea0057ae4369291cfe9aaf4c33.jpg,knob_porites,1016263,22327,385,0.9781399937438341,0.9889492117214649,0.9785025852357523,0.9996213045223126
GPAB3267_jpg.rf.e3a20dea0057ae4369291cfe9aaf4c33.jpg,mounding_,0,0,0,1.0,1.0,,
GPAB3267_jpg.rf.e3a20dea0057ae4369291cfe9aaf4c33.jpg,oddball,0,0,0,1.0,1.0,,
GPAB3267_jpg.rf.e3a20dea0057ae4369291cfe9aaf4c33.jpg,pocillopora_,0,0,0,1.0,1.0,,
GPAB3267_jpg.rf.e3a20dea0057ae4369291cfe9aaf4c33.jpg,table_acropora,0,0,0,1.0,1.0,,
GPAB3268_jpg.rf.29fefe45e6a87e115961b6cbdb159bec.jpg,branching_acropora,0,0,0,1.0,1.0,,
GPAB3268_jpg.rf.29fefe45e6a87e115961b6cbdb159bec.jpg,finger_acropora,0,1859,0,0.0,0.0,0.0,
GPAB3268_jpg.rf.29fefe45e6a87e115961b6cbdb159bec.jpg,finger_porites,1691,0,317515,0.005297519470185397,0.01053920728458041,1.0,0.005297519470185397
GPAB3268_jpg.rf.29fefe45e6a87e115961b6cbdb159bec.jpg,knob_porites,0,0,717279,0.0,0.0,,0.0
GPAB3268_jpg.rf.29fefe45e6a87e115961b6cbdb159bec.jpg,mounding_,0,1694,0,0.0,0.0,0.0,
GPAB3268_jpg.rf.29fefe45e6a87e115961b6cbdb159bec.jpg,oddball,0,1016,0,0.0,0.0,0.0,
GPAB3268_jpg.rf.29fefe45e6a87e115961b6cbdb159bec.jpg,pocillopora_,0,0,0,1.0,1.0,,
GPAB3268_jpg.rf.29fefe45e6a87e115961b6cbdb159bec.jpg,table_acropora,0,0,0,1.0,1.0,,
GPAB3269_jpg.rf.c2d884cd6974e828bacc14f4aaf2636f.jpg,branching_acropora,0,0,0,1.0,1.0,,
GPAB3269_jpg.rf.c2d884cd6974e828bacc14f4aaf2636f.jpg,finger_acropora,0,0,0,1.0,1.0,,
GPAB3269_jpg.rf.c2d884cd6974e828bacc14f4aaf2636f.jpg,finger_porites,1039547,1084,759,0.9982302499543879,0.9991143412799138,0.9989583243243763,0.9992704069764089
GPAB3269_jpg.rf.c2d884cd6974e828bacc14f4aaf2636f.jpg,knob_porites,0,0,0,1.0,1.0,,
GPAB3269_jpg.rf.c2d884cd6974e828bacc14f4aaf2636f.jpg,mounding_,0,0,0,1.0,1.0,,
GPAB3269_jpg.rf.c2d884cd6974e828bacc14f4aaf2636f.jpg,oddball,0,0,0,1.0,1.0,,
GPAB3269_jpg.rf.c2d884cd6974e828bacc14f4aaf2636f.jpg,pocillopora_,0,0,0,1.0,1.0,,
GPAB3269_jpg.rf.c2d884cd6974e828bacc14f4aaf2636f.jpg,table_acropora,0,0,0,1.0,1.0,,
GPAB3270_jpg.rf.e0b91e356fe900e9f8f67900f88a75b3.jpg,branching_acropora,0,0,0,1.0,1.0,,
GPAB3270_jpg.rf.e0b91e356fe900e9f8f67900f88a75b3.jpg,finger_acropora,0,0,1302,0.0,0.0,,0.0
GPAB3270_jpg.rf.e0b91e356fe900e9f8f67900f88a75b3.jpg,finger_porites,955332,85118,59,0.9181391030735919,0.9573227526641651,0.918191167283387,0.9999382451791989
GPAB3270_jpg.rf.e0b91e356fe900e9f8f67900f88a75b3.jpg,knob_porites,0,0,0,1.0,1.0,,
GPAB3270_jpg.rf.e0b91e356fe900e9f8f67900f88a75b3.jpg,mounding_,0,1058,0,0.0,0.0,0.0,
GPAB3270_jpg.rf.e0b91e356fe900e9f8f67900f88a75b3.jpg,oddball,0,0,0,1.0,1.0,,
GPAB3270_jpg.rf.e0b91e356fe900e9f8f67900f88a75b3.jpg,pocillopora_,0,0,0,1.0,1.0,,
GPAB3270_jpg.rf.e0b91e356fe900e9f8f67900f88a75b3.jpg,table_acropora,0,0,0,1.0,1.0,,
GPAB3271_jpg.rf.21bf1e78667a608bb741f6939825a79c.jpg,branching_acropora,0,0,0,1.0,1.0,,
GPAB3271_jpg.rf.21bf1e78667a608bb741f6939825a79c.jpg,finger_acropora,0,0,0,1.0,1.0,,
GPAB3271_jpg.rf.21bf1e78667a608bb741f6939825a79c.jpg,finger_porites,0,0,833479,0.0,0.0,,0.0
GPAB3271_jpg.rf.21bf1e78667a608bb741f6939825a79c.jpg,knob_porites,95594,944135,196,0.09192393682236699,0.16837058648952594,0.09194126546436619,0.997953857396388
GPAB3271_jpg.rf.21bf1e78667a608bb741f6939825a79c.jpg,mounding_,0,0,0,1.0,1.0,,
GPAB3271_jpg.rf.21bf1e78667a608bb741f6939825a79c.jpg,oddball,0,0,0,1.0,1.0,,
GPAB3271_jpg.rf.21bf1e78667a608bb741f6939825a79c.jpg,pocillopora_,0,0,0,1.0,1.0,,
GPAB3271_jpg.rf.21bf1e78667a608bb741f6939825a79c.jpg,table_acropora,0,0,0,1.0,1.0,,
GPAB3272_jpg.rf.2b8771d36365460b06cf19eab013370a.jpg,branching_acropora,0,0,0,1.0,1.0,,
GPAB3272_jpg.rf.2b8771d36365460b06cf19eab013370a.jpg,finger_acropora,0,0,9479,0.0,0.0,,0.0
GPAB3272_jpg.rf.2b8771d36365460b06cf19eab013370a.jpg,finger_porites,292743,7815,233706,0.5479369749786622,0.7079577319176259,0.9739983630447367,0.5560709584404188
GPAB3272_jpg.rf.2b8771d36365460b06cf19eab013370a.jpg,knob_porites,194244,52902,217519,0.41803019379553014,0.5895927965773726,0.7859483867835206,0.47173738291201495
GPAB3272_jpg.rf.2b8771d36365460b06cf19eab013370a.jpg,mounding_,0,0,0,1.0,1.0,,
GPAB3272_jpg.rf.2b8771d36365460b06cf19eab013370a.jpg,oddball,0,0,0,1.0,1.0,,
GPAB3272_jpg.rf.2b8771d36365460b06cf19eab013370a.jpg,pocillopora_,0,9594,0,0.0,0.0,0.0,
GPAB3272_jpg.rf.2b8771d36365460b06cf19eab013370a.jpg,table_acropora,0,0,0,1.0,1.0,,
GPAB3273_jpg.rf.7792a8041112c3f484a16677ed8557f4.jpg,branching_acropora,0,0,0,1.0,1.0,,
GPAB3273_jpg.rf.7792a8041112c3f484a16677ed8557f4.jpg,finger_acropora,8979,70,1592,0.8438116718353538,0.9152905198776758,0.9922643386009504,0.8493992999716204
GPAB3273_jpg.rf.7792a8041112c3f484a16677ed8557f4.jpg,finger_porites,73372,5582,33968,0.6497582402012009,0.7877011605312033,0.9293006054158117,0.683547605738774
GPAB3273_jpg.rf.7792a8041112c3f484a16677ed8557f4.jpg,knob_porites,673671,45708,64037,0.8599147834611496,0.9246819167283765,0.936461865025251,0.9131946515423447
GPAB3273_jpg.rf.7792a8041112c3f484a16677ed8557f4.jpg,mounding_,0,0,0,1.0,1.0,,
GPAB3273_jpg.rf.7792a8041112c3f484a16677ed8557f4.jpg,oddball,0,0,0,1.0,1.0,,
GPAB3273_jpg.rf.7792a8041112c3f484a16677ed8557f4.jpg,pocillopora_,0,0,0,1.0,1.0,,
GPAB3273_jpg.rf.7792a8041112c3f484a16677ed8557f4.jpg,table_acropora,0,0,0,1.0,1.0,,
GPAB3274_jpg.rf.6f8cbaf27e8d238f2d942b271ee4af69.jpg,branching_acropora,0,0,0,1.0,1.0,,
GPAB3274_jpg.rf.6f8cbaf27e8d238f2d942b271ee4af69.jpg,finger_acropora,0,0,0,1.0,1.0,,
GPAB3274_jpg.rf.6f8cbaf27e8d238f2d942b271ee4af69.jpg,finger_porites,312050,31960,137588,0.6479470429694475,0.7863687680180634,0.9070957239615127,0.6940027310858957
GPAB3274_jpg.rf.6f8cbaf27e8d238f2d942b271ee4af69.jpg,knob_porites,505728,16744,2356,0.9636071246198754,0.9814663152705918,0.9679523495995958,0.9953629714771574
GPAB3274_jpg.rf.6f8cbaf27e8d238f2d942b271ee4af69.jpg,mounding_,0,0,0,1.0,1.0,,
GPAB3274_jpg.rf.6f8cbaf27e8d238f2d942b271ee4af69.jpg,oddball,0,0,0,1.0,1.0,,
GPAB3274_jpg.rf.6f8cbaf27e8d238f2d942b271ee4af69.jpg,pocillopora_,0,0,0,1.0,1.0,,
GPAB3274_jpg.rf.6f8cbaf27e8d238f2d942b271ee4af69.jpg,table_acropora,0,0,0,1.0,1.0,,
GPAB3275_jpg.rf.1d25169dab7666cefd953b8af141cd76.jpg,branching_acropora,0,0,0,1.0,1.0,,
GPAB3275_jpg.rf.1d25169dab7666cefd953b8af141cd76.jpg,finger_acropora,0,0,0,1.0,1.0,,
GPAB3275_jpg.rf.1d25169dab7666cefd953b8af141cd76.jpg,finger_porites,522244,211893,208210,0.5541950046002163,0.7131601928456477,0.7113713108043866,0.7149580945548932
GPAB3275_jpg.rf.1d25169dab7666cefd953b8af141cd76.jpg,knob_porites,0,33418,223097,0.0,0.0,0.0,0.0
GPAB3275_jpg.rf.1d25169dab7666cefd953b8af141cd76.jpg,mounding_,0,0,0,1.0,1.0,,
GPAB3275_jpg.rf.1d25169dab7666cefd953b8af141cd76.jpg,oddball,0,0,0,1.0,1.0,,
GPAB3275_jpg.rf.1d25169dab7666cefd953b8af141cd76.jpg,pocillopora_,0,0,0,1.0,1.0,,
GPAB3275_jpg.rf.1d25169dab7666cefd953b8af141cd76.jpg,table_acropora,0,0,0,1.0,1.0,,
GPAB3276_jpg.rf.a8a21ae6b31115095960af1c82759954.jpg,branching_acropora,0,0,0,1.0,1.0,,
GPAB3276_jpg.rf.a8a21ae6b31115095960af1c82759954.jpg,finger_acropora,0,0,0,1.0,1.0,,
GPAB3276_jpg.rf.a8a21ae6b31115095960af1c82759954.jpg,finger_porites,558144,4669,337759,0.6197661042093248,0.7652538259674947,0.9917041717231123,0.6229960163098014
GPAB3276_jpg.rf.a8a21ae6b31115095960af1c82759954.jpg,knob_porites,0,42303,0,0.0,0.0,0.0,
GPAB3276_jpg.rf.a8a21ae6b31115095960af1c82759954.jpg,mounding_,0,0,0,1.0,1.0,,
GPAB3276_jpg.rf.a8a21ae6b31115095960af1c82759954.jpg,oddball,0,0,0,1.0,1.0,,
GPAB3276_jpg.rf.a8a21ae6b31115095960af1c82759954.jpg,pocillopora_,0,0,0,1.0,1.0,,
GPAB3276_jpg.rf.a8a21ae6b31115095960af1c82759954.jpg,table_acropora,0,0,0,1.0,1.0,,
GPAB3277_jpg.rf.723ca0b955fa1ca90899447e24f64111.jpg,branching_acropora,0,0,0,1.0,1.0,,
GPAB3277_jpg.rf.723ca0b955fa1ca90899447e24f64111.jpg,finger_acropora,0,0,0,1.0,1.0,,
GPAB3277_jpg.rf.723ca0b955fa1ca90899447e24f64111.jpg,finger_porites,908189,125172,819,0.8781730453112611,0.9351353939441991,0.8788690496351227,0.9990990178304261
GPAB3277_jpg.rf.723ca0b955fa1ca90899447e24f64111.jpg,knob_porites,0,0,5860,0.0,0.0,,0.0
GPAB3277_jpg.rf.723ca0b955fa1ca90899447e24f64111.jpg,mounding_,0,0,0,1.0,1.0,,
GPAB3277_jpg.rf.723ca0b955fa1ca90899447e24f64111.jpg,oddball,0,0,0,1.0,1.0,,
GPAB3277_jpg.rf.723ca0b955fa1ca90899447e24f64111.jpg,pocillopora_,0,0,0,1.0,1.0,,
GPAB3277_jpg.rf.723ca0b955fa1ca90899447e24f64111.jpg,table_acropora,0,0,0,1.0,1.0,,
GPAB3278_jpg.rf.67e2d52633a3ffb9fbefaa6b690632d9.jpg,branching_acropora,0,0,0,1.0,1.0,,
GPAB3278_jpg.rf.67e2d52633a3ffb9fbefaa6b690632d9.jpg,finger_acropora,0,0,0,1.0,1.0,,
GPAB3278_jpg.rf.67e2d52633a3ffb9fbefaa6b690632d9.jpg,finger_porites,768310,203620,671,0.7899539482274849,0.882652817978633,0.7904993157943473,0.9991274166721935
GPAB3278_jpg.rf.67e2d52633a3ffb9fbefaa6b690632d9.jpg,knob_porites,0,0,0,1.0,1.0,,
GPAB3278_jpg.rf.67e2d52633a3ffb9fbefaa6b690632d9.jpg,mounding_,0,0,0,1.0,1.0,,
GPAB3278_jpg.rf.67e2d52633a3ffb9fbefaa6b690632d9.jpg,oddball,1444,112,148,0.8474178403755869,0.9174078780177891,0.9280205655526992,0.907035175879397
GPAB3278_jpg.rf.67e2d52633a3ffb9fbefaa6b690632d9.jpg,pocillopora_,0,0,0,1.0,1.0,,
GPAB3278_jpg.rf.67e2d52633a3ffb9fbefaa6b690632d9.jpg,table_acropora,0,0,0,1.0,1.0,,
GPAB3279_jpg.rf.e80fecf07458b621fb3eb07d30d469f8.jpg,branching_acropora,0,0,0,1.0,1.0,,
GPAB3279_jpg.rf.e80fecf07458b621fb3eb07d30d469f8.jpg,finger_acropora,0,0,0,1.0,1.0,,
GPAB3279_jpg.rf.e80fecf07458b621fb3eb07d30d469f8.jpg,finger_porites,719136,314674,2768,0.6937596591862841,0.8191949258250489,0.6956171830413712,0.9961656951616835
GPAB3279_jpg.rf.e80fecf07458b621fb3eb07d30d469f8.jpg,knob_porites,0,0,5589,0.0,0.0,,0.0
GPAB3279_jpg.rf.e80fecf07458b621fb3eb07d30d469f8.jpg,mounding_,0,0,0,1.0,1.0,,
GPAB3279_jpg.rf.e80fecf07458b621fb3eb07d30d469f8.jpg,oddball,0,0,11953,0.0,0.0,,0.0
GPAB3279_jpg.rf.e80fecf07458b621fb3eb07d30d469f8.jpg,pocillopora_,0,0,0,1.0,1.0,,
GPAB3279_jpg.rf.e80fecf07458b621fb3eb07d30d469f8.jpg,table_acropora,0,0,0,1.0,1.0,,
GPAB3280_jpg.rf.9dcf0019e869d86acfed8f793c0121c8.jpg,branching_acropora,0,2154,0,0.0,0.0,0.0,
GPAB3280_jpg.rf.9dcf0019e869d86acfed8f793c0121c8.jpg,finger_acropora,0,0,0,1.0,1.0,,
GPAB3280_jpg.rf.9dcf0019e869d86acfed8f793c0121c8.jpg,finger_porites,260327,20933,408083,0.377645091050464,0.5482472858993124,0.925574201806158,0.38947203063987673
GPAB3280_jpg.rf.9dcf0019e869d86acfed8f793c0121c8.jpg,knob_porites,0,38234,0,0.0,0.0,0.0,
GPAB3280_jpg.rf.9dcf0019e869d86acfed8f793c0121c8.jpg,mounding_,0,0,0,1.0,1.0,,
GPAB3280_jpg.rf.9dcf0019e869d86acfed8f793c0121c8.jpg,oddball,0,0,9453,0.0,0.0,,0.0
GPAB3280_jpg.rf.9dcf0019e869d86acfed8f793c0121c8.jpg,pocillopora_,0,0,0,1.0,1.0,,
GPAB3280_jpg.rf.9dcf0019e869d86acfed8f793c0121c8.jpg,table_acropora,0,0,0,1.0,1.0,,
GPAB3281_jpg.rf.55f02dc1fe6c46a6329e2a014ae50f24.jpg,branching_acropora,0,2027,0,0.0,0.0,0.0,
GPAB3281_jpg.rf.55f02dc1fe6c46a6329e2a014ae50f24.jpg,finger_acropora,0,0,0,1.0,1.0,,
GPAB3281_jpg.rf.55f02dc1fe6c46a6329e2a014ae50f24.jpg,finger_porites,214610,50721,537488,0.2673205292849322,0.42186727525950213,0.8088387711952241,0.2853484519304665
GPAB3281_jpg.rf.55f02dc1fe6c46a6329e2a014ae50f24.jpg,knob_porites,2658,128929,6297,0.019277073482057382,0.03782499181739266,0.020199563786696254,0.2968174204355109
GPAB3281_jpg.rf.55f02dc1fe6c46a6329e2a014ae50f24.jpg,mounding_,0,0,0,1.0,1.0,,
GPAB3281_jpg.rf.55f02dc1fe6c46a6329e2a014ae50f24.jpg,oddball,15542,3086,353,0.8188188188188188,0.9003852504127683,0.8343354090616276,0.9777917584145958
GPAB3281_jpg.rf.55f02dc1fe6c46a6329e2a014ae50f24.jpg,pocillopora_,0,0,0,1.0,1.0,,
GPAB3281_jpg.rf.55f02dc1fe6c46a6329e2a014ae50f24.jpg,table_acropora,0,0,0,1.0,1.0,,
GPAB3288_jpg.rf.7a58e4d38c7055a146449a1c5f7d18bb.jpg,branching_acropora,0,0,0,1.0,1.0,,
GPAB3288_jpg.rf.7a58e4d38c7055a146449a1c5f7d18bb.jpg,finger_acropora,0,0,0,1.0,1.0,,
GPAB3288_jpg.rf.7a58e4d38c7055a146449a1c5f7d18bb.jpg,finger_porites,4526,2854,671629,0.006665596479575381,0.013242920991609793,0.613279132791328,0.006693731466897383
GPAB3288_jpg.rf.7a58e4d38c7055a146449a1c5f7d18bb.jpg,knob_porites,2837,39718,1238,0.06478204279222707,0.1216813210379584,0.06666666666666667,0.696196319018405
GPAB3288_jpg.rf.7a58e4d38c7055a146449a1c5f7d18bb.jpg,mounding_,0,0,0,1.0,1.0,,
GPAB3288_jpg.rf.7a58e4d38c7055a146449a1c5f7d18bb.jpg,oddball,0,0,0,1.0,1.0,,
GPAB3288_jpg.rf.7a58e4d38c7055a146449a1c5f7d18bb.jpg,pocillopora_,0,0,0,1.0,1.0,,
GPAB3288_jpg.rf.7a58e4d38c7055a146449a1c5f7d18bb.jpg,table_acropora,0,0,0,1.0,1.0,,
GPAB3405_jpg.rf.0a744a0303d7a1212bd37f5aef217427.jpg,branching_acropora,0,0,0,1.0,1.0,,
GPAB3405_jpg.rf.0a744a0303d7a1212bd37f5aef217427.jpg,finger_acropora,0,0,0,1.0,1.0,,
GPAB3405_jpg.rf.0a744a0303d7a1212bd37f5aef217427.jpg,finger_porites,288018,21020,57014,0.7868226372209413,0.8806947268640971,0.9319824746471308,0.8347573558394583
GPAB3405_jpg.rf.0a744a0303d7a1212bd37f5aef217427.jpg,knob_porites,0,0,9547,0.0,0.0,,0.0
GPAB3405_jpg.rf.0a744a0303d7a1212bd37f5aef217427.jpg,mounding_,0,0,0,1.0,1.0,,
GPAB3405_jpg.rf.0a744a0303d7a1212bd37f5aef217427.jpg,oddball,0,0,0,1.0,1.0,,
GPAB3405_jpg.rf.0a744a0303d7a1212bd37f5aef217427.jpg,pocillopora_,0,0,0,1.0,1.0,,
GPAB3405_jpg.rf.0a744a0303d7a1212bd37f5aef217427.jpg,table_acropora,0,0,0,1.0,1.0,,
GPAB3412_jpg.rf.aabe456f2f3adad085609422103a52ae.jpg,branching_acropora,0,0,0,1.0,1.0,,
GPAB3412_jpg.rf.aabe456f2f3adad085609422103a52ae.jpg,finger_acropora,0,0,0,1.0,1.0,,
GPAB3412_jpg.rf.aabe456f2f3adad085609422103a52ae.jpg,finger_porites,949775,50624,16062,0.9343939413317383,0.9660844374734264,0.949396190919823,0.9833698646873127
GPAB3412_jpg.rf.aabe456f2f3adad085609422103a52ae.jpg,knob_porites,0,0,0,1.0,1.0,,
GPAB3412_jpg.rf.aabe456f2f3adad085609422103a52ae.jpg,mounding_,0,0,0,1.0,1.0,,
GPAB3412_jpg.rf.aabe456f2f3adad085609422103a52ae.jpg,oddball,0,0,0,1.0,1.0,,
GPAB3412_jpg.rf.aabe456f2f3adad085609422103a52ae.jpg,pocillopora_,0,0,0,1.0,1.0,,
GPAB3412_jpg.rf.aabe456f2f3adad085609422103a52ae.jpg,table_acropora,0,0,0,1.0,1.0,,
GPAB3413_jpg.rf.d71936d8b4efe613f0112d09b364d35d.jpg,branching_acropora,0,0,0,1.0,1.0,,
GPAB3413_jpg.rf.d71936d8b4efe613f0112d09b364d35d.jpg,finger_acropora,0,0,0,1.0,1.0,,
GPAB3413_jpg.rf.d71936d8b4efe613f0112d09b364d35d.jpg,finger_porites,0,0,986199,0.0,0.0,,0.0
GPAB3413_jpg.rf.d71936d8b4efe613f0112d09b364d35d.jpg,knob_porites,0,1036975,0,0.0,0.0,0.0,
GPAB3413_jpg.rf.d71936d8b4efe613f0112d09b364d35d.jpg,mounding_,0,0,0,1.0,1.0,,
GPAB3413_jpg.rf.d71936d8b4efe613f0112d09b364d35d.jpg,oddball,0,0,0,1.0,1.0,,
GPAB3413_jpg.rf.d71936d8b4efe613f0112d09b364d35d.jpg,pocillopora_,0,0,0,1.0,1.0,,
GPAB3413_jpg.rf.d71936d8b4efe613f0112d09b364d35d.jpg,table_acropora,0,0,0,1.0,1.0,,
GPAB3414_jpg.rf.79f5f83a7d2e3362e7ffb0a7840a4535.jpg,branching_acropora,0,6645,0,0.0,0.0,0.0,
GPAB3414_jpg.rf.79f5f83a7d2e3362e7ffb0a7840a4535.jpg,finger_acropora,0,0,0,1.0,1.0,,
GPAB3414_jpg.rf.79f5f83a7d2e3362e7ffb0a7840a4535.jpg,finger_porites,884993,149441,3675,0.8525048911048839,0.9203807182354342,0.8555335574816759,0.995864597352442
GPAB3414_jpg.rf.79f5f83a7d2e3362e7ffb0a7840a4535.jpg,knob_porites,0,0,0,1.0,1.0,,
GPAB3414_jpg.rf.79f5f83a7d2e3362e7ffb0a7840a4535.jpg,mounding_,0,6760,0,0.0,0.0,0.0,
GPAB3414_jpg.rf.79f5f83a7d2e3362e7ffb0a7840a4535.jpg,oddball,0,0,0,1.0,1.0,,
GPAB3414_jpg.rf.79f5f83a7d2e3362e7ffb0a7840a4535.jpg,pocillopora_,0,0,0,1.0,1.0,,
GPAB3414_jpg.rf.79f5f83a7d2e3362e7ffb0a7840a4535.jpg,table_acropora,0,0,0,1.0,1.0,,
GPAB3415_jpg.rf.90f875249c32b02ae81d4b3bce2a27ef.jpg,branching_acropora,0,59518,0,0.0,0.0,0.0,
GPAB3415_jpg.rf.90f875249c32b02ae81d4b3bce2a27ef.jpg,finger_acropora,0,0,0,1.0,1.0,,
GPAB3415_jpg.rf.90f875249c32b02ae81d4b3bce2a27ef.jpg,finger_porites,151828,4676,452512,0.24930051098821707,0.3991041527566755,0.970122169401421,0.25122944038124234
GPAB3415_jpg.rf.90f875249c32b02ae81d4b3bce2a27ef.jpg,knob_porites,0,0,0,1.0,1.0,,
GPAB3415_jpg.rf.90f875249c32b02ae81d4b3bce2a27ef.jpg,mounding_,0,4543,0,0.0,0.0,0.0,
GPAB3415_jpg.rf.90f875249c32b02ae81d4b3bce2a27ef.jpg,oddball,0,6412,0,0.0,0.0,0.0,
GPAB3415_jpg.rf.90f875249c32b02ae81d4b3bce2a27ef.jpg,pocillopora_,0,0,0,1.0,1.0,,
GPAB3415_jpg.rf.90f875249c32b02ae81d4b3bce2a27ef.jpg,table_acropora,0,0,0,1.0,1.0,,
GPAB3481_jpg.rf.e4fc253b7043c340198c9e586f1f566a.jpg,branching_acropora,0,0,0,1.0,1.0,,
GPAB3481_jpg.rf.e4fc253b7043c340198c9e586f1f566a.jpg,finger_acropora,0,0,0,1.0,1.0,,
GPAB3481_jpg.rf.e4fc253b7043c340198c9e586f1f566a.jpg,finger_porites,504084,21220,149211,0.7473280801761265,0.8553952616623636,0.9596043433897324,0.7716024154478451
GPAB3481_jpg.rf.e4fc253b7043c340198c9e586f1f566a.jpg,knob_porites,152557,714,50453,0.7488415699672105,0.8563858302856453,0.9953415845137045,0.7514752967834096
GPAB3481_jpg.rf.e4fc253b7043c340198c9e586f1f566a.jpg,mounding_,0,2279,0,0.0,0.0,0.0,
GPAB3481_jpg.rf.e4fc253b7043c340198c9e586f1f566a.jpg,oddball,0,0,0,1.0,1.0,,
GPAB3481_jpg.rf.e4fc253b7043c340198c9e586f1f566a.jpg,pocillopora_,0,0,0,1.0,1.0,,
GPAB3481_jpg.rf.e4fc253b7043c340198c9e586f1f566a.jpg,table_acropora,0,0,0,1.0,1.0,,
GPAB3580_jpg.rf.ffad78ff6b840b81c294748dc1370522.jpg,branching_acropora,27102,856,7811,0.7576952109368448,0.8621462995657776,0.9693826453966664,0.776272448658093
GPAB3580_jpg.rf.ffad78ff6b840b81c294748dc1370522.jpg,finger_acropora,700938,21162,128418,0.8241307062284396,0.9035873398923334,0.9706938097216452,0.8451593766729848
GPAB3580_jpg.rf.ffad78ff6b840b81c294748dc1370522.jpg,finger_porites,0,0,0,1.0,1.0,,
GPAB3580_jpg.rf.ffad78ff6b840b81c294748dc1370522.jpg,knob_porites,0,0,0,1.0,1.0,,
GPAB3580_jpg.rf.ffad78ff6b840b81c294748dc1370522.jpg,mounding_,0,0,0,1.0,1.0,,
GPAB3580_jpg.rf.ffad78ff6b840b81c294748dc1370522.jpg,oddball,0,0,0,1.0,1.0,,
GPAB3580_jpg.rf.ffad78ff6b840b81c294748dc1370522.jpg,pocillopora_,0,0,0,1.0,1.0,,
GPAB3580_jpg.rf.ffad78ff6b840b81c294748dc1370522.jpg,table_acropora,0,3466,0,0.0,0.0,0.0,
GPAB3586_jpg.rf.c59c039c860f1f9b98ea9f314e7dca24.jpg,branching_acropora,4235,67,318,0.9166666666666666,0.9565217391304348,0.9844258484425848,0.9301559411377114
GPAB3586_jpg.rf.c59c039c860f1f9b98ea9f314e7dca24.jpg,finger_acropora,220125,3607,18121,0.9101603039863058,0.9529674573248077,0.9838780326462017,0.9239399612165576
GPAB3586_jpg.rf.c59c039c860f1f9b98ea9f314e7dca24.jpg,finger_porites,0,0,0,1.0,1.0,,
GPAB3586_jpg.rf.c59c039c860f1f9b98ea9f314e7dca24.jpg,knob_porites,0,0,0,1.0,1.0,,
GPAB3586_jpg.rf.c59c039c860f1f9b98ea9f314e7dca24.jpg,mounding_,0,8880,0,0.0,0.0,0.0,
GPAB3586_jpg.rf.c59c039c860f1f9b98ea9f314e7dca24.jpg,oddball,0,0,0,1.0,1.0,,
GPAB3586_jpg.rf.c59c039c860f1f9b98ea9f314e7dca24.jpg,pocillopora_,0,0,0,1.0,1.0,,
GPAB3586_jpg.rf.c59c039c860f1f9b98ea9f314e7dca24.jpg,table_acropora,0,0,0,1.0,1.0,,
GPAB3587_jpg.rf.25c7a80ed8216118dd3cb579f5aa563d.jpg,branching_acropora,0,0,0,1.0,1.0,,
GPAB3587_jpg.rf.25c7a80ed8216118dd3cb579f5aa563d.jpg,finger_acropora,395451,9067,82639,0.8117526793210402,0.896096568351975,0.9775856698589432,0.8271476081909264
GPAB3587_jpg.rf.25c7a80ed8216118dd3cb579f5aa563d.jpg,finger_porites,0,0,0,1.0,1.0,,
GPAB3587_jpg.rf.25c7a80ed8216118dd3cb579f5aa563d.jpg,knob_porites,0,0,0,1.0,1.0,,
GPAB3587_jpg.rf.25c7a80ed8216118dd3cb579f5aa563d.jpg,mounding_,5886,770,185,0.860400526238854,0.9249626777716665,0.8843149038461539,0.9695272607478175
GPAB3587_jpg.rf.25c7a80ed8216118dd3cb579f5aa563d.jpg,oddball,0,5012,0,0.0,0.0,0.0,
GPAB3587_jpg.rf.25c7a80ed8216118dd3cb579f5aa563d.jpg,pocillopora_,26731,1844,579,0.9168896206352473,0.9566431063791715,0.9354680664916886,0.9787989747345295
GPAB3587_jpg.rf.25c7a80ed8216118dd3cb579f5aa563d.jpg,table_acropora,0,0,0,1.0,1.0,,
GPAB3590_jpg.rf.a50fd703628d75dc3f8bdc270e10fd2a.jpg,branching_acropora,8878,696,106875,0.07623938376456646,0.14167737199486144,0.9273031125966158,0.07669779616942973
GPAB3590_jpg.rf.a50fd703628d75dc3f8bdc270e10fd2a.jpg,finger_acropora,194248,22010,6193,0.8732170230747446,0.9323180521191555,0.8982234183244088,0.969103127603634
GPAB3590_jpg.rf.a50fd703628d75dc3f8bdc270e10fd2a.jpg,finger_porites,0,0,0,1.0,1.0,,
GPAB3590_jpg.rf.a50fd703628d75dc3f8bdc270e10fd2a.jpg,knob_porites,0,0,0,1.0,1.0,,
GPAB3590_jpg.rf.a50fd703628d75dc3f8bdc270e10fd2a.jpg,mounding_,0,0,0,1.0,1.0,,
GPAB3590_jpg.rf.a50fd703628d75dc3f8bdc270e10fd2a.jpg,oddball,4813,909,2460,0.5882424835003667,0.7407464409388226,0.841139461726669,0.6617626838993538
GPAB3590_jpg.rf.a50fd703628d75dc3f8bdc270e10fd2a.jpg,pocillopora_,0,0,0,1.0,1.0,,
GPAB3590_jpg.rf.a50fd703628d75dc3f8bdc270e10fd2a.jpg,table_acropora,0,0,0,1.0,1.0,,
GPAB3591_jpg.rf.9e62f22fe7bdeccd173ff1e1d01228c6.jpg,branching_acropora,48487,2090,800,0.9437491484516418,0.9710606424737643,0.9586768689325187,0.9837685393714367
GPAB3591_jpg.rf.9e62f22fe7bdeccd173ff1e1d01228c6.jpg,finger_acropora,154304,10244,59519,0.6886511623755395,0.815622761786712,0.9377446094756545,0.7216436024188231
GPAB3591_jpg.rf.9e62f22fe7bdeccd173ff1e1d01228c6.jpg,finger_porites,0,0,0,1.0,1.0,,
GPAB3591_jpg.rf.9e62f22fe7bdeccd173ff1e1d01228c6.jpg,knob_porites,0,0,0,1.0,1.0,,
GPAB3591_jpg.rf.9e62f22fe7bdeccd173ff1e1d01228c6.jpg,mounding_,0,0,29860,0.0,0.0,,0.0
GPAB3591_jpg.rf.9e62f22fe7bdeccd173ff1e1d01228c6.jpg,oddball,0,0,0,1.0,1.0,,
GPAB3591_jpg.rf.9e62f22fe7bdeccd173ff1e1d01228c6.jpg,pocillopora_,7251,4557,68,0.6105591108117211,0.758195221414754,0.6140752032520326,0.9907091132668397
GPAB3591_jpg.rf.9e62f22fe7bdeccd173ff1e1d01228c6.jpg,table_acropora,0,0,0,1.0,1.0,,
GPAB3596_jpg.rf.622852fcf571639a210332332c8070c8.jpg,branching_acropora,26282,16411,74,0.6145392475506816,0.7612564990079509,0.6156044316398472,0.9971922901806041
GPAB3596_jpg.rf.622852fcf571639a210332332c8070c8.jpg,finger_acropora,434751,15898,37055,0.8914238964617883,0.9425955737678261,0.9647219898413177,0.921461363356973
GPAB3596_jpg.rf.622852fcf571639a210332332c8070c8.jpg,finger_porites,0,0,0,1.0,1.0,,
GPAB3596_jpg.rf.622852fcf571639a210332332c8070c8.jpg,knob_porites,0,0,0,1.0,1.0,,
GPAB3596_jpg.rf.622852fcf571639a210332332c8070c8.jpg,mounding_,0,0,0,1.0,1.0,,
GPAB3596_jpg.rf.622852fcf571639a210332332c8070c8.jpg,oddball,0,6914,0,0.0,0.0,0.0,
GPAB3596_jpg.rf.622852fcf571639a210332332c8070c8.jpg,pocillopora_,0,0,0,1.0,1.0,,
GPAB3596_jpg.rf.622852fcf571639a210332332c8070c8.jpg,table_acropora,0,0,0,1.0,1.0,,
GPAB3605_jpg.rf.5ac2aa8438d68ded3aa8d984a7d541ea.jpg,branching_acropora,11148,2238,42069,0.20102786042737356,0.3347596955092113,0.8328103989242492,0.2094819324651897
GPAB3605_jpg.rf.5ac2aa8438d68ded3aa8d984a7d541ea.jpg,finger_acropora,366224,53019,16617,0.8402331023723214,0.9131811630702021,0.8735363500404301,0.9565955579470329
GPAB3605_jpg.rf.5ac2aa8438d68ded3aa8d984a7d541ea.jpg,finger_porites,0,0,0,1.0,1.0,,
GPAB3605_jpg.rf.5ac2aa8438d68ded3aa8d984a7d541ea.jpg,knob_porites,0,0,0,1.0,1.0,,
GPAB3605_jpg.rf.5ac2aa8438d68ded3aa8d984a7d541ea.jpg,mounding_,0,0,0,1.0,1.0,,
GPAB3605_jpg.rf.5ac2aa8438d68ded3aa8d984a7d541ea.jpg,oddball,0,0,0,1.0,1.0,,
GPAB3605_jpg.rf.5ac2aa8438d68ded3aa8d984a7d541ea.jpg,pocillopora_,0,0,0,1.0,1.0,,
GPAB3605_jpg.rf.5ac2aa8438d68ded3aa8d984a7d541ea.jpg,table_acropora,140424,1136,743,0.9867957808338546,0.9933540128816845,0.9919751342187059,0.9947367302556547
GPAB3605_jpg.rf.f4da4dd3d31a95d97b751dc27409bdec.jpg,branching_acropora,9855,3385,42016,0.17835167221659187,0.30271382715670164,0.7443353474320241,0.18999055348846175
GPAB3605_jpg.rf.f4da4dd3d31a95d97b751dc27409bdec.jpg,finger_acropora,380794,35658,22566,0.8673767362613833,0.9289788390509044,0.9143766868690749,0.9440549385164617
GPAB3605_jpg.rf.f4da4dd3d31a95d97b751dc27409bdec.jpg,finger_porites,0,0,0,1.0,1.0,,
GPAB3605_jpg.rf.f4da4dd3d31a95d97b751dc27409bdec.jpg,knob_porites,0,0,0,1.0,1.0,,
GPAB3605_jpg.rf.f4da4dd3d31a95d97b751dc27409bdec.jpg,mounding_,0,0,0,1.0,1.0,,
GPAB3605_jpg.rf.f4da4dd3d31a95d97b751dc27409bdec.jpg,oddball,0,0,0,1.0,1.0,,
GPAB3605_jpg.rf.f4da4dd3d31a95d97b751dc27409bdec.jpg,pocillopora_,0,0,0,1.0,1.0,,
GPAB3605_jpg.rf.f4da4dd3d31a95d97b751dc27409bdec.jpg,table_acropora,140452,1154,795,0.9863132983616688,0.9931094950380587,0.9918506277982572,0.9943715618738805
GPAB3663_jpg.rf.e62d33ea7902a680b354db04cec4a201.jpg,branching_acropora,0,0,0,1.0,1.0,,
GPAB3663_jpg.rf.e62d33ea7902a680b354db04cec4a201.jpg,finger_acropora,368843,91351,215916,0.545536968836432,0.7059513681476584,0.801494587065455,0.6307607065474836
GPAB3663_jpg.rf.e62d33ea7902a680b354db04cec4a201.jpg,finger_porites,0,0,0,1.0,1.0,,
GPAB3663_jpg.rf.e62d33ea7902a680b354db04cec4a201.jpg,knob_porites,0,0,0,1.0,1.0,,
GPAB3663_jpg.rf.e62d33ea7902a680b354db04cec4a201.jpg,mounding_,0,0,0,1.0,1.0,,
GPAB3663_jpg.rf.e62d33ea7902a680b354db04cec4a201.jpg,oddball,0,0,0,1.0,1.0,,
GPAB3663_jpg.rf.e62d33ea7902a680b354db04cec4a201.jpg,pocillopora_,0,3066,0,0.0,0.0,0.0,
GPAB3663_jpg.rf.e62d33ea7902a680b354db04cec4a201.jpg,table_acropora,0,0,158297,0.0,0.0,,0.0
GPAB3671_jpg.rf.ada0ddbaf3cc43539c7fefb5a1af2779.jpg,branching_acropora,0,0,0,1.0,1.0,,
GPAB3671_jpg.rf.ada0ddbaf3cc43539c7fefb5a1af2779.jpg,finger_acropora,385047,37537,65769,0.7884603964755003,0.8817197160522098,0.9111726899267365,0.854111211669506
GPAB3671_jpg.rf.ada0ddbaf3cc43539c7fefb5a1af2779.jpg,finger_porites,0,0,0,1.0,1.0,,
GPAB3671_jpg.rf.ada0ddbaf3cc43539c7fefb5a1af2779.jpg,knob_porites,0,0,0,1.0,1.0,,
GPAB3671_jpg.rf.ada0ddbaf3cc43539c7fefb5a1af2779.jpg,mounding_,0,0,0,1.0,1.0,,
GPAB3671_jpg.rf.ada0ddbaf3cc43539c7fefb5a1af2779.jpg,oddball,0,1389,0,0.0,0.0,0.0,
GPAB3671_jpg.rf.ada0ddbaf3cc43539c7fefb5a1af2779.jpg,pocillopora_,0,5835,0,0.0,0.0,0.0,
GPAB3671_jpg.rf.ada0ddbaf3cc43539c7fefb5a1af2779.jpg,table_acropora,188469,2932,572,0.9817474332327983,0.9907896604475847,0.9846813757503879,0.9969742013637253
GPAB3676_jpg.rf.cf29c1b5e8ed14be8d55b94129a9427f.jpg,branching_acropora,0,0,0,1.0,1.0,,
GPAB3676_jpg.rf.cf29c1b5e8ed14be8d55b94129a9427f.jpg,finger_acropora,545434,47683,50701,0.8471866272766527,0.9172723695230279,0.9196060810936122,0.9149504726278443
GPAB3676_jpg.rf.cf29c1b5e8ed14be8d55b94129a9427f.jpg,finger_porites,0,0,0,1.0,1.0,,
GPAB3676_jpg.rf.cf29c1b5e8ed14be8d55b94129a9427f.jpg,knob_porites,0,0,0,1.0,1.0,,
GPAB3676_jpg.rf.cf29c1b5e8ed14be8d55b94129a9427f.jpg,mounding_,0,0,2805,0.0,0.0,,0.0
GPAB3676_jpg.rf.cf29c1b5e8ed14be8d55b94129a9427f.jpg,oddball,2365,1477,1465,0.44563783681929525,0.6165276329509907,0.6155648099947943,0.6174934725848564
GPAB3676_jpg.rf.cf29c1b5e8ed14be8d55b94129a9427f.jpg,pocillopora_,0,0,0,1.0,1.0,,
GPAB3676_jpg.rf.cf29c1b5e8ed14be8d55b94129a9427f.jpg,table_acropora,0,0,0,1.0,1.0,,
GPAB3709_jpg.rf.a45e2057dad709053cf0cfe214794ee1.jpg,branching_acropora,0,0,0,1.0,1.0,,
GPAB3709_jpg.rf.a45e2057dad709053cf0cfe214794ee1.jpg,finger_acropora,316797,58397,204106,0.5468617296737441,0.7070596151979083,0.8443551869166351,0.6081688913290958
GPAB3709_jpg.rf.a45e2057dad709053cf0cfe214794ee1.jpg,finger_porites,0,223396,0,0.0,0.0,0.0,
GPAB3709_jpg.rf.a45e2057dad709053cf0cfe214794ee1.jpg,knob_porites,0,0,0,1.0,1.0,,
GPAB3709_jpg.rf.a45e2057dad709053cf0cfe214794ee1.jpg,mounding_,0,0,0,1.0,1.0,,
GPAB3709_jpg.rf.a45e2057dad709053cf0cfe214794ee1.jpg,oddball,1569,1087,59,0.5779005524861879,0.7324929971988795,0.5907379518072289,0.9637592137592138
GPAB3709_jpg.rf.a45e2057dad709053cf0cfe214794ee1.jpg,pocillopora_,0,0,0,1.0,1.0,,
GPAB3709_jpg.rf.a45e2057dad709053cf0cfe214794ee1.jpg,table_acropora,0,0,0,1.0,1.0,,
GPAB3732_jpg.rf.17cb4bb5e9fdf6d4fc4f7156adfc86f8.jpg,branching_acropora,0,0,0,1.0,1.0,,
GPAB3732_jpg.rf.17cb4bb5e9fdf6d4fc4f7156adfc86f8.jpg,finger_acropora,0,0,0,1.0,1.0,,
GPAB3732_jpg.rf.17cb4bb5e9fdf6d4fc4f7156adfc86f8.jpg,finger_porites,45537,7192,176667,0.19850825646480322,0.3312588885292053,0.8636044681294923,0.20493330453097153
GPAB3732_jpg.rf.17cb4bb5e9fdf6d4fc4f7156adfc86f8.jpg,knob_porites,140605,25681,98305,0.5314050742466675,0.6940098125351681,0.8455612619222304,0.5885270603993136
GPAB3732_jpg.rf.17cb4bb5e9fdf6d4fc4f7156adfc86f8.jpg,mounding_,0,9195,17871,0.0,0.0,0.0,0.0
GPAB3732_jpg.rf.17cb4bb5e9fdf6d4fc4f7156adfc86f8.jpg,oddball,0,9945,14695,0.0,0.0,0.0,0.0
GPAB3732_jpg.rf.17cb4bb5e9fdf6d4fc4f7156adfc86f8.jpg,pocillopora_,0,0,0,1.0,1.0,,
GPAB3732_jpg.rf.17cb4bb5e9fdf6d4fc4f7156adfc86f8.jpg,table_acropora,0,0,0,1.0,1.0,,
GPAB4073_jpg.rf.6886e5e5c27978f16dcfe556ec6fc71c.jpg,branching_acropora,137347,21899,89107,0.5530313706699738,0.7121960072595281,0.8624832020898484,0.6065116977399384
GPAB4073_jpg.rf.6886e5e5c27978f16dcfe556ec6fc71c.jpg,finger_acropora,66821,18420,24951,0.606405183679396,0.754984097213199,0.7839068054105419,0.7281196879222421
GPAB4073_jpg.rf.6886e5e5c27978f16dcfe556ec6fc71c.jpg,finger_porites,0,0,0,1.0,1.0,,
GPAB4073_jpg.rf.6886e5e5c27978f16dcfe556ec6fc71c.jpg,knob_porites,4274,1078,2427,0.5494279470368942,0.709201028789513,0.7985799701046338,0.6378152514550067
GPAB4073_jpg.rf.6886e5e5c27978f16dcfe556ec6fc71c.jpg,mounding_,7529,390,6095,0.5372484658198944,0.6989741447337883,0.9507513574946331,0.5526277157956547
GPAB4073_jpg.rf.6886e5e5c27978f16dcfe556ec6fc71c.jpg,oddball,1919,57,7931,0.19370142323609568,0.32453915102316927,0.9711538461538461,0.1948223350253807
GPAB4073_jpg.rf.6886e5e5c27978f16dcfe556ec6fc71c.jpg,pocillopora_,0,0,1867,0.0,0.0,,0.0
GPAB4073_jpg.rf.6886e5e5c27978f16dcfe556ec6fc71c.jpg,table_acropora,8403,8177,6773,0.3598252901126194,0.5292228240332536,0.5068154402895054,0.5537032156035846
GPAB4076_jpg.rf.c94e7dec6537b171e7a7ec59e4ff64dd.jpg,branching_acropora,177035,10998,23712,0.8360764126661786,0.9107207160862184,0.9415102668148676,0.881881173815798
GPAB4076_jpg.rf.c94e7dec6537b171e7a7ec59e4ff64dd.jpg,finger_acropora,3757,9469,5398,0.20172895189003437,0.3357312005719137,0.28406169665809766,0.41037684325505186
GPAB4076_jpg.rf.c94e7dec6537b171e7a7ec59e4ff64dd.jpg,finger_porites,0,0,26319,0.0,0.0,,0.0
GPAB4076_jpg.rf.c94e7dec6537b171e7a7ec59e4ff64dd.jpg,knob_porites,20359,35589,83401,0.14610079727877487,0.25495278883963235,0.3638914706513191,0.1962124132613724
GPAB4076_jpg.rf.c94e7dec6537b171e7a7ec59e4ff64dd.jpg,mounding_,0,0,9890,0.0,0.0,,0.0
GPAB4076_jpg.rf.c94e7dec6537b171e7a7ec59e4ff64dd.jpg,oddball,1356,2742,662,0.2848739495798319,0.4434270765206017,0.3308931185944363,0.6719524281466799
GPAB4076_jpg.rf.c94e7dec6537b171e7a7ec59e4ff64dd.jpg,pocillopora_,0,0,0,1.0,1.0,,
GPAB4076_jpg.rf.c94e7dec6537b171e7a7ec59e4ff64dd.jpg,table_acropora,15474,566,15682,0.48780026480045396,0.6557335367404017,0.964713216957606,0.49666195917319295
GPAB4077_jpg.rf.c9ad90251943ebe0b020904f23bbbbbd.jpg,branching_acropora,28812,1488,33277,0.4531827547698067,0.6237106149000422,0.9508910891089108,0.4640435503873472
GPAB4077_jpg.rf.c9ad90251943ebe0b020904f23bbbbbd.jpg,finger_acropora,8302,3340,12496,0.34393901731709337,0.5118372379778052,0.713107713451297,0.3991729974035965
GPAB4077_jpg.rf.c9ad90251943ebe0b020904f23bbbbbd.jpg,finger_porites,5483,28666,3425,0.14592537392878055,0.25468564925563786,0.16056107060236025,0.6155141445891333
GPAB4077_jpg.rf.c9ad90251943ebe0b020904f23bbbbbd.jpg,knob_porites,76385,18449,28347,0.6201037497666037,0.7655111592154976,0.8054600670645549,0.7293377382270939
GPAB4077_jpg.rf.c9ad90251943ebe0b020904f23bbbbbd.jpg,mounding_,602,1922,11310,0.04351597513372849,0.08340260459961209,0.23851030110935023,0.05053727333781061
GPAB4077_jpg.rf.c9ad90251943ebe0b020904f23bbbbbd.jpg,oddball,1512,3600,3622,0.1731165559880925,0.29513956666016006,0.29577464788732394,0.2945072068562524
GPAB4077_jpg.rf.c9ad90251943ebe0b020904f23bbbbbd.jpg,pocillopora_,0,0,0,1.0,1.0,,
GPAB4077_jpg.rf.c9ad90251943ebe0b020904f23bbbbbd.jpg,table_acropora,19135,7537,1943,0.6687052245325878,0.8014659685863874,0.7174190161967606,0.9078185786127716
GPAB4087_jpg.rf.0b3c644eb44aee30141ba3ed42989ad1.jpg,branching_acropora,57799,3448,5460,0.8664607912213111,0.9284532472330651,0.9437033650627786,0.9136881708531592
GPAB4087_jpg.rf.0b3c644eb44aee30141ba3ed42989ad1.jpg,finger_acropora,0,1537,6147,0.0,0.0,0.0,0.0
GPAB4087_jpg.rf.0b3c644eb44aee30141ba3ed42989ad1.jpg,finger_porites,0,12266,0,0.0,0.0,0.0,
GPAB4087_jpg.rf.0b3c644eb44aee30141ba3ed42989ad1.jpg,knob_porites,2141,8103,21509,0.06742669983938525,0.12633504455065794,0.20900039047247168,0.09052854122621565
GPAB4087_jpg.rf.0b3c644eb44aee30141ba3ed42989ad1.jpg,mounding_,0,15617,1376,0.0,0.0,0.0,0.0
GPAB4087_jpg.rf.0b3c644eb44aee30141ba3ed42989ad1.jpg,oddball,0,5302,4412,0.0,0.0,0.0,0.0
GPAB4087_jpg.rf.0b3c644eb44aee30141ba3ed42989ad1.jpg,pocillopora_,0,0,0,1.0,1.0,,
GPAB4087_jpg.rf.0b3c644eb44aee30141ba3ed42989ad1.jpg,table_acropora,98010,11720,82522,0.5097996379751576,0.6753209169646733,0.8931923812995535,0.5428954423592494
GPAB4093_jpg.rf.24dd5cf3a470f49ab60fa436ea11fdfa.jpg,branching_acropora,165097,40284,10840,0.7635567313073198,0.8659281754336275,0.8038572214567072,0.9383870362686644
GPAB4093_jpg.rf.24dd5cf3a470f49ab60fa436ea11fdfa.jpg,finger_acropora,2288,79,20244,0.10118968643580559,0.18378248122414556,0.966624419095902,0.1015444700869874
GPAB4093_jpg.rf.24dd5cf3a470f49ab60fa436ea11fdfa.jpg,finger_porites,0,0,0,1.0,1.0,,
GPAB4093_jpg.rf.24dd5cf3a470f49ab60fa436ea11fdfa.jpg,knob_porites,22653,12222,15474,0.4499195614610022,0.6206131338867428,0.6495483870967742,0.5941458808718231
GPAB4093_jpg.rf.24dd5cf3a470f49ab60fa436ea11fdfa.jpg,mounding_,0,0,2311,0.0,0.0,,0.0
GPAB4093_jpg.rf.24dd5cf3a470f49ab60fa436ea11fdfa.jpg,oddball,0,0,0,1.0,1.0,,
GPAB4093_jpg.rf.24dd5cf3a470f49ab60fa436ea11fdfa.jpg,pocillopora_,0,0,0,1.0,1.0,,
GPAB4093_jpg.rf.24dd5cf3a470f49ab60fa436ea11fdfa.jpg,table_acropora,161758,17239,4215,0.8829006833613519,0.9378090848479578,0.9036911233149159,0.9746043031095419
GPAB4096_jpg.rf.39c6815800f20b8678d0f61c3e1d2ad6.jpg,branching_acropora,227674,6480,8949,0.9365330744581515,0.9672265212616589,0.9723259051735182,0.9621803459511543
GPAB4096_jpg.rf.39c6815800f20b8678d0f61c3e1d2ad6.jpg,finger_acropora,2790,7501,30844,0.06782545277744013,0.12703471826977802,0.2711106792342824,0.08295177498959386
GPAB4096_jpg.rf.39c6815800f20b8678d0f61c3e1d2ad6.jpg,finger_porites,0,0,0,1.0,1.0,,
GPAB4096_jpg.rf.39c6815800f20b8678d0f61c3e1d2ad6.jpg,knob_porites,0,1615,12906,0.0,0.0,0.0,0.0
GPAB4096_jpg.rf.39c6815800f20b8678d0f61c3e1d2ad6.jpg,mounding_,1259,12,3876,0.2446085098115407,0.39306899781454885,0.990558615263572,0.24518013631937682
GPAB4096_jpg.rf.39c6815800f20b8678d0f61c3e1d2ad6.jpg,oddball,0,0,5657,0.0,0.0,,0.0
GPAB4096_jpg.rf.39c6815800f20b8678d0f61c3e1d2ad6.jpg,pocillopora_,0,0,0,1.0,1.0,,
GPAB4096_jpg.rf.39c6815800f20b8678d0f61c3e1d2ad6.jpg,table_acropora,65205,11488,15942,0.7038916176391213,0.8262164216928535,0.8502079720443848,0.8035417205811675
GPAB4102_jpg.rf.f6eb7ddcb156cec380829d721e732203.jpg,branching_acropora,187012,25156,7186,0.8525579656628098,0.9204116486123347,0.8814335809358621,0.962996529315441
GPAB4102_jpg.rf.f6eb7ddcb156cec380829d721e732203.jpg,finger_acropora,74916,16238,11354,0.7308307644281422,0.8444855261971322,0.8218619040305417,0.8683899385649705
GPAB4102_jpg.rf.f6eb7ddcb156cec380829d721e732203.jpg,finger_porites,0,0,0,1.0,1.0,,
GPAB4102_jpg.rf.f6eb7ddcb156cec380829d721e732203.jpg,knob_porites,0,0,0,1.0,1.0,,
GPAB4102_jpg.rf.f6eb7ddcb156cec380829d721e732203.jpg,mounding_,5660,223,9557,0.36658031088082904,0.5364928909952607,0.9620941696413394,0.3719524216336991
GPAB4102_jpg.rf.f6eb7ddcb156cec380829d721e732203.jpg,oddball,1100,46,347,0.7367716008037508,0.8484381025838796,0.9598603839441536,0.7601935038009675
GPAB4102_jpg.rf.f6eb7ddcb156cec380829d721e732203.jpg,pocillopora_,0,0,0,1.0,1.0,,
GPAB4102_jpg.rf.f6eb7ddcb156cec380829d721e732203.jpg,table_acropora,59752,6987,23973,0.658700061733839,0.7942364951084645,0.895308590179655,0.7136697521648253
GPAB4356_jpg.rf.a4c2fab051c83d8f922555d153eea266.jpg,branching_acropora,51042,4790,2048,0.8818590186592951,0.9372211307173941,0.9142069064335865,0.9614239969862498
GPAB4356_jpg.rf.a4c2fab051c83d8f922555d153eea266.jpg,finger_acropora,247862,60909,31245,0.7289715778081032,0.8432429857895686,0.8027373036975622,0.8880536855041257
GPAB4356_jpg.rf.a4c2fab051c83d8f922555d153eea266.jpg,finger_porites,0,0,0,1.0,1.0,,
GPAB4356_jpg.rf.a4c2fab051c83d8f922555d153eea266.jpg,knob_porites,12399,52,1995,0.8582998753980341,0.9237474390016763,0.9958236286242069,0.8614005835764902
GPAB4356_jpg.rf.a4c2fab051c83d8f922555d153eea266.jpg,mounding_,0,0,3582,0.0,0.0,,0.0
GPAB4356_jpg.rf.a4c2fab051c83d8f922555d153eea266.jpg,oddball,0,6898,961,0.0,0.0,0.0,0.0
GPAB4356_jpg.rf.a4c2fab051c83d8f922555d153eea266.jpg,pocillopora_,0,0,0,1.0,1.0,,
GPAB4356_jpg.rf.a4c2fab051c83d8f922555d153eea266.jpg,table_acropora,244781,1003,135455,0.6420670498034041,0.7820229385642631,0.995919181069557,0.6437607170283719
GPAB4410_jpg.rf.9548ace7ba62af809617e4b4a701449f.jpg,branching_acropora,0,0,0,1.0,1.0,,
GPAB4410_jpg.rf.9548ace7ba62af809617e4b4a701449f.jpg,finger_acropora,14160,3088,4559,0.6493327830513138,0.7873884394027859,0.8209647495361782,0.7564506650996314
GPAB4410_jpg.rf.9548ace7ba62af809617e4b4a701449f.jpg,finger_porites,50179,14982,71167,0.3680755237368699,0.5380924040384544,0.770077193413238,0.4135200171410677
GPAB4410_jpg.rf.9548ace7ba62af809617e4b4a701449f.jpg,knob_porites,0,0,7566,0.0,0.0,,0.0
GPAB4410_jpg.rf.9548ace7ba62af809617e4b4a701449f.jpg,mounding_,5954,2821,6680,0.38524749272080233,0.5562146760708113,0.6785185185185185,0.47126800696533167
GPAB4410_jpg.rf.9548ace7ba62af809617e4b4a701449f.jpg,oddball,0,0,3517,0.0,0.0,,0.0
GPAB4410_jpg.rf.9548ace7ba62af809617e4b4a701449f.jpg,pocillopora_,0,0,0,1.0,1.0,,
GPAB4410_jpg.rf.9548ace7ba62af809617e4b4a701449f.jpg,table_acropora,356596,1925,8653,0.9711907705883314,0.9853848598311619,0.9946307189815938,0.9763093122773779
GPAB4414_jpg.rf.41fc0520b81a5365ed2cebcb322ec768.jpg,branching_acropora,0,0,0,1.0,1.0,,
GPAB4414_jpg.rf.41fc0520b81a5365ed2cebcb322ec768.jpg,finger_acropora,159190,17973,8085,0.8593345137329418,0.9243463264796568,0.8985510518562002,0.9516664175758481
GPAB4414_jpg.rf.41fc0520b81a5365ed2cebcb322ec768.jpg,finger_porites,0,5802,0,0.0,0.0,0.0,
GPAB4414_jpg.rf.41fc0520b81a5365ed2cebcb322ec768.jpg,knob_porites,0,0,0,1.0,1.0,,
GPAB4414_jpg.rf.41fc0520b81a5365ed2cebcb322ec768.jpg,mounding_,36768,13136,31337,0.4525793626370921,0.623138913133744,0.7367746072459121,0.5398722560751781
GPAB4414_jpg.rf.41fc0520b81a5365ed2cebcb322ec768.jpg,oddball,0,0,0,1.0,1.0,,
GPAB4414_jpg.rf.41fc0520b81a5365ed2cebcb322ec768.jpg,pocillopora_,0,0,0,1.0,1.0,,
GPAB4414_jpg.rf.41fc0520b81a5365ed2cebcb322ec768.jpg,table_acropora,280488,533,10348,0.9626556016597511,0.9809725158562368,0.9981033445899061,0.9644198104773825
GPAB4427_jpg.rf.d641d79fb8b16c710f5704f22c6c1f40.jpg,branching_acropora,0,0,0,1.0,1.0,,
GPAB4427_jpg.rf.d641d79fb8b16c710f5704f22c6c1f40.jpg,finger_acropora,55953,11927,9352,0.7244794903666874,0.8402297556031084,0.8242928697701827,0.8567950386647271
GPAB4427_jpg.rf.d641d79fb8b16c710f5704f22c6c1f40.jpg,finger_porites,0,190062,0,0.0,0.0,0.0,
GPAB4427_jpg.rf.d641d79fb8b16c710f5704f22c6c1f40.jpg,knob_porites,42570,2726,202126,0.17205422314911367,0.29359430604982206,0.9398180854821618,0.17397096805832543
GPAB4427_jpg.rf.d641d79fb8b16c710f5704f22c6c1f40.jpg,mounding_,20713,1545,41016,0.3273540474760565,0.4932430018931501,0.9305867553239284,0.335547311636346
GPAB4427_jpg.rf.d641d79fb8b16c710f5704f22c6c1f40.jpg,oddball,0,0,3704,0.0,0.0,,0.0
GPAB4427_jpg.rf.d641d79fb8b16c710f5704f22c6c1f40.jpg,pocillopora_,0,2877,0,0.0,0.0,0.0,
GPAB4427_jpg.rf.d641d79fb8b16c710f5704f22c6c1f40.jpg,table_acropora,0,25370,4258,0.0,0.0,0.0,0.0
GPAB4429_jpg.rf.9c5778f2144405c14429452fd5c16a8c.jpg,branching_acropora,91198,10201,11602,0.807054804824736,0.8932267053217694,0.8993974299549305,0.8871400778210117
GPAB4429_jpg.rf.9c5778f2144405c14429452fd5c16a8c.jpg,finger_acropora,164396,4238,58604,0.7234529436097836,0.8395389572917571,0.9748686504500872,0.7372017937219731
GPAB4429_jpg.rf.9c5778f2144405c14429452fd5c16a8c.jpg,finger_porites,0,0,0,1.0,1.0,,
GPAB4429_jpg.rf.9c5778f2144405c14429452fd5c16a8c.jpg,knob_porites,0,0,14807,0.0,0.0,,0.0
GPAB4429_jpg.rf.9c5778f2144405c14429452fd5c16a8c.jpg,mounding_,0,8938,772,0.0,0.0,0.0,0.0
GPAB4429_jpg.rf.9c5778f2144405c14429452fd5c16a8c.jpg,oddball,0,0,0,1.0,1.0,,
GPAB4429_jpg.rf.9c5778f2144405c14429452fd5c16a8c.jpg,pocillopora_,0,0,0,1.0,1.0,,
GPAB4429_jpg.rf.9c5778f2144405c14429452fd5c16a8c.jpg,table_acropora,0,0,0,1.0,1.0,,
GPAB4438_jpg.rf.7c5e910cd083c00029efa53e83f0c2a1.jpg,branching_acropora,0,0,2517,0.0,0.0,,0.0
GPAB4438_jpg.rf.7c5e910cd083c00029efa53e83f0c2a1.jpg,finger_acropora,29377,7333,575,0.7879039828349202,0.8813716960187213,0.8002451648052302,0.9808026175213675
GPAB4438_jpg.rf.7c5e910cd083c00029efa53e83f0c2a1.jpg,finger_porites,0,0,0,1.0,1.0,,
GPAB4438_jpg.rf.7c5e910cd083c00029efa53e83f0c2a1.jpg,knob_porites,0,0,0,1.0,1.0,,
GPAB4438_jpg.rf.7c5e910cd083c00029efa53e83f0c2a1.jpg,mounding_,304,6852,1768,0.0340654415060511,0.0658864325964456,0.042481833426495245,0.14671814671814673
GPAB4438_jpg.rf.7c5e910cd083c00029efa53e83f0c2a1.jpg,oddball,0,0,0,1.0,1.0,,
GPAB4438_jpg.rf.7c5e910cd083c00029efa53e83f0c2a1.jpg,pocillopora_,0,0,7648,0.0,0.0,,0.0
GPAB4438_jpg.rf.7c5e910cd083c00029efa53e83f0c2a1.jpg,table_acropora,455818,5404,2148,0.983702009193517,0.9917840528814562,0.9882832995824137,0.995309695479577
GPAB4446_jpg.rf.d76aab185399ee99678d32ea3165905d.jpg,branching_acropora,0,0,0,1.0,1.0,,
GPAB4446_jpg.rf.d76aab185399ee99678d32ea3165905d.jpg,finger_acropora,147446,3166,518,0.975623635280884,0.9876614329349981,0.9789790986110004,0.9964991484415128
GPAB4446_jpg.rf.d76aab185399ee99678d32ea3165905d.jpg,finger_porites,0,0,0,1.0,1.0,,
GPAB4446_jpg.rf.d76aab185399ee99678d32ea3165905d.jpg,knob_porites,0,0,0,1.0,1.0,,
GPAB4446_jpg.rf.d76aab185399ee99678d32ea3165905d.jpg,mounding_,0,19209,961,0.0,0.0,0.0,0.0
GPAB4446_jpg.rf.d76aab185399ee99678d32ea3165905d.jpg,oddball,0,0,0,1.0,1.0,,
GPAB4446_jpg.rf.d76aab185399ee99678d32ea3165905d.jpg,pocillopora_,2003,247,2542,0.4179883138564274,0.5895511405445181,0.8902222222222222,0.4407040704070407
GPAB4446_jpg.rf.d76aab185399ee99678d32ea3165905d.jpg,table_acropora,0,0,0,1.0,1.0,,
GPAB4447_jpg.rf.aeeafd0ada2ec9d0aaebd6965fb0895c.jpg,branching_acropora,0,30691,0,0.0,0.0,0.0,
GPAB4447_jpg.rf.aeeafd0ada2ec9d0aaebd6965fb0895c.jpg,finger_acropora,181556,6906,4207,0.9423207677415671,0.9703039615204756,0.9633560081077353,0.9773528635950108
GPAB4447_jpg.rf.aeeafd0ada2ec9d0aaebd6965fb0895c.jpg,finger_porites,0,0,33153,0.0,0.0,,0.0
GPAB4447_jpg.rf.aeeafd0ada2ec9d0aaebd6965fb0895c.jpg,knob_porites,0,0,0,1.0,1.0,,
GPAB4447_jpg.rf.aeeafd0ada2ec9d0aaebd6965fb0895c.jpg,mounding_,64502,5918,42818,0.5696144403822039,0.7258017328682345,0.9159613746094859,0.601024972046217
GPAB4447_jpg.rf.aeeafd0ada2ec9d0aaebd6965fb0895c.jpg,oddball,0,0,0,1.0,1.0,,
GPAB4447_jpg.rf.aeeafd0ada2ec9d0aaebd6965fb0895c.jpg,pocillopora_,0,0,0,1.0,1.0,,
GPAB4447_jpg.rf.aeeafd0ada2ec9d0aaebd6965fb0895c.jpg,table_acropora,33652,19050,614,0.6311801335434016,0.7738938460123264,0.6385336419870213,0.9820813634506508
GPAB4448_jpg.rf.ee36154d05bad5ec4095003019f0d7da.jpg,branching_acropora,0,0,0,1.0,1.0,,
GPAB4448_jpg.rf.ee36154d05bad5ec4095003019f0d7da.jpg,finger_acropora,533666,37789,4076,0.9272584795606145,0.9622564792367811,0.9338723084057362,0.9924201568782055
GPAB4448_jpg.rf.ee36154d05bad5ec4095003019f0d7da.jpg,finger_porites,0,0,59870,0.0,0.0,,0.0
GPAB4448_jpg.rf.ee36154d05bad5ec4095003019f0d7da.jpg,knob_porites,0,0,0,1.0,1.0,,
GPAB4448_jpg.rf.ee36154d05bad5ec4095003019f0d7da.jpg,mounding_,0,0,4788,0.0,0.0,,0.0
GPAB4448_jpg.rf.ee36154d05bad5ec4095003019f0d7da.jpg,oddball,0,0,0,1.0,1.0,,
GPAB4448_jpg.rf.ee36154d05bad5ec4095003019f0d7da.jpg,pocillopora_,3656,735,1106,0.6650900491177005,0.7988637605156779,0.8326121612388977,0.7677446451070978
GPAB4448_jpg.rf.ee36154d05bad5ec4095003019f0d7da.jpg,table_acropora,0,0,0,1.0,1.0,,
GPAB4451_jpg.rf.411bce69ce7f9a897fa647a01fb3860d.jpg,branching_acropora,0,0,0,1.0,1.0,,
GPAB4451_jpg.rf.411bce69ce7f9a897fa647a01fb3860d.jpg,finger_acropora,224354,22123,108304,0.632373210515783,0.7747899885173578,0.9102431464193413,0.6744283919220341
GPAB4451_jpg.rf.411bce69ce7f9a897fa647a01fb3860d.jpg,finger_porites,0,0,0,1.0,1.0,,
GPAB4451_jpg.rf.411bce69ce7f9a897fa647a01fb3860d.jpg,knob_porites,0,0,0,1.0,1.0,,
GPAB4451_jpg.rf.411bce69ce7f9a897fa647a01fb3860d.jpg,mounding_,0,0,0,1.0,1.0,,
GPAB4451_jpg.rf.411bce69ce7f9a897fa647a01fb3860d.jpg,oddball,0,0,0,1.0,1.0,,
GPAB4451_jpg.rf.411bce69ce7f9a897fa647a01fb3860d.jpg,pocillopora_,21594,3987,12064,0.5736219949528489,0.7290467428552136,0.8441421367421132,0.6415710975102502
GPAB4451_jpg.rf.411bce69ce7f9a897fa647a01fb3860d.jpg,table_acropora,0,0,11865,0.0,0.0,,0.0
GPAB4454_jpg.rf.5c968bee42f968821b240683bc03bef8.jpg,branching_acropora,8698,2171,57,0.7960827384221124,0.8864655523848349,0.8002576133958966,0.993489434608795
GPAB4454_jpg.rf.5c968bee42f968821b240683bc03bef8.jpg,finger_acropora,157676,16951,7809,0.8642811725755881,0.9272004516159382,0.9029302456092128,0.9528114330603982
GPAB4454_jpg.rf.5c968bee42f968821b240683bc03bef8.jpg,finger_porites,0,0,0,1.0,1.0,,
GPAB4454_jpg.rf.5c968bee42f968821b240683bc03bef8.jpg,knob_porites,0,0,0,1.0,1.0,,
GPAB4454_jpg.rf.5c968bee42f968821b240683bc03bef8.jpg,mounding_,12352,9462,4569,0.4681802675965584,0.6377694591454757,0.5662418630237462,0.7299804976065244
GPAB4454_jpg.rf.5c968bee42f968821b240683bc03bef8.jpg,oddball,0,0,0,1.0,1.0,,
GPAB4454_jpg.rf.5c968bee42f968821b240683bc03bef8.jpg,pocillopora_,0,0,1744,0.0,0.0,,0.0
GPAB4454_jpg.rf.5c968bee42f968821b240683bc03bef8.jpg,table_acropora,51755,14182,137,0.7832884341798589,0.8784764361914299,0.7849159045755797,0.9973599013335389
GPAB4456_jpg.rf.4095bf134e113d9e917e6244502d5524.jpg,branching_acropora,0,0,0,1.0,1.0,,
GPAB4456_jpg.rf.4095bf134e113d9e917e6244502d5524.jpg,finger_acropora,52206,21499,1020,0.6986416861826698,0.8225886505266641,0.7083101553490265,0.9808364333220606
GPAB4456_jpg.rf.4095bf134e113d9e917e6244502d5524.jpg,finger_porites,0,0,0,1.0,1.0,,
GPAB4456_jpg.rf.4095bf134e113d9e917e6244502d5524.jpg,knob_porites,0,0,0,1.0,1.0,,
GPAB4456_jpg.rf.4095bf134e113d9e917e6244502d5524.jpg,mounding_,64629,12739,56442,0.48299080786189375,0.6513739738660244,0.8353453624237411,0.533810739153059
GPAB4456_jpg.rf.4095bf134e113d9e917e6244502d5524.jpg,oddball,0,0,0,1.0,1.0,,
GPAB4456_jpg.rf.4095bf134e113d9e917e6244502d5524.jpg,pocillopora_,0,0,0,1.0,1.0,,
GPAB4456_jpg.rf.4095bf134e113d9e917e6244502d5524.jpg,table_acropora,0,0,0,1.0,1.0,,
GPAB4457_jpg.rf.1312e0f6c664f6ad040e3d483a8fbc3f.jpg,branching_acropora,0,0,0,1.0,1.0,,
GPAB4457_jpg.rf.1312e0f6c664f6ad040e3d483a8fbc3f.jpg,finger_acropora,73614,28526,18171,0.6118642518140486,0.7592007219285807,0.7207166634031721,0.8020264749142016
GPAB4457_jpg.rf.1312e0f6c664f6ad040e3d483a8fbc3f.jpg,finger_porites,0,5425,18633,0.0,0.0,0.0,0.0
GPAB4457_jpg.rf.1312e0f6c664f6ad040e3d483a8fbc3f.jpg,knob_porites,46547,4860,8711,0.7742606207791344,0.8727698870294849,0.9054603458672943,0.84235766766803
GPAB4457_jpg.rf.1312e0f6c664f6ad040e3d483a8fbc3f.jpg,mounding_,41270,20349,18182,0.5171614390797108,0.6817487259541921,0.6697609503562213,0.6941734508511068
GPAB4457_jpg.rf.1312e0f6c664f6ad040e3d483a8fbc3f.jpg,oddball,1188,118,11,0.9020501138952164,0.948502994011976,0.9096477794793262,0.9908256880733946
GPAB4457_jpg.rf.1312e0f6c664f6ad040e3d483a8fbc3f.jpg,pocillopora_,4510,1075,60,0.7989371124889283,0.8882323978335795,0.8075201432408237,0.986870897155361
GPAB4457_jpg.rf.1312e0f6c664f6ad040e3d483a8fbc3f.jpg,table_acropora,0,11254,0,0.0,0.0,0.0,
GPAB4462_jpg.rf.01068273795b1b0956583030599c0dee.jpg,branching_acropora,0,0,0,1.0,1.0,,
GPAB4462_jpg.rf.01068273795b1b0956583030599c0dee.jpg,finger_acropora,17834,143,10536,0.6254690842773472,0.7695859494681425,0.9920453913333704,0.6286217835741981
GPAB4462_jpg.rf.01068273795b1b0956583030599c0dee.jpg,finger_porites,0,0,0,1.0,1.0,,
GPAB4462_jpg.rf.01068273795b1b0956583030599c0dee.jpg,knob_porites,0,0,0,1.0,1.0,,
GPAB4462_jpg.rf.01068273795b1b0956583030599c0dee.jpg,mounding_,12373,78315,2576,0.13266640933264712,0.23425504321402538,0.13643480945659844,0.8276807813231655
GPAB4462_jpg.rf.01068273795b1b0956583030599c0dee.jpg,oddball,0,0,0,1.0,1.0,,
GPAB4462_jpg.rf.01068273795b1b0956583030599c0dee.jpg,pocillopora_,0,0,0,1.0,1.0,,
GPAB4462_jpg.rf.01068273795b1b0956583030599c0dee.jpg,table_acropora,410912,4270,111564,0.7800951502242067,0.8764645531739718,0.9897153537484765,0.7864705747249634
GPAB4479_jpg.rf.e9535a9e7200ff32640d39823eb08211.jpg,branching_acropora,322122,9302,132617,0.694167110233794,0.8194789121339977,0.9719332335618422,0.7083667774261719
GPAB4479_jpg.rf.e9535a9e7200ff32640d39823eb08211.jpg,finger_acropora,2178,1,14662,0.12932723709993468,0.22903412377096588,0.9995410738871042,0.12933491686460807
GPAB4479_jpg.rf.e9535a9e7200ff32640d39823eb08211.jpg,finger_porites,0,0,0,1.0,1.0,,
GPAB4479_jpg.rf.e9535a9e7200ff32640d39823eb08211.jpg,knob_porites,0,0,0,1.0,1.0,,
GPAB4479_jpg.rf.e9535a9e7200ff32640d39823eb08211.jpg,mounding_,0,9277,0,0.0,0.0,0.0,
GPAB4479_jpg.rf.e9535a9e7200ff32640d39823eb08211.jpg,oddball,0,0,0,1.0,1.0,,
GPAB4479_jpg.rf.e9535a9e7200ff32640d39823eb08211.jpg,pocillopora_,0,4073,0,0.0,0.0,0.0,
GPAB4479_jpg.rf.e9535a9e7200ff32640d39823eb08211.jpg,table_acropora,0,0,0,1.0,1.0,,
GPAB4488_jpg.rf.94af4e778abfecc91782b790f52d8f89.jpg,branching_acropora,0,0,0,1.0,1.0,,
GPAB4488_jpg.rf.94af4e778abfecc91782b790f52d8f89.jpg,finger_acropora,189511,15548,1184,0.9188723980935111,0.957721210651061,0.9241779195255999,0.9937911324366134
GPAB4488_jpg.rf.94af4e778abfecc91782b790f52d8f89.jpg,finger_porites,0,0,0,1.0,1.0,,
GPAB4488_jpg.rf.94af4e778abfecc91782b790f52d8f89.jpg,knob_porites,0,0,0,1.0,1.0,,
GPAB4488_jpg.rf.94af4e778abfecc91782b790f52d8f89.jpg,mounding_,64321,12981,177,0.8301733372913951,0.9072073342736249,0.8320742024785904,0.9972557288598096
GPAB4488_jpg.rf.94af4e778abfecc91782b790f52d8f89.jpg,oddball,0,0,0,1.0,1.0,,
GPAB4488_jpg.rf.94af4e778abfecc91782b790f52d8f89.jpg,pocillopora_,15231,685,566,0.9240990171095741,0.9605524548292498,0.9569615481276703,0.964170412103564
GPAB4488_jpg.rf.94af4e778abfecc91782b790f52d8f89.jpg,table_acropora,0,0,0,1.0,1.0,,
GPAB4491_jpg.rf.12a0aec71fbb0323e170546f88ad9e24.jpg,branching_acropora,43729,7727,195255,0.17724787301741715,0.3011224349263187,0.8498328669154229,0.1829787768218793
GPAB4491_jpg.rf.12a0aec71fbb0323e170546f88ad9e24.jpg,finger_acropora,0,48338,0,0.0,0.0,0.0,
GPAB4491_jpg.rf.12a0aec71fbb0323e170546f88ad9e24.jpg,finger_porites,0,0,2848,0.0,0.0,,0.0
GPAB4491_jpg.rf.12a0aec71fbb0323e170546f88ad9e24.jpg,knob_porites,0,0,0,1.0,1.0,,
GPAB4491_jpg.rf.12a0aec71fbb0323e170546f88ad9e24.jpg,mounding_,0,5152,0,0.0,0.0,0.0,
GPAB4491_jpg.rf.12a0aec71fbb0323e170546f88ad9e24.jpg,oddball,0,0,0,1.0,1.0,,
GPAB4491_jpg.rf.12a0aec71fbb0323e170546f88ad9e24.jpg,pocillopora_,0,0,0,1.0,1.0,,
GPAB4491_jpg.rf.12a0aec71fbb0323e170546f88ad9e24.jpg,table_acropora,59479,248,3721,0.9374448367166813,0.9677125448436877,0.9958477740385421,0.941123417721519
GPAB4494_jpg.rf.c523c5a95299bacfd030f227431c02c8.jpg,branching_acropora,0,0,0,1.0,1.0,,
GPAB4494_jpg.rf.c523c5a95299bacfd030f227431c02c8.jpg,finger_acropora,47559,178951,1111,0.20893942123090575,0.34565738789156186,0.20996423998940444,0.9771727963838094
GPAB4494_jpg.rf.c523c5a95299bacfd030f227431c02c8.jpg,finger_porites,0,3107,0,0.0,0.0,0.0,
GPAB4494_jpg.rf.c523c5a95299bacfd030f227431c02c8.jpg,knob_porites,0,0,0,1.0,1.0,,
GPAB4494_jpg.rf.c523c5a95299bacfd030f227431c02c8.jpg,mounding_,8750,112,3682,0.6975446428571429,0.821827744904668,0.9873617693522907,0.7038288288288288
GPAB4494_jpg.rf.c523c5a95299bacfd030f227431c02c8.jpg,oddball,0,13983,0,0.0,0.0,0.0,
GPAB4494_jpg.rf.c523c5a95299bacfd030f227431c02c8.jpg,pocillopora_,24450,554,1617,0.918447841929304,0.9574905523682716,0.9778435450327948,0.9379675451720566
GPAB4494_jpg.rf.c523c5a95299bacfd030f227431c02c8.jpg,table_acropora,0,0,0,1.0,1.0,,
GPAB4498_jpg.rf.b6877a7fc44b00cec0c46af5dbae2b1a.jpg,branching_acropora,0,0,0,1.0,1.0,,
GPAB4498_jpg.rf.b6877a7fc44b00cec0c46af5dbae2b1a.jpg,finger_acropora,0,0,4618,0.0,0.0,,0.0
GPAB4498_jpg.rf.b6877a7fc44b00cec0c46af5dbae2b1a.jpg,finger_porites,0,0,8434,0.0,0.0,,0.0
GPAB4498_jpg.rf.b6877a7fc44b00cec0c46af5dbae2b1a.jpg,knob_porites,0,0,0,1.0,1.0,,
GPAB4498_jpg.rf.b6877a7fc44b00cec0c46af5dbae2b1a.jpg,mounding_,8526,4702,27558,0.20904231844260285,0.3457981829980532,0.6445418808587844,0.23628200864649151
GPAB4498_jpg.rf.b6877a7fc44b00cec0c46af5dbae2b1a.jpg,oddball,0,0,0,1.0,1.0,,
GPAB4498_jpg.rf.b6877a7fc44b00cec0c46af5dbae2b1a.jpg,pocillopora_,40359,11852,1271,0.7546277252159606,0.8601570741999766,0.77299802723564,0.9694691328368965
GPAB4498_jpg.rf.b6877a7fc44b00cec0c46af5dbae2b1a.jpg,table_acropora,0,0,0,1.0,1.0,,
GPAB4505_jpg.rf.13a1db335485f434ce177e813406f6e1.jpg,branching_acropora,0,0,0,1.0,1.0,,
GPAB4505_jpg.rf.13a1db335485f434ce177e813406f6e1.jpg,finger_acropora,120667,3136,1758,0.9610229290942252,0.9801241126110759,0.9746694345048181,0.9856401878701245
GPAB4505_jpg.rf.13a1db335485f434ce177e813406f6e1.jpg,finger_porites,0,0,0,1.0,1.0,,
GPAB4505_jpg.rf.13a1db335485f434ce177e813406f6e1.jpg,knob_porites,0,0,0,1.0,1.0,,
GPAB4505_jpg.rf.13a1db335485f434ce177e813406f6e1.jpg,mounding_,117142,12759,21484,0.7738018958285167,0.8724783727520883,0.9017790471204995,0.845021857371633
GPAB4505_jpg.rf.13a1db335485f434ce177e813406f6e1.jpg,oddball,0,0,0,1.0,1.0,,
GPAB4505_jpg.rf.13a1db335485f434ce177e813406f6e1.jpg,pocillopora_,0,0,0,1.0,1.0,,
GPAB4505_jpg.rf.13a1db335485f434ce177e813406f6e1.jpg,table_acropora,0,6172,0,0.0,0.0,0.0,
GPAB4507_jpg.rf.8e55a9561d7c6ba559c55fd404f96b5c.jpg,branching_acropora,0,0,0,1.0,1.0,,
GPAB4507_jpg.rf.8e55a9561d7c6ba559c55fd404f96b5c.jpg,finger_acropora,28321,6894,534,0.792217964138857,0.8840643046667708,0.8042311514979412,0.9814936752729163
GPAB4507_jpg.rf.8e55a9561d7c6ba559c55fd404f96b5c.jpg,finger_porites,0,0,0,1.0,1.0,,
GPAB4507_jpg.rf.8e55a9561d7c6ba559c55fd404f96b5c.jpg,knob_porites,0,0,0,1.0,1.0,,
GPAB4507_jpg.rf.8e55a9561d7c6ba559c55fd404f96b5c.jpg,mounding_,114917,418,7832,0.9330177726176655,0.9653483644428017,0.9963757749165475,0.9361949995519312
GPAB4507_jpg.rf.8e55a9561d7c6ba559c55fd404f96b5c.jpg,oddball,0,0,4345,0.0,0.0,,0.0
GPAB4507_jpg.rf.8e55a9561d7c6ba559c55fd404f96b5c.jpg,pocillopora_,0,0,15302,0.0,0.0,,0.0
GPAB4507_jpg.rf.8e55a9561d7c6ba559c55fd404f96b5c.jpg,table_acropora,0,0,0,1.0,1.0,,
GPAB4525_jpg.rf.6ac0c98a728c8be78057fee83f71b76c.jpg,branching_acropora,0,0,0,1.0,1.0,,
GPAB4525_jpg.rf.6ac0c98a728c8be78057fee83f71b76c.jpg,finger_acropora,251687,38658,667,0.8648681154041757,0.9275381012310692,0.8668549484234273,0.9973568875468588
GPAB4525_jpg.rf.6ac0c98a728c8be78057fee83f71b76c.jpg,finger_porites,0,0,0,1.0,1.0,,
GPAB4525_jpg.rf.6ac0c98a728c8be78057fee83f71b76c.jpg,knob_porites,0,0,0,1.0,1.0,,
GPAB4525_jpg.rf.6ac0c98a728c8be78057fee83f71b76c.jpg,mounding_,29049,3409,783,0.873890677175777,0.9327018783111254,0.8949719637685625,0.9737530168946098
GPAB4525_jpg.rf.6ac0c98a728c8be78057fee83f71b76c.jpg,oddball,4542,71,231,0.9376548307184145,0.967824419347965,0.984608714502493,0.9516027655562539
GPAB4525_jpg.rf.6ac0c98a728c8be78057fee83f71b76c.jpg,pocillopora_,31746,853,2188,0.9125822864863311,0.9542933581831572,0.9738335531764778,0.9355218954440974
GPAB4525_jpg.rf.6ac0c98a728c8be78057fee83f71b76c.jpg,table_acropora,0,0,0,1.0,1.0,,
GPAB4526_jpg.rf.acbd0ab7d910680595cd55a037d26f3e.jpg,branching_acropora,0,0,0,1.0,1.0,,
GPAB4526_jpg.rf.acbd0ab7d910680595cd55a037d26f3e.jpg,finger_acropora,72439,13128,13932,0.7280374677132434,0.8426176877711733,0.8465763670573936,0.8386958585636383
GPAB4526_jpg.rf.acbd0ab7d910680595cd55a037d26f3e.jpg,finger_porites,9404,6085,23209,0.24300997467569382,0.3910024531204524,0.607140551359029,0.2883512709655659
GPAB4526_jpg.rf.acbd0ab7d910680595cd55a037d26f3e.jpg,knob_porites,0,0,0,1.0,1.0,,
GPAB4526_jpg.rf.acbd0ab7d910680595cd55a037d26f3e.jpg,mounding_,1044,6345,10372,0.05878047407240583,0.11103429938846052,0.14129110840438489,0.09145059565522075
GPAB4526_jpg.rf.acbd0ab7d910680595cd55a037d26f3e.jpg,oddball,1834,5217,6122,0.1392241706520914,0.24441927100686348,0.26010494965253156,0.230517848164907
GPAB4526_jpg.rf.acbd0ab7d910680595cd55a037d26f3e.jpg,pocillopora_,57246,1321,21838,0.7119706485915055,0.8317556719529825,0.9774446360578483,0.7238632340296394
GPAB4526_jpg.rf.acbd0ab7d910680595cd55a037d26f3e.jpg,table_acropora,0,0,0,1.0,1.0,,
GPAB4528_jpg.rf.5de0daa0ed0222a80389722c2d9b9b6d.jpg,branching_acropora,0,0,0,1.0,1.0,,
GPAB4528_jpg.rf.5de0daa0ed0222a80389722c2d9b9b6d.jpg,finger_acropora,43496,289,468,0.9828938151085802,0.9913731210612087,0.9933995660614365,0.9893549267582568
GPAB4528_jpg.rf.5de0daa0ed0222a80389722c2d9b9b6d.jpg,finger_porites,57501,5019,642,0.9103733257338273,0.95308420974118,0.9197216890595009,0.988958258087818
GPAB4528_jpg.rf.5de0daa0ed0222a80389722c2d9b9b6d.jpg,knob_porites,0,0,0,1.0,1.0,,
GPAB4528_jpg.rf.5de0daa0ed0222a80389722c2d9b9b6d.jpg,mounding_,4195,93870,17645,0.03625442917638925,0.06997206121512864,0.04277774945189415,0.1920787545787546
GPAB4528_jpg.rf.5de0daa0ed0222a80389722c2d9b9b6d.jpg,oddball,0,4547,0,0.0,0.0,0.0,
GPAB4528_jpg.rf.5de0daa0ed0222a80389722c2d9b9b6d.jpg,pocillopora_,30879,813,10013,0.7404148183671022,0.8508486718836107,0.9743468383188186,0.7551354788222635
GPAB4528_jpg.rf.5de0daa0ed0222a80389722c2d9b9b6d.jpg,table_acropora,0,0,0,1.0,1.0,,
GPAB4529_jpg.rf.d3f81e072c8902d00583b47350aa6ec8.jpg,branching_acropora,0,0,0,1.0,1.0,,
GPAB4529_jpg.rf.d3f81e072c8902d00583b47350aa6ec8.jpg,finger_acropora,0,0,3453,0.0,0.0,,0.0
GPAB4529_jpg.rf.d3f81e072c8902d00583b47350aa6ec8.jpg,finger_porites,2203,220,47351,0.04426005545063688,0.08476826288550705,0.909203466776723,0.04445655244783468
GPAB4529_jpg.rf.d3f81e072c8902d00583b47350aa6ec8.jpg,knob_porites,0,0,0,1.0,1.0,,
GPAB4529_jpg.rf.d3f81e072c8902d00583b47350aa6ec8.jpg,mounding_,38940,14014,1274,0.7180792210666077,0.8359093250901597,0.7353552139592854,0.9683194907246233
GPAB4529_jpg.rf.d3f81e072c8902d00583b47350aa6ec8.jpg,oddball,0,11586,0,0.0,0.0,0.0,
GPAB4529_jpg.rf.d3f81e072c8902d00583b47350aa6ec8.jpg,pocillopora_,0,0,14222,0.0,0.0,,0.0
GPAB4529_jpg.rf.d3f81e072c8902d00583b47350aa6ec8.jpg,table_acropora,0,0,0,1.0,1.0,,
GPAB4531_jpg.rf.822f10de5d5f23d8920ae0c54a335239.jpg,branching_acropora,914945,109491,3685,0.8899195717235617,0.9417539085136584,0.8931207025133829,0.9959885917072162
GPAB4531_jpg.rf.822f10de5d5f23d8920ae0c54a335239.jpg,finger_acropora,0,0,0,1.0,1.0,,
GPAB4531_jpg.rf.822f10de5d5f23d8920ae0c54a335239.jpg,finger_porites,0,0,0,1.0,1.0,,
GPAB4531_jpg.rf.822f10de5d5f23d8920ae0c54a335239.jpg,knob_porites,0,0,0,1.0,1.0,,
GPAB4531_jpg.rf.822f10de5d5f23d8920ae0c54a335239.jpg,mounding_,0,0,0,1.0,1.0,,
GPAB4531_jpg.rf.822f10de5d5f23d8920ae0c54a335239.jpg,oddball,0,0,0,1.0,1.0,,
GPAB4531_jpg.rf.822f10de5d5f23d8920ae0c54a335239.jpg,pocillopora_,0,0,0,1.0,1.0,,
GPAB4531_jpg.rf.822f10de5d5f23d8920ae0c54a335239.jpg,table_acropora,0,0,0,1.0,1.0,,
GPAB4534_jpg.rf.c9971bd4981c506c5892842e85189683.jpg,branching_acropora,0,0,0,1.0,1.0,,
GPAB4534_jpg.rf.c9971bd4981c506c5892842e85189683.jpg,finger_acropora,178730,7891,4965,0.9328969757706722,0.9652837036476954,0.9577164413436858,0.9729715016739704
GPAB4534_jpg.rf.c9971bd4981c506c5892842e85189683.jpg,finger_porites,0,0,0,1.0,1.0,,
GPAB4534_jpg.rf.c9971bd4981c506c5892842e85189683.jpg,knob_porites,0,0,0,1.0,1.0,,
GPAB4534_jpg.rf.c9971bd4981c506c5892842e85189683.jpg,mounding_,13710,99,33149,0.291963030793475,0.45196808861343707,0.9928307625461655,0.29257986726135854
GPAB4534_jpg.rf.c9971bd4981c506c5892842e85189683.jpg,oddball,0,0,0,1.0,1.0,,
GPAB4534_jpg.rf.c9971bd4981c506c5892842e85189683.jpg,pocillopora_,9506,2540,230,0.774356467904855,0.8728307777063631,0.7891416237755271,0.9763763352506163
GPAB4534_jpg.rf.c9971bd4981c506c5892842e85189683.jpg,table_acropora,0,0,0,1.0,1.0,,
GPAB4535_jpg.rf.d00094f083e5ab28a3b18bd3a5f5e579.jpg,branching_acropora,113969,5135,121166,0.4743372039788571,0.6434582301779307,0.9568864185921547,0.4846960256873711
GPAB4535_jpg.rf.d00094f083e5ab28a3b18bd3a5f5e579.jpg,finger_acropora,38013,1451,289,0.9562297185118104,0.9776251832420338,0.9632323129941213,0.9924547021043287
GPAB4535_jpg.rf.d00094f083e5ab28a3b18bd3a5f5e579.jpg,finger_porites,0,0,0,1.0,1.0,,
GPAB4535_jpg.rf.d00094f083e5ab28a3b18bd3a5f5e579.jpg,knob_porites,0,0,0,1.0,1.0,,
GPAB4535_jpg.rf.d00094f083e5ab28a3b18bd3a5f5e579.jpg,mounding_,0,0,0,1.0,1.0,,
GPAB4535_jpg.rf.d00094f083e5ab28a3b18bd3a5f5e579.jpg,oddball,0,0,0,1.0,1.0,,
GPAB4535_jpg.rf.d00094f083e5ab28a3b18bd3a5f5e579.jpg,pocillopora_,0,0,8713,0.0,0.0,,0.0
GPAB4535_jpg.rf.d00094f083e5ab28a3b18bd3a5f5e579.jpg,table_acropora,0,6734,0,0.0,0.0,0.0,
GPAB4536_jpg.rf.626fb5f38e0392a40c4fd81e1b51fa7a.jpg,branching_acropora,0,0,0,1.0,1.0,,
GPAB4536_jpg.rf.626fb5f38e0392a40c4fd81e1b51fa7a.jpg,finger_acropora,100730,5473,399417,0.19922075867252087,0.3322503504576565,0.9484666158206454,0.20140078816827853
GPAB4536_jpg.rf.626fb5f38e0392a40c4fd81e1b51fa7a.jpg,finger_porites,0,0,0,1.0,1.0,,
GPAB4536_jpg.rf.626fb5f38e0392a40c4fd81e1b51fa7a.jpg,knob_porites,0,0,0,1.0,1.0,,
GPAB4536_jpg.rf.626fb5f38e0392a40c4fd81e1b51fa7a.jpg,mounding_,1410,293,2075,0.37321334039174164,0.543562066306862,0.8279506752789195,0.40459110473457677
GPAB4536_jpg.rf.626fb5f38e0392a40c4fd81e1b51fa7a.jpg,oddball,0,0,0,1.0,1.0,,
GPAB4536_jpg.rf.626fb5f38e0392a40c4fd81e1b51fa7a.jpg,pocillopora_,30055,100467,1189,0.22818898953010758,0.37158611822014515,0.23026769433505462,0.9619446933811292
GPAB4536_jpg.rf.626fb5f38e0392a40c4fd81e1b51fa7a.jpg,table_acropora,0,0,0,1.0,1.0,,
GPAB4541_jpg.rf.e77dc1d8b513409bfb6fe75f8bc01f13.jpg,branching_acropora,0,0,142085,0.0,0.0,,0.0
GPAB4541_jpg.rf.e77dc1d8b513409bfb6fe75f8bc01f13.jpg,finger_acropora,102299,4142,914,0.9529039169111825,0.9758840756675284,0.9610864234646423,0.9911445263678025
GPAB4541_jpg.rf.e77dc1d8b513409bfb6fe75f8bc01f13.jpg,finger_porites,0,0,0,1.0,1.0,,
GPAB4541_jpg.rf.e77dc1d8b513409bfb6fe75f8bc01f13.jpg,knob_porites,0,147056,0,0.0,0.0,0.0,
GPAB4541_jpg.rf.e77dc1d8b513409bfb6fe75f8bc01f13.jpg,mounding_,20335,6095,73814,0.20285503371772876,0.33728924605445393,0.7693908437381763,0.21598742418931693
GPAB4541_jpg.rf.e77dc1d8b513409bfb6fe75f8bc01f13.jpg,oddball,0,0,5068,0.0,0.0,,0.0
GPAB4541_jpg.rf.e77dc1d8b513409bfb6fe75f8bc01f13.jpg,pocillopora_,4325,2966,25540,0.13173525022082788,0.232802239207665,0.5931970923055823,0.14481834923823875
GPAB4541_jpg.rf.e77dc1d8b513409bfb6fe75f8bc01f13.jpg,table_acropora,0,0,0,1.0,1.0,,
GPAB4546_jpg.rf.8b2ed08293556ec68404056ddae731eb.jpg,branching_acropora,0,0,0,1.0,1.0,,
GPAB4546_jpg.rf.8b2ed08293556ec68404056ddae731eb.jpg,finger_acropora,169370,4369,2092,0.963254488685158,0.9812833682405323,0.9748530842240372,0.9877990458527254
GPAB4546_jpg.rf.8b2ed08293556ec68404056ddae731eb.jpg,finger_porites,0,0,0,1.0,1.0,,
GPAB4546_jpg.rf.8b2ed08293556ec68404056ddae731eb.jpg,knob_porites,0,0,0,1.0,1.0,,
GPAB4546_jpg.rf.8b2ed08293556ec68404056ddae731eb.jpg,mounding_,0,0,3134,0.0,0.0,,0.0
GPAB4546_jpg.rf.8b2ed08293556ec68404056ddae731eb.jpg,oddball,0,0,0,1.0,1.0,,
GPAB4546_jpg.rf.8b2ed08293556ec68404056ddae731eb.jpg,pocillopora_,109405,15424,922,0.8700129621235616,0.9304886968650598,0.8764389685089202,0.9916430248261985
GPAB4546_jpg.rf.8b2ed08293556ec68404056ddae731eb.jpg,table_acropora,0,0,0,1.0,1.0,,
GPAB4553_jpg.rf.943f4941aea2cefec255237b0d6361d3.jpg,branching_acropora,0,0,0,1.0,1.0,,
GPAB4553_jpg.rf.943f4941aea2cefec255237b0d6361d3.jpg,finger_acropora,0,0,0,1.0,1.0,,
GPAB4553_jpg.rf.943f4941aea2cefec255237b0d6361d3.jpg,finger_porites,7411,7409,138,0.49545393769220486,0.662613438240422,0.5000674763832659,0.9817194330374884
GPAB4553_jpg.rf.943f4941aea2cefec255237b0d6361d3.jpg,knob_porites,0,0,0,1.0,1.0,,
GPAB4553_jpg.rf.943f4941aea2cefec255237b0d6361d3.jpg,mounding_,73338,23450,54679,0.48418467388936204,0.652458797624608,0.7577178989130884,0.5728770397681557
GPAB4553_jpg.rf.943f4941aea2cefec255237b0d6361d3.jpg,oddball,0,0,0,1.0,1.0,,
GPAB4553_jpg.rf.943f4941aea2cefec255237b0d6361d3.jpg,pocillopora_,12411,2932,25985,0.3003048780487805,0.4618991793669402,0.8089030828390797,0.3232367954995312
GPAB4553_jpg.rf.943f4941aea2cefec255237b0d6361d3.jpg,table_acropora,0,0,0,1.0,1.0,,
GPAB4554_jpg.rf.6b291c5aaa77f010267e5d2c4688d0c7.jpg,branching_acropora,0,0,0,1.0,1.0,,
GPAB4554_jpg.rf.6b291c5aaa77f010267e5d2c4688d0c7.jpg,finger_acropora,51379,5378,172,0.9025101442147236,0.9487572478487277,0.905245167996899,0.9966634982832535
GPAB4554_jpg.rf.6b291c5aaa77f010267e5d2c4688d0c7.jpg,finger_porites,10033,251,190,0.9578957418369295,0.9784951479982446,0.9755931544146247,0.9814144575956177
GPAB4554_jpg.rf.6b291c5aaa77f010267e5d2c4688d0c7.jpg,knob_porites,0,0,0,1.0,1.0,,
GPAB4554_jpg.rf.6b291c5aaa77f010267e5d2c4688d0c7.jpg,mounding_,94155,50296,4174,0.6335071488645921,0.7756404975698163,0.6518127254224616,0.9575506717245167
GPAB4554_jpg.rf.6b291c5aaa77f010267e5d2c4688d0c7.jpg,oddball,0,0,0,1.0,1.0,,
GPAB4554_jpg.rf.6b291c5aaa77f010267e5d2c4688d0c7.jpg,pocillopora_,0,0,11496,0.0,0.0,,0.0
GPAB4554_jpg.rf.6b291c5aaa77f010267e5d2c4688d0c7.jpg,table_acropora,0,0,0,1.0,1.0,,
GPAB4555_jpg.rf.e9611418c52e38b5feea68c1d6d92b5d.jpg,branching_acropora,0,0,0,1.0,1.0,,
GPAB4555_jpg.rf.e9611418c52e38b5feea68c1d6d92b5d.jpg,finger_acropora,124858,1020,962,0.9843740145064649,0.9921254837146104,0.9918969160615835,0.9923541567318391
GPAB4555_jpg.rf.e9611418c52e38b5feea68c1d6d92b5d.jpg,finger_porites,0,0,0,1.0,1.0,,
GPAB4555_jpg.rf.e9611418c52e38b5feea68c1d6d92b5d.jpg,knob_porites,0,0,0,1.0,1.0,,
GPAB4555_jpg.rf.e9611418c52e38b5feea68c1d6d92b5d.jpg,mounding_,0,0,0,1.0,1.0,,
GPAB4555_jpg.rf.e9611418c52e38b5feea68c1d6d92b5d.jpg,oddball,0,0,0,1.0,1.0,,
GPAB4555_jpg.rf.e9611418c52e38b5feea68c1d6d92b5d.jpg,pocillopora_,22174,1660,486,0.9117598684210526,0.9538435066890352,0.9303515985566837,0.9785525154457193
GPAB4555_jpg.rf.e9611418c52e38b5feea68c1d6d92b5d.jpg,table_acropora,0,0,0,1.0,1.0,,
GPAB4561_jpg.rf.36a5e769967fb55febee4557b2741043.jpg,branching_acropora,0,0,0,1.0,1.0,,
GPAB4561_jpg.rf.36a5e769967fb55febee4557b2741043.jpg,finger_acropora,81621,2054,6298,0.9071721516454937,0.9513269694744572,0.9754526441589483,0.9283658822325095
GPAB4561_jpg.rf.36a5e769967fb55febee4557b2741043.jpg,finger_porites,25812,604,10884,0.6920107238605898,0.8179743947268349,0.9771350696547547,0.7034009156311315
GPAB4561_jpg.rf.36a5e769967fb55febee4557b2741043.jpg,knob_porites,0,0,0,1.0,1.0,,
GPAB4561_jpg.rf.36a5e769967fb55febee4557b2741043.jpg,mounding_,17969,1926,13571,0.5369330066335983,0.6987071060561875,0.9031917567227947,0.569720989220038
GPAB4561_jpg.rf.36a5e769967fb55febee4557b2741043.jpg,oddball,0,0,12045,0.0,0.0,,0.0
GPAB4561_jpg.rf.36a5e769967fb55febee4557b2741043.jpg,pocillopora_,15805,5211,11742,0.4824775627327676,0.650907069167885,0.7520460601446517,0.5737466874795804
GPAB4561_jpg.rf.36a5e769967fb55febee4557b2741043.jpg,table_acropora,0,0,0,1.0,1.0,,
GPAB4579_jpg.rf.a48ec6435f51ef0c7d07347a796e51af.jpg,branching_acropora,0,0,0,1.0,1.0,,
GPAB4579_jpg.rf.a48ec6435f51ef0c7d07347a796e51af.jpg,finger_acropora,0,0,0,1.0,1.0,,
GPAB4579_jpg.rf.a48ec6435f51ef0c7d07347a796e51af.jpg,finger_porites,0,0,0,1.0,1.0,,
GPAB4579_jpg.rf.a48ec6435f51ef0c7d07347a796e51af.jpg,knob_porites,0,0,0,1.0,1.0,,
GPAB4579_jpg.rf.a48ec6435f51ef0c7d07347a796e51af.jpg,mounding_,0,0,0,1.0,1.0,,
GPAB4579_jpg.rf.a48ec6435f51ef0c7d07347a796e51af.jpg,oddball,0,0,0,1.0,1.0,,
GPAB4579_jpg.rf.a48ec6435f51ef0c7d07347a796e51af.jpg,pocillopora_,0,0,0,1.0,1.0,,
GPAB4579_jpg.rf.a48ec6435f51ef0c7d07347a796e51af.jpg,table_acropora,1034223,1483,1827,0.9968097400275461,0.9984023215089035,0.9985681264760463,0.998236571594035
GPAB4580_jpg.rf.0496ca1e8738a9c36fad566623244f47.jpg,branching_acropora,0,0,0,1.0,1.0,,
GPAB4580_jpg.rf.0496ca1e8738a9c36fad566623244f47.jpg,finger_acropora,290407,16090,28491,0.8669176209297049,0.9287154518344406,0.947503564472083,0.910657953326769
GPAB4580_jpg.rf.0496ca1e8738a9c36fad566623244f47.jpg,finger_porites,0,0,0,1.0,1.0,,
GPAB4580_jpg.rf.0496ca1e8738a9c36fad566623244f47.jpg,knob_porites,0,0,0,1.0,1.0,,
GPAB4580_jpg.rf.0496ca1e8738a9c36fad566623244f47.jpg,mounding_,35680,849,13353,0.7152880798684896,0.8340151001612865,0.9767581921213283,0.727673199681847
GPAB4580_jpg.rf.0496ca1e8738a9c36fad566623244f47.jpg,oddball,0,0,0,1.0,1.0,,
GPAB4580_jpg.rf.0496ca1e8738a9c36fad566623244f47.jpg,pocillopora_,7469,9688,1018,0.410949105914718,0.5825144283263142,0.4353325173398613,0.8800518439967009
GPAB4580_jpg.rf.0496ca1e8738a9c36fad566623244f47.jpg,table_acropora,0,0,0,1.0,1.0,,
GPAB4582_jpg.rf.00e1bc8aa55f6785af673809468f4781.jpg,branching_acropora,0,3612,0,0.0,0.0,0.0,
GPAB4582_jpg.rf.00e1bc8aa55f6785af673809468f4781.jpg,finger_acropora,60733,33020,215,0.6463157670696408,0.7851662238770273,0.6477979371326784,0.9964724027039443
GPAB4582_jpg.rf.00e1bc8aa55f6785af673809468f4781.jpg,finger_porites,11951,1148,23084,0.33029323162811264,0.4965720696389247,0.9123597221161921,0.34111602683031256
GPAB4582_jpg.rf.00e1bc8aa55f6785af673809468f4781.jpg,knob_porites,0,0,0,1.0,1.0,,
GPAB4582_jpg.rf.00e1bc8aa55f6785af673809468f4781.jpg,mounding_,45710,1182,2087,0.9332571101900815,0.9654764544984106,0.9747931416872814,0.956336171726259
GPAB4582_jpg.rf.00e1bc8aa55f6785af673809468f4781.jpg,oddball,0,0,0,1.0,1.0,,
GPAB4582_jpg.rf.00e1bc8aa55f6785af673809468f4781.jpg,pocillopora_,0,15820,0,0.0,0.0,0.0,
GPAB4582_jpg.rf.00e1bc8aa55f6785af673809468f4781.jpg,table_acropora,0,0,0,1.0,1.0,,
GPAB4583_jpg.rf.d0f6ee6e27b8aac8b47085b723d6e97c.jpg,branching_acropora,0,0,0,1.0,1.0,,
GPAB4583_jpg.rf.d0f6ee6e27b8aac8b47085b723d6e97c.jpg,finger_acropora,62648,1420,1720,0.9522709308688515,0.9755520259117382,0.9778360491977274,0.973278647775292
GPAB4583_jpg.rf.d0f6ee6e27b8aac8b47085b723d6e97c.jpg,finger_porites,0,0,29812,0.0,0.0,,0.0
GPAB4583_jpg.rf.d0f6ee6e27b8aac8b47085b723d6e97c.jpg,knob_porites,0,0,0,1.0,1.0,,
GPAB4583_jpg.rf.d0f6ee6e27b8aac8b47085b723d6e97c.jpg,mounding_,44327,6380,6770,0.7712128329592707,0.8708302227810302,0.8741791074210661,0.867506898643756
GPAB4583_jpg.rf.d0f6ee6e27b8aac8b47085b723d6e97c.jpg,oddball,0,0,0,1.0,1.0,,
GPAB4583_jpg.rf.d0f6ee6e27b8aac8b47085b723d6e97c.jpg,pocillopora_,23546,739,4551,0.816548758496324,0.8990111106868772,0.9695696932262714,0.8380254119656902
GPAB4583_jpg.rf.d0f6ee6e27b8aac8b47085b723d6e97c.jpg,table_acropora,0,0,0,1.0,1.0,,
GPAB4584_jpg.rf.5e0c84dd7c16e04e3c9c949fcb14098e.jpg,branching_acropora,0,0,0,1.0,1.0,,
GPAB4584_jpg.rf.5e0c84dd7c16e04e3c9c949fcb14098e.jpg,finger_acropora,157281,4901,3782,0.947681424887325,0.9731380222431901,0.9697808634743683,0.9765185051812024
GPAB4584_jpg.rf.5e0c84dd7c16e04e3c9c949fcb14098e.jpg,finger_porites,0,0,0,1.0,1.0,,
GPAB4584_jpg.rf.5e0c84dd7c16e04e3c9c949fcb14098e.jpg,knob_porites,0,0,0,1.0,1.0,,
GPAB4584_jpg.rf.5e0c84dd7c16e04e3c9c949fcb14098e.jpg,mounding_,4343,75,21422,0.16807275541795666,0.2877778882152205,0.9830239927569036,0.16856200271686397
GPAB4584_jpg.rf.5e0c84dd7c16e04e3c9c949fcb14098e.jpg,oddball,0,0,0,1.0,1.0,,
GPAB4584_jpg.rf.5e0c84dd7c16e04e3c9c949fcb14098e.jpg,pocillopora_,0,0,0,1.0,1.0,,
GPAB4584_jpg.rf.5e0c84dd7c16e04e3c9c949fcb14098e.jpg,table_acropora,271553,4614,776,0.9805375113290461,0.9901731279717628,0.9832927178120485,0.9971505054547991
GPAB4585_jpg.rf.db7c05489c86feb0202db4c7dd4a8d2f.jpg,branching_acropora,2901,201950,1308,0.01407166313379479,0.02775279823973979,0.014161512513973571,0.6892373485388453
GPAB4585_jpg.rf.db7c05489c86feb0202db4c7dd4a8d2f.jpg,finger_acropora,16439,51,322,0.9778134665714966,0.9887822922618869,0.9969072164948454,0.9807887357556232
GPAB4585_jpg.rf.db7c05489c86feb0202db4c7dd4a8d2f.jpg,finger_porites,0,0,5415,0.0,0.0,,0.0
GPAB4585_jpg.rf.db7c05489c86feb0202db4c7dd4a8d2f.jpg,knob_porites,0,0,0,1.0,1.0,,
GPAB4585_jpg.rf.db7c05489c86feb0202db4c7dd4a8d2f.jpg,mounding_,8193,328,216243,0.03645156697691801,0.07033916130444674,0.961506865391386,0.036504838795915096
GPAB4585_jpg.rf.db7c05489c86feb0202db4c7dd4a8d2f.jpg,oddball,0,0,0,1.0,1.0,,
GPAB4585_jpg.rf.db7c05489c86feb0202db4c7dd4a8d2f.jpg,pocillopora_,0,0,2632,0.0,0.0,,0.0
GPAB4585_jpg.rf.db7c05489c86feb0202db4c7dd4a8d2f.jpg,table_acropora,0,0,0,1.0,1.0,,
GPAB4591_jpg.rf.5ac7ba27479417886e5a0d0c916ff54a.jpg,branching_acropora,549729,21157,19170,0.9316556394647287,0.9646187658198695,0.9629400615884782,0.9663033332805999
GPAB4591_jpg.rf.5ac7ba27479417886e5a0d0c916ff54a.jpg,finger_acropora,0,0,0,1.0,1.0,,
GPAB4591_jpg.rf.5ac7ba27479417886e5a0d0c916ff54a.jpg,finger_porites,0,0,0,1.0,1.0,,
GPAB4591_jpg.rf.5ac7ba27479417886e5a0d0c916ff54a.jpg,knob_porites,0,0,0,1.0,1.0,,
GPAB4591_jpg.rf.5ac7ba27479417886e5a0d0c916ff54a.jpg,mounding_,0,0,0,1.0,1.0,,
GPAB4591_jpg.rf.5ac7ba27479417886e5a0d0c916ff54a.jpg,oddball,0,0,0,1.0,1.0,,
GPAB4591_jpg.rf.5ac7ba27479417886e5a0d0c916ff54a.jpg,pocillopora_,0,0,0,1.0,1.0,,
GPAB4591_jpg.rf.5ac7ba27479417886e5a0d0c916ff54a.jpg,table_acropora,0,0,0,1.0,1.0,,
GPAB4592_jpg.rf.974ab00ec7fa04dcc551ce9db859dc81.jpg,branching_acropora,98641,516,200207,0.3295018773132374,0.49567718998505045,0.9947961313875975,0.3300708052253989
GPAB4592_jpg.rf.974ab00ec7fa04dcc551ce9db859dc81.jpg,finger_acropora,0,0,0,1.0,1.0,,
GPAB4592_jpg.rf.974ab00ec7fa04dcc551ce9db859dc81.jpg,finger_porites,0,0,0,1.0,1.0,,
GPAB4592_jpg.rf.974ab00ec7fa04dcc551ce9db859dc81.jpg,knob_porites,0,0,0,1.0,1.0,,
GPAB4592_jpg.rf.974ab00ec7fa04dcc551ce9db859dc81.jpg,mounding_,0,0,0,1.0,1.0,,
GPAB4592_jpg.rf.974ab00ec7fa04dcc551ce9db859dc81.jpg,oddball,0,0,0,1.0,1.0,,
GPAB4592_jpg.rf.974ab00ec7fa04dcc551ce9db859dc81.jpg,pocillopora_,0,0,53,0.0,0.0,,0.0
GPAB4592_jpg.rf.974ab00ec7fa04dcc551ce9db859dc81.jpg,table_acropora,0,0,0,1.0,1.0,,
GPAB4600_jpg.rf.7e83c163f416736020b735d0bfeee1b3.jpg,branching_acropora,0,0,0,1.0,1.0,,
GPAB4600_jpg.rf.7e83c163f416736020b735d0bfeee1b3.jpg,finger_acropora,0,10929,0,0.0,0.0,0.0,
GPAB4600_jpg.rf.7e83c163f416736020b735d0bfeee1b3.jpg,finger_porites,0,0,9652,0.0,0.0,,0.0
GPAB4600_jpg.rf.7e83c163f416736020b735d0bfeee1b3.jpg,knob_porites,0,0,0,1.0,1.0,,
GPAB4600_jpg.rf.7e83c163f416736020b735d0bfeee1b3.jpg,mounding_,0,0,3313,0.0,0.0,,0.0
GPAB4600_jpg.rf.7e83c163f416736020b735d0bfeee1b3.jpg,oddball,0,0,0,1.0,1.0,,
GPAB4600_jpg.rf.7e83c163f416736020b735d0bfeee1b3.jpg,pocillopora_,7401,462,1298,0.8078812356729614,0.8937326409853883,0.9412438000763067,0.8507874468329693
GPAB4600_jpg.rf.7e83c163f416736020b735d0bfeee1b3.jpg,table_acropora,256009,1201,1492,0.9895903394639392,0.9947679377359334,0.9953306636600443,0.9942058477442806
GPAB4602_jpg.rf.7bef0784627890ce0bfb4278c99e4f5f.jpg,branching_acropora,0,0,0,1.0,1.0,,
GPAB4602_jpg.rf.7bef0784627890ce0bfb4278c99e4f5f.jpg,finger_acropora,19249,2032,667,0.8770275195917624,0.9344855207903489,0.904515765236596,0.9665093392247439
GPAB4602_jpg.rf.7bef0784627890ce0bfb4278c99e4f5f.jpg,finger_porites,0,0,0,1.0,1.0,,
GPAB4602_jpg.rf.7bef0784627890ce0bfb4278c99e4f5f.jpg,knob_porites,0,0,0,1.0,1.0,,
GPAB4602_jpg.rf.7bef0784627890ce0bfb4278c99e4f5f.jpg,mounding_,0,0,0,1.0,1.0,,
GPAB4602_jpg.rf.7bef0784627890ce0bfb4278c99e4f5f.jpg,oddball,0,0,0,1.0,1.0,,
GPAB4602_jpg.rf.7bef0784627890ce0bfb4278c99e4f5f.jpg,pocillopora_,0,0,1826,0.0,0.0,,0.0
GPAB4602_jpg.rf.7bef0784627890ce0bfb4278c99e4f5f.jpg,table_acropora,289051,1221,2110,0.988607369810727,0.9942710510067369,0.9957936004850623,0.9927531503188958
GPAB4619_jpg.rf.e6b9dac7f6f65d310b5114459475f4be.jpg,branching_acropora,3722,379,372,0.8321037335121843,0.9083587553386211,0.9075835162155572,0.9091353199804592
GPAB4619_jpg.rf.e6b9dac7f6f65d310b5114459475f4be.jpg,finger_acropora,55296,2471,17049,0.739093242087254,0.8499754058042303,0.9572247130714768,0.7643375492432096
GPAB4619_jpg.rf.e6b9dac7f6f65d310b5114459475f4be.jpg,finger_porites,0,0,1558,0.0,0.0,,0.0
GPAB4619_jpg.rf.e6b9dac7f6f65d310b5114459475f4be.jpg,knob_porites,0,0,0,1.0,1.0,,
GPAB4619_jpg.rf.e6b9dac7f6f65d310b5114459475f4be.jpg,mounding_,4872,3339,1497,0.5018541409147095,0.6683127572016461,0.5933503836317136,0.7649552520018841
GPAB4619_jpg.rf.e6b9dac7f6f65d310b5114459475f4be.jpg,oddball,0,0,0,1.0,1.0,,
GPAB4619_jpg.rf.e6b9dac7f6f65d310b5114459475f4be.jpg,pocillopora_,5018,3262,9761,0.2781442270384125,0.435231363025283,0.6060386473429952,0.3395358278638609
GPAB4619_jpg.rf.e6b9dac7f6f65d310b5114459475f4be.jpg,table_acropora,0,16581,0,0.0,0.0,0.0,
GPAB4624_jpg.rf.171cc1916947444aa4cda7c4944883bc.jpg,branching_acropora,549024,15633,10508,0.9545504333539071,0.9767467925766931,0.9723141659449897,0.9812200195877984
GPAB4624_jpg.rf.171cc1916947444aa4cda7c4944883bc.jpg,finger_acropora,24422,1691,906,0.9038824530885673,0.9495149783246827,0.9352429824225481,0.964229311433986
GPAB4624_jpg.rf.171cc1916947444aa4cda7c4944883bc.jpg,finger_porites,0,0,0,1.0,1.0,,
GPAB4624_jpg.rf.171cc1916947444aa4cda7c4944883bc.jpg,knob_porites,0,0,0,1.0,1.0,,
GPAB4624_jpg.rf.171cc1916947444aa4cda7c4944883bc.jpg,mounding_,0,0,0,1.0,1.0,,
GPAB4624_jpg.rf.171cc1916947444aa4cda7c4944883bc.jpg,oddball,0,2248,0,0.0,0.0,0.0,
GPAB4624_jpg.rf.171cc1916947444aa4cda7c4944883bc.jpg,pocillopora_,904,116,2863,0.2328096832346124,0.3776895759348235,0.8862745098039215,0.23997876294133264
GPAB4624_jpg.rf.171cc1916947444aa4cda7c4944883bc.jpg,table_acropora,0,0,0,1.0,1.0,,
GPAB4627_jpg.rf.2fb7bd47296ae69f79ff5f44a291d51e.jpg,branching_acropora,0,0,0,1.0,1.0,,
GPAB4627_jpg.rf.2fb7bd47296ae69f79ff5f44a291d51e.jpg,finger_acropora,0,0,0,1.0,1.0,,
GPAB4627_jpg.rf.2fb7bd47296ae69f79ff5f44a291d51e.jpg,finger_porites,0,0,0,1.0,1.0,,
GPAB4627_jpg.rf.2fb7bd47296ae69f79ff5f44a291d51e.jpg,knob_porites,0,0,0,1.0,1.0,,
GPAB4627_jpg.rf.2fb7bd47296ae69f79ff5f44a291d51e.jpg,mounding_,0,1076,0,0.0,0.0,0.0,
GPAB4627_jpg.rf.2fb7bd47296ae69f79ff5f44a291d51e.jpg,oddball,0,0,1641,0.0,0.0,,0.0
GPAB4627_jpg.rf.2fb7bd47296ae69f79ff5f44a291d51e.jpg,pocillopora_,53101,2155,7668,0.843891043163181,0.9153372118078,0.9609997104386854,0.8738172423439583
GPAB4627_jpg.rf.2fb7bd47296ae69f79ff5f44a291d51e.jpg,table_acropora,0,0,0,1.0,1.0,,
GPAB4628_jpg.rf.8640cf52804df4fb7657188b9a2a88b1.jpg,branching_acropora,97153,1955,123077,0.4372617413416747,0.6084650119935617,0.9802740444767325,0.4411433501339509
GPAB4628_jpg.rf.8640cf52804df4fb7657188b9a2a88b1.jpg,finger_acropora,0,0,0,1.0,1.0,,
GPAB4628_jpg.rf.8640cf52804df4fb7657188b9a2a88b1.jpg,finger_porites,0,0,0,1.0,1.0,,
GPAB4628_jpg.rf.8640cf52804df4fb7657188b9a2a88b1.jpg,knob_porites,0,0,0,1.0,1.0,,
GPAB4628_jpg.rf.8640cf52804df4fb7657188b9a2a88b1.jpg,mounding_,20955,18369,40044,0.2640232839431509,0.41775066535091654,0.5328806835520293,0.3435302218069149
GPAB4628_jpg.rf.8640cf52804df4fb7657188b9a2a88b1.jpg,oddball,0,0,2083,0.0,0.0,,0.0
GPAB4628_jpg.rf.8640cf52804df4fb7657188b9a2a88b1.jpg,pocillopora_,1240,270,29,0.8057179987004548,0.8924073407700611,0.8211920529801324,0.9771473601260835
GPAB4628_jpg.rf.8640cf52804df4fb7657188b9a2a88b1.jpg,table_acropora,0,0,0,1.0,1.0,,
GPAB4630_jpg.rf.fca28b4034a377b0c3e818f7d4f5dc9a.jpg,branching_acropora,0,0,0,1.0,1.0,,
GPAB4630_jpg.rf.fca28b4034a377b0c3e818f7d4f5dc9a.jpg,finger_acropora,9251,1049,1351,0.794009097931508,0.8851784518227921,0.8981553398058253,0.8725712129786832
GPAB4630_jpg.rf.fca28b4034a377b0c3e818f7d4f5dc9a.jpg,finger_porites,0,0,20204,0.0,0.0,,0.0
GPAB4630_jpg.rf.fca28b4034a377b0c3e818f7d4f5dc9a.jpg,knob_porites,0,0,0,1.0,1.0,,
GPAB4630_jpg.rf.fca28b4034a377b0c3e818f7d4f5dc9a.jpg,mounding_,91095,2940,90674,0.4931811660503819,0.6605778016272426,0.9687350454617961,0.5011580632561108
GPAB4630_jpg.rf.fca28b4034a377b0c3e818f7d4f5dc9a.jpg,oddball,0,0,0,1.0,1.0,,
GPAB4630_jpg.rf.fca28b4034a377b0c3e818f7d4f5dc9a.jpg,pocillopora_,0,0,14424,0.0,0.0,,0.0
GPAB4630_jpg.rf.fca28b4034a377b0c3e818f7d4f5dc9a.jpg,table_acropora,0,0,0,1.0,1.0,,
GPAB4631_jpg.rf.dd22940b64b82a91d566f7fa67cb397c.jpg,branching_acropora,0,0,0,1.0,1.0,,
GPAB4631_jpg.rf.dd22940b64b82a91d566f7fa67cb397c.jpg,finger_acropora,78423,34495,13531,0.6201947030027917,0.7655804599945332,0.6945128323207992,0.8528503382125846
GPAB4631_jpg.rf.dd22940b64b82a91d566f7fa67cb397c.jpg,finger_porites,10865,1344,8282,0.5302327851251769,0.6930093124122975,0.8899172741420264,0.5674518201284796
GPAB4631_jpg.rf.dd22940b64b82a91d566f7fa67cb397c.jpg,knob_porites,0,0,0,1.0,1.0,,
GPAB4631_jpg.rf.dd22940b64b82a91d566f7fa67cb397c.jpg,mounding_,1360,1583,7775,0.1268893450270573,0.22520284815366784,0.4621134896364254,0.14887794198139026
GPAB4631_jpg.rf.dd22940b64b82a91d566f7fa67cb397c.jpg,oddball,0,11466,0,0.0,0.0,0.0,
GPAB4631_jpg.rf.dd22940b64b82a91d566f7fa67cb397c.jpg,pocillopora_,8831,785,8110,0.4981947421866185,0.6650600594946718,0.918365224625624,0.5212797355528009
GPAB4631_jpg.rf.dd22940b64b82a91d566f7fa67cb397c.jpg,table_acropora,0,0,0,1.0,1.0,,
GPAB4642_jpg.rf.1bba5d5da6ee6019ae8e15d12fe59034.jpg,branching_acropora,0,0,0,1.0,1.0,,
GPAB4642_jpg.rf.1bba5d5da6ee6019ae8e15d12fe59034.jpg,finger_acropora,189832,10779,1183,0.9407217261167329,0.9694555519807163,0.9462691477536127,0.993806769101903
GPAB4642_jpg.rf.1bba5d5da6ee6019ae8e15d12fe59034.jpg,finger_porites,15377,136,10544,0.5901293318494071,0.7422406719119564,0.9912331592857603,0.5932255700011574
GPAB4642_jpg.rf.1bba5d5da6ee6019ae8e15d12fe59034.jpg,knob_porites,0,0,0,1.0,1.0,,
GPAB4642_jpg.rf.1bba5d5da6ee6019ae8e15d12fe59034.jpg,mounding_,16086,10870,4056,0.5187024377660261,0.6830863306297508,0.5967502596824454,0.7986297289246351
GPAB4642_jpg.rf.1bba5d5da6ee6019ae8e15d12fe59034.jpg,oddball,0,0,0,1.0,1.0,,
GPAB4642_jpg.rf.1bba5d5da6ee6019ae8e15d12fe59034.jpg,pocillopora_,0,0,0,1.0,1.0,,
GPAB4642_jpg.rf.1bba5d5da6ee6019ae8e15d12fe59034.jpg,table_acropora,0,0,0,1.0,1.0,,
GPAB4645_jpg.rf.762770d4b7be019fe6b898a15242bf8d.jpg,branching_acropora,0,0,0,1.0,1.0,,
GPAB4645_jpg.rf.762770d4b7be019fe6b898a15242bf8d.jpg,finger_acropora,269476,3402,10451,0.9511063110376983,0.9749405305668364,0.9875328901560404,0.9626652663015715
GPAB4645_jpg.rf.762770d4b7be019fe6b898a15242bf8d.jpg,finger_porites,26725,1051,3357,0.8584139016477692,0.923813474368281,0.9621615783410138,0.8884050262615517
GPAB4645_jpg.rf.762770d4b7be019fe6b898a15242bf8d.jpg,knob_porites,0,0,0,1.0,1.0,,
GPAB4645_jpg.rf.762770d4b7be019fe6b898a15242bf8d.jpg,mounding_,63171,363,91468,0.4075495800054193,0.579090904924074,0.9942865237510624,0.4085062629737647
GPAB4645_jpg.rf.762770d4b7be019fe6b898a15242bf8d.jpg,oddball,0,0,0,1.0,1.0,,
GPAB4645_jpg.rf.762770d4b7be019fe6b898a15242bf8d.jpg,pocillopora_,18071,901,3533,0.8029771161964008,0.8907235804416404,0.9525089605734767,0.8364654693575264
GPAB4645_jpg.rf.762770d4b7be019fe6b898a15242bf8d.jpg,table_acropora,0,5846,0,0.0,0.0,0.0,
GPAB4651_jpg.rf.7dd43fb9145f7d8fe7e26714948f9c92.jpg,branching_acropora,0,0,0,1.0,1.0,,
GPAB4651_jpg.rf.7dd43fb9145f7d8fe7e26714948f9c92.jpg,finger_acropora,48186,23733,49521,0.3967885375494071,0.5681440345230094,0.6700037542235014,0.4931683502717308
GPAB4651_jpg.rf.7dd43fb9145f7d8fe7e26714948f9c92.jpg,finger_porites,34643,400,1568,0.946245663871514,0.9723804979369579,0.9885854521587764,0.9566982408660352
GPAB4651_jpg.rf.7dd43fb9145f7d8fe7e26714948f9c92.jpg,knob_porites,0,0,0,1.0,1.0,,
GPAB4651_jpg.rf.7dd43fb9145f7d8fe7e26714948f9c92.jpg,mounding_,22533,867,28966,0.43029828514685103,0.6016902762386681,0.962948717948718,0.43754247655294276
GPAB4651_jpg.rf.7dd43fb9145f7d8fe7e26714948f9c92.jpg,oddball,0,0,0,1.0,1.0,,
GPAB4651_jpg.rf.7dd43fb9145f7d8fe7e26714948f9c92.jpg,pocillopora_,0,37894,4950,0.0,0.0,0.0,0.0
GPAB4651_jpg.rf.7dd43fb9145f7d8fe7e26714948f9c92.jpg,table_acropora,0,0,0,1.0,1.0,,
GPAB4652_jpg.rf.c570831734f216ba9352a3381cbcaa47.jpg,branching_acropora,0,0,0,1.0,1.0,,
GPAB4652_jpg.rf.c570831734f216ba9352a3381cbcaa47.jpg,finger_acropora,136930,6387,8622,0.9012169357439499,0.9480421921355355,0.9554344564845761,0.9407634384962076
GPAB4652_jpg.rf.c570831734f216ba9352a3381cbcaa47.jpg,finger_porites,0,0,21131,0.0,0.0,,0.0
GPAB4652_jpg.rf.c570831734f216ba9352a3381cbcaa47.jpg,knob_porites,0,0,0,1.0,1.0,,
GPAB4652_jpg.rf.c570831734f216ba9352a3381cbcaa47.jpg,mounding_,0,11615,0,0.0,0.0,0.0,
GPAB4652_jpg.rf.c570831734f216ba9352a3381cbcaa47.jpg,oddball,0,0,0,1.0,1.0,,
GPAB4652_jpg.rf.c570831734f216ba9352a3381cbcaa47.jpg,pocillopora_,59837,2230,1579,0.9401533482072715,0.9691536486803851,0.9640710844732305,0.9742900872736746
GPAB4652_jpg.rf.c570831734f216ba9352a3381cbcaa47.jpg,table_acropora,0,0,0,1.0,1.0,,
GPAB4656_jpg.rf.b71458af3c7814bcf5bbb13b2e7898b2.jpg,branching_acropora,0,0,0,1.0,1.0,,
GPAB4656_jpg.rf.b71458af3c7814bcf5bbb13b2e7898b2.jpg,finger_acropora,106507,1490,28648,0.779443082439899,0.8760528393761927,0.9862033204626054,0.7880359587140691
GPAB4656_jpg.rf.b71458af3c7814bcf5bbb13b2e7898b2.jpg,finger_porites,0,0,0,1.0,1.0,,
GPAB4656_jpg.rf.b71458af3c7814bcf5bbb13b2e7898b2.jpg,knob_porites,0,0,0,1.0,1.0,,
GPAB4656_jpg.rf.b71458af3c7814bcf5bbb13b2e7898b2.jpg,mounding_,31710,3053,478,0.8998042053290202,0.9472599363713761,0.9121767396369703,0.9851497452466758
GPAB4656_jpg.rf.b71458af3c7814bcf5bbb13b2e7898b2.jpg,oddball,0,0,0,1.0,1.0,,
GPAB4656_jpg.rf.b71458af3c7814bcf5bbb13b2e7898b2.jpg,pocillopora_,11834,1382,96,0.8889723557692307,0.9412232561838861,0.8954297820823245,0.9919530595138307
GPAB4656_jpg.rf.b71458af3c7814bcf5bbb13b2e7898b2.jpg,table_acropora,0,0,0,1.0,1.0,,
GPAB4658_jpg.rf.ded39fa01a4d8cd6a33f7b760137487d.jpg,branching_acropora,0,8283,0,0.0,0.0,0.0,
GPAB4658_jpg.rf.ded39fa01a4d8cd6a33f7b760137487d.jpg,finger_acropora,88979,3177,6552,0.9014365603598492,0.9481636980717897,0.9655258474760189,0.9314149333724131
GPAB4658_jpg.rf.ded39fa01a4d8cd6a33f7b760137487d.jpg,finger_porites,0,23098,0,0.0,0.0,0.0,
GPAB4658_jpg.rf.ded39fa01a4d8cd6a33f7b760137487d.jpg,knob_porites,0,0,0,1.0,1.0,,
GPAB4658_jpg.rf.ded39fa01a4d8cd6a33f7b760137487d.jpg,mounding_,62262,1882,25804,0.6921999377418063,0.818106563300703,0.970659765527563,0.7069924829105444
GPAB4658_jpg.rf.ded39fa01a4d8cd6a33f7b760137487d.jpg,oddball,0,0,0,1.0,1.0,,
GPAB4658_jpg.rf.ded39fa01a4d8cd6a33f7b760137487d.jpg,pocillopora_,7103,538,5152,0.5552255139529431,0.7140128669079212,0.9295903677529119,0.5796001631986945
GPAB4658_jpg.rf.ded39fa01a4d8cd6a33f7b760137487d.jpg,table_acropora,0,0,0,1.0,1.0,,
GPAB4668_jpg.rf.9b64fc78be54147de88dae3e766fc32a.jpg,branching_acropora,0,0,1119,0.0,0.0,,0.0
GPAB4668_jpg.rf.9b64fc78be54147de88dae3e766fc32a.jpg,finger_acropora,109602,50521,13317,0.6319303505535055,0.7744575010069177,0.6844863011559863,0.8916603617016083
GPAB4668_jpg.rf.9b64fc78be54147de88dae3e766fc32a.jpg,finger_porites,0,0,0,1.0,1.0,,
GPAB4668_jpg.rf.9b64fc78be54147de88dae3e766fc32a.jpg,knob_porites,0,0,0,1.0,1.0,,
GPAB4668_jpg.rf.9b64fc78be54147de88dae3e766fc32a.jpg,mounding_,11191,41246,24007,0.1463947464810842,0.2554002396302847,0.21341800636954822,0.3179442013750781
GPAB4668_jpg.rf.9b64fc78be54147de88dae3e766fc32a.jpg,oddball,0,0,0,1.0,1.0,,
GPAB4668_jpg.rf.9b64fc78be54147de88dae3e766fc32a.jpg,pocillopora_,0,0,337,0.0,0.0,,0.0
GPAB4668_jpg.rf.9b64fc78be54147de88dae3e766fc32a.jpg,table_acropora,22957,711,59453,0.27618772632668037,0.4328324440506043,0.9699594389048505,0.2785705618250212
GPAB4697_jpg.rf.292fd9e107fea3d55c9bfd096212d60c.jpg,branching_acropora,0,0,0,1.0,1.0,,
GPAB4697_jpg.rf.292fd9e107fea3d55c9bfd096212d60c.jpg,finger_acropora,153906,101241,54746,0.4966423894699138,0.6636754283644424,0.6032052111135934,0.7376205356287023
GPAB4697_jpg.rf.292fd9e107fea3d55c9bfd096212d60c.jpg,finger_porites,3302,15,3901,0.457467442504849,0.6277566539923954,0.9954778414229726,0.4584201027349715
GPAB4697_jpg.rf.292fd9e107fea3d55c9bfd096212d60c.jpg,knob_porites,0,13853,0,0.0,0.0,0.0,
GPAB4697_jpg.rf.292fd9e107fea3d55c9bfd096212d60c.jpg,mounding_,1587,1305,2162,0.314008705975465,0.4779400692666767,0.5487551867219918,0.4233128834355828
GPAB4697_jpg.rf.292fd9e107fea3d55c9bfd096212d60c.jpg,oddball,5202,1,463,0.9181080127073773,0.9573058520426941,0.999807803190467,0.918270079435128
GPAB4697_jpg.rf.292fd9e107fea3d55c9bfd096212d60c.jpg,pocillopora_,0,0,0,1.0,1.0,,
GPAB4697_jpg.rf.292fd9e107fea3d55c9bfd096212d60c.jpg,table_acropora,126214,4224,10065,0.8983011038910201,0.946426362024168,0.96761679878563,0.9261441601420615
GPAB4698_jpg.rf.25243bc4c2c864ddaa33e789c26e180e.jpg,branching_acropora,0,0,0,1.0,1.0,,
GPAB4698_jpg.rf.25243bc4c2c864ddaa33e789c26e180e.jpg,finger_acropora,526212,76610,39799,0.8188527919255674,0.9004057893642633,0.8729143926399501,0.9296851121267962
GPAB4698_jpg.rf.25243bc4c2c864ddaa33e789c26e180e.jpg,finger_porites,0,0,0,1.0,1.0,,
GPAB4698_jpg.rf.25243bc4c2c864ddaa33e789c26e180e.jpg,knob_porites,0,0,0,1.0,1.0,,
GPAB4698_jpg.rf.25243bc4c2c864ddaa33e789c26e180e.jpg,mounding_,0,0,0,1.0,1.0,,
GPAB4698_jpg.rf.25243bc4c2c864ddaa33e789c26e180e.jpg,oddball,0,0,0,1.0,1.0,,
GPAB4698_jpg.rf.25243bc4c2c864ddaa33e789c26e180e.jpg,pocillopora_,0,0,0,1.0,1.0,,
GPAB4698_jpg.rf.25243bc4c2c864ddaa33e789c26e180e.jpg,table_acropora,0,0,0,1.0,1.0,,
GPAB4699_jpg.rf.0d6e76c517269db09ec4782f5dacd29b.jpg,branching_acropora,26738,4180,3673,0.7729756294990027,0.8719529097164473,0.8648036742350734,0.8792213343855841
GPAB4699_jpg.rf.0d6e76c517269db09ec4782f5dacd29b.jpg,finger_acropora,191747,9788,5777,0.9249199274523424,0.9609957424841941,0.9514327536159972,0.9707529211640105
GPAB4699_jpg.rf.0d6e76c517269db09ec4782f5dacd29b.jpg,finger_porites,3884,865,114,0.7986839399547604,0.8880759117411684,0.8178563908191198,0.9714857428714357
GPAB4699_jpg.rf.0d6e76c517269db09ec4782f5dacd29b.jpg,knob_porites,0,0,0,1.0,1.0,,
GPAB4699_jpg.rf.0d6e76c517269db09ec4782f5dacd29b.jpg,mounding_,49139,4675,6331,0.8170088951700059,0.899289923502068,0.9131266956554056,0.8858662340003606
GPAB4699_jpg.rf.0d6e76c517269db09ec4782f5dacd29b.jpg,oddball,1329,77,1038,0.5437806873977087,0.7044791942751126,0.9452347083926032,0.5614702154626109
GPAB4699_jpg.rf.0d6e76c517269db09ec4782f5dacd29b.jpg,pocillopora_,0,0,0,1.0,1.0,,
GPAB4699_jpg.rf.0d6e76c517269db09ec4782f5dacd29b.jpg,table_acropora,14628,11011,260,0.5648094521023977,0.7218891109630616,0.5705370724287219,0.9825362708221387
GPAB4700_jpg.rf.d8e12fbb64685ee6cd74a619a0073d75.jpg,branching_acropora,0,0,0,1.0,1.0,,
GPAB4700_jpg.rf.d8e12fbb64685ee6cd74a619a0073d75.jpg,finger_acropora,13442,1214,163,0.9070787502530535,0.9512756094971869,0.9171670305676856,0.9880191106210952
GPAB4700_jpg.rf.d8e12fbb64685ee6cd74a619a0073d75.jpg,finger_porites,0,0,0,1.0,1.0,,
GPAB4700_jpg.rf.d8e12fbb64685ee6cd74a619a0073d75.jpg,knob_porites,0,0,0,1.0,1.0,,
GPAB4700_jpg.rf.d8e12fbb64685ee6cd74a619a0073d75.jpg,mounding_,1512,274,1,0.8461108002238389,0.9166414064868141,0.8465845464725644,0.9993390614672836
GPAB4700_jpg.rf.d8e12fbb64685ee6cd74a619a0073d75.jpg,oddball,0,0,0,1.0,1.0,,
GPAB4700_jpg.rf.d8e12fbb64685ee6cd74a619a0073d75.jpg,pocillopora_,0,0,0,1.0,1.0,,
GPAB4700_jpg.rf.d8e12fbb64685ee6cd74a619a0073d75.jpg,table_acropora,0,0,0,1.0,1.0,,
GPAB4701_jpg.rf.a45eb667fac3084a3428071bc71fd11e.jpg,branching_acropora,0,0,0,1.0,1.0,,
GPAB4701_jpg.rf.a45eb667fac3084a3428071bc71fd11e.jpg,finger_acropora,114880,10435,21761,0.781092768364655,0.8770938630915116,0.916729840801181,0.8407432615393623
GPAB4701_jpg.rf.a45eb667fac3084a3428071bc71fd11e.jpg,finger_porites,0,0,0,1.0,1.0,,
GPAB4701_jpg.rf.a45eb667fac3084a3428071bc71fd11e.jpg,knob_porites,0,5663,0,0.0,0.0,0.0,
GPAB4701_jpg.rf.a45eb667fac3084a3428071bc71fd11e.jpg,mounding_,0,20062,1211,0.0,0.0,0.0,0.0
GPAB4701_jpg.rf.a45eb667fac3084a3428071bc71fd11e.jpg,oddball,0,0,0,1.0,1.0,,
GPAB4701_jpg.rf.a45eb667fac3084a3428071bc71fd11e.jpg,pocillopora_,2672,275,23,0.8996632996632996,0.9471818504076569,0.9066847641669494,0.9914656771799629
GPAB4701_jpg.rf.a45eb667fac3084a3428071bc71fd11e.jpg,table_acropora,55818,9896,841,0.8386747802569303,0.9122600573655953,0.8494080409045257,0.9851568153338393
GPAB4702_jpg.rf.3378d632b7a7c15b5ace4e81185da950.jpg,branching_acropora,0,0,0,1.0,1.0,,
GPAB4702_jpg.rf.3378d632b7a7c15b5ace4e81185da950.jpg,finger_acropora,186583,57131,24143,0.6965769048410159,0.8211557081242848,0.7655817884897872,0.8854294201949451
GPAB4702_jpg.rf.3378d632b7a7c15b5ace4e81185da950.jpg,finger_porites,0,0,0,1.0,1.0,,
GPAB4702_jpg.rf.3378d632b7a7c15b5ace4e81185da950.jpg,knob_porites,39662,3033,2147,0.8844832969091476,0.93870112657389,0.928961236678768,0.948647420411873
GPAB4702_jpg.rf.3378d632b7a7c15b5ace4e81185da950.jpg,mounding_,3167,87,2317,0.5684796266379465,0.7248798352025635,0.9732636754763369,0.5774981765134938
GPAB4702_jpg.rf.3378d632b7a7c15b5ace4e81185da950.jpg,oddball,0,1030,0,0.0,0.0,0.0,
GPAB4702_jpg.rf.3378d632b7a7c15b5ace4e81185da950.jpg,pocillopora_,2594,64,22799,0.10189731704442787,0.1849488431784963,0.9759217456734387,0.10215413696688064
GPAB4702_jpg.rf.3378d632b7a7c15b5ace4e81185da950.jpg,table_acropora,93029,12451,3761,0.8515941816717166,0.9198497058387304,0.8819586651497914,0.9611426800289286
GPAB4703_jpg.rf.56c9b72e12b4eb872342433fc2f49833.jpg,branching_acropora,31471,1350,86793,0.263104653301453,0.4165999271933018,0.9588677980561227,0.26610802949333695
GPAB4703_jpg.rf.56c9b72e12b4eb872342433fc2f49833.jpg,finger_acropora,463170,25548,26635,0.8987431915599599,0.9466716674007662,0.9477244545934466,0.9456212166066088
GPAB4703_jpg.rf.56c9b72e12b4eb872342433fc2f49833.jpg,finger_porites,0,0,0,1.0,1.0,,
GPAB4703_jpg.rf.56c9b72e12b4eb872342433fc2f49833.jpg,knob_porites,0,0,0,1.0,1.0,,
GPAB4703_jpg.rf.56c9b72e12b4eb872342433fc2f49833.jpg,mounding_,0,0,1794,0.0,0.0,,0.0
GPAB4703_jpg.rf.56c9b72e12b4eb872342433fc2f49833.jpg,oddball,0,0,0,1.0,1.0,,
GPAB4703_jpg.rf.56c9b72e12b4eb872342433fc2f49833.jpg,pocillopora_,0,0,0,1.0,1.0,,
GPAB4703_jpg.rf.56c9b72e12b4eb872342433fc2f49833.jpg,table_acropora,0,0,0,1.0,1.0,,
GPAB4704_jpg.rf.11f2a8e934d7dd311afb0f66af02c859.jpg,branching_acropora,0,0,0,1.0,1.0,,
GPAB4704_jpg.rf.11f2a8e934d7dd311afb0f66af02c859.jpg,finger_acropora,454405,15881,9436,0.9472256848758239,0.9728976895004641,0.9662311869798378,0.9796568220575586
GPAB4704_jpg.rf.11f2a8e934d7dd311afb0f66af02c859.jpg,finger_porites,0,0,1720,0.0,0.0,,0.0
GPAB4704_jpg.rf.11f2a8e934d7dd311afb0f66af02c859.jpg,knob_porites,0,0,0,1.0,1.0,,
GPAB4704_jpg.rf.11f2a8e934d7dd311afb0f66af02c859.jpg,mounding_,0,0,0,1.0,1.0,,
GPAB4704_jpg.rf.11f2a8e934d7dd311afb0f66af02c859.jpg,oddball,0,0,0,1.0,1.0,,
GPAB4704_jpg.rf.11f2a8e934d7dd311afb0f66af02c859.jpg,pocillopora_,3411,3417,187,0.48624376336421954,0.6543257241511605,0.4995606326889279,0.9480266814897165
GPAB4704_jpg.rf.11f2a8e934d7dd311afb0f66af02c859.jpg,table_acropora,0,0,0,1.0,1.0,,
GPAB4705_jpg.rf.b5c44f0c2c4fd0f3946874519ffa0715.jpg,branching_acropora,0,0,0,1.0,1.0,,
GPAB4705_jpg.rf.b5c44f0c2c4fd0f3946874519ffa0715.jpg,finger_acropora,279654,16464,2375,0.9368862921408542,0.967414861618239,0.9444005430267663,0.9915788801860802
GPAB4705_jpg.rf.b5c44f0c2c4fd0f3946874519ffa0715.jpg,finger_porites,0,0,0,1.0,1.0,,
GPAB4705_jpg.rf.b5c44f0c2c4fd0f3946874519ffa0715.jpg,knob_porites,0,0,0,1.0,1.0,,
GPAB4705_jpg.rf.b5c44f0c2c4fd0f3946874519ffa0715.jpg,mounding_,0,0,0,1.0,1.0,,
GPAB4705_jpg.rf.b5c44f0c2c4fd0f3946874519ffa0715.jpg,oddball,0,0,0,1.0,1.0,,
GPAB4705_jpg.rf.b5c44f0c2c4fd0f3946874519ffa0715.jpg,pocillopora_,0,10542,0,0.0,0.0,0.0,
GPAB4705_jpg.rf.b5c44f0c2c4fd0f3946874519ffa0715.jpg,table_acropora,0,0,0,1.0,1.0,,
GPAB4706_jpg.rf.db3d09671ba54781fdfb79212c4a7024.jpg,branching_acropora,0,0,0,1.0,1.0,,
GPAB4706_jpg.rf.db3d09671ba54781fdfb79212c4a7024.jpg,finger_acropora,19573,95,1591,0.920692412625241,0.958708855799373,0.9951698189953223,0.9248251748251748
GPAB4706_jpg.rf.db3d09671ba54781fdfb79212c4a7024.jpg,finger_porites,0,0,0,1.0,1.0,,
GPAB4706_jpg.rf.db3d09671ba54781fdfb79212c4a7024.jpg,knob_porites,0,0,0,1.0,1.0,,
GPAB4706_jpg.rf.db3d09671ba54781fdfb79212c4a7024.jpg,mounding_,0,0,0,1.0,1.0,,
GPAB4706_jpg.rf.db3d09671ba54781fdfb79212c4a7024.jpg,oddball,0,0,0,1.0,1.0,,
GPAB4706_jpg.rf.db3d09671ba54781fdfb79212c4a7024.jpg,pocillopora_,0,18310,0,0.0,0.0,0.0,
GPAB4706_jpg.rf.db3d09671ba54781fdfb79212c4a7024.jpg,table_acropora,0,0,0,1.0,1.0,,
GPAB4707_jpg.rf.4f386fdf457538f6c9b6d6e80216f6bf.jpg,branching_acropora,0,0,0,1.0,1.0,,
GPAB4707_jpg.rf.4f386fdf457538f6c9b6d6e80216f6bf.jpg,finger_acropora,56413,8541,12592,0.7274778840946019,0.8422427757746773,0.8685069433753118,0.8175204695311934
GPAB4707_jpg.rf.4f386fdf457538f6c9b6d6e80216f6bf.jpg,finger_porites,0,3796,0,0.0,0.0,0.0,
GPAB4707_jpg.rf.4f386fdf457538f6c9b6d6e80216f6bf.jpg,knob_porites,0,0,0,1.0,1.0,,
GPAB4707_jpg.rf.4f386fdf457538f6c9b6d6e80216f6bf.jpg,mounding_,0,0,0,1.0,1.0,,
GPAB4707_jpg.rf.4f386fdf457538f6c9b6d6e80216f6bf.jpg,oddball,0,0,0,1.0,1.0,,
GPAB4707_jpg.rf.4f386fdf457538f6c9b6d6e80216f6bf.jpg,pocillopora_,25632,1264,4592,0.8140243902439024,0.8974789915966387,0.9530041641879834,0.8480677607199576
GPAB4707_jpg.rf.4f386fdf457538f6c9b6d6e80216f6bf.jpg,table_acropora,0,0,0,1.0,1.0,,
GPAB4708_jpg.rf.f81a35c268be55c24fc983549b70edb4.jpg,branching_acropora,38955,912,3526,0.8977254395870302,0.9461067664059843,0.977123937090827,0.9169981874249664
GPAB4708_jpg.rf.f81a35c268be55c24fc983549b70edb4.jpg,finger_acropora,590733,23707,66429,0.8676162374847438,0.9291161857247787,0.9614168999414101,0.8989153359445616
GPAB4708_jpg.rf.f81a35c268be55c24fc983549b70edb4.jpg,finger_porites,0,0,0,1.0,1.0,,
GPAB4708_jpg.rf.f81a35c268be55c24fc983549b70edb4.jpg,knob_porites,0,0,0,1.0,1.0,,
GPAB4708_jpg.rf.f81a35c268be55c24fc983549b70edb4.jpg,mounding_,0,1241,0,0.0,0.0,0.0,
GPAB4708_jpg.rf.f81a35c268be55c24fc983549b70edb4.jpg,oddball,0,0,0,1.0,1.0,,
GPAB4708_jpg.rf.f81a35c268be55c24fc983549b70edb4.jpg,pocillopora_,0,0,0,1.0,1.0,,
GPAB4708_jpg.rf.f81a35c268be55c24fc983549b70edb4.jpg,table_acropora,0,0,0,1.0,1.0,,
GPAB4709_jpg.rf.55c440d6a547649c3349d6a494e9b1d9.jpg,branching_acropora,0,0,0,1.0,1.0,,
GPAB4709_jpg.rf.55c440d6a547649c3349d6a494e9b1d9.jpg,finger_acropora,378663,16370,56115,0.8393321038772199,0.9126487838797027,0.9585604240658375,0.8709341319017981
GPAB4709_jpg.rf.55c440d6a547649c3349d6a494e9b1d9.jpg,finger_porites,0,0,0,1.0,1.0,,
GPAB4709_jpg.rf.55c440d6a547649c3349d6a494e9b1d9.jpg,knob_porites,0,0,0,1.0,1.0,,
GPAB4709_jpg.rf.55c440d6a547649c3349d6a494e9b1d9.jpg,mounding_,0,0,0,1.0,1.0,,
GPAB4709_jpg.rf.55c440d6a547649c3349d6a494e9b1d9.jpg,oddball,0,0,0,1.0,1.0,,
GPAB4709_jpg.rf.55c440d6a547649c3349d6a494e9b1d9.jpg,pocillopora_,5696,23137,262,0.19577246949647706,0.3274410048575781,0.19755141677938473,0.9560255119167506
GPAB4709_jpg.rf.55c440d6a547649c3349d6a494e9b1d9.jpg,table_acropora,0,0,0,1.0,1.0,,
GPAB4710_jpg.rf.890e10b24cc2fb0897115284e8c07d37.jpg,branching_acropora,0,0,0,1.0,1.0,,
GPAB4710_jpg.rf.890e10b24cc2fb0897115284e8c07d37.jpg,finger_acropora,45590,1062,338,0.9702064268993403,0.9848779434003024,0.9772357026494041,0.9926406549381641
GPAB4710_jpg.rf.890e10b24cc2fb0897115284e8c07d37.jpg,finger_porites,0,0,0,1.0,1.0,,
GPAB4710_jpg.rf.890e10b24cc2fb0897115284e8c07d37.jpg,knob_porites,0,0,0,1.0,1.0,,
GPAB4710_jpg.rf.890e10b24cc2fb0897115284e8c07d37.jpg,mounding_,0,0,0,1.0,1.0,,
GPAB4710_jpg.rf.890e10b24cc2fb0897115284e8c07d37.jpg,oddball,0,0,0,1.0,1.0,,
GPAB4710_jpg.rf.890e10b24cc2fb0897115284e8c07d37.jpg,pocillopora_,39212,2395,5424,0.8337479534774935,0.9093375694259245,0.9424375706011008,0.8784837351017116
GPAB4710_jpg.rf.890e10b24cc2fb0897115284e8c07d37.jpg,table_acropora,0,0,0,1.0,1.0,,
GPAB4711_jpg.rf.b6e1309af2162be1be770f3a1a6067f3.jpg,branching_acropora,0,0,0,1.0,1.0,,
GPAB4711_jpg.rf.b6e1309af2162be1be770f3a1a6067f3.jpg,finger_acropora,742907,19742,28572,0.9389374144518409,0.9685071910557659,0.9741139108554525,0.9629646432372106
GPAB4711_jpg.rf.b6e1309af2162be1be770f3a1a6067f3.jpg,finger_porites,0,0,0,1.0,1.0,,
GPAB4711_jpg.rf.b6e1309af2162be1be770f3a1a6067f3.jpg,knob_porites,0,0,0,1.0,1.0,,
GPAB4711_jpg.rf.b6e1309af2162be1be770f3a1a6067f3.jpg,mounding_,4637,36,40912,0.10172205769441703,0.18466010911552705,0.9922961694842714,0.10180245449954993
GPAB4711_jpg.rf.b6e1309af2162be1be770f3a1a6067f3.jpg,oddball,0,0,0,1.0,1.0,,
GPAB4711_jpg.rf.b6e1309af2162be1be770f3a1a6067f3.jpg,pocillopora_,0,37867,0,0.0,0.0,0.0,
GPAB4711_jpg.rf.b6e1309af2162be1be770f3a1a6067f3.jpg,table_acropora,0,0,0,1.0,1.0,,
GPAB4712_jpg.rf.d172da199d968dc3df9ea841e06c5823.jpg,branching_acropora,0,0,0,1.0,1.0,,
GPAB4712_jpg.rf.d172da199d968dc3df9ea841e06c5823.jpg,finger_acropora,102462,6626,22071,0.781204492257489,0.8771642960179094,0.9392600469345849,0.8227698682276987
GPAB4712_jpg.rf.d172da199d968dc3df9ea841e06c5823.jpg,finger_porites,0,0,0,1.0,1.0,,
GPAB4712_jpg.rf.d172da199d968dc3df9ea841e06c5823.jpg,knob_porites,28615,803,60601,0.31787733700663195,0.48240807862838647,0.972703786797199,0.3207384325681492
GPAB4712_jpg.rf.d172da199d968dc3df9ea841e06c5823.jpg,mounding_,25313,2336,18767,0.5453507411237505,0.7057954244447853,0.9155123150927701,0.5742513611615245
GPAB4712_jpg.rf.d172da199d968dc3df9ea841e06c5823.jpg,oddball,0,0,3914,0.0,0.0,,0.0
GPAB4712_jpg.rf.d172da199d968dc3df9ea841e06c5823.jpg,pocillopora_,0,1124,0,0.0,0.0,0.0,
GPAB4712_jpg.rf.d172da199d968dc3df9ea841e06c5823.jpg,table_acropora,0,15068,0,0.0,0.0,0.0,
GPAB4713_jpg.rf.81b91a34b07ea0531234410f109193ef.jpg,branching_acropora,0,0,0,1.0,1.0,,
GPAB4713_jpg.rf.81b91a34b07ea0531234410f109193ef.jpg,finger_acropora,15981,199846,16649,0.06874257987921334,0.12864197829000593,0.07404541600448507,0.48976402083971804
GPAB4713_jpg.rf.81b91a34b07ea0531234410f109193ef.jpg,finger_porites,0,49423,0,0.0,0.0,0.0,
GPAB4713_jpg.rf.81b91a34b07ea0531234410f109193ef.jpg,knob_porites,25332,9483,176046,0.1201360137721058,0.21450254664617496,0.7276174062903921,0.12579328427137026
GPAB4713_jpg.rf.81b91a34b07ea0531234410f109193ef.jpg,mounding_,15889,11186,222256,0.06372653220016765,0.119817509991705,0.5868513388734995,0.06671985555019001
GPAB4713_jpg.rf.81b91a34b07ea0531234410f109193ef.jpg,oddball,0,0,0,1.0,1.0,,
GPAB4713_jpg.rf.81b91a34b07ea0531234410f109193ef.jpg,pocillopora_,0,0,0,1.0,1.0,,
GPAB4713_jpg.rf.81b91a34b07ea0531234410f109193ef.jpg,table_acropora,0,0,0,1.0,1.0,,
GPAB4716_jpg.rf.fdcbb2188944973f7e718fc2ef62b363.jpg,branching_acropora,0,16021,0,0.0,0.0,0.0,
GPAB4716_jpg.rf.fdcbb2188944973f7e718fc2ef62b363.jpg,finger_acropora,3119,252,4341,0.40443464730290457,0.5759394331086696,0.9252447345001483,0.4180965147453083
GPAB4716_jpg.rf.fdcbb2188944973f7e718fc2ef62b363.jpg,finger_porites,274059,11426,34067,0.8576350640897256,0.923362269230186,0.9599768814473615,0.8894380870163504
GPAB4716_jpg.rf.fdcbb2188944973f7e718fc2ef62b363.jpg,knob_porites,52215,25595,16948,0.5510352687899702,0.7105386703680268,0.6710577046652101,0.7549556843977271
GPAB4716_jpg.rf.fdcbb2188944973f7e718fc2ef62b363.jpg,mounding_,14928,4351,17569,0.4051237516283109,0.57663782447466,0.7743140204367447,0.4593654798904514
GPAB4716_jpg.rf.fdcbb2188944973f7e718fc2ef62b363.jpg,oddball,0,2090,0,0.0,0.0,0.0,
GPAB4716_jpg.rf.fdcbb2188944973f7e718fc2ef62b363.jpg,pocillopora_,0,0,0,1.0,1.0,,
GPAB4716_jpg.rf.fdcbb2188944973f7e718fc2ef62b363.jpg,table_acropora,0,0,0,1.0,1.0,,
GPAB4717_jpg.rf.127dd27685f604288918bf70319f14a7.jpg,branching_acropora,0,14887,1578,0.0,0.0,0.0,0.0
GPAB4717_jpg.rf.127dd27685f604288918bf70319f14a7.jpg,finger_acropora,2519,177,3998,0.37630714072303556,0.5468359926191252,0.9343471810089021,0.38652754334816636
GPAB4717_jpg.rf.127dd27685f604288918bf70319f14a7.jpg,finger_porites,12300,6911,68417,0.14036609302962524,0.24617724761828516,0.6402581854146062,0.15238425610466197
GPAB4717_jpg.rf.127dd27685f604288918bf70319f14a7.jpg,knob_porites,107498,48126,39539,0.550811373057393,0.7103525065997932,0.690754639387241,0.7310948944823412
GPAB4717_jpg.rf.127dd27685f604288918bf70319f14a7.jpg,mounding_,5326,7009,33223,0.11690592212125203,0.20933888845216572,0.43177948925820836,0.13816182002127164
GPAB4717_jpg.rf.127dd27685f604288918bf70319f14a7.jpg,oddball,0,18268,0,0.0,0.0,0.0,
GPAB4717_jpg.rf.127dd27685f604288918bf70319f14a7.jpg,pocillopora_,0,0,0,1.0,1.0,,
GPAB4717_jpg.rf.127dd27685f604288918bf70319f14a7.jpg,table_acropora,0,8420,0,0.0,0.0,0.0,
GPAB4726_jpg.rf.ec6edd51400a4877a682ec239940f715.jpg,branching_acropora,0,9227,0,0.0,0.0,0.0,
GPAB4726_jpg.rf.ec6edd51400a4877a682ec239940f715.jpg,finger_acropora,0,0,711,0.0,0.0,,0.0
GPAB4726_jpg.rf.ec6edd51400a4877a682ec239940f715.jpg,finger_porites,1820,24455,36438,0.029021096104475945,0.05640525002711791,0.069267364414843,0.04757174969940928
GPAB4726_jpg.rf.ec6edd51400a4877a682ec239940f715.jpg,knob_porites,144711,58113,68876,0.5326131762973868,0.6950392760998149,0.7134806531771388,0.6775271903252539
GPAB4726_jpg.rf.ec6edd51400a4877a682ec239940f715.jpg,mounding_,940,188,7415,0.11003160482266183,0.1982494991036592,0.8333333333333334,0.11250748055056853
GPAB4726_jpg.rf.ec6edd51400a4877a682ec239940f715.jpg,oddball,0,1739,0,0.0,0.0,0.0,
GPAB4726_jpg.rf.ec6edd51400a4877a682ec239940f715.jpg,pocillopora_,0,0,0,1.0,1.0,,
GPAB4726_jpg.rf.ec6edd51400a4877a682ec239940f715.jpg,table_acropora,0,0,0,1.0,1.0,,
GPAB4735_jpg.rf.7389747fa8cc09c069ff4b2f3556899a.jpg,branching_acropora,0,0,0,1.0,1.0,,
GPAB4735_jpg.rf.7389747fa8cc09c069ff4b2f3556899a.jpg,finger_acropora,0,0,0,1.0,1.0,,
GPAB4735_jpg.rf.7389747fa8cc09c069ff4b2f3556899a.jpg,finger_porites,0,0,3506,0.0,0.0,,0.0
GPAB4735_jpg.rf.7389747fa8cc09c069ff4b2f3556899a.jpg,knob_porites,9621,4959,84,0.6560965630114566,0.7923409512044471,0.6598765432098765,0.9913446676970634
GPAB4735_jpg.rf.7389747fa8cc09c069ff4b2f3556899a.jpg,mounding_,0,0,533,0.0,0.0,,0.0
GPAB4735_jpg.rf.7389747fa8cc09c069ff4b2f3556899a.jpg,oddball,4468,168,50,0.953478446436193,0.9761852741970724,0.9637618636755824,0.9889331562638336
GPAB4735_jpg.rf.7389747fa8cc09c069ff4b2f3556899a.jpg,pocillopora_,0,0,0,1.0,1.0,,
GPAB4735_jpg.rf.7389747fa8cc09c069ff4b2f3556899a.jpg,table_acropora,0,8493,0,0.0,0.0,0.0,
GPAB4737_jpg.rf.e31e343fd9087743fd45c0fb8c7956fd.jpg,branching_acropora,0,1200,15476,0.0,0.0,0.0,0.0
GPAB4737_jpg.rf.e31e343fd9087743fd45c0fb8c7956fd.jpg,finger_acropora,42713,21829,8035,0.588519778993345,0.7409662589990459,0.6617861237643705,0.8416686371876724
GPAB4737_jpg.rf.e31e343fd9087743fd45c0fb8c7956fd.jpg,finger_porites,0,11116,0,0.0,0.0,0.0,
GPAB4737_jpg.rf.e31e343fd9087743fd45c0fb8c7956fd.jpg,knob_porites,82488,43279,2325,0.6439746432251819,0.7834362237629404,0.6558795232453665,0.9725867496728096
GPAB4737_jpg.rf.e31e343fd9087743fd45c0fb8c7956fd.jpg,mounding_,4891,6576,4707,0.30239891183380735,0.4643721813434607,0.426528298595971,0.509585330277141
GPAB4737_jpg.rf.e31e343fd9087743fd45c0fb8c7956fd.jpg,oddball,0,0,0,1.0,1.0,,
GPAB4737_jpg.rf.e31e343fd9087743fd45c0fb8c7956fd.jpg,pocillopora_,0,0,0,1.0,1.0,,
GPAB4737_jpg.rf.e31e343fd9087743fd45c0fb8c7956fd.jpg,table_acropora,0,0,2285,0.0,0.0,,0.0
GPAB4739_jpg.rf.6729ce5fbf63cfc65c3544bc6d0e4e4a.jpg,branching_acropora,2526,230,405,0.799114204365707,0.8883418322489889,0.9165457184325109,0.8618219037871033
GPAB4739_jpg.rf.6729ce5fbf63cfc65c3544bc6d0e4e4a.jpg,finger_acropora,42894,2042,21166,0.6489062358173732,0.7870747550368821,0.9545575930211857,0.6695910084295973
GPAB4739_jpg.rf.6729ce5fbf63cfc65c3544bc6d0e4e4a.jpg,finger_porites,0,1297,8139,0.0,0.0,0.0,0.0
GPAB4739_jpg.rf.6729ce5fbf63cfc65c3544bc6d0e4e4a.jpg,knob_porites,370538,3785,134179,0.7286854328989857,0.843051510738988,0.98988841187958,0.7341500286299055
GPAB4739_jpg.rf.6729ce5fbf63cfc65c3544bc6d0e4e4a.jpg,mounding_,46069,4863,25075,0.6061152262291631,0.7547593302532848,0.904519751825964,0.6475458225570674
GPAB4739_jpg.rf.6729ce5fbf63cfc65c3544bc6d0e4e4a.jpg,oddball,0,0,0,1.0,1.0,,
GPAB4739_jpg.rf.6729ce5fbf63cfc65c3544bc6d0e4e4a.jpg,pocillopora_,0,0,0,1.0,1.0,,
GPAB4739_jpg.rf.6729ce5fbf63cfc65c3544bc6d0e4e4a.jpg,table_acropora,0,0,0,1.0,1.0,,
GPAB4740_jpg.rf.391db90ac7705a61bc4d0c6e12c34bbc.jpg,branching_acropora,3350,1615,1732,0.5002239808869643,0.6668657310639992,0.67472306143001,0.6591892955529319
GPAB4740_jpg.rf.391db90ac7705a61bc4d0c6e12c34bbc.jpg,finger_acropora,120432,14174,29623,0.7333175017810496,0.8461433073023702,0.8947000876632543,0.8025857185698577
GPAB4740_jpg.rf.391db90ac7705a61bc4d0c6e12c34bbc.jpg,finger_porites,2378,2000,70032,0.031958070151861306,0.06193676095223212,0.5431703974417542,0.03284076784974451
GPAB4740_jpg.rf.391db90ac7705a61bc4d0c6e12c34bbc.jpg,knob_porites,263812,50222,18438,0.7934863687769196,0.8848535261720925,0.8400746415993172,0.9346749335695306
GPAB4740_jpg.rf.391db90ac7705a61bc4d0c6e12c34bbc.jpg,mounding_,22415,4193,19095,0.49044920464739733,0.658122669485305,0.8424158147925436,0.5399903637677668
GPAB4740_jpg.rf.391db90ac7705a61bc4d0c6e12c34bbc.jpg,oddball,3178,15,4484,0.4139637879379966,0.5855366190695532,0.995302223614156,0.4147742103889324
GPAB4740_jpg.rf.391db90ac7705a61bc4d0c6e12c34bbc.jpg,pocillopora_,0,0,0,1.0,1.0,,
GPAB4740_jpg.rf.391db90ac7705a61bc4d0c6e12c34bbc.jpg,table_acropora,0,2157,24653,0.0,0.0,0.0,0.0
GPAB4742_jpg.rf.3add0941dddb3e0ab5f1644d703bdc8a.jpg,branching_acropora,0,0,0,1.0,1.0,,
GPAB4742_jpg.rf.3add0941dddb3e0ab5f1644d703bdc8a.jpg,finger_acropora,6644,389,13229,0.3279044516829533,0.4938675388389207,0.9446893217688042,0.3343229507371811
GPAB4742_jpg.rf.3add0941dddb3e0ab5f1644d703bdc8a.jpg,finger_porites,884001,4222,2164,0.9928278377828966,0.9964010126308338,0.995246689176029,0.9975580168478783
GPAB4742_jpg.rf.3add0941dddb3e0ab5f1644d703bdc8a.jpg,knob_porites,0,0,0,1.0,1.0,,
GPAB4742_jpg.rf.3add0941dddb3e0ab5f1644d703bdc8a.jpg,mounding_,0,1372,0,0.0,0.0,0.0,
GPAB4742_jpg.rf.3add0941dddb3e0ab5f1644d703bdc8a.jpg,oddball,0,0,0,1.0,1.0,,
GPAB4742_jpg.rf.3add0941dddb3e0ab5f1644d703bdc8a.jpg,pocillopora_,0,0,0,1.0,1.0,,
GPAB4742_jpg.rf.3add0941dddb3e0ab5f1644d703bdc8a.jpg,table_acropora,0,0,0,1.0,1.0,,
GPAB4743_jpg.rf.37867df2f8150edd78237e955061905e.jpg,branching_acropora,0,0,0,1.0,1.0,,
GPAB4743_jpg.rf.37867df2f8150edd78237e955061905e.jpg,finger_acropora,60942,13690,61599,0.44734311573724045,0.618157658502939,0.8165666202165291,0.4973192645726736
GPAB4743_jpg.rf.37867df2f8150edd78237e955061905e.jpg,finger_porites,251868,1204,2253,0.9864603936159796,0.9931840541963316,0.9952424606436113,0.9911341447578123
GPAB4743_jpg.rf.37867df2f8150edd78237e955061905e.jpg,knob_porites,0,19872,0,0.0,0.0,0.0,
GPAB4743_jpg.rf.37867df2f8150edd78237e955061905e.jpg,mounding_,8838,1305,12855,0.38429428645969216,0.555220505088579,0.8713398402839396,0.40741252938736
GPAB4743_jpg.rf.37867df2f8150edd78237e955061905e.jpg,oddball,0,0,0,1.0,1.0,,
GPAB4743_jpg.rf.37867df2f8150edd78237e955061905e.jpg,pocillopora_,0,0,0,1.0,1.0,,
GPAB4743_jpg.rf.37867df2f8150edd78237e955061905e.jpg,table_acropora,0,8335,0,0.0,0.0,0.0,
GPAB4744_jpg.rf.3dbb7c6843fe2207f57c096097fc8c0e.jpg,branching_acropora,0,8618,0,0.0,0.0,0.0,
GPAB4744_jpg.rf.3dbb7c6843fe2207f57c096097fc8c0e.jpg,finger_acropora,188669,22756,23184,0.8041848351938757,0.8914661286435864,0.8923684521698002,0.8905656280534144
GPAB4744_jpg.rf.3dbb7c6843fe2207f57c096097fc8c0e.jpg,finger_porites,0,29116,0,0.0,0.0,0.0,
GPAB4744_jpg.rf.3dbb7c6843fe2207f57c096097fc8c0e.jpg,knob_porites,109643,2495,5130,0.9349779991131425,0.9663965166959733,0.9777506286896502,0.955303076507541
GPAB4744_jpg.rf.3dbb7c6843fe2207f57c096097fc8c0e.jpg,mounding_,5931,447,6551,0.4587361744914533,0.6289501590668081,0.9299153339604892,0.47516423650056083
GPAB4744_jpg.rf.3dbb7c6843fe2207f57c096097fc8c0e.jpg,oddball,0,0,2908,0.0,0.0,,0.0
GPAB4744_jpg.rf.3dbb7c6843fe2207f57c096097fc8c0e.jpg,pocillopora_,0,3158,0,0.0,0.0,0.0,
GPAB4744_jpg.rf.3dbb7c6843fe2207f57c096097fc8c0e.jpg,table_acropora,16318,279,54241,0.2303565882718315,0.3744550002294736,0.9831897330842924,0.23126744993551496
GPAB4746_jpg.rf.2180e682eaa484a3fc02b94c156f25b8.jpg,branching_acropora,8457,2357,721,0.7331599479843953,0.8460384153661464,0.7820417976696874,0.9214425800828067
GPAB4746_jpg.rf.2180e682eaa484a3fc02b94c156f25b8.jpg,finger_acropora,213298,12544,29849,0.834202220649143,0.909607688026798,0.9444567440954296,0.8772388719581159
GPAB4746_jpg.rf.2180e682eaa484a3fc02b94c156f25b8.jpg,finger_porites,0,0,0,1.0,1.0,,
GPAB4746_jpg.rf.2180e682eaa484a3fc02b94c156f25b8.jpg,knob_porites,0,0,0,1.0,1.0,,
GPAB4746_jpg.rf.2180e682eaa484a3fc02b94c156f25b8.jpg,mounding_,53498,3958,38128,0.5596961834616673,0.7176989844515099,0.9311125034809246,0.583873573003296
GPAB4746_jpg.rf.2180e682eaa484a3fc02b94c156f25b8.jpg,oddball,0,0,0,1.0,1.0,,
GPAB4746_jpg.rf.2180e682eaa484a3fc02b94c156f25b8.jpg,pocillopora_,0,1966,0,0.0,0.0,0.0,
GPAB4746_jpg.rf.2180e682eaa484a3fc02b94c156f25b8.jpg,table_acropora,0,0,0,1.0,1.0,,
GPAB4747_jpg.rf.1f22312dc4183f0bcb9100eab300fb07.jpg,branching_acropora,0,0,3468,0.0,0.0,,0.0
GPAB4747_jpg.rf.1f22312dc4183f0bcb9100eab300fb07.jpg,finger_acropora,92063,4519,2625,0.9279889523924723,0.9626496575521514,0.9532107432026672,0.972277374112876
GPAB4747_jpg.rf.1f22312dc4183f0bcb9100eab300fb07.jpg,finger_porites,3718,85028,41324,0.028584608287845006,0.05558047059527013,0.04189484596488856,0.08254518005417166
GPAB4747_jpg.rf.1f22312dc4183f0bcb9100eab300fb07.jpg,knob_porites,0,0,80153,0.0,0.0,,0.0
GPAB4747_jpg.rf.1f22312dc4183f0bcb9100eab300fb07.jpg,mounding_,9514,184,20980,0.3101245191994263,0.4734275477707006,0.9810270158795628,0.31199580245294156
GPAB4747_jpg.rf.1f22312dc4183f0bcb9100eab300fb07.jpg,oddball,0,0,0,1.0,1.0,,
GPAB4747_jpg.rf.1f22312dc4183f0bcb9100eab300fb07.jpg,pocillopora_,0,0,0,1.0,1.0,,
GPAB4747_jpg.rf.1f22312dc4183f0bcb9100eab300fb07.jpg,table_acropora,0,0,0,1.0,1.0,,
GPAB4749_jpg.rf.e8a97dea10ca41981c87fdee4739cba3.jpg,branching_acropora,124312,3434,7509,0.9190935640087242,0.957841328057881,0.9731185320871104,0.9430363902564842
GPAB4749_jpg.rf.e8a97dea10ca41981c87fdee4739cba3.jpg,finger_acropora,189813,8498,13380,0.8966512511160134,0.9455098828405196,0.9571481158382541,0.9341512748962809
GPAB4749_jpg.rf.e8a97dea10ca41981c87fdee4739cba3.jpg,finger_porites,0,0,0,1.0,1.0,,
GPAB4749_jpg.rf.e8a97dea10ca41981c87fdee4739cba3.jpg,knob_porites,0,0,0,1.0,1.0,,
GPAB4749_jpg.rf.e8a97dea10ca41981c87fdee4739cba3.jpg,mounding_,3469,84,8124,0.2970797293825469,0.45807473920507064,0.9763580073177597,0.2992322953506426
GPAB4749_jpg.rf.e8a97dea10ca41981c87fdee4739cba3.jpg,oddball,0,0,0,1.0,1.0,,
GPAB4749_jpg.rf.e8a97dea10ca41981c87fdee4739cba3.jpg,pocillopora_,0,0,0,1.0,1.0,,
GPAB4749_jpg.rf.e8a97dea10ca41981c87fdee4739cba3.jpg,table_acropora,0,0,0,1.0,1.0,,
GPAB4753_jpg.rf.e2d94acde6ee937917909a1591d0d659.jpg,branching_acropora,0,1222,0,0.0,0.0,0.0,
GPAB4753_jpg.rf.e2d94acde6ee937917909a1591d0d659.jpg,finger_acropora,169092,3930,31764,0.8257009756526325,0.9045303548216264,0.9772861254638139,0.84185685267057
GPAB4753_jpg.rf.e2d94acde6ee937917909a1591d0d659.jpg,finger_porites,0,0,0,1.0,1.0,,
GPAB4753_jpg.rf.e2d94acde6ee937917909a1591d0d659.jpg,knob_porites,0,0,0,1.0,1.0,,
GPAB4753_jpg.rf.e2d94acde6ee937917909a1591d0d659.jpg,mounding_,23979,1046,13272,0.6261325952424472,0.7700879953754255,0.9582017982017982,0.6437142627043569
GPAB4753_jpg.rf.e2d94acde6ee937917909a1591d0d659.jpg,oddball,0,0,0,1.0,1.0,,
GPAB4753_jpg.rf.e2d94acde6ee937917909a1591d0d659.jpg,pocillopora_,0,0,1093,0.0,0.0,,0.0
GPAB4753_jpg.rf.e2d94acde6ee937917909a1591d0d659.jpg,table_acropora,0,0,0,1.0,1.0,,
GPAB4754_jpg.rf.537af39d94461458299a14cfc3bba350.jpg,branching_acropora,11521,510,1793,0.8334056712962963,0.9091339514697179,0.9576095087690134,0.8653297281057534
GPAB4754_jpg.rf.537af39d94461458299a14cfc3bba350.jpg,finger_acropora,207473,17010,32327,0.8078852069623457,0.8937350710665694,0.9242258879291527,0.8651918265221018
GPAB4754_jpg.rf.537af39d94461458299a14cfc3bba350.jpg,finger_porites,0,0,0,1.0,1.0,,
GPAB4754_jpg.rf.537af39d94461458299a14cfc3bba350.jpg,knob_porites,0,0,0,1.0,1.0,,
GPAB4754_jpg.rf.537af39d94461458299a14cfc3bba350.jpg,mounding_,42546,498,3553,0.9130630727300041,0.9545561625702523,0.9884304432673543,0.9229267446148507
GPAB4754_jpg.rf.537af39d94461458299a14cfc3bba350.jpg,oddball,0,0,0,1.0,1.0,,
GPAB4754_jpg.rf.537af39d94461458299a14cfc3bba350.jpg,pocillopora_,1264,112,43,0.8907681465821,0.9422288483041371,0.9186046511627907,0.9671002295332823
GPAB4754_jpg.rf.537af39d94461458299a14cfc3bba350.jpg,table_acropora,23531,135,2537,0.8980269434797542,0.9462741786303133,0.9942956139609567,0.9026776123983428
GPAB4755_jpg.rf.4adad876a08bd71ca5759c87a32c3b43.jpg,branching_acropora,0,0,0,1.0,1.0,,
GPAB4755_jpg.rf.4adad876a08bd71ca5759c87a32c3b43.jpg,finger_acropora,83833,38964,50802,0.48291176792493046,0.6513020914260853,0.6826958313313843,0.6226686968470309
GPAB4755_jpg.rf.4adad876a08bd71ca5759c87a32c3b43.jpg,finger_porites,0,0,0,1.0,1.0,,
GPAB4755_jpg.rf.4adad876a08bd71ca5759c87a32c3b43.jpg,knob_porites,15717,466,1039,0.9126117756358146,0.9543094811621482,0.9712043502440832,0.937992360945333
GPAB4755_jpg.rf.4adad876a08bd71ca5759c87a32c3b43.jpg,mounding_,10584,7329,8390,0.4023875603543322,0.573860709735137,0.5908558030480656,0.5578159586802993
GPAB4755_jpg.rf.4adad876a08bd71ca5759c87a32c3b43.jpg,oddball,0,0,0,1.0,1.0,,
GPAB4755_jpg.rf.4adad876a08bd71ca5759c87a32c3b43.jpg,pocillopora_,0,0,0,1.0,1.0,,
GPAB4755_jpg.rf.4adad876a08bd71ca5759c87a32c3b43.jpg,table_acropora,0,47203,0,0.0,0.0,0.0,
GPAB4756_jpg.rf.eabc4ca97f0f629b22f925f8a786d528.jpg,branching_acropora,0,0,0,1.0,1.0,,
GPAB4756_jpg.rf.eabc4ca97f0f629b22f925f8a786d528.jpg,finger_acropora,60151,20272,32181,0.534181734219033,0.6963734768892362,0.7479328052920184,0.6514642810726509
GPAB4756_jpg.rf.eabc4ca97f0f629b22f925f8a786d528.jpg,finger_porites,0,0,0,1.0,1.0,,
GPAB4756_jpg.rf.eabc4ca97f0f629b22f925f8a786d528.jpg,knob_porites,3104,1015,24,0.7492155442915761,0.8566303297916379,0.7535809662539451,0.9923273657289002
GPAB4756_jpg.rf.eabc4ca97f0f629b22f925f8a786d528.jpg,mounding_,10782,2647,5956,0.5562032499355172,0.7148208307090529,0.8028892694913992,0.6441629824351774
GPAB4756_jpg.rf.eabc4ca97f0f629b22f925f8a786d528.jpg,oddball,0,1293,0,0.0,0.0,0.0,
GPAB4756_jpg.rf.eabc4ca97f0f629b22f925f8a786d528.jpg,pocillopora_,0,1258,768,0.0,0.0,0.0,0.0
GPAB4756_jpg.rf.eabc4ca97f0f629b22f925f8a786d528.jpg,table_acropora,0,22847,0,0.0,0.0,0.0,
GPAB4758_jpg.rf.dc9f9d53832bbaffadad72867f306fbe.jpg,branching_acropora,4465,445,311,0.8552001532273511,0.9219492050381994,0.9093686354378818,0.9348827470686767
GPAB4758_jpg.rf.dc9f9d53832bbaffadad72867f306fbe.jpg,finger_acropora,224975,19482,30185,0.8191573029616738,0.9005898518264991,0.9203050025157798,0.8817016773788995
GPAB4758_jpg.rf.dc9f9d53832bbaffadad72867f306fbe.jpg,finger_porites,0,0,0,1.0,1.0,,
GPAB4758_jpg.rf.dc9f9d53832bbaffadad72867f306fbe.jpg,knob_porites,0,0,0,1.0,1.0,,
GPAB4758_jpg.rf.dc9f9d53832bbaffadad72867f306fbe.jpg,mounding_,32335,4324,12071,0.6635542786784322,0.7977548880527972,0.8820480645953245,0.7281673647705265
GPAB4758_jpg.rf.dc9f9d53832bbaffadad72867f306fbe.jpg,oddball,0,0,0,1.0,1.0,,
GPAB4758_jpg.rf.dc9f9d53832bbaffadad72867f306fbe.jpg,pocillopora_,0,0,0,1.0,1.0,,
GPAB4758_jpg.rf.dc9f9d53832bbaffadad72867f306fbe.jpg,table_acropora,0,20941,0,0.0,0.0,0.0,
GPAB4761_jpg.rf.abcedb2548500e30fd19e3a419c01bc6.jpg,branching_acropora,0,0,0,1.0,1.0,,
GPAB4761_jpg.rf.abcedb2548500e30fd19e3a419c01bc6.jpg,finger_acropora,13300,663,2216,0.8220532789418382,0.9023372570304284,0.9525173673279381,0.85717968548595
GPAB4761_jpg.rf.abcedb2548500e30fd19e3a419c01bc6.jpg,finger_porites,81508,42973,11160,0.6009097544252844,0.7507103417469111,0.6547826575943316,0.8795700781283723
GPAB4761_jpg.rf.abcedb2548500e30fd19e3a419c01bc6.jpg,knob_porites,0,0,45810,0.0,0.0,,0.0
GPAB4761_jpg.rf.abcedb2548500e30fd19e3a419c01bc6.jpg,mounding_,2453,653,3530,0.36965039180229053,0.5397733524040048,0.7897617514488088,0.4099949857930804
GPAB4761_jpg.rf.abcedb2548500e30fd19e3a419c01bc6.jpg,oddball,0,0,0,1.0,1.0,,
GPAB4761_jpg.rf.abcedb2548500e30fd19e3a419c01bc6.jpg,pocillopora_,0,2058,0,0.0,0.0,0.0,
GPAB4761_jpg.rf.abcedb2548500e30fd19e3a419c01bc6.jpg,table_acropora,0,0,0,1.0,1.0,,
GPAB4767_jpg.rf.7f3e0c78cd1015f30bb0eb3479b01bf2.jpg,branching_acropora,0,0,0,1.0,1.0,,
GPAB4767_jpg.rf.7f3e0c78cd1015f30bb0eb3479b01bf2.jpg,finger_acropora,69652,20050,20646,0.6312031029107913,0.7739111111111111,0.7764821297184009,0.7713570621719197
GPAB4767_jpg.rf.7f3e0c78cd1015f30bb0eb3479b01bf2.jpg,finger_porites,0,0,0,1.0,1.0,,
GPAB4767_jpg.rf.7f3e0c78cd1015f30bb0eb3479b01bf2.jpg,knob_porites,43307,3538,7287,0.800025862705978,0.8889048532928293,0.924474330238019,0.8559710637625014
GPAB4767_jpg.rf.7f3e0c78cd1015f30bb0eb3479b01bf2.jpg,mounding_,15428,5238,16252,0.4178991277967387,0.5894624231077829,0.7465402109745476,0.4869949494949495
GPAB4767_jpg.rf.7f3e0c78cd1015f30bb0eb3479b01bf2.jpg,oddball,0,0,911,0.0,0.0,,0.0
GPAB4767_jpg.rf.7f3e0c78cd1015f30bb0eb3479b01bf2.jpg,pocillopora_,0,0,5419,0.0,0.0,,0.0
GPAB4767_jpg.rf.7f3e0c78cd1015f30bb0eb3479b01bf2.jpg,table_acropora,22160,10601,599,0.6642685851318945,0.7982708933717579,0.6764140288757975,0.9736807416846083
GPAB4771_jpg.rf.6badf0b6546595b33a14eb844b771aa4.jpg,branching_acropora,23728,436,3855,0.8468539205539098,0.9170773184918932,0.98195662969707,0.8602400029003372
GPAB4771_jpg.rf.6badf0b6546595b33a14eb844b771aa4.jpg,finger_acropora,17515,10850,5837,0.5121045552891644,0.6773401396059323,0.6174863387978142,0.7500428228845495
GPAB4771_jpg.rf.6badf0b6546595b33a14eb844b771aa4.jpg,finger_porites,10933,3138,411,0.7549371633752244,0.8603580562659846,0.7769881316182219,0.9637693935119888
GPAB4771_jpg.rf.6badf0b6546595b33a14eb844b771aa4.jpg,knob_porites,62482,7203,8166,0.8025844240921761,0.8904819251352141,0.8966348568558513,0.8844128637753369
GPAB4771_jpg.rf.6badf0b6546595b33a14eb844b771aa4.jpg,mounding_,16168,6845,12588,0.45414454650150277,0.6246209121288803,0.702559422934863,0.562247878703575
GPAB4771_jpg.rf.6badf0b6546595b33a14eb844b771aa4.jpg,oddball,0,0,0,1.0,1.0,,
GPAB4771_jpg.rf.6badf0b6546595b33a14eb844b771aa4.jpg,pocillopora_,0,0,0,1.0,1.0,,
GPAB4771_jpg.rf.6badf0b6546595b33a14eb844b771aa4.jpg,table_acropora,0,0,6542,0.0,0.0,,0.0
GPAB4776_jpg.rf.211c5a333604278aded2096234325892.jpg,branching_acropora,0,0,0,1.0,1.0,,
GPAB4776_jpg.rf.211c5a333604278aded2096234325892.jpg,finger_acropora,44888,938,1657,0.9453488616978708,0.9719067672754436,0.9795312704578187,0.9644000429691696
GPAB4776_jpg.rf.211c5a333604278aded2096234325892.jpg,finger_porites,0,77597,0,0.0,0.0,0.0,
GPAB4776_jpg.rf.211c5a333604278aded2096234325892.jpg,knob_porites,0,2935,5367,0.0,0.0,0.0,0.0
GPAB4776_jpg.rf.211c5a333604278aded2096234325892.jpg,mounding_,13934,3398,6338,0.5886776510350655,0.741091373258164,0.8039464574198015,0.6873520126282557
GPAB4776_jpg.rf.211c5a333604278aded2096234325892.jpg,oddball,0,0,0,1.0,1.0,,
GPAB4776_jpg.rf.211c5a333604278aded2096234325892.jpg,pocillopora_,0,2406,0,0.0,0.0,0.0,
GPAB4776_jpg.rf.211c5a333604278aded2096234325892.jpg,table_acropora,16130,1505,77630,0.16931716790006823,0.2896000718165088,0.9146583498724128,0.1720349829351536
GPAB4777_jpg.rf.6f578feb4e1dbdd7b5b447d584fb8f86.jpg,branching_acropora,0,0,0,1.0,1.0,,
GPAB4777_jpg.rf.6f578feb4e1dbdd7b5b447d584fb8f86.jpg,finger_acropora,280716,11765,71067,0.7721566340620771,0.8714315870512709,0.9597751648825051,0.7979805732511236
GPAB4777_jpg.rf.6f578feb4e1dbdd7b5b447d584fb8f86.jpg,finger_porites,0,0,0,1.0,1.0,,
GPAB4777_jpg.rf.6f578feb4e1dbdd7b5b447d584fb8f86.jpg,knob_porites,0,0,0,1.0,1.0,,
GPAB4777_jpg.rf.6f578feb4e1dbdd7b5b447d584fb8f86.jpg,mounding_,0,0,2504,0.0,0.0,,0.0
GPAB4777_jpg.rf.6f578feb4e1dbdd7b5b447d584fb8f86.jpg,oddball,0,0,0,1.0,1.0,,
GPAB4777_jpg.rf.6f578feb4e1dbdd7b5b447d584fb8f86.jpg,pocillopora_,8308,13789,382,0.36958939454602074,0.5397083184460973,0.37597863963433953,0.9560414269275028
GPAB4777_jpg.rf.6f578feb4e1dbdd7b5b447d584fb8f86.jpg,table_acropora,74914,637,2025,0.9656852634835517,0.9825431175814807,0.9915686092837951,0.9736804481472335
GPAB4778_jpg.rf.bfed75b62b8d65486555d766d64a397f.jpg,branching_acropora,0,0,0,1.0,1.0,,
GPAB4778_jpg.rf.bfed75b62b8d65486555d766d64a397f.jpg,finger_acropora,520648,10303,17662,0.9490259982902337,0.9738464229032949,0.980595196166878,0.9671899091601494
GPAB4778_jpg.rf.bfed75b62b8d65486555d766d64a397f.jpg,finger_porites,0,0,0,1.0,1.0,,
GPAB4778_jpg.rf.bfed75b62b8d65486555d766d64a397f.jpg,knob_porites,0,0,0,1.0,1.0,,
GPAB4778_jpg.rf.bfed75b62b8d65486555d766d64a397f.jpg,mounding_,9737,54,262,0.9685665970357107,0.9840323395654371,0.9944847308752937,0.9737973797379738
GPAB4778_jpg.rf.bfed75b62b8d65486555d766d64a397f.jpg,oddball,0,0,0,1.0,1.0,,
GPAB4778_jpg.rf.bfed75b62b8d65486555d766d64a397f.jpg,pocillopora_,0,0,0,1.0,1.0,,
GPAB4778_jpg.rf.bfed75b62b8d65486555d766d64a397f.jpg,table_acropora,0,0,0,1.0,1.0,,
GPAB4779_jpg.rf.18bd369271c26a99d825e5e4fecce011.jpg,branching_acropora,0,0,0,1.0,1.0,,
GPAB4779_jpg.rf.18bd369271c26a99d825e5e4fecce011.jpg,finger_acropora,42196,1415,6135,0.8482290033369517,0.9178830132039765,0.9675540574625667,0.8730628375162939
GPAB4779_jpg.rf.18bd369271c26a99d825e5e4fecce011.jpg,finger_porites,0,0,0,1.0,1.0,,
GPAB4779_jpg.rf.18bd369271c26a99d825e5e4fecce011.jpg,knob_porites,0,0,0,1.0,1.0,,
GPAB4779_jpg.rf.18bd369271c26a99d825e5e4fecce011.jpg,mounding_,0,0,0,1.0,1.0,,
GPAB4779_jpg.rf.18bd369271c26a99d825e5e4fecce011.jpg,oddball,0,0,0,1.0,1.0,,
GPAB4779_jpg.rf.18bd369271c26a99d825e5e4fecce011.jpg,pocillopora_,5525,537,11646,0.31200587305172806,0.4756165798648474,0.9114153744638733,0.3217634383553666
GPAB4779_jpg.rf.18bd369271c26a99d825e5e4fecce011.jpg,table_acropora,0,0,0,1.0,1.0,,
GPAB4780_jpg.rf.8a201d1beedd40edffaaf46e84e7a05b.jpg,branching_acropora,0,0,0,1.0,1.0,,
GPAB4780_jpg.rf.8a201d1beedd40edffaaf46e84e7a05b.jpg,finger_acropora,0,0,4735,0.0,0.0,,0.0
GPAB4780_jpg.rf.8a201d1beedd40edffaaf46e84e7a05b.jpg,finger_porites,0,0,0,1.0,1.0,,
GPAB4780_jpg.rf.8a201d1beedd40edffaaf46e84e7a05b.jpg,knob_porites,0,0,0,1.0,1.0,,
GPAB4780_jpg.rf.8a201d1beedd40edffaaf46e84e7a05b.jpg,mounding_,0,1056,7817,0.0,0.0,0.0,0.0
GPAB4780_jpg.rf.8a201d1beedd40edffaaf46e84e7a05b.jpg,oddball,0,3059,2748,0.0,0.0,0.0,0.0
GPAB4780_jpg.rf.8a201d1beedd40edffaaf46e84e7a05b.jpg,pocillopora_,17177,4732,519,0.7658730158730159,0.8674157303370786,0.7840157013099639,0.9706713381555153
GPAB4780_jpg.rf.8a201d1beedd40edffaaf46e84e7a05b.jpg,table_acropora,0,0,0,1.0,1.0,,
GPAB4781_jpg.rf.b25d5c2493b85a3a5baf2eb1d7facd5d.jpg,branching_acropora,0,0,0,1.0,1.0,,
GPAB4781_jpg.rf.b25d5c2493b85a3a5baf2eb1d7facd5d.jpg,finger_acropora,4389,222,47,0.942249892657793,0.9702663866475074,0.9518542615484711,0.989404869251578
GPAB4781_jpg.rf.b25d5c2493b85a3a5baf2eb1d7facd5d.jpg,finger_porites,0,0,0,1.0,1.0,,
GPAB4781_jpg.rf.b25d5c2493b85a3a5baf2eb1d7facd5d.jpg,knob_porites,0,0,0,1.0,1.0,,
GPAB4781_jpg.rf.b25d5c2493b85a3a5baf2eb1d7facd5d.jpg,mounding_,18263,3039,379,0.8423504450901711,0.9144302022831965,0.857337339216975,0.9796695633515717
GPAB4781_jpg.rf.b25d5c2493b85a3a5baf2eb1d7facd5d.jpg,oddball,0,0,0,1.0,1.0,,
GPAB4781_jpg.rf.b25d5c2493b85a3a5baf2eb1d7facd5d.jpg,pocillopora_,7357,21,722,0.9082716049382716,0.9519311638739729,0.9971537001897534,0.9106325040227751
GPAB4781_jpg.rf.b25d5c2493b85a3a5baf2eb1d7facd5d.jpg,table_acropora,0,0,0,1.0,1.0,,
GPAB4782_jpg.rf.4a1cdf2976fdae35a057fbebf48d41ec.jpg,branching_acropora,43060,15555,5170,0.675080348044211,0.8060274229023352,0.7346242429412266,0.8928053078996475
GPAB4782_jpg.rf.4a1cdf2976fdae35a057fbebf48d41ec.jpg,finger_acropora,96520,5897,1697,0.9270607219009931,0.9621499845489797,0.9424216682777273,0.9827219320484234
GPAB4782_jpg.rf.4a1cdf2976fdae35a057fbebf48d41ec.jpg,finger_porites,0,0,0,1.0,1.0,,
GPAB4782_jpg.rf.4a1cdf2976fdae35a057fbebf48d41ec.jpg,knob_porites,0,0,0,1.0,1.0,,
GPAB4782_jpg.rf.4a1cdf2976fdae35a057fbebf48d41ec.jpg,mounding_,1252,27,6855,0.1539218096877305,0.26678031110164074,0.9788897576231431,0.15443443937338103
GPAB4782_jpg.rf.4a1cdf2976fdae35a057fbebf48d41ec.jpg,oddball,8298,503,94,0.9328836424957841,0.9652765660443203,0.9428474037041246,0.9887988560533841
GPAB4782_jpg.rf.4a1cdf2976fdae35a057fbebf48d41ec.jpg,pocillopora_,9270,10573,294,0.4603466256145404,0.6304621348658482,0.4671672630146651,0.9692597239648683
GPAB4782_jpg.rf.4a1cdf2976fdae35a057fbebf48d41ec.jpg,table_acropora,0,0,0,1.0,1.0,,
GPAB4787_jpg.rf.3b5cb17b0e6e2db09e9f7e90b335be9a.jpg,branching_acropora,0,0,0,1.0,1.0,,
GPAB4787_jpg.rf.3b5cb17b0e6e2db09e9f7e90b335be9a.jpg,finger_acropora,47974,3255,373,0.9296926475717996,0.9635655177954527,0.9364617697007555,0.9922849401203797
GPAB4787_jpg.rf.3b5cb17b0e6e2db09e9f7e90b335be9a.jpg,finger_porites,0,0,0,1.0,1.0,,
GPAB4787_jpg.rf.3b5cb17b0e6e2db09e9f7e90b335be9a.jpg,knob_porites,0,0,0,1.0,1.0,,
GPAB4787_jpg.rf.3b5cb17b0e6e2db09e9f7e90b335be9a.jpg,mounding_,17780,4010,7792,0.6010411736867014,0.750812887969258,0.8159706287287747,0.6952917253245737
GPAB4787_jpg.rf.3b5cb17b0e6e2db09e9f7e90b335be9a.jpg,oddball,0,0,0,1.0,1.0,,
GPAB4787_jpg.rf.3b5cb17b0e6e2db09e9f7e90b335be9a.jpg,pocillopora_,0,0,0,1.0,1.0,,
GPAB4787_jpg.rf.3b5cb17b0e6e2db09e9f7e90b335be9a.jpg,table_acropora,0,0,0,1.0,1.0,,
GPAB4789_jpg.rf.5c044e3717b48118b45c9ad51a6650a2.jpg,branching_acropora,0,0,1932,0.0,0.0,,0.0
GPAB4789_jpg.rf.5c044e3717b48118b45c9ad51a6650a2.jpg,finger_acropora,76487,3275,6387,0.8878454770223683,0.9405912590078458,0.9589403475339134,0.9229311967565219
GPAB4789_jpg.rf.5c044e3717b48118b45c9ad51a6650a2.jpg,finger_porites,0,0,0,1.0,1.0,,
GPAB4789_jpg.rf.5c044e3717b48118b45c9ad51a6650a2.jpg,knob_porites,0,0,0,1.0,1.0,,
GPAB4789_jpg.rf.5c044e3717b48118b45c9ad51a6650a2.jpg,mounding_,3174,3343,393,0.4593342981186686,0.6295120983736613,0.48703391130888446,0.8898233809924306
GPAB4789_jpg.rf.5c044e3717b48118b45c9ad51a6650a2.jpg,oddball,0,0,0,1.0,1.0,,
GPAB4789_jpg.rf.5c044e3717b48118b45c9ad51a6650a2.jpg,pocillopora_,6102,8398,20,0.42024793388429754,0.5917951702065755,0.42082758620689653,0.9967330937602091
GPAB4789_jpg.rf.5c044e3717b48118b45c9ad51a6650a2.jpg,table_acropora,0,0,0,1.0,1.0,,
GPAB4790_jpg.rf.feb20779db5e09d98fc2914cc0ca14fa.jpg,branching_acropora,0,0,0,1.0,1.0,,
GPAB4790_jpg.rf.feb20779db5e09d98fc2914cc0ca14fa.jpg,finger_acropora,73827,3400,10772,0.8389527153717656,0.9124244558970747,0.9559739469356572,0.8726698897150085
GPAB4790_jpg.rf.feb20779db5e09d98fc2914cc0ca14fa.jpg,finger_porites,0,0,0,1.0,1.0,,
GPAB4790_jpg.rf.feb20779db5e09d98fc2914cc0ca14fa.jpg,knob_porites,0,0,0,1.0,1.0,,
GPAB4790_jpg.rf.feb20779db5e09d98fc2914cc0ca14fa.jpg,mounding_,51501,7311,16596,0.6829646721833227,0.8116209252298892,0.8756886349724546,0.7562888232961804
GPAB4790_jpg.rf.feb20779db5e09d98fc2914cc0ca14fa.jpg,oddball,0,0,0,1.0,1.0,,
GPAB4790_jpg.rf.feb20779db5e09d98fc2914cc0ca14fa.jpg,pocillopora_,5041,188,55,0.9540121120363361,0.9764648910411622,0.9640466628418436,0.9892072213500785
GPAB4790_jpg.rf.feb20779db5e09d98fc2914cc0ca14fa.jpg,table_acropora,0,0,0,1.0,1.0,,
GPAB4791_jpg.rf.fe0bb824fa68257505c69f67ea1c5da5.jpg,branching_acropora,0,0,0,1.0,1.0,,
GPAB4791_jpg.rf.fe0bb824fa68257505c69f67ea1c5da5.jpg,finger_acropora,7242,13766,72,0.3435483870967742,0.5114045618247299,0.3447258187357197,0.9901558654634947
GPAB4791_jpg.rf.fe0bb824fa68257505c69f67ea1c5da5.jpg,finger_porites,11993,324,473,0.9376856919468335,0.967840858653109,0.9736948932369895,0.9620567944809882
GPAB4791_jpg.rf.fe0bb824fa68257505c69f67ea1c5da5.jpg,knob_porites,0,0,0,1.0,1.0,,
GPAB4791_jpg.rf.fe0bb824fa68257505c69f67ea1c5da5.jpg,mounding_,26462,2493,5349,0.7713969216417911,0.8709475693644472,0.9139008806769124,0.8318506177108548
GPAB4791_jpg.rf.fe0bb824fa68257505c69f67ea1c5da5.jpg,oddball,0,0,1523,0.0,0.0,,0.0
GPAB4791_jpg.rf.fe0bb824fa68257505c69f67ea1c5da5.jpg,pocillopora_,14192,3376,5234,0.6224015437242347,0.7672595556036114,0.807832422586521,0.730567280963657
GPAB4791_jpg.rf.fe0bb824fa68257505c69f67ea1c5da5.jpg,table_acropora,0,0,0,1.0,1.0,,
GPAB4793_jpg.rf.c69e00462f231a9a204e3bc0538813db.jpg,branching_acropora,0,0,0,1.0,1.0,,
GPAB4793_jpg.rf.c69e00462f231a9a204e3bc0538813db.jpg,finger_acropora,34429,63794,20334,0.29040039812073515,0.45009347260533644,0.3505187176119646,0.6286909044427808
GPAB4793_jpg.rf.c69e00462f231a9a204e3bc0538813db.jpg,finger_porites,11792,1032,44,0.9163817221013366,0.9563665855636658,0.9195258889582034,0.9962825278810409
GPAB4793_jpg.rf.c69e00462f231a9a204e3bc0538813db.jpg,knob_porites,0,0,0,1.0,1.0,,
GPAB4793_jpg.rf.c69e00462f231a9a204e3bc0538813db.jpg,mounding_,20245,713,1476,0.902424890790764,0.9487101384755969,0.9659795782040271,0.9320473274711109
GPAB4793_jpg.rf.c69e00462f231a9a204e3bc0538813db.jpg,oddball,0,0,0,1.0,1.0,,
GPAB4793_jpg.rf.c69e00462f231a9a204e3bc0538813db.jpg,pocillopora_,0,0,0,1.0,1.0,,
GPAB4793_jpg.rf.c69e00462f231a9a204e3bc0538813db.jpg,table_acropora,207221,687,66787,0.754367571306358,0.8599880477095594,0.9966956538468938,0.7562589413447782
GPAB4794_jpg.rf.373be7edf4a54e3ac24fa4d08b0464b7.jpg,branching_acropora,0,0,0,1.0,1.0,,
GPAB4794_jpg.rf.373be7edf4a54e3ac24fa4d08b0464b7.jpg,finger_acropora,29833,1087,859,0.9387645929702004,0.9684152437836785,0.9648447606727037,0.9720122507493809
GPAB4794_jpg.rf.373be7edf4a54e3ac24fa4d08b0464b7.jpg,finger_porites,0,0,0,1.0,1.0,,
GPAB4794_jpg.rf.373be7edf4a54e3ac24fa4d08b0464b7.jpg,knob_porites,0,0,0,1.0,1.0,,
GPAB4794_jpg.rf.373be7edf4a54e3ac24fa4d08b0464b7.jpg,mounding_,4784,78,140,0.9564174330267893,0.9777232781524627,0.983957219251337,0.9715678310316815
GPAB4794_jpg.rf.373be7edf4a54e3ac24fa4d08b0464b7.jpg,oddball,0,0,0,1.0,1.0,,
GPAB4794_jpg.rf.373be7edf4a54e3ac24fa4d08b0464b7.jpg,pocillopora_,3479,170,1333,0.6983139301485347,0.8223614229996454,0.9534118936694985,0.7229842061512884
GPAB4794_jpg.rf.373be7edf4a54e3ac24fa4d08b0464b7.jpg,table_acropora,24280,20,7059,0.7742593832711502,0.8727691008105825,0.9991769547325103,0.7747535020262293
GPAB4795_jpg.rf.c70fcc188f6d8ec7e06f3b2c8984d0f7.jpg,branching_acropora,0,0,0,1.0,1.0,,
GPAB4795_jpg.rf.c70fcc188f6d8ec7e06f3b2c8984d0f7.jpg,finger_acropora,16985,286,2803,0.8461193583740162,0.9166464286678,0.9834404493080887,0.8583484940367899
GPAB4795_jpg.rf.c70fcc188f6d8ec7e06f3b2c8984d0f7.jpg,finger_porites,0,0,0,1.0,1.0,,
GPAB4795_jpg.rf.c70fcc188f6d8ec7e06f3b2c8984d0f7.jpg,knob_porites,0,0,0,1.0,1.0,,
GPAB4795_jpg.rf.c70fcc188f6d8ec7e06f3b2c8984d0f7.jpg,mounding_,10495,324,23568,0.3052025474743362,0.46767078115948485,0.9700526850910436,0.30810556909256376
GPAB4795_jpg.rf.c70fcc188f6d8ec7e06f3b2c8984d0f7.jpg,oddball,0,0,0,1.0,1.0,,
GPAB4795_jpg.rf.c70fcc188f6d8ec7e06f3b2c8984d0f7.jpg,pocillopora_,0,0,6150,0.0,0.0,,0.0
GPAB4795_jpg.rf.c70fcc188f6d8ec7e06f3b2c8984d0f7.jpg,table_acropora,0,0,0,1.0,1.0,,
GPAB4796_jpg.rf.0f42056b81b3aec69c254fcdf2e7fc31.jpg,branching_acropora,0,0,0,1.0,1.0,,
GPAB4796_jpg.rf.0f42056b81b3aec69c254fcdf2e7fc31.jpg,finger_acropora,32048,3963,2368,0.8350399958310535,0.9101054993113437,0.8899502929660381,0.9311947931194793
GPAB4796_jpg.rf.0f42056b81b3aec69c254fcdf2e7fc31.jpg,finger_porites,0,0,0,1.0,1.0,,
GPAB4796_jpg.rf.0f42056b81b3aec69c254fcdf2e7fc31.jpg,knob_porites,0,0,0,1.0,1.0,,
GPAB4796_jpg.rf.0f42056b81b3aec69c254fcdf2e7fc31.jpg,mounding_,34635,1040,3917,0.8747979389775712,0.933218370673744,0.9708479327259986,0.8983969703257937
GPAB4796_jpg.rf.0f42056b81b3aec69c254fcdf2e7fc31.jpg,oddball,0,0,0,1.0,1.0,,
GPAB4796_jpg.rf.0f42056b81b3aec69c254fcdf2e7fc31.jpg,pocillopora_,2446,425,1057,0.6227087576374746,0.7674929400690305,0.8519679554162313,0.698258635455324
GPAB4796_jpg.rf.0f42056b81b3aec69c254fcdf2e7fc31.jpg,table_acropora,0,0,0,1.0,1.0,,
GPAB4797_jpg.rf.e4b9f8bdcb32587cb5017cdd72df915d.jpg,branching_acropora,39647,528,41344,0.4863528747899263,0.6544245085254939,0.9868574984443061,0.4895235273055031
GPAB4797_jpg.rf.e4b9f8bdcb32587cb5017cdd72df915d.jpg,finger_acropora,337878,4758,2805,0.9781062467975719,0.9889319629631256,0.9861135432353868,0.9917665395690421
GPAB4797_jpg.rf.e4b9f8bdcb32587cb5017cdd72df915d.jpg,finger_porites,0,0,0,1.0,1.0,,
GPAB4797_jpg.rf.e4b9f8bdcb32587cb5017cdd72df915d.jpg,knob_porites,0,0,0,1.0,1.0,,
GPAB4797_jpg.rf.e4b9f8bdcb32587cb5017cdd72df915d.jpg,mounding_,0,0,0,1.0,1.0,,
GPAB4797_jpg.rf.e4b9f8bdcb32587cb5017cdd72df915d.jpg,oddball,0,0,0,1.0,1.0,,
GPAB4797_jpg.rf.e4b9f8bdcb32587cb5017cdd72df915d.jpg,pocillopora_,7802,186,1920,0.7874444893015745,0.8810841332580464,0.9767150726089133,0.8025097716519235
GPAB4797_jpg.rf.e4b9f8bdcb32587cb5017cdd72df915d.jpg,table_acropora,84186,396,1275,0.9805374052203082,0.9901730738695507,0.9953181527984678,0.9850809141011689
GPAB4801_jpg.rf.9739c11121861706595f5b3390fbd58c.jpg,branching_acropora,0,0,0,1.0,1.0,,
GPAB4801_jpg.rf.9739c11121861706595f5b3390fbd58c.jpg,finger_acropora,96833,8624,16630,0.7931475095628527,0.8846427918874474,0.9182225930948159,0.8534323964640456
GPAB4801_jpg.rf.9739c11121861706595f5b3390fbd58c.jpg,finger_porites,0,0,0,1.0,1.0,,
GPAB4801_jpg.rf.9739c11121861706595f5b3390fbd58c.jpg,knob_porites,0,1362,0,0.0,0.0,0.0,
GPAB4801_jpg.rf.9739c11121861706595f5b3390fbd58c.jpg,mounding_,23171,11375,11269,0.5057513914656772,0.6717594874322326,0.6707288832281596,0.6727932636469222
GPAB4801_jpg.rf.9739c11121861706595f5b3390fbd58c.jpg,oddball,0,0,0,1.0,1.0,,
GPAB4801_jpg.rf.9739c11121861706595f5b3390fbd58c.jpg,pocillopora_,2676,1829,2982,0.3574195271804461,0.5266161566466595,0.5940066592674805,0.47295864262990456
GPAB4801_jpg.rf.9739c11121861706595f5b3390fbd58c.jpg,table_acropora,0,0,0,1.0,1.0,,
GPAB4803_jpg.rf.dc872b5dd3a719c76a02e05e55e48979.jpg,branching_acropora,104136,53367,1720,0.6540261143176551,0.7908292482884579,0.6611683586979296,0.9837515114873036
GPAB4803_jpg.rf.dc872b5dd3a719c76a02e05e55e48979.jpg,finger_acropora,104329,32151,8819,0.718029718029718,0.83587578316535,0.7644270222743259,0.9220578357549404
GPAB4803_jpg.rf.dc872b5dd3a719c76a02e05e55e48979.jpg,finger_porites,0,0,0,1.0,1.0,,
GPAB4803_jpg.rf.dc872b5dd3a719c76a02e05e55e48979.jpg,knob_porites,0,0,0,1.0,1.0,,
GPAB4803_jpg.rf.dc872b5dd3a719c76a02e05e55e48979.jpg,mounding_,37481,21428,204,0.6340568064554328,0.7760523427956187,0.6362525250810572,0.9945867055857769
GPAB4803_jpg.rf.dc872b5dd3a719c76a02e05e55e48979.jpg,oddball,0,0,0,1.0,1.0,,
GPAB4803_jpg.rf.dc872b5dd3a719c76a02e05e55e48979.jpg,pocillopora_,0,0,2431,0.0,0.0,,0.0
GPAB4803_jpg.rf.dc872b5dd3a719c76a02e05e55e48979.jpg,table_acropora,0,0,0,1.0,1.0,,
GPAB4838_jpg.rf.577d2dba6fa6db597e730cd8e9cc4d40.jpg,branching_acropora,0,0,0,1.0,1.0,,
GPAB4838_jpg.rf.577d2dba6fa6db597e730cd8e9cc4d40.jpg,finger_acropora,36313,7262,574,0.8225101361299236,0.9026124133131167,0.8333448078026391,0.9844389622360181
GPAB4838_jpg.rf.577d2dba6fa6db597e730cd8e9cc4d40.jpg,finger_porites,0,0,0,1.0,1.0,,
GPAB4838_jpg.rf.577d2dba6fa6db597e730cd8e9cc4d40.jpg,knob_porites,0,0,0,1.0,1.0,,
GPAB4838_jpg.rf.577d2dba6fa6db597e730cd8e9cc4d40.jpg,mounding_,0,0,2522,0.0,0.0,,0.0
GPAB4838_jpg.rf.577d2dba6fa6db597e730cd8e9cc4d40.jpg,oddball,0,0,0,1.0,1.0,,
GPAB4838_jpg.rf.577d2dba6fa6db597e730cd8e9cc4d40.jpg,pocillopora_,0,0,0,1.0,1.0,,
GPAB4838_jpg.rf.577d2dba6fa6db597e730cd8e9cc4d40.jpg,table_acropora,588902,8036,39379,0.9254852534192863,0.9613007960209563,0.9865379654168439,0.937322631115695
GPAB4862_jpg.rf.11a13aa47c9a9c8fb61cd72b53131a3d.jpg,branching_acropora,3302,2,54506,0.0571181456495416,0.10806388270716062,0.9993946731234867,0.05712012178245226
GPAB4862_jpg.rf.11a13aa47c9a9c8fb61cd72b53131a3d.jpg,finger_acropora,29170,12046,12232,0.5457641071695853,0.7061415187973565,0.7077348602484472,0.7045553354910391
GPAB4862_jpg.rf.11a13aa47c9a9c8fb61cd72b53131a3d.jpg,finger_porites,0,4204,0,0.0,0.0,0.0,
GPAB4862_jpg.rf.11a13aa47c9a9c8fb61cd72b53131a3d.jpg,knob_porites,0,0,0,1.0,1.0,,
GPAB4862_jpg.rf.11a13aa47c9a9c8fb61cd72b53131a3d.jpg,mounding_,10476,8716,4238,0.4471190781049936,0.6179437267740223,0.5458524385160484,0.7119749898056273
GPAB4862_jpg.rf.11a13aa47c9a9c8fb61cd72b53131a3d.jpg,oddball,0,0,0,1.0,1.0,,
GPAB4862_jpg.rf.11a13aa47c9a9c8fb61cd72b53131a3d.jpg,pocillopora_,13480,6107,270,0.678853804703631,0.8087110417854037,0.6882115688977383,0.9803636363636363
GPAB4862_jpg.rf.11a13aa47c9a9c8fb61cd72b53131a3d.jpg,table_acropora,12431,32522,4871,0.24949823378291586,0.39935748132680104,0.2765332680799947,0.7184718529649752
GPAB4875_jpg.rf.420ee51b2763bb6abc8d4e698fed5e40.jpg,branching_acropora,0,0,0,1.0,1.0,,
GPAB4875_jpg.rf.420ee51b2763bb6abc8d4e698fed5e40.jpg,finger_acropora,111100,5578,212,0.9504662503208144,0.9746041493047941,0.952193215516207,0.9980954434382636
GPAB4875_jpg.rf.420ee51b2763bb6abc8d4e698fed5e40.jpg,finger_porites,8973,1488,12091,0.397880454061724,0.5692624900872324,0.8577573845712647,0.4259874667679453
GPAB4875_jpg.rf.420ee51b2763bb6abc8d4e698fed5e40.jpg,knob_porites,0,0,0,1.0,1.0,,
GPAB4875_jpg.rf.420ee51b2763bb6abc8d4e698fed5e40.jpg,mounding_,31398,1215,11237,0.7160319270239452,0.8345205188177759,0.9627449176708675,0.736437199483992
GPAB4875_jpg.rf.420ee51b2763bb6abc8d4e698fed5e40.jpg,oddball,0,0,0,1.0,1.0,,
GPAB4875_jpg.rf.420ee51b2763bb6abc8d4e698fed5e40.jpg,pocillopora_,41912,12122,16293,0.595958877813642,0.7468348791418312,0.7756597697745864,0.7200755948801649
GPAB4875_jpg.rf.420ee51b2763bb6abc8d4e698fed5e40.jpg,table_acropora,0,0,0,1.0,1.0,,
GPAB4881_jpg.rf.8b2a14c2b37d92d63755a939f2eb6281.jpg,branching_acropora,0,0,0,1.0,1.0,,
GPAB4881_jpg.rf.8b2a14c2b37d92d63755a939f2eb6281.jpg,finger_acropora,469221,1534,5714,0.9847880974418063,0.9923357548456683,0.9967414047646865,0.9879688799519935
GPAB4881_jpg.rf.8b2a14c2b37d92d63755a939f2eb6281.jpg,finger_porites,0,0,0,1.0,1.0,,
GPAB4881_jpg.rf.8b2a14c2b37d92d63755a939f2eb6281.jpg,knob_porites,0,0,0,1.0,1.0,,
GPAB4881_jpg.rf.8b2a14c2b37d92d63755a939f2eb6281.jpg,mounding_,0,0,2137,0.0,0.0,,0.0
GPAB4881_jpg.rf.8b2a14c2b37d92d63755a939f2eb6281.jpg,oddball,0,0,0,1.0,1.0,,
GPAB4881_jpg.rf.8b2a14c2b37d92d63755a939f2eb6281.jpg,pocillopora_,11928,291,509,0.9371464487743557,0.9675535366645036,0.9761846304934937,0.9590737316073008
GPAB4881_jpg.rf.8b2a14c2b37d92d63755a939f2eb6281.jpg,table_acropora,0,0,0,1.0,1.0,,
GPAB4888_jpg.rf.7f6403933175008ae00c4b79b70dbb31.jpg,branching_acropora,978144,14636,6700,0.978652899507744,0.9892112959794177,0.9852575595801688,0.9931968920966163
GPAB4888_jpg.rf.7f6403933175008ae00c4b79b70dbb31.jpg,finger_acropora,0,0,0,1.0,1.0,,
GPAB4888_jpg.rf.7f6403933175008ae00c4b79b70dbb31.jpg,finger_porites,0,0,0,1.0,1.0,,
GPAB4888_jpg.rf.7f6403933175008ae00c4b79b70dbb31.jpg,knob_porites,0,0,0,1.0,1.0,,
GPAB4888_jpg.rf.7f6403933175008ae00c4b79b70dbb31.jpg,mounding_,0,0,0,1.0,1.0,,
GPAB4888_jpg.rf.7f6403933175008ae00c4b79b70dbb31.jpg,oddball,0,0,0,1.0,1.0,,
GPAB4888_jpg.rf.7f6403933175008ae00c4b79b70dbb31.jpg,pocillopora_,0,0,0,1.0,1.0,,
GPAB4888_jpg.rf.7f6403933175008ae00c4b79b70dbb31.jpg,table_acropora,0,0,0,1.0,1.0,,
GPAB4890_jpg.rf.de3c1c5f1753fbe3dbfcdaa09e3628b2.jpg,branching_acropora,0,0,0,1.0,1.0,,
GPAB4890_jpg.rf.de3c1c5f1753fbe3dbfcdaa09e3628b2.jpg,finger_acropora,187655,6303,21953,0.8691312624183113,0.9299841909377896,0.9675032739046597,0.8952664020457235
GPAB4890_jpg.rf.de3c1c5f1753fbe3dbfcdaa09e3628b2.jpg,finger_porites,0,0,0,1.0,1.0,,
GPAB4890_jpg.rf.de3c1c5f1753fbe3dbfcdaa09e3628b2.jpg,knob_porites,0,0,0,1.0,1.0,,
GPAB4890_jpg.rf.de3c1c5f1753fbe3dbfcdaa09e3628b2.jpg,mounding_,0,0,19641,0.0,0.0,,0.0
GPAB4890_jpg.rf.de3c1c5f1753fbe3dbfcdaa09e3628b2.jpg,oddball,0,0,0,1.0,1.0,,
GPAB4890_jpg.rf.de3c1c5f1753fbe3dbfcdaa09e3628b2.jpg,pocillopora_,0,0,0,1.0,1.0,,
GPAB4890_jpg.rf.de3c1c5f1753fbe3dbfcdaa09e3628b2.jpg,table_acropora,0,0,0,1.0,1.0,,
GPAB4891_jpg.rf.b904748dfaec0495e1cf5166ada62dc2.jpg,branching_acropora,0,0,0,1.0,1.0,,
GPAB4891_jpg.rf.b904748dfaec0495e1cf5166ada62dc2.jpg,finger_acropora,2981,166,5107,0.36115822631451416,0.5306631063640409,0.9472513504925326,0.36857072205736896
GPAB4891_jpg.rf.b904748dfaec0495e1cf5166ada62dc2.jpg,finger_porites,0,0,0,1.0,1.0,,
GPAB4891_jpg.rf.b904748dfaec0495e1cf5166ada62dc2.jpg,knob_porites,0,0,0,1.0,1.0,,
GPAB4891_jpg.rf.b904748dfaec0495e1cf5166ada62dc2.jpg,mounding_,47199,1985,9724,0.8012324302301894,0.8896491277672538,0.9596413467794405,0.8291727421253272
GPAB4891_jpg.rf.b904748dfaec0495e1cf5166ada62dc2.jpg,oddball,0,0,0,1.0,1.0,,
GPAB4891_jpg.rf.b904748dfaec0495e1cf5166ada62dc2.jpg,pocillopora_,7622,169,503,0.9189775741499879,0.9577783362653933,0.978308304453857,0.9380923076923077
GPAB4891_jpg.rf.b904748dfaec0495e1cf5166ada62dc2.jpg,table_acropora,58356,432,1437,0.9689663760896637,0.9842386217016217,0.992651561543172,0.9759670864482465
GPAB4901_jpg.rf.47fdedb2f1b1ad1872ea1d068c561138.jpg,branching_acropora,0,0,0,1.0,1.0,,
GPAB4901_jpg.rf.47fdedb2f1b1ad1872ea1d068c561138.jpg,finger_acropora,43858,1579,262,0.9597146545876277,0.9794432596000313,0.9652485859541783,0.9940616500453309
GPAB4901_jpg.rf.47fdedb2f1b1ad1872ea1d068c561138.jpg,finger_porites,4622,340,130,0.9076983503534957,0.9516162240065884,0.9314792422410318,0.9726430976430976
GPAB4901_jpg.rf.47fdedb2f1b1ad1872ea1d068c561138.jpg,knob_porites,0,0,0,1.0,1.0,,
GPAB4901_jpg.rf.47fdedb2f1b1ad1872ea1d068c561138.jpg,mounding_,0,8784,0,0.0,0.0,0.0,
GPAB4901_jpg.rf.47fdedb2f1b1ad1872ea1d068c561138.jpg,oddball,0,0,0,1.0,1.0,,
GPAB4901_jpg.rf.47fdedb2f1b1ad1872ea1d068c561138.jpg,pocillopora_,44687,2823,1030,0.9206221672847137,0.9586707713430659,0.9405809303304568,0.977470087713542
GPAB4901_jpg.rf.47fdedb2f1b1ad1872ea1d068c561138.jpg,table_acropora,0,0,0,1.0,1.0,,
GPAB5033_jpg.rf.a42128c7f23b888e301bb1cfac56c0ea.jpg,branching_acropora,3700,507,55,0.8681370248709526,0.9294147199196182,0.879486570002377,0.9853528628495339
GPAB5033_jpg.rf.a42128c7f23b888e301bb1cfac56c0ea.jpg,finger_acropora,206990,13909,26499,0.8366680409704201,0.9110715952005775,0.9370345723611243,0.886508572138302
GPAB5033_jpg.rf.a42128c7f23b888e301bb1cfac56c0ea.jpg,finger_porites,0,0,0,1.0,1.0,,
GPAB5033_jpg.rf.a42128c7f23b888e301bb1cfac56c0ea.jpg,knob_porites,0,0,0,1.0,1.0,,
GPAB5033_jpg.rf.a42128c7f23b888e301bb1cfac56c0ea.jpg,mounding_,38371,1215,9850,0.7761752568978073,0.8739849898071907,0.9693073308745516,0.7957321498932001
GPAB5033_jpg.rf.a42128c7f23b888e301bb1cfac56c0ea.jpg,oddball,0,0,0,1.0,1.0,,
GPAB5033_jpg.rf.a42128c7f23b888e301bb1cfac56c0ea.jpg,pocillopora_,0,0,0,1.0,1.0,,
GPAB5033_jpg.rf.a42128c7f23b888e301bb1cfac56c0ea.jpg,table_acropora,155774,1241,947,0.9861485673769641,0.9930259836295484,0.9920962965321785,0.9939574147689205
GPAB5096_jpg.rf.e6b7fbc62c0b41cc3946e299a644d3f2.jpg,branching_acropora,33887,717,6011,0.8343469161639788,0.909693699498,0.9792798520402266,0.8493408190886761
GPAB5096_jpg.rf.e6b7fbc62c0b41cc3946e299a644d3f2.jpg,finger_acropora,89527,13302,22850,0.7123465336293255,0.832012118621228,0.8706396055587432,0.7966665776804862
GPAB5096_jpg.rf.e6b7fbc62c0b41cc3946e299a644d3f2.jpg,finger_porites,0,0,0,1.0,1.0,,
GPAB5096_jpg.rf.e6b7fbc62c0b41cc3946e299a644d3f2.jpg,knob_porites,9660,4087,435,0.6811451135241856,0.8103347034644744,0.702698770640867,0.9569093610698366
GPAB5096_jpg.rf.e6b7fbc62c0b41cc3946e299a644d3f2.jpg,mounding_,1550,4268,2269,0.19166563620625696,0.32167687039535126,0.26641457545548297,0.40586540979313956
GPAB5096_jpg.rf.e6b7fbc62c0b41cc3946e299a644d3f2.jpg,oddball,0,0,0,1.0,1.0,,
GPAB5096_jpg.rf.e6b7fbc62c0b41cc3946e299a644d3f2.jpg,pocillopora_,0,0,0,1.0,1.0,,
GPAB5096_jpg.rf.e6b7fbc62c0b41cc3946e299a644d3f2.jpg,table_acropora,291889,29042,82193,0.7240675325706234,0.8399526339795083,0.9095070279904404,0.7802807940505023
GPAB5121_jpg.rf.fcbf5ec6808aa3c85aca6b2855ea846b.jpg,branching_acropora,0,0,0,1.0,1.0,,
GPAB5121_jpg.rf.fcbf5ec6808aa3c85aca6b2855ea846b.jpg,finger_acropora,644592,6953,5818,0.9805723778186481,0.990190905215618,0.9893284423946159,0.9910548730800572
GPAB5121_jpg.rf.fcbf5ec6808aa3c85aca6b2855ea846b.jpg,finger_porites,0,0,0,1.0,1.0,,
GPAB5121_jpg.rf.fcbf5ec6808aa3c85aca6b2855ea846b.jpg,knob_porites,0,0,0,1.0,1.0,,
GPAB5121_jpg.rf.fcbf5ec6808aa3c85aca6b2855ea846b.jpg,mounding_,0,0,0,1.0,1.0,,
GPAB5121_jpg.rf.fcbf5ec6808aa3c85aca6b2855ea846b.jpg,oddball,0,0,0,1.0,1.0,,
GPAB5121_jpg.rf.fcbf5ec6808aa3c85aca6b2855ea846b.jpg,pocillopora_,23376,562,402,0.9603944124897288,0.9797971330371363,0.9765226835992982,0.9830936159475145
GPAB5121_jpg.rf.fcbf5ec6808aa3c85aca6b2855ea846b.jpg,table_acropora,0,0,0,1.0,1.0,,
GPAB5140_jpg.rf.79c16d5485a87227cb76d2c41e7b4043.jpg,branching_acropora,0,0,0,1.0,1.0,,
GPAB5140_jpg.rf.79c16d5485a87227cb76d2c41e7b4043.jpg,finger_acropora,199950,20665,698,0.9034715538626289,0.9492882118771409,0.9063300319561226,0.9965212710816953
GPAB5140_jpg.rf.79c16d5485a87227cb76d2c41e7b4043.jpg,finger_porites,0,0,0,1.0,1.0,,
GPAB5140_jpg.rf.79c16d5485a87227cb76d2c41e7b4043.jpg,knob_porites,0,0,0,1.0,1.0,,
GPAB5140_jpg.rf.79c16d5485a87227cb76d2c41e7b4043.jpg,mounding_,196086,2272,24978,0.8779865315041014,0.9350296360229077,0.9885459623509009,0.8870100966236022
GPAB5140_jpg.rf.79c16d5485a87227cb76d2c41e7b4043.jpg,oddball,0,0,9083,0.0,0.0,,0.0
GPAB5140_jpg.rf.79c16d5485a87227cb76d2c41e7b4043.jpg,pocillopora_,24719,3391,387,0.8674246411903007,0.9290063138905592,0.8793667733902526,0.9845853580817334
GPAB5140_jpg.rf.79c16d5485a87227cb76d2c41e7b4043.jpg,table_acropora,0,0,0,1.0,1.0,,
GPAB5142_jpg.rf.9cbf6dc4ce3a554c05d16f34fb84dbb1.jpg,branching_acropora,0,0,0,1.0,1.0,,
GPAB5142_jpg.rf.9cbf6dc4ce3a554c05d16f34fb84dbb1.jpg,finger_acropora,150272,4550,67904,0.6746944676418559,0.8057523096638588,0.9706114118148583,0.6887650337342329
GPAB5142_jpg.rf.9cbf6dc4ce3a554c05d16f34fb84dbb1.jpg,finger_porites,0,0,0,1.0,1.0,,
GPAB5142_jpg.rf.9cbf6dc4ce3a554c05d16f34fb84dbb1.jpg,knob_porites,0,0,0,1.0,1.0,,
GPAB5142_jpg.rf.9cbf6dc4ce3a554c05d16f34fb84dbb1.jpg,mounding_,0,3086,1921,0.0,0.0,0.0,0.0
GPAB5142_jpg.rf.9cbf6dc4ce3a554c05d16f34fb84dbb1.jpg,oddball,0,0,0,1.0,1.0,,
GPAB5142_jpg.rf.9cbf6dc4ce3a554c05d16f34fb84dbb1.jpg,pocillopora_,30744,7053,4757,0.7224702730648118,0.8388769134219215,0.8133978887213271,0.8660037745415622
GPAB5142_jpg.rf.9cbf6dc4ce3a554c05d16f34fb84dbb1.jpg,table_acropora,0,0,0,1.0,1.0,,
GPAB5150_jpg.rf.78a0f068bd61364295bdd1c46e50b387.jpg,branching_acropora,39591,494,613955,0.060532994923857865,0.1141557975350006,0.9876761881002869,0.06057875038635383
GPAB5150_jpg.rf.78a0f068bd61364295bdd1c46e50b387.jpg,finger_acropora,98190,4159,1026,0.9498428053204353,0.9742762880460397,0.959364527254785,0.9896589259796807
GPAB5150_jpg.rf.78a0f068bd61364295bdd1c46e50b387.jpg,finger_porites,0,3862,0,0.0,0.0,0.0,
GPAB5150_jpg.rf.78a0f068bd61364295bdd1c46e50b387.jpg,knob_porites,0,0,0,1.0,1.0,,
GPAB5150_jpg.rf.78a0f068bd61364295bdd1c46e50b387.jpg,mounding_,0,0,0,1.0,1.0,,
GPAB5150_jpg.rf.78a0f068bd61364295bdd1c46e50b387.jpg,oddball,0,0,0,1.0,1.0,,
GPAB5150_jpg.rf.78a0f068bd61364295bdd1c46e50b387.jpg,pocillopora_,0,0,0,1.0,1.0,,
GPAB5150_jpg.rf.78a0f068bd61364295bdd1c46e50b387.jpg,table_acropora,0,0,0,1.0,1.0,,
GPAB5152_jpg.rf.dea64a52d7766208624c9075ac8e744b.jpg,branching_acropora,0,0,0,1.0,1.0,,
GPAB5152_jpg.rf.dea64a52d7766208624c9075ac8e744b.jpg,finger_acropora,130971,5744,35410,0.7609063180827886,0.864221236835854,0.9579855904619098,0.7871752183242077
GPAB5152_jpg.rf.dea64a52d7766208624c9075ac8e744b.jpg,finger_porites,0,0,0,1.0,1.0,,
GPAB5152_jpg.rf.dea64a52d7766208624c9075ac8e744b.jpg,knob_porites,0,0,0,1.0,1.0,,
GPAB5152_jpg.rf.dea64a52d7766208624c9075ac8e744b.jpg,mounding_,103185,9481,7976,0.855299149549908,0.9220067284107816,0.9158486144888431,0.9282482165507687
GPAB5152_jpg.rf.dea64a52d7766208624c9075ac8e744b.jpg,oddball,0,0,0,1.0,1.0,,
GPAB5152_jpg.rf.dea64a52d7766208624c9075ac8e744b.jpg,pocillopora_,0,0,0,1.0,1.0,,
GPAB5152_jpg.rf.dea64a52d7766208624c9075ac8e744b.jpg,table_acropora,0,0,0,1.0,1.0,,
GPAB5174_jpg.rf.46ca733d089fc887a9dc084787d33982.jpg,branching_acropora,203538,15379,7348,0.8995558305526705,0.9471222862567269,0.9297496311387421,0.9651565300683782
GPAB5174_jpg.rf.46ca733d089fc887a9dc084787d33982.jpg,finger_acropora,50993,35155,5642,0.5555398191524131,0.7142727075352108,0.5919232019315597,0.9003796239074777
GPAB5174_jpg.rf.46ca733d089fc887a9dc084787d33982.jpg,finger_porites,0,0,0,1.0,1.0,,
GPAB5174_jpg.rf.46ca733d089fc887a9dc084787d33982.jpg,knob_porites,0,0,0,1.0,1.0,,
GPAB5174_jpg.rf.46ca733d089fc887a9dc084787d33982.jpg,mounding_,7571,9077,4148,0.3640603962300442,0.5337892621708323,0.4547693416626622,0.6460448843758
GPAB5174_jpg.rf.46ca733d089fc887a9dc084787d33982.jpg,oddball,20040,4681,7304,0.6257611241217799,0.769806972054163,0.8106468184943975,0.7328847279110591
GPAB5174_jpg.rf.46ca733d089fc887a9dc084787d33982.jpg,pocillopora_,2250,44,3265,0.404749055585537,0.5762581636573185,0.980819529206626,0.40797824116047143
GPAB5174_jpg.rf.46ca733d089fc887a9dc084787d33982.jpg,table_acropora,27879,4215,1858,0.8211298303487277,0.9017806601866377,0.8686670405683306,0.9375189158287656
GPAB5179_jpg.rf.f9eed0cac19d9f9bceeb29baf5d810fb.jpg,branching_acropora,0,0,0,1.0,1.0,,
GPAB5179_jpg.rf.f9eed0cac19d9f9bceeb29baf5d810fb.jpg,finger_acropora,166508,4996,14415,0.8955943179556689,0.9449219270941216,0.9708694840936655,0.9203252212267097
GPAB5179_jpg.rf.f9eed0cac19d9f9bceeb29baf5d810fb.jpg,finger_porites,183526,3993,173641,0.5081570495071437,0.6738781609955093,0.978706157776012,0.5138380645468367
GPAB5179_jpg.rf.f9eed0cac19d9f9bceeb29baf5d810fb.jpg,knob_porites,0,168937,0,0.0,0.0,0.0,
GPAB5179_jpg.rf.f9eed0cac19d9f9bceeb29baf5d810fb.jpg,mounding_,7809,7936,18688,0.22678825545261813,0.36972681217745373,0.49596697364242615,0.2947126089746009
GPAB5179_jpg.rf.f9eed0cac19d9f9bceeb29baf5d810fb.jpg,oddball,0,0,0,1.0,1.0,,
GPAB5179_jpg.rf.f9eed0cac19d9f9bceeb29baf5d810fb.jpg,pocillopora_,18021,1287,627,0.9039879608728367,0.9495731900094847,0.9333436917339962,0.9663770913770914
GPAB5179_jpg.rf.f9eed0cac19d9f9bceeb29baf5d810fb.jpg,table_acropora,0,9599,0,0.0,0.0,0.0,
GPAB5226_jpg.rf.f2ca7f8c573d5d5c1b5f8e5eac9c6320.jpg,branching_acropora,26709,2231,321,0.9127849355797819,0.9544041450777202,0.9229094678645473,0.9881243063263041
GPAB5226_jpg.rf.f2ca7f8c573d5d5c1b5f8e5eac9c6320.jpg,finger_acropora,80058,9197,13649,0.7779872502526627,0.8751325411834151,0.8969581536048401,0.8543438590500176
GPAB5226_jpg.rf.f2ca7f8c573d5d5c1b5f8e5eac9c6320.jpg,finger_porites,0,0,0,1.0,1.0,,
GPAB5226_jpg.rf.f2ca7f8c573d5d5c1b5f8e5eac9c6320.jpg,knob_porites,0,0,0,1.0,1.0,,
GPAB5226_jpg.rf.f2ca7f8c573d5d5c1b5f8e5eac9c6320.jpg,mounding_,11725,387,3117,0.7699126666228905,0.8700007420048972,0.9680482166446499,0.7899878722544131
GPAB5226_jpg.rf.f2ca7f8c573d5d5c1b5f8e5eac9c6320.jpg,oddball,0,0,0,1.0,1.0,,
GPAB5226_jpg.rf.f2ca7f8c573d5d5c1b5f8e5eac9c6320.jpg,pocillopora_,4606,1489,1945,0.5728855721393035,0.72845168432706,0.755701394585726,0.70309876354755
GPAB5226_jpg.rf.f2ca7f8c573d5d5c1b5f8e5eac9c6320.jpg,table_acropora,347887,4093,2332,0.9818662647610016,0.9908501721022104,0.9883714983805898,0.993341309295041
GPAB5236_jpg.rf.c1137ff7d5cba4f3f3f0a4a9cce4bce8.jpg,branching_acropora,0,0,0,1.0,1.0,,
GPAB5236_jpg.rf.c1137ff7d5cba4f3f3f0a4a9cce4bce8.jpg,finger_acropora,156507,5830,3107,0.9459817219119461,0.9722411174371255,0.9640870534751782,0.9805342889721453
GPAB5236_jpg.rf.c1137ff7d5cba4f3f3f0a4a9cce4bce8.jpg,finger_porites,0,0,0,1.0,1.0,,
GPAB5236_jpg.rf.c1137ff7d5cba4f3f3f0a4a9cce4bce8.jpg,knob_porites,0,0,0,1.0,1.0,,
GPAB5236_jpg.rf.c1137ff7d5cba4f3f3f0a4a9cce4bce8.jpg,mounding_,40741,66,10993,0.7865057915057915,0.8804962124895992,0.9983826304310535,0.7875091815827115
GPAB5236_jpg.rf.c1137ff7d5cba4f3f3f0a4a9cce4bce8.jpg,oddball,0,0,0,1.0,1.0,,
GPAB5236_jpg.rf.c1137ff7d5cba4f3f3f0a4a9cce4bce8.jpg,pocillopora_,8106,3259,15399,0.30286952622926316,0.4649268712360195,0.7132424109106907,0.3448627951499681
GPAB5236_jpg.rf.c1137ff7d5cba4f3f3f0a4a9cce4bce8.jpg,table_acropora,9510,6,272,0.971597874948917,0.9855943621100632,0.9993694829760403,0.97219382539358
GPAB5241_jpg.rf.3652b87908eefc756b80da270e2a609f.jpg,branching_acropora,0,0,0,1.0,1.0,,
GPAB5241_jpg.rf.3652b87908eefc756b80da270e2a609f.jpg,finger_acropora,0,14140,0,0.0,0.0,0.0,
GPAB5241_jpg.rf.3652b87908eefc756b80da270e2a609f.jpg,finger_porites,0,0,0,1.0,1.0,,
GPAB5241_jpg.rf.3652b87908eefc756b80da270e2a609f.jpg,knob_porites,0,0,0,1.0,1.0,,
GPAB5241_jpg.rf.3652b87908eefc756b80da270e2a609f.jpg,mounding_,0,0,0,1.0,1.0,,
GPAB5241_jpg.rf.3652b87908eefc756b80da270e2a609f.jpg,oddball,0,0,0,1.0,1.0,,
GPAB5241_jpg.rf.3652b87908eefc756b80da270e2a609f.jpg,pocillopora_,0,35903,0,0.0,0.0,0.0,
GPAB5241_jpg.rf.3652b87908eefc756b80da270e2a609f.jpg,table_acropora,0,0,0,1.0,1.0,,
GPAB5248_jpg.rf.e6a7d848114e0c62c755ad295d87f35f.jpg,branching_acropora,0,0,0,1.0,1.0,,
GPAB5248_jpg.rf.e6a7d848114e0c62c755ad295d87f35f.jpg,finger_acropora,358419,36377,8077,0.8896575347566107,0.9416071625604893,0.9078587422364969,0.9779615602898803
GPAB5248_jpg.rf.e6a7d848114e0c62c755ad295d87f35f.jpg,finger_porites,0,0,1517,0.0,0.0,,0.0
GPAB5248_jpg.rf.e6a7d848114e0c62c755ad295d87f35f.jpg,knob_porites,0,0,0,1.0,1.0,,
GPAB5248_jpg.rf.e6a7d848114e0c62c755ad295d87f35f.jpg,mounding_,0,0,3554,0.0,0.0,,0.0
GPAB5248_jpg.rf.e6a7d848114e0c62c755ad295d87f35f.jpg,oddball,0,0,0,1.0,1.0,,
GPAB5248_jpg.rf.e6a7d848114e0c62c755ad295d87f35f.jpg,pocillopora_,22901,2977,3527,0.7788131270192145,0.8756548005964899,0.8849601978514569,0.8665430603904949
GPAB5248_jpg.rf.e6a7d848114e0c62c755ad295d87f35f.jpg,table_acropora,0,0,0,1.0,1.0,,
GPAB5285_jpg.rf.917b9bc4a3094f60d6dd54576e66897b.jpg,branching_acropora,0,0,0,1.0,1.0,,
GPAB5285_jpg.rf.917b9bc4a3094f60d6dd54576e66897b.jpg,finger_acropora,193482,12061,5108,0.9184955210276714,0.9575164611650125,0.9413212807052539,0.9742786645853265
GPAB5285_jpg.rf.917b9bc4a3094f60d6dd54576e66897b.jpg,finger_porites,0,6721,0,0.0,0.0,0.0,
GPAB5285_jpg.rf.917b9bc4a3094f60d6dd54576e66897b.jpg,knob_porites,0,0,0,1.0,1.0,,
GPAB5285_jpg.rf.917b9bc4a3094f60d6dd54576e66897b.jpg,mounding_,5530,1669,9845,0.32445435343816004,0.4899441835740232,0.7681622447562162,0.3596747967479675
GPAB5285_jpg.rf.917b9bc4a3094f60d6dd54576e66897b.jpg,oddball,0,0,2990,0.0,0.0,,0.0
GPAB5285_jpg.rf.917b9bc4a3094f60d6dd54576e66897b.jpg,pocillopora_,14771,480,117,0.961153045288912,0.9801917780948273,0.9685266539899023,0.9921413218699624
GPAB5285_jpg.rf.917b9bc4a3094f60d6dd54576e66897b.jpg,table_acropora,0,0,0,1.0,1.0,,
GPAB5286_jpg.rf.7e8781dd4975ce7fca1bc1950bfe023e.jpg,branching_acropora,0,0,0,1.0,1.0,,
GPAB5286_jpg.rf.7e8781dd4975ce7fca1bc1950bfe023e.jpg,finger_acropora,334907,16965,37507,0.8601054499600647,0.9247921401214437,0.9517864450709349,0.8992868152110286
GPAB5286_jpg.rf.7e8781dd4975ce7fca1bc1950bfe023e.jpg,finger_porites,24629,1449,61031,0.28273771940901626,0.4408348100019689,0.94443592300023,0.28752042960541674
GPAB5286_jpg.rf.7e8781dd4975ce7fca1bc1950bfe023e.jpg,knob_porites,0,0,0,1.0,1.0,,
GPAB5286_jpg.rf.7e8781dd4975ce7fca1bc1950bfe023e.jpg,mounding_,0,15689,0,0.0,0.0,0.0,
GPAB5286_jpg.rf.7e8781dd4975ce7fca1bc1950bfe023e.jpg,oddball,9810,3873,5063,0.5233116398164942,0.6870710183499089,0.7169480377110283,0.6595844819471526
GPAB5286_jpg.rf.7e8781dd4975ce7fca1bc1950bfe023e.jpg,pocillopora_,14882,2523,673,0.8232105321385109,0.9030339805825243,0.8550416546969262,0.956734169077467
GPAB5286_jpg.rf.7e8781dd4975ce7fca1bc1950bfe023e.jpg,table_acropora,0,0,0,1.0,1.0,,
GPAB5287_jpg.rf.f316e103bf2987c11731ee8f25b032d8.jpg,branching_acropora,0,0,0,1.0,1.0,,
GPAB5287_jpg.rf.f316e103bf2987c11731ee8f25b032d8.jpg,finger_acropora,82597,4731,20119,0.7687231844537307,0.8692408073919724,0.9458249358739464,0.8041298337162662
GPAB5287_jpg.rf.f316e103bf2987c11731ee8f25b032d8.jpg,finger_porites,0,0,0,1.0,1.0,,
GPAB5287_jpg.rf.f316e103bf2987c11731ee8f25b032d8.jpg,knob_porites,0,0,0,1.0,1.0,,
GPAB5287_jpg.rf.f316e103bf2987c11731ee8f25b032d8.jpg,mounding_,4271,83,9504,0.3081974310867369,0.4711787743394561,0.9809370693615067,0.31005444646098
GPAB5287_jpg.rf.f316e103bf2987c11731ee8f25b032d8.jpg,oddball,0,0,0,1.0,1.0,,
GPAB5287_jpg.rf.f316e103bf2987c11731ee8f25b032d8.jpg,pocillopora_,50678,2736,5820,0.8555559307154674,0.9221559065434165,0.9487774740704684,0.8969875039824419
GPAB5287_jpg.rf.f316e103bf2987c11731ee8f25b032d8.jpg,table_acropora,0,0,0,1.0,1.0,,
GPAB5297_jpg.rf.0296081ab463a9d1ecf239538718dd87.jpg,branching_acropora,186440,10335,21284,0.8549979592679046,0.9218316979770037,0.9474780841062127,0.8975371165585103
GPAB5297_jpg.rf.0296081ab463a9d1ecf239538718dd87.jpg,finger_acropora,98831,2623,12930,0.8640281857602462,0.9270548507375185,0.9741459183472313,0.8843066901692004
GPAB5297_jpg.rf.0296081ab463a9d1ecf239538718dd87.jpg,finger_porites,0,1291,0,0.0,0.0,0.0,
GPAB5297_jpg.rf.0296081ab463a9d1ecf239538718dd87.jpg,knob_porites,0,0,0,1.0,1.0,,
GPAB5297_jpg.rf.0296081ab463a9d1ecf239538718dd87.jpg,mounding_,36178,24599,1223,0.583516129032258,0.7369879199005888,0.595258074600589,0.9673003395631132
GPAB5297_jpg.rf.0296081ab463a9d1ecf239538718dd87.jpg,oddball,0,0,0,1.0,1.0,,
GPAB5297_jpg.rf.0296081ab463a9d1ecf239538718dd87.jpg,pocillopora_,6140,722,66,0.8862586605080831,0.9397000306091216,0.894782862139318,0.9893651305188528
GPAB5297_jpg.rf.0296081ab463a9d1ecf239538718dd87.jpg,table_acropora,0,0,0,1.0,1.0,,
GPAB5299_jpg.rf.982209f62d95c666316b67c67161afb2.jpg,branching_acropora,0,0,0,1.0,1.0,,
GPAB5299_jpg.rf.982209f62d95c666316b67c67161afb2.jpg,finger_acropora,102403,4009,33124,0.7338822956083018,0.8465191639214843,0.962325677555163,0.7555911368214452
GPAB5299_jpg.rf.982209f62d95c666316b67c67161afb2.jpg,finger_porites,0,0,0,1.0,1.0,,
GPAB5299_jpg.rf.982209f62d95c666316b67c67161afb2.jpg,knob_porites,0,0,0,1.0,1.0,,
GPAB5299_jpg.rf.982209f62d95c666316b67c67161afb2.jpg,mounding_,0,18455,1094,0.0,0.0,0.0,0.0
GPAB5299_jpg.rf.982209f62d95c666316b67c67161afb2.jpg,oddball,0,0,0,1.0,1.0,,
GPAB5299_jpg.rf.982209f62d95c666316b67c67161afb2.jpg,pocillopora_,5060,497,1085,0.7618187292984041,0.8648094342847377,0.910563253554076,0.8234336859235151
GPAB5299_jpg.rf.982209f62d95c666316b67c67161afb2.jpg,table_acropora,0,0,0,1.0,1.0,,
GPAB5302_jpg.rf.3c212643573c9f4bb59e48652eb6d846.jpg,branching_acropora,300951,14675,24252,0.8854677266548585,0.9392552459392444,0.9535050978056308,0.9254250422044077
GPAB5302_jpg.rf.3c212643573c9f4bb59e48652eb6d846.jpg,finger_acropora,0,2320,0,0.0,0.0,0.0,
GPAB5302_jpg.rf.3c212643573c9f4bb59e48652eb6d846.jpg,finger_porites,0,0,10648,0.0,0.0,,0.0
GPAB5302_jpg.rf.3c212643573c9f4bb59e48652eb6d846.jpg,knob_porites,0,0,0,1.0,1.0,,
GPAB5302_jpg.rf.3c212643573c9f4bb59e48652eb6d846.jpg,mounding_,6617,59,11029,0.3737362327026264,0.5441164377929446,0.9911623726782505,0.3749858324832823
GPAB5302_jpg.rf.3c212643573c9f4bb59e48652eb6d846.jpg,oddball,0,0,0,1.0,1.0,,
GPAB5302_jpg.rf.3c212643573c9f4bb59e48652eb6d846.jpg,pocillopora_,0,0,0,1.0,1.0,,
GPAB5302_jpg.rf.3c212643573c9f4bb59e48652eb6d846.jpg,table_acropora,0,0,0,1.0,1.0,,
GPAB5307_jpg.rf.4d7d182d23541594f3ab8ffa499acae2.jpg,branching_acropora,0,0,0,1.0,1.0,,
GPAB5307_jpg.rf.4d7d182d23541594f3ab8ffa499acae2.jpg,finger_acropora,191833,5798,744,0.9670220541902962,0.9832345825815975,0.970662497280285,0.9961366102909486
GPAB5307_jpg.rf.4d7d182d23541594f3ab8ffa499acae2.jpg,finger_porites,18493,4831,2261,0.7228063318350596,0.839103407595626,0.7928742925741725,0.8910571456104848
GPAB5307_jpg.rf.4d7d182d23541594f3ab8ffa499acae2.jpg,knob_porites,0,0,0,1.0,1.0,,
GPAB5307_jpg.rf.4d7d182d23541594f3ab8ffa499acae2.jpg,mounding_,15637,2284,8404,0.5939981006647673,0.7452933606596445,0.8725517549243904,0.6504305145376649
GPAB5307_jpg.rf.4d7d182d23541594f3ab8ffa499acae2.jpg,oddball,0,0,0,1.0,1.0,,
GPAB5307_jpg.rf.4d7d182d23541594f3ab8ffa499acae2.jpg,pocillopora_,0,0,21097,0.0,0.0,,0.0
GPAB5307_jpg.rf.4d7d182d23541594f3ab8ffa499acae2.jpg,table_acropora,0,0,0,1.0,1.0,,
GPAB5308_jpg.rf.115bcdb8bbdc8ee1e2920379b038f344.jpg,branching_acropora,0,0,0,1.0,1.0,,
GPAB5308_jpg.rf.115bcdb8bbdc8ee1e2920379b038f344.jpg,finger_acropora,211830,29847,2209,0.8685615410478666,0.9296579448603955,0.876500453084075,0.9896794509411836
GPAB5308_jpg.rf.115bcdb8bbdc8ee1e2920379b038f344.jpg,finger_porites,0,0,21936,0.0,0.0,,0.0
GPAB5308_jpg.rf.115bcdb8bbdc8ee1e2920379b038f344.jpg,knob_porites,0,0,0,1.0,1.0,,
GPAB5308_jpg.rf.115bcdb8bbdc8ee1e2920379b038f344.jpg,mounding_,10285,2328,5814,0.5581483692407879,0.7164251880746726,0.8154285261238405,0.6388595564941922
GPAB5308_jpg.rf.115bcdb8bbdc8ee1e2920379b038f344.jpg,oddball,0,0,4315,0.0,0.0,,0.0
GPAB5308_jpg.rf.115bcdb8bbdc8ee1e2920379b038f344.jpg,pocillopora_,15856,1223,1331,0.8612710483432917,0.925465475982023,0.9283915920135839,0.9225577471344621
GPAB5308_jpg.rf.115bcdb8bbdc8ee1e2920379b038f344.jpg,table_acropora,0,0,0,1.0,1.0,,
GPAB5309_jpg.rf.d19f7d3fbbd76e45123f9b77fbf6c288.jpg,branching_acropora,0,0,0,1.0,1.0,,
GPAB5309_jpg.rf.d19f7d3fbbd76e45123f9b77fbf6c288.jpg,finger_acropora,227676,15684,456,0.9338025396200413,0.9657682420910642,0.9355522682445759,0.9980011572247646
GPAB5309_jpg.rf.d19f7d3fbbd76e45123f9b77fbf6c288.jpg,finger_porites,27231,659,91004,0.2290359479872828,0.37270829769033365,0.9763714593044102,0.23031251321520702
GPAB5309_jpg.rf.d19f7d3fbbd76e45123f9b77fbf6c288.jpg,knob_porites,0,0,0,1.0,1.0,,
GPAB5309_jpg.rf.d19f7d3fbbd76e45123f9b77fbf6c288.jpg,mounding_,18791,22848,10022,0.36373666789260756,0.5334412081984897,0.45128365234515716,0.652170895082081
GPAB5309_jpg.rf.d19f7d3fbbd76e45123f9b77fbf6c288.jpg,oddball,0,0,0,1.0,1.0,,
GPAB5309_jpg.rf.d19f7d3fbbd76e45123f9b77fbf6c288.jpg,pocillopora_,12089,3307,89,0.7806909912818857,0.8768405019221005,0.7852039490776825,0.9926917392018394
GPAB5309_jpg.rf.d19f7d3fbbd76e45123f9b77fbf6c288.jpg,table_acropora,0,0,0,1.0,1.0,,
GPAB5311_jpg.rf.411f63a94d59592bc074a6196bacf1d0.jpg,branching_acropora,60778,3395,10271,0.8164257697060878,0.8989365635769327,0.9470961307715082,0.8554377964503371
GPAB5311_jpg.rf.411f63a94d59592bc074a6196bacf1d0.jpg,finger_acropora,9762,8199,0,0.5435109403708034,0.704252786494968,0.5435109403708034,1.0
GPAB5311_jpg.rf.411f63a94d59592bc074a6196bacf1d0.jpg,finger_porites,10007,320,37469,0.2093689848522889,0.3462450045845371,0.9690132661954101,0.21078018367174994
GPAB5311_jpg.rf.411f63a94d59592bc074a6196bacf1d0.jpg,knob_porites,0,0,0,1.0,1.0,,
GPAB5311_jpg.rf.411f63a94d59592bc074a6196bacf1d0.jpg,mounding_,7868,33666,965,0.18513376785336125,0.3124267873806262,0.18943516155438916,0.8907505943620514
GPAB5311_jpg.rf.411f63a94d59592bc074a6196bacf1d0.jpg,oddball,10716,789,219,0.9140225179119754,0.9550802139037433,0.9314211212516297,0.9799725651577503
GPAB5311_jpg.rf.411f63a94d59592bc074a6196bacf1d0.jpg,pocillopora_,31816,1375,19807,0.6003245405487,0.7502534958851133,0.9585731071676057,0.6163144334889488
GPAB5311_jpg.rf.411f63a94d59592bc074a6196bacf1d0.jpg,table_acropora,0,12478,0,0.0,0.0,0.0,
GPAB5332_jpg.rf.39ed198ee533269eccb7c8a2b4905b87.jpg,branching_acropora,0,0,0,1.0,1.0,,
GPAB5332_jpg.rf.39ed198ee533269eccb7c8a2b4905b87.jpg,finger_acropora,0,0,6383,0.0,0.0,,0.0
GPAB5332_jpg.rf.39ed198ee533269eccb7c8a2b4905b87.jpg,finger_porites,0,5502,0,0.0,0.0,0.0,
GPAB5332_jpg.rf.39ed198ee533269eccb7c8a2b4905b87.jpg,knob_porites,0,0,0,1.0,1.0,,
GPAB5332_jpg.rf.39ed198ee533269eccb7c8a2b4905b87.jpg,mounding_,47673,6566,445,0.8717906517445688,0.9315044403411589,0.8789431958553808,0.990751901575294
GPAB5332_jpg.rf.39ed198ee533269eccb7c8a2b4905b87.jpg,oddball,0,0,35134,0.0,0.0,,0.0
GPAB5332_jpg.rf.39ed198ee533269eccb7c8a2b4905b87.jpg,pocillopora_,7022,7999,2648,0.39741920878374554,0.5687902474585882,0.467478862925238,0.726163391933816
GPAB5332_jpg.rf.39ed198ee533269eccb7c8a2b4905b87.jpg,table_acropora,0,0,0,1.0,1.0,,
GPAB5333_jpg.rf.2fb14ea874aaf0bdc6acefaa46ae3b24.jpg,branching_acropora,0,0,0,1.0,1.0,,
GPAB5333_jpg.rf.2fb14ea874aaf0bdc6acefaa46ae3b24.jpg,finger_acropora,0,0,0,1.0,1.0,,
GPAB5333_jpg.rf.2fb14ea874aaf0bdc6acefaa46ae3b24.jpg,finger_porites,0,0,0,1.0,1.0,,
GPAB5333_jpg.rf.2fb14ea874aaf0bdc6acefaa46ae3b24.jpg,knob_porites,0,0,0,1.0,1.0,,
GPAB5333_jpg.rf.2fb14ea874aaf0bdc6acefaa46ae3b24.jpg,mounding_,0,0,5995,0.0,0.0,,0.0
GPAB5333_jpg.rf.2fb14ea874aaf0bdc6acefaa46ae3b24.jpg,oddball,0,0,0,1.0,1.0,,
GPAB5333_jpg.rf.2fb14ea874aaf0bdc6acefaa46ae3b24.jpg,pocillopora_,66045,3845,8843,0.8388477512605896,0.9123623754990399,0.9449849763914723,0.8819169960474308
GPAB5333_jpg.rf.2fb14ea874aaf0bdc6acefaa46ae3b24.jpg,table_acropora,0,0,0,1.0,1.0,,
GPAB5334_jpg.rf.e95df04308622776ed1b1ed4b88ef51f.jpg,branching_acropora,0,0,0,1.0,1.0,,
GPAB5334_jpg.rf.e95df04308622776ed1b1ed4b88ef51f.jpg,finger_acropora,183813,4773,11304,0.9195707639201561,0.9581004057825975,0.9746905920906112,0.9420655299128216
GPAB5334_jpg.rf.e95df04308622776ed1b1ed4b88ef51f.jpg,finger_porites,67628,1624,4822,0.912978912978913,0.9545101692283807,0.9765494137353434,0.9334437543133195
GPAB5334_jpg.rf.e95df04308622776ed1b1ed4b88ef51f.jpg,knob_porites,0,0,0,1.0,1.0,,
GPAB5334_jpg.rf.e95df04308622776ed1b1ed4b88ef51f.jpg,mounding_,16280,16781,8436,0.39231751692893463,0.563546047735258,0.4924230967000393,0.6586826347305389
GPAB5334_jpg.rf.e95df04308622776ed1b1ed4b88ef51f.jpg,oddball,0,0,22300,0.0,0.0,,0.0
GPAB5334_jpg.rf.e95df04308622776ed1b1ed4b88ef51f.jpg,pocillopora_,44150,6848,1592,0.8395132154401977,0.9127558403969402,0.8657202243225225,0.9651960998644572
GPAB5334_jpg.rf.e95df04308622776ed1b1ed4b88ef51f.jpg,table_acropora,0,0,0,1.0,1.0,,
GPAB5335_jpg.rf.6bf5e9d0887602d1badfe856c236a338.jpg,branching_acropora,0,0,0,1.0,1.0,,
GPAB5335_jpg.rf.6bf5e9d0887602d1badfe856c236a338.jpg,finger_acropora,236789,12562,2889,0.9387448461782429,0.9684047367334043,0.9496212166784974,0.9879463279900533
GPAB5335_jpg.rf.6bf5e9d0887602d1badfe856c236a338.jpg,finger_porites,0,0,0,1.0,1.0,,
GPAB5335_jpg.rf.6bf5e9d0887602d1badfe856c236a338.jpg,knob_porites,0,0,0,1.0,1.0,,
GPAB5335_jpg.rf.6bf5e9d0887602d1badfe856c236a338.jpg,mounding_,0,0,0,1.0,1.0,,
GPAB5335_jpg.rf.6bf5e9d0887602d1badfe856c236a338.jpg,oddball,0,0,4794,0.0,0.0,,0.0
GPAB5335_jpg.rf.6bf5e9d0887602d1badfe856c236a338.jpg,pocillopora_,16198,280,10854,0.5926386653007464,0.7442223753733057,0.9830076465590484,0.5987727339937897
GPAB5335_jpg.rf.6bf5e9d0887602d1badfe856c236a338.jpg,table_acropora,0,6129,0,0.0,0.0,0.0,
GPAB5336_jpg.rf.6cbd3774005119fe947d59c92202676a.jpg,branching_acropora,0,0,0,1.0,1.0,,
GPAB5336_jpg.rf.6cbd3774005119fe947d59c92202676a.jpg,finger_acropora,12224,1367,79,0.8942209217264082,0.9441569475554182,0.8994187329850637,0.9935788019182313
GPAB5336_jpg.rf.6cbd3774005119fe947d59c92202676a.jpg,finger_porites,0,0,0,1.0,1.0,,
GPAB5336_jpg.rf.6cbd3774005119fe947d59c92202676a.jpg,knob_porites,0,0,0,1.0,1.0,,
GPAB5336_jpg.rf.6cbd3774005119fe947d59c92202676a.jpg,mounding_,0,0,0,1.0,1.0,,
GPAB5336_jpg.rf.6cbd3774005119fe947d59c92202676a.jpg,oddball,0,0,0,1.0,1.0,,
GPAB5336_jpg.rf.6cbd3774005119fe947d59c92202676a.jpg,pocillopora_,69847,5549,1030,0.9139167299086698,0.9550224580066041,0.9264019311369304,0.9854677822142585
GPAB5336_jpg.rf.6cbd3774005119fe947d59c92202676a.jpg,table_acropora,0,0,0,1.0,1.0,,
GPAB5338_jpg.rf.ccf17be954dbf5bad62d1985c2c414ce.jpg,branching_acropora,0,0,0,1.0,1.0,,
GPAB5338_jpg.rf.ccf17be954dbf5bad62d1985c2c414ce.jpg,finger_acropora,127830,13227,46448,0.6817418202181276,0.8107568141817433,0.9062293966268955,0.7334832853257439
GPAB5338_jpg.rf.ccf17be954dbf5bad62d1985c2c414ce.jpg,finger_porites,0,0,5927,0.0,0.0,,0.0
GPAB5338_jpg.rf.ccf17be954dbf5bad62d1985c2c414ce.jpg,knob_porites,0,0,0,1.0,1.0,,
GPAB5338_jpg.rf.ccf17be954dbf5bad62d1985c2c414ce.jpg,mounding_,0,0,0,1.0,1.0,,
GPAB5338_jpg.rf.ccf17be954dbf5bad62d1985c2c414ce.jpg,oddball,0,0,0,1.0,1.0,,
GPAB5338_jpg.rf.ccf17be954dbf5bad62d1985c2c414ce.jpg,pocillopora_,3344,351,16902,0.1623537408360441,0.27935341046739903,0.9050067658998647,0.1651684283315223
GPAB5338_jpg.rf.ccf17be954dbf5bad62d1985c2c414ce.jpg,table_acropora,0,0,0,1.0,1.0,,
GPAB5348_jpg.rf.8ba371da13fb1ea879c422e3e3ba2cce.jpg,branching_acropora,0,0,0,1.0,1.0,,
GPAB5348_jpg.rf.8ba371da13fb1ea879c422e3e3ba2cce.jpg,finger_acropora,224161,2483,16719,0.9210972908782354,0.9589283117016453,0.9890444926845626,0.9305919960146131
GPAB5348_jpg.rf.8ba371da13fb1ea879c422e3e3ba2cce.jpg,finger_porites,91125,19200,8517,0.7667743726965214,0.8679935418422895,0.8259687287559483,0.9145239959053412
GPAB5348_jpg.rf.8ba371da13fb1ea879c422e3e3ba2cce.jpg,knob_porites,0,0,0,1.0,1.0,,
GPAB5348_jpg.rf.8ba371da13fb1ea879c422e3e3ba2cce.jpg,mounding_,41548,13024,752,0.7509941435904851,0.8577917251631019,0.7613428131642601,0.9822222222222222
GPAB5348_jpg.rf.8ba371da13fb1ea879c422e3e3ba2cce.jpg,oddball,0,0,0,1.0,1.0,,
GPAB5348_jpg.rf.8ba371da13fb1ea879c422e3e3ba2cce.jpg,pocillopora_,3817,2467,1168,0.5122114868491681,0.6774336675836365,0.6074156588160408,0.7656970912738215
GPAB5348_jpg.rf.8ba371da13fb1ea879c422e3e3ba2cce.jpg,table_acropora,0,0,0,1.0,1.0,,
GPAB5349_jpg.rf.1ee7632cec92426ad67645eedadd0f50.jpg,branching_acropora,0,0,0,1.0,1.0,,
GPAB5349_jpg.rf.1ee7632cec92426ad67645eedadd0f50.jpg,finger_acropora,273697,8521,15704,0.9186867703627124,0.9576203730106941,0.9698070286090894,0.9457361930331961
GPAB5349_jpg.rf.1ee7632cec92426ad67645eedadd0f50.jpg,finger_porites,40592,2119,14842,0.7052977255746877,0.8271842681746395,0.9503874880007492,0.7322581808998088
GPAB5349_jpg.rf.1ee7632cec92426ad67645eedadd0f50.jpg,knob_porites,0,0,0,1.0,1.0,,
GPAB5349_jpg.rf.1ee7632cec92426ad67645eedadd0f50.jpg,mounding_,50140,24776,27690,0.48866538019219147,0.6565147368834536,0.6692829302151744,0.6442245920596171
GPAB5349_jpg.rf.1ee7632cec92426ad67645eedadd0f50.jpg,oddball,0,3402,0,0.0,0.0,0.0,
GPAB5349_jpg.rf.1ee7632cec92426ad67645eedadd0f50.jpg,pocillopora_,7378,126,3490,0.6710933236310715,0.8031787502721532,0.9832089552238806,0.6788737578211262
GPAB5349_jpg.rf.1ee7632cec92426ad67645eedadd0f50.jpg,table_acropora,0,0,0,1.0,1.0,,
GPAB5420_jpg.rf.1a7945f6c17694f7cf560b2e8231a128.jpg,branching_acropora,0,30134,0,0.0,0.0,0.0,
GPAB5420_jpg.rf.1a7945f6c17694f7cf560b2e8231a128.jpg,finger_acropora,258401,5529,19422,0.9119434484316328,0.9539439560094729,0.9790512635926193,0.9300921809929343
GPAB5420_jpg.rf.1a7945f6c17694f7cf560b2e8231a128.jpg,finger_porites,0,0,31843,0.0,0.0,,0.0
GPAB5420_jpg.rf.1a7945f6c17694f7cf560b2e8231a128.jpg,knob_porites,0,0,0,1.0,1.0,,
GPAB5420_jpg.rf.1a7945f6c17694f7cf560b2e8231a128.jpg,mounding_,106618,793,5429,0.9448599787309465,0.9716483336219232,0.9926171434955452,0.9515471186198649
GPAB5420_jpg.rf.1a7945f6c17694f7cf560b2e8231a128.jpg,oddball,0,0,0,1.0,1.0,,
GPAB5420_jpg.rf.1a7945f6c17694f7cf560b2e8231a128.jpg,pocillopora_,0,0,0,1.0,1.0,,
GPAB5420_jpg.rf.1a7945f6c17694f7cf560b2e8231a128.jpg,table_acropora,0,0,0,1.0,1.0,,
GPAB5443_jpg.rf.32c02690be0eb7a25e3c884163f2a83f.jpg,branching_acropora,0,0,0,1.0,1.0,,
GPAB5443_jpg.rf.32c02690be0eb7a25e3c884163f2a83f.jpg,finger_acropora,178019,12760,5873,0.9052488660171267,0.9502683687822115,0.9331163283170579,0.968062775977204
GPAB5443_jpg.rf.32c02690be0eb7a25e3c884163f2a83f.jpg,finger_porites,0,0,0,1.0,1.0,,
GPAB5443_jpg.rf.32c02690be0eb7a25e3c884163f2a83f.jpg,knob_porites,0,0,0,1.0,1.0,,
GPAB5443_jpg.rf.32c02690be0eb7a25e3c884163f2a83f.jpg,mounding_,0,0,0,1.0,1.0,,
GPAB5443_jpg.rf.32c02690be0eb7a25e3c884163f2a83f.jpg,oddball,5067,433,53,0.9124797406807131,0.9542372881355933,0.9212727272727272,0.9896484375
GPAB5443_jpg.rf.32c02690be0eb7a25e3c884163f2a83f.jpg,pocillopora_,8023,40782,260,0.1635177825333741,0.281074831838565,0.16438889458047332,0.9686104068574188
GPAB5443_jpg.rf.32c02690be0eb7a25e3c884163f2a83f.jpg,table_acropora,0,0,0,1.0,1.0,,
GPAB5468_jpg.rf.4283e52525152382f8e24a20d09d9eb9.jpg,branching_acropora,0,0,0,1.0,1.0,,
GPAB5468_jpg.rf.4283e52525152382f8e24a20d09d9eb9.jpg,finger_acropora,182088,113637,5842,0.603806119369825,0.7529664740362448,0.6157342125285316,0.9689139573245358
GPAB5468_jpg.rf.4283e52525152382f8e24a20d09d9eb9.jpg,finger_porites,0,0,0,1.0,1.0,,
GPAB5468_jpg.rf.4283e52525152382f8e24a20d09d9eb9.jpg,knob_porites,0,0,0,1.0,1.0,,
GPAB5468_jpg.rf.4283e52525152382f8e24a20d09d9eb9.jpg,mounding_,0,0,0,1.0,1.0,,
GPAB5468_jpg.rf.4283e52525152382f8e24a20d09d9eb9.jpg,oddball,0,0,0,1.0,1.0,,
GPAB5468_jpg.rf.4283e52525152382f8e24a20d09d9eb9.jpg,pocillopora_,0,0,0,1.0,1.0,,
GPAB5468_jpg.rf.4283e52525152382f8e24a20d09d9eb9.jpg,table_acropora,0,0,0,1.0,1.0,,
GPAB5497_jpg.rf.0ffa6911ae7ba47037807745fe6d0550.jpg,branching_acropora,0,0,0,1.0,1.0,,
GPAB5497_jpg.rf.0ffa6911ae7ba47037807745fe6d0550.jpg,finger_acropora,258967,23353,2242,0.9100547508100167,0.9529095963600839,0.9172818078775857,0.9914168347951258
GPAB5497_jpg.rf.0ffa6911ae7ba47037807745fe6d0550.jpg,finger_porites,0,0,0,1.0,1.0,,
GPAB5497_jpg.rf.0ffa6911ae7ba47037807745fe6d0550.jpg,knob_porites,0,0,0,1.0,1.0,,
GPAB5497_jpg.rf.0ffa6911ae7ba47037807745fe6d0550.jpg,mounding_,11666,667,21551,0.3442922913469484,0.5122283205268935,0.9459174572285738,0.35120570792064304
GPAB5497_jpg.rf.0ffa6911ae7ba47037807745fe6d0550.jpg,oddball,0,0,0,1.0,1.0,,
GPAB5497_jpg.rf.0ffa6911ae7ba47037807745fe6d0550.jpg,pocillopora_,29610,577,556,0.9631460820349348,0.9812271138137292,0.9808858117732799,0.9815686534509049
GPAB5497_jpg.rf.0ffa6911ae7ba47037807745fe6d0550.jpg,table_acropora,0,0,0,1.0,1.0,,
GPAB5501_jpg.rf.b589a7631d40c0e686a0a60ee8a45f5f.jpg,branching_acropora,0,0,0,1.0,1.0,,
GPAB5501_jpg.rf.b589a7631d40c0e686a0a60ee8a45f5f.jpg,finger_acropora,107961,1732,2031,0.9663187855787476,0.9828709288299156,0.9842104783349894,0.9815350207287803
GPAB5501_jpg.rf.b589a7631d40c0e686a0a60ee8a45f5f.jpg,finger_porites,0,0,0,1.0,1.0,,
GPAB5501_jpg.rf.b589a7631d40c0e686a0a60ee8a45f5f.jpg,knob_porites,0,0,0,1.0,1.0,,
GPAB5501_jpg.rf.b589a7631d40c0e686a0a60ee8a45f5f.jpg,mounding_,0,0,0,1.0,1.0,,
GPAB5501_jpg.rf.b589a7631d40c0e686a0a60ee8a45f5f.jpg,oddball,0,0,0,1.0,1.0,,
GPAB5501_jpg.rf.b589a7631d40c0e686a0a60ee8a45f5f.jpg,pocillopora_,51773,938,3119,0.9273329751029912,0.9622965902437665,0.9822048528770086,0.9431793339648765
GPAB5501_jpg.rf.b589a7631d40c0e686a0a60ee8a45f5f.jpg,table_acropora,0,0,0,1.0,1.0,,
GPAB5519_jpg.rf.f4dccd4d27203da8024b20f802d49292.jpg,branching_acropora,542924,16158,29421,0.9225509470639912,0.9597154743523002,0.971099051659685,0.9485956896627035
GPAB5519_jpg.rf.f4dccd4d27203da8024b20f802d49292.jpg,finger_acropora,66843,78794,28502,0.3838485347911726,0.5547551269389415,0.4589699046258849,0.701064555036971
GPAB5519_jpg.rf.f4dccd4d27203da8024b20f802d49292.jpg,finger_porites,0,0,0,1.0,1.0,,
GPAB5519_jpg.rf.f4dccd4d27203da8024b20f802d49292.jpg,knob_porites,0,0,0,1.0,1.0,,
GPAB5519_jpg.rf.f4dccd4d27203da8024b20f802d49292.jpg,mounding_,0,0,0,1.0,1.0,,
GPAB5519_jpg.rf.f4dccd4d27203da8024b20f802d49292.jpg,oddball,0,0,0,1.0,1.0,,
GPAB5519_jpg.rf.f4dccd4d27203da8024b20f802d49292.jpg,pocillopora_,0,4062,4381,0.0,0.0,0.0,0.0
GPAB5519_jpg.rf.f4dccd4d27203da8024b20f802d49292.jpg,table_acropora,0,0,0,1.0,1.0,,
GPAB5545_jpg.rf.8c6a419671b63b24065f36515b5b7271.jpg,branching_acropora,0,0,0,1.0,1.0,,
GPAB5545_jpg.rf.8c6a419671b63b24065f36515b5b7271.jpg,finger_acropora,237292,11084,11962,0.9114766188570244,0.9536884834113699,0.9553741102199891,0.9520087942420182
GPAB5545_jpg.rf.8c6a419671b63b24065f36515b5b7271.jpg,finger_porites,0,0,0,1.0,1.0,,
GPAB5545_jpg.rf.8c6a419671b63b24065f36515b5b7271.jpg,knob_porites,0,0,0,1.0,1.0,,
GPAB5545_jpg.rf.8c6a419671b63b24065f36515b5b7271.jpg,mounding_,38227,13645,7501,0.6438448453000523,0.7833401639344262,0.7369486428130784,0.8359648355493352
GPAB5545_jpg.rf.8c6a419671b63b24065f36515b5b7271.jpg,oddball,0,0,0,1.0,1.0,,
GPAB5545_jpg.rf.8c6a419671b63b24065f36515b5b7271.jpg,pocillopora_,24055,980,182,0.9539199746202959,0.9764166260756616,0.9608548032754144,0.9924908198209349
GPAB5545_jpg.rf.8c6a419671b63b24065f36515b5b7271.jpg,table_acropora,0,0,0,1.0,1.0,,
GPAB5552_jpg.rf.0aa5c6e322bdc54366f9d200985db4aa.jpg,branching_acropora,0,0,0,1.0,1.0,,
GPAB5552_jpg.rf.0aa5c6e322bdc54366f9d200985db4aa.jpg,finger_acropora,185122,6449,6222,0.935938076676121,0.9669091051538853,0.9663362408715307,0.967482649050924
GPAB5552_jpg.rf.0aa5c6e322bdc54366f9d200985db4aa.jpg,finger_porites,0,0,16724,0.0,0.0,,0.0
GPAB5552_jpg.rf.0aa5c6e322bdc54366f9d200985db4aa.jpg,knob_porites,0,0,0,1.0,1.0,,
GPAB5552_jpg.rf.0aa5c6e322bdc54366f9d200985db4aa.jpg,mounding_,0,3723,0,0.0,0.0,0.0,
GPAB5552_jpg.rf.0aa5c6e322bdc54366f9d200985db4aa.jpg,oddball,0,0,0,1.0,1.0,,
GPAB5552_jpg.rf.0aa5c6e322bdc54366f9d200985db4aa.jpg,pocillopora_,6837,220,335,0.9249188311688312,0.9609951507484714,0.9688252798639648,0.9532905744562187
GPAB5552_jpg.rf.0aa5c6e322bdc54366f9d200985db4aa.jpg,table_acropora,336926,3884,26940,0.9161821889870836,0.956257911437313,0.988603620785775,0.9259617551516217
GPAB5569_jpg.rf.8e265edd8d3471a629aa34b39cc85f3b.jpg,branching_acropora,0,0,0,1.0,1.0,,
GPAB5569_jpg.rf.8e265edd8d3471a629aa34b39cc85f3b.jpg,finger_acropora,579494,7865,7077,0.9748635681553607,0.9872718134812126,0.9866095522499868,0.9879349643947621
GPAB5569_jpg.rf.8e265edd8d3471a629aa34b39cc85f3b.jpg,finger_porites,0,0,0,1.0,1.0,,
GPAB5569_jpg.rf.8e265edd8d3471a629aa34b39cc85f3b.jpg,knob_porites,0,0,0,1.0,1.0,,
GPAB5569_jpg.rf.8e265edd8d3471a629aa34b39cc85f3b.jpg,mounding_,5327,1881,12039,0.27677040577752376,0.433547651989908,0.7390399556048834,0.30674881953241967
GPAB5569_jpg.rf.8e265edd8d3471a629aa34b39cc85f3b.jpg,oddball,0,0,0,1.0,1.0,,
GPAB5569_jpg.rf.8e265edd8d3471a629aa34b39cc85f3b.jpg,pocillopora_,41384,915,4540,0.8835372232541259,0.9381680514151638,0.9783682829381309,0.9011410155909764
GPAB5569_jpg.rf.8e265edd8d3471a629aa34b39cc85f3b.jpg,table_acropora,0,0,0,1.0,1.0,,
GPAB5573_jpg.rf.52eca794ae531745404865e3c713eb5e.jpg,branching_acropora,101933,26081,10259,0.7371865801711108,0.8487131878470979,0.7962644710734763,0.9085585424985738
GPAB5573_jpg.rf.52eca794ae531745404865e3c713eb5e.jpg,finger_acropora,127977,2480,536,0.9769758689395617,0.9883538633818589,0.9809899047195628,0.9958292157213667
GPAB5573_jpg.rf.52eca794ae531745404865e3c713eb5e.jpg,finger_porites,0,0,0,1.0,1.0,,
GPAB5573_jpg.rf.52eca794ae531745404865e3c713eb5e.jpg,knob_porites,0,0,0,1.0,1.0,,
GPAB5573_jpg.rf.52eca794ae531745404865e3c713eb5e.jpg,mounding_,0,0,0,1.0,1.0,,
GPAB5573_jpg.rf.52eca794ae531745404865e3c713eb5e.jpg,oddball,0,0,0,1.0,1.0,,
GPAB5573_jpg.rf.52eca794ae531745404865e3c713eb5e.jpg,pocillopora_,20154,646,1086,0.9208626519236042,0.9588011417697431,0.9689423076923077,0.9488700564971752
GPAB5573_jpg.rf.52eca794ae531745404865e3c713eb5e.jpg,table_acropora,0,0,0,1.0,1.0,,
GPAB5585_jpg.rf.05d053942efba9dcd4f589dfea18c2e5.jpg,branching_acropora,0,0,0,1.0,1.0,,
GPAB5585_jpg.rf.05d053942efba9dcd4f589dfea18c2e5.jpg,finger_acropora,174636,8344,16239,0.8766031352431244,0.9342445600567065,0.9543993879112471,0.9149233791748527
GPAB5585_jpg.rf.05d053942efba9dcd4f589dfea18c2e5.jpg,finger_porites,124380,3911,4227,0.9385894746374077,0.9683220577816877,0.9695146191081214,0.967132426695281
GPAB5585_jpg.rf.05d053942efba9dcd4f589dfea18c2e5.jpg,knob_porites,0,0,0,1.0,1.0,,
GPAB5585_jpg.rf.05d053942efba9dcd4f589dfea18c2e5.jpg,mounding_,0,0,1233,0.0,0.0,,0.0
GPAB5585_jpg.rf.05d053942efba9dcd4f589dfea18c2e5.jpg,oddball,0,0,0,1.0,1.0,,
GPAB5585_jpg.rf.05d053942efba9dcd4f589dfea18c2e5.jpg,pocillopora_,11760,513,7699,0.5888243540957341,0.7412076137652842,0.9582009288682474,0.6043476026517293
GPAB5585_jpg.rf.05d053942efba9dcd4f589dfea18c2e5.jpg,table_acropora,0,0,0,1.0,1.0,,
GPAB5646_jpg.rf.89c32cce97796de1fa893918a8ad607b.jpg,branching_acropora,70992,3844,812,0.9384517766497462,0.9682487725040917,0.9486343471056711,0.9886914378029079
GPAB5646_jpg.rf.89c32cce97796de1fa893918a8ad607b.jpg,finger_acropora,57879,36249,62778,0.36887690719284155,0.5389482505761576,0.6148967363590006,0.4796986498918422
GPAB5646_jpg.rf.89c32cce97796de1fa893918a8ad607b.jpg,finger_porites,8577,9548,21857,0.21452153469061078,0.3532609814864392,0.4732137931034483,0.28182296116185845
GPAB5646_jpg.rf.89c32cce97796de1fa893918a8ad607b.jpg,knob_porites,0,58536,0,0.0,0.0,0.0,
GPAB5646_jpg.rf.89c32cce97796de1fa893918a8ad607b.jpg,mounding_,17152,1029,29955,0.3563237493767658,0.525425805661071,0.94340245311039,0.3641072452077186
GPAB5646_jpg.rf.89c32cce97796de1fa893918a8ad607b.jpg,oddball,0,0,7612,0.0,0.0,,0.0
GPAB5646_jpg.rf.89c32cce97796de1fa893918a8ad607b.jpg,pocillopora_,5039,568,13440,0.26455609807318736,0.4184173378726231,0.8986980560014268,0.27268791601277126
GPAB5646_jpg.rf.89c32cce97796de1fa893918a8ad607b.jpg,table_acropora,0,0,31449,0.0,0.0,,0.0
GPAB5669_jpg.rf.c3ae775301186fb9b1b6950c2f4bc406.jpg,branching_acropora,76915,985,2818,0.9528853539483139,0.9758743410326518,0.9873555840821566,0.964657042880614
GPAB5669_jpg.rf.c3ae775301186fb9b1b6950c2f4bc406.jpg,finger_acropora,30564,12660,14178,0.5324553151458138,0.6949048496009822,0.7071071626873959,0.6831165347995173
GPAB5669_jpg.rf.c3ae775301186fb9b1b6950c2f4bc406.jpg,finger_porites,0,0,4209,0.0,0.0,,0.0
GPAB5669_jpg.rf.c3ae775301186fb9b1b6950c2f4bc406.jpg,knob_porites,0,0,0,1.0,1.0,,
GPAB5669_jpg.rf.c3ae775301186fb9b1b6950c2f4bc406.jpg,mounding_,3088,2602,6850,0.24625199362041467,0.395188123880215,0.5427065026362039,0.3107265043268263
GPAB5669_jpg.rf.c3ae775301186fb9b1b6950c2f4bc406.jpg,oddball,0,0,0,1.0,1.0,,
GPAB5669_jpg.rf.c3ae775301186fb9b1b6950c2f4bc406.jpg,pocillopora_,0,0,11119,0.0,0.0,,0.0
GPAB5669_jpg.rf.c3ae775301186fb9b1b6950c2f4bc406.jpg,table_acropora,0,2149,0,0.0,0.0,0.0,
GPAB5743_jpg.rf.e977816285ab91f398c9cf38144e91de.jpg,branching_acropora,71066,8806,1371,0.8747338232216929,0.9331818868221838,0.8897485977564102,0.9810732084431989
GPAB5743_jpg.rf.e977816285ab91f398c9cf38144e91de.jpg,finger_acropora,26672,8394,1051,0.738488800287953,0.8495755625985443,0.7606228255290024,0.962089239981243
GPAB5743_jpg.rf.e977816285ab91f398c9cf38144e91de.jpg,finger_porites,0,0,0,1.0,1.0,,
GPAB5743_jpg.rf.e977816285ab91f398c9cf38144e91de.jpg,knob_porites,0,0,0,1.0,1.0,,
GPAB5743_jpg.rf.e977816285ab91f398c9cf38144e91de.jpg,mounding_,22066,1144,4815,0.7873684210526316,0.8810365135453475,0.9507109004739337,0.8208771995089469
GPAB5743_jpg.rf.e977816285ab91f398c9cf38144e91de.jpg,oddball,0,0,4236,0.0,0.0,,0.0
GPAB5743_jpg.rf.e977816285ab91f398c9cf38144e91de.jpg,pocillopora_,6594,1073,19206,0.2453764001041938,0.3940598201213135,0.8600495630624756,0.2555813953488372
GPAB5743_jpg.rf.e977816285ab91f398c9cf38144e91de.jpg,table_acropora,0,0,16866,0.0,0.0,,0.0
GPAB5767_jpg.rf.5e9dcd3a001722ecbb252bc7810e23dd.jpg,branching_acropora,24960,2785,52964,0.30925919042485966,0.4724185901257701,0.899621553433051,0.32031209896822543
GPAB5767_jpg.rf.5e9dcd3a001722ecbb252bc7810e23dd.jpg,finger_acropora,6340,58,20222,0.23816679188580014,0.38470873786407767,0.9909346670834636,0.2386868458700399
GPAB5767_jpg.rf.5e9dcd3a001722ecbb252bc7810e23dd.jpg,finger_porites,0,0,0,1.0,1.0,,
GPAB5767_jpg.rf.5e9dcd3a001722ecbb252bc7810e23dd.jpg,knob_porites,0,0,0,1.0,1.0,,
GPAB5767_jpg.rf.5e9dcd3a001722ecbb252bc7810e23dd.jpg,mounding_,4668,80,20678,0.1835915991504759,0.31022795241576395,0.983150800336984,0.18417107235855756
GPAB5767_jpg.rf.5e9dcd3a001722ecbb252bc7810e23dd.jpg,oddball,0,0,0,1.0,1.0,,
GPAB5767_jpg.rf.5e9dcd3a001722ecbb252bc7810e23dd.jpg,pocillopora_,0,0,14421,0.0,0.0,,0.0
GPAB5767_jpg.rf.5e9dcd3a001722ecbb252bc7810e23dd.jpg,table_acropora,234807,85977,44423,0.6429422218084538,0.7826717376594546,0.7319785276073619,0.8409089281237689
GPAB5827_jpg.rf.7cc4d07d38d46d7c26b93ba7539d1662.jpg,branching_acropora,0,0,9693,0.0,0.0,,0.0
GPAB5827_jpg.rf.7cc4d07d38d46d7c26b93ba7539d1662.jpg,finger_acropora,337011,18985,21184,0.8935017763402089,0.9437559420379142,0.9466707491095405,0.9408590292996831
GPAB5827_jpg.rf.7cc4d07d38d46d7c26b93ba7539d1662.jpg,finger_porites,0,0,0,1.0,1.0,,
GPAB5827_jpg.rf.7cc4d07d38d46d7c26b93ba7539d1662.jpg,knob_porites,0,0,0,1.0,1.0,,
GPAB5827_jpg.rf.7cc4d07d38d46d7c26b93ba7539d1662.jpg,mounding_,7540,21695,192,0.25622727427192715,0.4079313982741364,0.2579100393364118,0.975168132436627
GPAB5827_jpg.rf.7cc4d07d38d46d7c26b93ba7539d1662.jpg,oddball,0,0,0,1.0,1.0,,
GPAB5827_jpg.rf.7cc4d07d38d46d7c26b93ba7539d1662.jpg,pocillopora_,5096,256,3121,0.6014398678154137,0.7511238853268479,0.9521674140508222,0.6201776804186443
GPAB5827_jpg.rf.7cc4d07d38d46d7c26b93ba7539d1662.jpg,table_acropora,0,0,21988,0.0,0.0,,0.0
GPAB5892_jpg.rf.546c74522ae889052219499406c99537.jpg,branching_acropora,0,0,0,1.0,1.0,,
GPAB5892_jpg.rf.546c74522ae889052219499406c99537.jpg,finger_acropora,315572,230071,22368,0.555573747691506,0.7143007504671322,0.5783488471399798,0.9338107356335444
GPAB5892_jpg.rf.546c74522ae889052219499406c99537.jpg,finger_porites,0,0,0,1.0,1.0,,
GPAB5892_jpg.rf.546c74522ae889052219499406c99537.jpg,knob_porites,0,0,0,1.0,1.0,,
GPAB5892_jpg.rf.546c74522ae889052219499406c99537.jpg,mounding_,0,0,0,1.0,1.0,,
GPAB5892_jpg.rf.546c74522ae889052219499406c99537.jpg,oddball,0,0,70,0.0,0.0,,0.0
GPAB5892_jpg.rf.546c74522ae889052219499406c99537.jpg,pocillopora_,0,0,0,1.0,1.0,,
GPAB5892_jpg.rf.546c74522ae889052219499406c99537.jpg,table_acropora,0,0,223181,0.0,0.0,,0.0
GPAB5916_jpg.rf.d72c77ea11466eba34b333085f39bc94.jpg,branching_acropora,0,0,0,1.0,1.0,,
GPAB5916_jpg.rf.d72c77ea11466eba34b333085f39bc94.jpg,finger_acropora,287730,130492,65029,0.5954048724161978,0.7463997167245366,0.6879838937215164,0.8156560144461232
GPAB5916_jpg.rf.d72c77ea11466eba34b333085f39bc94.jpg,finger_porites,0,0,0,1.0,1.0,,
GPAB5916_jpg.rf.d72c77ea11466eba34b333085f39bc94.jpg,knob_porites,0,0,0,1.0,1.0,,
GPAB5916_jpg.rf.d72c77ea11466eba34b333085f39bc94.jpg,mounding_,0,0,0,1.0,1.0,,
GPAB5916_jpg.rf.d72c77ea11466eba34b333085f39bc94.jpg,oddball,0,0,0,1.0,1.0,,
GPAB5916_jpg.rf.d72c77ea11466eba34b333085f39bc94.jpg,pocillopora_,0,0,0,1.0,1.0,,
GPAB5916_jpg.rf.d72c77ea11466eba34b333085f39bc94.jpg,table_acropora,0,0,0,1.0,1.0,,
GPAB5933_jpg.rf.4c244c05d951f1eeef907e6435a977a1.jpg,branching_acropora,0,0,0,1.0,1.0,,
GPAB5933_jpg.rf.4c244c05d951f1eeef907e6435a977a1.jpg,finger_acropora,349656,58053,48627,0.7662248869254233,0.8676413661674062,0.8576116789180519,0.87790842190101
GPAB5933_jpg.rf.4c244c05d951f1eeef907e6435a977a1.jpg,finger_porites,0,0,0,1.0,1.0,,
GPAB5933_jpg.rf.4c244c05d951f1eeef907e6435a977a1.jpg,knob_porites,0,0,0,1.0,1.0,,
GPAB5933_jpg.rf.4c244c05d951f1eeef907e6435a977a1.jpg,mounding_,0,0,0,1.0,1.0,,
GPAB5933_jpg.rf.4c244c05d951f1eeef907e6435a977a1.jpg,oddball,0,0,0,1.0,1.0,,
GPAB5933_jpg.rf.4c244c05d951f1eeef907e6435a977a1.jpg,pocillopora_,2067,211,31,0.895192724122997,0.9446983546617916,0.9073748902546093,0.9852240228789323
GPAB5933_jpg.rf.4c244c05d951f1eeef907e6435a977a1.jpg,table_acropora,0,0,0,1.0,1.0,,
GPAB6017_jpg.rf.2a7ce631b79425a164d63b2137dcb999.jpg,branching_acropora,0,0,39880,0.0,0.0,,0.0
GPAB6017_jpg.rf.2a7ce631b79425a164d63b2137dcb999.jpg,finger_acropora,134683,20845,40836,0.6858843779918926,0.8136790244285554,0.865972686590196,0.7673414274238116
GPAB6017_jpg.rf.2a7ce631b79425a164d63b2137dcb999.jpg,finger_porites,0,0,0,1.0,1.0,,
GPAB6017_jpg.rf.2a7ce631b79425a164d63b2137dcb999.jpg,knob_porites,9916,1923,38,0.8348909657320872,0.9100169779286927,0.8375707407720246,0.9961824392204139
GPAB6017_jpg.rf.2a7ce631b79425a164d63b2137dcb999.jpg,mounding_,5421,14732,12757,0.16472196900638103,0.28285199968693747,0.2689922095965861,0.2982176257013973
GPAB6017_jpg.rf.2a7ce631b79425a164d63b2137dcb999.jpg,oddball,1140,2384,15857,0.058820494298539805,0.11110569660347937,0.32349602724177073,0.06707065952815203
GPAB6017_jpg.rf.2a7ce631b79425a164d63b2137dcb999.jpg,pocillopora_,0,1425,1659,0.0,0.0,0.0,0.0
GPAB6017_jpg.rf.2a7ce631b79425a164d63b2137dcb999.jpg,table_acropora,12804,20813,20690,0.2357707109580717,0.3815767906900508,0.38087872207514056,0.38227742282199795
GPAB6031_jpg.rf.c8c7491ba0185bc1872720abe9f324f0.jpg,branching_acropora,135508,4012,8977,0.9125302194657131,0.9542648897026461,0.9712442660550459,0.9378689829394055
GPAB6031_jpg.rf.c8c7491ba0185bc1872720abe9f324f0.jpg,finger_acropora,142381,9409,31593,0.7764132989426501,0.8741358775064156,0.9380130443375716,0.8184038994332486
GPAB6031_jpg.rf.c8c7491ba0185bc1872720abe9f324f0.jpg,finger_porites,0,0,0,1.0,1.0,,
GPAB6031_jpg.rf.c8c7491ba0185bc1872720abe9f324f0.jpg,knob_porites,34260,777,2540,0.9117279186736568,0.9538260228016203,0.9778234437879956,0.9309782608695653
GPAB6031_jpg.rf.c8c7491ba0185bc1872720abe9f324f0.jpg,mounding_,580,1388,915,0.20117932708983696,0.3349696794686688,0.29471544715447157,0.3879598662207358
GPAB6031_jpg.rf.c8c7491ba0185bc1872720abe9f324f0.jpg,oddball,0,0,1690,0.0,0.0,,0.0
GPAB6031_jpg.rf.c8c7491ba0185bc1872720abe9f324f0.jpg,pocillopora_,0,0,0,1.0,1.0,,
GPAB6031_jpg.rf.c8c7491ba0185bc1872720abe9f324f0.jpg,table_acropora,20817,5737,5953,0.6403851478143169,0.7807741354737079,0.7839496874293892,0.7776242062009713
GPAB6033_jpg.rf.e583d1e7ca6b0479db2a6ff5d7a2ef5e.jpg,branching_acropora,51625,15672,3584,0.7283334038740988,0.8428158620802246,0.7671218627873456,0.9350830480537593
GPAB6033_jpg.rf.e583d1e7ca6b0479db2a6ff5d7a2ef5e.jpg,finger_acropora,81833,11453,81767,0.46747556454330974,0.6371152962792834,0.8772270222755826,0.5002017114914425
GPAB6033_jpg.rf.e583d1e7ca6b0479db2a6ff5d7a2ef5e.jpg,finger_porites,4478,225,164,0.9200739675364701,0.9583734617442483,0.9521581968955986,0.964670400689358
GPAB6033_jpg.rf.e583d1e7ca6b0479db2a6ff5d7a2ef5e.jpg,knob_porites,1343,172,11,0.8800786369593709,0.936214708957825,0.8864686468646865,0.9918759231905465
GPAB6033_jpg.rf.e583d1e7ca6b0479db2a6ff5d7a2ef5e.jpg,mounding_,17992,498,10455,0.6215926757643807,0.7666446513411594,0.9730665224445646,0.6324744261257778
GPAB6033_jpg.rf.e583d1e7ca6b0479db2a6ff5d7a2ef5e.jpg,oddball,0,0,10166,0.0,0.0,,0.0
GPAB6033_jpg.rf.e583d1e7ca6b0479db2a6ff5d7a2ef5e.jpg,pocillopora_,0,0,1260,0.0,0.0,,0.0
GPAB6033_jpg.rf.e583d1e7ca6b0479db2a6ff5d7a2ef5e.jpg,table_acropora,41598,50027,5780,0.42706226579744366,0.5985194564146098,0.4540027285129604,0.8780024483937693
GPAB6112_jpg.rf.275e9e45ae9d2003a909da0c5f0de468.jpg,branching_acropora,237504,2415,32088,0.8731539997132427,0.9322821293357749,0.9899341027596814,0.880975696608208
GPAB6112_jpg.rf.275e9e45ae9d2003a909da0c5f0de468.jpg,finger_acropora,3596,1454,2822,0.4568089430894309,0.6271363794907568,0.712079207920792,0.5602991586163913
GPAB6112_jpg.rf.275e9e45ae9d2003a909da0c5f0de468.jpg,finger_porites,0,0,0,1.0,1.0,,
GPAB6112_jpg.rf.275e9e45ae9d2003a909da0c5f0de468.jpg,knob_porites,0,0,0,1.0,1.0,,
GPAB6112_jpg.rf.275e9e45ae9d2003a909da0c5f0de468.jpg,mounding_,1437,75013,9440,0.01673070206077541,0.03291078360644474,0.01879659908436887,0.13211363427415648
GPAB6112_jpg.rf.275e9e45ae9d2003a909da0c5f0de468.jpg,oddball,0,0,7962,0.0,0.0,,0.0
GPAB6112_jpg.rf.275e9e45ae9d2003a909da0c5f0de468.jpg,pocillopora_,0,0,3388,0.0,0.0,,0.0
GPAB6112_jpg.rf.275e9e45ae9d2003a909da0c5f0de468.jpg,table_acropora,68655,3608,79692,0.4518113915303873,0.6224105888219029,0.9500712674536069,0.4628000566239964
GPAB6151_jpg.rf.c36cadd2306d5b5385f070e07094abae.jpg,branching_acropora,15829,342,25499,0.3798656107511399,0.550583488408494,0.9788510296209264,0.3830090979481223
GPAB6151_jpg.rf.c36cadd2306d5b5385f070e07094abae.jpg,finger_acropora,2516,5478,6969,0.1681480986433202,0.28788832313061385,0.31473605203902927,0.2652609383236689
GPAB6151_jpg.rf.c36cadd2306d5b5385f070e07094abae.jpg,finger_porites,0,0,0,1.0,1.0,,
GPAB6151_jpg.rf.c36cadd2306d5b5385f070e07094abae.jpg,knob_porites,1534,521,59,0.7256385998107853,0.8410087719298246,0.7464720194647202,0.9629629629629629
GPAB6151_jpg.rf.c36cadd2306d5b5385f070e07094abae.jpg,mounding_,15846,3983,29534,0.3210096631079959,0.48600653284055884,0.7991325835896919,0.34918466284706917
GPAB6151_jpg.rf.c36cadd2306d5b5385f070e07094abae.jpg,oddball,0,0,3907,0.0,0.0,,0.0
GPAB6151_jpg.rf.c36cadd2306d5b5385f070e07094abae.jpg,pocillopora_,0,0,4393,0.0,0.0,,0.0
GPAB6151_jpg.rf.c36cadd2306d5b5385f070e07094abae.jpg,table_acropora,97842,9694,129528,0.4127239901461209,0.5842952947991377,0.9098534444279125,0.43032062277345295
GPAB6199_jpg.rf.bfde89e764df96e5529e9f0eaca7fc63.jpg,branching_acropora,3728,162,35,0.9498089171974522,0.9742584607343525,0.9583547557840617,0.9906989104437949
GPAB6199_jpg.rf.bfde89e764df96e5529e9f0eaca7fc63.jpg,finger_acropora,53627,5846,1938,0.8732474638094152,0.9323354022149203,0.9017032939317001,0.9651219292720238
GPAB6199_jpg.rf.bfde89e764df96e5529e9f0eaca7fc63.jpg,finger_porites,0,0,0,1.0,1.0,,
GPAB6199_jpg.rf.bfde89e764df96e5529e9f0eaca7fc63.jpg,knob_porites,0,2630,0,0.0,0.0,0.0,
GPAB6199_jpg.rf.bfde89e764df96e5529e9f0eaca7fc63.jpg,mounding_,3464,73444,273,0.044881512289294,0.08590737181474363,0.045040828002288445,0.9269467487289269
GPAB6199_jpg.rf.bfde89e764df96e5529e9f0eaca7fc63.jpg,oddball,0,0,1272,0.0,0.0,,0.0
GPAB6199_jpg.rf.bfde89e764df96e5529e9f0eaca7fc63.jpg,pocillopora_,0,0,0,1.0,1.0,,
GPAB6199_jpg.rf.bfde89e764df96e5529e9f0eaca7fc63.jpg,table_acropora,12151,27425,17031,0.21465543130708217,0.3534425085081009,0.3070295128360623,0.4163868137893222
GPAB6203_jpg.rf.51578668f786e422636d911cb62b28bf.jpg,branching_acropora,23729,269,2091,0.9095404193338189,0.9526275643341764,0.9887907325610468,0.9190162664601085
GPAB6203_jpg.rf.51578668f786e422636d911cb62b28bf.jpg,finger_acropora,63377,17842,23429,0.6056207476492623,0.7543758369290284,0.7803223383691008,0.7300993018915743
GPAB6203_jpg.rf.51578668f786e422636d911cb62b28bf.jpg,finger_porites,0,2507,0,0.0,0.0,0.0,
GPAB6203_jpg.rf.51578668f786e422636d911cb62b28bf.jpg,knob_porites,0,2600,0,0.0,0.0,0.0,
GPAB6203_jpg.rf.51578668f786e422636d911cb62b28bf.jpg,mounding_,18461,9411,3853,0.5819070133963751,0.7357031841549436,0.6623493111366245,0.8273281348032625
GPAB6203_jpg.rf.51578668f786e422636d911cb62b28bf.jpg,oddball,0,0,0,1.0,1.0,,
GPAB6203_jpg.rf.51578668f786e422636d911cb62b28bf.jpg,pocillopora_,0,0,0,1.0,1.0,,
GPAB6203_jpg.rf.51578668f786e422636d911cb62b28bf.jpg,table_acropora,66808,21811,8242,0.6897306449448178,0.816379399886356,0.7538789650075041,0.8901798800799468
GPAB6208_jpg.rf.c473a27a0a8d6f6587dc146ae5eb3014.jpg,branching_acropora,0,0,0,1.0,1.0,,
GPAB6208_jpg.rf.c473a27a0a8d6f6587dc146ae5eb3014.jpg,finger_acropora,22411,276,14546,0.6019122821153278,0.7514921869760579,0.9878344426323445,0.606407446491869
GPAB6208_jpg.rf.c473a27a0a8d6f6587dc146ae5eb3014.jpg,finger_porites,0,0,0,1.0,1.0,,
GPAB6208_jpg.rf.c473a27a0a8d6f6587dc146ae5eb3014.jpg,knob_porites,0,0,0,1.0,1.0,,
GPAB6208_jpg.rf.c473a27a0a8d6f6587dc146ae5eb3014.jpg,mounding_,0,6073,784,0.0,0.0,0.0,0.0
GPAB6208_jpg.rf.c473a27a0a8d6f6587dc146ae5eb3014.jpg,oddball,0,0,1336,0.0,0.0,,0.0
GPAB6208_jpg.rf.c473a27a0a8d6f6587dc146ae5eb3014.jpg,pocillopora_,0,0,0,1.0,1.0,,
GPAB6208_jpg.rf.c473a27a0a8d6f6587dc146ae5eb3014.jpg,table_acropora,2218,8756,25666,0.06053493449781659,0.11415924648720985,0.2021140878439949,0.07954382441543538
GPAB6213_jpg.rf.a18255c26a2019ef53cab4aad446882f.jpg,branching_acropora,20966,446,413,0.9606414662084766,0.9799256853076581,0.9791705585652904,0.9806819776416109
GPAB6213_jpg.rf.a18255c26a2019ef53cab4aad446882f.jpg,finger_acropora,6289,391,6332,0.48332308638180144,0.6516760789596394,0.9414670658682635,0.4982964899770224
GPAB6213_jpg.rf.a18255c26a2019ef53cab4aad446882f.jpg,finger_porites,0,0,0,1.0,1.0,,
GPAB6213_jpg.rf.a18255c26a2019ef53cab4aad446882f.jpg,knob_porites,0,20189,0,0.0,0.0,0.0,
GPAB6213_jpg.rf.a18255c26a2019ef53cab4aad446882f.jpg,mounding_,5220,6754,2903,0.3508771929824561,0.5194805194805194,0.4359445465174545,0.6426197217776684
GPAB6213_jpg.rf.a18255c26a2019ef53cab4aad446882f.jpg,oddball,0,0,0,1.0,1.0,,
GPAB6213_jpg.rf.a18255c26a2019ef53cab4aad446882f.jpg,pocillopora_,0,0,0,1.0,1.0,,
GPAB6213_jpg.rf.a18255c26a2019ef53cab4aad446882f.jpg,table_acropora,0,0,3613,0.0,0.0,,0.0
GPAB6218_jpg.rf.cbf157f68419fd36fb92aad2909ab5ec.jpg,branching_acropora,0,0,0,1.0,1.0,,
GPAB6218_jpg.rf.cbf157f68419fd36fb92aad2909ab5ec.jpg,finger_acropora,1645,3893,7208,0.12906009728542286,0.22861510666388715,0.29703864210906467,0.18581271885236644
GPAB6218_jpg.rf.cbf157f68419fd36fb92aad2909ab5ec.jpg,finger_porites,57590,669,56592,0.5014322905329514,0.6679385992890322,0.9885167956882198,0.5043702159709936
GPAB6218_jpg.rf.cbf157f68419fd36fb92aad2909ab5ec.jpg,knob_porites,0,5892,0,0.0,0.0,0.0,
GPAB6218_jpg.rf.cbf157f68419fd36fb92aad2909ab5ec.jpg,mounding_,0,0,9130,0.0,0.0,,0.0
GPAB6218_jpg.rf.cbf157f68419fd36fb92aad2909ab5ec.jpg,oddball,0,0,2975,0.0,0.0,,0.0
GPAB6218_jpg.rf.cbf157f68419fd36fb92aad2909ab5ec.jpg,pocillopora_,0,0,0,1.0,1.0,,
GPAB6218_jpg.rf.cbf157f68419fd36fb92aad2909ab5ec.jpg,table_acropora,33,69630,11633,0.0004059240307026176,0.0008115186464852635,0.0004737091425864519,0.0028287330704611694
GPAB6220_jpg.rf.3bc13f3d7e06c9294ec7edc12332c5da.jpg,branching_acropora,0,0,0,1.0,1.0,,
GPAB6220_jpg.rf.3bc13f3d7e06c9294ec7edc12332c5da.jpg,finger_acropora,6637,542,2935,0.6562191022345264,0.7924303026684975,0.9245020197799136,0.6933765148349352
GPAB6220_jpg.rf.3bc13f3d7e06c9294ec7edc12332c5da.jpg,finger_porites,0,0,0,1.0,1.0,,
GPAB6220_jpg.rf.3bc13f3d7e06c9294ec7edc12332c5da.jpg,knob_porites,0,0,0,1.0,1.0,,
GPAB6220_jpg.rf.3bc13f3d7e06c9294ec7edc12332c5da.jpg,mounding_,0,127458,0,0.0,0.0,0.0,
GPAB6220_jpg.rf.3bc13f3d7e06c9294ec7edc12332c5da.jpg,oddball,0,0,0,1.0,1.0,,
GPAB6220_jpg.rf.3bc13f3d7e06c9294ec7edc12332c5da.jpg,pocillopora_,0,0,0,1.0,1.0,,
GPAB6220_jpg.rf.3bc13f3d7e06c9294ec7edc12332c5da.jpg,table_acropora,0,1012,126067,0.0,0.0,0.0,0.0
GPAB6227_jpg.rf.571570ca77f0db566886fcf2519c6b6b.jpg,branching_acropora,0,0,638,0.0,0.0,,0.0
GPAB6227_jpg.rf.571570ca77f0db566886fcf2519c6b6b.jpg,finger_acropora,3438,6294,15804,0.13463345864661655,0.23731621453717125,0.3532675709001233,0.17867165575304023
GPAB6227_jpg.rf.571570ca77f0db566886fcf2519c6b6b.jpg,finger_porites,0,0,25862,0.0,0.0,,0.0
GPAB6227_jpg.rf.571570ca77f0db566886fcf2519c6b6b.jpg,knob_porites,0,1348,0,0.0,0.0,0.0,
GPAB6227_jpg.rf.571570ca77f0db566886fcf2519c6b6b.jpg,mounding_,1588,1849,6322,0.16272159032687775,0.27989777033577157,0.46203084084957813,0.20075853350189635
GPAB6227_jpg.rf.571570ca77f0db566886fcf2519c6b6b.jpg,oddball,0,10108,0,0.0,0.0,0.0,
GPAB6227_jpg.rf.571570ca77f0db566886fcf2519c6b6b.jpg,pocillopora_,0,0,0,1.0,1.0,,
GPAB6227_jpg.rf.571570ca77f0db566886fcf2519c6b6b.jpg,table_acropora,0,22439,0,0.0,0.0,0.0,
GPAB6236_jpg.rf.46b13879c47d4fdd782cf071312ef0fe.jpg,branching_acropora,0,0,28020,0.0,0.0,,0.0
GPAB6236_jpg.rf.46b13879c47d4fdd782cf071312ef0fe.jpg,finger_acropora,3420,203,3170,0.5034594435448255,0.669734651914227,0.9439690863924924,0.5189681335356601
GPAB6236_jpg.rf.46b13879c47d4fdd782cf071312ef0fe.jpg,finger_porites,0,0,0,1.0,1.0,,
GPAB6236_jpg.rf.46b13879c47d4fdd782cf071312ef0fe.jpg,knob_porites,0,0,0,1.0,1.0,,
GPAB6236_jpg.rf.46b13879c47d4fdd782cf071312ef0fe.jpg,mounding_,0,1127,0,0.0,0.0,0.0,
GPAB6236_jpg.rf.46b13879c47d4fdd782cf071312ef0fe.jpg,oddball,0,0,0,1.0,1.0,,
GPAB6236_jpg.rf.46b13879c47d4fdd782cf071312ef0fe.jpg,pocillopora_,0,0,0,1.0,1.0,,
GPAB6236_jpg.rf.46b13879c47d4fdd782cf071312ef0fe.jpg,table_acropora,2815,13748,255,0.16738018789392317,0.2867620842459125,0.16995713336955864,0.9169381107491856
GPAB6245_jpg.rf.47051ee1d535ca875a821dca928db358.jpg,branching_acropora,0,0,0,1.0,1.0,,
GPAB6245_jpg.rf.47051ee1d535ca875a821dca928db358.jpg,finger_acropora,36840,9081,18777,0.5694148196234814,0.7256396619984636,0.8022473378192984,0.662387399536113
GPAB6245_jpg.rf.47051ee1d535ca875a821dca928db358.jpg,finger_porites,0,0,0,1.0,1.0,,
GPAB6245_jpg.rf.47051ee1d535ca875a821dca928db358.jpg,knob_porites,0,7668,0,0.0,0.0,0.0,
GPAB6245_jpg.rf.47051ee1d535ca875a821dca928db358.jpg,mounding_,0,0,0,1.0,1.0,,
GPAB6245_jpg.rf.47051ee1d535ca875a821dca928db358.jpg,oddball,0,0,7273,0.0,0.0,,0.0
GPAB6245_jpg.rf.47051ee1d535ca875a821dca928db358.jpg,pocillopora_,0,0,0,1.0,1.0,,
GPAB6245_jpg.rf.47051ee1d535ca875a821dca928db358.jpg,table_acropora,31703,10701,11465,0.5885202992444635,0.7409666713410928,0.7476417319120837,0.734409747961453
GPAB6251_jpg.rf.d7a423a98ef5280e1fa58def52ffcf9b.jpg,branching_acropora,10780,121,43220,0.19918331146874596,0.3321982712130784,0.9889001009081736,0.19962962962962963
GPAB6251_jpg.rf.d7a423a98ef5280e1fa58def52ffcf9b.jpg,finger_acropora,27434,3433,28179,0.4646208041188226,0.634458834412581,0.8887808986943986,0.4933019258087138
GPAB6251_jpg.rf.d7a423a98ef5280e1fa58def52ffcf9b.jpg,finger_porites,0,4146,0,0.0,0.0,0.0,
GPAB6251_jpg.rf.d7a423a98ef5280e1fa58def52ffcf9b.jpg,knob_porites,0,0,0,1.0,1.0,,
GPAB6251_jpg.rf.d7a423a98ef5280e1fa58def52ffcf9b.jpg,mounding_,5827,1370,6468,0.42641785583607755,0.597886312333265,0.8096429067667084,0.47393249288328587
GPAB6251_jpg.rf.d7a423a98ef5280e1fa58def52ffcf9b.jpg,oddball,0,1020,6939,0.0,0.0,0.0,0.0
GPAB6251_jpg.rf.d7a423a98ef5280e1fa58def52ffcf9b.jpg,pocillopora_,0,0,0,1.0,1.0,,
GPAB6251_jpg.rf.d7a423a98ef5280e1fa58def52ffcf9b.jpg,table_acropora,3968,19163,2529,0.15463756819953234,0.26785473201026055,0.17154468029916561,0.6107434200400185
GPAB6286_jpg.rf.b9de6c3dd697e300894bf557002032ac.jpg,branching_acropora,6114,459,834,0.8254353989469421,0.9043709784779232,0.9301688726608854,0.8799654576856649
GPAB6286_jpg.rf.b9de6c3dd697e300894bf557002032ac.jpg,finger_acropora,35381,2168,26442,0.5529058773890079,0.7120919373666627,0.9422621108418333,0.5722951005289294
GPAB6286_jpg.rf.b9de6c3dd697e300894bf557002032ac.jpg,finger_porites,12556,51345,13888,0.16141099641337464,0.27795672145663847,0.1964914477081736,0.47481470276811377
GPAB6286_jpg.rf.b9de6c3dd697e300894bf557002032ac.jpg,knob_porites,9987,23665,150,0.2954558901840128,0.4561419534586312,0.29677285153928445,0.9852027226990234
GPAB6286_jpg.rf.b9de6c3dd697e300894bf557002032ac.jpg,mounding_,0,1391,0,0.0,0.0,0.0,
GPAB6286_jpg.rf.b9de6c3dd697e300894bf557002032ac.jpg,oddball,0,0,12736,0.0,0.0,,0.0
GPAB6286_jpg.rf.b9de6c3dd697e300894bf557002032ac.jpg,pocillopora_,0,0,0,1.0,1.0,,
GPAB6286_jpg.rf.b9de6c3dd697e300894bf557002032ac.jpg,table_acropora,6087,10693,48886,0.09269637255200561,0.16966537984474517,0.3627532777115614,0.11072708420497335
GPAB6318_jpg.rf.d15aea90cad5a842336ad5d3bce3c7bf.jpg,branching_acropora,17438,14416,2957,0.500933612938439,0.667496028632127,0.5474351729767062,0.8550134836969846
GPAB6318_jpg.rf.d15aea90cad5a842336ad5d3bce3c7bf.jpg,finger_acropora,238188,10203,13522,0.9094164856269067,0.9525595829642413,0.958923632498762,0.946279448571769
GPAB6318_jpg.rf.d15aea90cad5a842336ad5d3bce3c7bf.jpg,finger_porites,0,0,0,1.0,1.0,,
GPAB6318_jpg.rf.d15aea90cad5a842336ad5d3bce3c7bf.jpg,knob_porites,0,0,0,1.0,1.0,,
GPAB6318_jpg.rf.d15aea90cad5a842336ad5d3bce3c7bf.jpg,mounding_,0,0,0,1.0,1.0,,
GPAB6318_jpg.rf.d15aea90cad5a842336ad5d3bce3c7bf.jpg,oddball,0,0,0,1.0,1.0,,
GPAB6318_jpg.rf.d15aea90cad5a842336ad5d3bce3c7bf.jpg,pocillopora_,25657,13692,14715,0.47456717963894646,0.6436697984219967,0.6520369005565579,0.6355147131675418
GPAB6318_jpg.rf.d15aea90cad5a842336ad5d3bce3c7bf.jpg,table_acropora,32270,164,769,0.97190012950637,0.9857498510836528,0.9949435777270765,0.9767244771330852
GPAB6343_jpg.rf.0d5a7465def88e0de6cf8a58d5eb8cfa.jpg,branching_acropora,0,0,177,0.0,0.0,,0.0
GPAB6343_jpg.rf.0d5a7465def88e0de6cf8a58d5eb8cfa.jpg,finger_acropora,284838,23764,61849,0.7688952115124538,0.8693507750015642,0.9229946662691751,0.821599886929709
GPAB6343_jpg.rf.0d5a7465def88e0de6cf8a58d5eb8cfa.jpg,finger_porites,0,0,0,1.0,1.0,,
GPAB6343_jpg.rf.0d5a7465def88e0de6cf8a58d5eb8cfa.jpg,knob_porites,8647,1385,2319,0.7001052546352522,0.823602247833127,0.8619417862838915,0.788528178004742
GPAB6343_jpg.rf.0d5a7465def88e0de6cf8a58d5eb8cfa.jpg,mounding_,4343,106,4772,0.4709901312222102,0.6403715718077263,0.9761744212182513,0.4764673614920461
GPAB6343_jpg.rf.0d5a7465def88e0de6cf8a58d5eb8cfa.jpg,oddball,0,0,0,1.0,1.0,,
GPAB6343_jpg.rf.0d5a7465def88e0de6cf8a58d5eb8cfa.jpg,pocillopora_,13740,517,2871,0.8021952358710883,0.8902423221459116,0.9637371115943045,0.8271627234964782
GPAB6343_jpg.rf.0d5a7465def88e0de6cf8a58d5eb8cfa.jpg,table_acropora,0,6560,8721,0.0,0.0,0.0,0.0
GPAB6357_jpg.rf.f77decaa064ed06ac4ae7dc5f14b7c03.jpg,branching_acropora,0,0,0,1.0,1.0,,
GPAB6357_jpg.rf.f77decaa064ed06ac4ae7dc5f14b7c03.jpg,finger_acropora,1149,638,17,0.6369179600886918,0.7781916694886556,0.6429770565193061,0.9854202401372213
GPAB6357_jpg.rf.f77decaa064ed06ac4ae7dc5f14b7c03.jpg,finger_porites,16036,28279,76052,0.13322588417091064,0.23512679339897216,0.3618639286923164,0.17413778125271479
GPAB6357_jpg.rf.f77decaa064ed06ac4ae7dc5f14b7c03.jpg,knob_porites,113160,5718,47799,0.6789179070897604,0.808756526120563,0.9519002675011357,0.7030361769146181
GPAB6357_jpg.rf.f77decaa064ed06ac4ae7dc5f14b7c03.jpg,mounding_,8268,155,1082,0.8698579694897423,0.930400045012097,0.9815980054612371,0.8842780748663102
GPAB6357_jpg.rf.f77decaa064ed06ac4ae7dc5f14b7c03.jpg,oddball,0,0,3502,0.0,0.0,,0.0
GPAB6357_jpg.rf.f77decaa064ed06ac4ae7dc5f14b7c03.jpg,pocillopora_,0,0,0,1.0,1.0,,
GPAB6357_jpg.rf.f77decaa064ed06ac4ae7dc5f14b7c03.jpg,table_acropora,0,0,7116,0.0,0.0,,0.0
GPAB6362_jpg.rf.409a2850d857b0bd69c899eb31575f58.jpg,branching_acropora,5792,241,4100,0.5715977499259844,0.7274097331240188,0.9600530416045086,0.5855236554791751
GPAB6362_jpg.rf.409a2850d857b0bd69c899eb31575f58.jpg,finger_acropora,0,2716,4377,0.0,0.0,0.0,0.0
GPAB6362_jpg.rf.409a2850d857b0bd69c899eb31575f58.jpg,finger_porites,0,0,0,1.0,1.0,,
GPAB6362_jpg.rf.409a2850d857b0bd69c899eb31575f58.jpg,knob_porites,23665,744,22231,0.5073970840480274,0.6732095868003698,0.9695194395509853,0.5156222764511068
GPAB6362_jpg.rf.409a2850d857b0bd69c899eb31575f58.jpg,mounding_,0,2180,0,0.0,0.0,0.0,
GPAB6362_jpg.rf.409a2850d857b0bd69c899eb31575f58.jpg,oddball,0,0,0,1.0,1.0,,
GPAB6362_jpg.rf.409a2850d857b0bd69c899eb31575f58.jpg,pocillopora_,0,0,0,1.0,1.0,,
GPAB6362_jpg.rf.409a2850d857b0bd69c899eb31575f58.jpg,table_acropora,0,1868,0,0.0,0.0,0.0,
GPAB6368_jpg.rf.4ccdaea8dd51721346f6943ef0c1a15f.jpg,branching_acropora,4833,385,120,0.9053952791307606,0.9503490315603186,0.9262169413568417,0.9757722592368262
GPAB6368_jpg.rf.4ccdaea8dd51721346f6943ef0c1a15f.jpg,finger_acropora,1251,3768,1760,0.18454049269803807,0.3115815691158157,0.2492528392109982,0.41547658585187647
GPAB6368_jpg.rf.4ccdaea8dd51721346f6943ef0c1a15f.jpg,finger_porites,0,0,0,1.0,1.0,,
GPAB6368_jpg.rf.4ccdaea8dd51721346f6943ef0c1a15f.jpg,knob_porites,33543,4046,14221,0.647423277359583,0.7859829179993674,0.8923621272180691,0.7022653044133658
GPAB6368_jpg.rf.4ccdaea8dd51721346f6943ef0c1a15f.jpg,mounding_,2719,1686,3027,0.3658503767491927,0.5357107674120777,0.6172531214528945,0.47319874695440306
GPAB6368_jpg.rf.4ccdaea8dd51721346f6943ef0c1a15f.jpg,oddball,3053,262,109,0.8916471962616822,0.9427203952447121,0.9209653092006033,0.965528146742568
GPAB6368_jpg.rf.4ccdaea8dd51721346f6943ef0c1a15f.jpg,pocillopora_,0,0,0,1.0,1.0,,
GPAB6368_jpg.rf.4ccdaea8dd51721346f6943ef0c1a15f.jpg,table_acropora,0,0,0,1.0,1.0,,
GPAB6415_jpg.rf.6edab159b05aadee5406742ad5b6bae4.jpg,branching_acropora,50533,3217,11902,0.7697099859867178,0.8698713259026553,0.9401488372093023,0.8093697445343156
GPAB6415_jpg.rf.6edab159b05aadee5406742ad5b6bae4.jpg,finger_acropora,247311,16432,3741,0.924582404928893,0.9608135277149157,0.937696924657716,0.9850987046508293
GPAB6415_jpg.rf.6edab159b05aadee5406742ad5b6bae4.jpg,finger_porites,0,0,0,1.0,1.0,,
GPAB6415_jpg.rf.6edab159b05aadee5406742ad5b6bae4.jpg,knob_porites,0,0,0,1.0,1.0,,
GPAB6415_jpg.rf.6edab159b05aadee5406742ad5b6bae4.jpg,mounding_,0,0,0,1.0,1.0,,
GPAB6415_jpg.rf.6edab159b05aadee5406742ad5b6bae4.jpg,oddball,11001,8999,2191,0.49574151683114775,0.6628705712219812,0.55005,0.8339144936325046
GPAB6415_jpg.rf.6edab159b05aadee5406742ad5b6bae4.jpg,pocillopora_,0,0,833,0.0,0.0,,0.0
GPAB6415_jpg.rf.6edab159b05aadee5406742ad5b6bae4.jpg,table_acropora,9888,62,341,0.9608395685550482,0.9800287427523663,0.9937688442211056,0.9666634079577672
GPAB6420_jpg.rf.b77275a4c2d4ceebbfe562a217560760.jpg,branching_acropora,129516,8458,149899,0.44990672970372353,0.6206009262342802,0.9386985953875367,0.46352558023012363
GPAB6420_jpg.rf.b77275a4c2d4ceebbfe562a217560760.jpg,finger_acropora,143950,6331,9621,0.9002388963239984,0.9475007569474613,0.9578722526467085,0.9373514530738225
GPAB6420_jpg.rf.b77275a4c2d4ceebbfe562a217560760.jpg,finger_porites,0,0,0,1.0,1.0,,
GPAB6420_jpg.rf.b77275a4c2d4ceebbfe562a217560760.jpg,knob_porites,0,0,0,1.0,1.0,,
GPAB6420_jpg.rf.b77275a4c2d4ceebbfe562a217560760.jpg,mounding_,0,2095,0,0.0,0.0,0.0,
GPAB6420_jpg.rf.b77275a4c2d4ceebbfe562a217560760.jpg,oddball,0,0,0,1.0,1.0,,
GPAB6420_jpg.rf.b77275a4c2d4ceebbfe562a217560760.jpg,pocillopora_,17295,2847,522,0.8369628339140535,0.9112463447403778,0.8586535597259458,0.9707021384071393
GPAB6420_jpg.rf.b77275a4c2d4ceebbfe562a217560760.jpg,table_acropora,0,0,0,1.0,1.0,,
GPAB6428_jpg.rf.b16d2b18243733f492c9084c55db4346.jpg,branching_acropora,5111,914,6193,0.4183172368636438,0.5898782387904669,0.848298755186722,0.45214083510261854
GPAB6428_jpg.rf.b16d2b18243733f492c9084c55db4346.jpg,finger_acropora,206862,5829,18823,0.8935183185466106,0.9437651696260744,0.972594044882012,0.9165961406385006
GPAB6428_jpg.rf.b16d2b18243733f492c9084c55db4346.jpg,finger_porites,0,0,0,1.0,1.0,,
GPAB6428_jpg.rf.b16d2b18243733f492c9084c55db4346.jpg,knob_porites,3206,2913,65,0.5184346701164295,0.6828541001064963,0.5239418205589148,0.9801284011005809
GPAB6428_jpg.rf.b16d2b18243733f492c9084c55db4346.jpg,mounding_,1144,536,143,0.6275370268787712,0.771149309066397,0.680952380952381,0.8888888888888888
GPAB6428_jpg.rf.b16d2b18243733f492c9084c55db4346.jpg,oddball,0,0,2116,0.0,0.0,,0.0
GPAB6428_jpg.rf.b16d2b18243733f492c9084c55db4346.jpg,pocillopora_,1243,61,105,0.8821859474804826,0.9374057315233786,0.9532208588957055,0.922106824925816
GPAB6428_jpg.rf.b16d2b18243733f492c9084c55db4346.jpg,table_acropora,126826,13365,570,0.9010024083375366,0.9479234790927811,0.9046657774036849,0.9955257621903356
GPAB6469_jpg.rf.804de9a3f3b0bcff6cafd0268423db33.jpg,branching_acropora,0,0,101353,0.0,0.0,,0.0
GPAB6469_jpg.rf.804de9a3f3b0bcff6cafd0268423db33.jpg,finger_acropora,0,6956,2147,0.0,0.0,0.0,0.0
GPAB6469_jpg.rf.804de9a3f3b0bcff6cafd0268423db33.jpg,finger_porites,0,128589,0,0.0,0.0,0.0,
GPAB6469_jpg.rf.804de9a3f3b0bcff6cafd0268423db33.jpg,knob_porites,0,0,3036,0.0,0.0,,0.0
GPAB6469_jpg.rf.804de9a3f3b0bcff6cafd0268423db33.jpg,mounding_,2373,1178,1363,0.4829059829059829,0.6512968299711815,0.6682624612785131,0.6351713062098501
GPAB6469_jpg.rf.804de9a3f3b0bcff6cafd0268423db33.jpg,oddball,0,0,0,1.0,1.0,,
GPAB6469_jpg.rf.804de9a3f3b0bcff6cafd0268423db33.jpg,pocillopora_,0,0,0,1.0,1.0,,
GPAB6469_jpg.rf.804de9a3f3b0bcff6cafd0268423db33.jpg,table_acropora,22980,1929,8772,0.6822837801727977,0.811139937523164,0.9225581115259545,0.7237339380196524
GPAB6581_jpg.rf.0e33f8c4bc7b403d776dbb15f4bb9251.jpg,branching_acropora,0,0,0,1.0,1.0,,
GPAB6581_jpg.rf.0e33f8c4bc7b403d776dbb15f4bb9251.jpg,finger_acropora,321225,13605,8006,0.9369640294484827,0.9674563029601196,0.959367440193531,0.9756827273251911
GPAB6581_jpg.rf.0e33f8c4bc7b403d776dbb15f4bb9251.jpg,finger_porites,0,0,0,1.0,1.0,,
GPAB6581_jpg.rf.0e33f8c4bc7b403d776dbb15f4bb9251.jpg,knob_porites,0,0,0,1.0,1.0,,
GPAB6581_jpg.rf.0e33f8c4bc7b403d776dbb15f4bb9251.jpg,mounding_,0,0,0,1.0,1.0,,
GPAB6581_jpg.rf.0e33f8c4bc7b403d776dbb15f4bb9251.jpg,oddball,0,1340,1361,0.0,0.0,0.0,0.0
GPAB6581_jpg.rf.0e33f8c4bc7b403d776dbb15f4bb9251.jpg,pocillopora_,32126,2317,334,0.9237714581476263,0.9603754689625278,0.9327294370409082,0.9897104128157732
GPAB6581_jpg.rf.0e33f8c4bc7b403d776dbb15f4bb9251.jpg,table_acropora,0,0,0,1.0,1.0,,
GPAB6582_jpg.rf.a166616a1043774d17060f56687c0471.jpg,branching_acropora,189269,1784,53156,0.7750287663435828,0.8732576970457555,0.9906622769597965,0.7807321852119212
GPAB6582_jpg.rf.a166616a1043774d17060f56687c0471.jpg,finger_acropora,68574,3251,480,0.9483991425212641,0.9735162799281653,0.9547372084928646,0.9930489182379008
GPAB6582_jpg.rf.a166616a1043774d17060f56687c0471.jpg,finger_porites,0,0,0,1.0,1.0,,
GPAB6582_jpg.rf.a166616a1043774d17060f56687c0471.jpg,knob_porites,0,0,0,1.0,1.0,,
GPAB6582_jpg.rf.a166616a1043774d17060f56687c0471.jpg,mounding_,0,0,0,1.0,1.0,,
GPAB6582_jpg.rf.a166616a1043774d17060f56687c0471.jpg,oddball,0,0,0,1.0,1.0,,
GPAB6582_jpg.rf.a166616a1043774d17060f56687c0471.jpg,pocillopora_,15171,1235,4909,0.7117522871217452,0.8316066436441375,0.9247226624405706,0.7555278884462151
GPAB6582_jpg.rf.a166616a1043774d17060f56687c0471.jpg,table_acropora,0,0,0,1.0,1.0,,
GPAB6583_jpg.rf.226622e1572d169e84459d33d4b242e9.jpg,branching_acropora,22015,853,2403,0.8711566617862372,0.9311424100156495,0.9626989679902046,0.9015889917274142
GPAB6583_jpg.rf.226622e1572d169e84459d33d4b242e9.jpg,finger_acropora,11145,900,4752,0.6635113413109484,0.7977238565600172,0.925280199252802,0.7010756746555954
GPAB6583_jpg.rf.226622e1572d169e84459d33d4b242e9.jpg,finger_porites,13401,485,5089,0.7062450592885375,0.8278354336545589,0.9650727351289068,0.7247701460248783
GPAB6583_jpg.rf.226622e1572d169e84459d33d4b242e9.jpg,knob_porites,0,0,0,1.0,1.0,,
GPAB6583_jpg.rf.226622e1572d169e84459d33d4b242e9.jpg,mounding_,0,0,13723,0.0,0.0,,0.0
GPAB6583_jpg.rf.226622e1572d169e84459d33d4b242e9.jpg,oddball,0,0,0,1.0,1.0,,
GPAB6583_jpg.rf.226622e1572d169e84459d33d4b242e9.jpg,pocillopora_,19702,662,12035,0.6081051884317418,0.7563002629508071,0.9674916519347869,0.6207896146453666
GPAB6583_jpg.rf.226622e1572d169e84459d33d4b242e9.jpg,table_acropora,63904,9719,1219,0.8538521151225248,0.9211652948553471,0.8679896228080899,0.9812815748660227
GPAB6584_jpg.rf.bf60090261c1ac131e8b94b020257a0e.jpg,branching_acropora,0,0,0,1.0,1.0,,
GPAB6584_jpg.rf.bf60090261c1ac131e8b94b020257a0e.jpg,finger_acropora,300227,15297,2667,0.9435433434635172,0.9709516863998138,0.9515187434236382,0.9911949394837798
GPAB6584_jpg.rf.bf60090261c1ac131e8b94b020257a0e.jpg,finger_porites,0,0,0,1.0,1.0,,
GPAB6584_jpg.rf.bf60090261c1ac131e8b94b020257a0e.jpg,knob_porites,0,0,0,1.0,1.0,,
GPAB6584_jpg.rf.bf60090261c1ac131e8b94b020257a0e.jpg,mounding_,15633,432,2374,0.8478225500298281,0.9176449870861705,0.973109243697479,0.8681623812961626
GPAB6584_jpg.rf.bf60090261c1ac131e8b94b020257a0e.jpg,oddball,0,0,0,1.0,1.0,,
GPAB6584_jpg.rf.bf60090261c1ac131e8b94b020257a0e.jpg,pocillopora_,3296,1202,8738,0.24901783016016923,0.3987418340188725,0.7327701200533571,0.27389064317766326
GPAB6584_jpg.rf.bf60090261c1ac131e8b94b020257a0e.jpg,table_acropora,0,0,4810,0.0,0.0,,0.0
GPAB6596_jpg.rf.2ff0ce0a9390ffcde484219f10b26580.jpg,branching_acropora,54997,12706,9037,0.7166666666666667,0.8349514563106796,0.8123273710175325,0.8588718493300435
GPAB6596_jpg.rf.2ff0ce0a9390ffcde484219f10b26580.jpg,finger_acropora,31749,7964,35229,0.4236476208267727,0.595157979585907,0.7994611336338227,0.4740213204335752
GPAB6596_jpg.rf.2ff0ce0a9390ffcde484219f10b26580.jpg,finger_porites,0,14034,0,0.0,0.0,0.0,
GPAB6596_jpg.rf.2ff0ce0a9390ffcde484219f10b26580.jpg,knob_porites,0,5598,0,0.0,0.0,0.0,
GPAB6596_jpg.rf.2ff0ce0a9390ffcde484219f10b26580.jpg,mounding_,4796,252,14553,0.24468139380643844,0.393163093823011,0.9500792393026941,0.24786810687890848
GPAB6596_jpg.rf.2ff0ce0a9390ffcde484219f10b26580.jpg,oddball,0,0,558,0.0,0.0,,0.0
GPAB6596_jpg.rf.2ff0ce0a9390ffcde484219f10b26580.jpg,pocillopora_,0,0,4751,0.0,0.0,,0.0
GPAB6596_jpg.rf.2ff0ce0a9390ffcde484219f10b26580.jpg,table_acropora,32520,18718,7147,0.5569923781793269,0.7154721962488312,0.6346851945821461,0.8198250434870296
GPAB6643_jpg.rf.d790114b6394a3a5aa132aa793ce2dbc.jpg,branching_acropora,0,0,1651,0.0,0.0,,0.0
GPAB6643_jpg.rf.d790114b6394a3a5aa132aa793ce2dbc.jpg,finger_acropora,240271,4929,1301,0.9747262688589499,0.9872014002448785,0.9798980424143556,0.994614442071101
GPAB6643_jpg.rf.d790114b6394a3a5aa132aa793ce2dbc.jpg,finger_porites,0,0,0,1.0,1.0,,
GPAB6643_jpg.rf.d790114b6394a3a5aa132aa793ce2dbc.jpg,knob_porites,0,0,0,1.0,1.0,,
GPAB6643_jpg.rf.d790114b6394a3a5aa132aa793ce2dbc.jpg,mounding_,31806,42065,10029,0.37909415971394517,0.549772699773564,0.43056138403433014,0.7602724991036214
GPAB6643_jpg.rf.d790114b6394a3a5aa132aa793ce2dbc.jpg,oddball,0,0,0,1.0,1.0,,
GPAB6643_jpg.rf.d790114b6394a3a5aa132aa793ce2dbc.jpg,pocillopora_,9895,2997,3255,0.6128073326314486,0.7599262729437063,0.7675302513186473,0.7524714828897339
GPAB6643_jpg.rf.d790114b6394a3a5aa132aa793ce2dbc.jpg,table_acropora,0,0,0,1.0,1.0,,
GPAB6646_jpg.rf.49fc6a67b97d38d25bea008e6f33d9f7.jpg,branching_acropora,0,21599,0,0.0,0.0,0.0,
GPAB6646_jpg.rf.49fc6a67b97d38d25bea008e6f33d9f7.jpg,finger_acropora,241597,6007,30303,0.8693447808079682,0.9301064091903046,0.9757394872457634,0.8885509378447959
GPAB6646_jpg.rf.49fc6a67b97d38d25bea008e6f33d9f7.jpg,finger_porites,0,0,0,1.0,1.0,,
GPAB6646_jpg.rf.49fc6a67b97d38d25bea008e6f33d9f7.jpg,knob_porites,0,0,0,1.0,1.0,,
GPAB6646_jpg.rf.49fc6a67b97d38d25bea008e6f33d9f7.jpg,mounding_,5854,2307,13506,0.2701804587621729,0.42542058791468335,0.7173140546501654,0.3023760330578512
GPAB6646_jpg.rf.49fc6a67b97d38d25bea008e6f33d9f7.jpg,oddball,0,3527,0,0.0,0.0,0.0,
GPAB6646_jpg.rf.49fc6a67b97d38d25bea008e6f33d9f7.jpg,pocillopora_,26062,2350,2398,0.8458941901979876,0.9165142776761851,0.9172884696607068,0.9157413914265636
GPAB6646_jpg.rf.49fc6a67b97d38d25bea008e6f33d9f7.jpg,table_acropora,0,6220,0,0.0,0.0,0.0,
GPAB6647_jpg.rf.ed1c984301bcc115058546f7d8048b07.jpg,branching_acropora,17800,9682,2972,0.5844880803835293,0.7377626725245575,0.6476966741867404,0.8569227806662816
GPAB6647_jpg.rf.ed1c984301bcc115058546f7d8048b07.jpg,finger_acropora,117832,3733,21892,0.8213750461810856,0.9019285159344633,0.9692921482334553,0.8433196873836993
GPAB6647_jpg.rf.ed1c984301bcc115058546f7d8048b07.jpg,finger_porites,0,0,0,1.0,1.0,,
GPAB6647_jpg.rf.ed1c984301bcc115058546f7d8048b07.jpg,knob_porites,0,0,0,1.0,1.0,,
GPAB6647_jpg.rf.ed1c984301bcc115058546f7d8048b07.jpg,mounding_,1525,20,926,0.6171590449210845,0.7632632632632632,0.9870550161812298,0.6221950224398205
GPAB6647_jpg.rf.ed1c984301bcc115058546f7d8048b07.jpg,oddball,0,0,0,1.0,1.0,,
GPAB6647_jpg.rf.ed1c984301bcc115058546f7d8048b07.jpg,pocillopora_,16193,123,2162,0.8763394306743154,0.9340947766144616,0.9924613875949988,0.8822119313538546
GPAB6647_jpg.rf.ed1c984301bcc115058546f7d8048b07.jpg,table_acropora,0,0,0,1.0,1.0,,
GPAB6648_jpg.rf.c56ce6da35aa5d7bf1816fcefeee13f5.jpg,branching_acropora,0,0,0,1.0,1.0,,
GPAB6648_jpg.rf.c56ce6da35aa5d7bf1816fcefeee13f5.jpg,finger_acropora,156403,11175,1190,0.9267337409935533,0.9619738537569463,0.9333146355726886,0.9924489031873243
GPAB6648_jpg.rf.c56ce6da35aa5d7bf1816fcefeee13f5.jpg,finger_porites,0,0,0,1.0,1.0,,
GPAB6648_jpg.rf.c56ce6da35aa5d7bf1816fcefeee13f5.jpg,knob_porites,0,0,0,1.0,1.0,,
GPAB6648_jpg.rf.c56ce6da35aa5d7bf1816fcefeee13f5.jpg,mounding_,0,1203,810,0.0,0.0,0.0,0.0
GPAB6648_jpg.rf.c56ce6da35aa5d7bf1816fcefeee13f5.jpg,oddball,7632,439,2334,0.7334935127342623,0.8462604646005434,0.9456077313839673,0.7658037326911499
GPAB6648_jpg.rf.c56ce6da35aa5d7bf1816fcefeee13f5.jpg,pocillopora_,14153,808,6338,0.6644912906709235,0.7984316822746248,0.9459929149121048,0.6906934751842272
GPAB6648_jpg.rf.c56ce6da35aa5d7bf1816fcefeee13f5.jpg,table_acropora,375162,1515,1112,0.9930463830339158,0.9965110611447491,0.9959779864446197,0.9970447067828232
GPAB6649_jpg.rf.47c706dd93e009a16e5bedc5215042d9.jpg,branching_acropora,13403,740,11061,0.5317806697349627,0.6943300437744451,0.9476772961889274,0.5478662524525834
GPAB6649_jpg.rf.47c706dd93e009a16e5bedc5215042d9.jpg,finger_acropora,342409,27193,20662,0.8773778775393067,0.9346843680605127,0.9264262639271432,0.9430910207645337
GPAB6649_jpg.rf.47c706dd93e009a16e5bedc5215042d9.jpg,finger_porites,0,0,0,1.0,1.0,,
GPAB6649_jpg.rf.47c706dd93e009a16e5bedc5215042d9.jpg,knob_porites,0,0,0,1.0,1.0,,
GPAB6649_jpg.rf.47c706dd93e009a16e5bedc5215042d9.jpg,mounding_,1968,56,7472,0.2072451558550969,0.3433356594556874,0.9723320158102767,0.20847457627118643
GPAB6649_jpg.rf.47c706dd93e009a16e5bedc5215042d9.jpg,oddball,0,0,0,1.0,1.0,,
GPAB6649_jpg.rf.47c706dd93e009a16e5bedc5215042d9.jpg,pocillopora_,19637,2649,3055,0.7749102245373111,0.873182444750767,0.8811361392802657,0.8653710558787238
GPAB6649_jpg.rf.47c706dd93e009a16e5bedc5215042d9.jpg,table_acropora,0,0,0,1.0,1.0,,
GPAB6650_jpg.rf.d42500ecead8b3cfa4dd6cdbd03046bd.jpg,branching_acropora,0,0,0,1.0,1.0,,
GPAB6650_jpg.rf.d42500ecead8b3cfa4dd6cdbd03046bd.jpg,finger_acropora,377315,3657,26638,0.9256765045018522,0.9614039557919547,0.9904008693552282,0.934056684812342
GPAB6650_jpg.rf.d42500ecead8b3cfa4dd6cdbd03046bd.jpg,finger_porites,0,0,0,1.0,1.0,,
GPAB6650_jpg.rf.d42500ecead8b3cfa4dd6cdbd03046bd.jpg,knob_porites,0,0,0,1.0,1.0,,
GPAB6650_jpg.rf.d42500ecead8b3cfa4dd6cdbd03046bd.jpg,mounding_,15249,3811,19942,0.39097994974616684,0.5621647527234521,0.8000524658971668,0.4333210195788696
GPAB6650_jpg.rf.d42500ecead8b3cfa4dd6cdbd03046bd.jpg,oddball,0,0,0,1.0,1.0,,
GPAB6650_jpg.rf.d42500ecead8b3cfa4dd6cdbd03046bd.jpg,pocillopora_,13844,99,3573,0.7903630965973967,0.8829081632653061,0.9928996629132898,0.7948556008497445
GPAB6650_jpg.rf.d42500ecead8b3cfa4dd6cdbd03046bd.jpg,table_acropora,0,0,0,1.0,1.0,,
GPAB6651_jpg.rf.b6a9a159f89e82d53644c3a73ebaa154.jpg,branching_acropora,0,3818,1352,0.0,0.0,0.0,0.0
GPAB6651_jpg.rf.b6a9a159f89e82d53644c3a73ebaa154.jpg,finger_acropora,305642,14719,63020,0.7972278229750561,0.887175028990324,0.9540549567519142,0.8290575106737337
GPAB6651_jpg.rf.b6a9a159f89e82d53644c3a73ebaa154.jpg,finger_porites,0,0,0,1.0,1.0,,
GPAB6651_jpg.rf.b6a9a159f89e82d53644c3a73ebaa154.jpg,knob_porites,0,0,0,1.0,1.0,,
GPAB6651_jpg.rf.b6a9a159f89e82d53644c3a73ebaa154.jpg,mounding_,0,0,4681,0.0,0.0,,0.0
GPAB6651_jpg.rf.b6a9a159f89e82d53644c3a73ebaa154.jpg,oddball,0,0,0,1.0,1.0,,
GPAB6651_jpg.rf.b6a9a159f89e82d53644c3a73ebaa154.jpg,pocillopora_,0,0,1182,0.0,0.0,,0.0
GPAB6651_jpg.rf.b6a9a159f89e82d53644c3a73ebaa154.jpg,table_acropora,37182,6763,19394,0.5870316866385639,0.739785716417465,0.8461030833997042,0.6572044683257918
GPAB6652_jpg.rf.3746e0c1af503c85d382a9d829f4713a.jpg,branching_acropora,0,0,0,1.0,1.0,,
GPAB6652_jpg.rf.3746e0c1af503c85d382a9d829f4713a.jpg,finger_acropora,389582,14314,18555,0.9221945267025051,0.9595225809788518,0.9645601838096935,0.95453732447683
GPAB6652_jpg.rf.3746e0c1af503c85d382a9d829f4713a.jpg,finger_porites,1948,713,323,0.6528150134048257,0.7899432278994323,0.7320556181886508,0.8577719066490532
GPAB6652_jpg.rf.3746e0c1af503c85d382a9d829f4713a.jpg,knob_porites,12123,2660,146,0.8120436733873668,0.8962738429690965,0.8200635865521206,0.9881000896568588
GPAB6652_jpg.rf.3746e0c1af503c85d382a9d829f4713a.jpg,mounding_,9808,609,6579,0.5770769592845375,0.7318310699895538,0.9415378707881348,0.5985232196253127
GPAB6652_jpg.rf.3746e0c1af503c85d382a9d829f4713a.jpg,oddball,0,0,0,1.0,1.0,,
GPAB6652_jpg.rf.3746e0c1af503c85d382a9d829f4713a.jpg,pocillopora_,0,0,22729,0.0,0.0,,0.0
GPAB6652_jpg.rf.3746e0c1af503c85d382a9d829f4713a.jpg,table_acropora,0,0,0,1.0,1.0,,
GPAB6653_jpg.rf.6462868b079303442dc200bdaa83cf5b.jpg,branching_acropora,0,0,10851,0.0,0.0,,0.0
GPAB6653_jpg.rf.6462868b079303442dc200bdaa83cf5b.jpg,finger_acropora,234059,14308,19965,0.8722738994976372,0.9317802269547026,0.9423917026013923,0.9214050640884326
GPAB6653_jpg.rf.6462868b079303442dc200bdaa83cf5b.jpg,finger_porites,0,0,0,1.0,1.0,,
GPAB6653_jpg.rf.6462868b079303442dc200bdaa83cf5b.jpg,knob_porites,0,0,0,1.0,1.0,,
GPAB6653_jpg.rf.6462868b079303442dc200bdaa83cf5b.jpg,mounding_,0,0,8414,0.0,0.0,,0.0
GPAB6653_jpg.rf.6462868b079303442dc200bdaa83cf5b.jpg,oddball,0,0,0,1.0,1.0,,
GPAB6653_jpg.rf.6462868b079303442dc200bdaa83cf5b.jpg,pocillopora_,19152,339,4006,0.8150827765246628,0.8981218785903539,0.9826073572418039,0.8270144226617152
GPAB6653_jpg.rf.6462868b079303442dc200bdaa83cf5b.jpg,table_acropora,0,0,0,1.0,1.0,,
GPAB6654_jpg.rf.c041357eb333cbca4f87f2517eb356e9.jpg,branching_acropora,328303,17408,538,0.9481702474230973,0.9733956759449235,0.9496458024187833,0.9983639509671848
GPAB6654_jpg.rf.c041357eb333cbca4f87f2517eb356e9.jpg,finger_acropora,178954,13186,7302,0.8972733927658166,0.9458556644361991,0.9313729572186947,0.9607958938235547
GPAB6654_jpg.rf.c041357eb333cbca4f87f2517eb356e9.jpg,finger_porites,0,0,0,1.0,1.0,,
GPAB6654_jpg.rf.c041357eb333cbca4f87f2517eb356e9.jpg,knob_porites,0,0,0,1.0,1.0,,
GPAB6654_jpg.rf.c041357eb333cbca4f87f2517eb356e9.jpg,mounding_,0,0,4487,0.0,0.0,,0.0
GPAB6654_jpg.rf.c041357eb333cbca4f87f2517eb356e9.jpg,oddball,0,0,3086,0.0,0.0,,0.0
GPAB6654_jpg.rf.c041357eb333cbca4f87f2517eb356e9.jpg,pocillopora_,1946,11629,5254,0.103351213553561,0.18734055354993984,0.14335174953959484,0.2702777777777778
GPAB6654_jpg.rf.c041357eb333cbca4f87f2517eb356e9.jpg,table_acropora,13740,214,960,0.9212820168968754,0.9590284079011656,0.9846638956571593,0.9346938775510204
GPAB6655_jpg.rf.fb96f38ea0bf68f9bcb15a2ea4533c20.jpg,branching_acropora,0,0,8405,0.0,0.0,,0.0
GPAB6655_jpg.rf.fb96f38ea0bf68f9bcb15a2ea4533c20.jpg,finger_acropora,58574,3976,3894,0.8815543916681717,0.9370490649346495,0.9364348521183053,0.9376640840110136
GPAB6655_jpg.rf.fb96f38ea0bf68f9bcb15a2ea4533c20.jpg,finger_porites,0,0,0,1.0,1.0,,
GPAB6655_jpg.rf.fb96f38ea0bf68f9bcb15a2ea4533c20.jpg,knob_porites,0,0,0,1.0,1.0,,
GPAB6655_jpg.rf.fb96f38ea0bf68f9bcb15a2ea4533c20.jpg,mounding_,0,0,0,1.0,1.0,,
GPAB6655_jpg.rf.fb96f38ea0bf68f9bcb15a2ea4533c20.jpg,oddball,0,0,0,1.0,1.0,,
GPAB6655_jpg.rf.fb96f38ea0bf68f9bcb15a2ea4533c20.jpg,pocillopora_,5548,1116,737,0.749628428590731,0.8569001467294772,0.8325330132052821,0.8827366746221161
GPAB6655_jpg.rf.fb96f38ea0bf68f9bcb15a2ea4533c20.jpg,table_acropora,0,2825,0,0.0,0.0,0.0,
GPAB6656_jpg.rf.5d4becc71a2154b3949645d8d64ed72e.jpg,branching_acropora,0,0,45210,0.0,0.0,,0.0
GPAB6656_jpg.rf.5d4becc71a2154b3949645d8d64ed72e.jpg,finger_acropora,377111,29206,15280,0.8944821713626995,0.9443025486160148,0.9281201623363039,0.9610592495750412
GPAB6656_jpg.rf.5d4becc71a2154b3949645d8d64ed72e.jpg,finger_porites,0,0,0,1.0,1.0,,
GPAB6656_jpg.rf.5d4becc71a2154b3949645d8d64ed72e.jpg,knob_porites,0,0,0,1.0,1.0,,
GPAB6656_jpg.rf.5d4becc71a2154b3949645d8d64ed72e.jpg,mounding_,0,0,0,1.0,1.0,,
GPAB6656_jpg.rf.5d4becc71a2154b3949645d8d64ed72e.jpg,oddball,0,0,0,1.0,1.0,,
GPAB6656_jpg.rf.5d4becc71a2154b3949645d8d64ed72e.jpg,pocillopora_,31636,6807,1095,0.8001416358945824,0.8889763115744513,0.8229326535390058,0.9665454767651462
GPAB6656_jpg.rf.5d4becc71a2154b3949645d8d64ed72e.jpg,table_acropora,0,0,0,1.0,1.0,,
GPAB6657_jpg.rf.8e09ed048fbf8afdda873ac2b2f11aff.jpg,branching_acropora,17929,2646,2852,0.7653135271268194,0.8670567753167617,0.8713973268529769,0.8627592512391127
GPAB6657_jpg.rf.8e09ed048fbf8afdda873ac2b2f11aff.jpg,finger_acropora,148397,3104,1801,0.9680043313198784,0.9837420740539412,0.979511686391509,0.9880091612404959
GPAB6657_jpg.rf.8e09ed048fbf8afdda873ac2b2f11aff.jpg,finger_porites,0,0,0,1.0,1.0,,
GPAB6657_jpg.rf.8e09ed048fbf8afdda873ac2b2f11aff.jpg,knob_porites,0,0,0,1.0,1.0,,
GPAB6657_jpg.rf.8e09ed048fbf8afdda873ac2b2f11aff.jpg,mounding_,11931,223,5554,0.6737632708380393,0.8050878909544856,0.9816521309856837,0.6823563054046325
GPAB6657_jpg.rf.8e09ed048fbf8afdda873ac2b2f11aff.jpg,oddball,0,0,0,1.0,1.0,,
GPAB6657_jpg.rf.8e09ed048fbf8afdda873ac2b2f11aff.jpg,pocillopora_,7204,651,153,0.8996003996003996,0.9471469892190376,0.9171228516868237,0.9792034796792171
GPAB6657_jpg.rf.8e09ed048fbf8afdda873ac2b2f11aff.jpg,table_acropora,249729,5954,3128,0.9649087558102244,0.9821410311873205,0.9767133520805059,0.9876293715420178
GPAB6658_jpg.rf.f6047019a05b50a74f0bc478b9487e2e.jpg,branching_acropora,0,0,22171,0.0,0.0,,0.0
GPAB6658_jpg.rf.f6047019a05b50a74f0bc478b9487e2e.jpg,finger_acropora,83276,23309,2099,0.7662213389275331,0.8676390914773912,0.7813106909977952,0.9754143484626647
GPAB6658_jpg.rf.f6047019a05b50a74f0bc478b9487e2e.jpg,finger_porites,0,0,0,1.0,1.0,,
GPAB6658_jpg.rf.f6047019a05b50a74f0bc478b9487e2e.jpg,knob_porites,0,0,0,1.0,1.0,,
GPAB6658_jpg.rf.f6047019a05b50a74f0bc478b9487e2e.jpg,mounding_,0,0,5588,0.0,0.0,,0.0
GPAB6658_jpg.rf.f6047019a05b50a74f0bc478b9487e2e.jpg,oddball,0,0,0,1.0,1.0,,
GPAB6658_jpg.rf.f6047019a05b50a74f0bc478b9487e2e.jpg,pocillopora_,11524,544,2976,0.7660196756181866,0.8675097862089732,0.9549221080543586,0.7947586206896552
GPAB6658_jpg.rf.f6047019a05b50a74f0bc478b9487e2e.jpg,table_acropora,0,0,0,1.0,1.0,,
GPAB6659_jpg.rf.709b4d7ed4800dd29cbf1c81b90dd9e0.jpg,branching_acropora,5272,185,2219,0.6868160500260553,0.8143342601173926,0.9660985889682976,0.7037778667734614
GPAB6659_jpg.rf.709b4d7ed4800dd29cbf1c81b90dd9e0.jpg,finger_acropora,20001,1675,1094,0.8783926218708827,0.9352598723434102,0.9227255951282525,0.9481393695188434
GPAB6659_jpg.rf.709b4d7ed4800dd29cbf1c81b90dd9e0.jpg,finger_porites,0,0,0,1.0,1.0,,
GPAB6659_jpg.rf.709b4d7ed4800dd29cbf1c81b90dd9e0.jpg,knob_porites,0,0,0,1.0,1.0,,
GPAB6659_jpg.rf.709b4d7ed4800dd29cbf1c81b90dd9e0.jpg,mounding_,1087,117,1162,0.45942519019442096,0.6295974514914567,0.9028239202657807,0.483325922632281
GPAB6659_jpg.rf.709b4d7ed4800dd29cbf1c81b90dd9e0.jpg,oddball,0,0,0,1.0,1.0,,
GPAB6659_jpg.rf.709b4d7ed4800dd29cbf1c81b90dd9e0.jpg,pocillopora_,18120,5390,66,0.7685782151340346,0.8691481197237145,0.7707358570820927,0.9963708347080171
GPAB6659_jpg.rf.709b4d7ed4800dd29cbf1c81b90dd9e0.jpg,table_acropora,0,0,0,1.0,1.0,,
GPAB6660_jpg.rf.31b6a04bb3b33417f99359b150249ea1.jpg,branching_acropora,0,0,0,1.0,1.0,,
GPAB6660_jpg.rf.31b6a04bb3b33417f99359b150249ea1.jpg,finger_acropora,103381,7586,19192,0.7942670118854631,0.8853387000085639,0.9316373336217073,0.8434239188075677
GPAB6660_jpg.rf.31b6a04bb3b33417f99359b150249ea1.jpg,finger_porites,0,0,5986,0.0,0.0,,0.0
GPAB6660_jpg.rf.31b6a04bb3b33417f99359b150249ea1.jpg,knob_porites,0,0,0,1.0,1.0,,
GPAB6660_jpg.rf.31b6a04bb3b33417f99359b150249ea1.jpg,mounding_,0,4924,0,0.0,0.0,0.0,
GPAB6660_jpg.rf.31b6a04bb3b33417f99359b150249ea1.jpg,oddball,0,0,0,1.0,1.0,,
GPAB6660_jpg.rf.31b6a04bb3b33417f99359b150249ea1.jpg,pocillopora_,0,0,2750,0.0,0.0,,0.0
GPAB6660_jpg.rf.31b6a04bb3b33417f99359b150249ea1.jpg,table_acropora,0,7442,0,0.0,0.0,0.0,
GPAB6661_jpg.rf.3c4167a579d558a7483fe8be14f117da.jpg,branching_acropora,33437,272,355463,0.08591830861418602,0.15824083254261032,0.9919309383250764,0.08597840061712522
GPAB6661_jpg.rf.3c4167a579d558a7483fe8be14f117da.jpg,finger_acropora,72644,9850,22213,0.6937836056806135,0.8192116198950105,0.8805973767789173,0.7658264545579135
GPAB6661_jpg.rf.3c4167a579d558a7483fe8be14f117da.jpg,finger_porites,0,1939,0,0.0,0.0,0.0,
GPAB6661_jpg.rf.3c4167a579d558a7483fe8be14f117da.jpg,knob_porites,0,0,0,1.0,1.0,,
GPAB6661_jpg.rf.3c4167a579d558a7483fe8be14f117da.jpg,mounding_,0,0,0,1.0,1.0,,
GPAB6661_jpg.rf.3c4167a579d558a7483fe8be14f117da.jpg,oddball,0,0,3480,0.0,0.0,,0.0
GPAB6661_jpg.rf.3c4167a579d558a7483fe8be14f117da.jpg,pocillopora_,6304,241,372,0.9113777649269915,0.9536343695635731,0.9631779984721162,0.9442780107849011
GPAB6661_jpg.rf.3c4167a579d558a7483fe8be14f117da.jpg,table_acropora,0,0,0,1.0,1.0,,
GPAB6662_jpg.rf.2108d9d531e28867ea4da578a80bbdb8.jpg,branching_acropora,6053,376,986,0.8163182737693864,0.8988713988713989,0.941515010110437,0.8599232845574656
GPAB6662_jpg.rf.2108d9d531e28867ea4da578a80bbdb8.jpg,finger_acropora,96850,3701,3518,0.9306325610892773,0.9640700979001489,0.963192807629959,0.9649489877251713
GPAB6662_jpg.rf.2108d9d531e28867ea4da578a80bbdb8.jpg,finger_porites,0,0,0,1.0,1.0,,
GPAB6662_jpg.rf.2108d9d531e28867ea4da578a80bbdb8.jpg,knob_porites,0,0,0,1.0,1.0,,
GPAB6662_jpg.rf.2108d9d531e28867ea4da578a80bbdb8.jpg,mounding_,0,0,0,1.0,1.0,,
GPAB6662_jpg.rf.2108d9d531e28867ea4da578a80bbdb8.jpg,oddball,0,0,1015,0.0,0.0,,0.0
GPAB6662_jpg.rf.2108d9d531e28867ea4da578a80bbdb8.jpg,pocillopora_,11702,670,2460,0.7889697950377562,0.8820381397452325,0.9458454574846428,0.8262957209433696
GPAB6662_jpg.rf.2108d9d531e28867ea4da578a80bbdb8.jpg,table_acropora,0,0,0,1.0,1.0,,
GPAB6663_jpg.rf.86f74cdd128bbd44c7c2229648721c5d.jpg,branching_acropora,0,0,0,1.0,1.0,,
GPAB6663_jpg.rf.86f74cdd128bbd44c7c2229648721c5d.jpg,finger_acropora,176454,11218,2394,0.9283827723001483,0.9628615082396595,0.9402254998081759,0.9866143317230274
GPAB6663_jpg.rf.86f74cdd128bbd44c7c2229648721c5d.jpg,finger_porites,0,0,0,1.0,1.0,,
GPAB6663_jpg.rf.86f74cdd128bbd44c7c2229648721c5d.jpg,knob_porites,0,0,0,1.0,1.0,,
GPAB6663_jpg.rf.86f74cdd128bbd44c7c2229648721c5d.jpg,mounding_,0,6021,1826,0.0,0.0,0.0,0.0
GPAB6663_jpg.rf.86f74cdd128bbd44c7c2229648721c5d.jpg,oddball,9271,847,815,0.8479831702186043,0.9177390615719659,0.9162878039138169,0.9191949236565536
GPAB6663_jpg.rf.86f74cdd128bbd44c7c2229648721c5d.jpg,pocillopora_,4358,1235,4522,0.4308452792881859,0.6022248324466247,0.7791882710531021,0.49076576576576575
GPAB6663_jpg.rf.86f74cdd128bbd44c7c2229648721c5d.jpg,table_acropora,0,0,0,1.0,1.0,,
GPAB6664_jpg.rf.c6ef7a66d43f9061b3dfc2c5107657e0.jpg,branching_acropora,0,0,0,1.0,1.0,,
GPAB6664_jpg.rf.c6ef7a66d43f9061b3dfc2c5107657e0.jpg,finger_acropora,202742,36720,44323,0.7144211286713533,0.8334254830667157,0.8466562544370296,0.8206018659057334
GPAB6664_jpg.rf.c6ef7a66d43f9061b3dfc2c5107657e0.jpg,finger_porites,0,0,0,1.0,1.0,,
GPAB6664_jpg.rf.c6ef7a66d43f9061b3dfc2c5107657e0.jpg,knob_porites,0,0,0,1.0,1.0,,
GPAB6664_jpg.rf.c6ef7a66d43f9061b3dfc2c5107657e0.jpg,mounding_,12721,6531,65791,0.1495831520524911,0.2602389427601162,0.6607625181799294,0.16202618707968208
GPAB6664_jpg.rf.c6ef7a66d43f9061b3dfc2c5107657e0.jpg,oddball,0,0,0,1.0,1.0,,
GPAB6664_jpg.rf.c6ef7a66d43f9061b3dfc2c5107657e0.jpg,pocillopora_,0,0,247,0.0,0.0,,0.0
GPAB6664_jpg.rf.c6ef7a66d43f9061b3dfc2c5107657e0.jpg,table_acropora,0,0,0,1.0,1.0,,
GPAB6665_jpg.rf.1b65939da5c873cbe5254fc52cc442d4.jpg,branching_acropora,0,0,0,1.0,1.0,,
GPAB6665_jpg.rf.1b65939da5c873cbe5254fc52cc442d4.jpg,finger_acropora,183094,7499,2505,0.9481921097059525,0.9734071963252807,0.9606543787022609,0.9865031600385777
GPAB6665_jpg.rf.1b65939da5c873cbe5254fc52cc442d4.jpg,finger_porites,0,0,0,1.0,1.0,,
GPAB6665_jpg.rf.1b65939da5c873cbe5254fc52cc442d4.jpg,knob_porites,0,0,0,1.0,1.0,,
GPAB6665_jpg.rf.1b65939da5c873cbe5254fc52cc442d4.jpg,mounding_,12785,11087,1265,0.5086128018458845,0.6742787827646222,0.5355646782841823,0.9099644128113878
GPAB6665_jpg.rf.1b65939da5c873cbe5254fc52cc442d4.jpg,oddball,0,0,0,1.0,1.0,,
GPAB6665_jpg.rf.1b65939da5c873cbe5254fc52cc442d4.jpg,pocillopora_,0,0,0,1.0,1.0,,
GPAB6665_jpg.rf.1b65939da5c873cbe5254fc52cc442d4.jpg,table_acropora,0,3196,0,0.0,0.0,0.0,
GPAB6666_jpg.rf.4c4e1b29088fb6b155dc41c398781370.jpg,branching_acropora,7261,192,109,0.9601957154192012,0.9796937192201309,0.9742385616530256,0.9852103120759838
GPAB6666_jpg.rf.4c4e1b29088fb6b155dc41c398781370.jpg,finger_acropora,84218,8647,59665,0.5521405625122927,0.7114569077669083,0.9068863403865827,0.5853227969947805
GPAB6666_jpg.rf.4c4e1b29088fb6b155dc41c398781370.jpg,finger_porites,25134,6721,16225,0.5227537437603993,0.6865899964487666,0.7890127138596766,0.6077032810271041
GPAB6666_jpg.rf.4c4e1b29088fb6b155dc41c398781370.jpg,knob_porites,0,0,0,1.0,1.0,,
GPAB6666_jpg.rf.4c4e1b29088fb6b155dc41c398781370.jpg,mounding_,0,0,4164,0.0,0.0,,0.0
GPAB6666_jpg.rf.4c4e1b29088fb6b155dc41c398781370.jpg,oddball,0,0,0,1.0,1.0,,
GPAB6666_jpg.rf.4c4e1b29088fb6b155dc41c398781370.jpg,pocillopora_,0,19292,0,0.0,0.0,0.0,
GPAB6666_jpg.rf.4c4e1b29088fb6b155dc41c398781370.jpg,table_acropora,0,0,0,1.0,1.0,,
GPAB6667_jpg.rf.2a5460ac13ba5fc91010686eb1f3313c.jpg,branching_acropora,22990,2850,952,0.8580919677515676,0.9236270137800812,0.8897058823529411,0.9602372399966586
GPAB6667_jpg.rf.2a5460ac13ba5fc91010686eb1f3313c.jpg,finger_acropora,185613,14121,95328,0.6290644000244017,0.7723014510844125,0.9293009702904863,0.6606832039467362
GPAB6667_jpg.rf.2a5460ac13ba5fc91010686eb1f3313c.jpg,finger_porites,0,4537,0,0.0,0.0,0.0,
GPAB6667_jpg.rf.2a5460ac13ba5fc91010686eb1f3313c.jpg,knob_porites,0,0,0,1.0,1.0,,
GPAB6667_jpg.rf.2a5460ac13ba5fc91010686eb1f3313c.jpg,mounding_,0,0,0,1.0,1.0,,
GPAB6667_jpg.rf.2a5460ac13ba5fc91010686eb1f3313c.jpg,oddball,0,0,0,1.0,1.0,,
GPAB6667_jpg.rf.2a5460ac13ba5fc91010686eb1f3313c.jpg,pocillopora_,5469,7862,191,0.4044520041413992,0.5759570322784476,0.410246793188808,0.9662544169611308
GPAB6667_jpg.rf.2a5460ac13ba5fc91010686eb1f3313c.jpg,table_acropora,9818,8178,1034,0.5159222280609563,0.6806711037160288,0.5455656812625028,0.904718024327313
GPAB6668_jpg.rf.8a52d79d063cb9a4eb650e20d0cde86a.jpg,branching_acropora,0,0,0,1.0,1.0,,
GPAB6668_jpg.rf.8a52d79d063cb9a4eb650e20d0cde86a.jpg,finger_acropora,88232,11498,3186,0.8573205332504178,0.9231799443363258,0.8847087135265216,0.9651490953641515
GPAB6668_jpg.rf.8a52d79d063cb9a4eb650e20d0cde86a.jpg,finger_porites,0,0,0,1.0,1.0,,
GPAB6668_jpg.rf.8a52d79d063cb9a4eb650e20d0cde86a.jpg,knob_porites,0,0,0,1.0,1.0,,
GPAB6668_jpg.rf.8a52d79d063cb9a4eb650e20d0cde86a.jpg,mounding_,0,0,0,1.0,1.0,,
GPAB6668_jpg.rf.8a52d79d063cb9a4eb650e20d0cde86a.jpg,oddball,0,0,0,1.0,1.0,,
GPAB6668_jpg.rf.8a52d79d063cb9a4eb650e20d0cde86a.jpg,pocillopora_,2746,13,196,0.9292724196277495,0.9633397649535169,0.9952881478796666,0.9333786539768865
GPAB6668_jpg.rf.8a52d79d063cb9a4eb650e20d0cde86a.jpg,table_acropora,0,0,0,1.0,1.0,,
GPAB6669_jpg.rf.321fecc390e5ecce908b5f9958f266ec.jpg,branching_acropora,0,0,0,1.0,1.0,,
GPAB6669_jpg.rf.321fecc390e5ecce908b5f9958f266ec.jpg,finger_acropora,51970,1393,4524,0.8977836129009967,0.9461390717023039,0.9738957704776718,0.9199206995433143
GPAB6669_jpg.rf.321fecc390e5ecce908b5f9958f266ec.jpg,finger_porites,0,0,0,1.0,1.0,,
GPAB6669_jpg.rf.321fecc390e5ecce908b5f9958f266ec.jpg,knob_porites,0,0,0,1.0,1.0,,
GPAB6669_jpg.rf.321fecc390e5ecce908b5f9958f266ec.jpg,mounding_,43490,12313,2036,0.7519147979736855,0.8583919707092738,0.7793487805315127,0.9552783025084567
GPAB6669_jpg.rf.321fecc390e5ecce908b5f9958f266ec.jpg,oddball,0,0,0,1.0,1.0,,
GPAB6669_jpg.rf.321fecc390e5ecce908b5f9958f266ec.jpg,pocillopora_,0,0,4508,0.0,0.0,,0.0
GPAB6669_jpg.rf.321fecc390e5ecce908b5f9958f266ec.jpg,table_acropora,68938,2999,534,0.9512494653033627,0.975015734500633,0.9583107441233302,0.9923134500230308
GPAB6670_jpg.rf.5e7d6bc2eaca9c5c6f30031c970d577c.jpg,branching_acropora,0,0,0,1.0,1.0,,
GPAB6670_jpg.rf.5e7d6bc2eaca9c5c6f30031c970d577c.jpg,finger_acropora,0,25992,10573,0.0,0.0,0.0,0.0
GPAB6670_jpg.rf.5e7d6bc2eaca9c5c6f30031c970d577c.jpg,finger_porites,0,0,0,1.0,1.0,,
GPAB6670_jpg.rf.5e7d6bc2eaca9c5c6f30031c970d577c.jpg,knob_porites,0,0,0,1.0,1.0,,
GPAB6670_jpg.rf.5e7d6bc2eaca9c5c6f30031c970d577c.jpg,mounding_,1351,334,3472,0.26197401590071745,0.41518131530424096,0.801780415430267,0.28011611030478956
GPAB6670_jpg.rf.5e7d6bc2eaca9c5c6f30031c970d577c.jpg,oddball,0,0,0,1.0,1.0,,
GPAB6670_jpg.rf.5e7d6bc2eaca9c5c6f30031c970d577c.jpg,pocillopora_,4113,3656,953,0.4715661545517083,0.640903778730035,0.5294117647058824,0.8118831425187525
GPAB6670_jpg.rf.5e7d6bc2eaca9c5c6f30031c970d577c.jpg,table_acropora,0,0,25965,0.0,0.0,,0.0
GPAB6671_jpg.rf.8823d517f81d5155714d6730facb6945.jpg,branching_acropora,0,0,0,1.0,1.0,,
GPAB6671_jpg.rf.8823d517f81d5155714d6730facb6945.jpg,finger_acropora,82667,2041,3136,0.9410659806019762,0.9696383224542698,0.9759054634745242,0.9634511613813037
GPAB6671_jpg.rf.8823d517f81d5155714d6730facb6945.jpg,finger_porites,0,0,0,1.0,1.0,,
GPAB6671_jpg.rf.8823d517f81d5155714d6730facb6945.jpg,knob_porites,0,0,0,1.0,1.0,,
GPAB6671_jpg.rf.8823d517f81d5155714d6730facb6945.jpg,mounding_,20627,1256,1377,0.8868013757523646,0.9400050128739718,0.9426038477356853,0.9374204690056354
GPAB6671_jpg.rf.8823d517f81d5155714d6730facb6945.jpg,oddball,0,0,0,1.0,1.0,,
GPAB6671_jpg.rf.8823d517f81d5155714d6730facb6945.jpg,pocillopora_,20780,895,332,0.9442450129504248,0.9713230654170659,0.9587081891580161,0.9842743463433119
GPAB6671_jpg.rf.8823d517f81d5155714d6730facb6945.jpg,table_acropora,0,0,0,1.0,1.0,,
GPAB6672_jpg.rf.cfd673b99f828cebf1bf4d7528ea8aff.jpg,branching_acropora,0,0,0,1.0,1.0,,
GPAB6672_jpg.rf.cfd673b99f828cebf1bf4d7528ea8aff.jpg,finger_acropora,104002,6275,240,0.9410497932444782,0.9696297297675264,0.9430978354507287,0.9976976650486368
GPAB6672_jpg.rf.cfd673b99f828cebf1bf4d7528ea8aff.jpg,finger_porites,0,0,0,1.0,1.0,,
GPAB6672_jpg.rf.cfd673b99f828cebf1bf4d7528ea8aff.jpg,knob_porites,0,0,0,1.0,1.0,,
GPAB6672_jpg.rf.cfd673b99f828cebf1bf4d7528ea8aff.jpg,mounding_,14431,631,177,0.9469781481724523,0.9727671048196832,0.9581064931615987,0.9878833515881709
GPAB6672_jpg.rf.cfd673b99f828cebf1bf4d7528ea8aff.jpg,oddball,0,0,2205,0.0,0.0,,0.0
GPAB6672_jpg.rf.cfd673b99f828cebf1bf4d7528ea8aff.jpg,pocillopora_,0,0,770,0.0,0.0,,0.0
GPAB6672_jpg.rf.cfd673b99f828cebf1bf4d7528ea8aff.jpg,table_acropora,0,0,0,1.0,1.0,,
GPAB6673_jpg.rf.cd25a2f71375986cca89454d261f329d.jpg,branching_acropora,50638,2946,6777,0.8389191696625304,0.9124046162578041,0.9450209017617199,0.8819646433858748
GPAB6673_jpg.rf.cd25a2f71375986cca89454d261f329d.jpg,finger_acropora,50466,7148,24924,0.6114274637136834,0.7588643950557878,0.8759329329676815,0.6693991245523279
GPAB6673_jpg.rf.cd25a2f71375986cca89454d261f329d.jpg,finger_porites,0,0,0,1.0,1.0,,
GPAB6673_jpg.rf.cd25a2f71375986cca89454d261f329d.jpg,knob_porites,0,0,0,1.0,1.0,,
GPAB6673_jpg.rf.cd25a2f71375986cca89454d261f329d.jpg,mounding_,0,0,0,1.0,1.0,,
GPAB6673_jpg.rf.cd25a2f71375986cca89454d261f329d.jpg,oddball,0,0,0,1.0,1.0,,
GPAB6673_jpg.rf.cd25a2f71375986cca89454d261f329d.jpg,pocillopora_,0,0,0,1.0,1.0,,
GPAB6673_jpg.rf.cd25a2f71375986cca89454d261f329d.jpg,table_acropora,0,0,0,1.0,1.0,,
GPAB6674_jpg.rf.20c047131d1c05472033eea3285c7c80.jpg,branching_acropora,0,0,0,1.0,1.0,,
GPAB6674_jpg.rf.20c047131d1c05472033eea3285c7c80.jpg,finger_acropora,60110,953,4801,0.9126381634884003,0.9543239081080223,0.9843931677120351,0.9260371893823851
GPAB6674_jpg.rf.20c047131d1c05472033eea3285c7c80.jpg,finger_porites,8679,39,2717,0.7589855706165282,0.8629810082529581,0.9955264969029594,0.7615830115830116
GPAB6674_jpg.rf.20c047131d1c05472033eea3285c7c80.jpg,knob_porites,0,0,0,1.0,1.0,,
GPAB6674_jpg.rf.20c047131d1c05472033eea3285c7c80.jpg,mounding_,0,0,0,1.0,1.0,,
GPAB6674_jpg.rf.20c047131d1c05472033eea3285c7c80.jpg,oddball,0,0,0,1.0,1.0,,
GPAB6674_jpg.rf.20c047131d1c05472033eea3285c7c80.jpg,pocillopora_,9770,110,5742,0.6254000768147484,0.769533711405167,0.9888663967611336,0.6298349664775658
GPAB6674_jpg.rf.20c047131d1c05472033eea3285c7c80.jpg,table_acropora,0,0,0,1.0,1.0,,
GPAB6675_jpg.rf.4f04c89d08e730b52a36b57e46d13726.jpg,branching_acropora,0,0,0,1.0,1.0,,
GPAB6675_jpg.rf.4f04c89d08e730b52a36b57e46d13726.jpg,finger_acropora,92784,4877,14556,0.8268265949009508,0.9052053404617538,0.9500619489868013,0.8643935159306876
GPAB6675_jpg.rf.4f04c89d08e730b52a36b57e46d13726.jpg,finger_porites,0,0,0,1.0,1.0,,
GPAB6675_jpg.rf.4f04c89d08e730b52a36b57e46d13726.jpg,knob_porites,0,0,0,1.0,1.0,,
GPAB6675_jpg.rf.4f04c89d08e730b52a36b57e46d13726.jpg,mounding_,39289,1451,111117,0.2587236676610232,0.4110889058625344,0.9643838978890525,0.26121963219552413
GPAB6675_jpg.rf.4f04c89d08e730b52a36b57e46d13726.jpg,oddball,0,0,0,1.0,1.0,,
GPAB6675_jpg.rf.4f04c89d08e730b52a36b57e46d13726.jpg,pocillopora_,1445,223,2825,0.3216113955041175,0.4866958571909734,0.8663069544364509,0.33840749414519905
GPAB6675_jpg.rf.4f04c89d08e730b52a36b57e46d13726.jpg,table_acropora,0,0,0,1.0,1.0,,
GPAB6676_jpg.rf.62dd073dcce1a1a6cf857a62a9f0e112.jpg,branching_acropora,0,0,0,1.0,1.0,,
GPAB6676_jpg.rf.62dd073dcce1a1a6cf857a62a9f0e112.jpg,finger_acropora,123555,3909,4743,0.9345571717080033,0.9661716752293148,0.9693325174166824,0.9630313800682785
GPAB6676_jpg.rf.62dd073dcce1a1a6cf857a62a9f0e112.jpg,finger_porites,0,0,0,1.0,1.0,,
GPAB6676_jpg.rf.62dd073dcce1a1a6cf857a62a9f0e112.jpg,knob_porites,0,0,0,1.0,1.0,,
GPAB6676_jpg.rf.62dd073dcce1a1a6cf857a62a9f0e112.jpg,mounding_,3894,76,16,0.9769192172604114,0.9883248730964467,0.9808564231738035,0.9959079283887468
GPAB6676_jpg.rf.62dd073dcce1a1a6cf857a62a9f0e112.jpg,oddball,107049,4405,4834,0.920550701706109,0.9586320224593328,0.9604769680765158,0.9567941510327753
GPAB6676_jpg.rf.62dd073dcce1a1a6cf857a62a9f0e112.jpg,pocillopora_,13678,1414,882,0.8562664329535495,0.9225684608120869,0.9063079777365491,0.9394230769230769
GPAB6676_jpg.rf.62dd073dcce1a1a6cf857a62a9f0e112.jpg,table_acropora,0,0,0,1.0,1.0,,
GPAB6677_jpg.rf.fe0934180b433aa2bdd28762cc4c938e.jpg,branching_acropora,29113,388,8147,0.7732947301317467,0.8721558994023457,0.9868479034608997,0.7813472893183038
GPAB6677_jpg.rf.fe0934180b433aa2bdd28762cc4c938e.jpg,finger_acropora,396984,8907,35909,0.8985604345857854,0.9465702731573326,0.978055684900626,0.9170487857276509
GPAB6677_jpg.rf.fe0934180b433aa2bdd28762cc4c938e.jpg,finger_porites,10907,745,591,0.890876419178306,0.9422894168466522,0.9360624785444559,0.9485997564793878
GPAB6677_jpg.rf.fe0934180b433aa2bdd28762cc4c938e.jpg,knob_porites,0,0,59,0.0,0.0,,0.0
GPAB6677_jpg.rf.fe0934180b433aa2bdd28762cc4c938e.jpg,mounding_,0,3390,0,0.0,0.0,0.0,
GPAB6677_jpg.rf.fe0934180b433aa2bdd28762cc4c938e.jpg,oddball,0,0,0,1.0,1.0,,
GPAB6677_jpg.rf.fe0934180b433aa2bdd28762cc4c938e.jpg,pocillopora_,8846,5579,1654,0.5501585919522358,0.7098094282848546,0.6132409012131715,0.8424761904761905
GPAB6677_jpg.rf.fe0934180b433aa2bdd28762cc4c938e.jpg,table_acropora,0,0,0,1.0,1.0,,
GPAB6678_jpg.rf.4fa0cceb63bfe1804bdd651c2a3fef64.jpg,branching_acropora,3899,142,4697,0.44621194781414514,0.6170768378570863,0.9648601831229894,0.4535830618892508
GPAB6678_jpg.rf.4fa0cceb63bfe1804bdd651c2a3fef64.jpg,finger_acropora,153336,8290,40818,0.75742427535516,0.8619708808814436,0.9487087473550048,0.7897648258598844
GPAB6678_jpg.rf.4fa0cceb63bfe1804bdd651c2a3fef64.jpg,finger_porites,0,0,0,1.0,1.0,,
GPAB6678_jpg.rf.4fa0cceb63bfe1804bdd651c2a3fef64.jpg,knob_porites,0,0,0,1.0,1.0,,
GPAB6678_jpg.rf.4fa0cceb63bfe1804bdd651c2a3fef64.jpg,mounding_,0,5775,0,0.0,0.0,0.0,
GPAB6678_jpg.rf.4fa0cceb63bfe1804bdd651c2a3fef64.jpg,oddball,0,0,0,1.0,1.0,,
GPAB6678_jpg.rf.4fa0cceb63bfe1804bdd651c2a3fef64.jpg,pocillopora_,0,0,15858,0.0,0.0,,0.0
GPAB6678_jpg.rf.4fa0cceb63bfe1804bdd651c2a3fef64.jpg,table_acropora,0,0,0,1.0,1.0,,
GPAB6679_jpg.rf.56d98813e84f509e5216b1ab208b9c4d.jpg,branching_acropora,0,0,0,1.0,1.0,,
GPAB6679_jpg.rf.56d98813e84f509e5216b1ab208b9c4d.jpg,finger_acropora,163150,4221,893,0.9696072837921361,0.9845691491608682,0.974780577280413,0.9945563053589608
GPAB6679_jpg.rf.56d98813e84f509e5216b1ab208b9c4d.jpg,finger_porites,0,0,0,1.0,1.0,,
GPAB6679_jpg.rf.56d98813e84f509e5216b1ab208b9c4d.jpg,knob_porites,0,0,0,1.0,1.0,,
GPAB6679_jpg.rf.56d98813e84f509e5216b1ab208b9c4d.jpg,mounding_,3155,1782,10423,0.20540364583333334,0.34080475290305157,0.6390520559043954,0.23236117248490204
GPAB6679_jpg.rf.56d98813e84f509e5216b1ab208b9c4d.jpg,oddball,0,0,0,1.0,1.0,,
GPAB6679_jpg.rf.56d98813e84f509e5216b1ab208b9c4d.jpg,pocillopora_,5867,420,120,0.9157171843296394,0.9560045624898159,0.9331954827421663,0.9799565725739101
GPAB6679_jpg.rf.56d98813e84f509e5216b1ab208b9c4d.jpg,table_acropora,0,0,0,1.0,1.0,,
GPAB6680_jpg.rf.8ffe46388f899aa283fc4a3f321cec09.jpg,branching_acropora,0,0,0,1.0,1.0,,
GPAB6680_jpg.rf.8ffe46388f899aa283fc4a3f321cec09.jpg,finger_acropora,78645,3074,159254,0.3263643644723683,0.4921187167180822,0.9623832890759799,0.33058146524365384
GPAB6680_jpg.rf.8ffe46388f899aa283fc4a3f321cec09.jpg,finger_porites,0,0,0,1.0,1.0,,
GPAB6680_jpg.rf.8ffe46388f899aa283fc4a3f321cec09.jpg,knob_porites,0,0,0,1.0,1.0,,
GPAB6680_jpg.rf.8ffe46388f899aa283fc4a3f321cec09.jpg,mounding_,0,2656,0,0.0,0.0,0.0,
GPAB6680_jpg.rf.8ffe46388f899aa283fc4a3f321cec09.jpg,oddball,0,0,0,1.0,1.0,,
GPAB6680_jpg.rf.8ffe46388f899aa283fc4a3f321cec09.jpg,pocillopora_,1535,720,16554,0.08160986761656654,0.1509044435705859,0.6807095343680709,0.08485820111670075
GPAB6680_jpg.rf.8ffe46388f899aa283fc4a3f321cec09.jpg,table_acropora,0,0,0,1.0,1.0,,
GPAB6681_jpg.rf.0f833ea68a8c1dffcb4c3f6adea2c72d.jpg,branching_acropora,0,0,0,1.0,1.0,,
GPAB6681_jpg.rf.0f833ea68a8c1dffcb4c3f6adea2c72d.jpg,finger_acropora,247712,11535,971,0.9519402962131751,0.9753784970369933,0.9555057532006156,0.9960954307290808
GPAB6681_jpg.rf.0f833ea68a8c1dffcb4c3f6adea2c72d.jpg,finger_porites,0,0,0,1.0,1.0,,
GPAB6681_jpg.rf.0f833ea68a8c1dffcb4c3f6adea2c72d.jpg,knob_porites,0,0,0,1.0,1.0,,
GPAB6681_jpg.rf.0f833ea68a8c1dffcb4c3f6adea2c72d.jpg,mounding_,0,0,0,1.0,1.0,,
GPAB6681_jpg.rf.0f833ea68a8c1dffcb4c3f6adea2c72d.jpg,oddball,0,0,0,1.0,1.0,,
GPAB6681_jpg.rf.0f833ea68a8c1dffcb4c3f6adea2c72d.jpg,pocillopora_,25930,1198,574,0.9360334993863259,0.9669600238663485,0.9558389855499853,0.9783428916389979
GPAB6681_jpg.rf.0f833ea68a8c1dffcb4c3f6adea2c72d.jpg,table_acropora,0,0,0,1.0,1.0,,
GPAB6682_jpg.rf.eb22232a2c018cc5851106de08352de7.jpg,branching_acropora,0,0,5874,0.0,0.0,,0.0
GPAB6682_jpg.rf.eb22232a2c018cc5851106de08352de7.jpg,finger_acropora,22376,3562,735,0.838900761069246,0.9123937287202594,0.8626725267946642,0.9681969624853966
GPAB6682_jpg.rf.eb22232a2c018cc5851106de08352de7.jpg,finger_porites,0,0,0,1.0,1.0,,
GPAB6682_jpg.rf.eb22232a2c018cc5851106de08352de7.jpg,knob_porites,0,0,0,1.0,1.0,,
GPAB6682_jpg.rf.eb22232a2c018cc5851106de08352de7.jpg,mounding_,0,0,0,1.0,1.0,,
GPAB6682_jpg.rf.eb22232a2c018cc5851106de08352de7.jpg,oddball,0,0,0,1.0,1.0,,
GPAB6682_jpg.rf.eb22232a2c018cc5851106de08352de7.jpg,pocillopora_,12136,1479,752,0.8447135797313288,0.9158208504697581,0.8913698127065737,0.9416511483550589
GPAB6682_jpg.rf.eb22232a2c018cc5851106de08352de7.jpg,table_acropora,0,0,0,1.0,1.0,,
GPAB6683_jpg.rf.a8e659241e83b43452b24e4ddccbe5bd.jpg,branching_acropora,0,0,0,1.0,1.0,,
GPAB6683_jpg.rf.a8e659241e83b43452b24e4ddccbe5bd.jpg,finger_acropora,15778,322,27,0.9783592732684319,0.9890612756621219,0.98,0.9982916798481494
GPAB6683_jpg.rf.a8e659241e83b43452b24e4ddccbe5bd.jpg,finger_porites,0,0,0,1.0,1.0,,
GPAB6683_jpg.rf.a8e659241e83b43452b24e4ddccbe5bd.jpg,knob_porites,0,0,0,1.0,1.0,,
GPAB6683_jpg.rf.a8e659241e83b43452b24e4ddccbe5bd.jpg,mounding_,0,0,0,1.0,1.0,,
GPAB6683_jpg.rf.a8e659241e83b43452b24e4ddccbe5bd.jpg,oddball,0,0,0,1.0,1.0,,
GPAB6683_jpg.rf.a8e659241e83b43452b24e4ddccbe5bd.jpg,pocillopora_,28347,1477,2127,0.8872022784889362,0.9402301900560549,0.950476126609442,0.93020279582595
GPAB6683_jpg.rf.a8e659241e83b43452b24e4ddccbe5bd.jpg,table_acropora,0,0,0,1.0,1.0,,
GPAB6684_jpg.rf.0736c8590fcf6864ecebf96c7bd09b8f.jpg,branching_acropora,0,69141,0,0.0,0.0,0.0,
GPAB6684_jpg.rf.0736c8590fcf6864ecebf96c7bd09b8f.jpg,finger_acropora,145589,5953,18896,0.8542050481700091,0.9213706423818218,0.9607171609190851,0.8851202237286074
GPAB6684_jpg.rf.0736c8590fcf6864ecebf96c7bd09b8f.jpg,finger_porites,0,0,0,1.0,1.0,,
GPAB6684_jpg.rf.0736c8590fcf6864ecebf96c7bd09b8f.jpg,knob_porites,0,0,0,1.0,1.0,,
GPAB6684_jpg.rf.0736c8590fcf6864ecebf96c7bd09b8f.jpg,mounding_,0,0,0,1.0,1.0,,
GPAB6684_jpg.rf.0736c8590fcf6864ecebf96c7bd09b8f.jpg,oddball,0,1179,0,0.0,0.0,0.0,
GPAB6684_jpg.rf.0736c8590fcf6864ecebf96c7bd09b8f.jpg,pocillopora_,26529,1491,3187,0.8500977344826481,0.9189760288208397,0.9467880085653105,0.8927513797280926
GPAB6684_jpg.rf.0736c8590fcf6864ecebf96c7bd09b8f.jpg,table_acropora,0,0,0,1.0,1.0,,
GPAB6685_jpg.rf.42cdbc2507e32fe09d31984fc16f69b6.jpg,branching_acropora,10196,619,708,0.8848390176169401,0.9389014227174364,0.9427646786870088,0.9350696991929567
GPAB6685_jpg.rf.42cdbc2507e32fe09d31984fc16f69b6.jpg,finger_acropora,148329,4042,15901,0.8814835504421413,0.9370090429278493,0.9734726424319589,0.9031784692199963
GPAB6685_jpg.rf.42cdbc2507e32fe09d31984fc16f69b6.jpg,finger_porites,0,0,0,1.0,1.0,,
GPAB6685_jpg.rf.42cdbc2507e32fe09d31984fc16f69b6.jpg,knob_porites,0,0,0,1.0,1.0,,
GPAB6685_jpg.rf.42cdbc2507e32fe09d31984fc16f69b6.jpg,mounding_,8385,148,400,0.9386544274040076,0.9683566231666474,0.9826555724833002,0.9544678429140581
GPAB6685_jpg.rf.42cdbc2507e32fe09d31984fc16f69b6.jpg,oddball,0,0,0,1.0,1.0,,
GPAB6685_jpg.rf.42cdbc2507e32fe09d31984fc16f69b6.jpg,pocillopora_,27687,3159,4255,0.7887809464117831,0.8819201121233357,0.8975880178953511,0.8667898065243254
GPAB6685_jpg.rf.42cdbc2507e32fe09d31984fc16f69b6.jpg,table_acropora,0,0,0,1.0,1.0,,
GPAB6686_jpg.rf.0541fbfe096aff1703cafa9538cc4c97.jpg,branching_acropora,0,0,0,1.0,1.0,,
GPAB6686_jpg.rf.0541fbfe096aff1703cafa9538cc4c97.jpg,finger_acropora,56853,4995,175,0.9166438256775712,0.9565093038123759,0.9192374854481956,0.9969313319772743
GPAB6686_jpg.rf.0541fbfe096aff1703cafa9538cc4c97.jpg,finger_porites,0,2140,0,0.0,0.0,0.0,
GPAB6686_jpg.rf.0541fbfe096aff1703cafa9538cc4c97.jpg,knob_porites,0,0,0,1.0,1.0,,
GPAB6686_jpg.rf.0541fbfe096aff1703cafa9538cc4c97.jpg,mounding_,6609,4,416,0.9402475458813487,0.9692036955565332,0.9993951308029638,0.9407829181494662
GPAB6686_jpg.rf.0541fbfe096aff1703cafa9538cc4c97.jpg,oddball,0,0,0,1.0,1.0,,
GPAB6686_jpg.rf.0541fbfe096aff1703cafa9538cc4c97.jpg,pocillopora_,12135,622,1363,0.8594192634560907,0.9243953532660446,0.9512424551226778,0.8990220773447918
GPAB6686_jpg.rf.0541fbfe096aff1703cafa9538cc4c97.jpg,table_acropora,0,0,0,1.0,1.0,,
GPAB6687_jpg.rf.f4a6a527a7155e2ece923d872127b126.jpg,branching_acropora,0,0,0,1.0,1.0,,
GPAB6687_jpg.rf.f4a6a527a7155e2ece923d872127b126.jpg,finger_acropora,225461,41220,1906,0.8394337775097083,0.9127088865859188,0.8454333079596972,0.9916170772363624
GPAB6687_jpg.rf.f4a6a527a7155e2ece923d872127b126.jpg,finger_porites,0,0,0,1.0,1.0,,
GPAB6687_jpg.rf.f4a6a527a7155e2ece923d872127b126.jpg,knob_porites,0,0,0,1.0,1.0,,
GPAB6687_jpg.rf.f4a6a527a7155e2ece923d872127b126.jpg,mounding_,0,6267,0,0.0,0.0,0.0,
GPAB6687_jpg.rf.f4a6a527a7155e2ece923d872127b126.jpg,oddball,3174,506,11,0.8599295583852614,0.9246904588492353,0.8625,0.9965463108320252
GPAB6687_jpg.rf.f4a6a527a7155e2ece923d872127b126.jpg,pocillopora_,23522,2305,1365,0.8650338334804354,0.927633395117719,0.9107523134703992,0.9451520874352072
GPAB6687_jpg.rf.f4a6a527a7155e2ece923d872127b126.jpg,table_acropora,0,0,0,1.0,1.0,,
GPAB6688_jpg.rf.57296e4a40af7ca9cfdf1f0f28a97d2c.jpg,branching_acropora,25766,668,201,0.9673737563356486,0.9834163470162783,0.9747295150185368,0.9922594061693688
GPAB6688_jpg.rf.57296e4a40af7ca9cfdf1f0f28a97d2c.jpg,finger_acropora,72742,6239,1218,0.9070187907579895,0.9512426360491955,0.9210063179752093,0.9835316387236344
GPAB6688_jpg.rf.57296e4a40af7ca9cfdf1f0f28a97d2c.jpg,finger_porites,0,0,0,1.0,1.0,,
GPAB6688_jpg.rf.57296e4a40af7ca9cfdf1f0f28a97d2c.jpg,knob_porites,0,0,0,1.0,1.0,,
GPAB6688_jpg.rf.57296e4a40af7ca9cfdf1f0f28a97d2c.jpg,mounding_,0,1095,11334,0.0,0.0,0.0,0.0
GPAB6688_jpg.rf.57296e4a40af7ca9cfdf1f0f28a97d2c.jpg,oddball,0,0,2205,0.0,0.0,,0.0
GPAB6688_jpg.rf.57296e4a40af7ca9cfdf1f0f28a97d2c.jpg,pocillopora_,2903,94,1487,0.6474130240856378,0.7859753621226478,0.9686353019686353,0.6612756264236902
GPAB6688_jpg.rf.57296e4a40af7ca9cfdf1f0f28a97d2c.jpg,table_acropora,7708,137,166,0.9621770066159031,0.9807239646287932,0.9825366475462077,0.9789179578359156
GPAB6689_jpg.rf.be92867710229776bc9c7cdaf8ee7bb8.jpg,branching_acropora,0,0,3198,0.0,0.0,,0.0
GPAB6689_jpg.rf.be92867710229776bc9c7cdaf8ee7bb8.jpg,finger_acropora,117515,9601,5927,0.8832858549491518,0.9380263252420598,0.9244705623210296,0.9519855478686347
GPAB6689_jpg.rf.be92867710229776bc9c7cdaf8ee7bb8.jpg,finger_porites,0,0,0,1.0,1.0,,
GPAB6689_jpg.rf.be92867710229776bc9c7cdaf8ee7bb8.jpg,knob_porites,0,0,0,1.0,1.0,,
GPAB6689_jpg.rf.be92867710229776bc9c7cdaf8ee7bb8.jpg,mounding_,39369,2562,29397,0.551943135935397,0.7112929889698908,0.9388996208056092,0.5725067620626473
GPAB6689_jpg.rf.be92867710229776bc9c7cdaf8ee7bb8.jpg,oddball,0,16177,2782,0.0,0.0,0.0,0.0
GPAB6689_jpg.rf.be92867710229776bc9c7cdaf8ee7bb8.jpg,pocillopora_,11725,1843,4683,0.642430551750589,0.7822925006672005,0.8641656839622641,0.7145904436860068
GPAB6689_jpg.rf.be92867710229776bc9c7cdaf8ee7bb8.jpg,table_acropora,20680,98,440,0.974644170044302,0.9871592916129648,0.9952834729040331,0.9791666666666666
GPAB6690_jpg.rf.58efacb471360e1d9e71b80ee71f6572.jpg,branching_acropora,13634,2982,155,0.8129509271957546,0.896826179904621,0.8205344246509388,0.9887591558488651
GPAB6690_jpg.rf.58efacb471360e1d9e71b80ee71f6572.jpg,finger_acropora,167084,14592,51707,0.7159218966248613,0.834445784546542,0.9196811906911204,0.7636694379567716
GPAB6690_jpg.rf.58efacb471360e1d9e71b80ee71f6572.jpg,finger_porites,0,0,0,1.0,1.0,,
GPAB6690_jpg.rf.58efacb471360e1d9e71b80ee71f6572.jpg,knob_porites,0,3276,0,0.0,0.0,0.0,
GPAB6690_jpg.rf.58efacb471360e1d9e71b80ee71f6572.jpg,mounding_,2339,534,701,0.6544487968662563,0.7911381701336039,0.8141315697876784,0.7694078947368421
GPAB6690_jpg.rf.58efacb471360e1d9e71b80ee71f6572.jpg,oddball,0,3781,0,0.0,0.0,0.0,
GPAB6690_jpg.rf.58efacb471360e1d9e71b80ee71f6572.jpg,pocillopora_,1016,123,1933,0.3307291666666667,0.49706457925636005,0.8920105355575065,0.34452356731095285
GPAB6690_jpg.rf.58efacb471360e1d9e71b80ee71f6572.jpg,table_acropora,19263,9904,6496,0.5401396405237922,0.701416451225285,0.6604381664209552,0.7478162972165069
GPAB6691_jpg.rf.e53cc0d0f407655cd9ee813792227553.jpg,branching_acropora,49267,450,3603,0.923987246811703,0.9604920701453401,0.9909487700384174,0.9318517117457915
GPAB6691_jpg.rf.e53cc0d0f407655cd9ee813792227553.jpg,finger_acropora,46959,1789,24947,0.6372074089151232,0.7784076781540604,0.9633010585049643,0.6530609406725447
GPAB6691_jpg.rf.e53cc0d0f407655cd9ee813792227553.jpg,finger_porites,0,21460,0,0.0,0.0,0.0,
GPAB6691_jpg.rf.e53cc0d0f407655cd9ee813792227553.jpg,knob_porites,42101,15428,11773,0.6075005050359297,0.7558324282110894,0.7318222114064211,0.781471581839106
GPAB6691_jpg.rf.e53cc0d0f407655cd9ee813792227553.jpg,mounding_,0,3654,0,0.0,0.0,0.0,
GPAB6691_jpg.rf.e53cc0d0f407655cd9ee813792227553.jpg,oddball,0,0,536,0.0,0.0,,0.0
GPAB6691_jpg.rf.e53cc0d0f407655cd9ee813792227553.jpg,pocillopora_,1892,77,1230,0.591434823382307,0.7432724415635436,0.9608938547486033,0.6060217809096733
GPAB6691_jpg.rf.e53cc0d0f407655cd9ee813792227553.jpg,table_acropora,55093,7651,15559,0.7035873465895304,0.826006776814897,0.8780600535509372,0.7797797656117308
GPAB6692_jpg.rf.6ad73c56d9ae12964e6c6e531ac3da38.jpg,branching_acropora,0,0,0,1.0,1.0,,
GPAB6692_jpg.rf.6ad73c56d9ae12964e6c6e531ac3da38.jpg,finger_acropora,0,0,12656,0.0,0.0,,0.0
GPAB6692_jpg.rf.6ad73c56d9ae12964e6c6e531ac3da38.jpg,finger_porites,0,0,0,1.0,1.0,,
GPAB6692_jpg.rf.6ad73c56d9ae12964e6c6e531ac3da38.jpg,knob_porites,41660,220,4344,0.9012634129456559,0.9480679076965091,0.9947468958930277,0.9055734283975306
GPAB6692_jpg.rf.6ad73c56d9ae12964e6c6e531ac3da38.jpg,mounding_,0,1562,4130,0.0,0.0,0.0,0.0
GPAB6692_jpg.rf.6ad73c56d9ae12964e6c6e531ac3da38.jpg,oddball,0,0,0,1.0,1.0,,
GPAB6692_jpg.rf.6ad73c56d9ae12964e6c6e531ac3da38.jpg,pocillopora_,0,0,0,1.0,1.0,,
GPAB6692_jpg.rf.6ad73c56d9ae12964e6c6e531ac3da38.jpg,table_acropora,62913,631,15210,0.7988546613505346,0.8881814395730834,0.9900698728440136,0.805307015859606
GPAB6694_jpg.rf.23021e03dc2ebb10427984d31a572e3d.jpg,branching_acropora,0,87419,0,0.0,0.0,0.0,
GPAB6694_jpg.rf.23021e03dc2ebb10427984d31a572e3d.jpg,finger_acropora,1929,97,2809,0.3989658738366081,0.5703725606150207,0.9521224086870681,0.40713381173490926
GPAB6694_jpg.rf.23021e03dc2ebb10427984d31a572e3d.jpg,finger_porites,0,24612,166464,0.0,0.0,0.0,0.0
GPAB6694_jpg.rf.23021e03dc2ebb10427984d31a572e3d.jpg,knob_porites,0,0,38642,0.0,0.0,,0.0
GPAB6694_jpg.rf.23021e03dc2ebb10427984d31a572e3d.jpg,mounding_,988,61,7485,0.11577220529646122,0.20751942869145137,0.9418493803622497,0.1166056886580904
GPAB6694_jpg.rf.23021e03dc2ebb10427984d31a572e3d.jpg,oddball,0,27730,0,0.0,0.0,0.0,
GPAB6694_jpg.rf.23021e03dc2ebb10427984d31a572e3d.jpg,pocillopora_,0,0,0,1.0,1.0,,
GPAB6694_jpg.rf.23021e03dc2ebb10427984d31a572e3d.jpg,table_acropora,3336,157230,141,0.020758274375105006,0.040672262760373806,0.020776503120212248,0.9594477998274374
GPAB6695_jpg.rf.b95d2c9058d219316957c2f1e02a8d4e.jpg,branching_acropora,0,0,0,1.0,1.0,,
GPAB6695_jpg.rf.b95d2c9058d219316957c2f1e02a8d4e.jpg,finger_acropora,6877,304,5060,0.5618005064945675,0.7194267182759703,0.9576660632223924,0.5761078998073218
GPAB6695_jpg.rf.b95d2c9058d219316957c2f1e02a8d4e.jpg,finger_porites,158669,2177,211092,0.4266006700041405,0.5980659885753487,0.9864653146487945,0.42911231849762416
GPAB6695_jpg.rf.b95d2c9058d219316957c2f1e02a8d4e.jpg,knob_porites,77235,73985,3014,0.5007650712553652,0.6673463833169885,0.5107459330776353,0.9624418995875338
GPAB6695_jpg.rf.b95d2c9058d219316957c2f1e02a8d4e.jpg,mounding_,0,1259,0,0.0,0.0,0.0,
GPAB6695_jpg.rf.b95d2c9058d219316957c2f1e02a8d4e.jpg,oddball,0,0,0,1.0,1.0,,
GPAB6695_jpg.rf.b95d2c9058d219316957c2f1e02a8d4e.jpg,pocillopora_,0,0,0,1.0,1.0,,
GPAB6695_jpg.rf.b95d2c9058d219316957c2f1e02a8d4e.jpg,table_acropora,0,0,0,1.0,1.0,,
GPAB6696_jpg.rf.7b1873494355502f46e4f7212e94cfcf.jpg,branching_acropora,0,0,0,1.0,1.0,,
GPAB6696_jpg.rf.7b1873494355502f46e4f7212e94cfcf.jpg,finger_acropora,7866,12513,15098,0.22172111508864897,0.36296518468956923,0.38598557338436623,0.3425361435290019
GPAB6696_jpg.rf.7b1873494355502f46e4f7212e94cfcf.jpg,finger_porites,0,22589,0,0.0,0.0,0.0,
GPAB6696_jpg.rf.7b1873494355502f46e4f7212e94cfcf.jpg,knob_porites,44753,266,55909,0.4434151077996195,0.614397210343147,0.9940913836380195,0.44458683515129843
GPAB6696_jpg.rf.7b1873494355502f46e4f7212e94cfcf.jpg,mounding_,5862,4859,164,0.5385392742305926,0.7000656834059832,0.5467773528588751,0.972784600066379
GPAB6696_jpg.rf.7b1873494355502f46e4f7212e94cfcf.jpg,oddball,0,0,0,1.0,1.0,,
GPAB6696_jpg.rf.7b1873494355502f46e4f7212e94cfcf.jpg,pocillopora_,0,0,0,1.0,1.0,,
GPAB6696_jpg.rf.7b1873494355502f46e4f7212e94cfcf.jpg,table_acropora,7202,140,11467,0.38290180232867244,0.5537657145054016,0.9809316262598747,0.3857732069205635
GPAB6699_jpg.rf.1f86c763a14196b5d571d2540d89638c.jpg,branching_acropora,0,0,0,1.0,1.0,,
GPAB6699_jpg.rf.1f86c763a14196b5d571d2540d89638c.jpg,finger_acropora,0,3107,1462,0.0,0.0,0.0,0.0
GPAB6699_jpg.rf.1f86c763a14196b5d571d2540d89638c.jpg,finger_porites,0,0,16751,0.0,0.0,,0.0
GPAB6699_jpg.rf.1f86c763a14196b5d571d2540d89638c.jpg,knob_porites,0,31566,0,0.0,0.0,0.0,
GPAB6699_jpg.rf.1f86c763a14196b5d571d2540d89638c.jpg,mounding_,0,0,21218,0.0,0.0,,0.0
GPAB6699_jpg.rf.1f86c763a14196b5d571d2540d89638c.jpg,oddball,0,0,0,1.0,1.0,,
GPAB6699_jpg.rf.1f86c763a14196b5d571d2540d89638c.jpg,pocillopora_,0,0,0,1.0,1.0,,
GPAB6699_jpg.rf.1f86c763a14196b5d571d2540d89638c.jpg,table_acropora,16920,28546,3095,0.3484277506641132,0.5167911302515233,0.3721462191527735,0.8453659755183612
GPAB6700_jpg.rf.f7961569fdb6334ea3abacfaa8f67f96.jpg,branching_acropora,0,0,0,1.0,1.0,,
GPAB6700_jpg.rf.f7961569fdb6334ea3abacfaa8f67f96.jpg,finger_acropora,0,0,0,1.0,1.0,,
GPAB6700_jpg.rf.f7961569fdb6334ea3abacfaa8f67f96.jpg,finger_porites,0,0,0,1.0,1.0,,
GPAB6700_jpg.rf.f7961569fdb6334ea3abacfaa8f67f96.jpg,knob_porites,0,0,0,1.0,1.0,,
GPAB6700_jpg.rf.f7961569fdb6334ea3abacfaa8f67f96.jpg,mounding_,0,0,12997,0.0,0.0,,0.0
GPAB6700_jpg.rf.f7961569fdb6334ea3abacfaa8f67f96.jpg,oddball,0,0,0,1.0,1.0,,
GPAB6700_jpg.rf.f7961569fdb6334ea3abacfaa8f67f96.jpg,pocillopora_,0,0,0,1.0,1.0,,
GPAB6700_jpg.rf.f7961569fdb6334ea3abacfaa8f67f96.jpg,table_acropora,0,36355,0,0.0,0.0,0.0,
GPAB6701_jpg.rf.149875ae1fe458dc6e8531c3f26d32f6.jpg,branching_acropora,0,0,0,1.0,1.0,,
GPAB6701_jpg.rf.149875ae1fe458dc6e8531c3f26d32f6.jpg,finger_acropora,2038,22,3155,0.39079578139980825,0.5619743554391287,0.9893203883495145,0.3924513768534566
GPAB6701_jpg.rf.149875ae1fe458dc6e8531c3f26d32f6.jpg,finger_porites,0,0,0,1.0,1.0,,
GPAB6701_jpg.rf.149875ae1fe458dc6e8531c3f26d32f6.jpg,knob_porites,24322,4304,560,0.8333447543342699,0.9090977050160723,0.849647173897855,0.9774937705972189
GPAB6701_jpg.rf.149875ae1fe458dc6e8531c3f26d32f6.jpg,mounding_,0,0,0,1.0,1.0,,
GPAB6701_jpg.rf.149875ae1fe458dc6e8531c3f26d32f6.jpg,oddball,0,0,0,1.0,1.0,,
GPAB6701_jpg.rf.149875ae1fe458dc6e8531c3f26d32f6.jpg,pocillopora_,0,0,0,1.0,1.0,,
GPAB6701_jpg.rf.149875ae1fe458dc6e8531c3f26d32f6.jpg,table_acropora,0,0,0,1.0,1.0,,
GPAB6704_jpg.rf.9790ef8bf24b48dda270de4b435b6865.jpg,branching_acropora,0,0,0,1.0,1.0,,
GPAB6704_jpg.rf.9790ef8bf24b48dda270de4b435b6865.jpg,finger_acropora,2337,5726,5186,0.1763906709940373,0.2998845117413063,0.289842490388193,0.310647348132394
GPAB6704_jpg.rf.9790ef8bf24b48dda270de4b435b6865.jpg,finger_porites,0,8419,25188,0.0,0.0,0.0,0.0
GPAB6704_jpg.rf.9790ef8bf24b48dda270de4b435b6865.jpg,knob_porites,26113,479,841,0.9518827689279336,0.9753482986590969,0.98198706377858,0.9687986940713809
GPAB6704_jpg.rf.9790ef8bf24b48dda270de4b435b6865.jpg,mounding_,3616,117,2206,0.6088567098838188,0.7568812140240712,0.9686579158853469,0.6210924081071797
GPAB6704_jpg.rf.9790ef8bf24b48dda270de4b435b6865.jpg,oddball,0,0,0,1.0,1.0,,
GPAB6704_jpg.rf.9790ef8bf24b48dda270de4b435b6865.jpg,pocillopora_,0,0,0,1.0,1.0,,
GPAB6704_jpg.rf.9790ef8bf24b48dda270de4b435b6865.jpg,table_acropora,12839,7640,14227,0.3699360341151386,0.5400778210116731,0.6269349089311002,0.47435897435897434
GPAB6705_jpg.rf.01585a7db7bb160584e50946bb0e8993.jpg,branching_acropora,2253,42,547,0.7927515833919775,0.884396467124632,0.9816993464052287,0.8046428571428571
GPAB6705_jpg.rf.01585a7db7bb160584e50946bb0e8993.jpg,finger_acropora,15180,739,6994,0.6625060009601537,0.7969968235633843,0.9535774860229914,0.6845855506448995
GPAB6705_jpg.rf.01585a7db7bb160584e50946bb0e8993.jpg,finger_porites,109605,65339,12554,0.5845662353731773,0.737824929401588,0.6265147704408268,0.8972322956147316
GPAB6705_jpg.rf.01585a7db7bb160584e50946bb0e8993.jpg,knob_porites,47914,10230,4662,0.7628888959653536,0.8654985549132947,0.824057512383049,0.9113283627510651
GPAB6705_jpg.rf.01585a7db7bb160584e50946bb0e8993.jpg,mounding_,683,319,2102,0.22003865979381443,0.3607076841827304,0.6816367265469062,0.2452423698384201
GPAB6705_jpg.rf.01585a7db7bb160584e50946bb0e8993.jpg,oddball,0,0,15218,0.0,0.0,,0.0
GPAB6705_jpg.rf.01585a7db7bb160584e50946bb0e8993.jpg,pocillopora_,0,0,0,1.0,1.0,,
GPAB6705_jpg.rf.01585a7db7bb160584e50946bb0e8993.jpg,table_acropora,66404,1698,1008,0.9608450296628563,0.9800315834526322,0.9750668115473848,0.9850471726102178
GPAB6706_jpg.rf.9f01d89475c6a9d588cbb65cc6f65da0.jpg,branching_acropora,26418,793,1006,0.9362441081617464,0.9670723894939142,0.9708573738561611,0.9633168028004667
GPAB6706_jpg.rf.9f01d89475c6a9d588cbb65cc6f65da0.jpg,finger_acropora,16161,725,11690,0.5655445128779395,0.722489214743948,0.957065024280469,0.5802664177228825
GPAB6706_jpg.rf.9f01d89475c6a9d588cbb65cc6f65da0.jpg,finger_porites,70532,33121,68519,0.40966010733452596,0.5812182741116751,0.6804626976546747,0.5072383513962503
GPAB6706_jpg.rf.9f01d89475c6a9d588cbb65cc6f65da0.jpg,knob_porites,39268,2381,13957,0.7061827860302845,0.8277926513059426,0.9428317606665226,0.7377736026303429
GPAB6706_jpg.rf.9f01d89475c6a9d588cbb65cc6f65da0.jpg,mounding_,0,0,0,1.0,1.0,,
GPAB6706_jpg.rf.9f01d89475c6a9d588cbb65cc6f65da0.jpg,oddball,0,25481,14767,0.0,0.0,0.0,0.0
GPAB6706_jpg.rf.9f01d89475c6a9d588cbb65cc6f65da0.jpg,pocillopora_,0,0,0,1.0,1.0,,
GPAB6706_jpg.rf.9f01d89475c6a9d588cbb65cc6f65da0.jpg,table_acropora,113208,9924,31033,0.7343301008659553,0.8468169934884974,0.9194035669038105,0.7848531277514715
GPAB6710_jpg.rf.9e215ac6bc82835890363fb4d212536b.jpg,branching_acropora,48807,4390,1120,0.8985584623598505,0.9465691788526435,0.9174765494294791,0.9775672481823462
GPAB6710_jpg.rf.9e215ac6bc82835890363fb4d212536b.jpg,finger_acropora,13688,11595,22307,0.28762345030468583,0.4467508730702699,0.5413914487995887,0.38027503819974995
GPAB6710_jpg.rf.9e215ac6bc82835890363fb4d212536b.jpg,finger_porites,0,0,0,1.0,1.0,,
GPAB6710_jpg.rf.9e215ac6bc82835890363fb4d212536b.jpg,knob_porites,70083,31015,7432,0.6457477195245555,0.7847469109191381,0.6932184612949811,0.9041217828807327
GPAB6710_jpg.rf.9e215ac6bc82835890363fb4d212536b.jpg,mounding_,0,1944,5292,0.0,0.0,0.0,0.0
GPAB6710_jpg.rf.9e215ac6bc82835890363fb4d212536b.jpg,oddball,1203,194,70,0.820040899795501,0.9011235955056179,0.8611309949892627,0.9450117831893166
GPAB6710_jpg.rf.9e215ac6bc82835890363fb4d212536b.jpg,pocillopora_,0,0,0,1.0,1.0,,
GPAB6710_jpg.rf.9e215ac6bc82835890363fb4d212536b.jpg,table_acropora,82719,13933,4529,0.8175349126812346,0.8996084828711256,0.8558436452427265,0.9480905006418485
GPAB6711_jpg.rf.0304d9a3dd979cd916641d89cb49b8f0.jpg,branching_acropora,0,0,0,1.0,1.0,,
GPAB6711_jpg.rf.0304d9a3dd979cd916641d89cb49b8f0.jpg,finger_acropora,21581,10993,13413,0.4692847978776611,0.638793511721525,0.6625222570147971,0.6167057209807395
GPAB6711_jpg.rf.0304d9a3dd979cd916641d89cb49b8f0.jpg,finger_porites,29354,51328,4004,0.3466216375788206,0.514801823921431,0.36382340546838204,0.8799688230709275
GPAB6711_jpg.rf.0304d9a3dd979cd916641d89cb49b8f0.jpg,knob_porites,74277,16637,12059,0.7213250075262447,0.8381043723554302,0.8170028818443804,0.8603247776130467
GPAB6711_jpg.rf.0304d9a3dd979cd916641d89cb49b8f0.jpg,mounding_,0,0,14026,0.0,0.0,,0.0
GPAB6711_jpg.rf.0304d9a3dd979cd916641d89cb49b8f0.jpg,oddball,0,0,0,1.0,1.0,,
GPAB6711_jpg.rf.0304d9a3dd979cd916641d89cb49b8f0.jpg,pocillopora_,0,0,0,1.0,1.0,,
GPAB6711_jpg.rf.0304d9a3dd979cd916641d89cb49b8f0.jpg,table_acropora,23975,3450,19581,0.5100412713270647,0.675532889082994,0.8742023701002735,0.5504408118284507
GPAB6712_jpg.rf.822cd24c51032f70db27a6d6f422a8c4.jpg,branching_acropora,12166,1063,832,0.8652300689851362,0.9277462157318793,0.9196462317635498,0.9359901523311278
GPAB6712_jpg.rf.822cd24c51032f70db27a6d6f422a8c4.jpg,finger_acropora,14132,7036,35354,0.2500265383390538,0.40003396835281796,0.6676114890400605,0.2855757183849978
GPAB6712_jpg.rf.822cd24c51032f70db27a6d6f422a8c4.jpg,finger_porites,28100,61751,539,0.31087509680274367,0.4743016288294371,0.3127399806346062,0.9811795104577674
GPAB6712_jpg.rf.822cd24c51032f70db27a6d6f422a8c4.jpg,knob_porites,20530,14544,2620,0.5446490157584761,0.7052074745809288,0.5853338655414267,0.8868250539956803
GPAB6712_jpg.rf.822cd24c51032f70db27a6d6f422a8c4.jpg,mounding_,0,1938,11231,0.0,0.0,0.0,0.0
GPAB6712_jpg.rf.822cd24c51032f70db27a6d6f422a8c4.jpg,oddball,0,0,0,1.0,1.0,,
GPAB6712_jpg.rf.822cd24c51032f70db27a6d6f422a8c4.jpg,pocillopora_,0,0,0,1.0,1.0,,
GPAB6712_jpg.rf.822cd24c51032f70db27a6d6f422a8c4.jpg,table_acropora,17143,15812,3605,0.4689004376367615,0.6384373312477888,0.5201942042178729,0.8262483130904184
GPAB6713_jpg.rf.27d0d3fc4947952724f70345fd4f81b9.jpg,branching_acropora,25257,1207,10887,0.6762067949987952,0.8068297981088679,0.9543908706166868,0.6987881806108898
GPAB6713_jpg.rf.27d0d3fc4947952724f70345fd4f81b9.jpg,finger_acropora,32931,23168,29674,0.3839320065754958,0.5548422968054993,0.5870158113335353,0.5260122993371137
GPAB6713_jpg.rf.27d0d3fc4947952724f70345fd4f81b9.jpg,finger_porites,0,56358,13575,0.0,0.0,0.0,0.0
GPAB6713_jpg.rf.27d0d3fc4947952724f70345fd4f81b9.jpg,knob_porites,47199,5746,22249,0.6276963587520281,0.7712695987515625,0.8914722825573709,0.6796308029028914
GPAB6713_jpg.rf.27d0d3fc4947952724f70345fd4f81b9.jpg,mounding_,1224,21,16505,0.06895774647887323,0.1290186571097291,0.983132530120482,0.0690394269276327
GPAB6713_jpg.rf.27d0d3fc4947952724f70345fd4f81b9.jpg,oddball,0,0,0,1.0,1.0,,
GPAB6713_jpg.rf.27d0d3fc4947952724f70345fd4f81b9.jpg,pocillopora_,0,0,0,1.0,1.0,,
GPAB6713_jpg.rf.27d0d3fc4947952724f70345fd4f81b9.jpg,table_acropora,91864,8883,46140,0.625405924281931,0.7695381380601547,0.9118286400587611,0.6656618648734819
GPAB6714_jpg.rf.d664e0d22c48cb5ba50f7da1a60f33a3.jpg,branching_acropora,1785,17,379,0.8184319119669876,0.9001512859304085,0.9905660377358491,0.8248613678373382
GPAB6714_jpg.rf.d664e0d22c48cb5ba50f7da1a60f33a3.jpg,finger_acropora,31844,2735,20684,0.5762264082659284,0.7311467505481763,0.9209057520460395,0.6062290587876942
GPAB6714_jpg.rf.d664e0d22c48cb5ba50f7da1a60f33a3.jpg,finger_porites,0,34266,0,0.0,0.0,0.0,
GPAB6714_jpg.rf.d664e0d22c48cb5ba50f7da1a60f33a3.jpg,knob_porites,74249,3607,42553,0.6166399521630442,0.7628661550000514,0.9536708795725442,0.6356826081745176
GPAB6714_jpg.rf.d664e0d22c48cb5ba50f7da1a60f33a3.jpg,mounding_,8656,104,3870,0.6853523357086303,0.8133045194024241,0.9881278538812786,0.6910426313268402
GPAB6714_jpg.rf.d664e0d22c48cb5ba50f7da1a60f33a3.jpg,oddball,0,0,0,1.0,1.0,,
GPAB6714_jpg.rf.d664e0d22c48cb5ba50f7da1a60f33a3.jpg,pocillopora_,0,0,0,1.0,1.0,,
GPAB6714_jpg.rf.d664e0d22c48cb5ba50f7da1a60f33a3.jpg,table_acropora,213062,10340,104784,0.6492111180854759,0.7872989830909306,0.9537157232253963,0.6703309149714013
GPAB6717_jpg.rf.d75823f43240ef0ce9f9964a1c4519d3.jpg,branching_acropora,0,0,0,1.0,1.0,,
GPAB6717_jpg.rf.d75823f43240ef0ce9f9964a1c4519d3.jpg,finger_acropora,0,9059,5537,0.0,0.0,0.0,0.0
GPAB6717_jpg.rf.d75823f43240ef0ce9f9964a1c4519d3.jpg,finger_porites,18274,110,1867,0.9023751913485754,0.9486826735885788,0.9940165361183638,0.9073035102527184
GPAB6717_jpg.rf.d75823f43240ef0ce9f9964a1c4519d3.jpg,knob_porites,1823,87,8590,0.17361904761904762,0.29586951229408426,0.9544502617801047,0.17506962450782676
GPAB6717_jpg.rf.d75823f43240ef0ce9f9964a1c4519d3.jpg,mounding_,5337,143,2021,0.7115051326489802,0.8314379186789219,0.9739051094890511,0.7253329709160098
GPAB6717_jpg.rf.d75823f43240ef0ce9f9964a1c4519d3.jpg,oddball,0,3302,0,0.0,0.0,0.0,
GPAB6717_jpg.rf.d75823f43240ef0ce9f9964a1c4519d3.jpg,pocillopora_,0,0,0,1.0,1.0,,
GPAB6717_jpg.rf.d75823f43240ef0ce9f9964a1c4519d3.jpg,table_acropora,0,7013,0,0.0,0.0,0.0,
GPAB6718_jpg.rf.0f4f6dd3bde84d2d235fde632ef8b650.jpg,branching_acropora,0,0,0,1.0,1.0,,
GPAB6718_jpg.rf.0f4f6dd3bde84d2d235fde632ef8b650.jpg,finger_acropora,3678,3340,9556,0.22191384095571376,0.3632233853446573,0.524080934739242,0.2779205077829832
GPAB6718_jpg.rf.0f4f6dd3bde84d2d235fde632ef8b650.jpg,finger_porites,5108,5938,12977,0.21262956333513716,0.3506917029968075,0.4624298388556944,0.28244401437655514
GPAB6718_jpg.rf.0f4f6dd3bde84d2d235fde632ef8b650.jpg,knob_porites,69091,21968,11308,0.674934305000635,0.8059233164973346,0.7587498215442735,0.8593514844711999
GPAB6718_jpg.rf.0f4f6dd3bde84d2d235fde632ef8b650.jpg,mounding_,7093,830,16911,0.28561649351695256,0.4443261189588749,0.8952417013757415,0.2954924179303449
GPAB6718_jpg.rf.0f4f6dd3bde84d2d235fde632ef8b650.jpg,oddball,0,0,539,0.0,0.0,,0.0
GPAB6718_jpg.rf.0f4f6dd3bde84d2d235fde632ef8b650.jpg,pocillopora_,0,0,0,1.0,1.0,,
GPAB6718_jpg.rf.0f4f6dd3bde84d2d235fde632ef8b650.jpg,table_acropora,2388,5038,5098,0.19067390610028745,0.32027896995708155,0.3215728521411258,0.31899545818861874
GPAB6720_jpg.rf.470f598882af8d62b6eb1b2dd1b45516.jpg,branching_acropora,0,0,0,1.0,1.0,,
GPAB6720_jpg.rf.470f598882af8d62b6eb1b2dd1b45516.jpg,finger_acropora,3775,4918,5419,0.2675028344671202,0.4220942583999553,0.43425744852179915,0.41059386556449856
GPAB6720_jpg.rf.470f598882af8d62b6eb1b2dd1b45516.jpg,finger_porites,16555,307,49368,0.24996225275554884,0.39995168206800746,0.9817933815680228,0.25112631403303853
GPAB6720_jpg.rf.470f598882af8d62b6eb1b2dd1b45516.jpg,knob_porites,30973,47908,4660,0.37075208580218094,0.5409469584504951,0.3926547584335898,0.8692223500687565
GPAB6720_jpg.rf.470f598882af8d62b6eb1b2dd1b45516.jpg,mounding_,4398,39586,4162,0.09134715241141528,0.16740255785627284,0.09999090578392143,0.513785046728972
GPAB6720_jpg.rf.470f598882af8d62b6eb1b2dd1b45516.jpg,oddball,0,0,0,1.0,1.0,,
GPAB6720_jpg.rf.470f598882af8d62b6eb1b2dd1b45516.jpg,pocillopora_,0,0,0,1.0,1.0,,
GPAB6720_jpg.rf.470f598882af8d62b6eb1b2dd1b45516.jpg,table_acropora,7351,2666,43186,0.1381689002499859,0.24279155794827756,0.7338524508335829,0.14545778340621723
GPAB6721_jpg.rf.6d79cc0bee61efd5fc70bf8565773f07.jpg,branching_acropora,0,19063,0,0.0,0.0,0.0,
GPAB6721_jpg.rf.6d79cc0bee61efd5fc70bf8565773f07.jpg,finger_acropora,0,2481,7956,0.0,0.0,0.0,0.0
GPAB6721_jpg.rf.6d79cc0bee61efd5fc70bf8565773f07.jpg,finger_porites,31959,4162,18844,0.5814427362867279,0.7353320141733009,0.8847761689875696,0.6290770230104521
GPAB6721_jpg.rf.6d79cc0bee61efd5fc70bf8565773f07.jpg,knob_porites,113739,5781,13293,0.8563845406699645,0.9226370096369123,0.9516315261044177,0.8953570753825808
GPAB6721_jpg.rf.6d79cc0bee61efd5fc70bf8565773f07.jpg,mounding_,3677,1436,21127,0.1401295731707317,0.2458134171207006,0.7191472716604733,0.148242218996936
GPAB6721_jpg.rf.6d79cc0bee61efd5fc70bf8565773f07.jpg,oddball,0,0,0,1.0,1.0,,
GPAB6721_jpg.rf.6d79cc0bee61efd5fc70bf8565773f07.jpg,pocillopora_,0,0,0,1.0,1.0,,
GPAB6721_jpg.rf.6d79cc0bee61efd5fc70bf8565773f07.jpg,table_acropora,33034,7706,7338,0.6870918091434752,0.8145280599664662,0.8108492881688758,0.8182403646091351
GPAB6722_jpg.rf.3905acae98248caaa1018f868607f294.jpg,branching_acropora,0,0,0,1.0,1.0,,
GPAB6722_jpg.rf.3905acae98248caaa1018f868607f294.jpg,finger_acropora,2756,5268,9705,0.15545152010829713,0.2690749328777154,0.34346959122632104,0.22117005055774014
GPAB6722_jpg.rf.3905acae98248caaa1018f868607f294.jpg,finger_porites,33274,16669,14774,0.5141462057882782,0.679123592983029,0.6662395130448712,0.6925158175158175
GPAB6722_jpg.rf.3905acae98248caaa1018f868607f294.jpg,knob_porites,49934,15967,76782,0.34996460685575714,0.5184796772870515,0.7577123260648548,0.3940623125729979
GPAB6722_jpg.rf.3905acae98248caaa1018f868607f294.jpg,mounding_,11546,3698,1621,0.6846131040616662,0.8127837809299215,0.7574127525583836,0.8768891926786664
GPAB6722_jpg.rf.3905acae98248caaa1018f868607f294.jpg,oddball,0,11388,0,0.0,0.0,0.0,
GPAB6722_jpg.rf.3905acae98248caaa1018f868607f294.jpg,pocillopora_,0,0,0,1.0,1.0,,
GPAB6722_jpg.rf.3905acae98248caaa1018f868607f294.jpg,table_acropora,0,0,3100,0.0,0.0,,0.0
GPAB6723_jpg.rf.a9391a805eef75647fdc4a53714dddc1.jpg,branching_acropora,0,0,0,1.0,1.0,,
GPAB6723_jpg.rf.a9391a805eef75647fdc4a53714dddc1.jpg,finger_acropora,1660,15,2300,0.4176100628930818,0.5891748003549245,0.991044776119403,0.41919191919191917
GPAB6723_jpg.rf.a9391a805eef75647fdc4a53714dddc1.jpg,finger_porites,0,0,0,1.0,1.0,,
GPAB6723_jpg.rf.a9391a805eef75647fdc4a53714dddc1.jpg,knob_porites,112149,31335,15841,0.7039008316334536,0.8262227690312884,0.7816132809233085,0.8762325181654816
GPAB6723_jpg.rf.a9391a805eef75647fdc4a53714dddc1.jpg,mounding_,7368,1425,55,0.8327305605786618,0.908732116428219,0.8379392698737632,0.9925905967937492
GPAB6723_jpg.rf.a9391a805eef75647fdc4a53714dddc1.jpg,oddball,0,0,0,1.0,1.0,,
GPAB6723_jpg.rf.a9391a805eef75647fdc4a53714dddc1.jpg,pocillopora_,0,0,0,1.0,1.0,,
GPAB6723_jpg.rf.a9391a805eef75647fdc4a53714dddc1.jpg,table_acropora,15565,3762,3242,0.6896628118215251,0.8163318823097498,0.8053500284575982,0.8276173765087468
GPAB6724_jpg.rf.abb977d8b1d48600b80c49827e043ca3.jpg,branching_acropora,0,0,0,1.0,1.0,,
GPAB6724_jpg.rf.abb977d8b1d48600b80c49827e043ca3.jpg,finger_acropora,4387,1692,11365,0.25149048383398304,0.4019055471577115,0.7216647474913637,0.2785043169121381
GPAB6724_jpg.rf.abb977d8b1d48600b80c49827e043ca3.jpg,finger_porites,0,0,5618,0.0,0.0,,0.0
GPAB6724_jpg.rf.abb977d8b1d48600b80c49827e043ca3.jpg,knob_porites,74389,21609,3681,0.7462855767012109,0.8547119516510789,0.774901560449176,0.9528500064045088
GPAB6724_jpg.rf.abb977d8b1d48600b80c49827e043ca3.jpg,mounding_,16179,6907,442,0.6876487589255356,0.8149192837534943,0.7008143463570995,0.9734071355514109
GPAB6724_jpg.rf.abb977d8b1d48600b80c49827e043ca3.jpg,oddball,0,0,0,1.0,1.0,,
GPAB6724_jpg.rf.abb977d8b1d48600b80c49827e043ca3.jpg,pocillopora_,0,0,0,1.0,1.0,,
GPAB6724_jpg.rf.abb977d8b1d48600b80c49827e043ca3.jpg,table_acropora,17185,11157,1596,0.5740196405905538,0.7293678246291619,0.6063439418530803,0.9150204994409243
GPAB6725_jpg.rf.990d5f2625903257e8bc17df9fa2bf20.jpg,branching_acropora,0,0,0,1.0,1.0,,
GPAB6725_jpg.rf.990d5f2625903257e8bc17df9fa2bf20.jpg,finger_acropora,4964,138,30429,0.13970898651881455,0.245166069885171,0.9729517836142689,0.14025372248749754
GPAB6725_jpg.rf.990d5f2625903257e8bc17df9fa2bf20.jpg,finger_porites,0,0,52605,0.0,0.0,,0.0
GPAB6725_jpg.rf.990d5f2625903257e8bc17df9fa2bf20.jpg,knob_porites,90887,47287,6207,0.6294941855230258,0.7726252614040159,0.6577720844732005,0.9360722598718767
GPAB6725_jpg.rf.990d5f2625903257e8bc17df9fa2bf20.jpg,mounding_,12404,2146,3201,0.6987775336600754,0.8226828055048914,0.8525085910652921,0.7948734380006408
GPAB6725_jpg.rf.990d5f2625903257e8bc17df9fa2bf20.jpg,oddball,0,0,1849,0.0,0.0,,0.0
GPAB6725_jpg.rf.990d5f2625903257e8bc17df9fa2bf20.jpg,pocillopora_,0,0,0,1.0,1.0,,
GPAB6725_jpg.rf.990d5f2625903257e8bc17df9fa2bf20.jpg,table_acropora,10163,21732,8165,0.2536944583125312,0.4047149712283217,0.3186392851544129,0.5545067656045395
GPAB6726_jpg.rf.6e8b4f32f5c8ad2068d284eea6b3ba73.jpg,branching_acropora,0,0,0,1.0,1.0,,
GPAB6726_jpg.rf.6e8b4f32f5c8ad2068d284eea6b3ba73.jpg,finger_acropora,14073,4913,46395,0.21524601948578334,0.35424270647166917,0.7412303802802065,0.23273466957729708
GPAB6726_jpg.rf.6e8b4f32f5c8ad2068d284eea6b3ba73.jpg,finger_porites,41437,4393,86925,0.3121313698165794,0.4757623771470561,0.9041457560549858,0.32281360527258846
GPAB6726_jpg.rf.6e8b4f32f5c8ad2068d284eea6b3ba73.jpg,knob_porites,60059,36180,29234,0.4786607477305875,0.6474247030161913,0.6240609316389406,0.6726059153573068
GPAB6726_jpg.rf.6e8b4f32f5c8ad2068d284eea6b3ba73.jpg,mounding_,2664,1319,11428,0.1728635390305626,0.29477178423236516,0.6688425809691187,0.18904342889582743
GPAB6726_jpg.rf.6e8b4f32f5c8ad2068d284eea6b3ba73.jpg,oddball,0,0,0,1.0,1.0,,
GPAB6726_jpg.rf.6e8b4f32f5c8ad2068d284eea6b3ba73.jpg,pocillopora_,0,0,0,1.0,1.0,,
GPAB6726_jpg.rf.6e8b4f32f5c8ad2068d284eea6b3ba73.jpg,table_acropora,13091,10987,9732,0.38719313812481515,0.5582396963817403,0.5436913364897417,0.5735880471454234
GPAB6727_jpg.rf.2b47a87edd848492b696c791dce918bb.jpg,branching_acropora,15468,1132,647,0.8968516263698034,0.9456212746446584,0.9318072289156627,0.9598510704312752
GPAB6727_jpg.rf.2b47a87edd848492b696c791dce918bb.jpg,finger_acropora,3186,3765,14778,0.14662432693635233,0.25574954846478026,0.45835131635735865,0.17735470941883769
GPAB6727_jpg.rf.2b47a87edd848492b696c791dce918bb.jpg,finger_porites,0,0,0,1.0,1.0,,
GPAB6727_jpg.rf.2b47a87edd848492b696c791dce918bb.jpg,knob_porites,93275,14311,17588,0.7451627334750028,0.8539750696959015,0.8669808339375011,0.8413537429079133
GPAB6727_jpg.rf.2b47a87edd848492b696c791dce918bb.jpg,mounding_,17,3892,12072,0.0010637632188223516,0.002125265658207276,0.004348938347403428,0.0014062370750268839
GPAB6727_jpg.rf.2b47a87edd848492b696c791dce918bb.jpg,oddball,1426,7,67,0.9506666666666667,0.9747095010252905,0.9951151430565248,0.955123911587408
GPAB6727_jpg.rf.2b47a87edd848492b696c791dce918bb.jpg,pocillopora_,0,0,0,1.0,1.0,,
GPAB6727_jpg.rf.2b47a87edd848492b696c791dce918bb.jpg,table_acropora,12412,46008,15011,0.16902942898775722,0.28917908274407933,0.2124614857925368,0.452612770302301
GPAB6728_jpg.rf.c94a7a80fbc13b2ef9bf80be068ef9ee.jpg,branching_acropora,20294,1741,695,0.8928288605367356,0.9433804388248419,0.9209893351486271,0.9668874172185431
GPAB6728_jpg.rf.c94a7a80fbc13b2ef9bf80be068ef9ee.jpg,finger_acropora,4508,2804,14605,0.20568508463749602,0.34119205298013244,0.6165207877461707,0.2358604091456077
GPAB6728_jpg.rf.c94a7a80fbc13b2ef9bf80be068ef9ee.jpg,finger_porites,0,0,11204,0.0,0.0,,0.0
GPAB6728_jpg.rf.c94a7a80fbc13b2ef9bf80be068ef9ee.jpg,knob_porites,57357,24311,13771,0.600980731147644,0.7507657268514882,0.7023191458098643,0.8063912945675402
GPAB6728_jpg.rf.c94a7a80fbc13b2ef9bf80be068ef9ee.jpg,mounding_,1944,4761,2900,0.20239458615304529,0.3366525240280544,0.28993288590604027,0.40132122213047067
GPAB6728_jpg.rf.c94a7a80fbc13b2ef9bf80be068ef9ee.jpg,oddball,0,0,0,1.0,1.0,,
GPAB6728_jpg.rf.c94a7a80fbc13b2ef9bf80be068ef9ee.jpg,pocillopora_,0,0,0,1.0,1.0,,
GPAB6728_jpg.rf.c94a7a80fbc13b2ef9bf80be068ef9ee.jpg,table_acropora,17073,10685,9929,0.45302093560113565,0.6235573411249087,0.6150659269399813,0.6322864972964966
GPAB6729_jpg.rf.252f5cc0c0084ddbc28a453a606bd948.jpg,branching_acropora,5273,154,2988,0.6266191325014855,0.7704558737580363,0.9716233646581905,0.6383004478876649
GPAB6729_jpg.rf.252f5cc0c0084ddbc28a453a606bd948.jpg,finger_acropora,3951,3237,9884,0.23143158388003748,0.37587404271512154,0.5496661101836394,0.2855800505963137
GPAB6729_jpg.rf.252f5cc0c0084ddbc28a453a606bd948.jpg,finger_porites,0,0,0,1.0,1.0,,
GPAB6729_jpg.rf.252f5cc0c0084ddbc28a453a606bd948.jpg,knob_porites,32651,15119,17968,0.49668380540935225,0.6637124068747523,0.6835042913962738,0.6450344732215176
GPAB6729_jpg.rf.252f5cc0c0084ddbc28a453a606bd948.jpg,mounding_,1936,56,1554,0.5459672870840383,0.7063115651222182,0.9718875502008032,0.5547277936962751
GPAB6729_jpg.rf.252f5cc0c0084ddbc28a453a606bd948.jpg,oddball,0,0,0,1.0,1.0,,
GPAB6729_jpg.rf.252f5cc0c0084ddbc28a453a606bd948.jpg,pocillopora_,0,0,0,1.0,1.0,,
GPAB6729_jpg.rf.252f5cc0c0084ddbc28a453a606bd948.jpg,table_acropora,18845,1476,214,0.9177014852690528,0.957084814626714,0.9273657792431474,0.9887717089039298
GPAB6730_jpg.rf.faeabf355c420e2ba8d4915690db7746.jpg,branching_acropora,3646,69,736,0.8191417658953044,0.9005804618994689,0.9814266487213997,0.8320401643085349
GPAB6730_jpg.rf.faeabf355c420e2ba8d4915690db7746.jpg,finger_acropora,3838,4652,4898,0.28667463400059756,0.4456054800882387,0.45206124852767965,0.4393315018315018
GPAB6730_jpg.rf.faeabf355c420e2ba8d4915690db7746.jpg,finger_porites,0,4262,0,0.0,0.0,0.0,
GPAB6730_jpg.rf.faeabf355c420e2ba8d4915690db7746.jpg,knob_porites,50789,4327,6491,0.8244030710795851,0.9037510231680843,0.921492851440598,0.886679469273743
GPAB6730_jpg.rf.faeabf355c420e2ba8d4915690db7746.jpg,mounding_,0,0,0,1.0,1.0,,
GPAB6730_jpg.rf.faeabf355c420e2ba8d4915690db7746.jpg,oddball,0,0,0,1.0,1.0,,
GPAB6730_jpg.rf.faeabf355c420e2ba8d4915690db7746.jpg,pocillopora_,0,0,0,1.0,1.0,,
GPAB6730_jpg.rf.faeabf355c420e2ba8d4915690db7746.jpg,table_acropora,2387,1906,42,0.5506343713956171,0.7102052960428444,0.5560214302352667,0.9827089337175793
GPAB6731_jpg.rf.9aff60cc937711da4f513b555afdcc79.jpg,branching_acropora,28600,1406,404,0.9404801052285432,0.9693272326724284,0.9531427047923748,0.986070886774238
GPAB6731_jpg.rf.9aff60cc937711da4f513b555afdcc79.jpg,finger_acropora,9209,2246,13388,0.3706879201384696,0.540878656172912,0.8039284155390659,0.40753197327078816
GPAB6731_jpg.rf.9aff60cc937711da4f513b555afdcc79.jpg,finger_porites,0,32264,0,0.0,0.0,0.0,
GPAB6731_jpg.rf.9aff60cc937711da4f513b555afdcc79.jpg,knob_porites,14171,14291,32068,0.23411531471997357,0.37940589818074727,0.49789192607687444,0.30647289084971563
GPAB6731_jpg.rf.9aff60cc937711da4f513b555afdcc79.jpg,mounding_,0,0,3402,0.0,0.0,,0.0
GPAB6731_jpg.rf.9aff60cc937711da4f513b555afdcc79.jpg,oddball,0,0,0,1.0,1.0,,
GPAB6731_jpg.rf.9aff60cc937711da4f513b555afdcc79.jpg,pocillopora_,0,0,0,1.0,1.0,,
GPAB6731_jpg.rf.9aff60cc937711da4f513b555afdcc79.jpg,table_acropora,7854,176,9191,0.456071076011846,0.6264406779661017,0.9780821917808219,0.46078028747433264
GPAB6733_jpg.rf.acb5d981beab731e09c53f2eedd2e502.jpg,branching_acropora,0,4151,0,0.0,0.0,0.0,
GPAB6733_jpg.rf.acb5d981beab731e09c53f2eedd2e502.jpg,finger_acropora,24366,18706,18348,0.3967111690003256,0.5680647191849486,0.5657039375928677,0.5704452872594465
GPAB6733_jpg.rf.acb5d981beab731e09c53f2eedd2e502.jpg,finger_porites,0,1946,0,0.0,0.0,0.0,
GPAB6733_jpg.rf.acb5d981beab731e09c53f2eedd2e502.jpg,knob_porites,0,2207,0,0.0,0.0,0.0,
GPAB6733_jpg.rf.acb5d981beab731e09c53f2eedd2e502.jpg,mounding_,2345,366,4337,0.3327185017026107,0.4993079953156606,0.8649944669863519,0.35094283148757854
GPAB6733_jpg.rf.acb5d981beab731e09c53f2eedd2e502.jpg,oddball,0,0,0,1.0,1.0,,
GPAB6733_jpg.rf.acb5d981beab731e09c53f2eedd2e502.jpg,pocillopora_,0,0,3416,0.0,0.0,,0.0
GPAB6733_jpg.rf.acb5d981beab731e09c53f2eedd2e502.jpg,table_acropora,48662,31343,790,0.6022897456525775,0.7517863074225418,0.6082369851884257,0.984024913046995
GPAB6734_jpg.rf.46683f64576f9a3cfb6bbe554cb86593.jpg,branching_acropora,27939,1686,230,0.9358231452018088,0.9668477696646711,0.9430886075949367,0.9918349959174979
GPAB6734_jpg.rf.46683f64576f9a3cfb6bbe554cb86593.jpg,finger_acropora,55539,3021,30068,0.6266529764859864,0.7704814555342069,0.9484118852459016,0.6487670400784983
GPAB6734_jpg.rf.46683f64576f9a3cfb6bbe554cb86593.jpg,finger_porites,0,0,0,1.0,1.0,,
GPAB6734_jpg.rf.46683f64576f9a3cfb6bbe554cb86593.jpg,knob_porites,0,0,0,1.0,1.0,,
GPAB6734_jpg.rf.46683f64576f9a3cfb6bbe554cb86593.jpg,mounding_,1244,1989,623,0.32261410788381745,0.48784313725490197,0.38478193628209095,0.6663095875736476
GPAB6734_jpg.rf.46683f64576f9a3cfb6bbe554cb86593.jpg,oddball,0,0,0,1.0,1.0,,
GPAB6734_jpg.rf.46683f64576f9a3cfb6bbe554cb86593.jpg,pocillopora_,0,0,0,1.0,1.0,,
GPAB6734_jpg.rf.46683f64576f9a3cfb6bbe554cb86593.jpg,table_acropora,3476,27217,162,0.11265597147950089,0.2024991989746876,0.11325057830775746,0.9554700384826827
GPAB6735_jpg.rf.20b7c5c450a55f6155703cf2bbbe373f.jpg,branching_acropora,30897,939,1921,0.915276831471991,0.9557645311968324,0.9705050885789672,0.9414650496678652
GPAB6735_jpg.rf.20b7c5c450a55f6155703cf2bbbe373f.jpg,finger_acropora,85163,8796,23730,0.7236275267867005,0.8396564983337605,0.9063846997094477,0.7820796561762464
GPAB6735_jpg.rf.20b7c5c450a55f6155703cf2bbbe373f.jpg,finger_porites,0,0,0,1.0,1.0,,
GPAB6735_jpg.rf.20b7c5c450a55f6155703cf2bbbe373f.jpg,knob_porites,0,0,0,1.0,1.0,,
GPAB6735_jpg.rf.20b7c5c450a55f6155703cf2bbbe373f.jpg,mounding_,0,1320,0,0.0,0.0,0.0,
GPAB6735_jpg.rf.20b7c5c450a55f6155703cf2bbbe373f.jpg,oddball,0,0,0,1.0,1.0,,
GPAB6735_jpg.rf.20b7c5c450a55f6155703cf2bbbe373f.jpg,pocillopora_,0,0,1736,0.0,0.0,,0.0
GPAB6735_jpg.rf.20b7c5c450a55f6155703cf2bbbe373f.jpg,table_acropora,0,6224,2144,0.0,0.0,0.0,0.0
GPAB6736_jpg.rf.2a447b81d9e09d99d2aa4e6de92083cb.jpg,branching_acropora,0,0,748,0.0,0.0,,0.0
GPAB6736_jpg.rf.2a447b81d9e09d99d2aa4e6de92083cb.jpg,finger_acropora,344696,13457,53116,0.8381278433336818,0.9119363991719194,0.9624266723997844,0.8664796436507697
GPAB6736_jpg.rf.2a447b81d9e09d99d2aa4e6de92083cb.jpg,finger_porites,0,0,0,1.0,1.0,,
GPAB6736_jpg.rf.2a447b81d9e09d99d2aa4e6de92083cb.jpg,knob_porites,0,0,0,1.0,1.0,,
GPAB6736_jpg.rf.2a447b81d9e09d99d2aa4e6de92083cb.jpg,mounding_,799,520,5841,0.11159217877094972,0.20077899233572058,0.6057619408642911,0.12033132530120481
GPAB6736_jpg.rf.2a447b81d9e09d99d2aa4e6de92083cb.jpg,oddball,0,0,1081,0.0,0.0,,0.0
GPAB6736_jpg.rf.2a447b81d9e09d99d2aa4e6de92083cb.jpg,pocillopora_,6418,8423,1121,0.4020799398571608,0.5735478105451296,0.4324506434876356,0.8513065393288235
GPAB6736_jpg.rf.2a447b81d9e09d99d2aa4e6de92083cb.jpg,table_acropora,0,11420,0,0.0,0.0,0.0,
GPAB6737_jpg.rf.b1b33630159b660adb00a54e0dd9619a.jpg,branching_acropora,0,0,0,1.0,1.0,,
GPAB6737_jpg.rf.b1b33630159b660adb00a54e0dd9619a.jpg,finger_acropora,337439,8902,3681,0.9640508310906172,0.9816964162330664,0.9742970078621936,0.9892090759849906
GPAB6737_jpg.rf.b1b33630159b660adb00a54e0dd9619a.jpg,finger_porites,0,0,0,1.0,1.0,,
GPAB6737_jpg.rf.b1b33630159b660adb00a54e0dd9619a.jpg,knob_porites,0,0,0,1.0,1.0,,
GPAB6737_jpg.rf.b1b33630159b660adb00a54e0dd9619a.jpg,mounding_,0,0,0,1.0,1.0,,
GPAB6737_jpg.rf.b1b33630159b660adb00a54e0dd9619a.jpg,oddball,0,2295,0,0.0,0.0,0.0,
GPAB6737_jpg.rf.b1b33630159b660adb00a54e0dd9619a.jpg,pocillopora_,5622,3411,116,0.6144933872554378,0.7612213120303297,0.6223845898372634,0.9797838968281631
GPAB6737_jpg.rf.b1b33630159b660adb00a54e0dd9619a.jpg,table_acropora,0,0,0,1.0,1.0,,
GPAB6738_jpg.rf.fb0e439af4ed6e91340673e23d74129f.jpg,branching_acropora,8545,1566,59803,0.12222158652058243,0.21782077263284008,0.8451191771338147,0.12502194650904197
GPAB6738_jpg.rf.fb0e439af4ed6e91340673e23d74129f.jpg,finger_acropora,123175,25826,9363,0.7777967214771034,0.8750119876819907,0.8266723042127234,0.9293561091913263
GPAB6738_jpg.rf.fb0e439af4ed6e91340673e23d74129f.jpg,finger_porites,0,0,9292,0.0,0.0,,0.0
GPAB6738_jpg.rf.fb0e439af4ed6e91340673e23d74129f.jpg,knob_porites,0,2682,0,0.0,0.0,0.0,
GPAB6738_jpg.rf.fb0e439af4ed6e91340673e23d74129f.jpg,mounding_,0,0,0,1.0,1.0,,
GPAB6738_jpg.rf.fb0e439af4ed6e91340673e23d74129f.jpg,oddball,0,0,0,1.0,1.0,,
GPAB6738_jpg.rf.fb0e439af4ed6e91340673e23d74129f.jpg,pocillopora_,14867,1766,3350,0.7439823850272732,0.8531994261119081,0.8938255275656827,0.8161058352088708
GPAB6738_jpg.rf.fb0e439af4ed6e91340673e23d74129f.jpg,table_acropora,0,0,0,1.0,1.0,,
GPAB6739_jpg.rf.4d32d55f2ea6573a4c99327645b6c1e2.jpg,branching_acropora,0,0,0,1.0,1.0,,
GPAB6739_jpg.rf.4d32d55f2ea6573a4c99327645b6c1e2.jpg,finger_acropora,180313,47226,17827,0.7348736173716,0.8471782728299964,0.792448767024554,0.9100282628444534
GPAB6739_jpg.rf.4d32d55f2ea6573a4c99327645b6c1e2.jpg,finger_porites,0,0,0,1.0,1.0,,
GPAB6739_jpg.rf.4d32d55f2ea6573a4c99327645b6c1e2.jpg,knob_porites,0,0,0,1.0,1.0,,
GPAB6739_jpg.rf.4d32d55f2ea6573a4c99327645b6c1e2.jpg,mounding_,0,0,0,1.0,1.0,,
GPAB6739_jpg.rf.4d32d55f2ea6573a4c99327645b6c1e2.jpg,oddball,0,0,0,1.0,1.0,,
GPAB6739_jpg.rf.4d32d55f2ea6573a4c99327645b6c1e2.jpg,pocillopora_,11863,2101,19,0.8483873274690695,0.9179757022363229,0.8495416786021197,0.9984009426022555
GPAB6739_jpg.rf.4d32d55f2ea6573a4c99327645b6c1e2.jpg,table_acropora,0,0,0,1.0,1.0,,
GPAB6740_jpg.rf.43588fe8737c9d3ec2b756b24d86e2c0.jpg,branching_acropora,53804,37136,1097,0.58459097971468,0.7378446390246912,0.5916428414339124,0.9800185788965593
GPAB6740_jpg.rf.43588fe8737c9d3ec2b756b24d86e2c0.jpg,finger_acropora,249726,12522,51360,0.7962998392898141,0.8866001342010246,0.9522513041090875,0.8294175086187999
GPAB6740_jpg.rf.43588fe8737c9d3ec2b756b24d86e2c0.jpg,finger_porites,0,0,0,1.0,1.0,,
GPAB6740_jpg.rf.43588fe8737c9d3ec2b756b24d86e2c0.jpg,knob_porites,0,0,0,1.0,1.0,,
GPAB6740_jpg.rf.43588fe8737c9d3ec2b756b24d86e2c0.jpg,mounding_,0,0,0,1.0,1.0,,
GPAB6740_jpg.rf.43588fe8737c9d3ec2b756b24d86e2c0.jpg,oddball,0,1183,0,0.0,0.0,0.0,
GPAB6740_jpg.rf.43588fe8737c9d3ec2b756b24d86e2c0.jpg,pocillopora_,22564,284,5791,0.7878766716714969,0.88135460812843,0.9875700280112045,0.7957679421618762
GPAB6740_jpg.rf.43588fe8737c9d3ec2b756b24d86e2c0.jpg,table_acropora,0,0,0,1.0,1.0,,
GPAB6741_jpg.rf.4813cc555ec276c90547ec3f17feecce.jpg,branching_acropora,0,0,0,1.0,1.0,,
GPAB6741_jpg.rf.4813cc555ec276c90547ec3f17feecce.jpg,finger_acropora,378249,38801,13643,0.8782334516697509,0.9351696413339894,0.9069631938616473,0.965186837189838
GPAB6741_jpg.rf.4813cc555ec276c90547ec3f17feecce.jpg,finger_porites,0,0,0,1.0,1.0,,
GPAB6741_jpg.rf.4813cc555ec276c90547ec3f17feecce.jpg,knob_porites,0,0,0,1.0,1.0,,
GPAB6741_jpg.rf.4813cc555ec276c90547ec3f17feecce.jpg,mounding_,0,0,0,1.0,1.0,,
GPAB6741_jpg.rf.4813cc555ec276c90547ec3f17feecce.jpg,oddball,0,0,0,1.0,1.0,,
GPAB6741_jpg.rf.4813cc555ec276c90547ec3f17feecce.jpg,pocillopora_,0,2024,0,0.0,0.0,0.0,
GPAB6741_jpg.rf.4813cc555ec276c90547ec3f17feecce.jpg,table_acropora,0,0,0,1.0,1.0,,
GPAB6742_jpg.rf.19f506fad94038a2fdef528bee2aa3ad.jpg,branching_acropora,143380,145883,5778,0.48596635721814935,0.6540745082922579,0.495673487449138,0.9612625538020086
GPAB6742_jpg.rf.19f506fad94038a2fdef528bee2aa3ad.jpg,finger_acropora,358542,38067,13152,0.8750027455028663,0.9333348952171213,0.904018819542673,0.964616055142133
GPAB6742_jpg.rf.19f506fad94038a2fdef528bee2aa3ad.jpg,finger_porites,0,0,0,1.0,1.0,,
GPAB6742_jpg.rf.19f506fad94038a2fdef528bee2aa3ad.jpg,knob_porites,0,0,0,1.0,1.0,,
GPAB6742_jpg.rf.19f506fad94038a2fdef528bee2aa3ad.jpg,mounding_,2796,70,130,0.9332443257676902,0.9654696132596685,0.9755757152826239,0.9555707450444293
GPAB6742_jpg.rf.19f506fad94038a2fdef528bee2aa3ad.jpg,oddball,0,0,0,1.0,1.0,,
GPAB6742_jpg.rf.19f506fad94038a2fdef528bee2aa3ad.jpg,pocillopora_,0,0,0,1.0,1.0,,
GPAB6742_jpg.rf.19f506fad94038a2fdef528bee2aa3ad.jpg,table_acropora,0,0,0,1.0,1.0,,
GPAB6743_jpg.rf.0ee30ee003eb99a660a748a583191988.jpg,branching_acropora,0,0,0,1.0,1.0,,
GPAB6743_jpg.rf.0ee30ee003eb99a660a748a583191988.jpg,finger_acropora,448163,83638,9556,0.8278511222723637,0.905818982941224,0.8427268846805478,0.9791225620959584
GPAB6743_jpg.rf.0ee30ee003eb99a660a748a583191988.jpg,finger_porites,0,0,0,1.0,1.0,,
GPAB6743_jpg.rf.0ee30ee003eb99a660a748a583191988.jpg,knob_porites,0,0,0,1.0,1.0,,
GPAB6743_jpg.rf.0ee30ee003eb99a660a748a583191988.jpg,mounding_,0,0,0,1.0,1.0,,
GPAB6743_jpg.rf.0ee30ee003eb99a660a748a583191988.jpg,oddball,0,7291,14455,0.0,0.0,0.0,0.0
GPAB6743_jpg.rf.0ee30ee003eb99a660a748a583191988.jpg,pocillopora_,0,0,4795,0.0,0.0,,0.0
GPAB6743_jpg.rf.0ee30ee003eb99a660a748a583191988.jpg,table_acropora,0,0,0,1.0,1.0,,
GPAB6743_jpg.rf.effa400c62434f49e21656a7fe755769.jpg,branching_acropora,0,0,0,1.0,1.0,,
GPAB6743_jpg.rf.effa400c62434f49e21656a7fe755769.jpg,finger_acropora,507307,28680,9283,0.9303776110917527,0.9639332799405649,0.9464912395263317,0.9820302367448073
GPAB6743_jpg.rf.effa400c62434f49e21656a7fe755769.jpg,finger_porites,0,0,0,1.0,1.0,,
GPAB6743_jpg.rf.effa400c62434f49e21656a7fe755769.jpg,knob_porites,0,0,0,1.0,1.0,,
GPAB6743_jpg.rf.effa400c62434f49e21656a7fe755769.jpg,mounding_,0,0,0,1.0,1.0,,
GPAB6743_jpg.rf.effa400c62434f49e21656a7fe755769.jpg,oddball,1591,3925,3425,0.1779443015322671,0.3021268515001899,0.2884336475707034,0.3171850079744817
GPAB6743_jpg.rf.effa400c62434f49e21656a7fe755769.jpg,pocillopora_,0,0,0,1.0,1.0,,
GPAB6743_jpg.rf.effa400c62434f49e21656a7fe755769.jpg,table_acropora,0,0,0,1.0,1.0,,
GPAB6744_jpg.rf.a8dbeb68f8cee29da713eb411b6cabde.jpg,branching_acropora,0,0,0,1.0,1.0,,
GPAB6744_jpg.rf.a8dbeb68f8cee29da713eb411b6cabde.jpg,finger_acropora,262447,26363,11006,0.8753602209355071,0.9335382196587718,0.9087185346767771,0.9597517672141099
GPAB6744_jpg.rf.a8dbeb68f8cee29da713eb411b6cabde.jpg,finger_porites,0,0,0,1.0,1.0,,
GPAB6744_jpg.rf.a8dbeb68f8cee29da713eb411b6cabde.jpg,knob_porites,0,0,0,1.0,1.0,,
GPAB6744_jpg.rf.a8dbeb68f8cee29da713eb411b6cabde.jpg,mounding_,0,0,0,1.0,1.0,,
GPAB6744_jpg.rf.a8dbeb68f8cee29da713eb411b6cabde.jpg,oddball,0,0,3254,0.0,0.0,,0.0
GPAB6744_jpg.rf.a8dbeb68f8cee29da713eb411b6cabde.jpg,pocillopora_,5892,363,5497,0.501361470388019,0.667875765132623,0.9419664268585132,0.5173412942312758
GPAB6744_jpg.rf.a8dbeb68f8cee29da713eb411b6cabde.jpg,table_acropora,0,0,0,1.0,1.0,,
GPAB6745_jpg.rf.2153b608d7e2146d34b9d9fc3febb368.jpg,branching_acropora,63744,7769,8564,0.7960338174507037,0.8864352215601338,0.8913624096318152,0.8815622061182719
GPAB6745_jpg.rf.2153b608d7e2146d34b9d9fc3febb368.jpg,finger_acropora,95560,18538,218113,0.287648512541728,0.4467811048434793,0.837525635856895,0.3046484714973874
GPAB6745_jpg.rf.2153b608d7e2146d34b9d9fc3febb368.jpg,finger_porites,0,0,0,1.0,1.0,,
GPAB6745_jpg.rf.2153b608d7e2146d34b9d9fc3febb368.jpg,knob_porites,0,0,0,1.0,1.0,,
GPAB6745_jpg.rf.2153b608d7e2146d34b9d9fc3febb368.jpg,mounding_,0,0,2038,0.0,0.0,,0.0
GPAB6745_jpg.rf.2153b608d7e2146d34b9d9fc3febb368.jpg,oddball,0,0,0,1.0,1.0,,
GPAB6745_jpg.rf.2153b608d7e2146d34b9d9fc3febb368.jpg,pocillopora_,11243,3338,311,0.754969110932044,0.8603788023722977,0.7710719429394417,0.9730829150077895
GPAB6745_jpg.rf.2153b608d7e2146d34b9d9fc3febb368.jpg,table_acropora,0,171076,0,0.0,0.0,0.0,
GPAB6798_jpg.rf.8586409eb79e92bd79db8bd31825a216.jpg,branching_acropora,2438,164,253,0.8539404553415061,0.9212167013036086,0.9369715603382014,0.905982905982906
GPAB6798_jpg.rf.8586409eb79e92bd79db8bd31825a216.jpg,finger_acropora,23762,6700,6372,0.6451104957376337,0.7842761898475147,0.7800538375681176,0.7885445012278489
GPAB6798_jpg.rf.8586409eb79e92bd79db8bd31825a216.jpg,finger_porites,0,0,0,1.0,1.0,,
GPAB6798_jpg.rf.8586409eb79e92bd79db8bd31825a216.jpg,knob_porites,47293,2951,18472,0.6882385470632749,0.8153332931065693,0.9412666188997691,0.7191211130540561
GPAB6798_jpg.rf.8586409eb79e92bd79db8bd31825a216.jpg,mounding_,1971,14,1030,0.6537313432835821,0.7906137184115524,0.9929471032745592,0.6567810729756748
GPAB6798_jpg.rf.8586409eb79e92bd79db8bd31825a216.jpg,oddball,0,0,335,0.0,0.0,,0.0
GPAB6798_jpg.rf.8586409eb79e92bd79db8bd31825a216.jpg,pocillopora_,0,0,0,1.0,1.0,,
GPAB6798_jpg.rf.8586409eb79e92bd79db8bd31825a216.jpg,table_acropora,0,12255,7727,0.0,0.0,0.0,0.0
GPAB6809_jpg.rf.e379cb9b5655b5b9c1ab48d1da37d5cf.jpg,branching_acropora,0,0,25871,0.0,0.0,,0.0
GPAB6809_jpg.rf.e379cb9b5655b5b9c1ab48d1da37d5cf.jpg,finger_acropora,107934,30803,1669,0.7687278321439255,0.869243778690505,0.7779755941097184,0.9847723146264244
GPAB6809_jpg.rf.e379cb9b5655b5b9c1ab48d1da37d5cf.jpg,finger_porites,0,25179,0,0.0,0.0,0.0,
GPAB6809_jpg.rf.e379cb9b5655b5b9c1ab48d1da37d5cf.jpg,knob_porites,0,137695,0,0.0,0.0,0.0,
GPAB6809_jpg.rf.e379cb9b5655b5b9c1ab48d1da37d5cf.jpg,mounding_,55552,172,21551,0.7188870915561307,0.8364564433435973,0.9969133586964324,0.7204907720840953
GPAB6809_jpg.rf.e379cb9b5655b5b9c1ab48d1da37d5cf.jpg,oddball,0,1193,0,0.0,0.0,0.0,
GPAB6809_jpg.rf.e379cb9b5655b5b9c1ab48d1da37d5cf.jpg,pocillopora_,8875,472,4993,0.6188981868898187,0.7645918587120396,0.9495025141756713,0.6399625036054225
GPAB6809_jpg.rf.e379cb9b5655b5b9c1ab48d1da37d5cf.jpg,table_acropora,0,0,138538,0.0,0.0,,0.0
GPAB6810_jpg.rf.942a61223106aacf8e8c96d03620647b.jpg,branching_acropora,0,0,0,1.0,1.0,,
GPAB6810_jpg.rf.942a61223106aacf8e8c96d03620647b.jpg,finger_acropora,69286,22287,4394,0.7219773463794846,0.8385445347436961,0.7566204012099637,0.9403637350705755
GPAB6810_jpg.rf.942a61223106aacf8e8c96d03620647b.jpg,finger_porites,0,0,0,1.0,1.0,,
GPAB6810_jpg.rf.942a61223106aacf8e8c96d03620647b.jpg,knob_porites,0,0,0,1.0,1.0,,
GPAB6810_jpg.rf.942a61223106aacf8e8c96d03620647b.jpg,mounding_,0,0,0,1.0,1.0,,
GPAB6810_jpg.rf.942a61223106aacf8e8c96d03620647b.jpg,oddball,0,3403,0,0.0,0.0,0.0,
GPAB6810_jpg.rf.942a61223106aacf8e8c96d03620647b.jpg,pocillopora_,7108,94,1460,0.8205957053798199,0.9014584654407102,0.986948069980561,0.8295985060690944
GPAB6810_jpg.rf.942a61223106aacf8e8c96d03620647b.jpg,table_acropora,0,0,0,1.0,1.0,,
GPAB6811_jpg.rf.5d27bc2691a61663881664b2487e0d80.jpg,branching_acropora,0,1939,0,0.0,0.0,0.0,
GPAB6811_jpg.rf.5d27bc2691a61663881664b2487e0d80.jpg,finger_acropora,11892,237,8983,0.5632815460401668,0.7206399224336444,0.9804600544150384,0.5696766467065868
GPAB6811_jpg.rf.5d27bc2691a61663881664b2487e0d80.jpg,finger_porites,0,0,0,1.0,1.0,,
GPAB6811_jpg.rf.5d27bc2691a61663881664b2487e0d80.jpg,knob_porites,0,0,0,1.0,1.0,,
GPAB6811_jpg.rf.5d27bc2691a61663881664b2487e0d80.jpg,mounding_,0,1098,0,0.0,0.0,0.0,
GPAB6811_jpg.rf.5d27bc2691a61663881664b2487e0d80.jpg,oddball,0,0,0,1.0,1.0,,
GPAB6811_jpg.rf.5d27bc2691a61663881664b2487e0d80.jpg,pocillopora_,15670,1659,456,0.8810795614281698,0.9367807502615454,0.9042645276703791,0.9717226838645665
GPAB6811_jpg.rf.5d27bc2691a61663881664b2487e0d80.jpg,table_acropora,0,0,0,1.0,1.0,,
GPAB6822_jpg.rf.b99bfee0fa8e636686edfa07726c9c29.jpg,branching_acropora,42615,3665,44388,0.47001147041955266,0.6394663985654585,0.9208081244598099,0.48981069618289025
GPAB6822_jpg.rf.b99bfee0fa8e636686edfa07726c9c29.jpg,finger_acropora,0,0,0,1.0,1.0,,
GPAB6822_jpg.rf.b99bfee0fa8e636686edfa07726c9c29.jpg,finger_porites,23379,54806,18580,0.24160595256549372,0.3891829804234918,0.2990215514484876,0.5571867775685788
GPAB6822_jpg.rf.b99bfee0fa8e636686edfa07726c9c29.jpg,knob_porites,126247,99466,37760,0.47916484801099163,0.6478856615005645,0.5593253379291401,0.7697659246251685
GPAB6822_jpg.rf.b99bfee0fa8e636686edfa07726c9c29.jpg,mounding_,3162,11412,8839,0.1350531755862128,0.23796801505174037,0.21696171263894606,0.2634780434963753
GPAB6822_jpg.rf.b99bfee0fa8e636686edfa07726c9c29.jpg,oddball,0,2386,0,0.0,0.0,0.0,
GPAB6822_jpg.rf.b99bfee0fa8e636686edfa07726c9c29.jpg,pocillopora_,0,0,0,1.0,1.0,,
GPAB6822_jpg.rf.b99bfee0fa8e636686edfa07726c9c29.jpg,table_acropora,0,32090,1938,0.0,0.0,0.0,0.0
GPAB6851_jpg.rf.d59056d1d0d3c9d325f4a76cc1ba4c8b.jpg,branching_acropora,190428,34340,39436,0.7207612299586683,0.8377236974080136,0.8472202448747153,0.8284376848919361
GPAB6851_jpg.rf.d59056d1d0d3c9d325f4a76cc1ba4c8b.jpg,finger_acropora,12466,34940,9372,0.2195568706189017,0.3600600774074288,0.26296249419904655,0.5708398204963825
GPAB6851_jpg.rf.d59056d1d0d3c9d325f4a76cc1ba4c8b.jpg,finger_porites,0,0,0,1.0,1.0,,
GPAB6851_jpg.rf.d59056d1d0d3c9d325f4a76cc1ba4c8b.jpg,knob_porites,26647,4493,37401,0.3887746020629988,0.5598814976677733,0.8557161207450225,0.4160473394953785
GPAB6851_jpg.rf.d59056d1d0d3c9d325f4a76cc1ba4c8b.jpg,mounding_,0,1063,3794,0.0,0.0,0.0,0.0
GPAB6851_jpg.rf.d59056d1d0d3c9d325f4a76cc1ba4c8b.jpg,oddball,0,1114,461,0.0,0.0,0.0,0.0
GPAB6851_jpg.rf.d59056d1d0d3c9d325f4a76cc1ba4c8b.jpg,pocillopora_,0,0,0,1.0,1.0,,
GPAB6851_jpg.rf.d59056d1d0d3c9d325f4a76cc1ba4c8b.jpg,table_acropora,93275,3001,28353,0.7484213144613212,0.8561109479403775,0.9688291993851011,0.766887558785806
GPAB6884_jpg.rf.1295437527df283efdef3e5a9c3b06b7.jpg,branching_acropora,56288,7259,3591,0.8383925645685008,0.9120930760131577,0.8857695878641005,0.9400290586015131
GPAB6884_jpg.rf.1295437527df283efdef3e5a9c3b06b7.jpg,finger_acropora,81542,11467,47591,0.5799573257467995,0.7341430256322532,0.8767108559386726,0.6314574895650221
GPAB6884_jpg.rf.1295437527df283efdef3e5a9c3b06b7.jpg,finger_porites,0,0,880,0.0,0.0,,0.0
GPAB6884_jpg.rf.1295437527df283efdef3e5a9c3b06b7.jpg,knob_porites,0,0,27150,0.0,0.0,,0.0
GPAB6884_jpg.rf.1295437527df283efdef3e5a9c3b06b7.jpg,mounding_,0,0,0,1.0,1.0,,
GPAB6884_jpg.rf.1295437527df283efdef3e5a9c3b06b7.jpg,oddball,0,0,0,1.0,1.0,,
GPAB6884_jpg.rf.1295437527df283efdef3e5a9c3b06b7.jpg,pocillopora_,2603,18,100,0.9566335905916943,0.9778362133734034,0.9931323922167111,0.9630040695523493
GPAB6884_jpg.rf.1295437527df283efdef3e5a9c3b06b7.jpg,table_acropora,11744,11921,5665,0.4004091374019775,0.5718459366022302,0.49626030002112825,0.6745936010109713
GPAB6885_jpg.rf.be97c790ae34175e4f797ccc4b6c5bfc.jpg,branching_acropora,91020,12941,1003,0.8671544529552989,0.9288513348028411,0.8755206279277806,0.9891005509492192
GPAB6885_jpg.rf.be97c790ae34175e4f797ccc4b6c5bfc.jpg,finger_acropora,3180,5342,1571,0.3150698503913604,0.47916823626911775,0.3731518422905421,0.6693327720479899
GPAB6885_jpg.rf.be97c790ae34175e4f797ccc4b6c5bfc.jpg,finger_porites,0,0,0,1.0,1.0,,
GPAB6885_jpg.rf.be97c790ae34175e4f797ccc4b6c5bfc.jpg,knob_porites,0,0,0,1.0,1.0,,
GPAB6885_jpg.rf.be97c790ae34175e4f797ccc4b6c5bfc.jpg,mounding_,0,25457,1040,0.0,0.0,0.0,0.0
GPAB6885_jpg.rf.be97c790ae34175e4f797ccc4b6c5bfc.jpg,oddball,0,0,0,1.0,1.0,,
GPAB6885_jpg.rf.be97c790ae34175e4f797ccc4b6c5bfc.jpg,pocillopora_,0,0,0,1.0,1.0,,
GPAB6885_jpg.rf.be97c790ae34175e4f797ccc4b6c5bfc.jpg,table_acropora,161808,58,667948,0.19499309483812036,0.32635016165434005,0.9996416789196002,0.19500672486851556
GPAB6906_jpg.rf.73105f6b446d8109bac51ef296914ed4.jpg,branching_acropora,130742,3187,15863,0.8728236487929929,0.9320937925527744,0.976203809481143,0.8917976876641315
GPAB6906_jpg.rf.73105f6b446d8109bac51ef296914ed4.jpg,finger_acropora,175571,3102,4870,0.9565660362966716,0.9778009211559561,0.9826386751215909,0.9730105685514933
GPAB6906_jpg.rf.73105f6b446d8109bac51ef296914ed4.jpg,finger_porites,0,0,0,1.0,1.0,,
GPAB6906_jpg.rf.73105f6b446d8109bac51ef296914ed4.jpg,knob_porites,0,11173,0,0.0,0.0,0.0,
GPAB6906_jpg.rf.73105f6b446d8109bac51ef296914ed4.jpg,mounding_,1941,34974,32292,0.028046295894923925,0.05456232079608703,0.05258025193010971,0.05669967575146788
GPAB6906_jpg.rf.73105f6b446d8109bac51ef296914ed4.jpg,oddball,0,0,0,1.0,1.0,,
GPAB6906_jpg.rf.73105f6b446d8109bac51ef296914ed4.jpg,pocillopora_,13787,423,1264,0.8909784154064883,0.942346467994942,0.9702322308233639,0.9160188691781277
GPAB6906_jpg.rf.73105f6b446d8109bac51ef296914ed4.jpg,table_acropora,0,0,0,1.0,1.0,,
GPAB6910_jpg.rf.1d5376253b5d5d1d7e6717476f5b5ed4.jpg,branching_acropora,0,0,0,1.0,1.0,,
GPAB6910_jpg.rf.1d5376253b5d5d1d7e6717476f5b5ed4.jpg,finger_acropora,34412,651,2122,0.9254269194567702,0.9612693269271059,0.9814334198442803,0.941917118300761
GPAB6910_jpg.rf.1d5376253b5d5d1d7e6717476f5b5ed4.jpg,finger_porites,0,0,0,1.0,1.0,,
GPAB6910_jpg.rf.1d5376253b5d5d1d7e6717476f5b5ed4.jpg,knob_porites,0,0,0,1.0,1.0,,
GPAB6910_jpg.rf.1d5376253b5d5d1d7e6717476f5b5ed4.jpg,mounding_,0,0,1984,0.0,0.0,,0.0
GPAB6910_jpg.rf.1d5376253b5d5d1d7e6717476f5b5ed4.jpg,oddball,0,0,0,1.0,1.0,,
GPAB6910_jpg.rf.1d5376253b5d5d1d7e6717476f5b5ed4.jpg,pocillopora_,42196,2697,1310,0.9132740298249031,0.9546714329347618,0.9399238188581739,0.9698892106835839
GPAB6910_jpg.rf.1d5376253b5d5d1d7e6717476f5b5ed4.jpg,table_acropora,0,0,0,1.0,1.0,,
GPAB6911_jpg.rf.6054641356b5c6b94a2f979a7675620d.jpg,branching_acropora,3202,68,635,0.8199743918053777,0.9010834388630927,0.9792048929663608,0.8345061245764921
GPAB6911_jpg.rf.6054641356b5c6b94a2f979a7675620d.jpg,finger_acropora,41225,7219,297,0.8457971728113908,0.9164573283240335,0.8509825778218149,0.9928471653581235
GPAB6911_jpg.rf.6054641356b5c6b94a2f979a7675620d.jpg,finger_porites,0,2305,0,0.0,0.0,0.0,
GPAB6911_jpg.rf.6054641356b5c6b94a2f979a7675620d.jpg,knob_porites,0,0,0,1.0,1.0,,
GPAB6911_jpg.rf.6054641356b5c6b94a2f979a7675620d.jpg,mounding_,23145,1531,12501,0.6225623369287463,0.7673817181127947,0.9379559085751338,0.6493014643999326
GPAB6911_jpg.rf.6054641356b5c6b94a2f979a7675620d.jpg,oddball,0,0,0,1.0,1.0,,
GPAB6911_jpg.rf.6054641356b5c6b94a2f979a7675620d.jpg,pocillopora_,10256,1100,354,0.8758326216908625,0.9338067923153965,0.9031349066572737,0.9666352497643732
GPAB6911_jpg.rf.6054641356b5c6b94a2f979a7675620d.jpg,table_acropora,0,0,0,1.0,1.0,,
GPAB6915_jpg.rf.7e7b783f170b910f9398380099ea6085.jpg,branching_acropora,0,0,0,1.0,1.0,,
GPAB6915_jpg.rf.7e7b783f170b910f9398380099ea6085.jpg,finger_acropora,87210,21645,857,0.7948993729036021,0.8857314063436285,0.8011575031004547,0.9902687726390135
GPAB6915_jpg.rf.7e7b783f170b910f9398380099ea6085.jpg,finger_porites,0,0,0,1.0,1.0,,
GPAB6915_jpg.rf.7e7b783f170b910f9398380099ea6085.jpg,knob_porites,0,0,0,1.0,1.0,,
GPAB6915_jpg.rf.7e7b783f170b910f9398380099ea6085.jpg,mounding_,54515,203,2323,0.955716063883873,0.9773566639176736,0.9962900690814723,0.9591294556458707
GPAB6915_jpg.rf.7e7b783f170b910f9398380099ea6085.jpg,oddball,0,0,0,1.0,1.0,,
GPAB6915_jpg.rf.7e7b783f170b910f9398380099ea6085.jpg,pocillopora_,5846,467,4883,0.5221507681314755,0.6860697101279193,0.9260256613337557,0.5448783670425948
GPAB6915_jpg.rf.7e7b783f170b910f9398380099ea6085.jpg,table_acropora,0,0,0,1.0,1.0,,
GPAB6916_jpg.rf.2ea16833db5bc53744b52042ad162eea.jpg,branching_acropora,0,0,0,1.0,1.0,,
GPAB6916_jpg.rf.2ea16833db5bc53744b52042ad162eea.jpg,finger_acropora,104746,32455,33092,0.615092810626391,0.7616810706845211,0.7634492459967493,0.7599210667595293
GPAB6916_jpg.rf.2ea16833db5bc53744b52042ad162eea.jpg,finger_porites,0,0,0,1.0,1.0,,
GPAB6916_jpg.rf.2ea16833db5bc53744b52042ad162eea.jpg,knob_porites,0,0,0,1.0,1.0,,
GPAB6916_jpg.rf.2ea16833db5bc53744b52042ad162eea.jpg,mounding_,19789,348,642,0.9523557437797776,0.9755965292841648,0.9827183791031434,0.9685771621555479
GPAB6916_jpg.rf.2ea16833db5bc53744b52042ad162eea.jpg,oddball,0,0,0,1.0,1.0,,
GPAB6916_jpg.rf.2ea16833db5bc53744b52042ad162eea.jpg,pocillopora_,1788,175,17568,0.09154677179867902,0.16773769876635863,0.9108507386653082,0.09237445753254804
GPAB6916_jpg.rf.2ea16833db5bc53744b52042ad162eea.jpg,table_acropora,0,0,0,1.0,1.0,,
GPAB6917_jpg.rf.3654181da791af09652ebca09656faa3.jpg,branching_acropora,0,0,0,1.0,1.0,,
GPAB6917_jpg.rf.3654181da791af09652ebca09656faa3.jpg,finger_acropora,65945,2969,17449,0.7635793105843938,0.8659426950652624,0.9569173172359753,0.7907643235724393
GPAB6917_jpg.rf.3654181da791af09652ebca09656faa3.jpg,finger_porites,0,41549,0,0.0,0.0,0.0,
GPAB6917_jpg.rf.3654181da791af09652ebca09656faa3.jpg,knob_porites,0,0,0,1.0,1.0,,
GPAB6917_jpg.rf.3654181da791af09652ebca09656faa3.jpg,mounding_,52497,1335,9608,0.8275063051702396,0.9056125309435297,0.9752006241640659,0.8452942597214395
GPAB6917_jpg.rf.3654181da791af09652ebca09656faa3.jpg,oddball,0,0,0,1.0,1.0,,
GPAB6917_jpg.rf.3654181da791af09652ebca09656faa3.jpg,pocillopora_,6661,1250,16024,0.2782953833298517,0.43541639429990847,0.8419921628112754,0.29363015208287413
GPAB6917_jpg.rf.3654181da791af09652ebca09656faa3.jpg,table_acropora,0,0,0,1.0,1.0,,
GPAB6921_jpg.rf.7d23b8ba81f4b7b036919eb82f4b2115.jpg,branching_acropora,0,0,0,1.0,1.0,,
GPAB6921_jpg.rf.7d23b8ba81f4b7b036919eb82f4b2115.jpg,finger_acropora,244975,14616,6239,0.9215476056126095,0.9591722868805121,0.9436960449322203,0.9751646006990057
GPAB6921_jpg.rf.7d23b8ba81f4b7b036919eb82f4b2115.jpg,finger_porites,0,0,0,1.0,1.0,,
GPAB6921_jpg.rf.7d23b8ba81f4b7b036919eb82f4b2115.jpg,knob_porites,0,0,0,1.0,1.0,,
GPAB6921_jpg.rf.7d23b8ba81f4b7b036919eb82f4b2115.jpg,mounding_,44593,876,16910,0.7148719921768544,0.8337321916015406,0.9807341265477578,0.72505406240346
GPAB6921_jpg.rf.7d23b8ba81f4b7b036919eb82f4b2115.jpg,oddball,0,0,0,1.0,1.0,,
GPAB6921_jpg.rf.7d23b8ba81f4b7b036919eb82f4b2115.jpg,pocillopora_,13588,706,244,0.9346540101802173,0.9662234231671762,0.9506086469847489,0.9823597455176403
GPAB6921_jpg.rf.7d23b8ba81f4b7b036919eb82f4b2115.jpg,table_acropora,0,0,0,1.0,1.0,,
GPAB6929_jpg.rf.da2115ed575dc3b6a07ef26d6f83377a.jpg,branching_acropora,102701,19161,42373,0.6253295582549395,0.7694803248718795,0.8427647667033201,0.7079214745578118
GPAB6929_jpg.rf.da2115ed575dc3b6a07ef26d6f83377a.jpg,finger_acropora,38375,10489,3364,0.7347591330320901,0.8471021930841142,0.7853429927963327,0.9194039148039004
GPAB6929_jpg.rf.da2115ed575dc3b6a07ef26d6f83377a.jpg,finger_porites,0,0,0,1.0,1.0,,
GPAB6929_jpg.rf.da2115ed575dc3b6a07ef26d6f83377a.jpg,knob_porites,0,0,0,1.0,1.0,,
GPAB6929_jpg.rf.da2115ed575dc3b6a07ef26d6f83377a.jpg,mounding_,8799,107,7102,0.5496626686656672,0.7093965412988269,0.9879856276667415,0.5533614238098232
GPAB6929_jpg.rf.da2115ed575dc3b6a07ef26d6f83377a.jpg,oddball,0,2511,0,0.0,0.0,0.0,
GPAB6929_jpg.rf.da2115ed575dc3b6a07ef26d6f83377a.jpg,pocillopora_,33010,1066,452,0.9560356811862836,0.9775237643993011,0.9687169855616856,0.9864921403382941
GPAB6929_jpg.rf.da2115ed575dc3b6a07ef26d6f83377a.jpg,table_acropora,0,0,0,1.0,1.0,,
GPAB6931_jpg.rf.5fe64cd601f36dfacddfb1c7ad0ca2ea.jpg,branching_acropora,0,0,0,1.0,1.0,,
GPAB6931_jpg.rf.5fe64cd601f36dfacddfb1c7ad0ca2ea.jpg,finger_acropora,151067,8105,1221,0.9418553178754684,0.9700571501958518,0.9490802402432589,0.9919822967009876
GPAB6931_jpg.rf.5fe64cd601f36dfacddfb1c7ad0ca2ea.jpg,finger_porites,7548,13531,3779,0.3036447019068308,0.4658396593223477,0.3580815029175957,0.6663723845678468
GPAB6931_jpg.rf.5fe64cd601f36dfacddfb1c7ad0ca2ea.jpg,knob_porites,0,5087,0,0.0,0.0,0.0,
GPAB6931_jpg.rf.5fe64cd601f36dfacddfb1c7ad0ca2ea.jpg,mounding_,0,2119,0,0.0,0.0,0.0,
GPAB6931_jpg.rf.5fe64cd601f36dfacddfb1c7ad0ca2ea.jpg,oddball,7819,686,98,0.9088689991863304,0.9522591645353794,0.9193415637860082,0.9876215738284704
GPAB6931_jpg.rf.5fe64cd601f36dfacddfb1c7ad0ca2ea.jpg,pocillopora_,11262,760,1191,0.8523423900703853,0.9202860061287027,0.9367825652969556,0.9043603950855216
GPAB6931_jpg.rf.5fe64cd601f36dfacddfb1c7ad0ca2ea.jpg,table_acropora,0,0,0,1.0,1.0,,
GPAB6942_jpg.rf.ad7a548a4c1e9f9e656996478eed1274.jpg,branching_acropora,9765,352,819,0.8929224579370885,0.9434326844113811,0.9652070771967974,0.9226190476190477
GPAB6942_jpg.rf.ad7a548a4c1e9f9e656996478eed1274.jpg,finger_acropora,196311,239678,20861,0.4297055926452884,0.6011105990712856,0.4502659470766464,0.9039424971911665
GPAB6942_jpg.rf.ad7a548a4c1e9f9e656996478eed1274.jpg,finger_porites,0,0,0,1.0,1.0,,
GPAB6942_jpg.rf.ad7a548a4c1e9f9e656996478eed1274.jpg,knob_porites,0,0,0,1.0,1.0,,
GPAB6942_jpg.rf.ad7a548a4c1e9f9e656996478eed1274.jpg,mounding_,7590,1647,3074,0.616521809763626,0.7627757399125672,0.8216953556349464,0.7117404351087772
GPAB6942_jpg.rf.ad7a548a4c1e9f9e656996478eed1274.jpg,oddball,0,0,0,1.0,1.0,,
GPAB6942_jpg.rf.ad7a548a4c1e9f9e656996478eed1274.jpg,pocillopora_,12202,965,727,0.8782208147401757,0.9351624770079706,0.9267107161844004,0.9437698197849795
GPAB6942_jpg.rf.ad7a548a4c1e9f9e656996478eed1274.jpg,table_acropora,0,0,0,1.0,1.0,,
GPAB6943_jpg.rf.6c8af24769bb96f9b4497d80a41f4c3d.jpg,branching_acropora,0,0,0,1.0,1.0,,
GPAB6943_jpg.rf.6c8af24769bb96f9b4497d80a41f4c3d.jpg,finger_acropora,237854,6649,11865,0.9277834987205892,0.9625391018611069,0.9728060596393501,0.9524865949327044
GPAB6943_jpg.rf.6c8af24769bb96f9b4497d80a41f4c3d.jpg,finger_porites,0,0,0,1.0,1.0,,
GPAB6943_jpg.rf.6c8af24769bb96f9b4497d80a41f4c3d.jpg,knob_porites,0,0,0,1.0,1.0,,
GPAB6943_jpg.rf.6c8af24769bb96f9b4497d80a41f4c3d.jpg,mounding_,5876,574,12304,0.3133198251039778,0.47714169711733656,0.9110077519379844,0.32321232123212323
GPAB6943_jpg.rf.6c8af24769bb96f9b4497d80a41f4c3d.jpg,oddball,0,0,0,1.0,1.0,,
GPAB6943_jpg.rf.6c8af24769bb96f9b4497d80a41f4c3d.jpg,pocillopora_,8662,1929,2008,0.6875148821335026,0.8148252669206528,0.8178642243414219,0.8118088097469541
GPAB6943_jpg.rf.6c8af24769bb96f9b4497d80a41f4c3d.jpg,table_acropora,0,0,0,1.0,1.0,,
GPAB6944_jpg.rf.29853f1d5567546dbca6ebf05b96d79a.jpg,branching_acropora,96290,1560,10306,0.8902881023706498,0.9419602242156853,0.9840572304547778,0.9033171976434388
GPAB6944_jpg.rf.29853f1d5567546dbca6ebf05b96d79a.jpg,finger_acropora,312059,15450,5453,0.9372210642655918,0.967593303163773,0.952825723873237,0.982825845952279
GPAB6944_jpg.rf.29853f1d5567546dbca6ebf05b96d79a.jpg,finger_porites,0,0,0,1.0,1.0,,
GPAB6944_jpg.rf.29853f1d5567546dbca6ebf05b96d79a.jpg,knob_porites,0,0,0,1.0,1.0,,
GPAB6944_jpg.rf.29853f1d5567546dbca6ebf05b96d79a.jpg,mounding_,14860,267,475,0.9524419946160748,0.9756417832053049,0.982349441396179,0.9690251059667427
GPAB6944_jpg.rf.29853f1d5567546dbca6ebf05b96d79a.jpg,oddball,0,0,0,1.0,1.0,,
GPAB6944_jpg.rf.29853f1d5567546dbca6ebf05b96d79a.jpg,pocillopora_,6409,316,39,0.9475162625665287,0.9730509375237227,0.9530111524163569,0.9939516129032258
GPAB6944_jpg.rf.29853f1d5567546dbca6ebf05b96d79a.jpg,table_acropora,0,0,0,1.0,1.0,,
GPAB6946_jpg.rf.69a736a184165b6b0dbcc98f8e658fd4.jpg,branching_acropora,0,0,0,1.0,1.0,,
GPAB6946_jpg.rf.69a736a184165b6b0dbcc98f8e658fd4.jpg,finger_acropora,111314,4599,4684,0.9230246191862153,0.9599717132865625,0.9603236910441452,0.9596199934481628
GPAB6946_jpg.rf.69a736a184165b6b0dbcc98f8e658fd4.jpg,finger_porites,0,11957,0,0.0,0.0,0.0,
GPAB6946_jpg.rf.69a736a184165b6b0dbcc98f8e658fd4.jpg,knob_porites,0,0,0,1.0,1.0,,
GPAB6946_jpg.rf.69a736a184165b6b0dbcc98f8e658fd4.jpg,mounding_,6699,362,769,0.8555555555555555,0.9221556886227545,0.9487324741538026,0.897027316550616
GPAB6946_jpg.rf.69a736a184165b6b0dbcc98f8e658fd4.jpg,oddball,0,0,0,1.0,1.0,,
GPAB6946_jpg.rf.69a736a184165b6b0dbcc98f8e658fd4.jpg,pocillopora_,65449,612,16559,0.7921689663519729,0.8840337950550081,0.9907358350615341,0.798080675056092
GPAB6946_jpg.rf.69a736a184165b6b0dbcc98f8e658fd4.jpg,table_acropora,0,0,0,1.0,1.0,,
GPAB6951_jpg.rf.fd609cc90f60eda0e6252f5f464ff693.jpg,branching_acropora,20889,1149,19748,0.49990427415880917,0.6665815715995214,0.9478627824666486,0.5140389300391269
GPAB6951_jpg.rf.fd609cc90f60eda0e6252f5f464ff693.jpg,finger_acropora,207795,26996,9523,0.8505243252535671,0.9192252310836546,0.8850211464664318,0.9561794237016722
GPAB6951_jpg.rf.fd609cc90f60eda0e6252f5f464ff693.jpg,finger_porites,0,0,0,1.0,1.0,,
GPAB6951_jpg.rf.fd609cc90f60eda0e6252f5f464ff693.jpg,knob_porites,0,0,0,1.0,1.0,,
GPAB6951_jpg.rf.fd609cc90f60eda0e6252f5f464ff693.jpg,mounding_,0,0,0,1.0,1.0,,
GPAB6951_jpg.rf.fd609cc90f60eda0e6252f5f464ff693.jpg,oddball,1896,1326,508,0.5083109919571046,0.6740135087095628,0.5884543761638734,0.7886855241264559
GPAB6951_jpg.rf.fd609cc90f60eda0e6252f5f464ff693.jpg,pocillopora_,20226,1098,467,0.9281813592767656,0.9627531713354118,0.9485087225661227,0.9774319818296042
GPAB6951_jpg.rf.fd609cc90f60eda0e6252f5f464ff693.jpg,table_acropora,0,0,0,1.0,1.0,,
GPAB6953_jpg.rf.cafe2c5508e2ff7b8f76d42a30658cbb.jpg,branching_acropora,0,0,0,1.0,1.0,,
GPAB6953_jpg.rf.cafe2c5508e2ff7b8f76d42a30658cbb.jpg,finger_acropora,355349,24083,8588,0.915800731921035,0.9560500908700793,0.9365288114866432,0.9764025092254979
GPAB6953_jpg.rf.cafe2c5508e2ff7b8f76d42a30658cbb.jpg,finger_porites,0,0,0,1.0,1.0,,
GPAB6953_jpg.rf.cafe2c5508e2ff7b8f76d42a30658cbb.jpg,knob_porites,0,0,0,1.0,1.0,,
GPAB6953_jpg.rf.cafe2c5508e2ff7b8f76d42a30658cbb.jpg,mounding_,0,0,1507,0.0,0.0,,0.0
GPAB6953_jpg.rf.cafe2c5508e2ff7b8f76d42a30658cbb.jpg,oddball,0,0,2818,0.0,0.0,,0.0
GPAB6953_jpg.rf.cafe2c5508e2ff7b8f76d42a30658cbb.jpg,pocillopora_,28670,819,12801,0.6779380468195791,0.8080608793686584,0.9722269320763675,0.6913264690988884
GPAB6953_jpg.rf.cafe2c5508e2ff7b8f76d42a30658cbb.jpg,table_acropora,0,0,0,1.0,1.0,,
GPAB6980_jpg.rf.fc99a764c38c296eeaa04df2539d9919.jpg,branching_acropora,0,8367,1733,0.0,0.0,0.0,0.0
GPAB6980_jpg.rf.fc99a764c38c296eeaa04df2539d9919.jpg,finger_acropora,99951,30251,18852,0.6705690555100836,0.8028031565631212,0.7676610190319657,0.8413171384560996
GPAB6980_jpg.rf.fc99a764c38c296eeaa04df2539d9919.jpg,finger_porites,0,0,13457,0.0,0.0,,0.0
GPAB6980_jpg.rf.fc99a764c38c296eeaa04df2539d9919.jpg,knob_porites,0,0,0,1.0,1.0,,
GPAB6980_jpg.rf.fc99a764c38c296eeaa04df2539d9919.jpg,mounding_,9016,24569,14513,0.18745062164746976,0.31571943831634974,0.2684531785023076,0.3831867057673509
GPAB6980_jpg.rf.fc99a764c38c296eeaa04df2539d9919.jpg,oddball,0,0,2877,0.0,0.0,,0.0
GPAB6980_jpg.rf.fc99a764c38c296eeaa04df2539d9919.jpg,pocillopora_,0,0,861,0.0,0.0,,0.0
GPAB6980_jpg.rf.fc99a764c38c296eeaa04df2539d9919.jpg,table_acropora,62762,8642,15118,0.7253877626499619,0.8408402775917044,0.8789703658058372,0.8058808423215202
GPAB6997_jpg.rf.c826182a13a0d7947e84cecc52a9bd70.jpg,branching_acropora,0,0,0,1.0,1.0,,
GPAB6997_jpg.rf.c826182a13a0d7947e84cecc52a9bd70.jpg,finger_acropora,276078,20939,27782,0.8499964593487049,0.9189168498711051,0.9295023517172418,0.9085697360626604
GPAB6997_jpg.rf.c826182a13a0d7947e84cecc52a9bd70.jpg,finger_porites,0,0,0,1.0,1.0,,
GPAB6997_jpg.rf.c826182a13a0d7947e84cecc52a9bd70.jpg,knob_porites,0,0,0,1.0,1.0,,
GPAB6997_jpg.rf.c826182a13a0d7947e84cecc52a9bd70.jpg,mounding_,12498,2476,9205,0.5168948260887547,0.6815170270196581,0.8346467209830373,0.5758650877758835
GPAB6997_jpg.rf.c826182a13a0d7947e84cecc52a9bd70.jpg,oddball,0,0,7071,0.0,0.0,,0.0
GPAB6997_jpg.rf.c826182a13a0d7947e84cecc52a9bd70.jpg,pocillopora_,1473,260,5205,0.21230902277313346,0.350255617643562,0.8499711482977496,0.2205750224618149
GPAB6997_jpg.rf.c826182a13a0d7947e84cecc52a9bd70.jpg,table_acropora,0,1398,5400,0.0,0.0,0.0,0.0
GPAB7009_jpg.rf.28247ed465ee7cd05cd23f3380511de3.jpg,branching_acropora,0,1937,5661,0.0,0.0,0.0,0.0
GPAB7009_jpg.rf.28247ed465ee7cd05cd23f3380511de3.jpg,finger_acropora,83016,7830,45870,0.607214956552269,0.7556113811370214,0.913810184267882,0.6441040919882687
GPAB7009_jpg.rf.28247ed465ee7cd05cd23f3380511de3.jpg,finger_porites,0,11096,8216,0.0,0.0,0.0,0.0
GPAB7009_jpg.rf.28247ed465ee7cd05cd23f3380511de3.jpg,knob_porites,0,0,0,1.0,1.0,,
GPAB7009_jpg.rf.28247ed465ee7cd05cd23f3380511de3.jpg,mounding_,1837,14476,4341,0.08894160937348698,0.16335423058112133,0.11260957518543493,0.2973454192295241
GPAB7009_jpg.rf.28247ed465ee7cd05cd23f3380511de3.jpg,oddball,0,7016,0,0.0,0.0,0.0,
GPAB7009_jpg.rf.28247ed465ee7cd05cd23f3380511de3.jpg,pocillopora_,3316,1005,5228,0.347261493350089,0.5155071900505247,0.7674149502429993,0.3881086142322097
GPAB7009_jpg.rf.28247ed465ee7cd05cd23f3380511de3.jpg,table_acropora,30279,15309,141547,0.16180297646084377,0.2785377206619629,0.664187944195841,0.17621896569785714
GPAB7021_jpg.rf.7c0a3f03fd6f538b6a5b3e820de08068.jpg,branching_acropora,0,0,0,1.0,1.0,,
GPAB7021_jpg.rf.7c0a3f03fd6f538b6a5b3e820de08068.jpg,finger_acropora,291503,5709,32059,0.8852981282894637,0.9391598230595998,0.9807914889035436,0.9009185256612334
GPAB7021_jpg.rf.7c0a3f03fd6f538b6a5b3e820de08068.jpg,finger_porites,0,0,0,1.0,1.0,,
GPAB7021_jpg.rf.7c0a3f03fd6f538b6a5b3e820de08068.jpg,knob_porites,0,0,0,1.0,1.0,,
GPAB7021_jpg.rf.7c0a3f03fd6f538b6a5b3e820de08068.jpg,mounding_,0,0,55881,0.0,0.0,,0.0
GPAB7021_jpg.rf.7c0a3f03fd6f538b6a5b3e820de08068.jpg,oddball,0,14549,0,0.0,0.0,0.0,
GPAB7021_jpg.rf.7c0a3f03fd6f538b6a5b3e820de08068.jpg,pocillopora_,22678,367,707,0.9547827551364095,0.9768684040491061,0.9840746365806031,0.9697669446226214
GPAB7021_jpg.rf.7c0a3f03fd6f538b6a5b3e820de08068.jpg,table_acropora,9969,24707,182,0.28598886912616905,0.44477658553996474,0.2874899065636175,0.9820707319475914
GPAB7022_jpg.rf.ef80630b7a7d3048fbaa5f24c5ae6cf6.jpg,branching_acropora,2972,245,208,0.8677372262773723,0.9291855557292481,0.9238420889027044,0.9345911949685535
GPAB7022_jpg.rf.ef80630b7a7d3048fbaa5f24c5ae6cf6.jpg,finger_acropora,660330,50552,14419,0.9104220178932608,0.9531108931598672,0.9288883387116287,0.9786305722572394
GPAB7022_jpg.rf.ef80630b7a7d3048fbaa5f24c5ae6cf6.jpg,finger_porites,0,0,0,1.0,1.0,,
GPAB7022_jpg.rf.ef80630b7a7d3048fbaa5f24c5ae6cf6.jpg,knob_porites,0,0,0,1.0,1.0,,
GPAB7022_jpg.rf.ef80630b7a7d3048fbaa5f24c5ae6cf6.jpg,mounding_,0,0,0,1.0,1.0,,
GPAB7022_jpg.rf.ef80630b7a7d3048fbaa5f24c5ae6cf6.jpg,oddball,0,0,3944,0.0,0.0,,0.0
GPAB7022_jpg.rf.ef80630b7a7d3048fbaa5f24c5ae6cf6.jpg,pocillopora_,0,3875,0,0.0,0.0,0.0,
GPAB7022_jpg.rf.ef80630b7a7d3048fbaa5f24c5ae6cf6.jpg,table_acropora,0,0,0,1.0,1.0,,
GPAB7023_jpg.rf.3d860cb9b2b20806f8f8e342858c372c.jpg,branching_acropora,34149,24352,38279,0.35285182889026656,0.5216415003551543,0.5837336113912582,0.4714889269343348
GPAB7023_jpg.rf.3d860cb9b2b20806f8f8e342858c372c.jpg,finger_acropora,255238,17247,5735,0.917396305082309,0.9569188202257722,0.9367047727397838,0.9780245466006062
GPAB7023_jpg.rf.3d860cb9b2b20806f8f8e342858c372c.jpg,finger_porites,0,0,0,1.0,1.0,,
GPAB7023_jpg.rf.3d860cb9b2b20806f8f8e342858c372c.jpg,knob_porites,0,0,0,1.0,1.0,,
GPAB7023_jpg.rf.3d860cb9b2b20806f8f8e342858c372c.jpg,mounding_,0,2929,0,0.0,0.0,0.0,
GPAB7023_jpg.rf.3d860cb9b2b20806f8f8e342858c372c.jpg,oddball,0,0,0,1.0,1.0,,
GPAB7023_jpg.rf.3d860cb9b2b20806f8f8e342858c372c.jpg,pocillopora_,21333,1412,1108,0.8943529115834487,0.9442305138759793,0.9379204220707847,0.9506260861815428
GPAB7023_jpg.rf.3d860cb9b2b20806f8f8e342858c372c.jpg,table_acropora,0,0,11405,0.0,0.0,,0.0
GPAB7024_jpg.rf.a1ef511de11f5c302d455d82c0d37bd8.jpg,branching_acropora,0,0,0,1.0,1.0,,
GPAB7024_jpg.rf.a1ef511de11f5c302d455d82c0d37bd8.jpg,finger_acropora,162728,2808,19395,0.879939004277271,0.9361356961850549,0.9830369224821187,0.8935060371287536
GPAB7024_jpg.rf.a1ef511de11f5c302d455d82c0d37bd8.jpg,finger_porites,0,0,0,1.0,1.0,,
GPAB7024_jpg.rf.a1ef511de11f5c302d455d82c0d37bd8.jpg,knob_porites,0,0,0,1.0,1.0,,
GPAB7024_jpg.rf.a1ef511de11f5c302d455d82c0d37bd8.jpg,mounding_,0,0,0,1.0,1.0,,
GPAB7024_jpg.rf.a1ef511de11f5c302d455d82c0d37bd8.jpg,oddball,0,0,0,1.0,1.0,,
GPAB7024_jpg.rf.a1ef511de11f5c302d455d82c0d37bd8.jpg,pocillopora_,12453,13403,1389,0.45707469260414757,0.6273867701143634,0.4816290222772277,0.899653229302124
GPAB7024_jpg.rf.a1ef511de11f5c302d455d82c0d37bd8.jpg,table_acropora,0,0,0,1.0,1.0,,
GPAB7026_jpg.rf.074569e48485ec38a4cb5c629f52f56c.jpg,branching_acropora,0,0,0,1.0,1.0,,
GPAB7026_jpg.rf.074569e48485ec38a4cb5c629f52f56c.jpg,finger_acropora,140058,4426,2186,0.9549192063816732,0.9769398175274128,0.9693668503086847,0.984632040718765
GPAB7026_jpg.rf.074569e48485ec38a4cb5c629f52f56c.jpg,finger_porites,0,0,0,1.0,1.0,,
GPAB7026_jpg.rf.074569e48485ec38a4cb5c629f52f56c.jpg,knob_porites,0,0,0,1.0,1.0,,
GPAB7026_jpg.rf.074569e48485ec38a4cb5c629f52f56c.jpg,mounding_,2730,1869,319,0.555103700691338,0.7139121338912134,0.593607305936073,0.8953755329616268
GPAB7026_jpg.rf.074569e48485ec38a4cb5c629f52f56c.jpg,oddball,0,0,0,1.0,1.0,,
GPAB7026_jpg.rf.074569e48485ec38a4cb5c629f52f56c.jpg,pocillopora_,2902,145,32,0.9425138031828516,0.9704062865741515,0.9524122087298983,0.989093387866394
GPAB7026_jpg.rf.074569e48485ec38a4cb5c629f52f56c.jpg,table_acropora,0,7632,0,0.0,0.0,0.0,
GPAB7027_jpg.rf.5bf488c10f515218c4a6f6359ff04865.jpg,branching_acropora,0,0,0,1.0,1.0,,
GPAB7027_jpg.rf.5bf488c10f515218c4a6f6359ff04865.jpg,finger_acropora,88256,22273,436,0.795349885098905,0.8860110128952269,0.7984872748328493,0.995084111306544
GPAB7027_jpg.rf.5bf488c10f515218c4a6f6359ff04865.jpg,finger_porites,5493,204,36,0.9581371009942439,0.9786210582576162,0.9641916798314902,0.9934888768312534
GPAB7027_jpg.rf.5bf488c10f515218c4a6f6359ff04865.jpg,knob_porites,0,0,0,1.0,1.0,,
GPAB7027_jpg.rf.5bf488c10f515218c4a6f6359ff04865.jpg,mounding_,0,56398,3318,0.0,0.0,0.0,0.0
GPAB7027_jpg.rf.5bf488c10f515218c4a6f6359ff04865.jpg,oddball,0,0,0,1.0,1.0,,
GPAB7027_jpg.rf.5bf488c10f515218c4a6f6359ff04865.jpg,pocillopora_,0,0,1270,0.0,0.0,,0.0
GPAB7027_jpg.rf.5bf488c10f515218c4a6f6359ff04865.jpg,table_acropora,9224,208289,57197,0.033577226893815294,0.06497284580219347,0.042406660751311415,0.1388717423706358
GPAB7050_jpg.rf.5d195395bfbe8803ccd8968785d9d541.jpg,branching_acropora,0,0,0,1.0,1.0,,
GPAB7050_jpg.rf.5d195395bfbe8803ccd8968785d9d541.jpg,finger_acropora,359486,10249,45621,0.8654888818266739,0.9278949772985976,0.9722801465914777,0.8873853080791001
GPAB7050_jpg.rf.5d195395bfbe8803ccd8968785d9d541.jpg,finger_porites,0,0,0,1.0,1.0,,
GPAB7050_jpg.rf.5d195395bfbe8803ccd8968785d9d541.jpg,knob_porites,0,0,0,1.0,1.0,,
GPAB7050_jpg.rf.5d195395bfbe8803ccd8968785d9d541.jpg,mounding_,0,0,0,1.0,1.0,,
GPAB7050_jpg.rf.5d195395bfbe8803ccd8968785d9d541.jpg,oddball,0,0,0,1.0,1.0,,
GPAB7050_jpg.rf.5d195395bfbe8803ccd8968785d9d541.jpg,pocillopora_,0,10230,0,0.0,0.0,0.0,
GPAB7050_jpg.rf.5d195395bfbe8803ccd8968785d9d541.jpg,table_acropora,0,22053,0,0.0,0.0,0.0,
GPAB7059_jpg.rf.9d98a90bf8301b908be647a4c522fe68.jpg,branching_acropora,51449,4031,983,0.9111984839629492,0.953536214693454,0.9273431867339582,0.9812519072322246
GPAB7059_jpg.rf.9d98a90bf8301b908be647a4c522fe68.jpg,finger_acropora,349846,45165,162590,0.6274127915839462,0.7710554996600353,0.8856614119606796,0.6827115971555472
GPAB7059_jpg.rf.9d98a90bf8301b908be647a4c522fe68.jpg,finger_porites,0,0,0,1.0,1.0,,
GPAB7059_jpg.rf.9d98a90bf8301b908be647a4c522fe68.jpg,knob_porites,0,0,0,1.0,1.0,,
GPAB7059_jpg.rf.9d98a90bf8301b908be647a4c522fe68.jpg,mounding_,0,0,0,1.0,1.0,,
GPAB7059_jpg.rf.9d98a90bf8301b908be647a4c522fe68.jpg,oddball,0,1514,0,0.0,0.0,0.0,
GPAB7059_jpg.rf.9d98a90bf8301b908be647a4c522fe68.jpg,pocillopora_,16708,3708,8014,0.5876890608512135,0.7403075014400283,0.8183777429467085,0.6758352884070868
GPAB7059_jpg.rf.9d98a90bf8301b908be647a4c522fe68.jpg,table_acropora,0,0,0,1.0,1.0,,
GPAB7061_jpg.rf.017d56e7556882c1de865eb499bdbf21.jpg,branching_acropora,0,0,0,1.0,1.0,,
GPAB7061_jpg.rf.017d56e7556882c1de865eb499bdbf21.jpg,finger_acropora,161680,20883,55651,0.6787174557330803,0.808614282784938,0.8856120900730159,0.7439343673935149
GPAB7061_jpg.rf.017d56e7556882c1de865eb499bdbf21.jpg,finger_porites,0,0,0,1.0,1.0,,
GPAB7061_jpg.rf.017d56e7556882c1de865eb499bdbf21.jpg,knob_porites,0,0,0,1.0,1.0,,
GPAB7061_jpg.rf.017d56e7556882c1de865eb499bdbf21.jpg,mounding_,2987,1566,1231,0.5164246196403873,0.6811081974689317,0.6560509554140127,0.7081555239449976
GPAB7061_jpg.rf.017d56e7556882c1de865eb499bdbf21.jpg,oddball,2901,653,1505,0.5734334848784345,0.728894472361809,0.8162633652222847,0.6584203359055832
GPAB7061_jpg.rf.017d56e7556882c1de865eb499bdbf21.jpg,pocillopora_,5953,746,4587,0.5274676590466064,0.6906433087766112,0.8886400955366472,0.5648007590132827
GPAB7061_jpg.rf.017d56e7556882c1de865eb499bdbf21.jpg,table_acropora,0,27388,1597,0.0,0.0,0.0,0.0
GPAB7062_jpg.rf.2c7208719da7236acf8888944147a4c5.jpg,branching_acropora,84966,2258,326,0.9704854368932039,0.9850216791486007,0.9741126295514996,0.99617783613938
GPAB7062_jpg.rf.2c7208719da7236acf8888944147a4c5.jpg,finger_acropora,135437,128993,13489,0.48732544374440034,0.6553043865336418,0.51218469916424,0.9094248150087964
GPAB7062_jpg.rf.2c7208719da7236acf8888944147a4c5.jpg,finger_porites,0,0,0,1.0,1.0,,
GPAB7062_jpg.rf.2c7208719da7236acf8888944147a4c5.jpg,knob_porites,0,0,0,1.0,1.0,,
GPAB7062_jpg.rf.2c7208719da7236acf8888944147a4c5.jpg,mounding_,0,0,7526,0.0,0.0,,0.0
GPAB7062_jpg.rf.2c7208719da7236acf8888944147a4c5.jpg,oddball,0,5533,19575,0.0,0.0,0.0,0.0
GPAB7062_jpg.rf.2c7208719da7236acf8888944147a4c5.jpg,pocillopora_,28846,4766,1000,0.8334103779036173,0.9091367518673769,0.8582054028323218,0.9664946726529519
GPAB7062_jpg.rf.2c7208719da7236acf8888944147a4c5.jpg,table_acropora,0,0,0,1.0,1.0,,
GPAB7065_jpg.rf.4039f0083a44753ef687177038eeddbf.jpg,branching_acropora,0,0,0,1.0,1.0,,
GPAB7065_jpg.rf.4039f0083a44753ef687177038eeddbf.jpg,finger_acropora,211021,26487,11752,0.8465899061221215,0.9169224886536702,0.8884795459521363,0.9472467489327702
GPAB7065_jpg.rf.4039f0083a44753ef687177038eeddbf.jpg,finger_porites,0,0,0,1.0,1.0,,
GPAB7065_jpg.rf.4039f0083a44753ef687177038eeddbf.jpg,knob_porites,0,0,0,1.0,1.0,,
GPAB7065_jpg.rf.4039f0083a44753ef687177038eeddbf.jpg,mounding_,5077,25,460,0.9128011506652284,0.9544130087414231,0.9950999607996864,0.9169225212208777
GPAB7065_jpg.rf.4039f0083a44753ef687177038eeddbf.jpg,oddball,0,0,0,1.0,1.0,,
GPAB7065_jpg.rf.4039f0083a44753ef687177038eeddbf.jpg,pocillopora_,12214,288,9922,0.544684266856939,0.7052370229228015,0.9769636858102704,0.5517708709794
GPAB7065_jpg.rf.4039f0083a44753ef687177038eeddbf.jpg,table_acropora,0,0,0,1.0,1.0,,
GPAB7067_jpg.rf.a302de79c7c7c7514de83ec1b06bfd44.jpg,branching_acropora,11183,1484,869,0.8261672576832151,0.9048100651320846,0.8828451882845189,0.9278957849319615
GPAB7067_jpg.rf.a302de79c7c7c7514de83ec1b06bfd44.jpg,finger_acropora,245174,13485,9279,0.9150400465779397,0.9556354168290744,0.947865722824259,0.9635335405752732
GPAB7067_jpg.rf.a302de79c7c7c7514de83ec1b06bfd44.jpg,finger_porites,0,0,0,1.0,1.0,,
GPAB7067_jpg.rf.a302de79c7c7c7514de83ec1b06bfd44.jpg,knob_porites,0,0,0,1.0,1.0,,
GPAB7067_jpg.rf.a302de79c7c7c7514de83ec1b06bfd44.jpg,mounding_,3810,52,1149,0.7603272799840352,0.8638476363224125,0.9865354738477473,0.7683000604960678
GPAB7067_jpg.rf.a302de79c7c7c7514de83ec1b06bfd44.jpg,oddball,0,0,0,1.0,1.0,,
GPAB7067_jpg.rf.a302de79c7c7c7514de83ec1b06bfd44.jpg,pocillopora_,10562,831,3046,0.7314911004917238,0.8449262029518819,0.9270604757307118,0.7761610817166372
GPAB7067_jpg.rf.a302de79c7c7c7514de83ec1b06bfd44.jpg,table_acropora,0,0,0,1.0,1.0,,
GPAB7079_jpg.rf.909e521c3f586cbc8b357fbd01b9cb3a.jpg,branching_acropora,12706,1432,635,0.8600825830907737,0.9247789220859566,0.8987126892063941,0.9524023686380332
GPAB7079_jpg.rf.909e521c3f586cbc8b357fbd01b9cb3a.jpg,finger_acropora,106054,12041,5513,0.8579865380881496,0.9235659360277277,0.8980397137897456,0.9505857466813663
GPAB7079_jpg.rf.909e521c3f586cbc8b357fbd01b9cb3a.jpg,finger_porites,0,0,0,1.0,1.0,,
GPAB7079_jpg.rf.909e521c3f586cbc8b357fbd01b9cb3a.jpg,knob_porites,0,0,0,1.0,1.0,,
GPAB7079_jpg.rf.909e521c3f586cbc8b357fbd01b9cb3a.jpg,mounding_,24690,2414,19422,0.5306710226539999,0.6933835093237475,0.910935655253837,0.5597116430903155
GPAB7079_jpg.rf.909e521c3f586cbc8b357fbd01b9cb3a.jpg,oddball,0,0,0,1.0,1.0,,
GPAB7079_jpg.rf.909e521c3f586cbc8b357fbd01b9cb3a.jpg,pocillopora_,16200,3146,3175,0.7193286266151592,0.8367552490896413,0.8373824046314483,0.8361290322580646
GPAB7079_jpg.rf.909e521c3f586cbc8b357fbd01b9cb3a.jpg,table_acropora,7172,117,8141,0.46480881399870383,0.63463410317671,0.9839484154204966,0.46836021680924705
GPAB7080_jpg.rf.534c4e4511da2cce23e581aeb17807ff.jpg,branching_acropora,24295,14317,2161,0.5958600053957276,0.7467572385811766,0.6292085362063607,0.9183172059268219
GPAB7080_jpg.rf.534c4e4511da2cce23e581aeb17807ff.jpg,finger_acropora,235797,12990,18977,0.8806150191960084,0.9365181179638614,0.9477866608785829,0.9255143774482483
GPAB7080_jpg.rf.534c4e4511da2cce23e581aeb17807ff.jpg,finger_porites,0,0,0,1.0,1.0,,
GPAB7080_jpg.rf.534c4e4511da2cce23e581aeb17807ff.jpg,knob_porites,0,0,0,1.0,1.0,,
GPAB7080_jpg.rf.534c4e4511da2cce23e581aeb17807ff.jpg,mounding_,3349,19846,5678,0.11599071797180757,0.20787039910620073,0.14438456563914637,0.3709981167608286
GPAB7080_jpg.rf.534c4e4511da2cce23e581aeb17807ff.jpg,oddball,1913,124,104,0.8935077066791219,0.943759250123335,0.9391261659302896,0.9484382746653446
GPAB7080_jpg.rf.534c4e4511da2cce23e581aeb17807ff.jpg,pocillopora_,0,0,5681,0.0,0.0,,0.0
GPAB7080_jpg.rf.534c4e4511da2cce23e581aeb17807ff.jpg,table_acropora,26775,440,17838,0.5943000466117684,0.7455309907000056,0.9838324453426419,0.6001613879362517
GPAB7081_jpg.rf.2159b20d8b296fd86124587d2ea73ea6.jpg,branching_acropora,0,0,0,1.0,1.0,,
GPAB7081_jpg.rf.2159b20d8b296fd86124587d2ea73ea6.jpg,finger_acropora,126281,14454,11494,0.8295462756767764,0.9068327887688055,0.8972963370874338,0.9165741244783161
GPAB7081_jpg.rf.2159b20d8b296fd86124587d2ea73ea6.jpg,finger_porites,0,0,0,1.0,1.0,,
GPAB7081_jpg.rf.2159b20d8b296fd86124587d2ea73ea6.jpg,knob_porites,0,0,0,1.0,1.0,,
GPAB7081_jpg.rf.2159b20d8b296fd86124587d2ea73ea6.jpg,mounding_,28406,3089,26405,0.4906044905008636,0.6582624614742891,0.9019209398317193,0.5182536352192079
GPAB7081_jpg.rf.2159b20d8b296fd86124587d2ea73ea6.jpg,oddball,0,0,8785,0.0,0.0,,0.0
GPAB7081_jpg.rf.2159b20d8b296fd86124587d2ea73ea6.jpg,pocillopora_,0,0,0,1.0,1.0,,
GPAB7081_jpg.rf.2159b20d8b296fd86124587d2ea73ea6.jpg,table_acropora,0,0,0,1.0,1.0,,
GPAB7090_jpg.rf.5a202a153d5630556c96afc11f25bef5.jpg,branching_acropora,0,0,41633,0.0,0.0,,0.0
GPAB7090_jpg.rf.5a202a153d5630556c96afc11f25bef5.jpg,finger_acropora,138809,99460,6207,0.5677817045435953,0.7243121958855682,0.5825726384884311,0.9571978264467369
GPAB7090_jpg.rf.5a202a153d5630556c96afc11f25bef5.jpg,finger_porites,0,0,0,1.0,1.0,,
GPAB7090_jpg.rf.5a202a153d5630556c96afc11f25bef5.jpg,knob_porites,0,2477,0,0.0,0.0,0.0,
GPAB7090_jpg.rf.5a202a153d5630556c96afc11f25bef5.jpg,mounding_,1645,12,6549,0.20046307579819644,0.3339762460663892,0.9927579963789982,0.20075665120820113
GPAB7090_jpg.rf.5a202a153d5630556c96afc11f25bef5.jpg,oddball,0,0,2271,0.0,0.0,,0.0
GPAB7090_jpg.rf.5a202a153d5630556c96afc11f25bef5.jpg,pocillopora_,10213,14869,340,0.4017386515616395,0.5732005051213694,0.4071844350530261,0.9677816734577845
GPAB7090_jpg.rf.5a202a153d5630556c96afc11f25bef5.jpg,table_acropora,0,0,0,1.0,1.0,,
GPAB7095_jpg.rf.da1a17f02f4eb3d1397d87151efeb1a6.jpg,branching_acropora,0,0,1809,0.0,0.0,,0.0
GPAB7095_jpg.rf.da1a17f02f4eb3d1397d87151efeb1a6.jpg,finger_acropora,397684,5866,27618,0.9223411755974469,0.9596019554757664,0.9854640069384215,0.9350626143305227
GPAB7095_jpg.rf.da1a17f02f4eb3d1397d87151efeb1a6.jpg,finger_porites,0,0,0,1.0,1.0,,
GPAB7095_jpg.rf.da1a17f02f4eb3d1397d87151efeb1a6.jpg,knob_porites,0,0,0,1.0,1.0,,
GPAB7095_jpg.rf.da1a17f02f4eb3d1397d87151efeb1a6.jpg,mounding_,26690,392,27898,0.48544925427428154,0.6536059752663157,0.9855254412524924,0.48893529713490147
GPAB7095_jpg.rf.da1a17f02f4eb3d1397d87151efeb1a6.jpg,oddball,0,0,0,1.0,1.0,,
GPAB7095_jpg.rf.da1a17f02f4eb3d1397d87151efeb1a6.jpg,pocillopora_,7403,399,7698,0.47761290322580646,0.6464655285333799,0.9488592668546526,0.49023243493808355
GPAB7095_jpg.rf.da1a17f02f4eb3d1397d87151efeb1a6.jpg,table_acropora,0,0,0,1.0,1.0,,
GPAB7183_jpg.rf.4ec008fb929778140b3f448a821803ac.jpg,branching_acropora,0,0,0,1.0,1.0,,
GPAB7183_jpg.rf.4ec008fb929778140b3f448a821803ac.jpg,finger_acropora,11660,1542,453,0.8538996704503845,0.9211929685956942,0.8831995152249659,0.962602162965409
GPAB7183_jpg.rf.4ec008fb929778140b3f448a821803ac.jpg,finger_porites,0,0,0,1.0,1.0,,
GPAB7183_jpg.rf.4ec008fb929778140b3f448a821803ac.jpg,knob_porites,0,0,0,1.0,1.0,,
GPAB7183_jpg.rf.4ec008fb929778140b3f448a821803ac.jpg,mounding_,0,1258,487,0.0,0.0,0.0,0.0
GPAB7183_jpg.rf.4ec008fb929778140b3f448a821803ac.jpg,oddball,0,0,0,1.0,1.0,,
GPAB7183_jpg.rf.4ec008fb929778140b3f448a821803ac.jpg,pocillopora_,0,0,0,1.0,1.0,,
GPAB7183_jpg.rf.4ec008fb929778140b3f448a821803ac.jpg,table_acropora,0,87995,0,0.0,0.0,0.0,
GPAB7185_jpg.rf.bbdd85b10b2ce4494aa5e4f51cb88e08.jpg,branching_acropora,0,0,0,1.0,1.0,,
GPAB7185_jpg.rf.bbdd85b10b2ce4494aa5e4f51cb88e08.jpg,finger_acropora,58854,4520,288,0.9244761396123276,0.9607561461360149,0.9286773755798908,0.9951303642081769
GPAB7185_jpg.rf.bbdd85b10b2ce4494aa5e4f51cb88e08.jpg,finger_porites,0,0,0,1.0,1.0,,
GPAB7185_jpg.rf.bbdd85b10b2ce4494aa5e4f51cb88e08.jpg,knob_porites,0,0,0,1.0,1.0,,
GPAB7185_jpg.rf.bbdd85b10b2ce4494aa5e4f51cb88e08.jpg,mounding_,0,6550,0,0.0,0.0,0.0,
GPAB7185_jpg.rf.bbdd85b10b2ce4494aa5e4f51cb88e08.jpg,oddball,0,0,0,1.0,1.0,,
GPAB7185_jpg.rf.bbdd85b10b2ce4494aa5e4f51cb88e08.jpg,pocillopora_,0,0,5736,0.0,0.0,,0.0
GPAB7185_jpg.rf.bbdd85b10b2ce4494aa5e4f51cb88e08.jpg,table_acropora,0,0,0,1.0,1.0,,
