image,image_id,coral_cover_pred,pct_bleached_pred,cover_pred__branching_acropora,cover_healthy_pred__branching_acropora,cover_pred__finger_acropora,cover_healthy_pred__finger_acropora,cover_pred__finger_porites,cover_healthy_pred__finger_porites,cover_pred__knob_porites,cover_healthy_pred__knob_porites,cover_pred__mounding_,cover_healthy_pred__mounding_,cover_pred__oddball,cover_healthy_pred__oddball,cover_pred__pocillopora_,cover_healthy_pred__pocillopora_,cover_pred__table_acropora,cover_healthy_pred__table_acropora,filename,split
yellowfin_segment.v18i.coco-segmentation/train\GPAB2750_jpg.rf.cdad5a44fc68268026febd47efc11e6c.jpg,GPAB2750,0.1894241276071923,0.0196198362661146,0.0,0.0,0.0,0.0,0.1193321593246313,0.1193321593246313,0.0460206290100494,0.0460206290100494,0.0100446878666776,0.0,0.0,0.0,0.0,0.0,0.0140266514058338,0.0044515030063968,GPAB2750_jpg.rf.cdad5a44fc68268026febd47efc11e6c.jpg,test
yellowfin_segment.v18i.coco-segmentation/train\GPAB2751_jpg.rf.5c54bc040bd61f476b2936c0f427baaf.jpg,GPAB2751,0.0872104746669534,0.0075193528997182,0.0529388945754268,0.0482089325802778,0.0,0.0,0.0170618543832325,0.0170618543832325,0.0080234596897006,0.0080234596897006,0.0078122149396128,0.0063968751140241,0.0,0.0,0.0013740510789805,0.0,0.0,0.0,GPAB2751_jpg.rf.5c54bc040bd61f476b2936c0f427baaf.jpg,train
yellowfin_segment.v18i.coco-segmentation/train\GPAB2752_jpg.rf.3d3a23e7d01325a3e36b5203981b2c6b.jpg,GPAB2752,0.199862498871761,0.1820824123382297,0.0,0.0,0.0306266479491015,0.0137222669250253,0.0,0.0,0.0,0.0,0.0124000668301573,0.00280667456594,0.0012511450425658,0.0012511450425658,0.0061606650752895,0.0,0.1494239739746468,0.0,GPAB2752_jpg.rf.3d3a23e7d01325a3e36b5203981b2c6b.jpg,test
yellowfin_segment.v18i.coco-segmentation/train\GPAB2753_jpg.rf.ecc3e09a60fddd4051f8cc1817f5abe0.jpg,GPAB2753,0.2323701853000539,0.0933154479444925,0.0042585021210893,0.0022939259452722,0.202081528951093,0.1120048471068111,0.001623703965448,0.001623703965448,0.0,0.0,0.0094234362607374,0.0081492463363438,0.0,0.0,0.011138359550087,0.011138359550087,0.003844654451599,0.003844654451599,GPAB2753_jpg.rf.ecc3e09a60fddd4051f8cc1817f5abe0.jpg,train
yellowfin_segment.v18i.coco-segmentation/train\GPAB2755_jpg.rf.989ddbf0acb4906444222985aa1c08ad.jpg,GPAB2755,0.2685064804128106,0.0800435164185181,0.0294888069088555,0.0294888069088555,0.2124594074008638,0.1556921818317992,0.0,0.0,0.0,0.0,0.0,0.0,0.0032819752536377,0.0032819752536377,0.0035623546492088,0.0,0.0197139362002446,0.0,GPAB2755_jpg.rf.989ddbf0acb4906444222985aa1c08ad.jpg,train
yellowfin_segment.v18i.coco-segmentation/train\GPAB2756_jpg.rf.e3eab669406113c45048b693e012a15e.jpg,GPAB2756,0.1360742659725036,0.0403218217747247,0.0095069739573631,0.0,0.0772224388014357,0.0665248126163046,0.0040943073380664,0.0040943073380664,0.0012713093141651,0.0012713093141651,0.0218993591602445,0.0218993591602445,0.0034384884093846,0.0019626557689981,0.002365941200984,0.0,0.01627544779086,0.0,GPAB2756_jpg.rf.e3eab669406113c45048b693e012a15e.jpg,train
yellowfin_segment.v18i.coco-segmentation/train\GPAB2863_jpg.rf.96811bd1325e7bbd6bdfefe68952512f.jpg,GPAB2863,0.2043120814713389,0.0034192843411948,0.0,0.0,0.0,0.0,0.1419363077874416,0.1419363077874416,0.0518769096045306,0.0518769096045306,0.00670606061188,0.0032867762706851,0.0,0.0,0.0,0.0,0.0037928034674865,0.0037928034674865,GPAB2863_jpg.rf.96811bd1325e7bbd6bdfefe68952512f.jpg,test
yellowfin_segment.v18i.coco-segmentation/train\GPAB2864_jpg.rf.bba294c9d2767e1fca67088d5f57ed2c.jpg,GPAB2864,0.1228196181078999,0.0180614261325119,0.0,0.0,0.0,0.0,0.0656299030386597,0.0656299030386597,0.0152547515665718,0.0152547515665718,0.031019371143583,0.0129579450110711,0.0030688100967308,0.0030688100967308,0.0078467822623544,0.0078467822623544,0.0,0.0,GPAB2864_jpg.rf.bba294c9d2767e1fca67088d5f57ed2c.jpg,train
yellowfin_segment.v18i.coco-segmentation/train\GPAB2865_jpg.rf.bc51b557fce1c755711f160a6fb06174.jpg,GPAB2865,0.1731986103936257,0.0975220990814694,0.0,0.0,0.1290436566082158,0.0654196184919813,0.0,0.0,0.0018080630200701,0.0018080630200701,0.0232724500358155,0.0052791983453774,0.0031696314547273,0.0031696314547273,0.0159048092747967,0.0,0.0,0.0,GPAB2865_jpg.rf.bc51b557fce1c755711f160a6fb06174.jpg,train
yellowfin_segment.v18i.coco-segmentation/train\GPAB2866_jpg.rf.419a33f7e1a92b4b4cd4c79fef598c57.jpg,GPAB2866,0.1923757928879653,0.0543686374521578,0.0899422533669532,0.064563117050716,0.0808356842313475,0.0557974201254793,0.0,0.0,0.0,0.0,0.009265962901581,0.009265962901581,0.0019146455985235,0.0019146455985235,0.0029190183648504,0.0,0.0074982284247094,0.0064660097595074,GPAB2866_jpg.rf.419a33f7e1a92b4b4cd4c79fef598c57.jpg,test
yellowfin_segment.v18i.coco-segmentation/train\GPAB2867_jpg.rf.a760f33822f6d3414eebcb42d8a10ffe.jpg,GPAB2867,0.2731913128477136,0.0697443746483255,0.0013423643664673,0.0,0.2483806169498946,0.1891543104491255,0.0,0.0,0.0,0.0,0.0,0.0,0.0,0.0,0.0234683315313516,0.0142926277502626,0.0,0.0,GPAB2867_jpg.rf.a760f33822f6d3414eebcb42d8a10ffe.jpg,test
yellowfin_segment.v18i.coco-segmentation/train\GPAB2868_jpg.rf.388ca1bea37ef902bb25b8564d68772c.jpg,GPAB2868,0.4951192860695609,0.3459910547450371,0.0,0.0,0.4570020913230259,0.136478511607899,0.0,0.0,0.0,0.0,0.0078611853134968,0.0061933119912122,0.0,0.0,0.0204676958766945,0.0064564077254125,0.0097883135563437,0.0,GPAB2868_jpg.rf.388ca1bea37ef902bb25b8564d68772c.jpg,test
yellowfin_segment.v18i.coco-segmentation/train\GPAB2869_jpg.rf.f5f4b6550e77b27a16ff75349110b44f.jpg,GPAB2869,0.4360725376063665,0.0769026910660754,0.0,0.0,0.4245760221845395,0.3566224268949134,0.0,0.0,0.0010591043606677,0.0010591043606677,0.0014883152847099,0.0014883152847099,0.0016496294575042,0.0,0.0013308419255535,0.0,0.0059686243933914,0.0,GPAB2869_jpg.rf.f5f4b6550e77b27a16ff75349110b44f.jpg,train
yellowfin_segment.v18i.coco-segmentation/train\GPAB2870_jpg.rf.bf5e43594708726bc8b61ede51e9e0d6.jpg,GPAB2870,0.0841637492486408,0.0298210372885392,0.0060694457513879,0.0,0.0,0.0,0.0,0.0,0.0608020002957426,0.0503722708618593,0.0172923032015102,0.0039704410982422,0.0,0.0,0.0,0.0,0.0,0.0,GPAB2870_jpg.rf.bf5e43594708726bc8b61ede51e9e0d6.jpg,train
yellowfin_segment.v18i.coco-segmentation/train\GPAB2871_jpg.rf.504bfd08c70eccfa9fd23ba467a0b88b.jpg,GPAB2871,0.3337475010706268,0.0075395171713175,0.0,0.0,0.0,0.0,0.1706425489175627,0.1706425489175627,0.1523045842031176,0.1523045842031176,0.0108003679499465,0.0032608507786289,0.0,0.0,0.0,0.0,0.0,0.0,GPAB2871_jpg.rf.504bfd08c70eccfa9fd23ba467a0b88b.jpg,train
yellowfin_segment.v18i.coco-segmentation/train\GPAB2907_jpg.rf.bf31d322ee0d726153fd605a1778f741.jpg,GPAB2907,0.2646042137566422,0.0038417738413705,0.056076839317641,0.056076839317641,0.1773226840373865,0.1734809101960159,0.0,0.0,0.010256892820175,0.010256892820175,0.0129329797224243,0.0129329797224243,0.0037006239401754,0.0037006239401754,0.0,0.0,0.0043141939188397,0.0043141939188397,GPAB2907_jpg.rf.bf31d322ee0d726153fd605a1778f741.jpg,train
yellowfin_segment.v18i.coco-segmentation/train\GPAB2908_jpg.rf.88dda92c5d3e1444f5a1b36c77499932.jpg,GPAB2908,0.4239595715956468,0.1316496486615724,0.0393510561277301,0.0340641761550766,0.3607455403352646,0.2466397681684888,0.0,0.0,0.0,0.0,0.0,0.0,0.0049690526441121,0.0049690526441121,0.0143291154798232,0.0020721189576799,0.0045648070087167,0.0045648070087167,GPAB2908_jpg.rf.88dda92c5d3e1444f5a1b36c77499932.jpg,train
yellowfin_segment.v18i.coco-segmentation/train\GPAB2909_jpg.rf.f8bd8c4e84c1945b4c81d8aa05b48c12.jpg,GPAB2909,0.339893763094774,0.0758887162656537,0.004434219345026,0.0,0.327218117886093,0.2592693236135143,0.0,0.0,0.0,0.0,0.0,0.0,0.0028037939557115,0.0028037939557115,0.0054376319079433,0.0019319292598944,0.0,0.0,GPAB2909_jpg.rf.f8bd8c4e84c1945b4c81d8aa05b48c12.jpg,train
yellowfin_segment.v18i.coco-segmentation/train\GPAB2910_jpg.rf.6a59ae7e8c4bd736c88f0483d80245eb.jpg,GPAB2910,0.1182999406594293,0.026281727521158,0.0,0.0,0.0802989305254425,0.0579309921013667,0.0,0.0,0.0,0.0,0.0024475584907906,0.0,0.0011704879561686,0.0011704879561686,0.0343829636870274,0.0329167330807358,0.0,0.0,GPAB2910_jpg.rf.6a59ae7e8c4bd736c88f0483d80245eb.jpg,test
yellowfin_segment.v18i.coco-segmentation/train\GPAB2911_jpg.rf.a892723d63b47464304a3bf61c90205b.jpg,GPAB2911,0.2189225365501428,0.1693923640784063,0.0017158834927591,0.0,0.1726119261104272,0.0250305824785922,0.0,0.0,0.0,0.0,0.0,0.0,0.0217678112931443,0.0194978904331093,0.0228269156538121,0.0050016995600347,0.0,0.0,GPAB2911_jpg.rf.a892723d63b47464304a3bf61c90205b.jpg,train
yellowfin_segment.v18i.coco-segmentation/train\GPAB2912_jpg.rf.bf1be34d721f9328c589ea24f4d294f3.jpg,GPAB2912,0.9434411385707948,0.0118220243776441,0.0118220243776441,0.0,0.0,0.0,0.9245644997436256,0.9245644997436256,0.0,0.0,0.0,0.0,0.0,0.0,0.0070546144495249,0.0070546144495249,0.0,0.0,GPAB2912_jpg.rf.bf1be34d721f9328c589ea24f4d294f3.jpg,train
yellowfin_segment.v18i.coco-segmentation/train\GPAB2913_jpg.rf.a426d17e675cf5b48b74ca8af4351b03.jpg,GPAB2913,0.2724001052382936,0.1596155729629765,0.0,0.0,0.2283815003370314,0.0687659273740549,0.0,0.0,0.0,0.0,0.0,0.0,0.0014700714199295,0.0014700714199295,0.0425485334813326,0.0425485334813326,0.0,0.0,GPAB2913_jpg.rf.a426d17e675cf5b48b74ca8af4351b03.jpg,train
yellowfin_segment.v18i.coco-segmentation/train\GPAB2914_jpg.rf.05ad5a37a80ee9922fa2d84461e64b23.jpg,GPAB2914,0.3650194057109058,0.2533333461360454,0.0024782849998943,0.0,0.3418400954058108,0.0925530464373572,0.0,0.0,0.0,0.0,0.0015680121676976,0.0,0.0,0.0,0.019133013137503,0.019133013137503,0.0,0.0,GPAB2914_jpg.rf.05ad5a37a80ee9922fa2d84461e64b23.jpg,test
yellowfin_segment.v18i.coco-segmentation/train\GPAB2915_jpg.rf.a6786972f25a53ecff6281be316a127d.jpg,GPAB2915,0.5170484115354996,0.2850911137015265,0.0636547646253382,0.0096894126051662,0.2692429564278897,0.1676111867538019,0.0,0.0,0.0037495943140594,0.0037495943140594,0.0010034125629173,0.0010034125629173,0.0292766019553582,0.0292766019553582,0.1501210816499367,0.0206270896426699,0.0,0.0,GPAB2915_jpg.rf.a6786972f25a53ecff6281be316a127d.jpg,train
yellowfin_segment.v18i.coco-segmentation/train\GPAB2916_jpg.rf.7f634b0de0ff892d3d6e051ea3b40642.jpg,GPAB2916,0.2911288727404013,0.1421091444011499,0.0,0.0,0.1118761798499394,0.1101574157469518,0.0,0.0,0.0045263988723371,0.0045263988723371,0.145203879989937,0.0062278793139538,0.0014143796221791,0.0,0.0,0.0,0.0281080344060085,0.0281080344060085,GPAB2916_jpg.rf.7f634b0de0ff892d3d6e051ea3b40642.jpg,train
yellowfin_segment.v18i.coco-segmentation/train\GPAB2941_jpg.rf.18f7f408bdbb3d1b44d43910c2e6eba4.jpg,GPAB2941,0.2138449809207582,0.075268424863123,0.0796892013604161,0.0069864400074511,0.0,0.0,0.1214906965891654,0.1214906965891654,0.0024878870339892,0.0024878870339892,0.0076086518168008,0.0050429883066428,0.0,0.0,0.0,0.0,0.0025685441203864,0.0025685441203864,GPAB2941_jpg.rf.18f7f408bdbb3d1b44d43910c2e6eba4.jpg,train
yellowfin_segment.v18i.coco-segmentation/train\GPAB2942_jpg.rf.1e3195c08fa8efff9464de31cf8e5d3c.jpg,GPAB2942,0.1991615503828331,0.0992418233878664,0.0182544270178194,0.0,0.0331971124763069,0.0331971124763069,0.0053243279056235,0.0053243279056235,0.005916773409279,0.005916773409279,0.0301379044136709,0.0278074907388381,0.0,0.0,0.0,0.0,0.1063310051601331,0.0276740224649189,GPAB2942_jpg.rf.1e3195c08fa8efff9464de31cf8e5d3c.jpg,train
yellowfin_segment.v18i.coco-segmentation/train\GPAB2943_jpg.rf.785d4f902aaf6a01200939a608fa2ac6.jpg,GPAB2943,0.2874378508343207,0.0944600104086049,0.0,0.0,0.2537049448555182,0.1718562460271584,0.0,0.0,0.0,0.0,0.0022238310963794,0.0022238310963794,0.0031389049456236,0.0031389049456236,0.0283701699367994,0.0157588583565542,0.0,0.0,GPAB2943_jpg.rf.785d4f902aaf6a01200939a608fa2ac6.jpg,train
yellowfin_segment.v18i.coco-segmentation/train\GPAB2944_jpg.rf.4c5671d6eb3325a6fb91a55ecd6b13f6.jpg,GPAB2944,0.2178173424258195,0.1483389441219227,0.0,0.0,0.1356287315905001,0.059480760404284,0.0,0.0,0.0,0.0,0.0039810033357466,0.0016861171870649,0.0028153163966254,0.0012175379232336,0.0753922911029472,0.007093982789314,0.0,0.0,GPAB2944_jpg.rf.4c5671d6eb3325a6fb91a55ecd6b13f6.jpg,train
yellowfin_segment.v18i.coco-segmentation/train\GPAB2946_jpg.rf.4ae04bdc56ebbfb34e63f95e6dec2beb.jpg,GPAB2946,0.0049268036940945,0.0,0.0,0.0,0.0049268036940945,0.0049268036940945,0.0,0.0,0.0,0.0,0.0,0.0,0.0,0.0,0.0,0.0,0.0,0.0,GPAB2946_jpg.rf.4ae04bdc56ebbfb34e63f95e6dec2beb.jpg,train
yellowfin_segment.v18i.coco-segmentation/train\GPAB2948_jpg.rf.4acdaada60495f5c29e1e122f2d83397.jpg,GPAB2948,0.0215546461362375,0.0215546461362375,0.0,0.0,0.0,0.0,0.0,0.0,0.0,0.0,0.0010667859879436,0.0,0.0015756937949735,0.0,0.0167373056308248,0.0,0.0021748607224954,0.0,GPAB2948_jpg.rf.4acdaada60495f5c29e1e122f2d83397.jpg,test
yellowfin_segment.v18i.coco-segmentation/train\GPAB2949_jpg.rf.7fbf6a8deca8c7aae18c53062828ddff.jpg,GPAB2949,0.0,0.0,0.0,0.0,0.0,0.0,0.0,0.0,0.0,0.0,0.0,0.0,0.0,0.0,0.0,0.0,0.0,0.0,GPAB2949_jpg.rf.7fbf6a8deca8c7aae18c53062828ddff.jpg,train
yellowfin_segment.v18i.coco-segmentation/train\GPAB2950_jpg.rf.502dd1ed83690517b5d11f810ee8abd0.jpg,GPAB2950,0.2015217303633601,0.0091872262220028,0.0,0.0,0.1427784061775646,0.137465600712855,0.0,0.0,0.0,0.0,0.0,0.0,0.0038744207572932,0.0,0.0030697703001403,0.0030697703001403,0.0517991331283619,0.0517991331283619,GPAB2950_jpg.rf.502dd1ed83690517b5d11f810ee8abd0.jpg,train
yellowfin_segment.v18i.coco-segmentation/train\GPAB2951_jpg.rf.42d2aa39a63a8cd50185c4c34c3d023a.jpg,GPAB2951,0.1652884547062449,0.0947509520416805,0.0,0.0,0.1257943282705008,0.0680553768510321,0.0,0.0,0.0,0.0,0.0,0.0,0.0173460745924416,0.0024821258135323,0.0221480518433024,0.0,0.0,0.0,GPAB2951_jpg.rf.42d2aa39a63a8cd50185c4c34c3d023a.jpg,test
yellowfin_segment.v18i.coco-segmentation/train\GPAB2952_jpg.rf.d5edd999c3d70eee6ea6ae39f932ee17.jpg,GPAB2952,0.1464857515416065,0.1114863372656863,0.0503933953368681,0.0014854346744814,0.0792023782318046,0.0289126848631614,0.0,0.0,0.0059695845968009,0.0,0.0051947004453423,0.0022651198429875,0.0,0.0,0.0057256929307904,0.0023361748952898,0.0,0.0,GPAB2952_jpg.rf.d5edd999c3d70eee6ea6ae39f932ee17.jpg,train
yellowfin_segment.v18i.coco-segmentation/train\GPAB2953_jpg.rf.e9d7fd4bca495dd962d44280979b6764.jpg,GPAB2953,0.304522750099381,0.1798845067339065,0.0013510061971528,0.0,0.2207305995702129,0.1135459735790429,0.0,0.0,0.0038926646220735,0.0038926646220735,0.0684941898091691,0.0014153398255886,0.0,0.0,0.0057842653387693,0.0057842653387693,0.0042700245620032,0.0,GPAB2953_jpg.rf.e9d7fd4bca495dd962d44280979b6764.jpg,train
yellowfin_segment.v18i.coco-segmentation/train\GPAB2985_jpg.rf.1aa4eb008b359be4a92a854650b08c4f.jpg,GPAB2985,0.2439636812662394,0.0038859431982071,0.0497711835275184,0.0497711835275184,0.0,0.0,0.1026246199995006,0.1026246199995006,0.0762113446112424,0.0762113446112424,0.0036593351935674,0.0010197360208786,0.0012463440255183,0.0,0.0,0.0,0.010450853908892,0.010450853908892,GPAB2985_jpg.rf.1aa4eb008b359be4a92a854650b08c4f.jpg,train
yellowfin_segment.v18i.coco-segmentation/train\GPAB2986_jpg.rf.8384c7104ca8ce5717f2a1895ec3f4e6.jpg,GPAB2986,0.165827128818969,0.0836644434757059,0.0055163685875215,0.003492259800316,0.1158975117288846,0.0516983117703654,0.0,0.0,0.0,0.0,0.0135964802783821,0.0056844041841823,0.0143800062605262,0.0143800062605262,0.0050343464759574,0.0036602953969768,0.0114024154876969,0.003247407930896,GPAB2986_jpg.rf.8384c7104ca8ce5717f2a1895ec3f4e6.jpg,train
yellowfin_segment.v18i.coco-segmentation/train\GPAB2987_jpg.rf.8edaf56f6842917821771008f1c445b3.jpg,GPAB2987,0.2709290736149546,0.105404408869975,0.0,0.0,0.252041872550281,0.1509497371923268,0.0,0.0,0.0,0.0,0.0121120058073102,0.0121120058073102,0.0024629217453425,0.0024629217453425,0.0,0.0,0.0043122735120207,0.0,GPAB2987_jpg.rf.8edaf56f6842917821771008f1c445b3.jpg,train
yellowfin_segment.v18i.coco-segmentation/train\GPAB2988_jpg.rf.83afaab24b357370faadb37c4a8f2e80.jpg,GPAB2988,0.1498579859157364,0.0120995231629868,0.0059273356467834,0.0012156175164146,0.1253987244657908,0.1232785953376363,0.0,0.0,0.0,0.0,0.0132642498986985,0.0132642498986985,0.0,0.0,0.0052676759044636,0.0,0.0,0.0,GPAB2988_jpg.rf.83afaab24b357370faadb37c4a8f2e80.jpg,train
yellowfin_segment.v18i.coco-segmentation/train\GPAB2989_jpg.rf.8c0306c24da4ca0fa0a6db116a0c7028.jpg,GPAB2989,0.5096625269097006,0.2580815519959748,0.0337060202833368,0.0235451478041108,0.3615933999458445,0.2232175264007927,0.0,0.0,0.0,0.0,0.001028377851564,0.001028377851564,0.003789922857258,0.003789922857258,0.0,0.0,0.109544805971697,0.0,GPAB2989_jpg.rf.8c0306c24da4ca0fa0a6db116a0c7028.jpg,train
yellowfin_segment.v18i.coco-segmentation/train\GPAB2990_jpg.rf.26380753fc33e784adf7e3cfce47a36f.jpg,GPAB2990,0.4568263740990891,0.0831891427880082,0.0041490389324074,0.0,0.4120088799611309,0.3329687761055302,0.0,0.0,0.0,0.0,0.0267848741077309,0.0267848741077309,0.0,0.0,0.0112228574501222,0.0112228574501222,0.0026607236476975,0.0026607236476975,GPAB2990_jpg.rf.26380753fc33e784adf7e3cfce47a36f.jpg,train
yellowfin_segment.v18i.coco-segmentation/train\GPAB2991_jpg.rf.349d021fabfa3966b9f88f23b1096169.jpg,GPAB2991,0.2886092989938988,0.1736921549461038,0.0,0.0,0.2004434219345026,0.030284815535323,0.0,0.0,0.0,0.0,0.0090729620162735,0.006551467862952,0.0060704059547974,0.0050583515611947,0.0074050886939889,0.0074050886939889,0.0656174203943363,0.0656174203943363,GPAB2991_jpg.rf.349d021fabfa3966b9f88f23b1096169.jpg,train
yellowfin_segment.v18i.coco-segmentation/train\GPAB2992_jpg.rf.e4effd5df06ee1d3cc045935c76638eb.jpg,GPAB2992,0.1057385596564776,0.0928420676636138,0.0,0.0,0.0928420676636138,0.0,0.0,0.0,0.0,0.0,0.0128964919928637,0.0128964919928637,0.0,0.0,0.0,0.0,0.0,0.0,GPAB2992_jpg.rf.e4effd5df06ee1d3cc045935c76638eb.jpg,train
yellowfin_segment.v18i.coco-segmentation/train\GPAB2994_jpg.rf.399149a84f76c2e820ddc039f29be960.jpg,GPAB2994,0.1027436852222774,0.0512460559644955,0.0524914397866043,0.0499833884810158,0.0049075996259047,0.0,0.0,0.0,0.0,0.0,0.0,0.0,0.0,0.0,0.0453446458097683,0.0015142407767661,0.0,0.0,GPAB2994_jpg.rf.399149a84f76c2e820ddc039f29be960.jpg,train
yellowfin_segment.v18i.coco-segmentation/train\GPAB2995_jpg.rf.77053a52828cd1b35e1a6b481dda0977.jpg,GPAB2995,0.4320022353535372,0.3191869765691164,0.0080061760283298,0.0080061760283298,0.4185718702649969,0.0993848936958805,0.0,0.0,0.0,0.0,0.0,0.0,0.0,0.0,0.0054241890602105,0.0054241890602105,0.0,0.0,GPAB2995_jpg.rf.77053a52828cd1b35e1a6b481dda0977.jpg,train
yellowfin_segment.v18i.coco-segmentation/train\GPAB2996_jpg.rf.71234c52d0bc86b7485ea41a885640db.jpg,GPAB2996,0.3889534358958602,0.3171484647307686,0.0040040482175744,0.0,0.3357284007044052,0.0718049711650916,0.0,0.0,0.0,0.0,0.0,0.0,0.0,0.0,0.0492209869738805,0.0,0.0,0.0,GPAB2996_jpg.rf.71234c52d0bc86b7485ea41a885640db.jpg,train
yellowfin_segment.v18i.coco-segmentation/train\GPAB3022_jpg.rf.4a7028ccc8d0c43d90f9f26c5b803a76.jpg,GPAB3022,0.1922836133606543,0.0,0.0,0.0,0.0026290369351843,0.0026290369351843,0.0803190947970418,0.0803190947970418,0.0807819128404161,0.0807819128404161,0.0247886112194007,0.0247886112194007,0.0,0.0,0.0,0.0,0.0037649575686113,0.0037649575686113,GPAB3022_jpg.rf.4a7028ccc8d0c43d90f9f26c5b803a76.jpg,train
yellowfin_segment.v18i.coco-segmentation/train\GPAB3023_jpg.rf.2d06d6161234dba9738fbea660799947.jpg,GPAB3023,0.2033489974516201,0.0194201139569406,0.0,0.0,0.0,0.0,0.0413857271524399,0.0413857271524399,0.11008540049124,0.11008540049124,0.0344732228075195,0.0150531088505789,0.0,0.0,0.0,0.0,0.0174046470004205,0.0174046470004205,GPAB3023_jpg.rf.2d06d6161234dba9738fbea660799947.jpg,train
yellowfin_segment.v18i.coco-segmentation/train\GPAB3024_jpg.rf.962d5da92455184bd060dd0c24c8dab4.jpg,GPAB3024,0.2676711034465541,0.0104143661793314,0.0062288395173633,0.0,0.0,0.0,0.1617405031081784,0.1617405031081784,0.0689752517173238,0.0689752517173238,0.0294023886020014,0.0265409824417204,0.001324120501687,0.0,0.0,0.0,0.0,0.0,GPAB3024_jpg.rf.962d5da92455184bd060dd0c24c8dab4.jpg,train
yellowfin_segment.v18i.coco-segmentation/train\GPAB3025_jpg.rf.0e7dd03ddf2d70bda47a0516e862f4c9.jpg,GPAB3025,0.0612312112197848,0.0303885175035479,0.0,0.0,0.0417928533980638,0.0214845512873447,0.0,0.0,0.0023198514373284,0.0023198514373284,0.0070382909915636,0.0070382909915636,0.0,0.0,0.0,0.0,0.0100802153928288,0.0,GPAB3025_jpg.rf.0e7dd03ddf2d70bda47a0516e862f4c9.jpg,train
yellowfin_segment.v18i.coco-segmentation/train\GPAB3026_jpg.rf.0132f1051a4116579dca9e90f5fe8dac.jpg,GPAB3026,0.0724703921278683,0.0334227602775371,0.0,0.0,0.0422239847289249,0.0245898491136362,0.0,0.0,0.0011147961584181,0.0011147961584181,0.0224101873740933,0.0066215627118448,0.0067214238664318,0.0067214238664318,0.0,0.0,0.0,0.0,GPAB3026_jpg.rf.0132f1051a4116579dca9e90f5fe8dac.jpg,train
yellowfin_segment.v18i.coco-segmentation/train\GPAB3027_jpg.rf.747b37a57bb87ebb8bad757bc73c82cb.jpg,GPAB3027,0.1485693929402004,0.0364320377628796,0.0124259923222135,0.0068068819698764,0.0966915231322603,0.0814684582782016,0.0,0.0,0.00320227837065,0.00320227837065,0.0041557603562738,0.0,0.0109568811056934,0.0109568811056934,0.0211369576531092,0.0097028554528991,0.0,0.0,GPAB3027_jpg.rf.747b37a57bb87ebb8bad757bc73c82cb.jpg,train
yellowfin_segment.v18i.coco-segmentation/train\GPAB3028_jpg.rf.bab6e79b28a15e973dd2a4273d4b3f69.jpg,GPAB3028,0.1612930483193559,0.0284325831584162,0.0125805850711414,0.0,0.1323525175573193,0.1284444896806939,0.0,0.0,0.0,0.0,0.0044159754802457,0.0044159754802457,0.0,0.0,0.0,0.0,0.0119439702106494,0.0,GPAB3028_jpg.rf.bab6e79b28a15e973dd2a4273d4b3f69.jpg,train
yellowfin_segment.v18i.coco-segmentation/train\GPAB3029_jpg.rf.9be364b3f26fd5581081ef77d347a1a7.jpg,GPAB3029,0.3444681721375856,0.1541462543425199,0.0065505076595425,0.0,0.3291529277562158,0.1831885666659625,0.0,0.0,0.0,0.0,0.0015622509472406,0.0015622509472406,0.0062182772798589,0.004586891687135,0.0009842084947275,0.0009842084947275,0.0,0.0,GPAB3029_jpg.rf.9be364b3f26fd5581081ef77d347a1a7.jpg,train
yellowfin_segment.v18i.coco-segmentation/train\GPAB3030_jpg.rf.adc799d4514f57aa03abab83f2ad6e6e.jpg,GPAB3030,0.4305648108495303,0.1972613078354518,0.0607290248366213,0.0,0.3518223700508716,0.2194612106628668,0.0,0.0,0.0,0.0,0.0027759480568363,0.0,0.0013951755539893,0.0,0.0069240267858343,0.0069240267858343,0.0069182655653773,0.0069182655653773,GPAB3030_jpg.rf.adc799d4514f57aa03abab83f2ad6e6e.jpg,test
yellowfin_segment.v18i.coco-segmentation/train\GPAB3031_jpg.rf.ab0edf94425b881b01d5ae81bd81b21d.jpg,GPAB3031,0.2615104383712646,0.1387705171463522,0.0154525534689268,0.0154525534689268,0.2086022703049414,0.089268190573491,0.0158836847997879,0.0158836847997879,0.0,0.0,0.001572813184745,0.0,0.0,0.0,0.0199991166128632,0.0021354923827063,0.0,0.0,GPAB3031_jpg.rf.ab0edf94425b881b01d5ae81bd81b21d.jpg,train
yellowfin_segment.v18i.coco-segmentation/train\GPAB3032_jpg.rf.1d597c1e44f74b2246f4f867092f84fd.jpg,GPAB3032,0.3478144810196592,0.1077799521050539,0.0432293176986612,0.0432293176986612,0.2284026248120401,0.1601369634143297,0.0,0.0,0.0085698154297006,0.0085698154297006,0.0082183809818271,0.0,0.0041451981187694,0.0041451981187694,0.0122646781494191,0.0026261563249558,0.0429844658292412,0.0213270779281883,GPAB3032_jpg.rf.1d597c1e44f74b2246f4f867092f84fd.jpg,train
yellowfin_segment.v18i.coco-segmentation/train\GPAB3033_jpg.rf.50b9b3afcefbc3350536ce8c5bc36581.jpg,GPAB3033,0.2333083040311259,0.1138023478893768,0.0454320243200319,0.0,0.1412910510962642,0.0930110634636841,0.0,0.0,0.0055874236398238,0.0055874236398238,0.0196179158592956,0.0105747201487163,0.0,0.0,0.0,0.0,0.0213798891157102,0.0103327488895247,GPAB3033_jpg.rf.50b9b3afcefbc3350536ce8c5bc36581.jpg,train
yellowfin_segment.v18i.coco-segmentation/train\GPAB3035_jpg.rf.d5c32d9742ccdb6a97e4a8d5755c24d6.jpg,GPAB3035,0.2174457437063467,0.0,0.0,0.0,0.0,0.0,0.0632678026513136,0.0632678026513136,0.1482678890696205,0.1482678890696205,0.0045609661950787,0.0045609661950787,0.0,0.0,0.0,0.0,0.0013490857903338,0.0013490857903338,GPAB3035_jpg.rf.d5c32d9742ccdb6a97e4a8d5755c24d6.jpg,train
yellowfin_segment.v18i.coco-segmentation/train\GPAB3036_jpg.rf.73115f2d96e2a173cce8abbe17c95bd0.jpg,GPAB3036,0.2524134712697538,0.0207413538483992,0.0200413655628808,0.0200413655628808,0.0,0.0,0.1313990355716955,0.1106576817232962,0.0781375126506799,0.0781375126506799,0.0127418992439358,0.0127418992439358,0.0072082469950434,0.0072082469950434,0.0,0.0,0.0028854112455182,0.0028854112455182,GPAB3036_jpg.rf.73115f2d96e2a173cce8abbe17c95bd0.jpg,train
yellowfin_segment.v18i.coco-segmentation/train\GPAB3065_jpg.rf.623b37a3e1def7e946fbe7642cf75b09.jpg,GPAB3065,0.3217516798758649,0.0,0.0,0.0,0.0,0.0,0.3074648133460592,0.3074648133460592,0.0074002876769414,0.0074002876769414,0.0,0.0,0.0,0.0,0.0032867762706851,0.0032867762706851,0.003599802582179,0.003599802582179,GPAB3065_jpg.rf.623b37a3e1def7e946fbe7642cf75b09.jpg,train
yellowfin_segment.v18i.coco-segmentation/train\GPAB3066_jpg.rf.c7ab7f595d1fabcf9345d55074498965.jpg,GPAB3066,0.5576026025353211,0.0382449017999973,0.1058653065065303,0.067620404706533,0.0,0.0,0.4160148485855243,0.4160148485855243,0.0218321449215801,0.0218321449215801,0.002465802355571,0.002465802355571,0.0053483329908607,0.0053483329908607,0.0,0.0,0.0060761671752544,0.0060761671752544,GPAB3066_jpg.rf.c7ab7f595d1fabcf9345d55074498965.jpg,train
yellowfin_segment.v18i.coco-segmentation/train\GPAB3067_jpg.rf.787b1d28ce4fe02d8dcdc53034e25912.jpg,GPAB3067,0.3042807788401895,0.0191570182227403,0.0250440253263251,0.0250440253263251,0.0021911841804567,0.0,0.2263343466679981,0.2263343466679981,0.01548424018144,0.01548424018144,0.0077450007009484,0.0047453252497008,0.0,0.0,0.0,0.0,0.0274819817830209,0.0135158231919849,GPAB3067_jpg.rf.787b1d28ce4fe02d8dcdc53034e25912.jpg,test
yellowfin_segment.v18i.coco-segmentation/train\GPAB3068_jpg.rf.7d5b5b389e42fbf25daa11b1aab52fd6.jpg,GPAB3068,0.5007844861855536,0.0068097625801049,0.0,0.0,0.0031801936922317,0.0016150621347626,0.214606422224484,0.214606422224484,0.0,0.0,0.0013145184675921,0.0013145184675921,0.0,0.0,0.0012492246357468,0.0,0.2804341271654987,0.2764387207786097,GPAB3068_jpg.rf.7d5b5b389e42fbf25daa11b1aab52fd6.jpg,train
yellowfin_segment.v18i.coco-segmentation/train\GPAB3069_jpg.rf.b4e787e9b2ba7d152d6ea99e92e0ca40.jpg,GPAB3069,0.415951475160498,0.1667153169727475,0.1682862097506735,0.0220529917057629,0.0642625733835455,0.0437804744557087,0.0,0.0,0.0657796947705401,0.0657796947705401,0.0073378744553246,0.0073378744553246,0.0091276936106144,0.0091276936106144,0.0,0.0,0.1011574291897995,0.1011574291897995,GPAB3069_jpg.rf.b4e787e9b2ba7d152d6ea99e92e0ca40.jpg,train
yellowfin_segment.v18i.coco-segmentation/train\GPAB3070_jpg.rf.9cd39d8ce8d5b63ee10a306d3f11ec2a.jpg,GPAB3070,0.1907549695327458,0.0374748186655861,0.0345615615211926,0.0288224257426693,0.0668628042164452,0.056221830032474,0.0082999982716338,0.0082999982716338,0.0280024120309646,0.0280024120309646,0.0016966794245693,0.0016966794245693,0.0,0.0,0.0,0.0,0.0513315140679401,0.0302368053648484,GPAB3070_jpg.rf.9cd39d8ce8d5b63ee10a306d3f11ec2a.jpg,train
yellowfin_segment.v18i.coco-segmentation/train\GPAB3072_jpg.rf.0ac2243c6b202e76c28f399d6eb11d70.jpg,GPAB3072,0.2879400372174842,0.0,0.0,0.0,0.0201364257004203,0.0201364257004203,0.0203495908573272,0.0203495908573272,0.0196851300979599,0.0196851300979599,0.0,0.0,0.0021806219429523,0.0021806219429523,0.0,0.0,0.2255882686188242,0.2255882686188242,GPAB3072_jpg.rf.0ac2243c6b202e76c28f399d6eb11d70.jpg,train
yellowfin_segment.v18i.coco-segmentation/train\GPAB3074_jpg.rf.38770129f002645fcdacee0bd4225300.jpg,GPAB3074,0.2982247759365344,0.0047011558928643,0.0,0.0,0.0552923531320875,0.0505911972392231,0.1770442250486343,0.1770442250486343,0.0410198896534241,0.0410198896534241,0.0080570668090328,0.0080570668090328,0.0,0.0,0.0014873550813004,0.0014873550813004,0.0153238862120551,0.0153238862120551,GPAB3074_jpg.rf.38770129f002645fcdacee0bd4225300.jpg,test
yellowfin_segment.v18i.coco-segmentation/train\GPAB3075_jpg.rf.3f2d5382731b43b7f93907122f078970.jpg,GPAB3075,0.5019857006508258,0.0568555642827376,0.0298671270521947,0.0018608742075921,0.0765675800761633,0.0498499202070966,0.1593044670583016,0.1593044670583016,0.157088317589198,0.157088317589198,0.0063238996549028,0.0041922480858345,0.0106121680816864,0.0106121680816864,0.0,0.0,0.0622221411383787,0.0622221411383787,GPAB3075_jpg.rf.3f2d5382731b43b7f93907122f078970.jpg,train
yellowfin_segment.v18i.coco-segmentation/train\GPAB3076_jpg.rf.6688d0a1b6f765cccf799dc184aea270.jpg,GPAB3076,0.3439669459578317,0.0452726305540565,0.0293639804656218,0.0,0.0252322251945852,0.0217428460044975,0.1982416755165414,0.1982416755165414,0.0474484514799615,0.0474484514799615,0.0041615215767308,0.0012184981266431,0.0011484032777503,0.0011484032777503,0.0,0.0,0.0383706884466405,0.028894440998381,GPAB3076_jpg.rf.6688d0a1b6f765cccf799dc184aea270.jpg,test
yellowfin_segment.v18i.coco-segmentation/train\GPAB3077_jpg.rf.e6dd2d28fb69105d93898db9cb337457.jpg,GPAB3077,0.4170883559973344,0.055138720586569,0.0099016175586636,0.0,0.0023054483861861,0.0012636276868891,0.3319634431357939,0.3319634431357939,0.0635539432673417,0.0193586609387332,0.0037784004163441,0.0037784004163441,0.0,0.0,0.0,0.0,0.0055855032330048,0.0055855032330048,GPAB3077_jpg.rf.e6dd2d28fb69105d93898db9cb337457.jpg,train
yellowfin_segment.v18i.coco-segmentation/train\GPAB3078_jpg.rf.cd093ba40852e610c6dba2034d50c1dc.jpg,GPAB3078,0.4157315885797247,0.0,0.0,0.0,0.0035853995310366,0.0035853995310366,0.2383983423048338,0.2383983423048338,0.1560464968899011,0.1560464968899011,0.0,0.0,0.0067838370880487,0.0067838370880487,0.0,0.0,0.0109175127659043,0.0109175127659043,GPAB3078_jpg.rf.cd093ba40852e610c6dba2034d50c1dc.jpg,test
yellowfin_segment.v18i.coco-segmentation/train\GPAB3079_jpg.rf.a4a8223fb26f718eff035a84cb461caa.jpg,GPAB3079,0.2662394401630041,0.0027980327352546,0.0,0.0,0.0080993157590503,0.0053012830237957,0.1339522164375301,0.1339522164375301,0.0541948406350401,0.0541948406350401,0.0,0.0,0.0,0.0,0.0,0.0,0.0699930673313834,0.0699930673313834,GPAB3079_jpg.rf.a4a8223fb26f718eff035a84cb461caa.jpg,test
yellowfin_segment.v18i.coco-segmentation/train\GPAB3080_jpg.rf.78f928f2c19bd787656114709b49bc5b.jpg,GPAB3080,0.8953455099928369,0.0,0.0,0.0,0.0,0.0,0.8549180658430682,0.8549180658430682,0.0199962360026348,0.0199962360026348,0.0,0.0,0.0,0.0,0.0,0.0,0.0204312081471338,0.0204312081471338,GPAB3080_jpg.rf.78f928f2c19bd787656114709b49bc5b.jpg,train
yellowfin_segment.v18i.coco-segmentation/train\GPAB3090_jpg.rf.125d5f6ed38bdc5cbae2b664e2362386.jpg,GPAB3090,0.5545088271499434,0.0033895180355006,0.1441428552224503,0.1441428552224503,0.0406386888998565,0.0393318520595402,0.3305721083954425,0.3305721083954425,0.027811331552476,0.027811331552476,0.0,0.0,0.0,0.0,0.0020855618054128,0.0020855618054128,0.0092582812743051,0.0071756000791207,GPAB3090_jpg.rf.125d5f6ed38bdc5cbae2b664e2362386.jpg,test
yellowfin_segment.v18i.coco-segmentation/train\GPAB3091_jpg.rf.2419e7ae9b651b8df0f426db91599eee.jpg,GPAB3091,0.5503607484209455,0.0311518792140927,0.146888076770183,0.1225536417634711,0.0152297862779251,0.013707863873883,0.3028769614555147,0.3028769614555147,0.0086130245831276,0.0086130245831276,0.0645698384745824,0.0592743166712436,0.0,0.0,0.0034615332912124,0.0034615332912124,0.0087215275684,0.0087215275684,GPAB3091_jpg.rf.2419e7ae9b651b8df0f426db91599eee.jpg,test
yellowfin_segment.v18i.coco-segmentation/train\GPAB3092_jpg.rf.3bad61d847234ef79c48d0ea084de422.jpg,GPAB3092,0.6998865039569983,0.0,0.1298895958119768,0.1298895958119768,0.0092822863595424,0.0092822863595424,0.179536913099671,0.179536913099671,0.0036775790583477,0.0036775790583477,0.0060512018866076,0.0060512018866076,0.003595961768541,0.003595961768541,0.0171991634707896,0.0171991634707896,0.3506538025015219,0.3506538025015219,GPAB3092_jpg.rf.3bad61d847234ef79c48d0ea084de422.jpg,test
yellowfin_segment.v18i.coco-segmentation/train\GPAB3093_jpg.rf.285d85f2bda7ab2fe223676c69049377.jpg,GPAB3093,0.3609865513910467,0.0985082279830159,0.1434063792073713,0.0659630936217528,0.1110984150882523,0.1092721082034018,0.0,0.0,0.0157905450690674,0.0157905450690674,0.0497596610866045,0.0429681423712799,0.0,0.0,0.0046493049087518,0.0,0.0362822460309992,0.0284844341425287,GPAB3093_jpg.rf.285d85f2bda7ab2fe223676c69049377.jpg,test
yellowfin_segment.v18i.coco-segmentation/train\GPAB3095_jpg.rf.c30fe8fea9a0ca71fd70d7ad21b1c91c.jpg,GPAB3095,0.2718691127528456,0.0797093656320154,0.0024696431692089,0.0024696431692089,0.0,0.0,0.0,0.0,0.0,0.0,0.185308695794117,0.1284483304943319,0.0597813040714544,0.0369323037392241,0.024309469718065,0.024309469718065,0.0,0.0,GPAB3095_jpg.rf.c30fe8fea9a0ca71fd70d7ad21b1c91c.jpg,test
yellowfin_segment.v18i.coco-segmentation/train\GPAB3096_jpg.rf.a6470fed9e9e1c7e6665b90f39689d33.jpg,GPAB3096,0.2553804998050787,0.1307960278305356,0.0,0.0,0.0246253766397873,0.0192376753091374,0.0,0.0,0.0,0.0,0.1843993831653297,0.0899989053681131,0.0154247075700516,0.0105622375043929,0.0309310324299099,0.0047856537928994,0.0,0.0,GPAB3096_jpg.rf.a6470fed9e9e1c7e6665b90f39689d33.jpg,train
yellowfin_segment.v18i.coco-segmentation/train\GPAB3097_jpg.rf.1d99e8ef816fb9dcb878d24c738e0e5f.jpg,GPAB3097,0.984617541379966,0.9754015090556784,0.0,0.0,0.9649919438933944,0.0,0.0,0.0,0.0,0.0,0.0017802171211949,0.0,0.008629348041089,0.0,0.0092160323242875,0.0092160323242875,0.0,0.0,GPAB3097_jpg.rf.1d99e8ef816fb9dcb878d24c738e0e5f.jpg,test
yellowfin_segment.v18i.coco-segmentation/train\GPAB3098_jpg.rf.64f8658b6d719daf7a6ca2fc4cd9cecf.jpg,GPAB3098,0.0566145532269556,0.0213981329804905,0.0009640442231282,0.0,0.0,0.0,0.0,0.0,0.0,0.0,0.0221240467580652,0.0098430451506847,0.0052091034964846,0.0,0.0283173587492774,0.0253733750957802,0.0,0.0,GPAB3098_jpg.rf.64f8658b6d719daf7a6ca2fc4cd9cecf.jpg,test
yellowfin_segment.v18i.coco-segmentation/train\GPAB3099_jpg.rf.fd9c504343c7c4aa14009c61fb4860e5.jpg,GPAB3099,0.1700942727707437,0.0986013677137364,0.0,0.0,0.0102924203463261,0.0102924203463261,0.0,0.0,0.0,0.0,0.0772310806321211,0.0210783852451303,0.0289434113722651,0.0030198397228468,0.0536273604200313,0.0371022597427039,0.0,0.0,GPAB3099_jpg.rf.fd9c504343c7c4aa14009c61fb4860e5.jpg,test
yellowfin_segment.v18i.coco-segmentation/train\GPAB3100_jpg.rf.e7ec1e1b776eaf06f12dc677181b3f99.jpg,GPAB3100,0.1171265720930321,0.0394470764686791,0.0175669213766244,0.0175669213766244,0.0053416115669943,0.0053416115669943,0.0,0.0,0.0,0.0,0.0553221194377817,0.0334160388536707,0.0249979355626695,0.0074569396781014,0.0138979841489621,0.0138979841489621,0.0,0.0,GPAB3100_jpg.rf.e7ec1e1b776eaf06f12dc677181b3f99.jpg,test
yellowfin_segment.v18i.coco-segmentation/train\GPAB3101_jpg.rf.b62e7eeebc3c25bf04dbff6c796cb5d3.jpg,GPAB3101,0.363713529073999,0.1435504097187948,0.0,0.0,0.2809209502941103,0.2007093982789314,0.0,0.0,0.0576419708751101,0.0,0.007093982789314,0.0013970959608083,0.003098576402425,0.003098576402425,0.0,0.0,0.0149580487130393,0.0149580487130393,GPAB3101_jpg.rf.b62e7eeebc3c25bf04dbff6c796cb5d3.jpg,train
yellowfin_segment.v18i.coco-segmentation/train\GPAB3102_jpg.rf.474b567b589316cba823bc1f8cfcd7ea.jpg,GPAB3102,0.4559055390293879,0.0255606147606308,0.0,0.0,0.0939559036186225,0.0752837881176748,0.1900549812472274,0.1900549812472274,0.096034744000169,0.096034744000169,0.0307437927650593,0.0274051655102616,0.0,0.0,0.0035498720048855,0.0,0.0415662453934241,0.0415662453934241,GPAB3102_jpg.rf.474b567b589316cba823bc1f8cfcd7ea.jpg,test
yellowfin_segment.v18i.coco-segmentation/train\GPAB3103_jpg.rf.57b80bcdb3fdddfed29907c8e94f6a12.jpg,GPAB3103,0.1457435143060706,0.0283308015970103,0.0053752186863265,0.0,0.0017331671541299,0.0,0.0710761767772885,0.0710761767772885,0.0371368270654455,0.0371368270654455,0.0220126631625643,0.0017619732564146,0.0009717258504041,0.0,0.0,0.0,0.0074377356099116,0.0074377356099116,GPAB3103_jpg.rf.57b80bcdb3fdddfed29907c8e94f6a12.jpg,train
yellowfin_segment.v18i.coco-segmentation/train\GPAB3104_jpg.rf.e80e02c3e101d1c16303a7ca427c6a49.jpg,GPAB3104,0.4186707712161744,0.0,0.0,0.0,0.0,0.0,0.2946192121338984,0.2946192121338984,0.0819351171352139,0.0819351171352139,0.0047914150133564,0.0047914150133564,0.0,0.0,0.0,0.0,0.0373250269337056,0.0373250269337056,GPAB3104_jpg.rf.e80e02c3e101d1c16303a7ca427c6a49.jpg,train
yellowfin_segment.v18i.coco-segmentation/train\GPAB3114_jpg.rf.a0eef7d84c3db00e2182b17cfb131176.jpg,GPAB3114,0.2792415545309118,0.0242038473430211,0.0504836544573602,0.0262798071143391,0.0017101222723021,0.0017101222723021,0.2079570136137639,0.2079570136137639,0.0190907641874854,0.0190907641874854,0.0,0.0,0.0,0.0,0.0,0.0,0.0,0.0,GPAB3114_jpg.rf.a0eef7d84c3db00e2182b17cfb131176.jpg,test
yellowfin_segment.v18i.coco-segmentation/train\GPAB3115_jpg.rf.66786619ec5b1d81981d8d1dcbacae6b.jpg,GPAB3115,0.5738463636136679,0.0,0.0050410678998238,0.0050410678998238,0.0,0.0,0.1738947578655062,0.1738947578655062,0.3925148303416595,0.3925148303416595,0.0023957075066782,0.0023957075066782,0.0,0.0,0.0,0.0,0.0,0.0,GPAB3115_jpg.rf.66786619ec5b1d81981d8d1dcbacae6b.jpg,test
yellowfin_segment.v18i.coco-segmentation/train\GPAB3116_jpg.rf.ed8a4389d5c8493ac5b2c1d64f48a03b.jpg,GPAB3116,0.3920875398244364,0.0044467019893494,0.14781659346716,0.14781659346716,0.0175832448345857,0.0154429514348319,0.2160188814398442,0.2160188814398442,0.0072879438780311,0.0072879438780311,0.0033808762048152,0.0010744676152196,0.0,0.0,0.0,0.0,0.0,0.0,GPAB3116_jpg.rf.ed8a4389d5c8493ac5b2c1d64f48a03b.jpg,train
yellowfin_segment.v18i.coco-segmentation/train\GPAB3117_jpg.rf.48324a5515ea6a6df152c7f05a2f131c.jpg,GPAB3117,0.2160620905932712,0.0194258751773975,0.1044845340036833,0.1044845340036833,0.0559740975528255,0.0409680386693117,0.0,0.0,0.0138413321478021,0.0138413321478021,0.0369102190608058,0.0336397662480819,0.0037025443469944,0.0037025443469944,0.0011493634811598,0.0,0.0,0.0,GPAB3117_jpg.rf.48324a5515ea6a6df152c7f05a2f131c.jpg,train
yellowfin_segment.v18i.coco-segmentation/train\GPAB3118_jpg.rf.57920e1593dd8f883f267a8dc21b88b2.jpg,GPAB3118,0.3908968875966684,0.1617760306343295,0.0741353848399244,0.0671441438154258,0.1448015547613606,0.0630248711887126,0.0611198276242839,0.0611198276242839,0.0,0.0,0.0,0.0,0.0,0.0,0.0021374127895253,0.0021374127895253,0.108702707581574,0.0356946015443911,GPAB3118_jpg.rf.57920e1593dd8f883f267a8dc21b88b2.jpg,train
yellowfin_segment.v18i.coco-segmentation/train\GPAB3119_jpg.rf.1eb13bc3f53bc0650f9acc7db755b399.jpg,GPAB3119,0.3571025285996586,0.0183581289860444,0.0839774697871997,0.0693209249447402,0.0872191164976388,0.0861340866449148,0.1342124315615019,0.1342124315615019,0.0019818598371879,0.0019818598371879,0.0437382255056911,0.0423497713755682,0.0047453252497008,0.0047453252497008,0.001228100160738,0.0,0.0,0.0,GPAB3119_jpg.rf.1eb13bc3f53bc0650f9acc7db755b399.jpg,train
yellowfin_segment.v18i.coco-segmentation/train\GPAB3120_jpg.rf.5603d780549b726b1d30303f98c1122b.jpg,GPAB3120,0.2744318956527751,0.0429009281326156,0.031215252639119,0.0266053160701563,0.2241873318443779,0.1921991154606191,0.0,0.0,0.0,0.0,0.0035181852923723,0.0035181852923723,0.0,0.0,0.0155111258769057,0.0092083506970116,0.0,0.0,GPAB3120_jpg.rf.5603d780549b726b1d30303f98c1122b.jpg,train
yellowfin_segment.v18i.coco-segmentation/train\GPAB3121_jpg.rf.1b45c081583cecc29304e3ac5124201e.jpg,GPAB3121,0.0798918042798186,0.0043554826654478,0.0043218755461156,0.0043218755461156,0.0345327554189079,0.0316502247836181,0.0318979572632666,0.0318979572632666,0.0,0.0,0.0010235768345166,0.0010235768345166,0.0,0.0,0.001472952030158,0.0,0.0066426871868536,0.0066426871868536,GPAB3121_jpg.rf.1b45c081583cecc29304e3ac5124201e.jpg,train
yellowfin_segment.v18i.coco-segmentation/train\GPAB3122_jpg.rf.dfef5ccb273d37124bbe24778f8a3383.jpg,GPAB3122,0.1330035354689537,0.1089341166032612,0.0,0.0,0.0398196353915613,0.0,0.0,0.0,0.0,0.0,0.0028729286011948,0.0009861289015465,0.0,0.0,0.0,0.0,0.0903109714761975,0.023083289964146,GPAB3122_jpg.rf.dfef5ccb273d37124bbe24778f8a3383.jpg,train
yellowfin_segment.v18i.coco-segmentation/train\GPAB3123_jpg.rf.0e78506e475476935d0cdd5fd34e42bc.jpg,GPAB3123,0.2127388265930254,0.0164002742340937,0.0,0.0,0.0743053408434042,0.0665161707856192,0.043894738661438,0.043894738661438,0.0739807920909965,0.0739807920909965,0.0049421669486464,0.0,0.0015103999631281,0.0015103999631281,0.0,0.0,0.014105388085412,0.0104364508577497,GPAB3123_jpg.rf.0e78506e475476935d0cdd5fd34e42bc.jpg,train
yellowfin_segment.v18i.coco-segmentation/train\GPAB3124_jpg.rf.261f7fde12c4e7185009978cb8d41d5e.jpg,GPAB3124,0.3978890888245766,0.0394758825709638,0.0384138976000675,0.0,0.0252504690593655,0.0252504690593655,0.2276210192367151,0.2276210192367151,0.0845497510192559,0.0845497510192559,0.002219030079332,0.0011570451084357,0.0043862091745515,0.0043862091745515,0.0,0.0,0.0154487126552888,0.0154487126552888,GPAB3124_jpg.rf.261f7fde12c4e7185009978cb8d41d5e.jpg,train
yellowfin_segment.v18i.coco-segmentation/train\GPAB3125_jpg.rf.cdb4c107b0c18a67d6336053f841f63c.jpg,GPAB3125,0.4433585610775786,0.0573491088352156,0.094056724976619,0.069937375533633,0.0247962928466766,0.0247962928466766,0.1734885918232918,0.1734885918232918,0.0998726770279015,0.0998726770279015,0.0199645492901216,0.0066321249493492,0.0,0.0,0.0010456615129349,0.0010456615129349,0.030134063600033,0.0102367285485757,GPAB3125_jpg.rf.cdb4c107b0c18a67d6336053f841f63c.jpg,train
yellowfin_segment.v18i.coco-segmentation/train\GPAB3126_jpg.rf.7f2a9644a452c8bf6f9b43429e1cf1ca.jpg,GPAB3126,0.4903067465811958,0.2955861369672551,0.320803959110698,0.0252178221434428,0.0036362903117396,0.0036362903117396,0.156204930452467,0.156204930452467,0.0073522775064669,0.0073522775064669,0.0,0.0,0.0,0.0,0.0,0.0,0.002309289199824,0.002309289199824,GPAB3126_jpg.rf.7f2a9644a452c8bf6f9b43429e1cf1ca.jpg,test
yellowfin_segment.v18i.coco-segmentation/train\GPAB3127_jpg.rf.a33eb97ca070a71c354688a5df3fe396.jpg,GPAB3127,0.369385450613858,0.0280004916241456,0.1297369234698678,0.1297369234698678,0.0342005250392243,0.0342005250392243,0.1535662914831878,0.1535662914831878,0.0506584114778874,0.0226579198537418,0.0,0.0,0.0,0.0,0.0,0.0,0.0012232991436905,0.0012232991436905,GPAB3127_jpg.rf.a33eb97ca070a71c354688a5df3fe396.jpg,train
yellowfin_segment.v18i.coco-segmentation/train\GPAB3128_jpg.rf.9c417291ab540802a566e82e730a3fa4.jpg,GPAB3128,0.2205548823462762,0.0016294651859049,0.0,0.0,0.003985804352794,0.003985804352794,0.1942078609932728,0.1942078609932728,0.0115109184729693,0.0115109184729693,0.0039435554027765,0.0023140902168715,0.0015776142017925,0.0015776142017925,0.0,0.0,0.0053291289226709,0.0053291289226709,GPAB3128_jpg.rf.9c417291ab540802a566e82e730a3fa4.jpg,train
yellowfin_segment.v18i.coco-segmentation/train\GPAB3140_jpg.rf.3474ae4fcf56e867239b0fa23c90c845.jpg,GPAB3140,0.42694868480939,0.0,0.0,0.0,0.0,0.0,0.1885023323340816,0.1885023323340816,0.0699700224495557,0.0699700224495557,0.0146747887072397,0.0146747887072397,0.0,0.0,0.0,0.0,0.1538015413185129,0.1538015413185129,GPAB3140_jpg.rf.3474ae4fcf56e867239b0fa23c90c845.jpg,test
yellowfin_segment.v18i.coco-segmentation/train\GPAB3141_jpg.rf.496a8f719ffca8981eff66e05d24afae.jpg,GPAB3141,0.4193141075005329,0.0081089177931453,0.0179298782654117,0.0179298782654117,0.0114705899297707,0.0033616721366254,0.2494378009037434,0.2494378009037434,0.0560854811483264,0.0560854811483264,0.0020605965167661,0.0020605965167661,0.0,0.0,0.0,0.0,0.0823297607365144,0.0823297607365144,GPAB3141_jpg.rf.496a8f719ffca8981eff66e05d24afae.jpg,train
yellowfin_segment.v18i.coco-segmentation/train\GPAB3142_jpg.rf.47763a8ac2730698e4e7bffda081cd94.jpg,GPAB3142,0.1785114158583354,0.0057833051353598,0.0114091369115633,0.009812318641581,0.0174200102549724,0.0164137170818266,0.0398599639347599,0.0398599639347599,0.0986282534092022,0.0986282534092022,0.0038869034016165,0.0038869034016165,0.0023294534714233,0.0023294534714233,0.0,0.0,0.0049776944747975,0.0017975007825657,GPAB3142_jpg.rf.47763a8ac2730698e4e7bffda081cd94.jpg,train
yellowfin_segment.v18i.coco-segmentation/train\GPAB3143_jpg.rf.9fc36c71d76476227a44163b79392c05.jpg,GPAB3143,0.5191800631045681,0.1447362609295153,0.1331888547269853,0.0,0.0577053443001365,0.0490827176829139,0.0560345903676234,0.0560345903676234,0.1498551053055079,0.1498551053055079,0.0,0.0,0.0031264223013003,0.0031264223013003,0.0,0.0,0.1192697461030144,0.1163449665177071,GPAB3143_jpg.rf.9fc36c71d76476227a44163b79392c05.jpg,train
yellowfin_segment.v18i.coco-segmentation/train\GPAB3144_jpg.rf.a2b5b1860a1a0c32d5417f89d91114ef.jpg,GPAB3144,0.4062687839791981,0.0645957639666386,0.0,0.0,0.0887199144266721,0.0628520345750043,0.1777240490625534,0.1777240490625534,0.01118925033079,0.01118925033079,0.0045840110769065,0.0045840110769065,0.0161823080601394,0.0161823080601394,0.0,0.0,0.1078692510221365,0.0691413669071656,GPAB3144_jpg.rf.a2b5b1860a1a0c32d5417f89d91114ef.jpg,train
yellowfin_segment.v18i.coco-segmentation/train\GPAB3145_jpg.rf.60b0ade51bedfe79a34ae3c4cb01ef63.jpg,GPAB3145,0.2218117886092989,0.0208940261905081,0.0,0.0,0.0598437172930713,0.0528995262356377,0.0160478795828108,0.0160478795828108,0.0664816034628775,0.0664816034628775,0.0010879104629524,0.0010879104629524,0.0,0.0,0.0,0.0,0.0783506778075867,0.0644008426745121,GPAB3145_jpg.rf.60b0ade51bedfe79a34ae3c4cb01ef63.jpg,test
yellowfin_segment.v18i.coco-segmentation/train\GPAB3147_jpg.rf.08712d02692fd16b9c2191bf24d63a26.jpg,GPAB3147,0.2461654276842006,0.0078467822623544,0.0,0.0,0.0242288126316678,0.0208805833427753,0.1372034651820641,0.1372034651820641,0.0,0.0,0.027266896219295,0.027266896219295,0.0043689255131807,0.0043689255131807,0.0,0.0,0.0530973281379927,0.0485987751645308,GPAB3147_jpg.rf.08712d02692fd16b9c2191bf24d63a26.jpg,train
yellowfin_segment.v18i.coco-segmentation/train\GPAB3148_jpg.rf.215b32be1c7c28f0b92ea81efb374979.jpg,GPAB3148,0.1595301148595318,0.0075299151372226,0.0,0.0,0.042410264190366,0.040690539883969,0.0695513737630179,0.0695513737630179,0.0034567322741649,0.0034567322741649,0.0064948158617921,0.0064948158617921,0.0,0.0,0.0,0.0,0.0376169287701906,0.031806737939365,GPAB3148_jpg.rf.215b32be1c7c28f0b92ea81efb374979.jpg,train
yellowfin_segment.v18i.coco-segmentation/train\GPAB3149_jpg.rf.b85de5970d00d2f79e110927d0172e6e.jpg,GPAB3149,0.266395953318751,0.0093024506311417,0.0114782715570466,0.0102184846837954,0.1518023978199541,0.1437597340620637,0.0,0.0,0.0656212612079742,0.0656212612079742,0.0,0.0,0.0200576890208421,0.0200576890208421,0.0,0.0,0.0174363337129337,0.0174363337129337,GPAB3149_jpg.rf.b85de5970d00d2f79e110927d0172e6e.jpg,train
yellowfin_segment.v18i.coco-segmentation/train\GPAB3150_jpg.rf.6c8b56def24a487f2d90b80b7048e1f4.jpg,GPAB3150,0.5038600177061509,0.050056363940137,0.0369937567574314,0.0369937567574314,0.3395106419343874,0.2937156607255681,0.0,0.0,0.0,0.0,0.0022862443179963,0.0,0.0019751384133214,0.0,0.0,0.0,0.1230942362830141,0.1230942362830141,GPAB3150_jpg.rf.6c8b56def24a487f2d90b80b7048e1f4.jpg,train
yellowfin_segment.v18i.coco-segmentation/train\GPAB3151_jpg.rf.2c56a82516e6b16eb781cce5002c00e2.jpg,GPAB3151,0.5482886294632655,0.1948857646003729,0.439914311447737,0.247460742083603,0.0691346454832991,0.0691346454832991,0.0,0.0,0.0,0.0,0.0113572859274508,0.0113572859274508,0.0020538750928996,0.0020538750928996,0.0024321952362388,0.0,0.0233963162756398,0.0233963162756398,GPAB3151_jpg.rf.2c56a82516e6b16eb781cce5002c00e2.jpg,train
yellowfin_segment.v18i.coco-segmentation/train\GPAB3152_jpg.rf.20844ffc2344e194ff3830fb974c5f8f.jpg,GPAB3152,0.3363822992262681,0.1900693842983697,0.1514077542186536,0.0158827245963784,0.1102899238174614,0.0749477169243532,0.0,0.0,0.0,0.0,0.0128475216189797,0.0057900265592263,0.0180086149449899,0.0166998576978547,0.0,0.0,0.0438284846261832,0.0329925891500855,GPAB3152_jpg.rf.20844ffc2344e194ff3830fb974c5f8f.jpg,train
yellowfin_segment.v18i.coco-segmentation/train\GPAB3153_jpg.rf.861109ea12d8895926392ecc8c013b29.jpg,GPAB3153,0.446034647979828,0.1403923007049813,0.0,0.0,0.2581026764709836,0.1911428917101799,0.0,0.0,0.0287436890630911,0.0287436890630911,0.014493310262846,0.0037601565515638,0.0012108164993672,0.0012108164993672,0.0087906622138833,0.0033578313229874,0.1346934934696566,0.0774269621276571,GPAB3153_jpg.rf.861109ea12d8895926392ecc8c013b29.jpg,train
yellowfin_segment.v18i.coco-segmentation/train\GPAB3154_jpg.rf.87d38b2413cadb6976ac03e5f0992a06.jpg,GPAB3154,0.9766324898266447,0.0,0.0,0.0,0.0,0.0,0.9766324898266447,0.9766324898266447,0.0,0.0,0.0,0.0,0.0,0.0,0.0,0.0,0.0,0.0,GPAB3154_jpg.rf.87d38b2413cadb6976ac03e5f0992a06.jpg,test
yellowfin_segment.v18i.coco-segmentation/train\GPAB3155_jpg.rf.d0fa59781b378d4a698078e736ac7453.jpg,GPAB3155,0.7034488586062071,0.0,0.0,0.0,0.0,0.0,0.7017262536895816,0.7017262536895816,0.0,0.0,0.0,0.0,0.0017226049166255,0.0017226049166255,0.0,0.0,0.0,0.0,GPAB3155_jpg.rf.d0fa59781b378d4a698078e736ac7453.jpg,train
yellowfin_segment.v18i.coco-segmentation/train\GPAB3159_jpg.rf.ed9a35831ae623a1f7ac0a397fdfcda7.jpg,GPAB3159,0.33100996115017,0.0,0.0,0.0,0.001028377851564,0.001028377851564,0.3264576367857767,0.3264576367857767,0.0,0.0,0.0035239465128292,0.0035239465128292,0.0,0.0,0.0,0.0,0.0,0.0,GPAB3159_jpg.rf.ed9a35831ae623a1f7ac0a397fdfcda7.jpg,train
yellowfin_segment.v18i.coco-segmentation/train\GPAB3160_jpg.rf.f7c2f442d5222845a4cf61cc49b880d6.jpg,GPAB3160,0.3400214701482362,0.0679257493907509,0.0,0.0,0.0074790243565196,0.0074790243565196,0.2588458739099291,0.2588458739099291,0.0679257493907509,0.0,0.0026261563249558,0.0026261563249558,0.0,0.0,0.0,0.0,0.0031446661660806,0.0031446661660806,GPAB3160_jpg.rf.f7c2f442d5222845a4cf61cc49b880d6.jpg,train
yellowfin_segment.v18i.coco-segmentation/train\GPAB3161_jpg.rf.cb2162d68a96947fa46eb221ba5066b1.jpg,GPAB3161,0.8277855981011017,0.0,0.0137385903829867,0.0137385903829867,0.0,0.0,0.8060389112829662,0.8060389112829662,0.0044764682950436,0.0044764682950436,0.0,0.0,0.0,0.0,0.0,0.0,0.0035316281401051,0.0035316281401051,GPAB3161_jpg.rf.cb2162d68a96947fa46eb221ba5066b1.jpg,train
yellowfin_segment.v18i.coco-segmentation/train\GPAB3162_jpg.rf.8427e11d3cb16eaac10a9b2e994311b9.jpg,GPAB3162,0.9987085264142356,0.0,0.0,0.0,0.0,0.0,0.9987085264142356,0.9987085264142356,0.0,0.0,0.0,0.0,0.0,0.0,0.0,0.0,0.0,0.0,GPAB3162_jpg.rf.8427e11d3cb16eaac10a9b2e994311b9.jpg,train
yellowfin_segment.v18i.coco-segmentation/train\GPAB3163_jpg.rf.0e42e962764a40f2e739c5cd3e6b899f.jpg,GPAB3163,0.9988458355017928,0.0,0.0,0.0,0.0,0.0,0.9988458355017928,0.9988458355017928,0.0,0.0,0.0,0.0,0.0,0.0,0.0,0.0,0.0,0.0,GPAB3163_jpg.rf.0e42e962764a40f2e739c5cd3e6b899f.jpg,train
yellowfin_segment.v18i.coco-segmentation/train\GPAB3188_jpg.rf.652a96859d459386ddd0760e01ffd599.jpg,GPAB3188,0.3011428340979753,0.0181468842359565,0.0,0.0,0.2071408407156972,0.1889939564797406,0.0059667039865725,0.0059667039865725,0.0502138372992934,0.0502138372992934,0.0218628714306838,0.0218628714306838,0.0014902356915288,0.0014902356915288,0.0,0.0,0.0144683449741993,0.0144683449741993,GPAB3188_jpg.rf.652a96859d459386ddd0760e01ffd599.jpg,train
yellowfin_segment.v18i.coco-segmentation/train\GPAB3190_jpg.rf.26f6a121f4430f3d59f86dedf34efe38.jpg,GPAB3190,0.3142265657556897,0.0053080044476621,0.0,0.0,0.0755440032416467,0.0702359987939845,0.0243872461942337,0.0243872461942337,0.142589246105895,0.142589246105895,0.0612609775254789,0.0612609775254789,0.0,0.0,0.0,0.0,0.0104450926884351,0.0104450926884351,GPAB3190_jpg.rf.26f6a121f4430f3d59f86dedf34efe38.jpg,train
yellowfin_segment.v18i.coco-segmentation/train\GPAB3191_jpg.rf.e826bca6abc790f4761354a9d8dccd08.jpg,GPAB3191,0.1912437130681763,0.0114437042343049,0.025991746091492,0.0196332791138474,0.0912030004436139,0.0900728410306439,0.0089980661503332,0.0089980661503332,0.0219972999080125,0.0219972999080125,0.016761310716062,0.0128062328723716,0.0,0.0,0.0014489469449208,0.0014489469449208,0.0248433428137416,0.0248433428137416,GPAB3191_jpg.rf.e826bca6abc790f4761354a9d8dccd08.jpg,train
yellowfin_segment.v18i.coco-segmentation/train\GPAB3192_jpg.rf.1439ae1e342b14aff4b7668dcbeaf30e.jpg,GPAB3192,0.4159581965843644,0.053857809238309,0.0148476253209479,0.0148476253209479,0.0879555925127179,0.0869867472725422,0.1995475521534482,0.1995475521534482,0.0047674099281191,0.0047674099281191,0.0910378454571816,0.0381488814590482,0.0,0.0,0.0,0.0,0.0178021712119495,0.0178021712119495,GPAB3192_jpg.rf.1439ae1e342b14aff4b7668dcbeaf30e.jpg,train
yellowfin_segment.v18i.coco-segmentation/train\GPAB3193_jpg.rf.26438fdc8ba83c1997cdc08912b8e571.jpg,GPAB3193,0.4606777499745546,0.0076998711407024,0.0,0.0,0.0273369910681878,0.0273369910681878,0.1275524607132775,0.1275524607132775,0.0753414003222442,0.0753414003222442,0.2070880295281752,0.1993881583874728,0.0,0.0,0.0,0.0,0.0233588683426697,0.0233588683426697,GPAB3193_jpg.rf.26438fdc8ba83c1997cdc08912b8e571.jpg,train
yellowfin_segment.v18i.coco-segmentation/train\GPAB3196_jpg.rf.b987e9397cd4dc6740305db480e7d1a3.jpg,GPAB3196,0.0603084557432646,0.0,0.0,0.0,0.0314937116278712,0.0314937116278712,0.0,0.0,0.0204523326221426,0.0204523326221426,0.0014153398255886,0.0014153398255886,0.0,0.0,0.0,0.0,0.006947071667662,0.006947071667662,GPAB3196_jpg.rf.b987e9397cd4dc6740305db480e7d1a3.jpg,train
yellowfin_segment.v18i.coco-segmentation/train\GPAB3197_jpg.rf.61ef5ee307e4fe0e326bb6dfa6132654.jpg,GPAB3197,0.2181361299577702,0.0088914835718798,0.0,0.0,0.0294148712463248,0.0283461648515621,0.1490763803404113,0.1422378116580216,0.0304643735728976,0.0304643735728976,0.0069326686165197,0.0059484601217922,0.0,0.0,0.0,0.0,0.0022478361816167,0.0022478361816167,GPAB3197_jpg.rf.61ef5ee307e4fe0e326bb6dfa6132654.jpg,train
yellowfin_segment.v18i.coco-segmentation/train\GPAB3198_jpg.rf.6a4a94373c659a065374d5d3634da775.jpg,GPAB3198,0.169327070246561,0.0338135630651997,0.0160987703635138,0.0160987703635138,0.0225273321900511,0.0225273321900511,0.033242242036553,0.033242242036553,0.0697971858358474,0.0384993557035122,0.0025157329328644,0.0,0.0,0.0,0.0,0.0,0.025145806887731,0.025145806887731,GPAB3198_jpg.rf.6a4a94373c659a065374d5d3634da775.jpg,test
yellowfin_segment.v18i.coco-segmentation/train\GPAB3199_jpg.rf.12b7ef0103aaee8e8ecbbd351b47aecd.jpg,GPAB3199,0.162229246643609,0.0,0.0,0.0,0.0776420476913829,0.0776420476913829,0.0203812775698403,0.0203812775698403,0.048526759908819,0.048526759908819,0.0022257515031984,0.0022257515031984,0.0022103882486465,0.0022103882486465,0.0,0.0,0.0112430217217215,0.0112430217217215,GPAB3199_jpg.rf.12b7ef0103aaee8e8ecbbd351b47aecd.jpg,test
yellowfin_segment.v18i.coco-segmentation/train\GPAB3200_jpg.rf.195175530cb552d58d2e1d0d144f0c0f.jpg,GPAB3200,0.2351346109159764,0.0,0.0,0.0,0.0291210490030208,0.0291210490030208,0.1826393303157341,0.1826393303157341,0.004432298938207,0.004432298938207,0.0099313838643578,0.0099313838643578,0.0,0.0,0.0,0.0,0.0090105487946566,0.0090105487946566,GPAB3200_jpg.rf.195175530cb552d58d2e1d0d144f0c0f.jpg,train
yellowfin_segment.v18i.coco-segmentation/train\GPAB3201_jpg.rf.64c5d806908d0ba5fcd43bc8fbac2fe3.jpg,GPAB3201,0.3191840959588879,0.0,0.0033213435934268,0.0033213435934268,0.0200596094276611,0.0200596094276611,0.2741495958503849,0.2741495958503849,0.0085573327853772,0.0085573327853772,0.0024542799146571,0.0024542799146571,0.0012069756857292,0.0012069756857292,0.0014921560983478,0.0014921560983478,0.0079428026033034,0.0079428026033034,GPAB3201_jpg.rf.64c5d806908d0ba5fcd43bc8fbac2fe3.jpg,train
yellowfin_segment.v18i.coco-segmentation/train\GPAB3202_jpg.rf.26fcceb9e7688f7eb1ddf902d85cb3e8.jpg,GPAB3202,0.1097282048229096,0.0078285383975741,0.0,0.0,0.0010254972413356,0.0010254972413356,0.09938585389929,0.09938585389929,0.0014883152847099,0.0014883152847099,0.0,0.0,0.0078285383975741,0.0,0.0,0.0,0.0,0.0,GPAB3202_jpg.rf.26fcceb9e7688f7eb1ddf902d85cb3e8.jpg,train
yellowfin_segment.v18i.coco-segmentation/train\GPAB3203_jpg.rf.f3c3a83f132b77b020cd73afb748d82e.jpg,GPAB3203,0.1920666073901095,0.0034788169525832,0.0236334865177839,0.0224572373411583,0.0049661720338836,0.0036439719390155,0.1156968292163011,0.1156968292163011,0.0047971762338133,0.0047971762338133,0.0023044881827766,0.001324120501687,0.0,0.0,0.0,0.0,0.0406684552055507,0.0406684552055507,GPAB3203_jpg.rf.f3c3a83f132b77b020cd73afb748d82e.jpg,train
yellowfin_segment.v18i.coco-segmentation/train\GPAB3204_jpg.rf.4d64e7738074531250627689a92bb0d3.jpg,GPAB3204,0.0888754673790095,0.007199605164358,0.0090326334730749,0.0073004265223544,0.0120985629595773,0.0075923283588395,0.0579905247127551,0.0579905247127551,0.0087925826207023,0.0087925826207023,0.0009611636128997,0.0,0.0,0.0,0.0,0.0,0.0,0.0,GPAB3204_jpg.rf.4d64e7738074531250627689a92bb0d3.jpg,test
yellowfin_segment.v18i.coco-segmentation/train\GPAB3205_jpg.rf.8246c4bca81e9d44ca242b4c3e16fa1b.jpg,GPAB3205,0.9926640459514944,0.0,0.0,0.0,0.0,0.0,0.9926640459514944,0.9926640459514944,0.0,0.0,0.0,0.0,0.0,0.0,0.0,0.0,0.0,0.0,GPAB3205_jpg.rf.8246c4bca81e9d44ca242b4c3e16fa1b.jpg,train
yellowfin_segment.v18i.coco-segmentation/train\GPAB3206_jpg.rf.4e643a6937100e965b0d605f248af3bf.jpg,GPAB3206,0.9970665785840072,0.0,0.0,0.0,0.0,0.0,0.9970665785840072,0.9970665785840072,0.0,0.0,0.0,0.0,0.0,0.0,0.0,0.0,0.0,0.0,GPAB3206_jpg.rf.4e643a6937100e965b0d605f248af3bf.jpg,train
yellowfin_segment.v18i.coco-segmentation/train\GPAB3207_jpg.rf.59b13473fdee7f43b0c8751b7481a7a2.jpg,GPAB3207,0.9937145084814768,0.0,0.0,0.0,0.0,0.0,0.9937145084814768,0.9937145084814768,0.0,0.0,0.0,0.0,0.0,0.0,0.0,0.0,0.0,0.0,GPAB3207_jpg.rf.59b13473fdee7f43b0c8751b7481a7a2.jpg,test
yellowfin_segment.v18i.coco-segmentation/train\GPAB3208_jpg.rf.88ac674c1a1d170840701939258f0f75.jpg,GPAB3208,0.0360354737547602,0.0,0.0,0.0,0.0016160223381721,0.0016160223381721,0.0316483043767991,0.0316483043767991,0.0027711470397889,0.0027711470397889,0.0,0.0,0.0,0.0,0.0,0.0,0.0,0.0,GPAB3208_jpg.rf.88ac674c1a1d170840701939258f0f75.jpg,train
yellowfin_segment.v18i.coco-segmentation/train\GPAB3209_jpg.rf.f6dac21895ad4908531149409119db3c.jpg,GPAB3209,0.9950616738649916,0.0,0.0,0.0,0.0,0.0,0.9950616738649916,0.9950616738649916,0.0,0.0,0.0,0.0,0.0,0.0,0.0,0.0,0.0,0.0,GPAB3209_jpg.rf.f6dac21895ad4908531149409119db3c.jpg,train
yellowfin_segment.v18i.coco-segmentation/train\GPAB3210_jpg.rf.d299f498373d90b3cc0570fb8429706d.jpg,GPAB3210,0.9975543619160284,0.0,0.0,0.0,0.0,0.0,0.9975543619160284,0.9975543619160284,0.0,0.0,0.0,0.0,0.0,0.0,0.0,0.0,0.0,0.0,GPAB3210_jpg.rf.d299f498373d90b3cc0570fb8429706d.jpg,train
yellowfin_segment.v18i.coco-segmentation/train\GPAB3211_jpg.rf.2bbee665257083af1512a10f8e4cb798.jpg,GPAB3211,0.9988717609938488,0.0,0.0,0.0,0.0,0.0,0.974202214997225,0.974202214997225,0.0246695459966239,0.0246695459966239,0.0,0.0,0.0,0.0,0.0,0.0,0.0,0.0,GPAB3211_jpg.rf.2bbee665257083af1512a10f8e4cb798.jpg,train
yellowfin_segment.v18i.coco-segmentation/train\GPAB3212_jpg.rf.18fffd5daee83a4157cdafc4403a2b74.jpg,GPAB3212,0.9963752321291742,0.0,0.0010581441572582,0.0010581441572582,0.001275150127803,0.001275150127803,0.9894646481910728,0.9894646481910728,0.0,0.0,0.0,0.0,0.0,0.0,0.0045772896530401,0.0045772896530401,0.0,0.0,GPAB3212_jpg.rf.18fffd5daee83a4157cdafc4403a2b74.jpg,test
yellowfin_segment.v18i.coco-segmentation/train\GPAB3213_jpg.rf.aad7bced0969440a4a59c024517dbe40.jpg,GPAB3213,0.0066465280004916,0.0,0.0011637665323022,0.0011637665323022,0.0044889509393669,0.0044889509393669,0.0,0.0,0.0,0.0,0.0,0.0,0.0009938105288224,0.0009938105288224,0.0,0.0,0.0,0.0,GPAB3213_jpg.rf.aad7bced0969440a4a59c024517dbe40.jpg,train
yellowfin_segment.v18i.coco-segmentation/train\GPAB3214_jpg.rf.a9331ffc6e7ef157654776be1e3f6aa5.jpg,GPAB3214,0.0054635573999996,0.0,0.0022487963850262,0.0022487963850262,0.0,0.0,0.0,0.0,0.0,0.0,0.0,0.0,0.0032147610149734,0.0032147610149734,0.0,0.0,0.0,0.0,GPAB3214_jpg.rf.a9331ffc6e7ef157654776be1e3f6aa5.jpg,train
yellowfin_segment.v18i.coco-segmentation/train\GPAB3215_jpg.rf.006beb5ee5b8d23dc7a38e00e61556ec.jpg,GPAB3215,0.0225570984957453,0.0012905133823549,0.0,0.0,0.0165116578295946,0.0165116578295946,0.0,0.0,0.0,0.0,0.0,0.0,0.0035345087503336,0.0035345087503336,0.0012905133823549,0.0,0.0012204185334621,0.0012204185334621,GPAB3215_jpg.rf.006beb5ee5b8d23dc7a38e00e61556ec.jpg,test
yellowfin_segment.v18i.coco-segmentation/train\GPAB3216_jpg.rf.6eae2e3fa8c98eff50cf0d32d1c876b1.jpg,GPAB3216,0.0126967696836897,0.0,0.0,0.0,0.0033501496957115,0.0033501496957115,0.0015478478960983,0.0015478478960983,0.0062153966696304,0.0062153966696304,0.0,0.0,0.0015833754222494,0.0015833754222494,0.0,0.0,0.0,0.0,GPAB3216_jpg.rf.6eae2e3fa8c98eff50cf0d32d1c876b1.jpg,test
yellowfin_segment.v18i.coco-segmentation/train\GPAB3217_jpg.rf.2f1ef4bd35e7cb3d66255acbcc57cad6.jpg,GPAB3217,0.0,0.0,0.0,0.0,0.0,0.0,0.0,0.0,0.0,0.0,0.0,0.0,0.0,0.0,0.0,0.0,0.0,0.0,GPAB3217_jpg.rf.2f1ef4bd35e7cb3d66255acbcc57cad6.jpg,train
yellowfin_segment.v18i.coco-segmentation/train\GPAB3218_jpg.rf.d9d14010d4157d4108be2e17946d432c.jpg,GPAB3218,0.0589536087324738,0.0287628931312809,0.0017408487814058,0.0,0.0221336487921601,0.0221336487921601,0.0,0.0,0.001972257803093,0.001972257803093,0.0058015490001401,0.0,0.0060848090059398,0.0060848090059398,0.0212204953497348,0.0,0.0,0.0,GPAB3218_jpg.rf.d9d14010d4157d4108be2e17946d432c.jpg,train
yellowfin_segment.v18i.coco-segmentation/train\GPAB3219_jpg.rf.ff338c196dc32a1235219d6a9764c2bc.jpg,GPAB3219,0.17238051708874,0.0104278090270642,0.001026457444745,0.001026457444745,0.088974368330187,0.0795586136967255,0.0,0.0,0.0,0.0,0.0823796913138079,0.0813676369202051,0.0,0.0,0.0,0.0,0.0,0.0,GPAB3219_jpg.rf.ff338c196dc32a1235219d6a9764c2bc.jpg,train
yellowfin_segment.v18i.coco-segmentation/train\GPAB3220_jpg.rf.c40e169919da8e837e5cb08ee3bd4133.jpg,GPAB3220,0.0897338892270938,0.0498844875298383,0.0,0.0,0.0823499250081137,0.0343455157540573,0.0,0.0,0.0,0.0,0.0043141939188397,0.0024341156430578,0.0,0.0,0.0,0.0,0.0030697703001403,0.0030697703001403,GPAB3220_jpg.rf.c40e169919da8e837e5cb08ee3bd4133.jpg,test
yellowfin_segment.v18i.coco-segmentation/train\GPAB3221_jpg.rf.8d374c772359fb68a5172ca00d2a6e6e.jpg,GPAB3221,0.2519016828524955,0.0514486588838979,0.0,0.0,0.2141887337413557,0.1752313610115166,0.0125767442575035,0.0125767442575035,0.004189367475606,0.004189367475606,0.0084555512239712,0.0084555512239712,0.0,0.0,0.0,0.0,0.0124912861540588,0.0,GPAB3221_jpg.rf.8d374c772359fb68a5172ca00d2a6e6e.jpg,train
yellowfin_segment.v18i.coco-segmentation/train\GPAB3222_jpg.rf.ef789681cc6f68d058b4fab3aa2fddd8.jpg,GPAB3222,0.4244425539106204,0.0012713093141651,0.0012713093141651,0.0,0.0254809178776432,0.0254809178776432,0.0025426186283302,0.0025426186283302,0.0,0.0,0.0,0.0,0.0,0.0,0.0,0.0,0.3951477080904819,0.3951477080904819,GPAB3222_jpg.rf.ef789681cc6f68d058b4fab3aa2fddd8.jpg,test
yellowfin_segment.v18i.coco-segmentation/train\GPAB3223_jpg.rf.665c44ab9c7d66a0223d88910b91bfc1.jpg,GPAB3223,0.188804796408071,0.1504533120296203,0.0,0.0,0.1826249272645917,0.0321716152349713,0.0,0.0,0.0,0.0,0.0,0.0,0.0061798691434793,0.0061798691434793,0.0,0.0,0.0,0.0,GPAB3223_jpg.rf.665c44ab9c7d66a0223d88910b91bfc1.jpg,train
yellowfin_segment.v18i.coco-segmentation/train\GPAB3224_jpg.rf.3496e1b9cc1114642afead4714dc1e93.jpg,GPAB3224,0.2812839071828976,0.0256787197799981,0.0,0.0,0.1841209241765775,0.1841209241765775,0.0,0.0,0.0,0.0,0.09716298300632,0.0714842632263218,0.0,0.0,0.0,0.0,0.0,0.0,GPAB3224_jpg.rf.3496e1b9cc1114642afead4714dc1e93.jpg,train
yellowfin_segment.v18i.coco-segmentation/train\GPAB3225_jpg.rf.83718ce0f906ef09e77f85fef62d54c7.jpg,GPAB3225,0.0015756937949735,0.0,0.0,0.0,0.0,0.0,0.0,0.0,0.0,0.0,0.0015756937949735,0.0015756937949735,0.0,0.0,0.0,0.0,0.0,0.0,GPAB3225_jpg.rf.83718ce0f906ef09e77f85fef62d54c7.jpg,train
yellowfin_segment.v18i.coco-segmentation/train\GPAB3226_jpg.rf.c75bfba17fbb447344c44f31fb1f214a.jpg,GPAB3226,0.0089366131321259,0.0079504842305794,0.0,0.0,0.0053608156351841,0.0,0.0,0.0,0.0,0.0,0.0011003931072758,0.0,0.0,0.0,0.0009861289015465,0.0009861289015465,0.0014892754881194,0.0,GPAB3226_jpg.rf.c75bfba17fbb447344c44f31fb1f214a.jpg,train
yellowfin_segment.v18i.coco-segmentation/train\GPAB3227_jpg.rf.2b959500f6e4dec0055fc1e6488e6c59.jpg,GPAB3227,0.2621816205544983,0.0616613823472364,0.0056786429637254,0.0036478127526535,0.1701720492469124,0.1251183450702196,0.0196832096911409,0.0196832096911409,0.0259639001926168,0.0259639001926168,0.0329849075228096,0.0232705296289966,0.0028364408716342,0.0028364408716342,0.0048624700656587,0.0,0.0,0.0,GPAB3227_jpg.rf.2b959500f6e4dec0055fc1e6488e6c59.jpg,train
yellowfin_segment.v18i.coco-segmentation/train\GPAB3228_jpg.rf.92aef0621bb3c3054cd3952cab4294ff.jpg,GPAB3228,0.1919437013536947,0.0054453135352193,0.0,0.0,0.1296764306550699,0.1296764306550699,0.01079364652608,0.01079364652608,0.0122819618107899,0.0122819618107899,0.0172932634049196,0.0172932634049196,0.0016966794245693,0.0016966794245693,0.0054453135352193,0.0,0.0147564059970464,0.0147564059970464,GPAB3228_jpg.rf.92aef0621bb3c3054cd3952cab4294ff.jpg,train
yellowfin_segment.v18i.coco-segmentation/train\GPAB3256_jpg.rf.7d206d4c2dfb923b428f093deabfd85f.jpg,GPAB3256,0.9987930243142707,0.0,0.0,0.0,0.0,0.0,0.9987930243142707,0.9987930243142707,0.0,0.0,0.0,0.0,0.0,0.0,0.0,0.0,0.0,0.0,GPAB3256_jpg.rf.7d206d4c2dfb923b428f093deabfd85f.jpg,train
yellowfin_segment.v18i.coco-segmentation/train\GPAB3257_jpg.rf.3ee28745ceb92561a0b0b7379c7e81aa.jpg,GPAB3257,0.3744534042091477,0.0013970959608083,0.0129560246042521,0.0115589286434438,0.0,0.0,0.3595356840393069,0.3595356840393069,0.0019616955655886,0.0019616955655886,0.0,0.0,0.0,0.0,0.0,0.0,0.0,0.0,GPAB3257_jpg.rf.3ee28745ceb92561a0b0b7379c7e81aa.jpg,train
yellowfin_segment.v18i.coco-segmentation/train\GPAB3258_jpg.rf.c7ef61abe1c7481746e6bde8d974d808.jpg,GPAB3258,0.5274416532398223,0.0,0.0,0.0,0.0,0.0,0.5274416532398223,0.5274416532398223,0.0,0.0,0.0,0.0,0.0,0.0,0.0,0.0,0.0,0.0,GPAB3258_jpg.rf.c7ef61abe1c7481746e6bde8d974d808.jpg,train
yellowfin_segment.v18i.coco-segmentation/train\GPAB3259_jpg.rf.839025428ad843c1b67707a3f6164648.jpg,GPAB3259,0.9987094866176452,0.0,0.0,0.0,0.0,0.0,0.9987094866176452,0.9987094866176452,0.0,0.0,0.0,0.0,0.0,0.0,0.0,0.0,0.0,0.0,GPAB3259_jpg.rf.839025428ad843c1b67707a3f6164648.jpg,test
yellowfin_segment.v18i.coco-segmentation/train\GPAB3260_jpg.rf.2a852c74755eedf1b0bbf6519188576e.jpg,GPAB3260,0.9986441927857996,0.0,0.0,0.0,0.0,0.0,0.9986441927857996,0.9986441927857996,0.0,0.0,0.0,0.0,0.0,0.0,0.0,0.0,0.0,0.0,GPAB3260_jpg.rf.2a852c74755eedf1b0bbf6519188576e.jpg,train
yellowfin_segment.v18i.coco-segmentation/train\GPAB3261_jpg.rf.8999c48d44cc28e7c338a83f1c9f0ff3.jpg,GPAB3261,0.9973277539113886,0.0,0.0,0.0,0.0,0.0,0.9973277539113886,0.9973277539113886,0.0,0.0,0.0,0.0,0.0,0.0,0.0,0.0,0.0,0.0,GPAB3261_jpg.rf.8999c48d44cc28e7c338a83f1c9f0ff3.jpg,test
yellowfin_segment.v18i.coco-segmentation/train\GPAB3262_jpg.rf.77bd56029fdd05e1a937a6123d894b5b.jpg,GPAB3262,0.9963704311121268,0.0,0.0,0.0,0.0,0.0,0.9963704311121268,0.9963704311121268,0.0,0.0,0.0,0.0,0.0,0.0,0.0,0.0,0.0,0.0,GPAB3262_jpg.rf.77bd56029fdd05e1a937a6123d894b5b.jpg,train
yellowfin_segment.v18i.coco-segmentation/train\GPAB3263_jpg.rf.d701924d1f6c7c918723e49532d90267.jpg,GPAB3263,0.9764327675174708,0.0,0.0,0.0,0.0,0.0,0.9764327675174708,0.9764327675174708,0.0,0.0,0.0,0.0,0.0,0.0,0.0,0.0,0.0,0.0,GPAB3263_jpg.rf.d701924d1f6c7c918723e49532d90267.jpg,train
yellowfin_segment.v18i.coco-segmentation/train\GPAB3264_jpg.rf.7edd339bc280e2edab14e6c55b7b5448.jpg,GPAB3264,0.9992231954417224,0.0,0.0,0.0,0.0,0.0,0.9992231954417224,0.9992231954417224,0.0,0.0,0.0,0.0,0.0,0.0,0.0,0.0,0.0,0.0,GPAB3264_jpg.rf.7edd339bc280e2edab14e6c55b7b5448.jpg,train
yellowfin_segment.v18i.coco-segmentation/train\GPAB3265_jpg.rf.8995466d2b3f0f2c217c0f02097fd53f.jpg,GPAB3265,0.999253921950826,0.0,0.0,0.0,0.0,0.0,0.9779412470737802,0.9779412470737802,0.0213126748770459,0.0213126748770459,0.0,0.0,0.0,0.0,0.0,0.0,0.0,0.0,GPAB3265_jpg.rf.8995466d2b3f0f2c217c0f02097fd53f.jpg,train
yellowfin_segment.v18i.coco-segmentation/train\GPAB3266_jpg.rf.8a9ceca39439e1caada154d49866ef8d.jpg,GPAB3266,0.9979998962980318,0.0,0.0,0.0,0.0,0.0,0.9979998962980318,0.9979998962980318,0.0,0.0,0.0,0.0,0.0,0.0,0.0,0.0,0.0,0.0,GPAB3266_jpg.rf.8a9ceca39439e1caada154d49866ef8d.jpg,test
yellowfin_segment.v18i.coco-segmentation/train\GPAB3267_jpg.rf.e3a20dea0057ae4369291cfe9aaf4c33.jpg,GPAB3267,0.9972547784522672,0.0022046270281896,0.0,0.0,0.0,0.0,0.0,0.0,0.9950501514240776,0.9950501514240776,0.0,0.0,0.0022046270281896,0.0,0.0,0.0,0.0,0.0,GPAB3267_jpg.rf.e3a20dea0057ae4369291cfe9aaf4c33.jpg,train
yellowfin_segment.v18i.coco-segmentation/train\GPAB3268_jpg.rf.29fefe45e6a87e115961b6cbdb159bec.jpg,GPAB3268,0.9983465297288576,0.0,0.0,0.0,0.0,0.0,0.9983465297288576,0.9983465297288576,0.0,0.0,0.0,0.0,0.0,0.0,0.0,0.0,0.0,0.0,GPAB3268_jpg.rf.29fefe45e6a87e115961b6cbdb159bec.jpg,train
yellowfin_segment.v18i.coco-segmentation/train\GPAB3269_jpg.rf.c2d884cd6974e828bacc14f4aaf2636f.jpg,GPAB3269,0.9992174342212654,0.0,0.0,0.0,0.0,0.0,0.9992174342212654,0.9992174342212654,0.0,0.0,0.0,0.0,0.0,0.0,0.0,0.0,0.0,0.0,GPAB3269_jpg.rf.c2d884cd6974e828bacc14f4aaf2636f.jpg,train
yellowfin_segment.v18i.coco-segmentation/train\GPAB3270_jpg.rf.e0b91e356fe900e9f8f67900f88a75b3.jpg,GPAB3270,0.999304812731529,0.0,0.0,0.0,0.0,0.0,0.999304812731529,0.999304812731529,0.0,0.0,0.0,0.0,0.0,0.0,0.0,0.0,0.0,0.0,GPAB3270_jpg.rf.e0b91e356fe900e9f8f67900f88a75b3.jpg,test
yellowfin_segment.v18i.coco-segmentation/train\GPAB3271_jpg.rf.21bf1e78667a608bb741f6939825a79c.jpg,GPAB3271,0.9980488666719156,0.0,0.0,0.0,0.0,0.0,0.9980488666719156,0.9980488666719156,0.0,0.0,0.0,0.0,0.0,0.0,0.0,0.0,0.0,0.0,GPAB3271_jpg.rf.21bf1e78667a608bb741f6939825a79c.jpg,train
yellowfin_segment.v18i.coco-segmentation/train\GPAB3272_jpg.rf.2b8771d36365460b06cf19eab013370a.jpg,GPAB3272,0.9987872630938138,0.0,0.0,0.0,0.0,0.0,0.9987872630938138,0.9987872630938138,0.0,0.0,0.0,0.0,0.0,0.0,0.0,0.0,0.0,0.0,GPAB3272_jpg.rf.2b8771d36365460b06cf19eab013370a.jpg,train
yellowfin_segment.v18i.coco-segmentation/train\GPAB3273_jpg.rf.7792a8041112c3f484a16677ed8557f4.jpg,GPAB3273,0.777837737146237,0.0033856772218626,0.0048096588781367,0.001423981656274,0.0086888806524774,0.0086888806524774,0.7536722979395956,0.7536722979395956,0.0106668996760273,0.0106668996760273,0.0,0.0,0.0,0.0,0.0,0.0,0.0,0.0,GPAB3273_jpg.rf.7792a8041112c3f484a16677ed8557f4.jpg,train
yellowfin_segment.v18i.coco-segmentation/train\GPAB3274_jpg.rf.6f8cbaf27e8d238f2d942b271ee4af69.jpg,GPAB3274,0.8194529529135453,0.0,0.0,0.0,0.0,0.0,0.8194529529135453,0.8194529529135453,0.0,0.0,0.0,0.0,0.0,0.0,0.0,0.0,0.0,0.0,GPAB3274_jpg.rf.6f8cbaf27e8d238f2d942b271ee4af69.jpg,train
yellowfin_segment.v18i.coco-segmentation/train\GPAB3275_jpg.rf.1d25169dab7666cefd953b8af141cd76.jpg,GPAB3275,0.7347102010089818,0.2018433985055394,0.0,0.0,0.0,0.0,0.5279832079627749,0.5279832079627749,0.205434559257033,0.0035911607514935,0.0012924337891738,0.0012924337891738,0.0,0.0,0.0,0.0,0.0,0.0,GPAB3275_jpg.rf.1d25169dab7666cefd953b8af141cd76.jpg,train
yellowfin_segment.v18i.coco-segmentation/train\GPAB3276_jpg.rf.a8a21ae6b31115095960af1c82759954.jpg,GPAB3276,0.5809672320984477,0.0,0.0,0.0,0.0,0.0,0.5809672320984477,0.5809672320984477,0.0,0.0,0.0,0.0,0.0,0.0,0.0,0.0,0.0,0.0,GPAB3276_jpg.rf.a8a21ae6b31115095960af1c82759954.jpg,test
yellowfin_segment.v18i.coco-segmentation/train\GPAB3277_jpg.rf.723ca0b955fa1ca90899447e24f64111.jpg,GPAB3277,0.9844879139196848,0.0,0.0,0.0,0.0,0.0,0.9844879139196848,0.9844879139196848,0.0,0.0,0.0,0.0,0.0,0.0,0.0,0.0,0.0,0.0,GPAB3277_jpg.rf.723ca0b955fa1ca90899447e24f64111.jpg,train
yellowfin_segment.v18i.coco-segmentation/train\GPAB3278_jpg.rf.67e2d52633a3ffb9fbefaa6b690632d9.jpg,GPAB3278,0.1540108656617818,0.0024101105578205,0.0034682547150788,0.0010581441572582,0.0,0.0,0.1490485344415361,0.1490485344415361,0.0,0.0,0.0,0.0,0.0014940765051668,0.0014940765051668,0.0,0.0,0.0,0.0,GPAB3278_jpg.rf.67e2d52633a3ffb9fbefaa6b690632d9.jpg,train
yellowfin_segment.v18i.coco-segmentation/train\GPAB3279_jpg.rf.e80fecf07458b621fb3eb07d30d469f8.jpg,GPAB3279,0.9895203399888232,0.0,0.0,0.0,0.0,0.0,0.9895203399888232,0.9895203399888232,0.0,0.0,0.0,0.0,0.0,0.0,0.0,0.0,0.0,0.0,GPAB3279_jpg.rf.e80fecf07458b621fb3eb07d30d469f8.jpg,test
yellowfin_segment.v18i.coco-segmentation/train\GPAB3280_jpg.rf.9dcf0019e869d86acfed8f793c0121c8.jpg,GPAB3280,0.3127670565732645,0.0264536039314568,0.0186039410588739,0.0,0.0,0.0,0.2760642414489085,0.2682145785763256,0.018098874065482,0.018098874065482,0.0,0.0,0.0,0.0,0.0,0.0,0.0,0.0,GPAB3280_jpg.rf.9dcf0019e869d86acfed8f793c0121c8.jpg,train
yellowfin_segment.v18i.coco-segmentation/train\GPAB3281_jpg.rf.55f02dc1fe6c46a6329e2a014ae50f24.jpg,GPAB3281,0.2735101003796644,0.0099294634575388,0.0,0.0,0.0,0.0,0.2217762610831478,0.211846797625609,0.0338471701845318,0.0338471701845318,0.0,0.0,0.0178866691119846,0.0178866691119846,0.0,0.0,0.0,0.0,GPAB3281_jpg.rf.55f02dc1fe6c46a6329e2a014ae50f24.jpg,train
yellowfin_segment.v18i.coco-segmentation/train\GPAB3288_jpg.rf.7a58e4d38c7055a146449a1c5f7d18bb.jpg,GPAB3288,0.9896720521275228,0.0,0.0,0.0,0.0,0.0,0.986877860205906,0.986877860205906,0.0027941919216166,0.0027941919216166,0.0,0.0,0.0,0.0,0.0,0.0,0.0,0.0,GPAB3288_jpg.rf.7a58e4d38c7055a146449a1c5f7d18bb.jpg,train
yellowfin_segment.v18i.coco-segmentation/train\GPAB3405_jpg.rf.0a744a0303d7a1212bd37f5aef217427.jpg,GPAB3405,0.2959068449060248,0.0,0.0,0.0,0.0,0.0,0.2959068449060248,0.2959068449060248,0.0,0.0,0.0,0.0,0.0,0.0,0.0,0.0,0.0,0.0,GPAB3405_jpg.rf.0a744a0303d7a1212bd37f5aef217427.jpg,train
yellowfin_segment.v18i.coco-segmentation/train\GPAB3412_jpg.rf.aabe456f2f3adad085609422103a52ae.jpg,GPAB3412,0.9426710554363836,0.0,0.0,0.0,0.0,0.0,0.9426710554363836,0.9426710554363836,0.0,0.0,0.0,0.0,0.0,0.0,0.0,0.0,0.0,0.0,GPAB3412_jpg.rf.aabe456f2f3adad085609422103a52ae.jpg,train
yellowfin_segment.v18i.coco-segmentation/train\GPAB3413_jpg.rf.d71936d8b4efe613f0112d09b364d35d.jpg,GPAB3413,0.9956080296049916,0.0,0.0,0.0,0.0,0.0,0.9956080296049916,0.9956080296049916,0.0,0.0,0.0,0.0,0.0,0.0,0.0,0.0,0.0,0.0,GPAB3413_jpg.rf.d71936d8b4efe613f0112d09b364d35d.jpg,train
yellowfin_segment.v18i.coco-segmentation/train\GPAB3414_jpg.rf.79f5f83a7d2e3362e7ffb0a7840a4535.jpg,GPAB3414,0.996695940067944,0.0,0.0063805516560628,0.0063805516560628,0.0,0.0,0.983824413363727,0.983824413363727,0.0,0.0,0.0064909750481542,0.0064909750481542,0.0,0.0,0.0,0.0,0.0,0.0,GPAB3414_jpg.rf.79f5f83a7d2e3362e7ffb0a7840a4535.jpg,train
yellowfin_segment.v18i.coco-segmentation/train\GPAB3415_jpg.rf.90f875249c32b02ae81d4b3bce2a27ef.jpg,GPAB3415,0.9968332491555012,0.0,0.0,0.0,0.0,0.0,0.9968332491555012,0.9968332491555012,0.0,0.0,0.0,0.0,0.0,0.0,0.0,0.0,0.0,0.0,GPAB3415_jpg.rf.90f875249c32b02ae81d4b3bce2a27ef.jpg,train
yellowfin_segment.v18i.coco-segmentation/train\GPAB3481_jpg.rf.e4fc253b7043c340198c9e586f1f566a.jpg,GPAB3481,0.985238792985906,0.0,0.0,0.0,0.0,0.0,0.985238792985906,0.985238792985906,0.0,0.0,0.0,0.0,0.0,0.0,0.0,0.0,0.0,0.0,GPAB3481_jpg.rf.e4fc253b7043c340198c9e586f1f566a.jpg,train
yellowfin_segment.v18i.coco-segmentation/train\GPAB3580_jpg.rf.ffad78ff6b840b81c294748dc1370522.jpg,GPAB3580,0.7365096221983665,0.497634058799016,0.0352701916373964,0.0268453669225288,0.6834228562978781,0.1942136222137297,0.0,0.0,0.0,0.0,0.0,0.0,0.0,0.0,0.0144885092457986,0.0144885092457986,0.0033280650172932,0.0033280650172932,GPAB3580_jpg.rf.ffad78ff6b840b81c294748dc1370522.jpg,test
yellowfin_segment.v18i.coco-segmentation/train\GPAB3586_jpg.rf.c59c039c860f1f9b98ea9f314e7dca24.jpg,GPAB3586,0.2277804130026905,0.1958248435348544,0.0041307950676271,0.0,0.2151230116587898,0.031955569467836,0.0,0.0,0.0,0.0,0.0,0.0,0.0,0.0,0.0085266062762735,0.0,0.0,0.0,GPAB3586_jpg.rf.c59c039c860f1f9b98ea9f314e7dca24.jpg,train
yellowfin_segment.v18i.coco-segmentation/train\GPAB3587_jpg.rf.25c7a80ed8216118dd3cb579f5aa563d.jpg,GPAB3587,0.4176020648214117,0.3246438125452496,0.0026347981556412,0.0026347981556412,0.3197746210557244,0.0605926759524737,0.0,0.0,0.0,0.0,0.0028652469739189,0.0028652469739189,0.0063863128765197,0.0063863128765197,0.0859410857596073,0.0204792183176084,0.0,0.0,GPAB3587_jpg.rf.25c7a80ed8216118dd3cb579f5aa563d.jpg,train
yellowfin_segment.v18i.coco-segmentation/train\GPAB3590_jpg.rf.a50fd703628d75dc3f8bdc270e10fd2a.jpg,GPAB3590,0.3127958626755492,0.242817198395308,0.1199553313373905,0.0,0.1893242664526053,0.0699786642802411,0.0,0.0,0.0,0.0,0.0,0.0,0.0,0.0,0.0035162648855533,0.0,0.0,0.0,GPAB3590_jpg.rf.a50fd703628d75dc3f8bdc270e10fd2a.jpg,train
yellowfin_segment.v18i.coco-segmentation/train\GPAB3591_jpg.rf.9e62f22fe7bdeccd173ff1e1d01228c6.jpg,GPAB3591,0.2337029476324264,0.1299260835415374,0.047202639407132,0.0,0.1751622263660333,0.103776864090889,0.0,0.0,0.0,0.0,0.0,0.0,0.0,0.0,0.011338081859261,0.0,0.0,0.0,GPAB3591_jpg.rf.9e62f22fe7bdeccd173ff1e1d01228c6.jpg,train
yellowfin_segment.v18i.coco-segmentation/train\GPAB3596_jpg.rf.622852fcf571639a210332332c8070c8.jpg,GPAB3596,0.441304685984679,0.347146179446654,0.0464479195272726,0.0,0.3923554365756841,0.094158506538025,0.0,0.0,0.0,0.0,0.0013164388744111,0.0,0.0011848910073109,0.0,0.0,0.0,0.0,0.0,GPAB3596_jpg.rf.622852fcf571639a210332332c8070c8.jpg,train
yellowfin_segment.v18i.coco-segmentation/train\GPAB3605_jpg.rf.5ac2aa8438d68ded3aa8d984a7d541ea.jpg,GPAB3605,0.5485766904861126,0.1881182509702855,0.0113774501990501,0.0,0.3864905141505176,0.2248489119935167,0.0,0.0,0.0,0.0,0.0,0.0,0.0,0.0,0.0150991986142344,0.0,0.1356095275223103,0.1356095275223103,GPAB3605_jpg.rf.5ac2aa8438d68ded3aa8d984a7d541ea.jpg,train
yellowfin_segment.v18i.coco-segmentation/train\GPAB3605_jpg.rf.f4da4dd3d31a95d97b751dc27409bdec.jpg,GPAB3605,0.5001478713250616,0.1798201731054706,0.0112478227387689,0.0,0.3338982530059168,0.1804251012534495,0.0,0.0,0.0040549389982773,0.0040549389982773,0.0,0.0,0.0,0.0,0.0150991986142344,0.0,0.1358476579678639,0.1358476579678639,GPAB3605_jpg.rf.f4da4dd3d31a95d97b751dc27409bdec.jpg,train
yellowfin_segment.v18i.coco-segmentation/train\GPAB3663_jpg.rf.e62d33ea7902a680b354db04cec4a201.jpg,GPAB3663,0.5832323519414353,0.5099745930177849,0.0025839073749383,0.0,0.5391494134117372,0.0689493262252675,0.0,0.0,0.0,0.0,0.0,0.0,0.0,0.0,0.0401489851610165,0.0043084326983828,0.0013500459937433,0.0,GPAB3663_jpg.rf.e62d33ea7902a680b354db04cec4a201.jpg,train
yellowfin_segment.v18i.coco-segmentation/train\GPAB3671_jpg.rf.ada0ddbaf3cc43539c7fefb5a1af2779.jpg,GPAB3671,0.5662319505764101,0.2465562304718631,0.0,0.0,0.3567770196438413,0.1349047382197444,0.0,0.0,0.0184839156326876,0.0,0.0,0.0,0.004234497035852,0.0010024523595078,0.0029679887387344,0.0,0.1837685295252946,0.1837685295252946,GPAB3671_jpg.rf.ada0ddbaf3cc43539c7fefb5a1af2779.jpg,test
yellowfin_segment.v18i.coco-segmentation/train\GPAB3676_jpg.rf.cf29c1b5e8ed14be8d55b94129a9427f.jpg,GPAB3676,0.5100994194610187,0.169822535205858,0.0,0.0,0.4930951772823554,0.3309801948444758,0.0,0.0,0.0093600628357111,0.0016525100677327,0.0,0.0,0.0045187172450611,0.0045187172450611,0.0031254620978908,0.0031254620978908,0.0,0.0,GPAB3676_jpg.rf.cf29c1b5e8ed14be8d55b94129a9427f.jpg,train
yellowfin_segment.v18i.coco-segmentation/train\GPAB3709_jpg.rf.a45e2057dad709053cf0cfe214794ee1.jpg,GPAB3709,0.5558559925334583,0.3200098708910495,0.0,0.0,0.3330388709544229,0.0207999262563781,0.0,0.0,0.0,0.0,0.0,0.0,0.0,0.0,0.0093984709720907,0.001627544779086,0.2134186506069445,0.2134186506069445,GPAB3709_jpg.rf.a45e2057dad709053cf0cfe214794ee1.jpg,train
yellowfin_segment.v18i.coco-segmentation/train\GPAB3732_jpg.rf.17cb4bb5e9fdf6d4fc4f7156adfc86f8.jpg,GPAB3732,0.2084476775560134,0.0147496845731799,0.0,0.0,0.0,0.0,0.0547392759682211,0.0547392759682211,0.128883302638831,0.1251125838497627,0.0248250989489613,0.0138461331648496,0.0,0.0,0.0,0.0,0.0,0.0,GPAB3732_jpg.rf.17cb4bb5e9fdf6d4fc4f7156adfc86f8.jpg,train
yellowfin_segment.v18i.coco-segmentation/train\GPAB4073_jpg.rf.6886e5e5c27978f16dcfe556ec6fc71c.jpg,GPAB4073,0.3153816904573064,0.0965014028571812,0.1537400883003055,0.0927642911874451,0.0677586739974996,0.050499017711912,0.0,0.0,0.0051390086475919,0.0051390086475919,0.0698298327517701,0.0640407663959533,0.0018973619371527,0.0,0.0012271399573285,0.0012271399573285,0.0157895848656579,0.0052100636998941,GPAB4073_jpg.rf.6886e5e5c27978f16dcfe556ec6fc71c.jpg,train
yellowfin_segment.v18i.coco-segmentation/train\GPAB4076_jpg.rf.c94e7dec6537b171e7a7ec59e4ff64dd.jpg,GPAB4076,0.2556272720813177,0.0242989074805606,0.1824386478031506,0.1688152818293027,0.0,0.0,0.0232138776278366,0.0232138776278366,0.0279323171820718,0.0279323171820718,0.0011061543277327,0.0011061543277327,0.0014604693858346,0.0014604693858346,0.0,0.0,0.019475805754691,0.0088002642479782,GPAB4076_jpg.rf.c94e7dec6537b171e7a7ec59e4ff64dd.jpg,train
yellowfin_segment.v18i.coco-segmentation/train\GPAB4077_jpg.rf.c9ad90251943ebe0b020904f23bbbbbd.jpg,GPAB4077,0.193542440030496,0.0702427202178509,0.0334803724821066,0.0,0.0060502416831981,0.0037342310595076,0.0328235933500152,0.0075145518826708,0.0788634264282545,0.0788634264282545,0.0204206459096294,0.0184848758360971,0.0,0.0,0.0,0.0,0.0219041601772919,0.0147026346061149,GPAB4077_jpg.rf.c9ad90251943ebe0b020904f23bbbbbd.jpg,train
yellowfin_segment.v18i.coco-segmentation/train\GPAB4087_jpg.rf.0b3c644eb44aee30141ba3ed42989ad1.jpg,GPAB4087,0.1715902696827295,0.0958849522682885,0.0588105384244598,0.0068116829869239,0.0014758326403865,0.0,0.0163176967408775,0.0163176967408775,0.0111037922273454,0.0111037922273454,0.0273053043556747,0.0273053043556747,0.0050909984771173,0.0050909984771173,0.0,0.0,0.051486106816868,0.0090758426265019,GPAB4087_jpg.rf.0b3c644eb44aee30141ba3ed42989ad1.jpg,test
yellowfin_segment.v18i.coco-segmentation/train\GPAB4093_jpg.rf.24dd5cf3a470f49ab60fa436ea11fdfa.jpg,GPAB4093,0.3449377116048264,0.2283296493529189,0.1973746118377717,0.0336522488924053,0.0012962746028118,0.0012962746028118,0.0,0.0,0.0344309738575019,0.0344309738575019,0.0089980661503332,0.0089980661503332,0.0,0.0,0.0,0.0,0.1028377851564075,0.0382304987488549,GPAB4093_jpg.rf.24dd5cf3a470f49ab60fa436ea11fdfa.jpg,train
yellowfin_segment.v18i.coco-segmentation/train\GPAB4096_jpg.rf.39c6815800f20b8678d0f61c3e1d2ad6.jpg,GPAB4096,0.3158041799574821,0.1069954659195003,0.2249324496901423,0.139085463864665,0.0087244081786285,0.0064324026401752,0.0,0.0,0.0061289783627763,0.0061289783627763,0.0,0.0,0.0,0.0,0.0,0.0,0.0760183437259349,0.057161869170365,GPAB4096_jpg.rf.39c6815800f20b8678d0f61c3e1d2ad6.jpg,train
yellowfin_segment.v18i.coco-segmentation/train\GPAB4102_jpg.rf.f6eb7ddcb156cec380829d721e732203.jpg,GPAB4102,0.3570487572087271,0.0508600541938804,0.1992047595362601,0.1992047595362601,0.0752578626256186,0.0419407247231253,0.0,0.0,0.0022920055384532,0.0022920055384532,0.0056488766580312,0.0030419244012651,0.0011003931072758,0.0,0.0,0.0,0.0735448597430879,0.0597092888157427,GPAB4102_jpg.rf.f6eb7ddcb156cec380829d721e732203.jpg,train
yellowfin_segment.v18i.coco-segmentation/train\GPAB4356_jpg.rf.a4c2fab051c83d8f922555d153eea266.jpg,GPAB4356,0.6624078444777741,0.143527364836967,0.0547507984091349,0.0547507984091349,0.3532031425537186,0.2286369144439558,0.0,0.0,0.0119554926515633,0.0119554926515633,0.0032646915922669,0.0032646915922669,0.0033866374252721,0.0033866374252721,0.0,0.0,0.2358470818458182,0.2168859451186139,GPAB4356_jpg.rf.a4c2fab051c83d8f922555d153eea266.jpg,train
yellowfin_segment.v18i.coco-segmentation/train\GPAB4410_jpg.rf.9548ace7ba62af809617e4b4a701449f.jpg,GPAB4410,0.434643754933045,0.3465844604521021,0.0523781357842845,0.0523781357842845,0.0163071345033731,0.0139440739126176,0.0101771959371873,0.0101771959371873,0.0,0.0,0.0042700245620032,0.0042700245620032,0.0,0.0,0.0021182087213355,0.0021182087213355,0.3493930554248612,0.0051716555635145,GPAB4410_jpg.rf.9548ace7ba62af809617e4b4a701449f.jpg,train
yellowfin_segment.v18i.coco-segmentation/train\GPAB4414_jpg.rf.41fc0520b81a5365ed2cebcb322ec768.jpg,GPAB4414,0.5002794191921617,0.3747568284865465,0.0092621220879431,0.0092621220879431,0.1738813150177733,0.1136602377847723,0.0,0.0,0.0030774519274163,0.0,0.0368372436016845,0.0016121815245341,0.0009880493083654,0.0009880493083654,0.0,0.0,0.2762332372489788,0.0,GPAB4414_jpg.rf.41fc0520b81a5365ed2cebcb322ec768.jpg,train
yellowfin_segment.v18i.coco-segmentation/train\GPAB4427_jpg.rf.d641d79fb8b16c710f5704f22c6c1f40.jpg,GPAB4427,0.3381836408224718,0.0018551129871351,0.0,0.0,0.0291777010041807,0.0291777010041807,0.1946322709002675,0.1946322709002675,0.0311768445027394,0.0311768445027394,0.020122022649278,0.0182669096621428,0.0,0.0,0.0027625052091034,0.0027625052091034,0.0603122965569026,0.0603122965569026,GPAB4427_jpg.rf.d641d79fb8b16c710f5704f22c6c1f40.jpg,test
yellowfin_segment.v18i.coco-segmentation/train\GPAB4429_jpg.rf.9c5778f2144405c14429452fd5c16a8c.jpg,GPAB4429,0.2679927715887333,0.0888226561914876,0.0973146951450195,0.0973146951450195,0.141607918221396,0.0527852620299084,0.0,0.0,0.0,0.0,0.0085880592944809,0.0085880592944809,0.0,0.0,0.0,0.0,0.0204820989278368,0.0204820989278368,GPAB4429_jpg.rf.9c5778f2144405c14429452fd5c16a8c.jpg,train
yellowfin_segment.v18i.coco-segmentation/train\GPAB4438_jpg.rf.7c5e910cd083c00029efa53e83f0c2a1.jpg,GPAB4438,0.4889567005874524,0.0,0.0,0.0,0.0352557885862541,0.0352557885862541,0.0,0.0,0.0,0.0,0.4377250476740992,0.4377250476740992,0.0,0.0,0.0,0.0,0.015975864327099,0.015975864327099,GPAB4438_jpg.rf.7c5e910cd083c00029efa53e83f0c2a1.jpg,test
yellowfin_segment.v18i.coco-segmentation/train\GPAB4446_jpg.rf.d76aab185399ee99678d32ea3165905d.jpg,GPAB4446,0.1484618501583375,0.1463013924869844,0.0,0.0,0.1444155529907455,0.0,0.0,0.0,0.0,0.0,0.0,0.0,0.0,0.0,0.0040462971675919,0.002160457671353,0.0,0.0,GPAB4446_jpg.rf.d76aab185399ee99678d32ea3165905d.jpg,train
yellowfin_segment.v18i.coco-segmentation/train\GPAB4447_jpg.rf.aeeafd0ada2ec9d0aaebd6965fb0895c.jpg,GPAB4447,0.3007529915137222,0.1648323580867371,0.0294696028406657,0.0,0.1703746521663149,0.1103840237515915,0.0,0.0,0.0,0.0,0.0387096402501906,0.0139392728955701,0.0,0.0,0.0,0.0,0.0621990962565509,0.0115973367798234,GPAB4447_jpg.rf.aeeafd0ada2ec9d0aaebd6965fb0895c.jpg,test
yellowfin_segment.v18i.coco-segmentation/train\GPAB4448_jpg.rf.ee36154d05bad5ec4095003019f0d7da.jpg,GPAB4448,0.5526661968071316,0.539262717414057,0.0,0.0,0.5446081697946893,0.0091872262220028,0.0,0.0,0.0,0.0,0.0038417738413705,0.0,0.0,0.0,0.0042162531710717,0.0042162531710717,0.0,0.0,GPAB4448_jpg.rf.ee36154d05bad5ec4095003019f0d7da.jpg,train
yellowfin_segment.v18i.coco-segmentation/train\GPAB4451_jpg.rf.411bce69ce7f9a897fa647a01fb3860d.jpg,GPAB4451,0.2655653773695419,0.1369144439558076,0.0,0.0,0.2362119591414245,0.1152023244604136,0.0047904548099469,0.0047904548099469,0.0,0.0,0.0,0.0,0.0,0.0,0.0245629634181705,0.0086581541433737,0.0,0.0,GPAB4451_jpg.rf.411bce69ce7f9a897fa647a01fb3860d.jpg,train
yellowfin_segment.v18i.coco-segmentation/train\GPAB4454_jpg.rf.5c968bee42f968821b240683bc03bef8.jpg,GPAB4454,0.2527917914130929,0.0082980778648148,0.0104364508577497,0.0104364508577497,0.1676774407890567,0.1639259260681783,0.0,0.0,0.0,0.0,0.0209458771746206,0.0163993140306842,0.0,0.0,0.0,0.0,0.0537320225916658,0.0537320225916658,GPAB4454_jpg.rf.5c968bee42f968821b240683bc03bef8.jpg,train
yellowfin_segment.v18i.coco-segmentation/train\GPAB4456_jpg.rf.4095bf134e113d9e917e6244502d5524.jpg,GPAB4456,0.1472596754896557,0.0340929822573614,0.0,0.0,0.0456384680530723,0.0431765065111393,0.00744061622014,0.00744061622014,0.001182970600492,0.001182970600492,0.0753049125926836,0.0436738918772552,0.0,0.0,0.0,0.0,0.0176927080232676,0.0176927080232676,GPAB4456_jpg.rf.4095bf134e113d9e917e6244502d5524.jpg,train
yellowfin_segment.v18i.coco-segmentation/train\GPAB4457_jpg.rf.1312e0f6c664f6ad040e3d483a8fbc3f.jpg,GPAB4457,0.2220028690877875,0.0142350155456931,0.0,0.0,0.094397597186988,0.0884462564549674,0.0,0.0,0.0488340249998559,0.0488340249998559,0.0469827528263587,0.0386990780126862,0.0,0.0,0.0209823649041813,0.0209823649041813,0.0108061291704034,0.0108061291704034,GPAB4457_jpg.rf.1312e0f6c664f6ad040e3d483a8fbc3f.jpg,train
yellowfin_segment.v18i.coco-segmentation/train\GPAB4462_jpg.rf.01068273795b1b0956583030599c0dee.jpg,GPAB4462,0.4842305794059413,0.0,0.0,0.0,0.0134246038680834,0.0134246038680834,0.0,0.0,0.0,0.0,0.0091497782890327,0.0091497782890327,0.0,0.0,0.0038369728243231,0.0038369728243231,0.457819224424502,0.457819224424502,GPAB4462_jpg.rf.01068273795b1b0956583030599c0dee.jpg,train
yellowfin_segment.v18i.coco-segmentation/train\GPAB4479_jpg.rf.e9535a9e7200ff32640d39823eb08211.jpg,GPAB4479,0.3582787777762841,0.0256844810004551,0.3327892180679555,0.3170620464239144,0.0020922832292792,0.0,0.0,0.0,0.0,0.0,0.0078064537191558,0.005564378757996,0.005622951165975,0.0,0.0039109084868538,0.0039109084868538,0.0060569631070646,0.0060569631070646,GPAB4479_jpg.rf.e9535a9e7200ff32640d39823eb08211.jpg,train
yellowfin_segment.v18i.coco-segmentation/train\GPAB4488_jpg.rf.94af4e778abfecc91782b790f52d8f89.jpg,GPAB4488,0.2877239914503488,0.1834113338569642,0.0,0.0,0.1968983509466645,0.0146296591469937,0.0,0.0,0.0,0.0,0.0770572838150033,0.0759146417577099,0.0,0.0,0.0137683566886809,0.0137683566886809,0.0,0.0,GPAB4488_jpg.rf.94af4e778abfecc91782b790f52d8f89.jpg,train
yellowfin_segment.v18i.coco-segmentation/train\GPAB4491_jpg.rf.12a0aec71fbb0323e170546f88ad9e24.jpg,GPAB4491,0.1617395429047689,0.0017888589518803,0.0296827679975726,0.0296827679975726,0.0460964850793992,0.0460964850793992,0.0202084409561321,0.0202084409561321,0.0,0.0,0.0062394017548677,0.0044505428029873,0.0,0.0,0.0,0.0,0.0595124471167972,0.0595124471167972,GPAB4491_jpg.rf.12a0aec71fbb0323e170546f88ad9e24.jpg,train
yellowfin_segment.v18i.coco-segmentation/train\GPAB4494_jpg.rf.c523c5a95299bacfd030f227431c02c8.jpg,GPAB4494,0.2548351042684882,0.0085093226149027,0.0,0.0,0.2182849614862412,0.2182849614862412,0.0029833519932862,0.0029833519932862,0.0,0.0,0.0085093226149027,0.0,0.0010485421231633,0.0010485421231633,0.0240089260508946,0.0240089260508946,0.0,0.0,GPAB4494_jpg.rf.c523c5a95299bacfd030f227431c02c8.jpg,train
yellowfin_segment.v18i.coco-segmentation/train\GPAB4498_jpg.rf.b6877a7fc44b00cec0c46af5dbae2b1a.jpg,GPAB4498,0.061605690549486,0.0038744207572932,0.0012674685005271,0.0012674685005271,0.0,0.0,0.0,0.0,0.0,0.0,0.0127015707007372,0.008827149943444,0.0,0.0,0.0476366513482216,0.0476366513482216,0.0,0.0,GPAB4498_jpg.rf.b6877a7fc44b00cec0c46af5dbae2b1a.jpg,train
yellowfin_segment.v18i.coco-segmentation/train\GPAB4505_jpg.rf.13a1db335485f434ce177e813406f6e1.jpg,GPAB4505,0.2423735844201235,0.1247073780109578,0.0,0.0,0.1176662064091657,0.1176662064091657,0.0,0.0,0.0,0.0,0.1247073780109578,0.0,0.0,0.0,0.0,0.0,0.0,0.0,GPAB4505_jpg.rf.13a1db335485f434ce177e813406f6e1.jpg,test
yellowfin_segment.v18i.coco-segmentation/train\GPAB4507_jpg.rf.8e55a9561d7c6ba559c55fd404f96b5c.jpg,GPAB4507,0.1600889532438552,0.0098507267779606,0.0,0.0,0.0398196353915613,0.0398196353915613,0.0,0.0,0.0,0.0,0.1104185910743331,0.1104185910743331,0.0,0.0,0.0098507267779606,0.0,0.0,0.0,GPAB4507_jpg.rf.8e55a9561d7c6ba559c55fd404f96b5c.jpg,train
yellowfin_segment.v18i.coco-segmentation/train\GPAB4525_jpg.rf.6ac0c98a728c8be78057fee83f71b76c.jpg,GPAB4525,0.3432928831643695,0.1784470822298995,0.0,0.0,0.2789582945251122,0.1053055079187975,0.0,0.0,0.0,0.0,0.028604459568715,0.0238101639451301,0.0044294183279785,0.0044294183279785,0.0313007107425637,0.0313007107425637,0.0,0.0,GPAB4525_jpg.rf.6ac0c98a728c8be78057fee83f71b76c.jpg,train
yellowfin_segment.v18i.coco-segmentation/train\GPAB4526_jpg.rf.acbd0ab7d910680595cd55a037d26f3e.jpg,GPAB4526,0.1385218244632943,0.0435701899090303,0.002313130013462,0.0,0.0635308983855139,0.0222738384899457,0.0062874119253422,0.0062874119253422,0.0,0.0,0.0083672125102981,0.0083672125102981,0.0011973736516343,0.0011973736516343,0.0568257979770434,0.0568257979770434,0.0,0.0,GPAB4526_jpg.rf.acbd0ab7d910680595cd55a037d26f3e.jpg,train
yellowfin_segment.v18i.coco-segmentation/train\GPAB4528_jpg.rf.5de0daa0ed0222a80389722c2d9b9b6d.jpg,GPAB4528,0.2239837687215659,0.0196198362661146,0.0,0.0,0.0423526519857966,0.0423526519857966,0.0604784117467444,0.0604784117467444,0.0,0.0,0.0877606712205913,0.0764225893613303,0.0082817544068535,0.0,0.0251102793615799,0.0251102793615799,0.0,0.0,GPAB4528_jpg.rf.5de0daa0ed0222a80389722c2d9b9b6d.jpg,train
yellowfin_segment.v18i.coco-segmentation/train\GPAB4529_jpg.rf.d3f81e072c8902d00583b47350aa6ec8.jpg,GPAB4529,0.0507822777177117,0.011187329923971,0.0,0.0,0.0,0.0,0.0023265728611949,0.0023265728611949,0.0,0.0,0.0484557048565168,0.0372683749325457,0.0,0.0,0.0,0.0,0.0,0.0,GPAB4529_jpg.rf.d3f81e072c8902d00583b47350aa6ec8.jpg,train
yellowfin_segment.v18i.coco-segmentation/train\GPAB4531_jpg.rf.822f10de5d5f23d8920ae0c54a335239.jpg,GPAB4531,0.9768533366108276,0.0,0.9768533366108276,0.9768533366108276,0.0,0.0,0.0,0.0,0.0,0.0,0.0,0.0,0.0,0.0,0.0,0.0,0.0,0.0,GPAB4531_jpg.rf.822f10de5d5f23d8920ae0c54a335239.jpg,train
yellowfin_segment.v18i.coco-segmentation/train\GPAB4534_jpg.rf.c9971bd4981c506c5892842e85189683.jpg,GPAB4534,0.2018155526066642,0.1902451015223064,0.0,0.0,0.1804913552887043,0.0,0.0,0.0,0.0,0.0,0.0097537462336021,0.0,0.0,0.0,0.0115704510843577,0.0115704510843577,0.0,0.0,GPAB4534_jpg.rf.c9971bd4981c506c5892842e85189683.jpg,train
yellowfin_segment.v18i.coco-segmentation/train\GPAB4535_jpg.rf.d00094f083e5ab28a3b18bd3a5f5e579.jpg,GPAB4535,0.1625029046153137,0.06382087981518,0.1120787827693418,0.0543235078919118,0.0378934673521238,0.0378934673521238,0.0,0.0,0.0,0.0,0.0,0.0,0.0,0.0,0.0010418206992969,0.0,0.011488833794551,0.0064650495560979,GPAB4535_jpg.rf.d00094f083e5ab28a3b18bd3a5f5e579.jpg,train
yellowfin_segment.v18i.coco-segmentation/train\GPAB4536_jpg.rf.626fb5f38e0392a40c4fd81e1b51fa7a.jpg,GPAB4536,0.2352651985796671,0.1581963923237498,0.0073119489632683,0.0,0.1372313110809394,0.0430161525417544,0.0,0.0,0.0,0.0,0.0067195034596128,0.0016352264063619,0.0,0.0,0.0814742194986586,0.0324174273078008,0.0025282155771878,0.0,GPAB4536_jpg.rf.626fb5f38e0392a40c4fd81e1b51fa7a.jpg,train
yellowfin_segment.v18i.coco-segmentation/train\GPAB4541_jpg.rf.e77dc1d8b513409bfb6fe75f8bc01f13.jpg,GPAB4541,0.2826829235505249,0.0161467805339883,0.0,0.0,0.1663792457794259,0.1663792457794259,0.0013087572471352,0.0013087572471352,0.0,0.0,0.0202622123470636,0.0041154318130752,0.0,0.0,0.0070008430585935,0.0070008430585935,0.0877318651183066,0.0877318651183066,GPAB4541_jpg.rf.e77dc1d8b513409bfb6fe75f8bc01f13.jpg,test
yellowfin_segment.v18i.coco-segmentation/train\GPAB4546_jpg.rf.8b2ed08293556ec68404056ddae731eb.jpg,GPAB4546,0.289927658275129,0.0097114972835845,0.0,0.0,0.1500077776476168,0.1402962803640323,0.0152096220063258,0.0152096220063258,0.0,0.0,0.0020433128553952,0.0020433128553952,0.0024398768635147,0.0024398768635147,0.1202270689022762,0.1202270689022762,0.0,0.0,GPAB4546_jpg.rf.8b2ed08293556ec68404056ddae731eb.jpg,train
yellowfin_segment.v18i.coco-segmentation/train\GPAB4553_jpg.rf.943f4941aea2cefec255237b0d6361d3.jpg,GPAB4553,0.1628965880132047,0.0866785219780958,0.0142254135115982,0.0,0.0,0.0,0.0,0.0,0.0,0.0,0.0885595604572872,0.0337607518776777,0.0,0.0,0.0394221111800323,0.0394221111800323,0.0206895028642867,0.0030352029773987,GPAB4553_jpg.rf.943f4941aea2cefec255237b0d6361d3.jpg,train
yellowfin_segment.v18i.coco-segmentation/train\GPAB4554_jpg.rf.6b291c5aaa77f010267e5d2c4688d0c7.jpg,GPAB4554,0.212046519934783,0.1522863403383372,0.0,0.0,0.062490998093036,0.0543033436203125,0.0098747318631979,0.0,0.0020452332622142,0.0020452332622142,0.1376355567163348,0.0034116027139189,0.0,0.0,0.0,0.0,0.0,0.0,GPAB4554_jpg.rf.6b291c5aaa77f010267e5d2c4688d0c7.jpg,train
yellowfin_segment.v18i.coco-segmentation/train\GPAB4555_jpg.rf.e9611418c52e38b5feea68c1d6d92b5d.jpg,GPAB4555,0.1481814707627664,0.0517232770590121,0.0,0.0,0.1208732857968632,0.069150008737851,0.0,0.0,0.0,0.0,0.0044226969041121,0.0044226969041121,0.0,0.0,0.022885488061791,0.022885488061791,0.0,0.0,GPAB4555_jpg.rf.e9611418c52e38b5feea68c1d6d92b5d.jpg,train
yellowfin_segment.v18i.coco-segmentation/train\GPAB4561_jpg.rf.36a5e769967fb55febee4557b2741043.jpg,GPAB4561,0.1531207571011843,0.0651776472327897,0.0,0.0,0.0805668272766902,0.0238552935053761,0.0253090414673444,0.0208316129688913,0.0,0.0,0.016817962717222,0.0128292777541994,0.0102482509894896,0.0102482509894896,0.0201786746504379,0.0201786746504379,0.0,0.0,GPAB4561_jpg.rf.36a5e769967fb55febee4557b2741043.jpg,train
yellowfin_segment.v18i.coco-segmentation/train\GPAB4579_jpg.rf.a48ec6435f51ef0c7d07347a796e51af.jpg,GPAB4579,0.9949186035569776,0.0,0.0,0.0,0.0,0.0,0.0,0.0,0.0,0.0,0.0,0.0,0.0,0.0,0.0,0.0,0.9949186035569776,0.9949186035569776,GPAB4579_jpg.rf.a48ec6435f51ef0c7d07347a796e51af.jpg,train
yellowfin_segment.v18i.coco-segmentation/train\GPAB4580_jpg.rf.0496ca1e8738a9c36fad566623244f47.jpg,GPAB4580,0.3274370442634567,0.22476729470371,0.0,0.0,0.2589851034043052,0.0342178087005951,0.0044169356836552,0.0044169356836552,0.0,0.0,0.0350752703452699,0.0350752703452699,0.0,0.0,0.0112372605012645,0.0112372605012645,0.0177224743289618,0.0177224743289618,GPAB4580_jpg.rf.0496ca1e8738a9c36fad566623244f47.jpg,train
yellowfin_segment.v18i.coco-segmentation/train\GPAB4582_jpg.rf.00e1bc8aa55f6785af673809468f4781.jpg,GPAB4582,0.1627986472654367,0.0418927145526508,0.0015948978631633,0.0,0.0884164901492732,0.0481186734597857,0.0125709830370465,0.0125709830370465,0.0,0.0,0.0353585303510695,0.0353585303510695,0.0,0.0,0.015190417938136,0.015190417938136,0.009667327926748,0.009667327926748,GPAB4582_jpg.rf.00e1bc8aa55f6785af673809468f4781.jpg,train
yellowfin_segment.v18i.coco-segmentation/train\GPAB4583_jpg.rf.d0f6ee6e27b8aac8b47085b723d6e97c.jpg,GPAB4583,0.144863007779568,0.073885731953457,0.0,0.0,0.0587740506948992,0.0278007693149716,0.0102914601429166,0.0102914601429166,0.0168726943115629,0.0168726943115629,0.0313016709459731,0.0037995248913529,0.0,0.0,0.0233185397994711,0.0122128271653066,0.0043045918847448,0.0,GPAB4583_jpg.rf.d0f6ee6e27b8aac8b47085b723d6e97c.jpg,train
yellowfin_segment.v18i.coco-segmentation/train\GPAB4584_jpg.rf.5e0c84dd7c16e04e3c9c949fcb14098e.jpg,GPAB4584,0.4823668245881207,0.3953608732473887,0.0,0.0,0.1557277093579503,0.0,0.0,0.0,0.0401557065848829,0.0401557065848829,0.021306913656589,0.0195545424342692,0.0,0.0,0.0,0.0,0.2651764949886984,0.0272957023215798,GPAB4584_jpg.rf.5e0c84dd7c16e04e3c9c949fcb14098e.jpg,train
yellowfin_segment.v18i.coco-segmentation/train\GPAB4585_jpg.rf.db7c05489c86feb0202db4c7dd4a8d2f.jpg,GPAB4585,0.2269748023421281,0.2027018203536237,0.2003233965083163,0.0017437293916343,0.0158337542224944,0.0158337542224944,0.0028335602614057,0.0028335602614057,0.0,0.0,0.0079840913499115,0.0038619381129698,0.0,0.0,0.0,0.0,0.0,0.0,GPAB4585_jpg.rf.db7c05489c86feb0202db4c7dd4a8d2f.jpg,train
yellowfin_segment.v18i.coco-segmentation/train\GPAB4591_jpg.rf.5ac7ba27479417886e5a0d0c916ff54a.jpg,GPAB4591,0.5232282806789791,0.0,0.0,0.0,0.0,0.0,0.5232282806789791,0.5232282806789791,0.0,0.0,0.0,0.0,0.0,0.0,0.0,0.0,0.0,0.0,GPAB4591_jpg.rf.5ac7ba27479417886e5a0d0c916ff54a.jpg,train
yellowfin_segment.v18i.coco-segmentation/train\GPAB4592_jpg.rf.974ab00ec7fa04dcc551ce9db859dc81.jpg,GPAB4592,0.0986464972739825,0.0,0.0,0.0,0.0,0.0,0.0952060884577788,0.0952060884577788,0.0034404088162036,0.0034404088162036,0.0,0.0,0.0,0.0,0.0,0.0,0.0,0.0,GPAB4592_jpg.rf.974ab00ec7fa04dcc551ce9db859dc81.jpg,test
yellowfin_segment.v18i.coco-segmentation/train\GPAB4600_jpg.rf.7e83c163f416736020b735d0bfeee1b3.jpg,GPAB4600,0.2732210791534079,0.0,0.0,0.0,0.0104940630623191,0.0104940630623191,0.0,0.0,0.0,0.0,0.0,0.0,0.0060560029036551,0.0060560029036551,0.0090960068981012,0.0090960068981012,0.2475750062893323,0.2475750062893323,GPAB4600_jpg.rf.7e83c163f416736020b735d0bfeee1b3.jpg,train
yellowfin_segment.v18i.coco-segmentation/train\GPAB4602_jpg.rf.7bef0784627890ce0bfb4278c99e4f5f.jpg,GPAB4602,0.2989238040186433,0.0130942938952187,0.0,0.0,0.0204340887573623,0.0073397948621435,0.0,0.0,0.0,0.0,0.0,0.0,0.0,0.0,0.0,0.0,0.2784897152612809,0.2784897152612809,GPAB4602_jpg.rf.7bef0784627890ce0bfb4278c99e4f5f.jpg,train
yellowfin_segment.v18i.coco-segmentation/train\GPAB4619_jpg.rf.e6b9dac7f6f65d310b5114459475f4be.jpg,GPAB4619,0.0842396053179905,0.0198589269150776,0.0039377941823195,0.0,0.041080382468222,0.041080382468222,0.0,0.0,0.0,0.0,0.0078842301953245,0.0078842301953245,0.0,0.0,0.005070834205518,0.005070834205518,0.0262663642666062,0.0103452315338481,GPAB4619_jpg.rf.e6b9dac7f6f65d310b5114459475f4be.jpg,train
yellowfin_segment.v18i.coco-segmentation/train\GPAB4624_jpg.rf.171cc1916947444aa4cda7c4944883bc.jpg,GPAB4624,0.5657508886682555,0.548536361942914,0.5397207344403838,0.0,0.0250507467501915,0.0162351192476614,0.0,0.0,0.0,0.0,0.0,0.0,0.0,0.0,0.00097940747768,0.00097940747768,0.0,0.0,GPAB4624_jpg.rf.171cc1916947444aa4cda7c4944883bc.jpg,test
yellowfin_segment.v18i.coco-segmentation/train\GPAB4627_jpg.rf.2fb7bd47296ae69f79ff5f44a291d51e.jpg,GPAB4627,0.0627176060976757,0.00862742763427,0.0017427691882248,0.0,0.0,0.0,0.0,0.0,0.0,0.0,0.0046857926383125,0.0,0.0021095668906501,0.0010331788686115,0.0530569995947941,0.0530569995947941,0.0011224777856941,0.0,GPAB4627_jpg.rf.2fb7bd47296ae69f79ff5f44a291d51e.jpg,train
yellowfin_segment.v18i.coco-segmentation/train\GPAB4628_jpg.rf.8640cf52804df4fb7657188b9a2a88b1.jpg,GPAB4628,0.1290177311161596,0.0884587390992907,0.0930360287523309,0.0148140182016158,0.0,0.0,0.0,0.0,0.0,0.0,0.029092242900736,0.022685765752617,0.0016093009143056,0.0016093009143056,0.0014499071483303,0.0014499071483303,0.0038302514004566,0.0,GPAB4628_jpg.rf.8640cf52804df4fb7657188b9a2a88b1.jpg,train
yellowfin_segment.v18i.coco-segmentation/train\GPAB4630_jpg.rf.fca28b4034a377b0c3e818f7d4f5dc9a.jpg,GPAB4630,0.1232641922864939,0.0452937550290653,0.0162591243328986,0.0,0.0139796014387687,0.0,0.0,0.0,0.0,0.0,0.0793012791829821,0.0779704372574286,0.0,0.0,0.0137241873318443,0.0,0.0,0.0,GPAB4630_jpg.rf.fca28b4034a377b0c3e818f7d4f5dc9a.jpg,train
yellowfin_segment.v18i.coco-segmentation/train\GPAB4631_jpg.rf.dd22940b64b82a91d566f7fa67cb397c.jpg,GPAB4631,0.1209577836968983,0.0414193342717721,0.0,0.0,0.0928881574272694,0.0514688231554972,0.0116943173241819,0.0116943173241819,0.0,0.0,0.0028258786341298,0.0028258786341298,0.0087042439070292,0.0087042439070292,0.0048451864042878,0.0048451864042878,0.0,0.0,GPAB4631_jpg.rf.dd22940b64b82a91d566f7fa67cb397c.jpg,test
yellowfin_segment.v18i.coco-segmentation/train\GPAB4642_jpg.rf.1bba5d5da6ee6019ae8e15d12fe59034.jpg,GPAB4642,0.2318449540350627,0.2013565753769278,0.0094330382948323,0.0,0.1882555600578426,0.0163004130795067,0.0,0.0,0.0,0.0,0.0341563556823877,0.0141879655786281,0.0,0.0,0.0,0.0,0.0,0.0,GPAB4642_jpg.rf.1bba5d5da6ee6019ae8e15d12fe59034.jpg,train
yellowfin_segment.v18i.coco-segmentation/train\GPAB4645_jpg.rf.762770d4b7be019fe6b898a15242bf8d.jpg,GPAB4645,0.4028581414686887,0.1956587283450126,0.0,0.0,0.2723761001530564,0.0806638078210488,0.0205550743869581,0.0205550743869581,0.0,0.0,0.0925098372839302,0.0925098372839302,0.0,0.0,0.0118037805128638,0.0078573444998588,0.00561334913188,0.00561334913188,GPAB4645_jpg.rf.762770d4b7be019fe6b898a15242bf8d.jpg,train
yellowfin_segment.v18i.coco-segmentation/train\GPAB4651_jpg.rf.7dd43fb9145f7d8fe7e26714948f9c92.jpg,GPAB4651,0.1594062486197076,0.0850922659456179,0.0,0.0,0.0448875889868509,0.0112852706717391,0.0336484080787674,0.0,0.0096567656892436,0.0,0.0180835108109301,0.0098987369484351,0.020960280225763,0.020960280225763,0.0321696948281523,0.0321696948281523,0.0,0.0,GPAB4651_jpg.rf.7dd43fb9145f7d8fe7e26714948f9c92.jpg,train
yellowfin_segment.v18i.coco-segmentation/train\GPAB4652_jpg.rf.c570831734f216ba9352a3381cbcaa47.jpg,GPAB4652,0.2105428413955212,0.1509458963786888,0.0,0.0,0.1376000291901836,0.0,0.0,0.0,0.0,0.0,0.0123203699471696,0.0,0.0010254972413356,0.0,0.0595969450168323,0.0595969450168323,0.0,0.0,GPAB4652_jpg.rf.c570831734f216ba9352a3381cbcaa47.jpg,train
yellowfin_segment.v18i.coco-segmentation/train\GPAB4656_jpg.rf.b71458af3c7814bcf5bbb13b2e7898b2.jpg,GPAB4656,0.1691705570908141,0.1156094507060375,0.0,0.0,0.1172283536544381,0.0065812341686462,0.0014460663346923,0.0014460663346923,0.0019857006508258,0.0019857006508258,0.0358203881910343,0.0308580569707886,0.0,0.0,0.0126900482598233,0.0126900482598233,0.0,0.0,GPAB4656_jpg.rf.b71458af3c7814bcf5bbb13b2e7898b2.jpg,train
yellowfin_segment.v18i.coco-segmentation/train\GPAB4658_jpg.rf.ded39fa01a4d8cd6a33f7b760137487d.jpg,GPAB4658,0.1828102465226233,0.0350426234293472,0.012675645208681,0.0,0.088488505404985,0.0734584414362338,0.0051889392248853,0.0051889392248853,0.0,0.0,0.0691202424321568,0.0691202424321568,0.0,0.0,0.0073369142519151,0.0,0.0,0.0,GPAB4658_jpg.rf.ded39fa01a4d8cd6a33f7b760137487d.jpg,train
yellowfin_segment.v18i.coco-segmentation/train\GPAB4668_jpg.rf.9b64fc78be54147de88dae3e766fc32a.jpg,GPAB4668,0.1909450898078249,0.0026213553079084,0.0,0.0,0.1333828158157024,0.1333828158157024,0.0,0.0,0.0,0.0,0.0335139796014387,0.0308926242935303,0.0,0.0,0.001322200094868,0.001322200094868,0.0227260942958156,0.0227260942958156,GPAB4668_jpg.rf.9b64fc78be54147de88dae3e766fc32a.jpg,test
yellowfin_segment.v18i.coco-segmentation/train\GPAB4697_jpg.rf.292fd9e107fea3d55c9bfd096212d60c.jpg,GPAB4697,0.407218425151184,0.1748751255465958,0.0,0.0,0.2093867564904949,0.1547166151677571,0.0431870687486437,0.0431870687486437,0.0133016978316686,0.0133016978316686,0.0027759480568363,0.0027759480568363,0.0049959383395778,0.0049959383395778,0.0,0.0,0.1335710156839624,0.0133660314601045,GPAB4697_jpg.rf.292fd9e107fea3d55c9bfd096212d60c.jpg,train
yellowfin_segment.v18i.coco-segmentation/train\GPAB4698_jpg.rf.25243bc4c2c864ddaa33e789c26e180e.jpg,GPAB4698,0.5865719393996425,0.3648398476733311,0.0010696665981721,0.0,0.5534228370938099,0.2217320917263113,0.0,0.0,0.0,0.0,0.0054462737386287,0.0,0.0,0.0,0.0266331619690315,0.0,0.0,0.0,GPAB4698_jpg.rf.25243bc4c2c864ddaa33e789c26e180e.jpg,train
yellowfin_segment.v18i.coco-segmentation/train\GPAB4699_jpg.rf.0d6e76c517269db09ec4782f5dacd29b.jpg,GPAB4699,0.285587538864233,0.1754570088127469,0.0291008847314215,0.0151683332597177,0.1930008853075435,0.0712077246443886,0.0045580855848502,0.0,0.0,0.0,0.0447205135935996,0.0237544721473797,0.0,0.0,0.0,0.0,0.0142071696468179,0.0,GPAB4699_jpg.rf.0d6e76c517269db09ec4782f5dacd29b.jpg,train
yellowfin_segment.v18i.coco-segmentation/train\GPAB4700_jpg.rf.d8e12fbb64685ee6cd74a619a0073d75.jpg,GPAB4700,0.0165299016943749,0.0,0.0,0.0,0.0061443416173282,0.0061443416173282,0.0079283995521611,0.0079283995521611,0.0024571605248855,0.0024571605248855,0.0,0.0,0.0,0.0,0.0,0.0,0.0,0.0,GPAB4700_jpg.rf.d8e12fbb64685ee6cd74a619a0073d75.jpg,train
yellowfin_segment.v18i.coco-segmentation/train\GPAB4701_jpg.rf.a45eb667fac3084a3428071bc71fd11e.jpg,GPAB4701,0.2254221534289824,0.0501658271288189,0.0,0.0,0.1164745939779883,0.0663087668491693,0.0105228691646038,0.0105228691646038,0.0071266297052367,0.0071266297052367,0.020370715332336,0.020370715332336,0.0,0.0,0.0028297194477678,0.0028297194477678,0.0680976258010497,0.0680976258010497,GPAB4701_jpg.rf.a45eb667fac3084a3428071bc71fd11e.jpg,test
yellowfin_segment.v18i.coco-segmentation/train\GPAB4702_jpg.rf.3378d632b7a7c15b5ace4e81185da950.jpg,GPAB4702,0.3717197051023289,0.1751363008739771,0.0,0.0,0.2209063167941496,0.0457700159201725,0.0397245752540218,0.0397245752540218,0.0013702102653426,0.0013702102653426,0.0031245018944813,0.0031245018944813,0.0,0.0,0.0025262951703688,0.0025262951703688,0.1040678057239645,0.1040678057239645,GPAB4702_jpg.rf.3378d632b7a7c15b5ace4e81185da950.jpg,train
yellowfin_segment.v18i.coco-segmentation/train\GPAB4703_jpg.rf.56c9b72e12b4eb872342433fc2f49833.jpg,GPAB4703,0.5200644104447086,0.1786880932856816,0.0314937116278712,0.0038504156720559,0.4418712059962782,0.307779760064372,0.0,0.0,0.0,0.0,0.009659646299472,0.0,0.0,0.0,0.0139258300478373,0.0116837550866775,0.0231140164732496,0.0180623863359214,GPAB4703_jpg.rf.56c9b72e12b4eb872342433fc2f49833.jpg,train
yellowfin_segment.v18i.coco-segmentation/train\GPAB4704_jpg.rf.11f2a8e934d7dd311afb0f66af02c859.jpg,GPAB4704,0.4622745682445369,0.3556526214513282,0.0,0.0,0.4404846722729743,0.0906115151433679,0.0,0.0,0.0,0.0,0.0,0.0,0.0,0.0,0.0217898959715626,0.0160104316498407,0.0,0.0,GPAB4704_jpg.rf.11f2a8e934d7dd311afb0f66af02c859.jpg,train
yellowfin_segment.v18i.coco-segmentation/train\GPAB4705_jpg.rf.b5c44f0c2c4fd0f3946874519ffa0715.jpg,GPAB4705,0.2944338928758668,0.2702559710249019,0.0,0.0,0.2756004632021247,0.0140554575081185,0.0,0.0,0.0,0.0,0.0,0.0,0.0,0.0,0.018833429673742,0.0101224643428463,0.0,0.0,GPAB4705_jpg.rf.b5c44f0c2c4fd0f3946874519ffa0715.jpg,train
yellowfin_segment.v18i.coco-segmentation/train\GPAB4706_jpg.rf.db3d09671ba54781fdfb79212c4a7024.jpg,GPAB4706,0.0244026094487856,0.0016016192870297,0.0,0.0,0.0188852806578545,0.0188852806578545,0.0,0.0,0.0013999765710368,0.0013999765710368,0.0,0.0,0.0016016192870297,0.0,0.0025157329328644,0.0025157329328644,0.0,0.0,GPAB4706_jpg.rf.db3d09671ba54781fdfb79212c4a7024.jpg,train
yellowfin_segment.v18i.coco-segmentation/train\GPAB4707_jpg.rf.4f386fdf457538f6c9b6d6e80216f6bf.jpg,GPAB4707,0.1024229772835077,0.1004324756156344,0.0,0.0,0.0623652114463928,0.0,0.0,0.0,0.0,0.0,0.0122810016073805,0.0019905016678733,0.0,0.0,0.0277767642297344,0.0,0.0,0.0,GPAB4707_jpg.rf.4f386fdf457538f6c9b6d6e80216f6bf.jpg,train
yellowfin_segment.v18i.coco-segmentation/train\GPAB4708_jpg.rf.f81a35c268be55c24fc983549b70edb4.jpg,GPAB4708,0.625281579649833,0.5776113211822792,0.0381402396283628,0.0381402396283628,0.5871413400214701,0.0095300188391908,0.0,0.0,0.0,0.0,0.0,0.0,0.0,0.0,0.0,0.0,0.0,0.0,GPAB4708_jpg.rf.f81a35c268be55c24fc983549b70edb4.jpg,train
yellowfin_segment.v18i.coco-segmentation/train\GPAB4709_jpg.rf.55c440d6a547649c3349d6a494e9b1d9.jpg,GPAB4709,0.4630945819562416,0.3920337684335049,0.0414078118308582,0.0414078118308582,0.412988287438811,0.0241068667986626,0.0,0.0,0.0,0.0,0.0,0.0,0.0,0.0,0.0086984826865723,0.0055461348932157,0.0,0.0,GPAB4709_jpg.rf.55c440d6a547649c3349d6a494e9b1d9.jpg,train
yellowfin_segment.v18i.coco-segmentation/train\GPAB4710_jpg.rf.890e10b24cc2fb0897115284e8c07d37.jpg,GPAB4710,0.0898471932294137,0.0115186001002452,0.0,0.0,0.0447954094595399,0.0383927731250588,0.0,0.0,0.0,0.0,0.0,0.0,0.0,0.0,0.0399358200041096,0.0399358200041096,0.0051159637657641,0.0,GPAB4710_jpg.rf.890e10b24cc2fb0897115284e8c07d37.jpg,train
yellowfin_segment.v18i.coco-segmentation/train\GPAB4711_jpg.rf.b6e1309af2162be1be770f3a1a6067f3.jpg,GPAB4711,0.7356896084866618,0.6473633774578806,0.0,0.0,0.6847229717143279,0.0394864448084682,0.0,0.0,0.0,0.0,0.004487030532548,0.004487030532548,0.0,0.0,0.0464796062397858,0.0443527556877648,0.0,0.0,GPAB4711_jpg.rf.b6e1309af2162be1be770f3a1a6067f3.jpg,train
yellowfin_segment.v18i.coco-segmentation/train\GPAB4712_jpg.rf.d172da199d968dc3df9ea841e06c5823.jpg,GPAB4712,0.1746187512362619,0.1028502678007309,0.001376931689209,0.0,0.0984755810670932,0.0287590523176429,0.0220241856034782,0.0220241856034782,0.009314933275465,0.009314933275465,0.0265486640689963,0.0105910436066776,0.0,0.0,0.0024101105578205,0.001079268632267,0.0144683449741993,0.0,GPAB4712_jpg.rf.d172da199d968dc3df9ea841e06c5823.jpg,train
yellowfin_segment.v18i.coco-segmentation/train\GPAB4713_jpg.rf.81b91a34b07ea0531234410f109193ef.jpg,GPAB4713,0.3946224768254907,0.1963644778509879,0.0,0.0,0.205681331533272,0.0329052106398219,0.1493807648212197,0.1320510136867394,0.023426082581334,0.023426082581334,0.0148850732539181,0.0086264674308605,0.0,0.0,0.0,0.0,0.0012492246357468,0.0012492246357468,GPAB4713_jpg.rf.81b91a34b07ea0531234410f109193ef.jpg,train
yellowfin_segment.v18i.coco-segmentation/train\GPAB4716_jpg.rf.fdcbb2188944973f7e718fc2ef62b363.jpg,GPAB4716,0.3680622903155804,0.0102789774985933,0.021698676647661,0.0153834188234435,0.0032704528127238,0.0013135582641826,0.2800500458017026,0.2800500458017026,0.0409997253818248,0.0409997253818248,0.0190437142204204,0.0170368890945857,0.0,0.0,0.0,0.0,0.0029996754512475,0.0029996754512475,GPAB4716_jpg.rf.fdcbb2188944973f7e718fc2ef62b363.jpg,test
yellowfin_segment.v18i.coco-segmentation/train\GPAB4717_jpg.rf.127dd27685f604288918bf70319f14a7.jpg,GPAB4717,0.2271553205831123,0.0037870422470296,0.0154928820121254,0.0142945481570815,0.0010110941901932,0.0,0.0812216860019626,0.0812216860019626,0.0918616999825243,0.0918616999825243,0.0103644356020379,0.0103644356020379,0.0045465631439364,0.0045465631439364,0.0,0.0,0.0226569596503323,0.0210793454485398,GPAB4717_jpg.rf.127dd27685f604288918bf70319f14a7.jpg,test
yellowfin_segment.v18i.coco-segmentation/train\GPAB4726_jpg.rf.ec6edd51400a4877a682ec239940f715.jpg,GPAB4726,0.2153121717304593,0.0013634888414761,0.0088597968593666,0.0074963080178905,0.0,0.0,0.0775076192140543,0.0775076192140543,0.1272749619279348,0.1272749619279348,0.0016697937291035,0.0016697937291035,0.0,0.0,0.0,0.0,0.0,0.0,GPAB4726_jpg.rf.ec6edd51400a4877a682ec239940f715.jpg,train
yellowfin_segment.v18i.coco-segmentation/train\GPAB4735_jpg.rf.7389747fa8cc09c069ff4b2f3556899a.jpg,GPAB4735,0.0368814129585211,0.005967664189982,0.0,0.0,0.0021873433668188,0.0021873433668188,0.0135561517351835,0.0135561517351835,0.0107187506601398,0.0107187506601398,0.0,0.0,0.0044515030063968,0.0044515030063968,0.0,0.0,0.005967664189982,0.0,GPAB4735_jpg.rf.7389747fa8cc09c069ff4b2f3556899a.jpg,train
yellowfin_segment.v18i.coco-segmentation/train\GPAB4737_jpg.rf.e31e343fd9087743fd45c0fb8c7956fd.jpg,GPAB4737,0.1982522377540458,0.0439581120864644,0.0123626188971871,0.0,0.0449509624118773,0.024899034611492,0.0662943637980269,0.0662943637980269,0.0600184743135985,0.0600184743135985,0.0099928368825652,0.0,0.0,0.0,0.0015507285063267,0.0,0.0030822529444637,0.0030822529444637,GPAB4737_jpg.rf.e31e343fd9087743fd45c0fb8c7956fd.jpg,train
yellowfin_segment.v18i.coco-segmentation/train\GPAB4739_jpg.rf.6729ce5fbf63cfc65c3544bc6d0e4e4a.jpg,GPAB4739,0.5268415261088909,0.0330905298978535,0.0138192474693839,0.0111729268728287,0.0227693034492426,0.0191022866283993,0.4195608797767719,0.4195608797767719,0.0054145870261156,0.0,0.0431918697656911,0.0301455860409469,0.0,0.0,0.0,0.0,0.0220856386216856,0.0137693168920904,GPAB4739_jpg.rf.6729ce5fbf63cfc65c3544bc6d0e4e4a.jpg,train
yellowfin_segment.v18i.coco-segmentation/train\GPAB4740_jpg.rf.391db90ac7705a61bc4d0c6e12c34bbc.jpg,GPAB4740,0.4846165811765564,0.0211993708747261,0.0039550778436904,0.0039550778436904,0.1074890104719783,0.094942032520169,0.0659448497569725,0.0659448497569725,0.243904148654851,0.243904148654851,0.0198579667116682,0.0128782481280834,0.0061990732116691,0.0061990732116691,0.0069633951256234,0.0052907207862913,0.0303030594001033,0.0303030594001033,GPAB4740_jpg.rf.391db90ac7705a61bc4d0c6e12c34bbc.jpg,train
yellowfin_segment.v18i.coco-segmentation/train\GPAB4742_jpg.rf.3add0941dddb3e0ab5f1644d703bdc8a.jpg,GPAB4742,0.858488102119553,0.0056930460148677,0.0,0.0,0.006753110578945,0.0023774636418978,0.8504175924627874,0.8504175924627874,0.0,0.0,0.0013173990778206,0.0,0.0,0.0,0.0,0.0,0.0,0.0,GPAB4742_jpg.rf.3add0941dddb3e0ab5f1644d703bdc8a.jpg,train
yellowfin_segment.v18i.coco-segmentation/train\GPAB4743_jpg.rf.37867df2f8150edd78237e955061905e.jpg,GPAB4743,0.3617547141186389,0.0282386220696992,0.0,0.0,0.0389996216798566,0.0198502850843922,0.242131613160932,0.242131613160932,0.019084042763619,0.019084042763619,0.0077651649725477,0.0032109202013354,0.0,0.0,0.0,0.0,0.0537742715416833,0.0492392308386608,GPAB4743_jpg.rf.37867df2f8150edd78237e955061905e.jpg,train
yellowfin_segment.v18i.coco-segmentation/train\GPAB4744_jpg.rf.3dbb7c6843fe2207f57c096097fc8c0e.jpg,GPAB4744,0.3422846695844047,0.0678854208475523,0.0082740727795776,0.0082740727795776,0.1631011113394261,0.1017882828298346,0.1369442102615018,0.1369442102615018,0.0,0.0,0.0090787232367304,0.0048106190815462,0.0023044881827766,0.0,0.0027471419545516,0.0027471419545516,0.0198349218298404,0.0198349218298404,GPAB4744_jpg.rf.3dbb7c6843fe2207f57c096097fc8c0e.jpg,test
yellowfin_segment.v18i.coco-segmentation/train\GPAB4746_jpg.rf.2180e682eaa484a3fc02b94c156f25b8.jpg,GPAB4746,0.2816737497671506,0.083843041309871,0.0103298682792962,0.0030390437910366,0.1790625726153828,0.1561742039433633,0.0,0.0,0.0023198514373284,0.0023198514373284,0.0568795693679749,0.0245264756886098,0.0,0.0,0.0018877599030578,0.0018877599030578,0.0311941281641102,0.0098833736938833,GPAB4746_jpg.rf.2180e682eaa484a3fc02b94c156f25b8.jpg,train
yellowfin_segment.v18i.coco-segmentation/train\GPAB4747_jpg.rf.1f22312dc4183f0bcb9100eab300fb07.jpg,GPAB4747,0.1780207519160859,0.0075548804258694,0.0,0.0,0.0929169635295541,0.0853620831036846,0.0851037883865318,0.0851037883865318,0.0,0.0,0.0,0.0,0.0,0.0,0.0,0.0,0.0,0.0,GPAB4747_jpg.rf.1f22312dc4183f0bcb9100eab300fb07.jpg,train
yellowfin_segment.v18i.coco-segmentation/train\GPAB4749_jpg.rf.e8a97dea10ca41981c87fdee4739cba3.jpg,GPAB4749,0.318383286315373,0.0270114821123706,0.1223020684701847,0.1223020684701847,0.1780226723229049,0.1524150075952089,0.0,0.0,0.0,0.0,0.0034116027139189,0.0034116027139189,0.0,0.0,0.0036238076674162,0.0022199902827414,0.0110231351409482,0.0110231351409482,GPAB4749_jpg.rf.e8a97dea10ca41981c87fdee4739cba3.jpg,test
yellowfin_segment.v18i.coco-segmentation/train\GPAB4753_jpg.rf.e2d94acde6ee937917909a1591d0d659.jpg,GPAB4753,0.2216696785046944,0.1104147502606952,0.0011733685663971,0.0,0.1737401651165783,0.0996076608868822,0.0049152812531806,0.0049152812531806,0.0,0.0,0.0173998459833731,0.0035181852923723,0.0,0.0,0.0032138008115639,0.0032138008115639,0.0212272167736013,0.0,GPAB4753_jpg.rf.e2d94acde6ee937917909a1591d0d659.jpg,train
yellowfin_segment.v18i.coco-segmentation/train\GPAB4754_jpg.rf.537af39d94461458299a14cfc3bba350.jpg,GPAB4754,0.3261158043719981,0.0568546040793281,0.0113448032831274,0.0,0.2302529367821279,0.1847431359859272,0.0,0.0,0.0,0.0,0.0500458017026326,0.0500458017026326,0.0,0.0,0.0013212398914586,0.0013212398914586,0.0331510227126514,0.0331510227126514,GPAB4754_jpg.rf.537af39d94461458299a14cfc3bba350.jpg,train
yellowfin_segment.v18i.coco-segmentation/train\GPAB4755_jpg.rf.4adad876a08bd71ca5759c87a32c3b43.jpg,GPAB4755,0.2239991319761178,0.1152263295456509,0.0,0.0,0.1151120653399216,0.0778379291869189,0.0216756317658332,0.0216756317658332,0.0,0.0,0.0418869533321938,0.0092592414777146,0.0,0.0,0.0,0.0,0.045324481538169,0.0,GPAB4755_jpg.rf.4adad876a08bd71ca5759c87a32c3b43.jpg,test
yellowfin_segment.v18i.coco-segmentation/train\GPAB4756_jpg.rf.eabc4ca97f0f629b22f925f8a786d528.jpg,GPAB4756,0.098986409280942,0.0273293094409119,0.0,0.0,0.0517127148215077,0.0488042586941617,0.0088319509604914,0.0088319509604914,0.0,0.0,0.0128945715860447,0.0104114855691029,0.0,0.0,0.0036094046162739,0.0036094046162739,0.0219377672966241,0.0,GPAB4756_jpg.rf.eabc4ca97f0f629b22f925f8a786d528.jpg,train
yellowfin_segment.v18i.coco-segmentation/train\GPAB4758_jpg.rf.dc9f9d53832bbaffadad72867f306fbe.jpg,GPAB4758,0.3024967209053565,0.0528073467083266,0.0043967714120559,0.0,0.2048651586352052,0.1837858131866654,0.0,0.0,0.0,0.0,0.0343224708722295,0.0241952055123357,0.0,0.0,0.0016093009143056,0.0016093009143056,0.0573030190715601,0.040099054583723,GPAB4758_jpg.rf.dc9f9d53832bbaffadad72867f306fbe.jpg,train
yellowfin_segment.v18i.coco-segmentation/train\GPAB4761_jpg.rf.abcedb2548500e30fd19e3a419c01bc6.jpg,GPAB4761,0.1430568651663168,0.0100178021712119,0.0,0.0,0.0134073202067125,0.0046416232814759,0.1193724878678299,0.1193724878678299,0.0,0.0,0.0029823917898767,0.0029823917898767,0.0,0.0,0.0019760986167309,0.0019760986167309,0.0053185666851665,0.0040664614391912,GPAB4761_jpg.rf.abcedb2548500e30fd19e3a419c01bc6.jpg,train
yellowfin_segment.v18i.coco-segmentation/train\GPAB4767_jpg.rf.7f3e0c78cd1015f30bb0eb3479b01bf2.jpg,GPAB4767,0.1772276238998469,0.0163080947067826,0.0,0.0,0.0540882580565867,0.0451506847210513,0.0,0.0,0.0449701664800671,0.0449701664800671,0.0152067413960973,0.0133391457646387,0.0,0.0,0.0,0.0,0.0629624579670957,0.057459532227307,GPAB4767_jpg.rf.7f3e0c78cd1015f30bb0eb3479b01bf2.jpg,train
yellowfin_segment.v18i.coco-segmentation/train\GPAB4771_jpg.rf.6badf0b6546595b33a14eb844b771aa4.jpg,GPAB4771,0.1530852295750331,0.0321840978792947,0.0228931696890669,0.0,0.0111133942614403,0.0094829688721258,0.0135110221749375,0.0135110221749375,0.0791217211454074,0.0751887279801353,0.0071103062472754,0.0033827966116342,0.0,0.0,0.0,0.0,0.0193356160569054,0.0193356160569054,GPAB4771_jpg.rf.6badf0b6546595b33a14eb844b771aa4.jpg,train
yellowfin_segment.v18i.coco-segmentation/train\GPAB4776_jpg.rf.211c5a333604278aded2096234325892.jpg,GPAB4776,0.1676755203822377,0.0277527591444971,0.0116741530525826,0.0116741530525826,0.0323175661532139,0.0154439116382414,0.0745098641696257,0.0745098641696257,0.0028181970068539,0.0028181970068539,0.0295454589100154,0.0186663542804907,0.0,0.0,0.005766021473989,0.005766021473989,0.011044259615957,0.011044259615957,GPAB4776_jpg.rf.211c5a333604278aded2096234325892.jpg,test
yellowfin_segment.v18i.coco-segmentation/train\GPAB4777_jpg.rf.6f578feb4e1dbdd7b5b447d584fb8f86.jpg,GPAB4777,0.3784017606289716,0.024609053181826,0.0,0.0,0.2696164755541814,0.2450074223723553,0.0,0.0,0.0,0.0,0.0,0.0,0.0,0.0,0.0292285917848837,0.0292285917848837,0.0795566932899065,0.0795566932899065,GPAB4777_jpg.rf.6f578feb4e1dbdd7b5b447d584fb8f86.jpg,train
yellowfin_segment.v18i.coco-segmentation/train\GPAB4778_jpg.rf.bfed75b62b8d65486555d766d64a397f.jpg,GPAB4778,0.5335543081446373,0.3432611964518564,0.0022238310963794,0.0,0.5219291254659387,0.190293111692781,0.0,0.0,0.0,0.0,0.0,0.0,0.0,0.0,0.0,0.0,0.0094013515823191,0.0,GPAB4778_jpg.rf.bfed75b62b8d65486555d766d64a397f.jpg,train
yellowfin_segment.v18i.coco-segmentation/train\GPAB4779_jpg.rf.18bd369271c26a99d825e5e4fecce011.jpg,GPAB4779,0.0509647163655148,0.0032685324059048,0.0,0.0,0.04187543089128,0.04187543089128,0.0,0.0,0.0,0.0,0.0,0.0,0.0011243981925131,0.0,0.0079648872817217,0.0058207530683299,0.0,0.0,GPAB4779_jpg.rf.18bd369271c26a99d825e5e4fecce011.jpg,train
yellowfin_segment.v18i.coco-segmentation/train\GPAB4780_jpg.rf.8a201d1beedd40edffaaf46e84e7a05b.jpg,GPAB4780,0.0391186869026334,0.0152518709563433,0.0,0.0,0.0,0.0,0.0,0.0,0.0,0.0,0.0152518709563433,0.0,0.0029372622296307,0.0029372622296307,0.0209295537166593,0.0209295537166593,0.0,0.0,GPAB4780_jpg.rf.8a201d1beedd40edffaaf46e84e7a05b.jpg,train
yellowfin_segment.v18i.coco-segmentation/train\GPAB4781_jpg.rf.b25d5c2493b85a3a5baf2eb1d7facd5d.jpg,GPAB4781,0.0393366530765877,0.0065236219640768,0.0023371350986993,0.0,0.0,0.0,0.0,0.0,0.0,0.0,0.0257286503572916,0.0257286503572916,0.0041864868653775,0.0,0.0070843807552191,0.0070843807552191,0.0,0.0,GPAB4781_jpg.rf.b25d5c2493b85a3a5baf2eb1d7facd5d.jpg,train
yellowfin_segment.v18i.coco-segmentation/train\GPAB4782_jpg.rf.4a1cdf2976fdae35a057fbebf48d41ec.jpg,GPAB4782,0.1760033645527468,0.1061869746487095,0.0586617068959888,0.0,0.0982124853328929,0.0523493296819998,0.0044947121598239,0.0044947121598239,0.0010437411061159,0.0010437411061159,0.0022804830975393,0.0022804830975393,0.0016621121018276,0.0,0.0096481238585581,0.0096481238585581,0.0,0.0,GPAB4782_jpg.rf.4a1cdf2976fdae35a057fbebf48d41ec.jpg,train
yellowfin_segment.v18i.coco-segmentation/train\GPAB4787_jpg.rf.3b5cb17b0e6e2db09e9f7e90b335be9a.jpg,GPAB4787,0.0619302393018937,0.0,0.0,0.0,0.0440090028671673,0.0440090028671673,0.0,0.0,0.0,0.0,0.0127399788371168,0.0127399788371168,0.0051812575976094,0.0051812575976094,0.0,0.0,0.0,0.0,GPAB4787_jpg.rf.3b5cb17b0e6e2db09e9f7e90b335be9a.jpg,train
yellowfin_segment.v18i.coco-segmentation/train\GPAB4789_jpg.rf.5c044e3717b48118b45c9ad51a6650a2.jpg,GPAB4789,0.0905106937853715,0.0392473541595051,0.0,0.0,0.0874754908079727,0.0482281366484676,0.0,0.0,0.0,0.0,0.0,0.0,0.0015036785392617,0.0015036785392617,0.0015315244381369,0.0015315244381369,0.0,0.0,GPAB4789_jpg.rf.5c044e3717b48118b45c9ad51a6650a2.jpg,train
yellowfin_segment.v18i.coco-segmentation/train\GPAB4790_jpg.rf.feb20779db5e09d98fc2914cc0ca14fa.jpg,GPAB4790,0.1274602811859664,0.0077315578532156,0.0,0.0,0.0478104481653393,0.0478104481653393,0.0,0.0,0.0010984727004568,0.0010984727004568,0.0472592914082919,0.0432514023770795,0.0,0.0,0.0067271850868888,0.0067271850868888,0.0245648838249894,0.0208412150029862,GPAB4790_jpg.rf.feb20779db5e09d98fc2914cc0ca14fa.jpg,train
yellowfin_segment.v18i.coco-segmentation/train\GPAB4791_jpg.rf.fe0bb824fa68257505c69f67ea1c5da5.jpg,GPAB4791,0.0799542175014355,0.0151328057335665,0.0,0.0,0.0094992923300872,0.0021921443838662,0.0232398031198929,0.0232398031198929,0.0,0.0,0.0324519946305425,0.0246263368431968,0.0,0.0,0.0147631274209128,0.0147631274209128,0.0,0.0,GPAB4791_jpg.rf.fe0bb824fa68257505c69f67ea1c5da5.jpg,test
yellowfin_segment.v18i.coco-segmentation/train\GPAB4793_jpg.rf.c69e00462f231a9a204e3bc0538813db.jpg,GPAB4793,0.3223441253795204,0.0,0.0,0.0,0.0888687459551431,0.0888687459551431,0.0,0.0,0.0123136485233031,0.0123136485233031,0.020123943056097,0.020123943056097,0.0,0.0,0.0,0.0,0.201037787844977,0.201037787844977,GPAB4793_jpg.rf.c69e00462f231a9a204e3bc0538813db.jpg,train
yellowfin_segment.v18i.coco-segmentation/train\GPAB4794_jpg.rf.373be7edf4a54e3ac24fa4d08b0464b7.jpg,GPAB4794,0.1039007303307132,0.0,0.0,0.0,0.0076672242247797,0.0076672242247797,0.0,0.0,0.0,0.0,0.0046685089769416,0.0046685089769416,0.0,0.0,0.0058956489342702,0.0058956489342702,0.0856693481947215,0.0856693481947215,GPAB4794_jpg.rf.373be7edf4a54e3ac24fa4d08b0464b7.jpg,test
yellowfin_segment.v18i.coco-segmentation/train\GPAB4795_jpg.rf.c70fcc188f6d8ec7e06f3b2c8984d0f7.jpg,GPAB4795,0.0269721137725815,0.0103884406872751,0.0,0.0,0.0165836730853063,0.0165836730853063,0.0,0.0,0.0,0.0,0.0103884406872751,0.0,0.0,0.0,0.0,0.0,0.0,0.0,GPAB4795_jpg.rf.c70fcc188f6d8ec7e06f3b2c8984d0f7.jpg,train
yellowfin_segment.v18i.coco-segmentation/train\GPAB4796_jpg.rf.0f42056b81b3aec69c254fcdf2e7fc31.jpg,GPAB4796,0.0699133704483957,0.0051620535294196,0.0,0.0,0.0329013698261839,0.0329013698261839,0.0,0.0,0.0,0.0,0.0342552566335652,0.0290932031041455,0.0,0.0,0.0027567439886465,0.0027567439886465,0.0,0.0,GPAB4796_jpg.rf.0f42056b81b3aec69c254fcdf2e7fc31.jpg,test
yellowfin_segment.v18i.coco-segmentation/train\GPAB4797_jpg.rf.e4b9f8bdcb32587cb5017cdd72df915d.jpg,GPAB4797,0.4529711574099857,0.1592103671241715,0.0337962794038289,0.0337962794038289,0.3289964146004689,0.1697860474762973,0.0,0.0,0.0,0.0,0.0,0.0,0.0,0.0,0.0089625386241821,0.0089625386241821,0.0812159247815057,0.0812159247815057,GPAB4797_jpg.rf.e4b9f8bdcb32587cb5017cdd72df915d.jpg,train
yellowfin_segment.v18i.coco-segmentation/train\GPAB4801_jpg.rf.9739c11121861706595f5b3390fbd58c.jpg,GPAB4801,0.1205717819262832,0.0374556145973963,0.0,0.0,0.0890204580938426,0.0515648434964462,0.0,0.0,0.0,0.0,0.0221576538773973,0.0221576538773973,0.0,0.0,0.0093936699550432,0.0093936699550432,0.0,0.0,GPAB4801_jpg.rf.9739c11121861706595f5b3390fbd58c.jpg,train
yellowfin_segment.v18i.coco-segmentation/train\GPAB4803_jpg.rf.dc872b5dd3a719c76a02e05e55e48979.jpg,GPAB4803,0.3141103811431414,0.1624568148516581,0.1495574422485659,0.0,0.1068648782558097,0.1068648782558097,0.0,0.0,0.0,0.0,0.0565646226496621,0.0436652500465698,0.0,0.0,0.0011234379891036,0.0011234379891036,0.0,0.0,GPAB4803_jpg.rf.dc872b5dd3a719c76a02e05e55e48979.jpg,train
yellowfin_segment.v18i.coco-segmentation/train\GPAB4838_jpg.rf.577d2dba6fa6db597e730cd8e9cc4d40.jpg,GPAB4838,0.6049415908266007,0.0,0.0,0.0,0.0352682712305774,0.0352682712305774,0.0,0.0,0.0,0.0,0.0,0.0,0.0,0.0,0.0065649107106849,0.0065649107106849,0.5631084088853383,0.5631084088853383,GPAB4838_jpg.rf.577d2dba6fa6db597e730cd8e9cc4d40.jpg,train
yellowfin_segment.v18i.coco-segmentation/train\GPAB4862_jpg.rf.11a13aa47c9a9c8fb61cd72b53131a3d.jpg,GPAB4862,0.1384123612746124,0.0204513724187331,0.0140285718126527,0.0140285718126527,0.028212696577643,0.0098680104393314,0.0124826443233734,0.0124826443233734,0.0030793723342352,0.0030793723342352,0.0150934373937774,0.0129867511133558,0.0048096588781367,0.0048096588781367,0.0173268705242518,0.0173268705242518,0.0433791094305417,0.0433791094305417,GPAB4862_jpg.rf.11a13aa47c9a9c8fb61cd72b53131a3d.jpg,train
yellowfin_segment.v18i.coco-segmentation/train\GPAB4875_jpg.rf.420ee51b2763bb6abc8d4e698fed5e40.jpg,GPAB4875,0.217027095019809,0.0938291567685698,0.0121580955709657,0.0,0.1120365338193242,0.0526998039264637,0.0099832348484703,0.0099832348484703,0.0,0.0,0.0287129625539874,0.0063786312492438,0.0,0.0,0.0541362682270612,0.0541362682270612,0.0,0.0,GPAB4875_jpg.rf.420ee51b2763bb6abc8d4e698fed5e40.jpg,train
yellowfin_segment.v18i.coco-segmentation/train\GPAB4881_jpg.rf.8b2a14c2b37d92d63755a939f2eb6281.jpg,GPAB4881,0.4647077236841853,0.0214019737941285,0.0,0.0,0.0214019737941285,0.0,0.0013231602982775,0.0013231602982775,0.0,0.0,0.0,0.0,0.0,0.0,0.0117327254605615,0.0117327254605615,0.4302498641312176,0.4302498641312176,GPAB4881_jpg.rf.8b2a14c2b37d92d63755a939f2eb6281.jpg,train
yellowfin_segment.v18i.coco-segmentation/train\GPAB4888_jpg.rf.7f6403933175008ae00c4b79b70dbb31.jpg,GPAB4888,0.960543321497226,0.0,0.960543321497226,0.960543321497226,0.0,0.0,0.0,0.0,0.0,0.0,0.0,0.0,0.0,0.0,0.0,0.0,0.0,0.0,GPAB4888_jpg.rf.7f6403933175008ae00c4b79b70dbb31.jpg,train
yellowfin_segment.v18i.coco-segmentation/train\GPAB4890_jpg.rf.de3c1c5f1753fbe3dbfcdaa09e3628b2.jpg,GPAB4890,0.1989493454293357,0.1148048002488847,0.0103202662452013,0.0103202662452013,0.1863015461195299,0.0738242789352496,0.0,0.0,0.0,0.0,0.0,0.0,0.0,0.0,0.0023275330646044,0.0,0.0,0.0,GPAB4890_jpg.rf.de3c1c5f1753fbe3dbfcdaa09e3628b2.jpg,test
yellowfin_segment.v18i.coco-segmentation/train\GPAB4891_jpg.rf.b904748dfaec0495e1cf5166ada62dc2.jpg,GPAB4891,0.1197853753339107,0.0699690622461462,0.0,0.0,0.0030217601296658,0.0030217601296658,0.0,0.0,0.0,0.0,0.0526777192480455,0.0393136081947599,0.0,0.0,0.0074809447633386,0.0074809447633386,0.0566049511928606,0.0,GPAB4891_jpg.rf.b904748dfaec0495e1cf5166ada62dc2.jpg,train
yellowfin_segment.v18i.coco-segmentation/train\GPAB4901_jpg.rf.47fdedb2f1b1ad1872ea1d068c561138.jpg,GPAB4901,0.106244586853279,0.01627544779086,0.0,0.0,0.0437612703875188,0.0339950415095933,0.0047645293178907,0.0047645293178907,0.0,0.0,0.0055903042500523,0.0055903042500523,0.0039310727584531,0.0,0.0481974101393639,0.0456192639848825,0.0,0.0,GPAB4901_jpg.rf.47fdedb2f1b1ad1872ea1d068c561138.jpg,train
yellowfin_segment.v18i.coco-segmentation/train\GPAB5033_jpg.rf.a42128c7f23b888e301bb1cfac56c0ea.jpg,GPAB5033,0.4073451720012367,0.0978706529191143,0.0039925257766605,0.0,0.217712680254185,0.1598373799505687,0.0,0.0,0.0,0.0,0.0386587494694876,0.00265592263065,0.0,0.0,0.0,0.0,0.1469812165009035,0.1469812165009035,GPAB5033_jpg.rf.a42128c7f23b888e301bb1cfac56c0ea.jpg,train
yellowfin_segment.v18i.coco-segmentation/train\GPAB5096_jpg.rf.e6b7fbc62c0b41cc3946e299a644d3f2.jpg,GPAB5096,0.4552506803041156,0.3804815612139275,0.0325931445317376,0.0259600593789788,0.0976824530508543,0.0319930174008061,0.0,0.0,0.0146037336549374,0.0146037336549374,0.0022123086554655,0.0022123086554655,0.0,0.0,0.0,0.0,0.3081590404111207,0.0,GPAB5096_jpg.rf.e6b7fbc62c0b41cc3946e299a644d3f2.jpg,train
yellowfin_segment.v18i.coco-segmentation/train\GPAB5121_jpg.rf.fcbf5ec6808aa3c85aca6b2855ea846b.jpg,GPAB5121,0.6504139436898313,0.5026472807999647,0.0,0.0,0.6261015933615377,0.1247813136734885,0.0,0.0,0.0,0.0,0.0,0.0,0.0013270011119155,0.0,0.0229853492163779,0.0229853492163779,0.0,0.0,GPAB5121_jpg.rf.fcbf5ec6808aa3c85aca6b2855ea846b.jpg,train
yellowfin_segment.v18i.coco-segmentation/train\GPAB5140_jpg.rf.79c16d5485a87227cb76d2c41e7b4043.jpg,GPAB5140,0.4224943011927646,0.2419981448870128,0.0,0.0,0.1982685612120071,0.0,0.0,0.0,0.0,0.0,0.198381865214327,0.1546522815393212,0.0,0.0,0.0258438747664305,0.0258438747664305,0.0,0.0,GPAB5140_jpg.rf.79c16d5485a87227cb76d2c41e7b4043.jpg,train
yellowfin_segment.v18i.coco-segmentation/train\GPAB5142_jpg.rf.9cbf6dc4ce3a554c05d16f34fb84dbb1.jpg,GPAB5142,0.1889411452922187,0.0578733798967973,0.0,0.0,0.1195069163451585,0.0645967241700481,0.003055367248998,0.003055367248998,0.0,0.0,0.0029631877216869,0.0,0.0023678616078029,0.0023678616078029,0.0610478123685721,0.0610478123685721,0.0,0.0,GPAB5142_jpg.rf.9cbf6dc4ce3a554c05d16f34fb84dbb1.jpg,train
yellowfin_segment.v18i.coco-segmentation/train\GPAB5150_jpg.rf.78a0f068bd61364295bdd1c46e50b387.jpg,GPAB5150,0.1915356149046614,0.1591354712582313,0.0906451222627001,0.029785509762388,0.0982758587579192,0.0,0.0015411264722318,0.0015411264722318,0.0,0.0,0.0010735074118101,0.0010735074118101,0.0,0.0,0.0,0.0,0.0,0.0,GPAB5150_jpg.rf.78a0f068bd61364295bdd1c46e50b387.jpg,train
yellowfin_segment.v18i.coco-segmentation/train\GPAB5152_jpg.rf.dea64a52d7766208624c9075ac8e744b.jpg,GPAB5152,0.2390330367585069,0.1618624489411837,0.0,0.0,0.1438509533859653,0.0752511412017521,0.0,0.0,0.0,0.0,0.0872392807692381,0.001919446615571,0.0,0.0,0.0062182772798589,0.0,0.0017245253234445,0.0,GPAB5152_jpg.rf.dea64a52d7766208624c9075ac8e744b.jpg,train
yellowfin_segment.v18i.coco-segmentation/train\GPAB5174_jpg.rf.46ca733d089fc887a9dc084787d33982.jpg,GPAB5174,0.2681492847444802,0.0758445469088171,0.1130581902470219,0.1130581902470219,0.0536820920143723,0.0083758543409835,0.0263643050143742,0.0263643050143742,0.0,0.0,0.0203054215004906,0.0172673379128634,0.0102943407531451,0.0102943407531451,0.0,0.0,0.0444449352150759,0.0169447095672747,GPAB5174_jpg.rf.46ca733d089fc887a9dc084787d33982.jpg,train
yellowfin_segment.v18i.coco-segmentation/train\GPAB5179_jpg.rf.f9eed0cac19d9f9bceeb29baf5d810fb.jpg,GPAB5179,0.5667696644857246,0.1589309479320099,0.0,0.0,0.1491138282733814,0.0307053846286797,0.3428387069516806,0.3428387069516806,0.0,0.0,0.0303136216376077,0.0143742450400692,0.0,0.0,0.0116165408480132,0.0023937870998592,0.0328869667750416,0.0175265928334258,GPAB5179_jpg.rf.f9eed0cac19d9f9bceeb29baf5d810fb.jpg,train
yellowfin_segment.v18i.coco-segmentation/train\GPAB5226_jpg.rf.f2ca7f8c573d5d5c1b5f8e5eac9c6320.jpg,GPAB5226,0.4649967449104418,0.0197917126764133,0.0305095031331437,0.0305095031331437,0.0745982028832988,0.0548064902068854,0.0,0.0,0.0024427574737432,0.0024427574737432,0.0116299836957461,0.0116299836957461,0.0,0.0,0.0058524397808431,0.0058524397808431,0.3399638579436668,0.3399638579436668,GPAB5226_jpg.rf.f2ca7f8c573d5d5c1b5f8e5eac9c6320.jpg,test
yellowfin_segment.v18i.coco-segmentation/train\GPAB5236_jpg.rf.c1137ff7d5cba4f3f3f0a4a9cce4bce8.jpg,GPAB5236,0.1885983526750306,0.1313683090625918,0.0,0.0,0.1313683090625918,0.0,0.0,0.0,0.0,0.0,0.0420761134038634,0.0420761134038634,0.0,0.0,0.006016634563866,0.006016634563866,0.0091372956447093,0.0091372956447093,GPAB5236_jpg.rf.c1137ff7d5cba4f3f3f0a4a9cce4bce8.jpg,train
yellowfin_segment.v18i.coco-segmentation/train\GPAB5241_jpg.rf.3652b87908eefc756b80da270e2a609f.jpg,GPAB5241,0.0480562602381688,0.0,0.0,0.0,0.0135772762101923,0.0135772762101923,0.0,0.0,0.0,0.0,0.0,0.0,0.0,0.0,0.0344789840279764,0.0344789840279764,0.0,0.0,GPAB5241_jpg.rf.3652b87908eefc756b80da270e2a609f.jpg,train
yellowfin_segment.v18i.coco-segmentation/train\GPAB5248_jpg.rf.e6a7d848114e0c62c755ad295d87f35f.jpg,GPAB5248,0.4033363227666148,0.3187183973052852,0.0,0.0,0.3785006615801491,0.0728189459655133,0.0,0.0,0.0,0.0,0.0,0.0,0.0,0.0,0.0248356611864657,0.0117989794958163,0.0,0.0,GPAB5248_jpg.rf.e6a7d848114e0c62c755ad295d87f35f.jpg,test
yellowfin_segment.v18i.coco-segmentation/train\GPAB5285_jpg.rf.917b9bc4a3094f60d6dd54576e66897b.jpg,GPAB5285,0.2249881414878927,0.0012530654493847,0.0,0.0,0.1969780478296522,0.1969780478296522,0.0089625386241821,0.0089625386241821,0.0,0.0,0.0044034928359223,0.0031504273865375,0.0,0.0,0.014644062198136,0.014644062198136,0.0,0.0,GPAB5285_jpg.rf.917b9bc4a3094f60d6dd54576e66897b.jpg,train
yellowfin_segment.v18i.coco-segmentation/train\GPAB5286_jpg.rf.7e8781dd4975ce7fca1bc1950bfe023e.jpg,GPAB5286,0.3534700791015568,0.1487211050788999,0.0064698505731454,0.0064698505731454,0.2844074488739694,0.1480748881843129,0.0181353617950426,0.0181353617950426,0.0,0.0,0.0241366331043568,0.0153584535347968,0.0036103648196834,0.0,0.0167104199353591,0.0167104199353591,0.0,0.0,GPAB5286_jpg.rf.7e8781dd4975ce7fca1bc1950bfe023e.jpg,train
yellowfin_segment.v18i.coco-segmentation/train\GPAB5287_jpg.rf.f316e103bf2987c11731ee8f25b032d8.jpg,GPAB5287,0.1332839148645249,0.0640061990732116,0.0,0.0,0.0839515442951434,0.0199453452219318,0.0,0.0,0.0,0.0,0.0041807256449206,0.0041807256449206,0.0,0.0,0.0451516449244608,0.0451516449244608,0.0,0.0,GPAB5287_jpg.rf.f316e103bf2987c11731ee8f25b032d8.jpg,train
yellowfin_segment.v18i.coco-segmentation/train\GPAB5297_jpg.rf.0296081ab463a9d1ecf239538718dd87.jpg,GPAB5297,0.332639426336075,0.0709897584704343,0.1891091808888795,0.1642331911592151,0.0974164767064254,0.0974164767064254,0.0,0.0,0.0,0.0,0.0395248529448478,0.0,0.0,0.0,0.0065889157959222,0.0,0.0,0.0,GPAB5297_jpg.rf.0296081ab463a9d1ecf239538718dd87.jpg,train
yellowfin_segment.v18i.coco-segmentation/train\GPAB5299_jpg.rf.982209f62d95c666316b67c67161afb2.jpg,GPAB5299,0.1309362175283211,0.0580337338661822,0.0057525786262561,0.0,0.1021272346333847,0.0649260739395033,0.0,0.0,0.0,0.0,0.0177205539221428,0.004778932369033,0.0,0.0,0.0053358503465374,0.0031974773536025,0.0,0.0,GPAB5299_jpg.rf.982209f62d95c666316b67c67161afb2.jpg,train
yellowfin_segment.v18i.coco-segmentation/train\GPAB5302_jpg.rf.3c212643573c9f4bb59e48652eb6d846.jpg,GPAB5302,0.32771358284539,0.0016352264063619,0.3003554673021933,0.3003554673021933,0.0193125711750777,0.0193125711750777,0.0,0.0,0.0,0.0,0.0080455443681189,0.006410317961757,0.0,0.0,0.0,0.0,0.0,0.0,GPAB5302_jpg.rf.3c212643573c9f4bb59e48652eb6d846.jpg,train
yellowfin_segment.v18i.coco-segmentation/train\GPAB5307_jpg.rf.4d7d182d23541594f3ab8ffa499acae2.jpg,GPAB5307,0.2582553488130926,0.2082565970775249,0.0,0.0,0.1897659600209708,0.0,0.0223938639161319,0.0223938639161319,0.0,0.0,0.0174008061867826,0.0063315812821788,0.0,0.0,0.0212733065372568,0.0212733065372568,0.0074214121519502,0.0,GPAB5307_jpg.rf.4d7d182d23541594f3ab8ffa499acae2.jpg,test
yellowfin_segment.v18i.coco-segmentation/train\GPAB5308_jpg.rf.115bcdb8bbdc8ee1e2920379b038f344.jpg,GPAB5308,0.3199522586864801,0.2515176014886994,0.017213566521932,0.017213566521932,0.2316461919292983,0.0245485603670281,0.0,0.0,0.0,0.0,0.0479343144051635,0.0035143444787343,0.0,0.0,0.0231581858300862,0.0231581858300862,0.0,0.0,GPAB5308_jpg.rf.115bcdb8bbdc8ee1e2920379b038f344.jpg,test
yellowfin_segment.v18i.coco-segmentation/train\GPAB5309_jpg.rf.d19f7d3fbbd76e45123f9b77fbf6c288.jpg,GPAB5309,0.3450827023196594,0.2421796233314065,0.0168275647513169,0.0168275647513169,0.2338709832290872,0.0309156691753581,0.0267627894293127,0.0267627894293127,0.0,0.0,0.05114331419968,0.0119190049220026,0.0,0.0,0.0147832916925121,0.0147832916925121,0.0016947590177503,0.0016947590177503,GPAB5309_jpg.rf.d19f7d3fbbd76e45123f9b77fbf6c288.jpg,train
yellowfin_segment.v18i.coco-segmentation/train\GPAB5311_jpg.rf.411f63a94d59592bc074a6196bacf1d0.jpg,GPAB5311,0.1981619786335537,0.0779176260699066,0.0615365559040027,0.0264295988462195,0.0172442930310356,0.0049738536611595,0.0099160206098059,0.0099160206098059,0.0,0.0,0.0398839690199972,0.0213251575213693,0.0110327371750431,0.0110327371750431,0.0465669847500494,0.0465669847500494,0.0119814181436195,0.0,GPAB5311_jpg.rf.411f63a94d59592bc074a6196bacf1d0.jpg,train
yellowfin_segment.v18i.coco-segmentation/train\GPAB5332_jpg.rf.39ed198ee533269eccb7c8a2b4905b87.jpg,GPAB5332,0.0571445855089942,0.0245476001636186,0.0,0.0,0.0,0.0,0.009559785144885,0.009559785144885,0.0,0.0,0.0331615849501558,0.0086139847865371,0.0,0.0,0.0144232154139532,0.0144232154139532,0.0,0.0,GPAB5332_jpg.rf.39ed198ee533269eccb7c8a2b4905b87.jpg,test
yellowfin_segment.v18i.coco-segmentation/train\GPAB5333_jpg.rf.2fb14ea874aaf0bdc6acefaa46ae3b24.jpg,GPAB5333,0.0757610092121915,0.0086504725160978,0.0,0.0,0.0,0.0,0.0,0.0,0.0,0.0,0.0065370648118097,0.0,0.0,0.0,0.0671105366960937,0.0671105366960937,0.002113407704288,0.0,GPAB5333_jpg.rf.2fb14ea874aaf0bdc6acefaa46ae3b24.jpg,test
yellowfin_segment.v18i.coco-segmentation/train\GPAB5334_jpg.rf.e95df04308622776ed1b1ed4b88ef51f.jpg,GPAB5334,0.3215471565496435,0.2127311449657495,0.0,0.0,0.1821304225087042,0.0373567136462188,0.0666899676027369,0.0666899676027369,0.0,0.0,0.0179874904699811,0.0,0.0,0.0,0.0547392759682211,0.0047693303349381,0.0,0.0,GPAB5334_jpg.rf.e95df04308622776ed1b1ed4b88ef51f.jpg,train
yellowfin_segment.v18i.coco-segmentation/train\GPAB5335_jpg.rf.6bf5e9d0887602d1badfe856c236a338.jpg,GPAB5335,0.2611349988381539,0.2383973821014243,0.0,0.0,0.2394276803598074,0.0069153849551488,0.0,0.0,0.0,0.0,0.0,0.0,0.0,0.0,0.0158222317815806,0.0158222317815806,0.0058850866967658,0.0,GPAB5335_jpg.rf.6bf5e9d0887602d1badfe856c236a338.jpg,test
yellowfin_segment.v18i.coco-segmentation/train\GPAB5336_jpg.rf.6cbd3774005119fe947d59c92202676a.jpg,GPAB5336,0.0988202940911002,0.0133765936976089,0.0133765936976089,0.0,0.0130482041315632,0.0130482041315632,0.0,0.0,0.0,0.0,0.0,0.0,0.0,0.0,0.0723954962619281,0.0723954962619281,0.0,0.0,GPAB5336_jpg.rf.6cbd3774005119fe947d59c92202676a.jpg,train
yellowfin_segment.v18i.coco-segmentation/train\GPAB5338_jpg.rf.ccf17be954dbf5bad62d1985c2c414ce.jpg,GPAB5338,0.1410711645154909,0.1337928226715547,0.0,0.0,0.1337928226715547,0.0,0.0,0.0,0.0037303902458696,0.0037303902458696,0.0,0.0,0.0,0.0,0.0035479515980665,0.0035479515980665,0.0,0.0,GPAB5338_jpg.rf.ccf17be954dbf5bad62d1985c2c414ce.jpg,test
yellowfin_segment.v18i.coco-segmentation/train\GPAB5348_jpg.rf.8ba371da13fb1ea879c422e3e3ba2cce.jpg,GPAB5348,0.3738014260941038,0.0339201456436531,0.0,0.0,0.2180257065656788,0.2180257065656788,0.1058345799974266,0.1058345799974266,0.0,0.0,0.0439072213057614,0.0099870756621082,0.0,0.0,0.0060339182252368,0.0060339182252368,0.0,0.0,GPAB5348_jpg.rf.8ba371da13fb1ea879c422e3e3ba2cce.jpg,train
yellowfin_segment.v18i.coco-segmentation/train\GPAB5349_jpg.rf.1ee7632cec92426ad67645eedadd0f50.jpg,GPAB5349,0.427544010923274,0.0783036278405217,0.0300169187840752,0.0300169187840752,0.2708618593762902,0.2679178757227931,0.0,0.0,0.0250872344797521,0.0250872344797521,0.0784380563178503,0.0133506682055526,0.0056623195057641,0.0056623195057641,0.0072053663848149,0.0072053663848149,0.0102722560747268,0.0,GPAB5349_jpg.rf.1ee7632cec92426ad67645eedadd0f50.jpg,train
yellowfin_segment.v18i.coco-segmentation/train\GPAB5420_jpg.rf.1a7945f6c17694f7cf560b2e8231a128.jpg,GPAB5420,0.3741941492885853,0.1478569220103587,0.0289347695415796,0.0289347695415796,0.2163491914127088,0.0701486202837209,0.0,0.0,0.0,0.0,0.1041897515569698,0.1041897515569698,0.0,0.0,0.0016563508813707,0.0,0.0230640858959562,0.0230640858959562,GPAB5420_jpg.rf.1a7945f6c17694f7cf560b2e8231a128.jpg,train
yellowfin_segment.v18i.coco-segmentation/train\GPAB5443_jpg.rf.32c02690be0eb7a25e3c884163f2a83f.jpg,GPAB5443,0.2290085131634285,0.2210781932044484,0.0014057377914937,0.0,0.180917685602518,0.0,0.0,0.0,0.0,0.0,0.0,0.0,0.0,0.0,0.0449365593607349,0.0079303199589801,0.0017485304086817,0.0,GPAB5443_jpg.rf.32c02690be0eb7a25e3c884163f2a83f.jpg,train
yellowfin_segment.v18i.coco-segmentation/train\GPAB5468_jpg.rf.4283e52525152382f8e24a20d09d9eb9.jpg,GPAB5468,0.3104308816779746,0.1785085352481069,0.0009602034094902,0.0,0.284649420133161,0.1319223464298677,0.0,0.0,0.0,0.0,0.0,0.0,0.0,0.0,0.0248212581353233,0.0,0.0,0.0,GPAB5468_jpg.rf.4283e52525152382f8e24a20d09d9eb9.jpg,test
yellowfin_segment.v18i.coco-segmentation/train\GPAB5497_jpg.rf.0ffa6911ae7ba47037807745fe6d0550.jpg,GPAB5497,0.3039456678502774,0.0023409759123372,0.0,0.0,0.2458850482886294,0.2458850482886294,0.0,0.0,0.0,0.0,0.0173739204913168,0.0150329445789796,0.0,0.0,0.031164361858416,0.031164361858416,0.0095223372119149,0.0095223372119149,GPAB5497_jpg.rf.0ffa6911ae7ba47037807745fe6d0550.jpg,test
yellowfin_segment.v18i.coco-segmentation/train\GPAB5501_jpg.rf.b589a7631d40c0e686a0a60ee8a45f5f.jpg,GPAB5501,0.1538457106753494,0.0819389579488518,0.0,0.0,0.1051134672368994,0.0231745092880475,0.0,0.0,0.0,0.0,0.0,0.0,0.0,0.0,0.04873224343845,0.04873224343845,0.0,0.0,GPAB5501_jpg.rf.b589a7631d40c0e686a0a60ee8a45f5f.jpg,train
yellowfin_segment.v18i.coco-segmentation/train\GPAB5519_jpg.rf.f4dccd4d27203da8024b20f802d49292.jpg,GPAB5519,0.2573844443206849,0.0359807421604192,0.1508959658013953,0.1188155698903255,0.0704635670020337,0.0704635670020337,0.0,0.0,0.0,0.0,0.0107398751351486,0.0107398751351486,0.0,0.0,0.0039003462493494,0.0,0.0213846901327577,0.0213846901327577,GPAB5519_jpg.rf.f4dccd4d27203da8024b20f802d49292.jpg,test
yellowfin_segment.v18i.coco-segmentation/train\GPAB5545_jpg.rf.8c6a419671b63b24065f36515b5b7271.jpg,GPAB5545,0.2958482724980459,0.1889891554626932,0.0,0.0,0.2384597953230412,0.0775940375209084,0.0,0.0,0.0,0.0,0.0333497848184159,0.0052263871578555,0.0,0.0,0.0240386923565888,0.0240386923565888,0.0,0.0,GPAB5545_jpg.rf.8c6a419671b63b24065f36515b5b7271.jpg,train
yellowfin_segment.v18i.coco-segmentation/train\GPAB5552_jpg.rf.0aa5c6e322bdc54366f9d200985db4aa.jpg,GPAB5552,0.5682330144817879,0.047984244982457,0.0,0.0,0.2290325182486658,0.1833671645001277,0.0,0.0,0.0,0.0,0.0053060840408432,0.0029871928069242,0.0,0.0,0.0067761554607728,0.0067761554607728,0.327118256731506,0.327118256731506,GPAB5552_jpg.rf.0aa5c6e322bdc54366f9d200985db4aa.jpg,train
yellowfin_segment.v18i.coco-segmentation/train\GPAB5569_jpg.rf.8e265edd8d3471a629aa34b39cc85f3b.jpg,GPAB5569,0.6201329689681462,0.5434357614317017,0.0,0.0,0.5646034455939146,0.0309521569049187,0.0,0.0,0.0,0.0,0.0149138793562028,0.005129406613497,0.0,0.0,0.0406156440180287,0.0406156440180287,0.0,0.0,GPAB5569_jpg.rf.8e265edd8d3471a629aa34b39cc85f3b.jpg,train
yellowfin_segment.v18i.coco-segmentation/train\GPAB5573_jpg.rf.52eca794ae531745404865e3c713eb5e.jpg,GPAB5573,0.2715925741709123,0.044635055490155,0.1261294392604129,0.1261294392604129,0.1254909039931019,0.0808558485029468,0.0,0.0,0.0,0.0,0.0,0.0,0.0,0.0,0.0199722309173975,0.0199722309173975,0.0,0.0,GPAB5573_jpg.rf.52eca794ae531745404865e3c713eb5e.jpg,train
yellowfin_segment.v18i.coco-segmentation/train\GPAB5585_jpg.rf.05d053942efba9dcd4f589dfea18c2e5.jpg,GPAB5585,0.3411113010180076,0.1172168312135242,0.0032685324059048,0.0032685324059048,0.1756932188514815,0.068897475241155,0.1230692709943674,0.1230692709943674,0.0,0.0,0.0272957023215798,0.0168746147183819,0.0,0.0,0.011784576444674,0.011784576444674,0.0,0.0,GPAB5585_jpg.rf.05d053942efba9dcd4f589dfea18c2e5.jpg,train
yellowfin_segment.v18i.coco-segmentation/train\GPAB5646_jpg.rf.89c32cce97796de1fa893918a8ad607b.jpg,GPAB5646,0.298110511730805,0.0248567856614745,0.0718568221492041,0.0718568221492041,0.0788202172748275,0.0613819631550747,0.1249762349656151,0.1249762349656151,0.0,0.0,0.0132133591179955,0.0073417152689625,0.0,0.0,0.0053857809238309,0.003838893231142,0.0038580972993318,0.0038580972993318,GPAB5646_jpg.rf.89c32cce97796de1fa893918a8ad607b.jpg,train
yellowfin_segment.v18i.coco-segmentation/train\GPAB5669_jpg.rf.c3ae775301186fb9b1b6950c2f4bc406.jpg,GPAB5669,0.1147423870272678,0.0,0.0747998455992917,0.0747998455992917,0.0195391791797174,0.0195391791797174,0.0057410561853423,0.0057410561853423,0.0014009367744462,0.0014009367744462,0.0071727194688922,0.0071727194688922,0.0,0.0,0.0,0.0,0.0060886498195777,0.0060886498195777,GPAB5669_jpg.rf.c3ae775301186fb9b1b6950c2f4bc406.jpg,train
yellowfin_segment.v18i.coco-segmentation/train\GPAB5743_jpg.rf.e977816285ab91f398c9cf38144e91de.jpg,GPAB5743,0.1702411838923957,0.1011843148852652,0.0758339846713127,0.0,0.0247876510159912,0.02313226033803,0.0,0.0,0.02179469698861,0.02179469698861,0.0233799928176784,0.0193605813455522,0.0,0.0,0.0073618795405618,0.0047693303349381,0.0170829788582413,0.0,GPAB5743_jpg.rf.e977816285ab91f398c9cf38144e91de.jpg,train
yellowfin_segment.v18i.coco-segmentation/train\GPAB5767_jpg.rf.5e9dcd3a001722ecbb252bc7810e23dd.jpg,GPAB5767,0.3469723826295362,0.2072407018702842,0.0070440522120205,0.0,0.0,0.0,0.0195967913842868,0.0195967913842868,0.0,0.0,0.1016077645888505,0.1016077645888505,0.0,0.0,0.0,0.0,0.2187237744443783,0.0185271247861146,GPAB5767_jpg.rf.5e9dcd3a001722ecbb252bc7810e23dd.jpg,train
yellowfin_segment.v18i.coco-segmentation/train\GPAB5827_jpg.rf.7cc4d07d38d46d7c26b93ba7539d1662.jpg,GPAB5827,0.3754443341277416,0.2493993927673638,0.0,0.0,0.3418285729648969,0.1031738563497291,0.0,0.0,0.0,0.0,0.0228710850106486,0.0228710850106486,0.0,0.0,0.0051390086475919,0.0,0.0056056675046041,0.0,GPAB5827_jpg.rf.7cc4d07d38d46d7c26b93ba7539d1662.jpg,test
yellowfin_segment.v18i.coco-segmentation/train\GPAB5892_jpg.rf.546c74522ae889052219499406c99537.jpg,GPAB5892,0.3803346500922756,0.3235645439129825,0.041082302875041,0.0,0.0916552562494839,0.0493102858909631,0.0,0.0,0.0,0.0,0.0012559460596132,0.0012559460596132,0.0,0.0,0.0062038742287166,0.0062038742287166,0.2401372706794207,0.0,GPAB5892_jpg.rf.546c74522ae889052219499406c99537.jpg,test
yellowfin_segment.v18i.coco-segmentation/train\GPAB5916_jpg.rf.d72c77ea11466eba34b333085f39bc94.jpg,GPAB5916,0.4068132193123791,0.1088112105668464,0.0,0.0,0.4014235975749102,0.2967940728563939,0.0,0.0,0.0,0.0,0.0041816858483301,0.0,0.0012079358891387,0.0012079358891387,0.0,0.0,0.0,0.0,GPAB5916_jpg.rf.d72c77ea11466eba34b333085f39bc94.jpg,train
yellowfin_segment.v18i.coco-segmentation/train\GPAB5933_jpg.rf.4c244c05d951f1eeef907e6435a977a1.jpg,GPAB5933,0.4029839281153319,0.3323820918223316,0.0,0.0,0.3886423299911853,0.0642836978585543,0.0,0.0,0.0,0.0,0.0012175379232336,0.0012175379232336,0.0,0.0,0.0051006005112122,0.0051006005112122,0.0080234596897006,0.0,GPAB5933_jpg.rf.4c244c05d951f1eeef907e6435a977a1.jpg,test
yellowfin_segment.v18i.coco-segmentation/train\GPAB6017_jpg.rf.2a7ce631b79425a164d63b2137dcb999.jpg,GPAB6017,0.2487810217716521,0.0871941512089921,0.0380240550158145,0.0,0.097166823819958,0.0763035241385535,0.0,0.0,0.0113678481649552,0.0113678481649552,0.0193788252103325,0.018145924032547,0.0022564780123021,0.0,0.0024369962532862,0.0010687063947626,0.0781499952950033,0.0547008678318415,GPAB6017_jpg.rf.2a7ce631b79425a164d63b2137dcb999.jpg,train
yellowfin_segment.v18i.coco-segmentation/train\GPAB6031_jpg.rf.c8c7491ba0185bc1872720abe9f324f0.jpg,GPAB6031,0.3450596574378316,0.1987169762042391,0.1317735149013967,0.0,0.1142680465429796,0.0615730436335633,0.0391302093435473,0.0391302093435473,0.0029651081285059,0.0029651081285059,0.0018906405132863,0.0018906405132863,0.0,0.0,0.0,0.0,0.0550321380081156,0.0407836796146895,GPAB6031_jpg.rf.c8c7491ba0185bc1872720abe9f324f0.jpg,train
yellowfin_segment.v18i.coco-segmentation/train\GPAB6033_jpg.rf.e583d1e7ca6b0479db2a6ff5d7a2ef5e.jpg,GPAB6033,0.2895051687749533,0.1503630529091282,0.0635088137070957,0.0,0.0821406006648448,0.0590246637847761,0.0169802370934258,0.0124644004585931,0.0014547081653777,0.0014547081653777,0.017754161041475,0.0098055972177146,0.0,0.0,0.001128239006151,0.001128239006151,0.106538409096583,0.0552645072332122,GPAB6033_jpg.rf.e583d1e7ca6b0479db2a6ff5d7a2ef5e.jpg,train
yellowfin_segment.v18i.coco-segmentation/train\GPAB6112_jpg.rf.275e9e45ae9d2003a909da0c5f0de468.jpg,GPAB6112,0.3899933361883381,0.0045408019234794,0.2303614397674003,0.2303614397674003,0.0014479867415113,0.0014479867415113,0.0135215844124419,0.0135215844124419,0.0,0.0,0.0719816485924378,0.0674408466689583,0.0,0.0,0.0,0.0,0.0726806766745467,0.0726806766745467,GPAB6112_jpg.rf.275e9e45ae9d2003a909da0c5f0de468.jpg,train
yellowfin_segment.v18i.coco-segmentation/train\GPAB6151_jpg.rf.c36cadd2306d5b5385f070e07094abae.jpg,GPAB6151,0.1444078713634696,0.0790045763294496,0.008133883081792,0.0039416349959575,0.0189851418124415,0.0138365311307547,0.0,0.0,0.0019732180065024,0.0019732180065024,0.0190321917795065,0.0111431605671345,0.0,0.0,0.0,0.0,0.0962834366832269,0.0345087503336706,GPAB6151_jpg.rf.c36cadd2306d5b5385f070e07094abae.jpg,train
yellowfin_segment.v18i.coco-segmentation/train\GPAB6199_jpg.rf.bfde89e764df96e5529e9f0eaca7fc63.jpg,GPAB6199,0.1288919444695164,0.0214365411168701,0.0037351912629171,0.0037351912629171,0.0445601596242147,0.0372203647620712,0.034617253318943,0.034617253318943,0.0025253349669594,0.0025253349669594,0.003449050646889,0.003449050646889,0.0,0.0,0.0,0.0,0.0400049546495929,0.0259082083948663,GPAB6199_jpg.rf.bfde89e764df96e5529e9f0eaca7fc63.jpg,train
yellowfin_segment.v18i.coco-segmentation/train\GPAB6203_jpg.rf.51578668f786e422636d911cb62b28bf.jpg,GPAB6203,0.2105946923796337,0.0454704324564115,0.0230429614209474,0.0230429614209474,0.0417650074991886,0.0368862139755685,0.0,0.0,0.0024965288646746,0.0024965288646746,0.0356898005273437,0.0299285800704021,0.0,0.0,0.0,0.0,0.1076003940674792,0.0727699755916293,GPAB6203_jpg.rf.51578668f786e422636d911cb62b28bf.jpg,train
yellowfin_segment.v18i.coco-segmentation/train\GPAB6208_jpg.rf.c473a27a0a8d6f6587dc146ae5eb3014.jpg,GPAB6208,0.0633561413649867,0.0292161091405603,0.0,0.0,0.0101925591917391,0.0074780641531101,0.0049575302031982,0.0049575302031982,0.0,0.0,0.0058313153058343,0.0058313153058343,0.0,0.0,0.0,0.0,0.0423747366642149,0.0158731225622835,GPAB6208_jpg.rf.c473a27a0a8d6f6587dc146ae5eb3014.jpg,train
yellowfin_segment.v18i.coco-segmentation/train\GPAB6213_jpg.rf.a18255c26a2019ef53cab4aad446882f.jpg,GPAB6213,0.1007042131805201,0.0,0.0203207847550425,0.0203207847550425,0.0036698974310717,0.0036698974310717,0.0205243478778544,0.0205243478778544,0.0446917074913149,0.0446917074913149,0.0114974756252364,0.0114974756252364,0.0,0.0,0.0,0.0,0.0,0.0,GPAB6213_jpg.rf.a18255c26a2019ef53cab4aad446882f.jpg,train
yellowfin_segment.v18i.coco-segmentation/train\GPAB6218_jpg.rf.cbf157f68419fd36fb92aad2909ab5ec.jpg,GPAB6218,0.0985235912375677,0.0071160674677323,0.0,0.0,0.0016304253893144,0.0,0.0757850142974287,0.0757850142974287,0.0,0.0,0.0,0.0,0.0,0.0,0.0,0.0,0.0211081515508245,0.0156225094724066,GPAB6218_jpg.rf.cbf157f68419fd36fb92aad2909ab5ec.jpg,test
yellowfin_segment.v18i.coco-segmentation/train\GPAB6220_jpg.rf.3bc13f3d7e06c9294ec7edc12332c5da.jpg,GPAB6220,0.2325190168285249,0.0,0.0,0.0,0.0,0.0,0.0,0.0,0.0,0.0,0.2315184848758361,0.2315184848758361,0.0,0.0,0.0,0.0,0.0010005319526888,0.0010005319526888,GPAB6220_jpg.rf.3bc13f3d7e06c9294ec7edc12332c5da.jpg,train
yellowfin_segment.v18i.coco-segmentation/train\GPAB6227_jpg.rf.571570ca77f0db566886fcf2519c6b6b.jpg,GPAB6227,0.0467119754648824,0.0,0.0,0.0,0.0013884541301229,0.0013884541301229,0.0097057360631276,0.0097057360631276,0.0147295203015806,0.0147295203015806,0.0,0.0,0.0,0.0,0.0,0.0,0.0208882649700512,0.0208882649700512,GPAB6227_jpg.rf.571570ca77f0db566886fcf2519c6b6b.jpg,test
yellowfin_segment.v18i.coco-segmentation/train\GPAB6236_jpg.rf.46b13879c47d4fdd782cf071312ef0fe.jpg,GPAB6236,0.0102386489553947,0.0,0.0,0.0,0.0030774519274163,0.0030774519274163,0.0,0.0,0.0,0.0,0.0,0.0,0.0,0.0,0.0,0.0,0.0071611970279784,0.0071611970279784,GPAB6236_jpg.rf.46b13879c47d4fdd782cf071312ef0fe.jpg,train
yellowfin_segment.v18i.coco-segmentation/train\GPAB6245_jpg.rf.47051ee1d535ca875a821dca928db358.jpg,GPAB6245,0.088382883029941,0.0176955886334961,0.0,0.0,0.0253906587571511,0.0236133222461846,0.0,0.0,0.0073628397439713,0.0073628397439713,0.0010629451743057,0.0010629451743057,0.0,0.0,0.0,0.0,0.0545664393545128,0.0386481872319832,GPAB6245_jpg.rf.47051ee1d535ca875a821dca928db358.jpg,train
yellowfin_segment.v18i.coco-segmentation/train\GPAB6251_jpg.rf.d7a423a98ef5280e1fa58def52ffcf9b.jpg,GPAB6251,0.0742726939274815,0.0260724031778892,0.0104700579770818,0.0104700579770818,0.021058220973531,0.015331567839331,0.0019338496667133,0.0019338496667133,0.0,0.0,0.0089308519116689,0.0076816272759221,0.0012540256527942,0.0012540256527942,0.0,0.0,0.030625687745692,0.0115291623377496,GPAB6251_jpg.rf.d7a423a98ef5280e1fa58def52ffcf9b.jpg,train
yellowfin_segment.v18i.coco-segmentation/train\GPAB6286_jpg.rf.b9de6c3dd697e300894bf557002032ac.jpg,GPAB6286,0.1555462309135567,0.0192914467000689,0.011343843079718,0.0,0.0383457231579937,0.0350455040395757,0.0793608117943705,0.0793608117943705,0.017652379480069,0.017652379480069,0.0,0.0,0.0,0.0,0.0,0.0,0.0088434734014053,0.0041960888994724,GPAB6286_jpg.rf.b9de6c3dd697e300894bf557002032ac.jpg,train
yellowfin_segment.v18i.coco-segmentation/train\GPAB6318_jpg.rf.d15aea90cad5a842336ad5d3bce3c7bf.jpg,GPAB6318,0.3411573907816632,0.2001908884378066,0.0333622674627393,0.0157194900167651,0.2383647351855017,0.0728237469825607,0.0,0.0,0.0,0.0,0.0,0.0,0.0,0.0,0.0382871507500148,0.0212800279611232,0.0311432373834073,0.0311432373834073,GPAB6318_jpg.rf.d15aea90cad5a842336ad5d3bce3c7bf.jpg,train
yellowfin_segment.v18i.coco-segmentation/train\GPAB6343_jpg.rf.0d5a7465def88e0de6cf8a58d5eb8cfa.jpg,GPAB6343,0.3401126894721378,0.1299750539154214,0.0,0.0,0.2734227218694008,0.1622474905083893,0.0,0.0,0.0,0.0,0.0138461331648496,0.0095473025005617,0.0014796734540245,0.0014796734540245,0.027562638869418,0.027562638869418,0.0238015221144447,0.0093005302243227,GPAB6343_jpg.rf.0d5a7465def88e0de6cf8a58d5eb8cfa.jpg,train
yellowfin_segment.v18i.coco-segmentation/train\GPAB6357_jpg.rf.f77decaa064ed06ac4ae7dc5f14b7c03.jpg,GPAB6357,0.1479327780797084,0.0,0.0,0.0,0.0028700479909664,0.0028700479909664,0.1060198992554582,0.1060198992554582,0.029145054088258,0.029145054088258,0.0070891817722666,0.0070891817722666,0.0,0.0,0.0,0.0,0.002808594972759,0.002808594972759,GPAB6357_jpg.rf.f77decaa064ed06ac4ae7dc5f14b7c03.jpg,train
yellowfin_segment.v18i.coco-segmentation/train\GPAB6362_jpg.rf.409a2850d857b0bd69c899eb31575f58.jpg,GPAB6362,0.0357253280534948,0.0057929071694547,0.0057929071694547,0.0,0.0017936599689278,0.0017936599689278,0.0201786746504379,0.0201786746504379,0.0032589303718099,0.0032589303718099,0.0020932434326887,0.0020932434326887,0.0,0.0,0.0,0.0,0.0026079124601755,0.0026079124601755,GPAB6362_jpg.rf.409a2850d857b0bd69c899eb31575f58.jpg,train
yellowfin_segment.v18i.coco-segmentation/train\GPAB6368_jpg.rf.4ccdaea8dd51721346f6943ef0c1a15f.jpg,GPAB6368,0.0453907355734238,0.0050103413907202,0.0050103413907202,0.0,0.0043842887677325,0.0043842887677325,0.0243843655840053,0.0243843655840053,0.0116117398309657,0.0116117398309657,0.0,0.0,0.0,0.0,0.0,0.0,0.0,0.0,GPAB6368_jpg.rf.4ccdaea8dd51721346f6943ef0c1a15f.jpg,train
yellowfin_segment.v18i.coco-segmentation/train\GPAB6415_jpg.rf.6edab159b05aadee5406742ad5b6bae4.jpg,GPAB6415,0.3133172531269024,0.2108568279104245,0.0537320225916658,0.0,0.2065128676858905,0.1024604252164778,0.0,0.0,0.0,0.0,0.0,0.0,0.0106620986589799,0.0,0.0257632176800333,0.0,0.0166470465103327,0.0,GPAB6415_jpg.rf.6edab159b05aadee5406742ad5b6bae4.jpg,train
yellowfin_segment.v18i.coco-segmentation/train\GPAB6420_jpg.rf.b77275a4c2d4ceebbfe562a217560760.jpg,GPAB6420,0.299154252836921,0.2621220879431098,0.1210586050548948,0.0129867511133558,0.145452572672995,0.0,0.0,0.0,0.0,0.0,0.0057477776092087,0.0017456497984533,0.0031782732854127,0.0,0.0222997639820019,0.0222997639820019,0.0014172602324076,0.0,GPAB6420_jpg.rf.b77275a4c2d4ceebbfe562a217560760.jpg,train
yellowfin_segment.v18i.coco-segmentation/train\GPAB6428_jpg.rf.b16d2b18243733f492c9084c55db4346.jpg,GPAB6428,0.3599341684542453,0.126558650184455,0.0087301693990855,0.0015516887097362,0.2074183395010399,0.0907267395525068,0.0,0.0,0.0062153966696304,0.0062153966696304,0.0,0.0,0.0026885695465727,0.0,0.0012521052459753,0.0012521052459753,0.1336295880919414,0.1336295880919414,GPAB6428_jpg.rf.b16d2b18243733f492c9084c55db4346.jpg,train
yellowfin_segment.v18i.coco-segmentation/train\GPAB6469_jpg.rf.804de9a3f3b0bcff6cafd0268423db33.jpg,GPAB6469,0.1598585044255775,0.0092784455459044,0.0,0.0,0.0,0.0,0.1233381279490247,0.1233381279490247,0.0,0.0,0.0024197125919154,0.0024197125919154,0.0,0.0,0.0,0.0,0.0341006638846373,0.0248222183387328,GPAB6469_jpg.rf.804de9a3f3b0bcff6cafd0268423db33.jpg,train
yellowfin_segment.v18i.coco-segmentation/train\GPAB6581_jpg.rf.0e33f8c4bc7b403d776dbb15f4bb9251.jpg,GPAB6581,0.3557342387411349,0.235174939459175,0.0,0.0,0.3215826840757946,0.0876944171853365,0.0,0.0,0.0,0.0,0.0,0.0,0.0012866725687169,0.0,0.0328648820966233,0.0328648820966233,0.0,0.0,GPAB6581_jpg.rf.0e33f8c4bc7b403d776dbb15f4bb9251.jpg,train
yellowfin_segment.v18i.coco-segmentation/train\GPAB6582_jpg.rf.a166616a1043774d17060f56687c0471.jpg,GPAB6582,0.2639858427609304,0.0564782043428079,0.1792766979756991,0.1792766979756991,0.0689560476491339,0.012477843306326,0.0,0.0,0.0,0.0,0.0,0.0,0.0,0.0,0.0157530971360973,0.0157530971360973,0.0,0.0,GPAB6582_jpg.rf.a166616a1043774d17060f56687c0471.jpg,train
yellowfin_segment.v18i.coco-segmentation/train\GPAB6583_jpg.rf.226622e1572d169e84459d33d4b242e9.jpg,GPAB6583,0.1526550584475815,0.0332662471217902,0.026036875651738,0.0217697316999633,0.0135331068533558,0.0,0.0156695594394716,0.0023649809975745,0.0,0.0,0.0,0.0,0.0,0.0,0.0267224608861141,0.0245610430113515,0.0706930556169018,0.0706930556169018,GPAB6583_jpg.rf.226622e1572d169e84459d33d4b242e9.jpg,train
yellowfin_segment.v18i.coco-segmentation/train\GPAB6584_jpg.rf.bf60090261c1ac131e8b94b020257a0e.jpg,GPAB6584,0.3227118832853551,0.2372384165861696,0.0,0.0,0.2731769097965713,0.0383466833614032,0.0,0.0,0.0,0.0,0.0166835342398933,0.0142753440888917,0.0,0.0,0.0025186135430929,0.0025186135430929,0.0303328257057975,0.0303328257057975,GPAB6584_jpg.rf.bf60090261c1ac131e8b94b020257a0e.jpg,train
yellowfin_segment.v18i.coco-segmentation/train\GPAB6596_jpg.rf.2ff0ce0a9390ffcde484219f10b26580.jpg,GPAB6596,0.1783097731423424,0.0658488294160234,0.0649577606520165,0.0260483980926519,0.0321332070985917,0.0161304570760269,0.0134745344453769,0.0134745344453769,0.0053752186863265,0.0053752186863265,0.0040587798119153,0.0040587798119153,0.0,0.0,0.0031379447422141,0.0031379447422141,0.0551723277059012,0.044235610871807,GPAB6596_jpg.rf.2ff0ce0a9390ffcde484219f10b26580.jpg,train
yellowfin_segment.v18i.coco-segmentation/train\GPAB6643_jpg.rf.d790114b6394a3a5aa132aa793ce2dbc.jpg,GPAB6643,0.2741659193083463,0.150783622002485,0.0,0.0,0.2354418760070133,0.1030480697030859,0.0,0.0,0.0,0.0,0.0136675353306844,0.0055000451295602,0.0013942153505798,0.0,0.0236622926200686,0.0148341824732151,0.0,0.0,GPAB6643_jpg.rf.d790114b6394a3a5aa132aa793ce2dbc.jpg,train
yellowfin_segment.v18i.coco-segmentation/train\GPAB6646_jpg.rf.49fc6a67b97d38d25bea008e6f33d9f7.jpg,GPAB6646,0.2950685873295399,0.2310191791029011,0.0033866374252721,0.0,0.238482840204869,0.0175611601561674,0.0,0.0,0.0,0.0,0.0117048795616863,0.0117048795616863,0.0012060154823197,0.0,0.0343157494483631,0.0288109033017554,0.0059724652070294,0.0059724652070294,GPAB6646_jpg.rf.49fc6a67b97d38d25bea008e6f33d9f7.jpg,train
yellowfin_segment.v18i.coco-segmentation/train\GPAB6647_jpg.rf.ed1c984301bcc115058546f7d8048b07.jpg,GPAB6647,0.1569538891118694,0.0494015052148647,0.0230208767425291,0.0083873767818974,0.1167847396792536,0.088136110753702,0.0,0.0,0.0,0.0,0.0014835142676624,0.0,0.0,0.0,0.0156647584224242,0.0110288963614052,0.0,0.0,GPAB6647_jpg.rf.ed1c984301bcc115058546f7d8048b07.jpg,train
yellowfin_segment.v18i.coco-segmentation/train\GPAB6648_jpg.rf.c56ce6da35aa5d7bf1816fcefeee13f5.jpg,GPAB6648,0.5647743618008039,0.1671387666763327,0.0165260608807369,0.0,0.163355565242941,0.0277633213820015,0.0,0.0,0.0,0.0,0.0010984727004568,0.0,0.0077498017179959,0.0,0.0143636828025648,0.0081914952863614,0.3616807784561081,0.3616807784561081,GPAB6648_jpg.rf.c56ce6da35aa5d7bf1816fcefeee13f5.jpg,train
yellowfin_segment.v18i.coco-segmentation/train\GPAB6649_jpg.rf.47c706dd93e009a16e5bedc5215042d9.jpg,GPAB6649,0.4004029013506221,0.2524125110663442,0.0129781092826704,0.0027452215477326,0.3524945124375148,0.1122583408069165,0.0044879907359575,0.0044879907359575,0.0071160674677323,0.0071160674677323,0.0019434517008082,0.0,0.0,0.0,0.0213827697259387,0.0213827697259387,0.0,0.0,GPAB6649_jpg.rf.47c706dd93e009a16e5bedc5215042d9.jpg,train
yellowfin_segment.v18i.coco-segmentation/train\GPAB6650_jpg.rf.d42500ecead8b3cfa4dd6cdbd03046bd.jpg,GPAB6650,0.3968703130071074,0.2152785646111272,0.0,0.0,0.3655964879600094,0.1594955475367901,0.0,0.0,0.0057266531341999,0.0057266531341999,0.0150492680369409,0.0058716438490329,0.0,0.0,0.010497903875957,0.010497903875957,0.0,0.0,GPAB6650_jpg.rf.d42500ecead8b3cfa4dd6cdbd03046bd.jpg,train
yellowfin_segment.v18i.coco-segmentation/train\GPAB6651_jpg.rf.b6a9a159f89e82d53644c3a73ebaa154.jpg,GPAB6651,0.3844904104485494,0.2421517774325313,0.0,0.0,0.3322956735154775,0.0979465089884641,0.0,0.0,0.0,0.0,0.0026376787658697,0.0,0.0022247912997889,0.0022247912997889,0.0,0.0,0.0473322668674131,0.042167332727765,GPAB6651_jpg.rf.b6a9a159f89e82d53644c3a73ebaa154.jpg,train
yellowfin_segment.v18i.coco-segmentation/train\GPAB6652_jpg.rf.3746e0c1af503c85d382a9d829f4713a.jpg,GPAB6652,0.437454270312623,0.2525286956788926,0.0,0.0,0.3584564154070398,0.1059277197281472,0.0025551012726535,0.0025551012726535,0.0318336236348308,0.0318336236348308,0.0082375850500169,0.0082375850500169,0.0,0.0,0.0,0.0,0.0363715449480818,0.0363715449480818,GPAB6652_jpg.rf.3746e0c1af503c85d382a9d829f4713a.jpg,train
yellowfin_segment.v18i.coco-segmentation/train\GPAB6653_jpg.rf.6462868b079303442dc200bdaa83cf5b.jpg,GPAB6653,0.2574170912366075,0.2344317420202295,0.0,0.0,0.2385356513923909,0.0216420246465011,0.0,0.0,0.0,0.0,0.0,0.0,0.0,0.0,0.0188814398442166,0.0013433245698768,0.0,0.0,GPAB6653_jpg.rf.6462868b079303442dc200bdaa83cf5b.jpg,train
yellowfin_segment.v18i.coco-segmentation/train\GPAB6654_jpg.rf.c041357eb333cbca4f87f2517eb356e9.jpg,GPAB6654,0.5284892351595762,0.1563969711343651,0.3306393226341068,0.3306393226341068,0.1808610336013581,0.024464062466993,0.0,0.0,0.0013020358232688,0.0013020358232688,0.0,0.0,0.0,0.0,0.0022881647248153,0.0022881647248153,0.0133986783760271,0.0133986783760271,GPAB6654_jpg.rf.c041357eb333cbca4f87f2517eb356e9.jpg,train
yellowfin_segment.v18i.coco-segmentation/train\GPAB6655_jpg.rf.fb96f38ea0bf68f9bcb15a2ea4533c20.jpg,GPAB6655,0.0740192002273761,0.0052753575317395,0.0,0.0,0.064907830074723,0.0623450471747935,0.0,0.0,0.0,0.0,0.0,0.0,0.0,0.0,0.0063987955208431,0.0063987955208431,0.00271257463181,0.0,GPAB6655_jpg.rf.fb96f38ea0bf68f9bcb15a2ea4533c20.jpg,train
yellowfin_segment.v18i.coco-segmentation/train\GPAB6656_jpg.rf.5d4becc71a2154b3949645d8d64ed72e.jpg,GPAB6656,0.456837896540003,0.3907845437977581,0.041227293589874,0.0246676255898049,0.3786965430756852,0.0044716672779961,0.0,0.0,0.0,0.0,0.0,0.0,0.0,0.0,0.0369140598744438,0.0369140598744438,0.0,0.0,GPAB6656_jpg.rf.5d4becc71a2154b3949645d8d64ed72e.jpg,train
yellowfin_segment.v18i.coco-segmentation/train\GPAB6657_jpg.rf.8e09ed048fbf8afdda873ac2b2f11aff.jpg,GPAB6657,0.4288882956965603,0.1124475008785861,0.0197494637263958,0.0141927665956756,0.1367579308000606,0.0437526285568334,0.0,0.0,0.0020001037019682,0.0020001037019682,0.0116703122389446,0.0066705330857288,0.0,0.0,0.0043170745290682,0.0043170745290682,0.2543934107001227,0.2455076883486998,GPAB6657_jpg.rf.8e09ed048fbf8afdda873ac2b2f11aff.jpg,train
yellowfin_segment.v18i.coco-segmentation/train\GPAB6658_jpg.rf.f6047019a05b50a74f0bc478b9487e2e.jpg,GPAB6658,0.1643762614672292,0.1315603497444898,0.0589353648676935,0.0,0.10234328040052,0.0297182955237237,0.0,0.0,0.0,0.0,0.0,0.0,0.0,0.0,0.0030976161990155,0.0030976161990155,0.0,0.0,GPAB6658_jpg.rf.f6047019a05b50a74f0bc478b9487e2e.jpg,train
yellowfin_segment.v18i.coco-segmentation/train\GPAB6659_jpg.rf.709b4d7ed4800dd29cbf1c81b90dd9e0.jpg,GPAB6659,0.04976830291729,0.0114878735911415,0.0052398300055883,0.0052398300055883,0.020813369104111,0.0104815804179957,0.0,0.0,0.0,0.0,0.0011560849050262,0.0,0.0,0.0,0.0225590189025643,0.0225590189025643,0.0,0.0,GPAB6659_jpg.rf.709b4d7ed4800dd29cbf1c81b90dd9e0.jpg,train
yellowfin_segment.v18i.coco-segmentation/train\GPAB6660_jpg.rf.31b6a04bb3b33417f99359b150249ea1.jpg,GPAB6660,0.1385621530064928,0.0565406175644248,0.0,0.0,0.1171774628737351,0.0606368453093103,0.0,0.0,0.0142388563593311,0.0142388563593311,0.0,0.0,0.0,0.0,0.0,0.0,0.0071458337734265,0.0071458337734265,GPAB6660_jpg.rf.31b6a04bb3b33417f99359b150249ea1.jpg,train
yellowfin_segment.v18i.coco-segmentation/train\GPAB6661_jpg.rf.3c4167a579d558a7483fe8be14f117da.jpg,GPAB6661,0.1736537468097241,0.1362509433998498,0.0842136798259343,0.0,0.0791198007385884,0.0282587863412985,0.0018618344110016,0.0018618344110016,0.0,0.0,0.0021739005190859,0.0021739005190859,0.0,0.0,0.0062845313151137,0.0051082821384882,0.0,0.0,GPAB6661_jpg.rf.3c4167a579d558a7483fe8be14f117da.jpg,train
yellowfin_segment.v18i.coco-segmentation/train\GPAB6662_jpg.rf.2108d9d531e28867ea4da578a80bbdb8.jpg,GPAB6662,0.1168903620542975,0.0579540369831945,0.0071842419098061,0.0061731477196129,0.0965494130276557,0.0396064702346545,0.0,0.0,0.0,0.0,0.0,0.0,0.0,0.0,0.0131567071168356,0.0131567071168356,0.0,0.0,GPAB6662_jpg.rf.2108d9d531e28867ea4da578a80bbdb8.jpg,train
yellowfin_segment.v18i.coco-segmentation/train\GPAB6663_jpg.rf.86f74cdd128bbd44c7c2229648721c5d.jpg,GPAB6663,0.1803982155579838,0.0097153380972225,0.0,0.0,0.0890790305018215,0.0890790305018215,0.0,0.0,0.0,0.0,0.0057804245251314,0.0057804245251314,0.0097153380972225,0.0,0.005370417669279,0.005370417669279,0.0704530047645293,0.0704530047645293,GPAB6663_jpg.rf.86f74cdd128bbd44c7c2229648721c5d.jpg,train
yellowfin_segment.v18i.coco-segmentation/train\GPAB6664_jpg.rf.c6ef7a66d43f9061b3dfc2c5107657e0.jpg,GPAB6664,0.3015557215640561,0.0956650656875152,0.0103951621111416,0.0,0.1495353575701476,0.0769766267286061,0.0890050948392907,0.0890050948392907,0.0017427691882248,0.0017427691882248,0.0184858360395066,0.0057746633046744,0.0,0.0,0.0,0.0,0.0323915018157446,0.0323915018157446,GPAB6664_jpg.rf.c6ef7a66d43f9061b3dfc2c5107657e0.jpg,train
yellowfin_segment.v18i.coco-segmentation/train\GPAB6665_jpg.rf.1b65939da5c873cbe5254fc52cc442d4.jpg,GPAB6665,0.193595251218018,0.0272304084897344,0.005967664189982,0.005967664189982,0.1567791320913422,0.1370411908058603,0.0,0.0,0.0,0.0,0.0214259788793658,0.0139335116751132,0.0014777530472055,0.0014777530472055,0.0014988775222143,0.0014988775222143,0.0064458454879081,0.0064458454879081,GPAB6665_jpg.rf.1b65939da5c873cbe5254fc52cc442d4.jpg,train
yellowfin_segment.v18i.coco-segmentation/train\GPAB6666_jpg.rf.4c4e1b29088fb6b155dc41c398781370.jpg,GPAB6666,0.1249205431678646,0.0544502547419645,0.0071563960109309,0.0071563960109309,0.0633609423820342,0.0089106876400696,0.0303558705876252,0.0303558705876252,0.0,0.0,0.0035354689537431,0.0035354689537431,0.0,0.0,0.0185242441758862,0.0185242441758862,0.0019876210576448,0.0019876210576448,GPAB6666_jpg.rf.4c4e1b29088fb6b155dc41c398781370.jpg,train
yellowfin_segment.v18i.coco-segmentation/train\GPAB6667_jpg.rf.2a5460ac13ba5fc91010686eb1f3313c.jpg,GPAB6667,0.2490988491001934,0.0994012171538418,0.0265409824417204,0.0265409824417204,0.1435628923631182,0.0711376297954958,0.0,0.0,0.0179087537904029,0.0179087537904029,0.0053915421442878,0.0053915421442878,0.0114148981320202,0.0114148981320202,0.0270134025191896,0.0076393783259045,0.0172663777094539,0.0096644473165195,GPAB6667_jpg.rf.2a5460ac13ba5fc91010686eb1f3313c.jpg,test
yellowfin_segment.v18i.coco-segmentation/train\GPAB6668_jpg.rf.8a52d79d063cb9a4eb650e20d0cde86a.jpg,GPAB6668,0.1028531484109593,0.0867908657770062,0.0,0.0,0.0876127998955298,0.0134130814271695,0.0,0.0,0.0,0.0,0.0125911473086458,0.0,0.0,0.0,0.0026492012067836,0.0026492012067836,0.0,0.0,GPAB6668_jpg.rf.8a52d79d063cb9a4eb650e20d0cde86a.jpg,train
yellowfin_segment.v18i.coco-segmentation/train\GPAB6669_jpg.rf.321fecc390e5ecce908b5f9958f266ec.jpg,GPAB6669,0.1641842207853311,0.0351194397021064,0.0,0.0,0.0415566433593292,0.0064372036572227,0.0,0.0,0.0,0.0,0.0535611063847765,0.0535611063847765,0.0,0.0,0.0,0.0,0.0690664710412253,0.0690664710412253,GPAB6669_jpg.rf.321fecc390e5ecce908b5f9958f266ec.jpg,train
yellowfin_segment.v18i.coco-segmentation/train\GPAB6670_jpg.rf.5e7d6bc2eaca9c5c6f30031c970d577c.jpg,GPAB6670,0.0374133656473787,0.0,0.0,0.0,0.0,0.0,0.0,0.0,0.0033779955945867,0.0033779955945867,0.001617942744991,0.001617942744991,0.0,0.0,0.0074598202883298,0.0074598202883298,0.024957607019471,0.024957607019471,GPAB6670_jpg.rf.5e7d6bc2eaca9c5c6f30031c970d577c.jpg,train
yellowfin_segment.v18i.coco-segmentation/train\GPAB6671_jpg.rf.8823d517f81d5155714d6730facb6945.jpg,GPAB6671,0.1264011768252986,0.0695254482709617,0.0012684287039366,0.0,0.0834896864551786,0.017207805301475,0.0,0.0,0.0,0.0,0.0210121312098755,0.0210121312098755,0.0,0.0,0.0206309304563078,0.0186557920429863,0.0,0.0,GPAB6671_jpg.rf.8823d517f81d5155714d6730facb6945.jpg,train
yellowfin_segment.v18i.coco-segmentation/train\GPAB6672_jpg.rf.cfd673b99f828cebf1bf4d7528ea8aff.jpg,GPAB6672,0.1232776351342268,0.0909514271503275,0.0,0.0,0.1056079719927869,0.0282674281719839,0.0,0.0,0.0040587798119153,0.0040587798119153,0.0136108833295245,0.0,0.0,0.0,0.0,0.0,0.0,0.0,GPAB6672_jpg.rf.cfd673b99f828cebf1bf4d7528ea8aff.jpg,train
yellowfin_segment.v18i.coco-segmentation/train\GPAB6673_jpg.rf.cd25a2f71375986cca89454d261f329d.jpg,GPAB6673,0.0622787931395386,0.0,0.0019242476326184,0.0019242476326184,0.0249489651887855,0.0249489651887855,0.0,0.0,0.0039752421152897,0.0039752421152897,0.0059321366638308,0.0059321366638308,0.0,0.0,0.0,0.0,0.025498201539014,0.025498201539014,GPAB6673_jpg.rf.cd25a2f71375986cca89454d261f329d.jpg,train
yellowfin_segment.v18i.coco-segmentation/train\GPAB6674_jpg.rf.20c047131d1c05472033eea3285c7c80.jpg,GPAB6674,0.077587316097042,0.0,0.0,0.0,0.057112898796481,0.057112898796481,0.0083652921034792,0.0083652921034792,0.0,0.0,0.0,0.0,0.0010994329038663,0.0010994329038663,0.0110096922932153,0.0110096922932153,0.0,0.0,GPAB6674_jpg.rf.20c047131d1c05472033eea3285c7c80.jpg,train
yellowfin_segment.v18i.coco-segmentation/train\GPAB6675_jpg.rf.4f04c89d08e730b52a36b57e46d13726.jpg,GPAB6675,0.1772093800350666,0.154232672649374,0.0,0.0,0.0846016020033683,0.0162063131453767,0.0,0.0,0.0,0.0,0.0897665361430165,0.0067703942403158,0.0028412418886816,0.0,0.0,0.0,0.0,0.0,GPAB6675_jpg.rf.4f04c89d08e730b52a36b57e46d13726.jpg,train
yellowfin_segment.v18i.coco-segmentation/train\GPAB6676_jpg.rf.62dd073dcce1a1a6cf857a62a9f0e112.jpg,GPAB6676,0.2500052811187522,0.1114008791622417,0.0,0.0,0.1223279939622409,0.1223279939622409,0.0,0.0,0.0,0.0,0.0082548687113878,0.0038120075356763,0.1069580179865302,0.0,0.0124644004585931,0.0124644004585931,0.0,0.0,GPAB6676_jpg.rf.62dd073dcce1a1a6cf857a62a9f0e112.jpg,train
yellowfin_segment.v18i.coco-segmentation/train\GPAB6677_jpg.rf.fe0934180b433aa2bdd28762cc4c938e.jpg,GPAB6677,0.444117121771076,0.0961000378320143,0.028206935357186,0.0157530971360973,0.39686551199006,0.3198235914296084,0.0,0.0,0.0,0.0,0.0,0.0,0.0,0.0,0.0190446744238299,0.0124403953733558,0.0,0.0,GPAB6677_jpg.rf.fe0934180b433aa2bdd28762cc4c938e.jpg,train
yellowfin_segment.v18i.coco-segmentation/train\GPAB6678_jpg.rf.4fa0cceb63bfe1804bdd651c2a3fef64.jpg,GPAB6678,0.1631337582553488,0.1047197838390084,0.0038801819777501,0.0038801819777501,0.1497235574384077,0.0505489482892055,0.0,0.0,0.0,0.0,0.0055451746898062,0.0,0.0,0.0,0.0039848441493846,0.0039848441493846,0.0,0.0,GPAB6678_jpg.rf.4fa0cceb63bfe1804bdd651c2a3fef64.jpg,test
yellowfin_segment.v18i.coco-segmentation/train\GPAB6679_jpg.rf.56d98813e84f509e5216b1ab208b9c4d.jpg,GPAB6679,0.1784336393821667,0.158126297474857,0.0,0.0,0.1610376342124315,0.0142705430718443,0.0,0.0,0.0,0.0,0.0102808979054122,0.0,0.0010783084288575,0.0,0.0060367988354653,0.0060367988354653,0.0,0.0,GPAB6679_jpg.rf.56d98813e84f509e5216b1ab208b9c4d.jpg,train
yellowfin_segment.v18i.coco-segmentation/train\GPAB6680_jpg.rf.8ffe46388f899aa283fc4a3f321cec09.jpg,GPAB6680,0.0939914311447737,0.0394912458255156,0.0,0.0,0.0784678226235445,0.041526877053635,0.0,0.0,0.0,0.0,0.0025503002556061,0.0,0.0,0.0,0.0129733082656229,0.0129733082656229,0.0,0.0,GPAB6680_jpg.rf.8ffe46388f899aa283fc4a3f321cec09.jpg,train
yellowfin_segment.v18i.coco-segmentation/train\GPAB6681_jpg.rf.0f833ea68a8c1dffcb4c3f6adea2c72d.jpg,GPAB6681,0.2754794775725289,0.2035083912175955,0.0,0.0,0.2479590876531284,0.045770976123582,0.0,0.0,0.0,0.0,0.0,0.0,0.0013202796880491,0.0,0.0262001102313514,0.0262001102313514,0.0,0.0,GPAB6681_jpg.rf.0f833ea68a8c1dffcb4c3f6adea2c72d.jpg,train
yellowfin_segment.v18i.coco-segmentation/train\GPAB6682_jpg.rf.eb22232a2c018cc5851106de08352de7.jpg,GPAB6682,0.0367114569550413,0.0093014904277322,0.0,0.0,0.0220837182148666,0.0127822277871344,0.0,0.0,0.0,0.0,0.0015545693199647,0.0015545693199647,0.0,0.0,0.0130731694202099,0.0130731694202099,0.0,0.0,GPAB6682_jpg.rf.eb22232a2c018cc5851106de08352de7.jpg,train
yellowfin_segment.v18i.coco-segmentation/train\GPAB6683_jpg.rf.a8e659241e83b43452b24e4ddccbe5bd.jpg,GPAB6683,0.0440877395467455,0.0154592748927932,0.0,0.0,0.0203524714675556,0.0048931965747623,0.0,0.0,0.0,0.0,0.0,0.0,0.0,0.0,0.0237352680791898,0.0237352680791898,0.0,0.0,GPAB6683_jpg.rf.a8e659241e83b43452b24e4ddccbe5bd.jpg,train
yellowfin_segment.v18i.coco-segmentation/train\GPAB6684_jpg.rf.0736c8590fcf6864ecebf96c7bd09b8f.jpg,GPAB6684,0.2388496379072942,0.1317831169354916,0.0667600624516297,0.0667600624516297,0.1444875682464573,0.0138365311307547,0.0,0.0,0.0,0.0,0.0,0.0,0.001132079819789,0.0,0.0264699273894181,0.0264699273894181,0.0,0.0,GPAB6684_jpg.rf.0736c8590fcf6864ecebf96c7bd09b8f.jpg,test
yellowfin_segment.v18i.coco-segmentation/train\GPAB6685_jpg.rf.42cdbc2507e32fe09d31984fc16f69b6.jpg,GPAB6685,0.1973256414638877,0.1442916867509213,0.0103845998736372,0.0103845998736372,0.1491291915279332,0.0130309204701924,0.0,0.0,0.0,0.0,0.0081934156931804,0.0,0.0,0.0,0.0296184343691367,0.0296184343691367,0.0,0.0,GPAB6685_jpg.rf.42cdbc2507e32fe09d31984fc16f69b6.jpg,train
yellowfin_segment.v18i.coco-segmentation/train\GPAB6686_jpg.rf.0541fbfe096aff1703cafa9538cc4c97.jpg,GPAB6686,0.0779858005119804,0.0538136398814724,0.0,0.0,0.0055730205886815,0.0055730205886815,0.0,0.0,0.0,0.0,0.0,0.0,0.0063498251469591,0.0063498251469591,0.0122493148948673,0.0122493148948673,0.0538136398814724,0.0,GPAB6686_jpg.rf.0541fbfe096aff1703cafa9538cc4c97.jpg,train
yellowfin_segment.v18i.coco-segmentation/train\GPAB6687_jpg.rf.f4a6a527a7155e2ece923d872127b126.jpg,GPAB6687,0.2716204200697876,0.1993526308613216,0.0,0.0,0.222699016559668,0.0439350672046366,0.0,0.0,0.0,0.0,0.0060569631070646,0.0,0.0035335485469241,0.0035335485469241,0.0315887717654107,0.0247991734569051,0.00774212009072,0.0,GPAB6687_jpg.rf.f4a6a527a7155e2ece923d872127b126.jpg,train
yellowfin_segment.v18i.coco-segmentation/train\GPAB6688_jpg.rf.57296e4a40af7ca9cfdf1f0f28a97d2c.jpg,GPAB6688,0.0924599067066367,0.0415393596979584,0.0161390989067123,0.0,0.0295752252157096,0.008186694269314,0.0,0.0,0.0,0.0,0.0,0.0,0.0,0.0,0.0105737599453068,0.0065620301004564,0.0361718226389078,0.0361718226389078,GPAB6688_jpg.rf.57296e4a40af7ca9cfdf1f0f28a97d2c.jpg,train
yellowfin_segment.v18i.coco-segmentation/train\GPAB6689_jpg.rf.be92867710229776bc9c7cdaf8ee7bb8.jpg,GPAB6689,0.1967888877579826,0.0692354668412956,0.0,0.0,0.1127778108514507,0.0632197924808391,0.0,0.0,0.0,0.0,0.0259514175482934,0.0197667473877666,0.015533210555324,0.015533210555324,0.0159518592418617,0.0159518592418617,0.0265745895610526,0.0130818112508953,GPAB6689_jpg.rf.be92867710229776bc9c7cdaf8ee7bb8.jpg,train
yellowfin_segment.v18i.coco-segmentation/train\GPAB6690_jpg.rf.58efacb471360e1d9e71b80ee71f6572.jpg,GPAB6690,0.2346093796509852,0.0903858673421377,0.0159547398520902,0.0,0.1599362809017462,0.1015405503501861,0.0,0.0,0.0072793020473457,0.0072793020473457,0.0015382458620034,0.0,0.0,0.0,0.0047242007746921,0.0010936716834094,0.0451766102131075,0.0343099882279062,GPAB6690_jpg.rf.58efacb471360e1d9e71b80ee71f6572.jpg,train
yellowfin_segment.v18i.coco-segmentation/train\GPAB6691_jpg.rf.e53cc0d0f407655cd9ee813792227553.jpg,GPAB6691,0.2457938289647279,0.1105885470778129,0.0476356911448121,0.0,0.0350570264804896,0.0240348515429508,0.0206011641506136,0.0206011641506136,0.059925334582878,0.059925334582878,0.0,0.0,0.0,0.0,0.0030035162648855,0.0018906405132863,0.0795710963410488,0.028753291097186,GPAB6691_jpg.rf.e53cc0d0f407655cd9ee813792227553.jpg,test
yellowfin_segment.v18i.coco-segmentation/train\GPAB6692_jpg.rf.6ad73c56d9ae12964e6c6e531ac3da38.jpg,GPAB6692,0.0965830201469879,0.0,0.0,0.0,0.0025406982215112,0.0025406982215112,0.0393721806027388,0.0393721806027388,0.0,0.0,0.0032858160672756,0.0032858160672756,0.0,0.0,0.0,0.0,0.0513843252554621,0.0513843252554621,GPAB6692_jpg.rf.6ad73c56d9ae12964e6c6e531ac3da38.jpg,train
yellowfin_segment.v18i.coco-segmentation/train\GPAB6694_jpg.rf.23021e03dc2ebb10427984d31a572e3d.jpg,GPAB6694,0.242176742721178,0.0019453721076272,0.0,0.0,0.0308062059866762,0.0308062059866762,0.1745342533362267,0.1745342533362267,0.0265025743053408,0.0265025743053408,0.0010072533765552,0.0010072533765552,0.0,0.0,0.0,0.0,0.0093264557163789,0.0073810836087516,GPAB6694_jpg.rf.23021e03dc2ebb10427984d31a572e3d.jpg,train
yellowfin_segment.v18i.coco-segmentation/train\GPAB6695_jpg.rf.b95d2c9058d219316957c2f1e02a8d4e.jpg,GPAB6695,0.3135832294713312,0.0,0.0,0.0,0.0044178958870647,0.0044178958870647,0.2427490239532342,0.2427490239532342,0.0375900430747249,0.0375900430747249,0.0012088960925482,0.0012088960925482,0.0,0.0,0.0,0.0,0.027617370463759,0.027617370463759,GPAB6695_jpg.rf.b95d2c9058d219316957c2f1e02a8d4e.jpg,train
yellowfin_segment.v18i.coco-segmentation/train\GPAB6696_jpg.rf.7b1873494355502f46e4f7212e94cfcf.jpg,GPAB6696,0.0997200046857926,0.0062998945696656,0.0,0.0,0.0236843772984869,0.0202766153982059,0.04803513576316,0.04803513576316,0.0169495105843221,0.0169495105843221,0.0056968868285057,0.002804754159121,0.0,0.0,0.003595961768541,0.003595961768541,0.0017581324427766,0.0017581324427766,GPAB6696_jpg.rf.7b1873494355502f46e4f7212e94cfcf.jpg,test
yellowfin_segment.v18i.coco-segmentation/train\GPAB6699_jpg.rf.1f86c763a14196b5d571d2540d89638c.jpg,GPAB6699,0.0979253845134553,0.0087474530604563,0.0,0.0,0.0,0.0,0.0,0.0,0.0404264839463592,0.0404264839463592,0.0026914501568012,0.0026914501568012,0.0,0.0,0.0,0.0,0.0548074504102949,0.0460599973498385,GPAB6699_jpg.rf.1f86c763a14196b5d571d2540d89638c.jpg,train
yellowfin_segment.v18i.coco-segmentation/train\GPAB6700_jpg.rf.f7961569fdb6334ea3abacfaa8f67f96.jpg,GPAB6700,0.0355544118466055,0.0,0.0,0.0,0.0,0.0,0.0,0.0,0.0220856386216856,0.0220856386216856,0.0,0.0,0.0,0.0,0.0,0.0,0.0134687732249199,0.0134687732249199,GPAB6700_jpg.rf.f7961569fdb6334ea3abacfaa8f67f96.jpg,test
yellowfin_segment.v18i.coco-segmentation/train\GPAB6701_jpg.rf.149875ae1fe458dc6e8531c3f26d32f6.jpg,GPAB6701,0.0385588883149006,0.0,0.0,0.0,0.0019780190235499,0.0019780190235499,0.0,0.0,0.0365808692913506,0.0365808692913506,0.0,0.0,0.0,0.0,0.0,0.0,0.0,0.0,GPAB6701_jpg.rf.149875ae1fe458dc6e8531c3f26d32f6.jpg,train
yellowfin_segment.v18i.coco-segmentation/train\GPAB6704_jpg.rf.9790ef8bf24b48dda270de4b435b6865.jpg,GPAB6704,0.0828521113912771,0.0087685775354651,0.0,0.0,0.0026011910363091,0.0026011910363091,0.0330742064398922,0.0330742064398922,0.0279361579957098,0.0279361579957098,0.0035844393276271,0.0035844393276271,0.0,0.0,0.0,0.0,0.0156561165917387,0.0068875390562736,GPAB6704_jpg.rf.9790ef8bf24b48dda270de4b435b6865.jpg,train
yellowfin_segment.v18i.coco-segmentation/train\GPAB6705_jpg.rf.01585a7db7bb160584e50946bb0e8993.jpg,GPAB6705,0.3094409119627902,0.0716417365854782,0.0022036668247801,0.0,0.0062163568730399,0.0062163568730399,0.1829638790681418,0.1829638790681418,0.0410899845023169,0.0410899845023169,0.0009621238163092,0.0,0.0,0.0,0.0,0.0,0.076004900878202,0.0075289549338131,GPAB6705_jpg.rf.01585a7db7bb160584e50946bb0e8993.jpg,train
yellowfin_segment.v18i.coco-segmentation/train\GPAB6706_jpg.rf.9f01d89475c6a9d588cbb65cc6f65da0.jpg,GPAB6706,0.3684425308657386,0.0604582474751451,0.0261280949756396,0.0,0.015231706684744,0.015231706684744,0.17968958544178,0.17968958544178,0.0287283258085392,0.0287283258085392,0.0729764193246697,0.0459985443316312,0.0,0.0,0.0,0.0,0.0456883986303658,0.0383361211238988,GPAB6706_jpg.rf.9f01d89475c6a9d588cbb65cc6f65da0.jpg,test
yellowfin_segment.v18i.coco-segmentation/train\GPAB6710_jpg.rf.9e215ac6bc82835890363fb4d212536b.jpg,GPAB6710,0.2933431018026858,0.0597937867157778,0.050549908492615,0.0,0.0162668059601746,0.0145941316208425,0.0634070321456897,0.0634070321456897,0.0895447291554242,0.0895447291554242,0.0,0.0,0.0013414041630579,0.0,0.0,0.0,0.0722332218857242,0.0660034221649514,GPAB6710_jpg.rf.9e215ac6bc82835890363fb4d212536b.jpg,train
yellowfin_segment.v18i.coco-segmentation/train\GPAB6711_jpg.rf.0304d9a3dd979cd916641d89cb49b8f0.jpg,GPAB6711,0.1612920881159464,0.002710654224991,0.0,0.0,0.0145278775855877,0.0133957977657987,0.0301916758046024,0.0301916758046024,0.0849635986887462,0.0849635986887462,0.0,0.0,0.0,0.0,0.0,0.0,0.03160893603701,0.030030361631808,GPAB6711_jpg.rf.0304d9a3dd979cd916641d89cb49b8f0.jpg,train
yellowfin_segment.v18i.coco-segmentation/train\GPAB6712_jpg.rf.822cd24c51032f70db27a6d6f422a8c4.jpg,GPAB6712,0.1961820392031848,0.0280158548786975,0.0127006104973277,0.0,0.0134985395306141,0.0134985395306141,0.0862752365461099,0.0862752365461099,0.0458862005327208,0.0458862005327208,0.0,0.0,0.0,0.0,0.0,0.0,0.0378214520964121,0.0225062077150423,GPAB6712_jpg.rf.822cd24c51032f70db27a6d6f422a8c4.jpg,train
yellowfin_segment.v18i.coco-segmentation/train\GPAB6713_jpg.rf.27d0d3fc4947952724f70345fd4f81b9.jpg,GPAB6713,0.2807634769349539,0.0974001532484641,0.0227664228390142,0.0,0.0399252577666052,0.0213347595554642,0.1039957904682527,0.1039957904682527,0.0281416415253407,0.0260608807369753,0.0083172819330046,0.0071218286881893,0.0,0.0,0.002264159639578,0.002264159639578,0.0753529227631581,0.02258590459803,GPAB6713_jpg.rf.27d0d3fc4947952724f70345fd4f81b9.jpg,train
yellowfin_segment.v18i.coco-segmentation/train\GPAB6714_jpg.rf.d664e0d22c48cb5ba50f7da1a60f33a3.jpg,GPAB6714,0.4480952444965941,0.1620688926742241,0.0051601331226006,0.0,0.0194047507023887,0.0149311630175736,0.0877059396262504,0.0877059396262504,0.0195564628410882,0.0195564628410882,0.0084113818671347,0.0062403619582772,0.0,0.0,0.0,0.0,0.3078565763371312,0.1575924243791804,GPAB6714_jpg.rf.d664e0d22c48cb5ba50f7da1a60f33a3.jpg,train
yellowfin_segment.v18i.coco-segmentation/train\GPAB6717_jpg.rf.d75823f43240ef0ce9f9964a1c4519d3.jpg,GPAB6717,0.0591975003984844,0.0,0.0,0.0,0.0055029257397887,0.0055029257397887,0.0249211192899103,0.0249211192899103,0.0018339885121264,0.0018339885121264,0.0052619146840066,0.0052619146840066,0.0031705916581368,0.0031705916581368,0.0,0.0,0.0185069605145153,0.0185069605145153,GPAB6717_jpg.rf.d75823f43240ef0ce9f9964a1c4519d3.jpg,test
yellowfin_segment.v18i.coco-segmentation/train\GPAB6718_jpg.rf.0f4f6dd3bde84d2d235fde632ef8b650.jpg,GPAB6718,0.1172158710101147,0.0031398651490331,0.0,0.0,0.0082203013886461,0.0082203013886461,0.0722149780209439,0.0722149780209439,0.0217572490556399,0.0217572490556399,0.0,0.0,0.0,0.0,0.0,0.0,0.0150233425448847,0.0118834773958515,GPAB6718_jpg.rf.0f4f6dd3bde84d2d235fde632ef8b650.jpg,train
yellowfin_segment.v18i.coco-segmentation/train\GPAB6720_jpg.rf.470f598882af8d62b6eb1b2dd1b45516.jpg,GPAB6720,0.1580706056771066,0.0362438378946195,0.0,0.0,0.0093773464970819,0.0093773464970819,0.0559251271789415,0.0559251271789415,0.0475310289731776,0.0475310289731776,0.0374133656473787,0.0011695277527591,0.0,0.0,0.0,0.0,0.0078237373805266,0.0078237373805266,GPAB6720_jpg.rf.470f598882af8d62b6eb1b2dd1b45516.jpg,train
yellowfin_segment.v18i.coco-segmentation/train\GPAB6721_jpg.rf.6d79cc0bee61efd5fc70bf8565773f07.jpg,GPAB6721,0.2326044749319696,0.0505959982562706,0.018296675967837,0.0,0.0023822646589453,0.0023822646589453,0.0852535801184122,0.0852535801184122,0.0664940861072009,0.0664940861072009,0.0036132454299118,0.0036132454299118,0.0,0.0,0.0,0.0,0.0565646226496621,0.0242653003612285,GPAB6721_jpg.rf.6d79cc0bee61efd5fc70bf8565773f07.jpg,train
yellowfin_segment.v18i.coco-segmentation/train\GPAB6722_jpg.rf.3905acae98248caaa1018f868607f294.jpg,GPAB6722,0.1536296649082141,0.0011464828709313,0.0,0.0,0.0017034008484357,0.0017034008484357,0.0462664410828789,0.0462664410828789,0.0885499584231923,0.0885499584231923,0.0114648287093137,0.0103183458383824,0.0,0.0,0.0,0.0,0.0056450358443932,0.0056450358443932,GPAB6722_jpg.rf.3905acae98248caaa1018f868607f294.jpg,train
yellowfin_segment.v18i.coco-segmentation/train\GPAB6723_jpg.rf.a9391a805eef75647fdc4a53714dddc1.jpg,GPAB6723,0.16375308945447,0.0066465280004916,0.0,0.0,0.0017312467473109,0.0,0.0124845647301924,0.0124845647301924,0.1374262323730659,0.1344822487195687,0.0,0.0,0.0,0.0,0.0,0.0,0.0121110456039007,0.0101397480042172,GPAB6723_jpg.rf.a9391a805eef75647fdc4a53714dddc1.jpg,train
yellowfin_segment.v18i.coco-segmentation/train\GPAB6724_jpg.rf.abb977d8b1d48600b80c49827e043ca3.jpg,GPAB6724,0.1437376493836454,0.0128302379576089,0.0163993140306842,0.0163993140306842,0.0053550544147272,0.0043535622586288,0.0119794977368005,0.0119794977368005,0.0831468938379906,0.0799974266548625,0.0165404639318793,0.0089327723184879,0.0,0.0,0.0,0.0,0.0103164254315634,0.0092448384265722,GPAB6724_jpg.rf.abb977d8b1d48600b80c49827e043ca3.jpg,train
yellowfin_segment.v18i.coco-segmentation/train\GPAB6725_jpg.rf.990d5f2625903257e8bc17df9fa2bf20.jpg,GPAB6725,0.1698964708683887,0.0201095400049546,0.0,0.0,0.0032790946434092,0.0032790946434092,0.0263575835905078,0.0263575835905078,0.1101650973742277,0.1101650973742277,0.006901942107416,0.0,0.0,0.0,0.0,0.0,0.0231927531528278,0.0099851552552892,GPAB6725_jpg.rf.990d5f2625903257e8bc17df9fa2bf20.jpg,train
yellowfin_segment.v18i.coco-segmentation/train\GPAB6726_jpg.rf.6e8b4f32f5c8ad2068d284eea6b3ba73.jpg,GPAB6726,0.1793976836052949,0.0150281435619321,0.0,0.0,0.0055086869602456,0.0040789440835146,0.067714504640663,0.067714504640663,0.0786368184236148,0.0786368184236148,0.0012271399573285,0.0,0.0,0.0,0.0,0.0,0.0263105336234427,0.0139392728955701,GPAB6726_jpg.rf.6e8b4f32f5c8ad2068d284eea6b3ba73.jpg,train
yellowfin_segment.v18i.coco-segmentation/train\GPAB6727_jpg.rf.2b47a87edd848492b696c791dce918bb.jpg,GPAB6727,0.193246697380373,0.0321178438440399,0.0225215709695941,0.0,0.0045734488394021,0.0045734488394021,0.0297663056941982,0.0297663056941982,0.1046976991605901,0.1046976991605901,0.0024898074408082,0.0,0.0021988658077327,0.0021988658077327,0.0,0.0,0.0269989994680473,0.0198925340344098,GPAB6727_jpg.rf.2b47a87edd848492b696c791dce918bb.jpg,train
yellowfin_segment.v18i.coco-segmentation/train\GPAB6728_jpg.rf.c94a7a80fbc13b2ef9bf80be068ef9ee.jpg,GPAB6728,0.141703938562345,0.021158082128118,0.021158082128118,0.0,0.0085534919717392,0.0085534919717392,0.0317174390222824,0.0317174390222824,0.0640302041584489,0.0640302041584489,0.0,0.0,0.0,0.0,0.0,0.0,0.0162447212817563,0.0162447212817563,GPAB6728_jpg.rf.c94a7a80fbc13b2ef9bf80be068ef9ee.jpg,train
yellowfin_segment.v18i.coco-segmentation/train\GPAB6729_jpg.rf.252f5cc0c0084ddbc28a453a606bd948.jpg,GPAB6729,0.0884548982856528,0.0258563574107538,0.0090143896082946,0.0,0.006707981018699,0.0039185901141297,0.0,0.0,0.0469712303854448,0.0469712303854448,0.0,0.0,0.0,0.0,0.0,0.0,0.0257612972732143,0.0117087203753243,GPAB6729_jpg.rf.252f5cc0c0084ddbc28a453a606bd948.jpg,train
yellowfin_segment.v18i.coco-segmentation/train\GPAB6730_jpg.rf.faeabf355c420e2ba8d4915690db7746.jpg,GPAB6730,0.0647762822076228,0.0035671556662563,0.0035671556662563,0.0,0.0,0.0,0.0287772961824232,0.0287772961824232,0.0301715115330031,0.0301715115330031,0.0,0.0,0.0,0.0,0.0,0.0,0.00226031882594,0.00226031882594,GPAB6730_jpg.rf.faeabf355c420e2ba8d4915690db7746.jpg,train
yellowfin_segment.v18i.coco-segmentation/train\GPAB6731_jpg.rf.9aff60cc937711da4f513b555afdcc79.jpg,GPAB6731,0.1237087664650879,0.0309752017867465,0.0288128237085744,0.0,0.0041480787289979,0.0041480787289979,0.0626945612158479,0.0626945612158479,0.0192175110375381,0.0192175110375381,0.0,0.0,0.0,0.0,0.0,0.0,0.0088357917741294,0.0066734136959573,GPAB6731_jpg.rf.9aff60cc937711da4f513b555afdcc79.jpg,train
yellowfin_segment.v18i.coco-segmentation/train\GPAB6733_jpg.rf.acb5d981beab731e09c53f2eedd2e502.jpg,GPAB6733,0.1297436448937343,0.0530445169504707,0.0130894928781713,0.0032858160672756,0.0364157143049183,0.0192741630386981,0.0011051941243232,0.0011051941243232,0.0021210893315639,0.0021210893315639,0.001373090875571,0.0,0.0,0.0,0.0014959969119858,0.0,0.0741430664672004,0.0509128653814024,GPAB6733_jpg.rf.acb5d981beab731e09c53f2eedd2e502.jpg,train
yellowfin_segment.v18i.coco-segmentation/train\GPAB6734_jpg.rf.46683f64576f9a3cfb6bbe554cb86593.jpg,GPAB6734,0.11718706490783,0.0967289710652304,0.0284460260061491,0.0,0.0719518822867436,0.0204580938425996,0.0,0.0,0.0,0.0,0.0012127369061862,0.0,0.0,0.0,0.0018291874950789,0.0,0.0137472322136721,0.0,GPAB6734_jpg.rf.46683f64576f9a3cfb6bbe554cb86593.jpg,train
yellowfin_segment.v18i.coco-segmentation/train\GPAB6735_jpg.rf.20b7c5c450a55f6155703cf2bbbe373f.jpg,GPAB6735,0.1091808888795002,0.041626738208222,0.0305498316763423,0.0,0.0707343443635099,0.0615778446506107,0.0,0.0,0.0,0.0,0.0,0.0,0.0,0.0,0.0,0.0,0.0078967128396479,0.0059763060206674,GPAB6735_jpg.rf.20b7c5c450a55f6155703cf2bbbe373f.jpg,test
yellowfin_segment.v18i.coco-segmentation/train\GPAB6736_jpg.rf.2a447b81d9e09d99d2aa4e6de92083cb.jpg,GPAB6736,0.3722727822661952,0.2024636899080701,0.0,0.0,0.3431680567211358,0.1555587135578801,0.0,0.0,0.0,0.0,0.0012665082971176,0.0,0.0,0.0,0.0168726943115629,0.014250378800245,0.0109655229363788,0.0,GPAB6736_jpg.rf.2a447b81d9e09d99d2aa4e6de92083cb.jpg,train
yellowfin_segment.v18i.coco-segmentation/train\GPAB6737_jpg.rf.b1b33630159b660adb00a54e0dd9619a.jpg,GPAB6737,0.3450423737764608,0.2710923081945679,0.0016582712881896,0.0,0.3325049978587464,0.0630709609523681,0.0,0.0,0.0,0.0,0.0,0.0,0.0022036668247801,0.0022036668247801,0.0086754378047445,0.0086754378047445,0.0,0.0,GPAB6737_jpg.rf.b1b33630159b660adb00a54e0dd9619a.jpg,train
yellowfin_segment.v18i.coco-segmentation/train\GPAB6738_jpg.rf.fb0e439af4ed6e91340673e23d74129f.jpg,GPAB6738,0.1644281124513417,0.0552971541491349,0.009708616673356,0.0,0.1135651776472327,0.0750293342141599,0.0025752655442528,0.0025752655442528,0.0,0.0,0.007052694042706,0.0,0.0,0.0,0.0289549338131789,0.0289549338131789,0.0025714247306149,0.0025714247306149,GPAB6738_jpg.rf.fb0e439af4ed6e91340673e23d74129f.jpg,train
yellowfin_segment.v18i.coco-segmentation/train\GPAB6739_jpg.rf.4d32d55f2ea6573a4c99327645b6c1e2.jpg,GPAB6739,0.255845238255272,0.1678742824880022,0.0048231017258696,0.0048231017258696,0.235568622857066,0.0676943403690637,0.0,0.0,0.0,0.0,0.0,0.0,0.0020452332622142,0.0020452332622142,0.013408280410122,0.013408280410122,0.0,0.0,GPAB6739_jpg.rf.4d32d55f2ea6573a4c99327645b6c1e2.jpg,test
yellowfin_segment.v18i.coco-segmentation/train\GPAB6740_jpg.rf.43588fe8737c9d3ec2b756b24d86e2c0.jpg,GPAB6740,0.3867344058165282,0.293378629328837,0.0832275509243878,0.051337275288397,0.2585030812927411,0.0163628263011236,0.0,0.0,0.0,0.0,0.0135350272601747,0.0022670402498065,0.0,0.0,0.0314687463392245,0.0233886346483639,0.0,0.0,GPAB6740_jpg.rf.43588fe8737c9d3ec2b756b24d86e2c0.jpg,train
yellowfin_segment.v18i.coco-segmentation/train\GPAB6741_jpg.rf.4813cc555ec276c90547ec3f17feecce.jpg,GPAB6741,0.413285950495753,0.3520163311395886,0.0,0.0,0.4098493824931873,0.0593261676553561,0.0,0.0,0.0014931163017573,0.0,0.0,0.0,0.0,0.0,0.0019434517008082,0.0019434517008082,0.0,0.0,GPAB6741_jpg.rf.4813cc555ec276c90547ec3f17feecce.jpg,train
yellowfin_segment.v18i.coco-segmentation/train\GPAB6742_jpg.rf.19f506fad94038a2fdef528bee2aa3ad.jpg,GPAB6742,0.6827804802169292,0.5835012088960926,0.3030238725771667,0.0101829571576442,0.3770046646681633,0.0890963141631923,0.0,0.0,0.0,0.0,0.0027519429715991,0.0,0.0,0.0,0.0,0.0,0.0,0.0,GPAB6742_jpg.rf.19f506fad94038a2fdef528bee2aa3ad.jpg,train
yellowfin_segment.v18i.coco-segmentation/train\GPAB6743_jpg.rf.0ee30ee003eb99a660a748a583191988.jpg,GPAB6743,0.5169821575002449,0.4354676094583876,0.0,0.0,0.5056411950307553,0.0815145480418571,0.0,0.0,0.0031849947092792,0.0,0.0019770588201404,0.0,0.0035297077332862,0.0,0.0026492012067836,0.0,0.0,0.0,GPAB6743_jpg.rf.0ee30ee003eb99a660a748a583191988.jpg,train
yellowfin_segment.v18i.coco-segmentation/train\GPAB6743_jpg.rf.effa400c62434f49e21656a7fe755769.jpg,GPAB6743,0.5235240233291021,0.4301087142300225,0.0,0.0,0.5093610230391206,0.0921113528689917,0.0,0.0,0.0,0.0,0.0,0.0,0.0031389049456236,0.0013039562300877,0.0110240953443577,0.0,0.0,0.0,GPAB6743_jpg.rf.effa400c62434f49e21656a7fe755769.jpg,train
yellowfin_segment.v18i.coco-segmentation/train\GPAB6744_jpg.rf.a8dbeb68f8cee29da713eb411b6cabde.jpg,GPAB6744,0.2757684987987855,0.2275105958446237,0.0,0.0,0.2675165106976261,0.0422518306278001,0.0,0.0,0.0,0.0,0.0,0.0,0.0,0.0,0.0060060723263616,0.0060060723263616,0.0022459157747977,0.0,GPAB6744_jpg.rf.a8dbeb68f8cee29da713eb411b6cabde.jpg,train
yellowfin_segment.v18i.coco-segmentation/train\GPAB6745_jpg.rf.2153b608d7e2146d34b9d9fc3febb368.jpg,GPAB6745,0.3638748432467934,0.1369710959569675,0.084095574806567,0.0,0.0998765178415395,0.0499545823787311,0.1642677584819568,0.1642677584819568,0.0016505896609137,0.0016505896609137,0.0,0.0,0.0,0.0,0.0139844024558162,0.0110308167682241,0.0,0.0,GPAB6745_jpg.rf.2153b608d7e2146d34b9d9fc3febb368.jpg,train
yellowfin_segment.v18i.coco-segmentation/train\GPAB6798_jpg.rf.8586409eb79e92bd79db8bd31825a216.jpg,GPAB6798,0.0830191867845284,0.0170551329593661,0.0024984492714936,0.0,0.0190504356442868,0.0063997557242526,0.0280609844389435,0.0280609844389435,0.0197379412854819,0.0197379412854819,0.0019060037678381,0.0,0.0,0.0,0.0,0.0,0.0117653723764842,0.0117653723764842,GPAB6798_jpg.rf.8586409eb79e92bd79db8bd31825a216.jpg,train
yellowfin_segment.v18i.coco-segmentation/train\GPAB6809_jpg.rf.e379cb9b5655b5b9c1ab48d1da37d5cf.jpg,GPAB6809,0.3522150932453531,0.0618361393677636,0.0,0.0,0.0406386888998565,0.0323089243225284,0.0837854291053016,0.0837854291053016,0.1322152084697622,0.1322152084697622,0.0866007455019271,0.0330943707114915,0.0,0.0,0.0089750212685055,0.0089750212685055,0.0,0.0,GPAB6809_jpg.rf.e379cb9b5655b5b9c1ab48d1da37d5cf.jpg,test
yellowfin_segment.v18i.coco-segmentation/train\GPAB6810_jpg.rf.942a61223106aacf8e8c96d03620647b.jpg,GPAB6810,0.0880919413968655,0.0,0.0,0.0,0.0727162042006978,0.0727162042006978,0.0,0.0,0.0,0.0,0.0047990966406323,0.0047990966406323,0.0036612556003863,0.0036612556003863,0.0069153849551488,0.0069153849551488,0.0,0.0,GPAB6810_jpg.rf.942a61223106aacf8e8c96d03620647b.jpg,test
yellowfin_segment.v18i.coco-segmentation/train\GPAB6811_jpg.rf.5d27bc2691a61663881664b2487e0d80.jpg,GPAB6811,0.0364656448822118,0.0186097022793308,0.003106258029701,0.003106258029701,0.0116463071537074,0.0,0.0027240970727238,0.0027240970727238,0.0,0.0,0.0010456615129349,0.0010456615129349,0.0013039562300877,0.0013039562300877,0.0166393648830568,0.0096759697574334,0.0,0.0,GPAB6811_jpg.rf.5d27bc2691a61663881664b2487e0d80.jpg,train
yellowfin_segment.v18i.coco-segmentation/train\GPAB6822_jpg.rf.b99bfee0fa8e636686edfa07726c9c29.jpg,GPAB6822,0.2634807757675386,0.0963218448196065,0.0514688231554972,0.0,0.0,0.0,0.0744176846423146,0.0517002321771844,0.0878259650524367,0.0878259650524367,0.0179615649779249,0.0147804110822836,0.0,0.0,0.0,0.0,0.031806737939365,0.0128523226360272,GPAB6822_jpg.rf.b99bfee0fa8e636686edfa07726c9c29.jpg,test
yellowfin_segment.v18i.coco-segmentation/train\GPAB6851_jpg.rf.d59056d1d0d3c9d325f4a76cc1ba4c8b.jpg,GPAB6851,0.3484549366937892,0.2262383263270491,0.2173122754324276,0.0029670285353249,0.0237314272655519,0.0158222317815806,0.0,0.0,0.0,0.0,0.0019991434985587,0.0019991434985587,0.0010696665981721,0.0010696665981721,0.0019338496667133,0.0,0.1024085742323653,0.1003585399531036,GPAB6851_jpg.rf.d59056d1d0d3c9d325f4a76cc1ba4c8b.jpg,train
yellowfin_segment.v18i.coco-segmentation/train\GPAB6884_jpg.rf.1295437527df283efdef3e5a9c3b06b7.jpg,GPAB6884,0.1913310915784399,0.0661167261672712,0.0607875972446003,0.0397658640006299,0.0627742580988356,0.0292247509712457,0.0375641175826687,0.0375641175826687,0.006257645619648,0.006257645619648,0.0010062931731457,0.0,0.001874317055325,0.001874317055325,0.0025166931362739,0.0,0.0185501696679424,0.0105276701816512,GPAB6884_jpg.rf.1295437527df283efdef3e5a9c3b06b7.jpg,train
yellowfin_segment.v18i.coco-segmentation/train\GPAB6885_jpg.rf.be97c790ae34175e4f797ccc4b6c5bfc.jpg,GPAB6885,0.2952347025193817,0.1495372779769666,0.0997987413653708,0.0997987413653708,0.0032080395911069,0.0032080395911069,0.0,0.0,0.0,0.0,0.0244438981953937,0.0244438981953937,0.0,0.0,0.0074281335758167,0.0074281335758167,0.1603558897916934,0.0108186118147268,GPAB6885_jpg.rf.be97c790ae34175e4f797ccc4b6c5bfc.jpg,test
yellowfin_segment.v18i.coco-segmentation/train\GPAB6906_jpg.rf.73105f6b446d8109bac51ef296914ed4.jpg,GPAB6906,0.3531560925866535,0.1546954906927483,0.1237731000935238,0.0851402761160924,0.1712868454053306,0.0628856416943365,0.0,0.0,0.0,0.0,0.0111623646353243,0.0035009016310015,0.0,0.0,0.0136444904488566,0.0136444904488566,0.033289292003618,0.033289292003618,GPAB6906_jpg.rf.73105f6b446d8109bac51ef296914ed4.jpg,train
yellowfin_segment.v18i.coco-segmentation/train\GPAB6910_jpg.rf.1d5376253b5d5d1d7e6717476f5b5ed4.jpg,GPAB6910,0.0767740238092037,0.0336676121469572,0.0,0.0,0.0336676121469572,0.0,0.0,0.0,0.0,0.0,0.0,0.0,0.0,0.0,0.0431064116622465,0.0431064116622465,0.0,0.0,GPAB6910_jpg.rf.1d5376253b5d5d1d7e6717476f5b5ed4.jpg,train
yellowfin_segment.v18i.coco-segmentation/train\GPAB6911_jpg.rf.6054641356b5c6b94a2f979a7675620d.jpg,GPAB6911,0.0860303846766899,0.0282722291890314,0.0031398651490331,0.0031398651490331,0.040195074924672,0.040195074924672,0.0085342879035494,0.002213268858875,0.0013058766369067,0.0013058766369067,0.0219512101443569,0.0,0.0,0.0,0.0109040699181714,0.0109040699181714,0.0,0.0,GPAB6911_jpg.rf.6054641356b5c6b94a2f979a7675620d.jpg,train
yellowfin_segment.v18i.coco-segmentation/train\GPAB6915_jpg.rf.7e7b783f170b910f9398380099ea6085.jpg,GPAB6915,0.1632028929008321,0.0901362144556702,0.0,0.0,0.1021205132095183,0.0646946649178162,0.0023102494032335,0.0023102494032335,0.0,0.0,0.0527103661639681,0.0,0.0,0.0,0.006061764124112,0.006061764124112,0.0,0.0,GPAB6915_jpg.rf.7e7b783f170b910f9398380099ea6085.jpg,train
yellowfin_segment.v18i.coco-segmentation/train\GPAB6916_jpg.rf.2ea16833db5bc53744b52042ad162eea.jpg,GPAB6916,0.1455610756582674,0.0018848792928293,0.0,0.0,0.1243405803085325,0.1243405803085325,0.0,0.0,0.0,0.0,0.0193356160569054,0.0193356160569054,0.0,0.0,0.0018848792928293,0.0,0.0,0.0,GPAB6916_jpg.rf.2ea16833db5bc53744b52042ad162eea.jpg,train
yellowfin_segment.v18i.coco-segmentation/train\GPAB6917_jpg.rf.3654181da791af09652ebca09656faa3.jpg,GPAB6917,0.1890947778377371,0.0802845274743001,0.0247924520330386,0.0247924520330386,0.0660581537592923,0.001570892777926,0.039895491460911,0.039895491460911,0.0021729403156764,0.0021729403156764,0.0314581841017201,0.0202718143811585,0.0,0.0,0.0138826208944102,0.0138826208944102,0.0108349352726881,0.0062240385003159,GPAB6917_jpg.rf.3654181da791af09652ebca09656faa3.jpg,train
yellowfin_segment.v18i.coco-segmentation/train\GPAB6921_jpg.rf.7d23b8ba81f4b7b036919eb82f4b2115.jpg,GPAB6921,0.1354568551802013,0.0304413286910699,0.0139296708614752,0.0139296708614752,0.0504385248971142,0.0504385248971142,0.0,0.0,0.0,0.0,0.0231159368800686,0.0203294265857279,0.007191923537082,0.0,0.0170772176377843,0.0170772176377843,0.0237035813666767,0.0032406865070296,GPAB6921_jpg.rf.7d23b8ba81f4b7b036919eb82f4b2115.jpg,test
yellowfin_segment.v18i.coco-segmentation/train\GPAB6929_jpg.rf.da2115ed575dc3b6a07ef26d6f83377a.jpg,GPAB6929,0.2076545495397745,0.126016135258093,0.1170651190748248,0.0020116261428821,0.0469193794013323,0.0469193794013323,0.0,0.0,0.0,0.0,0.0085515715649203,0.0,0.00241107076123,0.0,0.0327074087374669,0.0327074087374669,0.0,0.0,GPAB6929_jpg.rf.da2115ed575dc3b6a07ef26d6f83377a.jpg,train
yellowfin_segment.v18i.coco-segmentation/train\GPAB6931_jpg.rf.5fe64cd601f36dfacddfb1c7ad0ca2ea.jpg,GPAB6931,0.2253558993937275,0.0747172681060756,0.0,0.0,0.1447689078454379,0.0800463970287465,0.0324078252737059,0.0324078252737059,0.0259658205994357,0.0259658205994357,0.0,0.0,0.0107888455090326,0.0081665299977147,0.0114245001661151,0.0040520583880489,0.0,0.0,GPAB6931_jpg.rf.5fe64cd601f36dfacddfb1c7ad0ca2ea.jpg,test
yellowfin_segment.v18i.coco-segmentation/train\GPAB6942_jpg.rf.ad7a548a4c1e9f9e656996478eed1274.jpg,GPAB6942,0.40790401038556,0.29224270869541,0.0125633014097706,0.0096990146392611,0.3789692408439803,0.1059622870508888,0.0,0.0,0.0,0.0,0.0037294300424601,0.0,0.0,0.0,0.0126420380893488,0.0,0.0,0.0,GPAB6942_jpg.rf.ad7a548a4c1e9f9e656996478eed1274.jpg,train
yellowfin_segment.v18i.coco-segmentation/train\GPAB6943_jpg.rf.6c8af24769bb96f9b4497d80a41f4c3d.jpg,GPAB6943,0.2367199067450448,0.0805994741926129,0.0,0.0,0.1701874125014643,0.0895879383088513,0.0,0.0,0.0,0.0,0.0045369611098415,0.0045369611098415,0.0,0.0,0.0101695143099114,0.0101695143099114,0.0518260188238276,0.0518260188238276,GPAB6943_jpg.rf.6c8af24769bb96f9b4497d80a41f4c3d.jpg,train
yellowfin_segment.v18i.coco-segmentation/train\GPAB6944_jpg.rf.29853f1d5567546dbca6ebf05b96d79a.jpg,GPAB6944,0.419594486896104,0.2964877679687665,0.0806570863971823,0.0040126900482598,0.2115837018914086,0.095639140195459,0.0,0.0,0.0,0.0,0.0169975207547966,0.0169975207547966,0.0,0.0,0.006457367928822,0.006457367928822,0.1038988099238942,0.0,GPAB6944_jpg.rf.29853f1d5567546dbca6ebf05b96d79a.jpg,train
yellowfin_segment.v18i.coco-segmentation/train\GPAB6946_jpg.rf.69a736a184165b6b0dbcc98f8e658fd4.jpg,GPAB6946,0.1612824860818515,0.0653408818124031,0.0114811521672751,0.0114811521672751,0.0600952905863578,0.0258294717152881,0.0,0.0,0.0,0.0,0.0067799962744107,0.0067799962744107,0.0,0.0,0.0715485968547577,0.0518509841124743,0.0113774501990501,0.0,GPAB6946_jpg.rf.69a736a184165b6b0dbcc98f8e658fd4.jpg,train
yellowfin_segment.v18i.coco-segmentation/train\GPAB6951_jpg.rf.fd609cc90f60eda0e6252f5f464ff693.jpg,GPAB6951,0.2733084576636714,0.1929173476109179,0.0220462702818965,0.0201921174981708,0.2252838841380158,0.0438361662534591,0.0042652235449557,0.0042652235449557,0.0,0.0,0.0,0.0,0.0012396226016519,0.0012396226016519,0.0204734570971514,0.0108579801545159,0.0,0.0,GPAB6951_jpg.rf.fd609cc90f60eda0e6252f5f464ff693.jpg,test
yellowfin_segment.v18i.coco-segmentation/train\GPAB6953_jpg.rf.cafe2c5508e2ff7b8f76d42a30658cbb.jpg,GPAB6953,0.3994417377377223,0.2215563745023746,0.0,0.0,0.3618420926289025,0.1402857181265279,0.0,0.0,0.0,0.0,0.0,0.0,0.0031561886069945,0.0031561886069945,0.0283154383424584,0.0283154383424584,0.0061280181593668,0.0061280181593668,GPAB6953_jpg.rf.cafe2c5508e2ff7b8f76d42a30658cbb.jpg,train
yellowfin_segment.v18i.coco-segmentation/train\GPAB6980_jpg.rf.fc99a764c38c296eeaa04df2539d9919.jpg,GPAB6980,0.2070889897315847,0.0775940375209084,0.0031417855558521,0.0031417855558521,0.0685988519808036,0.0545875638295216,0.0,0.0,0.0050477893236903,0.0050477893236903,0.0355227251340924,0.0326862842624581,0.0053224074988045,0.0053224074988045,0.0,0.0,0.0894554302383417,0.0287091217403494,GPAB6980_jpg.rf.fc99a764c38c296eeaa04df2539d9919.jpg,test
yellowfin_segment.v18i.coco-segmentation/train\GPAB6997_jpg.rf.c826182a13a0d7947e84cecc52a9bd70.jpg,GPAB6997,0.2953969768955856,0.1757489106492319,0.0,0.0,0.2780124941667642,0.1128287016321537,0.0,0.0,0.0,0.0,0.0143780858537072,0.0068193646141998,0.0,0.0,0.0016640325086466,0.0,0.0013423643664673,0.0,GPAB6997_jpg.rf.c826182a13a0d7947e84cecc52a9bd70.jpg,train
yellowfin_segment.v18i.coco-segmentation/train\GPAB7009_jpg.rf.28247ed465ee7cd05cd23f3380511de3.jpg,GPAB7009,0.1458376142402006,0.042513966158591,0.0018599140041826,0.0018599140041826,0.061850542418906,0.0521534481864638,0.0166412852898758,0.0166412852898758,0.0,0.0,0.0032992589150085,0.0014230214528645,0.0,0.0,0.0041490389324074,0.0041490389324074,0.0580375746798201,0.0270969402158153,GPAB7009_jpg.rf.28247ed465ee7cd05cd23f3380511de3.jpg,train
yellowfin_segment.v18i.coco-segmentation/train\GPAB7021_jpg.rf.7c0a3f03fd6f538b6a5b3e820de08068.jpg,GPAB7021,0.3666479106934013,0.0974452828087102,0.0,0.0,0.2311536075802298,0.1359648027838217,0.0176831059891727,0.0176831059891727,0.0,0.0,0.0356898005273437,0.0356898005273437,0.0,0.0,0.0243824451771863,0.0221259671648842,0.0577389514194687,0.0577389514194687,GPAB7021_jpg.rf.7c0a3f03fd6f538b6a5b3e820de08068.jpg,train
yellowfin_segment.v18i.coco-segmentation/train\GPAB7022_jpg.rf.ef80630b7a7d3048fbaa5f24c5ae6cf6.jpg,GPAB7022,0.6971115161035714,0.5293879855508591,0.0030889743683301,0.0,0.68200655626888,0.1616483235808673,0.0,0.0,0.0,0.0,0.0,0.0,0.0070430920086111,0.0047645293178907,0.00497289345775,0.0013106776539542,0.0,0.0,GPAB7022_jpg.rf.ef80630b7a7d3048fbaa5f24c5ae6cf6.jpg,test
yellowfin_segment.v18i.coco-segmentation/train\GPAB7023_jpg.rf.3d860cb9b2b20806f8f8e342858c372c.jpg,GPAB7023,0.3384476967600816,0.2045626945612158,0.0549927696683265,0.0329368973523351,0.261615100542899,0.0791082782976745,0.0,0.0,0.0,0.0,0.0,0.0,0.0,0.0,0.0218398265488561,0.0218398265488561,0.0,0.0,GPAB7023_jpg.rf.3d860cb9b2b20806f8f8e342858c372c.jpg,train
yellowfin_segment.v18i.coco-segmentation/train\GPAB7024_jpg.rf.a1ef511de11f5c302d455d82c0d37bd8.jpg,GPAB7024,0.1847777033086689,0.1021406774811176,0.0010024523595078,0.0,0.1589482315933807,0.0711990828137032,0.0,0.0,0.0,0.0,0.0,0.0,0.0,0.0,0.0248270193557803,0.011437943013848,0.0,0.0,GPAB7024_jpg.rf.a1ef511de11f5c302d455d82c0d37bd8.jpg,train
yellowfin_segment.v18i.coco-segmentation/train\GPAB7026_jpg.rf.074569e48485ec38a4cb5c629f52f56c.jpg,GPAB7026,0.1503544110784428,0.1141144139974612,0.0024120309646395,0.0,0.1387340294167916,0.0270316463839699,0.0062826109082948,0.0062826109082948,0.0,0.0,0.0,0.0,0.0,0.0,0.0029257397887168,0.0029257397887168,0.0,0.0,GPAB7026_jpg.rf.074569e48485ec38a4cb5c629f52f56c.jpg,train
yellowfin_segment.v18i.coco-segmentation/train\GPAB7027_jpg.rf.5bf488c10f515218c4a6f6359ff04865.jpg,GPAB7027,0.3935451286000426,0.027664420430824,0.005470278823866,0.005470278823866,0.0817997284544757,0.0740595287705747,0.2240077738068032,0.2240077738068032,0.0,0.0,0.054151631481613,0.054151631481613,0.0178136936528634,0.0067886381050961,0.0014028571812652,0.0014028571812652,0.0088991651991557,0.0,GPAB7027_jpg.rf.5bf488c10f515218c4a6f6359ff04865.jpg,test
yellowfin_segment.v18i.coco-segmentation/train\GPAB7050_jpg.rf.5d195395bfbe8803ccd8968785d9d541.jpg,GPAB7050,0.3888362910799023,0.2955736543229317,0.0,0.0,0.3551273901863371,0.0834397558778851,0.0,0.0,0.0,0.0,0.0,0.0,0.0,0.0,0.0125335351040764,0.0098228808790854,0.0211753657894888,0.0,GPAB7050_jpg.rf.5d195395bfbe8803ccd8968785d9d541.jpg,test
yellowfin_segment.v18i.coco-segmentation/train\GPAB7059_jpg.rf.9d98a90bf8301b908be647a4c522fe68.jpg,GPAB7059,0.506014714157047,0.2819723730275021,0.0503060168266045,0.0,0.431935021114873,0.2015054069053988,0.0,0.0,0.0,0.0,0.0,0.0,0.0016361866097714,0.0016361866097714,0.022137489605798,0.0209007476143746,0.0,0.0,GPAB7059_jpg.rf.9d98a90bf8301b908be647a4c522fe68.jpg,test
yellowfin_segment.v18i.coco-segmentation/train\GPAB7061_jpg.rf.017d56e7556882c1de865eb499bdbf21.jpg,GPAB7061,0.201587984398615,0.0794942800682896,0.0,0.0,0.0889494030415403,0.0158241521883995,0.0,0.0,0.0,0.0,0.0043718061234091,0.0014153398255886,0.0034125629173284,0.0,0.0110327371750431,0.0110327371750431,0.0938214751412939,0.0938214751412939,GPAB7061_jpg.rf.017d56e7556882c1de865eb499bdbf21.jpg,train
yellowfin_segment.v18i.coco-segmentation/train\GPAB7062_jpg.rf.2c7208719da7236acf8888944147a4c5.jpg,GPAB7062,0.3726559034265819,0.2565260224726006,0.0837748668677972,0.0,0.2492985714093673,0.0795288473910313,0.0018512721734972,0.0018512721734972,0.0,0.0,0.0,0.0,0.0053128054647096,0.0053128054647096,0.0324183875112103,0.0294369559247431,0.0,0.0,GPAB7062_jpg.rf.2c7208719da7236acf8888944147a4c5.jpg,train
yellowfin_segment.v18i.coco-segmentation/train\GPAB7065_jpg.rf.4039f0083a44753ef687177038eeddbf.jpg,GPAB7065,0.2524614814402283,0.0937273752071638,0.0048989577952193,0.0048989577952193,0.1431346416424855,0.0519911738102599,0.0029391826364497,0.0029391826364497,0.0,0.0,0.0,0.0,0.0,0.0,0.0120044630254473,0.009420555650509,0.0894842363406264,0.0894842363406264,GPAB7065_jpg.rf.4039f0083a44753ef687177038eeddbf.jpg,train
yellowfin_segment.v18i.coco-segmentation/train\GPAB7067_jpg.rf.a302de79c7c7c7514de83ec1b06bfd44.jpg,GPAB7067,0.2665063767108424,0.0587519660164809,0.0121628965880132,0.0,0.2396936567042362,0.1931045872757684,0.0,0.0,0.0,0.0,0.0037083055674514,0.0037083055674514,0.0,0.0,0.0109415178511415,0.0109415178511415,0.0,0.0,GPAB7067_jpg.rf.a302de79c7c7c7514de83ec1b06bfd44.jpg,train
yellowfin_segment.v18i.coco-segmentation/train\GPAB7079_jpg.rf.909e521c3f586cbc8b357fbd01b9cb3a.jpg,GPAB7079,0.1812691200503914,0.0783516380109962,0.0135753558033733,0.0135753558033733,0.0818371763874459,0.0631112894955667,0.0,0.0,0.0,0.0,0.0263460611495939,0.0035796383105797,0.0014038173846747,0.0014038173846747,0.0212473810452006,0.0212473810452006,0.0368593282801028,0.0,GPAB7079_jpg.rf.909e521c3f586cbc8b357fbd01b9cb3a.jpg,test
yellowfin_segment.v18i.coco-segmentation/train\GPAB7080_jpg.rf.534c4e4511da2cce23e581aeb17807ff.jpg,GPAB7080,0.2539574783522141,0.0826821553877973,0.024211528970297,0.021896478550016,0.1962790197475433,0.115911914780027,0.0,0.0,0.0018627946144111,0.0018627946144111,0.0033194231866078,0.0033194231866078,0.0019876210576448,0.0019876210576448,0.0,0.0,0.0262970907757099,0.0262970907757099,GPAB7080_jpg.rf.534c4e4511da2cce23e581aeb17807ff.jpg,train
yellowfin_segment.v18i.coco-segmentation/train\GPAB7081_jpg.rf.2159b20d8b296fd86124587d2ea73ea6.jpg,GPAB7081,0.1772074596282476,0.0480504990177119,0.0,0.0,0.1269014428016431,0.0994281028493076,0.0,0.0,0.0013855735198944,0.0013855735198944,0.0453868947597859,0.0271190248942335,0.0012242593471,0.0012242593471,0.002309289199824,0.0,0.0,0.0,GPAB7081_jpg.rf.2159b20d8b296fd86124587d2ea73ea6.jpg,test
yellowfin_segment.v18i.coco-segmentation/train\GPAB7090_jpg.rf.5a202a153d5630556c96afc11f25bef5.jpg,GPAB7090,0.2775035863597344,0.0999782994029455,0.0,0.0,0.2343040349667673,0.1643599380092678,0.0,0.0,0.0023784238453073,0.0023784238453073,0.0214941533214396,0.0,0.0,0.0,0.01932697422622,0.0107869251022136,0.0,0.0,GPAB7090_jpg.rf.5a202a153d5630556c96afc11f25bef5.jpg,test
yellowfin_segment.v18i.coco-segmentation/train\GPAB7095_jpg.rf.da1a17f02f4eb3d1397d87151efeb1a6.jpg,GPAB7095,0.4431271520558915,0.2997332554928436,0.0,0.0,0.3962807481136804,0.1173896678272325,0.0,0.0,0.0095242576187339,0.0,0.0298306393226341,0.0260042287358153,0.0,0.0,0.007491507000843,0.0,0.0,0.0,GPAB7095_jpg.rf.da1a17f02f4eb3d1397d87151efeb1a6.jpg,train
yellowfin_segment.v18i.coco-segmentation/train\GPAB7183_jpg.rf.4ec008fb929778140b3f448a821803ac.jpg,GPAB7183,0.1052795824267412,0.0961298041377085,0.0049536893895602,0.003351109899121,0.0126766054120904,0.0026424797829172,0.0,0.0,0.0031561886069945,0.0031561886069945,0.0,0.0,0.0,0.0,0.0,0.0,0.084493099018096,0.0,GPAB7183_jpg.rf.4ec008fb929778140b3f448a821803ac.jpg,train
yellowfin_segment.v18i.coco-segmentation/train\GPAB7185_jpg.rf.bbdd85b10b2ce4494aa5e4f51cb88e08.jpg,GPAB7185,0.2294857342579452,0.0081502065397533,0.0125008881881537,0.0125008881881537,0.0,0.0,0.0032560497615814,0.0032560497615814,0.2055785897684565,0.2055785897684565,0.0,0.0,0.0,0.0,0.0081502065397533,0.0,0.0,0.0,GPAB7185_jpg.rf.bbdd85b10b2ce4494aa5e4f51cb88e08.jpg,train
