image,image_id,coral_cover_pred,pct_bleached_pred,cover_pred__branching_acropora,cover_healthy_pred__branching_acropora,cover_pred__finger_acropora,cover_healthy_pred__finger_acropora,cover_pred__finger_porites,cover_healthy_pred__finger_porites,cover_pred__knob_porites,cover_healthy_pred__knob_porites,cover_pred__mounding_,cover_healthy_pred__mounding_,cover_pred__oddball,cover_healthy_pred__oddball,cover_pred__pocillopora_,cover_healthy_pred__pocillopora_,cover_pred__table_acropora,cover_healthy_pred__table_acropora,filename,split
yellowfin_segment.v18i.coco-segmentation/train\GPAB2751_jpg.rf.5c54bc040bd61f476b2936c0f427baaf.jpg,GPAB2751,0.0775767538595376,0.004729961995149,0.0529388945754268,0.0482089325802778,0.0,0.0,0.0,0.0,0.0214509441680125,0.0214509441680125,0.0031869151160981,0.0031869151160981,0.0,0.0,0.0,0.0,0.0,0.0,GPAB2751_jpg.rf.5c54bc040bd61f476b2936c0f427baaf.jpg,train
yellowfin_segment.v18i.coco-segmentation/train\GPAB2753_jpg.rf.ecc3e09a60fddd4051f8cc1817f5abe0.jpg,GPAB2753,0.201337371308738,0.0075279947304036,0.0022939259452722,0.0022939259452722,0.1716536431077559,0.1653998383017458,0.0,0.0,0.0239436322190492,0.0239436322190492,0.0034461700366605,0.0021719801122669,0.0,0.0,0.0,0.0,0.0,0.0,GPAB2753_jpg.rf.ecc3e09a60fddd4051f8cc1817f5abe0.jpg,train
yellowfin_segment.v18i.coco-segmentation/train\GPAB2755_jpg.rf.989ddbf0acb4906444222985aa1c08ad.jpg,GPAB2755,0.2968516850609633,0.087252723616971,0.0379635622010166,0.0379635622010166,0.2308146557766797,0.1621716344390395,0.0,0.0,0.0,0.0,0.0134466885465016,0.009463764803936,0.0,0.0,0.0,0.0,0.0146267785367652,0.0,GPAB2755_jpg.rf.989ddbf0acb4906444222985aa1c08ad.jpg,train
yellowfin_segment.v18i.coco-segmentation/train\GPAB2756_jpg.rf.e3eab669406113c45048b693e012a15e.jpg,GPAB2756,0.148860334573276,0.0257949043925465,0.0095069739573631,0.0095069739573631,0.1071990290423123,0.0853544014764087,0.0040943073380664,0.0040943073380664,0.0,0.0,0.0241097474088911,0.0241097474088911,0.0015843356256589,0.0,0.002365941200984,0.0,0.0,0.0,GPAB2756_jpg.rf.e3eab669406113c45048b693e012a15e.jpg,train
yellowfin_segment.v18i.coco-segmentation/train\GPAB2864_jpg.rf.bba294c9d2767e1fca67088d5f57ed2c.jpg,GPAB2864,0.1009365824056168,0.0179615649779249,0.0,0.0,0.0,0.0,0.0656299030386597,0.0656299030386597,0.0107437159487865,0.0107437159487865,0.0214941533214396,0.0035325883435146,0.0030688100967308,0.0030688100967308,0.0,0.0,0.0,0.0,GPAB2864_jpg.rf.bba294c9d2767e1fca67088d5f57ed2c.jpg,train
yellowfin_segment.v18i.coco-segmentation/train\GPAB2865_jpg.rf.bc51b557fce1c755711f160a6fb06174.jpg,GPAB2865,0.1546503611325023,0.0228720452140581,0.0,0.0,0.1251529123929613,0.1170343925657211,0.0,0.0,0.0,0.0,0.014743923352723,0.014743923352723,0.0,0.0,0.0147535253868179,0.0,0.0,0.0,GPAB2865_jpg.rf.bc51b557fce1c755711f160a6fb06174.jpg,train
yellowfin_segment.v18i.coco-segmentation/train\GPAB2869_jpg.rf.f5f4b6550e77b27a16ff75349110b44f.jpg,GPAB2869,0.4514607574468575,0.1082725364541224,0.0,0.0,0.4426220850624996,0.3416490149273222,0.0,0.0,0.0,0.0,0.0015392060654128,0.0015392060654128,0.0013308419255535,0.0,0.0,0.0,0.0059686243933914,0.0,GPAB2869_jpg.rf.f5f4b6550e77b27a16ff75349110b44f.jpg,train
yellowfin_segment.v18i.coco-segmentation/train\GPAB2870_jpg.rf.bf5e43594708726bc8b61ede51e9e0d6.jpg,GPAB2870,0.0837047720189044,0.0279995314207361,0.0060694457513879,0.0,0.0013625286380666,0.0013625286380666,0.0,0.0,0.0608020002957426,0.0503722708618593,0.0154707973337071,0.0039704410982422,0.0,0.0,0.0,0.0,0.0,0.0,GPAB2870_jpg.rf.bf5e43594708726bc8b61ede51e9e0d6.jpg,train
yellowfin_segment.v18i.coco-segmentation/train\GPAB2871_jpg.rf.504bfd08c70eccfa9fd23ba467a0b88b.jpg,GPAB2871,0.3330187066828237,0.0075395171713175,0.0,0.0,0.001327961315325,0.001327961315325,0.0921094324621727,0.0921094324621727,0.2295663913443424,0.2295663913443424,0.0100149215609834,0.0024754043896659,0.0,0.0,0.0,0.0,0.0,0.0,GPAB2871_jpg.rf.504bfd08c70eccfa9fd23ba467a0b88b.jpg,train
yellowfin_segment.v18i.coco-segmentation/train\GPAB2907_jpg.rf.bf31d322ee0d726153fd605a1778f741.jpg,GPAB2907,0.2541399170000172,0.0,0.056076839317641,0.056076839317641,0.1598623452392154,0.1598623452392154,0.0,0.0,0.010256892820175,0.010256892820175,0.0129329797224243,0.0129329797224243,0.0150108599005613,0.0150108599005613,0.0,0.0,0.0,0.0,GPAB2907_jpg.rf.bf31d322ee0d726153fd605a1778f741.jpg,train
yellowfin_segment.v18i.coco-segmentation/train\GPAB2908_jpg.rf.88dda92c5d3e1444f5a1b36c77499932.jpg,GPAB2908,0.4017846340568786,0.041869669670823,0.0375852420576775,0.0375852420576775,0.3471029702932269,0.3156639902596966,0.0,0.0,0.0,0.0,0.0,0.0,0.0066657320686814,0.0066657320686814,0.0104306896372927,0.0,0.0,0.0,GPAB2908_jpg.rf.88dda92c5d3e1444f5a1b36c77499932.jpg,train
yellowfin_segment.v18i.coco-segmentation/train\GPAB2909_jpg.rf.f8bd8c4e84c1945b4c81d8aa05b48c12.jpg,GPAB2909,0.3338367999877094,0.0240761402895589,0.0,0.0,0.3301515393020857,0.3060753990125268,0.0,0.0,0.0,0.0,0.0,0.0,0.0,0.0,0.0036852606856236,0.0036852606856236,0.0,0.0,GPAB2909_jpg.rf.f8bd8c4e84c1945b4c81d8aa05b48c12.jpg,train
yellowfin_segment.v18i.coco-segmentation/train\GPAB2911_jpg.rf.a892723d63b47464304a3bf61c90205b.jpg,GPAB2911,0.2324047526227956,0.2145171233074014,0.0,0.0,0.1701902931116928,0.0,0.0,0.0,0.0,0.0,0.0027269776829523,0.0,0.0201575501754291,0.0178876293153941,0.01612469585557,0.0,0.0232052357971512,0.0,GPAB2911_jpg.rf.a892723d63b47464304a3bf61c90205b.jpg,train
yellowfin_segment.v18i.coco-segmentation/train\GPAB2912_jpg.rf.bf1be34d721f9328c589ea24f4d294f3.jpg,GPAB2912,0.0404245635395402,0.029789350576026,0.0025666237135674,0.0,0.0051466902748678,0.0051466902748678,0.0,0.0,0.0,0.0,0.0010687063947626,0.0,0.0,0.0,0.0316425431563422,0.0054885226886463,0.0,0.0,GPAB2912_jpg.rf.bf1be34d721f9328c589ea24f4d294f3.jpg,train
yellowfin_segment.v18i.coco-segmentation/train\GPAB2913_jpg.rf.a426d17e675cf5b48b74ca8af4351b03.jpg,GPAB2913,0.2112543521219535,0.2112543521219535,0.0,0.0,0.15985370340853,0.0,0.0,0.0,0.0,0.0,0.0,0.0,0.0,0.0,0.0514006487134234,0.0,0.0,0.0,GPAB2913_jpg.rf.a426d17e675cf5b48b74ca8af4351b03.jpg,train
yellowfin_segment.v18i.coco-segmentation/train\GPAB2915_jpg.rf.a6786972f25a53ecff6281be316a127d.jpg,GPAB2915,0.4901022232549743,0.378900106198497,0.073881891139819,0.0096894126051662,0.3605659822976899,0.0995116405459332,0.0,0.0,0.0,0.0,0.0204091234687156,0.0,0.0020010639053777,0.0020010639053777,0.033244162443372,0.0,0.0,0.0,GPAB2915_jpg.rf.a6786972f25a53ecff6281be316a127d.jpg,train
yellowfin_segment.v18i.coco-segmentation/train\GPAB2916_jpg.rf.7f634b0de0ff892d3d6e051ea3b40642.jpg,GPAB2916,0.266350823758505,0.0342475750062893,0.0,0.0,0.1071375760241049,0.0763774598010842,0.0,0.0,0.0,0.0,0.1311052133283914,0.1276177545451228,0.0,0.0,0.0,0.0,0.0281080344060085,0.0281080344060085,GPAB2916_jpg.rf.7f634b0de0ff892d3d6e051ea3b40642.jpg,train
yellowfin_segment.v18i.coco-segmentation/train\GPAB2941_jpg.rf.18f7f408bdbb3d1b44d43910c2e6eba4.jpg,GPAB2941,0.2222429199401601,0.075268424863123,0.072702761352965,0.0,0.0025685441203864,0.0025685441203864,0.0148322620663961,0.0148322620663961,0.1266037797447011,0.1266037797447011,0.0055355726557113,0.0029699091455533,0.0,0.0,0.0,0.0,0.0,0.0,GPAB2941_jpg.rf.18f7f408bdbb3d1b44d43910c2e6eba4.jpg,train
yellowfin_segment.v18i.coco-segmentation/train\GPAB2942_jpg.rf.1e3195c08fa8efff9464de31cf8e5d3c.jpg,GPAB2942,0.2255018503119701,0.0465276164102603,0.0182544270178194,0.0,0.0535102156040735,0.0535102156040735,0.0,0.0,0.0112411013149025,0.0112411013149025,0.009608755518769,0.006357506774235,0.0,0.0,0.0,0.0,0.1328873508564054,0.1078654102084985,GPAB2942_jpg.rf.1e3195c08fa8efff9464de31cf8e5d3c.jpg,train
yellowfin_segment.v18i.coco-segmentation/train\GPAB2943_jpg.rf.785d4f902aaf6a01200939a608fa2ac6.jpg,GPAB2943,0.2888608722871853,0.0282030945435481,0.0,0.0,0.2582668712540064,0.2426750882907035,0.0,0.0,0.0,0.0,0.0022238310963794,0.0022238310963794,0.0,0.0,0.0283701699367994,0.0157588583565542,0.0,0.0,GPAB2943_jpg.rf.785d4f902aaf6a01200939a608fa2ac6.jpg,train
yellowfin_segment.v18i.coco-segmentation/train\GPAB2944_jpg.rf.4c5671d6eb3325a6fb91a55ecd6b13f6.jpg,GPAB2944,0.128538589614824,0.1036654804953881,0.0,0.0,0.0824277014842824,0.0229469410799983,0.0,0.0,0.0,0.0,0.0,0.0,0.0,0.0,0.0461108881305415,0.0019261680394374,0.0,0.0,GPAB2944_jpg.rf.4c5671d6eb3325a6fb91a55ecd6b13f6.jpg,train
yellowfin_segment.v18i.coco-segmentation/train\GPAB2946_jpg.rf.4ae04bdc56ebbfb34e63f95e6dec2beb.jpg,GPAB2946,0.0049268036940945,0.0,0.0,0.0,0.0049268036940945,0.0049268036940945,0.0,0.0,0.0,0.0,0.0,0.0,0.0,0.0,0.0,0.0,0.0,0.0,GPAB2946_jpg.rf.4ae04bdc56ebbfb34e63f95e6dec2beb.jpg,train
yellowfin_segment.v18i.coco-segmentation/train\GPAB2949_jpg.rf.7fbf6a8deca8c7aae18c53062828ddff.jpg,GPAB2949,0.0037803208231631,0.0037803208231631,0.0,0.0,0.0037803208231631,0.0,0.0,0.0,0.0,0.0,0.0,0.0,0.0,0.0,0.0,0.0,0.0,0.0,GPAB2949_jpg.rf.7fbf6a8deca8c7aae18c53062828ddff.jpg,train
yellowfin_segment.v18i.coco-segmentation/train\GPAB2950_jpg.rf.502dd1ed83690517b5d11f810ee8abd0.jpg,GPAB2950,0.2017579404020947,0.0091872262220028,0.0,0.0,0.1430146162162992,0.1377018107515896,0.0,0.0,0.0,0.0,0.0,0.0,0.0038744207572932,0.0,0.0030697703001403,0.0030697703001403,0.0517991331283619,0.0517991331283619,GPAB2950_jpg.rf.502dd1ed83690517b5d11f810ee8abd0.jpg,train
yellowfin_segment.v18i.coco-segmentation/train\GPAB2952_jpg.rf.d5edd999c3d70eee6ea6ae39f932ee17.jpg,GPAB2952,0.1519089803984076,0.0721391219515942,0.0014854346744814,0.0014854346744814,0.1092692275931733,0.062635988807869,0.0099342644745862,0.0099342644745862,0.0,0.0,0.0086437510922313,0.0057141704898765,0.0,0.0,0.0225763025639351,0.0,0.0,0.0,GPAB2952_jpg.rf.d5edd999c3d70eee6ea6ae39f932ee17.jpg,train
yellowfin_segment.v18i.coco-segmentation/train\GPAB2953_jpg.rf.e9d7fd4bca495dd962d44280979b6764.jpg,GPAB2953,0.260034605730878,0.1320682973481102,0.0,0.0,0.2202015274915838,0.1122919479262486,0.0,0.0,0.0106582578453419,0.0106582578453419,0.0291748203939522,0.0050161026111771,0.0,0.0,0.0,0.0,0.0,0.0,GPAB2953_jpg.rf.e9d7fd4bca495dd962d44280979b6764.jpg,train
yellowfin_segment.v18i.coco-segmentation/train\GPAB2985_jpg.rf.1aa4eb008b359be4a92a854650b08c4f.jpg,GPAB2985,0.2283315697597379,0.0023649809975745,0.0360412349752171,0.0360412349752171,0.0,0.0,0.0405263451009461,0.0405263451009461,0.1468938379906399,0.1468938379906399,0.0048701516929346,0.0025051706953601,0.0,0.0,0.0,0.0,0.0,0.0,GPAB2985_jpg.rf.1aa4eb008b359be4a92a854650b08c4f.jpg,train
yellowfin_segment.v18i.coco-segmentation/train\GPAB2986_jpg.rf.8384c7104ca8ce5717f2a1895ec3f4e6.jpg,GPAB2986,0.164444435909303,0.0098209604722664,0.0099179410166249,0.0078938322294194,0.1354117256199553,0.1340376745409747,0.0,0.0,0.0,0.0,0.0083086401023192,0.0018858394962388,0.0071007042131805,0.0071007042131805,0.0,0.0,0.0037054249572229,0.0037054249572229,GPAB2986_jpg.rf.8384c7104ca8ce5717f2a1895ec3f4e6.jpg,train
yellowfin_segment.v18i.coco-segmentation/train\GPAB2987_jpg.rf.8edaf56f6842917821771008f1c445b3.jpg,GPAB2987,0.2780605043372388,0.050696819614267,0.0,0.0,0.2659484985299286,0.2152516789156615,0.0,0.0,0.0,0.0,0.0121120058073102,0.0121120058073102,0.0,0.0,0.0,0.0,0.0,0.0,GPAB2987_jpg.rf.8edaf56f6842917821771008f1c445b3.jpg,train
yellowfin_segment.v18i.coco-segmentation/train\GPAB2988_jpg.rf.83afaab24b357370faadb37c4a8f2e80.jpg,GPAB2988,0.1610827637726776,0.008227983015922,0.0029603071114584,0.0,0.1395905308580569,0.1395905308580569,0.0,0.0,0.0,0.0,0.0132642498986985,0.0132642498986985,0.0,0.0,0.0052676759044636,0.0,0.0,0.0,GPAB2988_jpg.rf.83afaab24b357370faadb37c4a8f2e80.jpg,train
yellowfin_segment.v18i.coco-segmentation/train\GPAB2989_jpg.rf.8c0306c24da4ca0fa0a6db116a0c7028.jpg,GPAB2989,0.5166345638660094,0.1945640964581937,0.041278184370577,0.0225263719866416,0.4753563794954323,0.299544095421174,0.0,0.0,0.0,0.0,0.0,0.0,0.0,0.0,0.0,0.0,0.0,0.0,GPAB2989_jpg.rf.8c0306c24da4ca0fa0a6db116a0c7028.jpg,train
yellowfin_segment.v18i.coco-segmentation/train\GPAB2990_jpg.rf.26380753fc33e784adf7e3cfce47a36f.jpg,GPAB2990,0.1977778972697576,0.091291339157287,0.0013308419255535,0.0013308419255535,0.1652836536891975,0.0834253528267428,0.0,0.0,0.0,0.0,0.0223381721183815,0.0129051338235491,0.0,0.0,0.008825229536625,0.008825229536625,0.0,0.0,GPAB2990_jpg.rf.26380753fc33e784adf7e3cfce47a36f.jpg,train
yellowfin_segment.v18i.coco-segmentation/train\GPAB2991_jpg.rf.349d021fabfa3966b9f88f23b1096169.jpg,GPAB2991,0.3439448612794134,0.2911307931472203,0.0,0.0,0.3341123783662331,0.0429815852190128,0.0,0.0,0.0,0.0,0.0050036199668537,0.0050036199668537,0.0,0.0,0.0048288629463265,0.0048288629463265,0.0,0.0,GPAB2991_jpg.rf.349d021fabfa3966b9f88f23b1096169.jpg,train
yellowfin_segment.v18i.coco-segmentation/train\GPAB2992_jpg.rf.e4effd5df06ee1d3cc045935c76638eb.jpg,GPAB2992,0.1089379574168992,0.08631268447908,0.0128964919928637,0.0128964919928637,0.0928507094942992,0.0065380250152192,0.0,0.0,0.0,0.0,0.0,0.0,0.0031907559297361,0.0031907559297361,0.0,0.0,0.0,0.0,GPAB2992_jpg.rf.e4effd5df06ee1d3cc045935c76638eb.jpg,train
yellowfin_segment.v18i.coco-segmentation/train\GPAB2994_jpg.rf.399149a84f76c2e820ddc039f29be960.jpg,GPAB2994,0.0512460559644955,0.0484105752962707,0.0,0.0,0.0402565279428794,0.0028354806682247,0.0,0.0,0.0,0.0,0.0,0.0,0.0025080513055885,0.0,0.0084814767160275,0.0,0.0,0.0,GPAB2994_jpg.rf.399149a84f76c2e820ddc039f29be960.jpg,train
yellowfin_segment.v18i.coco-segmentation/train\GPAB2995_jpg.rf.77053a52828cd1b35e1a6b481dda0977.jpg,GPAB2995,0.588627734899361,0.3533913424219786,0.0,0.0,0.5806215588710313,0.2272302164490525,0.0,0.0,0.0,0.0,0.0080061760283298,0.0080061760283298,0.0,0.0,0.0,0.0,0.0,0.0,GPAB2995_jpg.rf.77053a52828cd1b35e1a6b481dda0977.jpg,train
yellowfin_segment.v18i.coco-segmentation/train\GPAB2996_jpg.rf.71234c52d0bc86b7485ea41a885640db.jpg,GPAB2996,0.3829204778740328,0.2164212066684206,0.0,0.0,0.3829204778740328,0.1664992712056122,0.0,0.0,0.0,0.0,0.0,0.0,0.0,0.0,0.0,0.0,0.0,0.0,GPAB2996_jpg.rf.71234c52d0bc86b7485ea41a885640db.jpg,train
yellowfin_segment.v18i.coco-segmentation/train\GPAB3022_jpg.rf.4a7028ccc8d0c43d90f9f26c5b803a76.jpg,GPAB3022,0.1752755303683532,0.0,0.0,0.0,0.0026290369351843,0.0026290369351843,0.0,0.0,0.1234207054422408,0.1234207054422408,0.0206722192029159,0.0206722192029159,0.0247886112194007,0.0247886112194007,0.0,0.0,0.0037649575686113,0.0037649575686113,GPAB3022_jpg.rf.4a7028ccc8d0c43d90f9f26c5b803a76.jpg,train
yellowfin_segment.v18i.coco-segmentation/train\GPAB3023_jpg.rf.2d06d6161234dba9738fbea660799947.jpg,GPAB3023,0.2056352417696164,0.0,0.0,0.0,0.0,0.0,0.0280936313548662,0.0280936313548662,0.1450262423591813,0.1450262423591813,0.0325153680555688,0.0325153680555688,0.0,0.0,0.0,0.0,0.0,0.0,GPAB3023_jpg.rf.2d06d6161234dba9738fbea660799947.jpg,train
yellowfin_segment.v18i.coco-segmentation/train\GPAB3024_jpg.rf.962d5da92455184bd060dd0c24c8dab4.jpg,GPAB3024,0.2742388947674675,0.0122147475721256,0.0062288395173633,0.0,0.0020279496008434,0.0020279496008434,0.0,0.0,0.2308377006585075,0.2308377006585075,0.0351444049907532,0.0291584969359909,0.0,0.0,0.0,0.0,0.0,0.0,GPAB3024_jpg.rf.962d5da92455184bd060dd0c24c8dab4.jpg,train
yellowfin_segment.v18i.coco-segmentation/train\GPAB3025_jpg.rf.0e7dd03ddf2d70bda47a0516e862f4c9.jpg,GPAB3025,0.0668733664539496,0.0303885175035479,0.0,0.0,0.0598350754623859,0.029446557958838,0.0,0.0,0.0,0.0,0.0070382909915636,0.0070382909915636,0.0,0.0,0.0,0.0,0.0,0.0,GPAB3025_jpg.rf.0e7dd03ddf2d70bda47a0516e862f4c9.jpg,train
yellowfin_segment.v18i.coco-segmentation/train\GPAB3026_jpg.rf.0132f1051a4116579dca9e90f5fe8dac.jpg,GPAB3026,0.1320702177549292,0.0101848775644632,0.0,0.0,0.1071270137866005,0.1010508466113461,0.0,0.0,0.0,0.0,0.009318774089103,0.0052100636998941,0.0156244298792256,0.0156244298792256,0.0,0.0,0.0,0.0,GPAB3026_jpg.rf.0132f1051a4116579dca9e90f5fe8dac.jpg,train
yellowfin_segment.v18i.coco-segmentation/train\GPAB3027_jpg.rf.747b37a57bb87ebb8bad757bc73c82cb.jpg,GPAB3027,0.1426113307843133,0.0208969068007366,0.0068068819698764,0.0068068819698764,0.1140020701985508,0.1045392655980242,0.0,0.0,0.0,0.0,0.0017792569177854,0.0017792569177854,0.0,0.0,0.0200231216981005,0.0085890194978904,0.0,0.0,GPAB3027_jpg.rf.747b37a57bb87ebb8bad757bc73c82cb.jpg,train
yellowfin_segment.v18i.coco-segmentation/train\GPAB3028_jpg.rf.bab6e79b28a15e973dd2a4273d4b3f69.jpg,GPAB3028,0.1607947027498305,0.0300121177670277,0.0098536073881891,0.0012703491107556,0.138997125150992,0.1295122358720471,0.0,0.0,0.0,0.0,0.0015084795563092,0.0,0.0104354906543402,0.0,0.0,0.0,0.0,0.0,GPAB3028_jpg.rf.bab6e79b28a15e973dd2a4273d4b3f69.jpg,train
yellowfin_segment.v18i.coco-segmentation/train\GPAB3029_jpg.rf.9be364b3f26fd5581081ef77d347a1a7.jpg,GPAB3029,0.3397967825504154,0.1090157338930679,0.0014844744710719,0.0,0.3321631654449679,0.2246319060229719,0.0,0.0,0.0,0.0,0.0015622509472406,0.0015622509472406,0.004586891687135,0.004586891687135,0.0,0.0,0.0,0.0,GPAB3029_jpg.rf.9be364b3f26fd5581081ef77d347a1a7.jpg,train
yellowfin_segment.v18i.coco-segmentation/train\GPAB3031_jpg.rf.ab0edf94425b881b01d5ae81bd81b21d.jpg,GPAB3031,0.2245109203933761,0.148703821417529,0.0,0.0,0.2203532396302832,0.0742342857911019,0.0,0.0,0.0,0.0,0.001572813184745,0.001572813184745,0.0,0.0,0.0025848675783477,0.0,0.0,0.0,GPAB3031_jpg.rf.ab0edf94425b881b01d5ae81bd81b21d.jpg,train
yellowfin_segment.v18i.coco-segmentation/train\GPAB3032_jpg.rf.1d597c1e44f74b2246f4f867092f84fd.jpg,GPAB3032,0.3766647526612037,0.0542265273475533,0.0432293176986612,0.0432293176986612,0.3177553132855664,0.2792089076149892,0.0,0.0,0.0,0.0,0.0060415998525127,0.0,0.0,0.0,0.0096385218244632,0.0,0.0,0.0,GPAB3032_jpg.rf.1d597c1e44f74b2246f4f867092f84fd.jpg,train
yellowfin_segment.v18i.coco-segmentation/train\GPAB3033_jpg.rf.50b9b3afcefbc3350536ce8c5bc36581.jpg,GPAB3033,0.2277237610015305,0.0679968044430532,0.0385992168580992,0.0043804479540945,0.1612248738772821,0.1338485144693051,0.0,0.0,0.0103682764156758,0.0103682764156758,0.0150857557665015,0.0086840796354299,0.0024456380839717,0.0024456380839717,0.0,0.0,0.0,0.0,GPAB3033_jpg.rf.50b9b3afcefbc3350536ce8c5bc36581.jpg,train
yellowfin_segment.v18i.coco-segmentation/train\GPAB3035_jpg.rf.d5c32d9742ccdb6a97e4a8d5755c24d6.jpg,GPAB3035,0.2268643789500367,0.0,0.0,0.0,0.0,0.0,0.0228470799254114,0.0228470799254114,0.1972325017331671,0.1972325017331671,0.0045609661950787,0.0045609661950787,0.0022238310963794,0.0022238310963794,0.0,0.0,0.0,0.0,GPAB3035_jpg.rf.d5c32d9742ccdb6a97e4a8d5755c24d6.jpg,train
yellowfin_segment.v18i.coco-segmentation/train\GPAB3036_jpg.rf.73115f2d96e2a173cce8abbe17c95bd0.jpg,GPAB3036,0.2562216379917922,0.0207413538483992,0.0,0.0,0.0,0.0,0.109252904135212,0.0885115502868127,0.1172504383328564,0.1172504383328564,0.0041480787289979,0.0041480787289979,0.0226848055492075,0.0226848055492075,0.0,0.0,0.0028854112455182,0.0028854112455182,GPAB3036_jpg.rf.73115f2d96e2a173cce8abbe17c95bd0.jpg,train
yellowfin_segment.v18i.coco-segmentation/train\GPAB3065_jpg.rf.623b37a3e1def7e946fbe7642cf75b09.jpg,GPAB3065,0.1398036960149638,0.0,0.0,0.0,0.0,0.0,0.099382013085652,0.099382013085652,0.0335351040764475,0.0335351040764475,0.0,0.0,0.0,0.0,0.0032867762706851,0.0032867762706851,0.003599802582179,0.003599802582179,GPAB3065_jpg.rf.623b37a3e1def7e946fbe7642cf75b09.jpg,train
yellowfin_segment.v18i.coco-segmentation/train\GPAB3066_jpg.rf.c7ab7f595d1fabcf9345d55074498965.jpg,GPAB3066,0.538671232113811,0.0382449017999973,0.1047169032287799,0.0664720014287826,0.0,0.0,0.0512018866076589,0.0512018866076589,0.3713279421112568,0.3713279421112568,0.0,0.0,0.0053483329908607,0.0053483329908607,0.0,0.0,0.0060761671752544,0.0060761671752544,GPAB3066_jpg.rf.c7ab7f595d1fabcf9345d55074498965.jpg,train
yellowfin_segment.v18i.coco-segmentation/train\GPAB3068_jpg.rf.7d5b5b389e42fbf25daa11b1aab52fd6.jpg,GPAB3068,0.5040261328959927,0.0028143561932159,0.0,0.0,0.0031801936922317,0.0016150621347626,0.0935977477468827,0.0935977477468827,0.1210086744776013,0.1210086744776013,0.0013145184675921,0.0013145184675921,0.0044908713461859,0.0032416467104391,0.0,0.0,0.2804341271654987,0.2804341271654987,GPAB3068_jpg.rf.7d5b5b389e42fbf25daa11b1aab52fd6.jpg,train
yellowfin_segment.v18i.coco-segmentation/train\GPAB3069_jpg.rf.b4e787e9b2ba7d152d6ea99e92e0ca40.jpg,GPAB3069,0.4024068458662283,0.143139442659533,0.1694422946556998,0.047786443080102,0.0618054128586599,0.0403218217747247,0.0,0.0,0.0730839621065326,0.0730839621065326,0.0073378744553246,0.0073378744553246,0.0048874353543054,0.0048874353543054,0.0,0.0,0.0858498664357057,0.0858498664357057,GPAB3069_jpg.rf.b4e787e9b2ba7d152d6ea99e92e0ca40.jpg,train
yellowfin_segment.v18i.coco-segmentation/train\GPAB3070_jpg.rf.9cd39d8ce8d5b63ee10a306d3f11ec2a.jpg,GPAB3070,0.1985806273200915,0.0234337642086099,0.01893137042151,0.01893137042151,0.0825918962673052,0.0717483191639316,0.0219857774670986,0.0219857774670986,0.0280024120309646,0.0280024120309646,0.0,0.0,0.0,0.0,0.0,0.0,0.0470691711332128,0.0344789840279764,GPAB3070_jpg.rf.9cd39d8ce8d5b63ee10a306d3f11ec2a.jpg,train
yellowfin_segment.v18i.coco-segmentation/train\GPAB3072_jpg.rf.0ac2243c6b202e76c28f399d6eb11d70.jpg,GPAB3072,0.2398588116906685,0.0,0.0,0.0,0.0201364257004203,0.0201364257004203,0.0,0.0,0.0196851300979599,0.0196851300979599,0.0,0.0,0.0043967714120559,0.0043967714120559,0.0,0.0,0.1956404844802323,0.1956404844802323,GPAB3072_jpg.rf.0ac2243c6b202e76c28f399d6eb11d70.jpg,train
yellowfin_segment.v18i.coco-segmentation/train\GPAB3075_jpg.rf.3f2d5382731b43b7f93907122f078970.jpg,GPAB3075,0.4933515515926894,0.0258976461573619,0.0255798188288206,0.0255798188288206,0.0749870852641423,0.0664873646833345,0.0159470582248143,0.0159470582248143,0.2839455910340046,0.2839455910340046,0.0103605947883999,0.007934160772618,0.0083873767818974,0.0083873767818974,0.0,0.0,0.0741440266706099,0.0591725351098376,GPAB3075_jpg.rf.3f2d5382731b43b7f93907122f078970.jpg,train
yellowfin_segment.v18i.coco-segmentation/train\GPAB3077_jpg.rf.e6dd2d28fb69105d93898db9cb337457.jpg,GPAB3077,0.3964977540842252,0.0589200016131417,0.0099016175586636,0.0,0.0120323089243225,0.0088847621480134,0.0111585238216863,0.0111585238216863,0.3596854757711873,0.3154901934425789,0.0037198280083652,0.0020442730588047,0.0,0.0,0.0,0.0,0.0,0.0,GPAB3077_jpg.rf.e6dd2d28fb69105d93898db9cb337457.jpg,train
yellowfin_segment.v18i.coco-segmentation/train\GPAB3080_jpg.rf.78f928f2c19bd787656114709b49bc5b.jpg,GPAB3080,0.2435469529865206,0.0,0.0,0.0,0.0,0.0,0.2030330905298978,0.2030330905298978,0.0200826543094889,0.0200826543094889,0.0,0.0,0.0,0.0,0.0,0.0,0.0204312081471338,0.0204312081471338,GPAB3080_jpg.rf.78f928f2c19bd787656114709b49bc5b.jpg,train
yellowfin_segment.v18i.coco-segmentation/train\GPAB3096_jpg.rf.a6470fed9e9e1c7e6665b90f39689d33.jpg,GPAB3096,0.1866001693798814,0.0793732944386939,0.0,0.0,0.0124960871711063,0.0124960871711063,0.0154583146893837,0.0154583146893837,0.0,0.0,0.1333011985258957,0.063924581783405,0.020558915200596,0.0105622375043929,0.0047856537928994,0.0047856537928994,0.0,0.0,GPAB3096_jpg.rf.a6470fed9e9e1c7e6665b90f39689d33.jpg,train
yellowfin_segment.v18i.coco-segmentation/train\GPAB3101_jpg.rf.b62e7eeebc3c25bf04dbff6c796cb5d3.jpg,GPAB3101,0.3473218966705907,0.1107210551483226,0.0,0.0,0.2839830389669747,0.236600841522268,0.0,0.0,0.0576419708751101,0.0,0.0056968868285057,0.0,0.0,0.0,0.0,0.0,0.0,0.0,GPAB3101_jpg.rf.b62e7eeebc3c25bf04dbff6c796cb5d3.jpg,train
yellowfin_segment.v18i.coco-segmentation/train\GPAB3103_jpg.rf.57b80bcdb3fdddfed29907c8e94f6a12.jpg,GPAB3103,0.1309976705465285,0.0062278793139538,0.00295742650123,0.0,0.0112055737887514,0.0094724066346214,0.0414836679002079,0.0414836679002079,0.0698384745824555,0.0698384745824555,0.0032992589150085,0.0017619732564146,0.002213268858875,0.002213268858875,0.0,0.0,0.0,0.0,GPAB3103_jpg.rf.57b80bcdb3fdddfed29907c8e94f6a12.jpg,train
yellowfin_segment.v18i.coco-segmentation/train\GPAB3104_jpg.rf.e80e02c3e101d1c16303a7ca427c6a49.jpg,GPAB3104,0.4365123107679131,0.0026424797829172,0.0,0.0,0.0,0.0,0.1821313827121137,0.1821313827121137,0.2108760319786143,0.2108760319786143,0.0061798691434793,0.0035373893605621,0.0,0.0,0.0,0.0,0.0373250269337056,0.0373250269337056,GPAB3104_jpg.rf.e80e02c3e101d1c16303a7ca427c6a49.jpg,train
yellowfin_segment.v18i.coco-segmentation/train\GPAB3116_jpg.rf.ed8a4389d5c8493ac5b2c1d64f48a03b.jpg,GPAB3116,0.3894815477710798,0.0023064085895956,0.14781659346716,0.14781659346716,0.0113015941297004,0.0113015941297004,0.1897256314777722,0.1897256314777722,0.033581193840103,0.033581193840103,0.0033808762048152,0.0010744676152196,0.001179129786854,0.001179129786854,0.0,0.0,0.0024965288646746,0.0024965288646746,GPAB3116_jpg.rf.ed8a4389d5c8493ac5b2c1d64f48a03b.jpg,train
yellowfin_segment.v18i.coco-segmentation/train\GPAB3117_jpg.rf.48324a5515ea6a6df152c7f05a2f131c.jpg,GPAB3117,0.2170597419357316,0.0182765116962377,0.1019716816810473,0.1019716816810473,0.0628606764056897,0.0478546175221758,0.0,0.0,0.0101119021053419,0.0101119021053419,0.04108422328186,0.0378137704691361,0.0010312584617925,0.0010312584617925,0.0,0.0,0.0,0.0,GPAB3117_jpg.rf.48324a5515ea6a6df152c7f05a2f131c.jpg,train
yellowfin_segment.v18i.coco-segmentation/train\GPAB3118_jpg.rf.57920e1593dd8f883f267a8dc21b88b2.jpg,GPAB3118,0.3803269684649996,0.1162739114654048,0.0711837195591514,0.0711837195591514,0.1747800654090562,0.1234207054422408,0.0549591625489943,0.0549591625489943,0.0061894711775742,0.0061894711775742,0.0,0.0,0.0,0.0,0.0,0.0,0.0732145497702233,0.0082999982716338,GPAB3118_jpg.rf.57920e1593dd8f883f267a8dc21b88b2.jpg,train
yellowfin_segment.v18i.coco-segmentation/train\GPAB3119_jpg.rf.1eb13bc3f53bc0650f9acc7db755b399.jpg,GPAB3119,0.3732608315745607,0.0179490823336015,0.0680188891214715,0.0680188891214715,0.0908947751491676,0.0876656110830518,0.0061366599900522,0.0061366599900522,0.1417836354453327,0.1417836354453327,0.0412234527762361,0.0398349986461131,0.0118719549549376,0.0118719549549376,0.0,0.0,0.0133314641373628,0.0,GPAB3119_jpg.rf.1eb13bc3f53bc0650f9acc7db755b399.jpg,train
yellowfin_segment.v18i.coco-segmentation/train\GPAB3120_jpg.rf.5603d780549b726b1d30303f98c1122b.jpg,GPAB3120,0.304620690847149,0.0150127803073803,0.031215252639119,0.0301964768216498,0.260678902218646,0.2466848977287348,0.0,0.0,0.0,0.0,0.0015209622006325,0.0015209622006325,0.0019972230917397,0.0019972230917397,0.0092083506970116,0.0092083506970116,0.0,0.0,GPAB3120_jpg.rf.5603d780549b726b1d30303f98c1122b.jpg,train
yellowfin_segment.v18i.coco-segmentation/train\GPAB3121_jpg.rf.1b45c081583cecc29304e3ac5124201e.jpg,GPAB3121,0.0756352225655482,0.0031312233183477,0.0,0.0,0.0438534499148299,0.0407222265964822,0.0,0.0,0.0307581958162017,0.0307581958162017,0.0010235768345166,0.0010235768345166,0.0,0.0,0.0,0.0,0.0,0.0,GPAB3121_jpg.rf.1b45c081583cecc29304e3ac5124201e.jpg,train
yellowfin_segment.v18i.coco-segmentation/train\GPAB3122_jpg.rf.dfef5ccb273d37124bbe24778f8a3383.jpg,GPAB3122,0.1311167357693053,0.1070473169036128,0.0,0.0,0.0629029253557073,0.023083289964146,0.0,0.0,0.0,0.0,0.0009861289015465,0.0009861289015465,0.0,0.0,0.0,0.0,0.0672276815120515,0.0,GPAB3122_jpg.rf.dfef5ccb273d37124bbe24778f8a3383.jpg,train
yellowfin_segment.v18i.coco-segmentation/train\GPAB3123_jpg.rf.0e78506e475476935d0cdd5fd34e42bc.jpg,GPAB3123,0.231277473820054,0.0052475116328643,0.0,0.0,0.0968355536436838,0.0915880420108195,0.0,0.0,0.1230529475364061,0.1230529475364061,0.0,0.0,0.0053588952283651,0.0053588952283651,0.0,0.0,0.0060300774115988,0.0060300774115988,GPAB3123_jpg.rf.0e78506e475476935d0cdd5fd34e42bc.jpg,train
yellowfin_segment.v18i.coco-segmentation/train\GPAB3124_jpg.rf.261f7fde12c4e7185009978cb8d41d5e.jpg,GPAB3124,0.3643040541708355,0.0010619849708962,0.0,0.0,0.0298546444078713,0.0298546444078713,0.0025839073749383,0.0025839073749383,0.3138309619509797,0.3138309619509797,0.002217109672513,0.0011551247016167,0.0158174307645331,0.0158174307645331,0.0,0.0,0.0,0.0,GPAB3124_jpg.rf.261f7fde12c4e7185009978cb8d41d5e.jpg,train
yellowfin_segment.v18i.coco-segmentation/train\GPAB3125_jpg.rf.cdb4c107b0c18a67d6336053f841f63c.jpg,GPAB3125,0.4498351330745905,0.0533364187869558,0.0950025253349669,0.0708831758919809,0.0352279426873788,0.0342370127687849,0.0,0.0,0.2700063181384344,0.2700063181384344,0.0282933536640401,0.0199645492901216,0.0,0.0,0.0,0.0,0.02130499324977,0.0014076581983127,GPAB3125_jpg.rf.cdb4c107b0c18a67d6336053f841f63c.jpg,train
yellowfin_segment.v18i.coco-segmentation/train\GPAB3127_jpg.rf.a33eb97ca070a71c354688a5df3fe396.jpg,GPAB3127,0.3796663485192703,0.0,0.1301382884950347,0.1301382884950347,0.0473735556140212,0.0473735556140212,0.1410865277700428,0.1410865277700428,0.0589497679188359,0.0589497679188359,0.0,0.0,0.0021182087213355,0.0021182087213355,0.0,0.0,0.0,0.0,GPAB3127_jpg.rf.a33eb97ca070a71c354688a5df3fe396.jpg,train
yellowfin_segment.v18i.coco-segmentation/train\GPAB3128_jpg.rf.9c417291ab540802a566e82e730a3fa4.jpg,GPAB3128,0.2294060373749575,0.0,0.0,0.0,0.0154487126552888,0.0154487126552888,0.1942078609932728,0.1942078609932728,0.0126823666325474,0.0126823666325474,0.0034711353253073,0.0034711353253073,0.0015776142017925,0.0015776142017925,0.0,0.0,0.0020183475667485,0.0020183475667485,GPAB3128_jpg.rf.9c417291ab540802a566e82e730a3fa4.jpg,train
yellowfin_segment.v18i.coco-segmentation/train\GPAB3141_jpg.rf.496a8f719ffca8981eff66e05d24afae.jpg,GPAB3141,0.4233143149044693,0.0101695143099114,0.0179298782654117,0.0179298782654117,0.0247646061341634,0.0166556883410181,0.1435158423960531,0.1435158423960531,0.148163226897986,0.148163226897986,0.0020605965167661,0.0,0.0070315695676972,0.0070315695676972,0.0,0.0,0.0798485951263915,0.0798485951263915,GPAB3141_jpg.rf.496a8f719ffca8981eff66e05d24afae.jpg,train
yellowfin_segment.v18i.coco-segmentation/train\GPAB3142_jpg.rf.47763a8ac2730698e4e7bffda081cd94.jpg,GPAB3142,0.1687067788440303,0.0027999531420736,0.0099265828473103,0.0099265828473103,0.0289174858802088,0.027911192707063,0.0,0.0,0.1218526932745432,0.1218526932745432,0.0009736462572231,0.0009736462572231,0.0052427106158168,0.0052427106158168,0.0,0.0,0.0017936599689278,0.0,GPAB3142_jpg.rf.47763a8ac2730698e4e7bffda081cd94.jpg,train
yellowfin_segment.v18i.coco-segmentation/train\GPAB3143_jpg.rf.9fc36c71d76476227a44163b79392c05.jpg,GPAB3143,0.5036746984481193,0.0502349617743022,0.1340136694557375,0.0890732692813645,0.0639341838174998,0.0586396222175705,0.0483692865496626,0.0483692865496626,0.1440305114235399,0.1440305114235399,0.0030400039944461,0.0030400039944461,0.0,0.0,0.0,0.0,0.110287043207233,0.110287043207233,GPAB3143_jpg.rf.9fc36c71d76476227a44163b79392c05.jpg,train
yellowfin_segment.v18i.coco-segmentation/train\GPAB3144_jpg.rf.a2b5b1860a1a0c32d5417f89d91114ef.jpg,GPAB3144,0.374414996072768,0.0457872995815433,0.0,0.0,0.143278672153909,0.1310677653954213,0.0,0.0,0.1732418195470528,0.1732418195470528,0.0045840110769065,0.0045840110769065,0.0,0.0,0.0,0.0,0.0533104932948995,0.0197341004718439,GPAB3144_jpg.rf.a2b5b1860a1a0c32d5417f89d91114ef.jpg,train
yellowfin_segment.v18i.coco-segmentation/train\GPAB3147_jpg.rf.08712d02692fd16b9c2191bf24d63a26.jpg,GPAB3147,0.1526713819055428,0.0,0.0,0.0,0.0313996116937412,0.0313996116937412,0.0633090913979217,0.0633090913979217,0.0,0.0,0.027266896219295,0.027266896219295,0.0043689255131807,0.0043689255131807,0.0,0.0,0.0263268570814041,0.0263268570814041,GPAB3147_jpg.rf.08712d02692fd16b9c2191bf24d63a26.jpg,train
yellowfin_segment.v18i.coco-segmentation/train\GPAB3148_jpg.rf.215b32be1c7c28f0b92ea81efb374979.jpg,GPAB3148,0.1609243302101117,0.0081742116249906,0.0,0.0,0.0588009363903649,0.0564369155961999,0.01795196294383,0.01795196294383,0.0548314554955321,0.0548314554955321,0.0064948158617921,0.0064948158617921,0.0021422138065727,0.0021422138065727,0.0,0.0,0.0207029457120196,0.014892754881194,GPAB3148_jpg.rf.215b32be1c7c28f0b92ea81efb374979.jpg,train
yellowfin_segment.v18i.coco-segmentation/train\GPAB3149_jpg.rf.b85de5970d00d2f79e110927d0172e6e.jpg,GPAB3149,0.2637582745528812,0.0,0.0102184846837954,0.0102184846837954,0.1634544661941185,0.1634544661941185,0.0,0.0,0.0689253211400303,0.0689253211400303,0.0010696665981721,0.0010696665981721,0.0200903359367648,0.0200903359367648,0.0,0.0,0.0,0.0,GPAB3149_jpg.rf.b85de5970d00d2f79e110927d0172e6e.jpg,train
yellowfin_segment.v18i.coco-segmentation/train\GPAB3150_jpg.rf.6c8b56def24a487f2d90b80b7048e1f4.jpg,GPAB3150,0.4606105357358903,0.0135311864465368,0.0369937567574314,0.0369937567574314,0.3207770734152322,0.3072458869686954,0.0,0.0,0.0,0.0,0.0,0.0,0.0,0.0,0.0,0.0,0.1028397055632265,0.1028397055632265,GPAB3150_jpg.rf.6c8b56def24a487f2d90b80b7048e1f4.jpg,train
yellowfin_segment.v18i.coco-segmentation/train\GPAB3151_jpg.rf.2c56a82516e6b16eb781cce5002c00e2.jpg,GPAB3151,0.5477681992153218,0.1919331391161903,0.4393938811997934,0.247460742083603,0.0778024016607678,0.0778024016607678,0.0,0.0,0.0,0.0,0.0113572859274508,0.0113572859274508,0.0044860703291385,0.0044860703291385,0.0,0.0,0.0147285600981711,0.0147285600981711,GPAB3151_jpg.rf.2c56a82516e6b16eb781cce5002c00e2.jpg,train
yellowfin_segment.v18i.coco-segmentation/train\GPAB3152_jpg.rf.20844ffc2344e194ff3830fb974c5f8f.jpg,GPAB3152,0.3252314570318576,0.1409799451915893,0.1514682470334515,0.0315321197642508,0.1322805023016075,0.1220725798553165,0.0,0.0,0.0,0.0,0.0068328074619327,0.0068328074619327,0.023814004758768,0.023814004758768,0.0,0.0,0.0108358954760976,0.0,GPAB3152_jpg.rf.20844ffc2344e194ff3830fb974c5f8f.jpg,train
yellowfin_segment.v18i.coco-segmentation/train\GPAB3153_jpg.rf.861109ea12d8895926392ecc8c013b29.jpg,GPAB3153,0.4343412908590556,0.0736668055760932,0.0,0.0,0.3419053892376561,0.2739287490662022,0.0,0.0,0.0288253063528977,0.0288253063528977,0.0538184408985199,0.0538184408985199,0.0,0.0,0.0,0.0,0.0097921543699817,0.0041019889653424,GPAB3153_jpg.rf.861109ea12d8895926392ecc8c013b29.jpg,train
yellowfin_segment.v18i.coco-segmentation/train\GPAB3155_jpg.rf.d0fa59781b378d4a698078e736ac7453.jpg,GPAB3155,0.6983684223665941,0.0,0.0,0.0,0.0,0.0,0.6983684223665941,0.6983684223665941,0.0,0.0,0.0,0.0,0.0,0.0,0.0,0.0,0.0,0.0,GPAB3155_jpg.rf.d0fa59781b378d4a698078e736ac7453.jpg,train
yellowfin_segment.v18i.coco-segmentation/train\GPAB3159_jpg.rf.ed9a35831ae623a1f7ac0a397fdfcda7.jpg,GPAB3159,0.3412063611555472,0.0,0.0,0.0,0.001028377851564,0.001028377851564,0.0,0.0,0.3401779833039831,0.3401779833039831,0.0,0.0,0.0,0.0,0.0,0.0,0.0,0.0,GPAB3159_jpg.rf.ed9a35831ae623a1f7ac0a397fdfcda7.jpg,train
yellowfin_segment.v18i.coco-segmentation/train\GPAB3160_jpg.rf.f7c2f442d5222845a4cf61cc49b880d6.jpg,GPAB3160,0.3387770465295368,0.0693852585731761,0.0,0.0,0.0074790243565196,0.0074790243565196,0.197343885328668,0.197343885328668,0.1293499614958432,0.0614242121050923,0.0014595091824252,0.0,0.0,0.0,0.0,0.0,0.0031446661660806,0.0031446661660806,GPAB3160_jpg.rf.f7c2f442d5222845a4cf61cc49b880d6.jpg,train
yellowfin_segment.v18i.coco-segmentation/train\GPAB3161_jpg.rf.cb2162d68a96947fa46eb221ba5066b1.jpg,GPAB3161,0.8280294897671122,0.0,0.0,0.0,0.0,0.0,0.8200213933319634,0.8200213933319634,0.0044764682950436,0.0044764682950436,0.0,0.0,0.0,0.0,0.0,0.0,0.0035316281401051,0.0035316281401051,GPAB3161_jpg.rf.cb2162d68a96947fa46eb221ba5066b1.jpg,train
yellowfin_segment.v18i.coco-segmentation/train\GPAB3162_jpg.rf.8427e11d3cb16eaac10a9b2e994311b9.jpg,GPAB3162,0.9987085264142356,0.0,0.0,0.0,0.0,0.0,0.9987085264142356,0.9987085264142356,0.0,0.0,0.0,0.0,0.0,0.0,0.0,0.0,0.0,0.0,GPAB3162_jpg.rf.8427e11d3cb16eaac10a9b2e994311b9.jpg,train
yellowfin_segment.v18i.coco-segmentation/train\GPAB3163_jpg.rf.0e42e962764a40f2e739c5cd3e6b899f.jpg,GPAB3163,0.99926544439174,0.0,0.0,0.0,0.0,0.0,0.99926544439174,0.99926544439174,0.0,0.0,0.0,0.0,0.0,0.0,0.0,0.0,0.0,0.0,GPAB3163_jpg.rf.0e42e962764a40f2e739c5cd3e6b899f.jpg,train
yellowfin_segment.v18i.coco-segmentation/train\GPAB3188_jpg.rf.652a96859d459386ddd0760e01ffd599.jpg,GPAB3188,0.3303099728646516,0.0096529248756056,0.0,0.0,0.2469470332595257,0.23729410838392,0.0019012027507907,0.0019012027507907,0.0645429527791167,0.0645429527791167,0.0169187840752184,0.0169187840752184,0.0,0.0,0.0,0.0,0.0,0.0,GPAB3188_jpg.rf.652a96859d459386ddd0760e01ffd599.jpg,train
yellowfin_segment.v18i.coco-segmentation/train\GPAB3190_jpg.rf.26f6a121f4430f3d59f86dedf34efe38.jpg,GPAB3190,0.2970485267599088,0.0053080044476621,0.0,0.0,0.0895735352577089,0.0842655308100468,0.0,0.0,0.1444731651953149,0.1444731651953149,0.0544243292499083,0.0544243292499083,0.0,0.0,0.0,0.0,0.0085774970569765,0.0085774970569765,GPAB3190_jpg.rf.26f6a121f4430f3d59f86dedf34efe38.jpg,train
yellowfin_segment.v18i.coco-segmentation/train\GPAB3191_jpg.rf.e826bca6abc790f4761354a9d8dccd08.jpg,GPAB3191,0.2060634924902491,0.0025791063578908,0.0196332791138474,0.0196332791138474,0.1272384741983742,0.1261083147854041,0.0,0.0,0.0294369559247431,0.0294369559247431,0.0182294617291727,0.0182294617291727,0.0009966911390508,0.0009966911390508,0.0014489469449208,0.0,0.0090796834401399,0.0090796834401399,GPAB3191_jpg.rf.e826bca6abc790f4761354a9d8dccd08.jpg,train
yellowfin_segment.v18i.coco-segmentation/train\GPAB3192_jpg.rf.1439ae1e342b14aff4b7668dcbeaf30e.jpg,GPAB3192,0.4357191827516741,0.0024101105578205,0.0148476253209479,0.0148476253209479,0.1267372480186202,0.1267372480186202,0.0,0.0,0.1993814369636063,0.1993814369636063,0.0932290296376384,0.0908189190798178,0.0,0.0,0.0,0.0,0.001523842810861,0.001523842810861,GPAB3192_jpg.rf.1439ae1e342b14aff4b7668dcbeaf30e.jpg,train
yellowfin_segment.v18i.coco-segmentation/train\GPAB3193_jpg.rf.26438fdc8ba83c1997cdc08912b8e571.jpg,GPAB3193,0.4761312636468909,0.0,0.0,0.0,0.051090503012158,0.051090503012158,0.0,0.0,0.2042861559792826,0.2042861559792826,0.2100022468759782,0.2100022468759782,0.0,0.0,0.0,0.0,0.010752357779472,0.010752357779472,GPAB3193_jpg.rf.26438fdc8ba83c1997cdc08912b8e571.jpg,train
yellowfin_segment.v18i.coco-segmentation/train\GPAB3196_jpg.rf.b987e9397cd4dc6740305db480e7d1a3.jpg,GPAB3196,0.0546413352204531,0.0,0.0,0.0,0.0337588314708587,0.0337588314708587,0.0,0.0,0.0142964685639005,0.0142964685639005,0.0024005085237256,0.0024005085237256,0.0,0.0,0.0,0.0,0.004185526661968,0.004185526661968,GPAB3196_jpg.rf.b987e9397cd4dc6740305db480e7d1a3.jpg,train
yellowfin_segment.v18i.coco-segmentation/train\GPAB3197_jpg.rf.61ef5ee307e4fe0e326bb6dfa6132654.jpg,GPAB3197,0.2022130768181931,0.0105593568941644,0.0,0.0,0.0295704241986622,0.0285017178038995,0.0127668645325825,0.0059282958501929,0.1529431194704286,0.1529431194704286,0.0069326686165197,0.0042805867995076,0.0,0.0,0.0,0.0,0.0,0.0,GPAB3197_jpg.rf.61ef5ee307e4fe0e326bb6dfa6132654.jpg,train
yellowfin_segment.v18i.coco-segmentation/train\GPAB3200_jpg.rf.195175530cb552d58d2e1d0d144f0c0f.jpg,GPAB3200,0.2030311701230788,0.0036151658367308,0.0,0.0,0.0338097222515617,0.0338097222515617,0.1418710139555963,0.1418710139555963,0.0142292543252362,0.0142292543252362,0.0131211795906844,0.0095060137539536,0.0,0.0,0.0,0.0,0.0,0.0,GPAB3200_jpg.rf.195175530cb552d58d2e1d0d144f0c0f.jpg,train
yellowfin_segment.v18i.coco-segmentation/train\GPAB3201_jpg.rf.64c5d806908d0ba5fcd43bc8fbac2fe3.jpg,GPAB3201,0.3529899773968117,0.0012069756857292,0.0,0.0,0.0267762322770455,0.0267762322770455,0.2812656633181173,0.2812656633181173,0.0427809027064293,0.0427809027064293,0.0009602034094902,0.0009602034094902,0.0012069756857292,0.0,0.0,0.0,0.0,0.0,GPAB3201_jpg.rf.64c5d806908d0ba5fcd43bc8fbac2fe3.jpg,train
yellowfin_segment.v18i.coco-segmentation/train\GPAB3202_jpg.rf.26fcceb9e7688f7eb1ddf902d85cb3e8.jpg,GPAB3202,0.0928987196647737,0.0,0.0,0.0,0.0040655012357817,0.0040655012357817,0.0756611480576045,0.0756611480576045,0.0110999514137074,0.0110999514137074,0.0011013533106853,0.0011013533106853,0.0009707656469946,0.0009707656469946,0.0,0.0,0.0,0.0,GPAB3202_jpg.rf.26fcceb9e7688f7eb1ddf902d85cb3e8.jpg,train
yellowfin_segment.v18i.coco-segmentation/train\GPAB3203_jpg.rf.f3c3a83f132b77b020cd73afb748d82e.jpg,GPAB3203,0.1161990155994645,0.0009803676810895,0.0,0.0,0.0049661720338836,0.0049661720338836,0.0917647194381657,0.0917647194381657,0.0184877564463255,0.0184877564463255,0.0009803676810895,0.0,0.0,0.0,0.0,0.0,0.0,0.0,GPAB3203_jpg.rf.f3c3a83f132b77b020cd73afb748d82e.jpg,train
yellowfin_segment.v18i.coco-segmentation/train\GPAB3205_jpg.rf.8246c4bca81e9d44ca242b4c3e16fa1b.jpg,GPAB3205,0.2729205354862374,0.0027826694807027,0.0,0.0,0.0079764097226356,0.0051937402419328,0.0215268002373622,0.0215268002373622,0.242231474315519,0.242231474315519,0.0011858512107204,0.0011858512107204,0.0,0.0,0.0,0.0,0.0,0.0,GPAB3205_jpg.rf.8246c4bca81e9d44ca242b4c3e16fa1b.jpg,train
yellowfin_segment.v18i.coco-segmentation/train\GPAB3206_jpg.rf.4e643a6937100e965b0d605f248af3bf.jpg,GPAB3206,0.998357091966362,0.0,0.0,0.0,0.0075414375781365,0.0075414375781365,0.9908156543882256,0.9908156543882256,0.0,0.0,0.0,0.0,0.0,0.0,0.0,0.0,0.0,0.0,GPAB3206_jpg.rf.4e643a6937100e965b0d605f248af3bf.jpg,train
yellowfin_segment.v18i.coco-segmentation/train\GPAB3208_jpg.rf.88ac674c1a1d170840701939258f0f75.jpg,GPAB3208,0.0360354737547602,0.0,0.0,0.0,0.004387169377961,0.004387169377961,0.0316483043767991,0.0316483043767991,0.0,0.0,0.0,0.0,0.0,0.0,0.0,0.0,0.0,0.0,GPAB3208_jpg.rf.88ac674c1a1d170840701939258f0f75.jpg,train
yellowfin_segment.v18i.coco-segmentation/train\GPAB3209_jpg.rf.f6dac21895ad4908531149409119db3c.jpg,GPAB3209,0.9870439753957478,0.0,0.0,0.0,0.0,0.0,0.9870439753957478,0.9870439753957478,0.0,0.0,0.0,0.0,0.0,0.0,0.0,0.0,0.0,0.0,GPAB3209_jpg.rf.f6dac21895ad4908531149409119db3c.jpg,train
yellowfin_segment.v18i.coco-segmentation/train\GPAB3210_jpg.rf.d299f498373d90b3cc0570fb8429706d.jpg,GPAB3210,0.1107095327074087,0.0066071596607025,0.0,0.0,0.0457978618190477,0.0391907021583452,0.059377058436059,0.059377058436059,0.0,0.0,0.0012597868732512,0.0012597868732512,0.0042748255790506,0.0042748255790506,0.0,0.0,0.0,0.0,GPAB3210_jpg.rf.d299f498373d90b3cc0570fb8429706d.jpg,train
yellowfin_segment.v18i.coco-segmentation/train\GPAB3211_jpg.rf.2bbee665257083af1512a10f8e4cb798.jpg,GPAB3211,0.0246695459966239,0.0,0.0,0.0,0.0,0.0,0.0,0.0,0.0246695459966239,0.0246695459966239,0.0,0.0,0.0,0.0,0.0,0.0,0.0,0.0,GPAB3211_jpg.rf.2bbee665257083af1512a10f8e4cb798.jpg,train
yellowfin_segment.v18i.coco-segmentation/train\GPAB3213_jpg.rf.aad7bced0969440a4a59c024517dbe40.jpg,GPAB3213,0.0060713661582069,0.0,0.0,0.0,0.0044889509393669,0.0044889509393669,0.0,0.0,0.0,0.0,0.0,0.0,0.0015824152188399,0.0015824152188399,0.0,0.0,0.0,0.0,GPAB3213_jpg.rf.aad7bced0969440a4a59c024517dbe40.jpg,train
yellowfin_segment.v18i.coco-segmentation/train\GPAB3214_jpg.rf.a9331ffc6e7ef157654776be1e3f6aa5.jpg,GPAB3214,0.0012953143994023,0.0,0.0,0.0,0.0,0.0,0.0,0.0,0.0,0.0,0.0,0.0,0.0012953143994023,0.0012953143994023,0.0,0.0,0.0,0.0,GPAB3214_jpg.rf.a9331ffc6e7ef157654776be1e3f6aa5.jpg,train
yellowfin_segment.v18i.coco-segmentation/train\GPAB3217_jpg.rf.2f1ef4bd35e7cb3d66255acbcc57cad6.jpg,GPAB3217,0.0028950132796131,0.0,0.0,0.0,0.0,0.0,0.0,0.0,0.0,0.0,0.001083109445905,0.001083109445905,0.0018119038337081,0.0018119038337081,0.0,0.0,0.0,0.0,GPAB3217_jpg.rf.2f1ef4bd35e7cb3d66255acbcc57cad6.jpg,train
yellowfin_segment.v18i.coco-segmentation/train\GPAB3218_jpg.rf.d9d14010d4157d4108be2e17946d432c.jpg,GPAB3218,0.0626945612158479,0.0287628931312809,0.0017408487814058,0.0,0.0231188174902971,0.0231188174902971,0.0,0.0,0.0,0.0,0.0083489686455178,0.0025474196453776,0.0082654309488922,0.0082654309488922,0.0212204953497348,0.0,0.0,0.0,GPAB3218_jpg.rf.d9d14010d4157d4108be2e17946d432c.jpg,train
yellowfin_segment.v18i.coco-segmentation/train\GPAB3219_jpg.rf.ff338c196dc32a1235219d6a9764c2bc.jpg,GPAB3219,0.1467661309371777,0.0266475650201738,0.0,0.0,0.0916571766563028,0.0822414220228413,0.0,0.0,0.0,0.0,0.0551089542808748,0.0378771438941625,0.0,0.0,0.0,0.0,0.0,0.0,GPAB3219_jpg.rf.ff338c196dc32a1235219d6a9764c2bc.jpg,train
yellowfin_segment.v18i.coco-segmentation/train\GPAB3221_jpg.rf.8d374c772359fb68a5172ca00d2a6e6e.jpg,GPAB3221,0.2359930327640607,0.0305123837433721,0.0,0.0,0.1993084615044851,0.1687960777611129,0.0125767442575035,0.0125767442575035,0.0,0.0,0.0084555512239712,0.0084555512239712,0.0031609896240419,0.0031609896240419,0.0,0.0,0.0124912861540588,0.0124912861540588,GPAB3221_jpg.rf.8d374c772359fb68a5172ca00d2a6e6e.jpg,train
yellowfin_segment.v18i.coco-segmentation/train\GPAB3223_jpg.rf.665c44ab9c7d66a0223d88910b91bfc1.jpg,GPAB3223,0.1861988043547145,0.1478473199762637,0.0,0.0,0.1800189352112351,0.0321716152349713,0.0,0.0,0.0,0.0,0.0,0.0,0.0061798691434793,0.0061798691434793,0.0,0.0,0.0,0.0,GPAB3223_jpg.rf.665c44ab9c7d66a0223d88910b91bfc1.jpg,train
yellowfin_segment.v18i.coco-segmentation/train\GPAB3224_jpg.rf.3496e1b9cc1114642afead4714dc1e93.jpg,GPAB3224,0.3108495303645124,0.0185664931259037,0.0,0.0,0.1832106513443808,0.1832106513443808,0.0,0.0,0.0,0.0,0.1276388790201316,0.1090723858942278,0.0,0.0,0.0,0.0,0.0,0.0,GPAB3224_jpg.rf.3496e1b9cc1114642afead4714dc1e93.jpg,train
yellowfin_segment.v18i.coco-segmentation/train\GPAB3225_jpg.rf.83718ce0f906ef09e77f85fef62d54c7.jpg,GPAB3225,0.0027749878534268,0.0,0.0,0.0,0.0,0.0,0.0,0.0,0.0,0.0,0.0027749878534268,0.0027749878534268,0.0,0.0,0.0,0.0,0.0,0.0,GPAB3225_jpg.rf.83718ce0f906ef09e77f85fef62d54c7.jpg,train
yellowfin_segment.v18i.coco-segmentation/train\GPAB3226_jpg.rf.c75bfba17fbb447344c44f31fb1f214a.jpg,GPAB3226,0.0158836847997879,0.0014892754881194,0.0,0.0,0.0069422706506146,0.0069422706506146,0.0,0.0,0.0,0.0,0.0074521386610539,0.0074521386610539,0.0,0.0,0.0,0.0,0.0014892754881194,0.0,GPAB3226_jpg.rf.c75bfba17fbb447344c44f31fb1f214a.jpg,train
yellowfin_segment.v18i.coco-segmentation/train\GPAB3227_jpg.rf.2b959500f6e4dec0055fc1e6488e6c59.jpg,GPAB3227,0.2923780973761481,0.0397399385085736,0.0,0.0,0.2410485037150269,0.2013085652064533,0.0,0.0,0.0155082452666772,0.0155082452666772,0.0329849075228096,0.0329849075228096,0.0028364408716342,0.0028364408716342,0.0,0.0,0.0,0.0,GPAB3227_jpg.rf.2b959500f6e4dec0055fc1e6488e6c59.jpg,train
yellowfin_segment.v18i.coco-segmentation/train\GPAB3228_jpg.rf.92aef0621bb3c3054cd3952cab4294ff.jpg,GPAB3228,0.1917295759933784,0.0054453135352193,0.0,0.0,0.1634381427361572,0.1634381427361572,0.0,0.0,0.0080407433510714,0.0080407433510714,0.0148053763709304,0.0148053763709304,0.0,0.0,0.0054453135352193,0.0,0.0,0.0,GPAB3228_jpg.rf.92aef0621bb3c3054cd3952cab4294ff.jpg,train
yellowfin_segment.v18i.coco-segmentation/train\GPAB3256_jpg.rf.7d206d4c2dfb923b428f093deabfd85f.jpg,GPAB3256,0.9987930243142707,0.0,0.0,0.0,0.0,0.0,0.9987930243142707,0.9987930243142707,0.0,0.0,0.0,0.0,0.0,0.0,0.0,0.0,0.0,0.0,GPAB3256_jpg.rf.7d206d4c2dfb923b428f093deabfd85f.jpg,train
yellowfin_segment.v18i.coco-segmentation/train\GPAB3257_jpg.rf.3ee28745ceb92561a0b0b7379c7e81aa.jpg,GPAB3257,0.9993211361894904,0.0,0.0,0.0,0.0,0.0,0.9993211361894904,0.9993211361894904,0.0,0.0,0.0,0.0,0.0,0.0,0.0,0.0,0.0,0.0,GPAB3257_jpg.rf.3ee28745ceb92561a0b0b7379c7e81aa.jpg,train
yellowfin_segment.v18i.coco-segmentation/train\GPAB3258_jpg.rf.c7ef61abe1c7481746e6bde8d974d808.jpg,GPAB3258,0.331605287264054,0.0,0.0,0.0,0.0,0.0,0.3286747464582897,0.3286747464582897,0.0029305408057642,0.0029305408057642,0.0,0.0,0.0,0.0,0.0,0.0,0.0,0.0,GPAB3258_jpg.rf.c7ef61abe1c7481746e6bde8d974d808.jpg,train
yellowfin_segment.v18i.coco-segmentation/train\GPAB3260_jpg.rf.2a852c74755eedf1b0bbf6519188576e.jpg,GPAB3260,0.9985395306141652,0.0,0.0,0.0,0.0,0.0,0.9985395306141652,0.9985395306141652,0.0,0.0,0.0,0.0,0.0,0.0,0.0,0.0,0.0,0.0,GPAB3260_jpg.rf.2a852c74755eedf1b0bbf6519188576e.jpg,train
yellowfin_segment.v18i.coco-segmentation/train\GPAB3262_jpg.rf.77bd56029fdd05e1a937a6123d894b5b.jpg,GPAB3262,0.9963704311121268,0.0,0.0,0.0,0.0,0.0,0.9963704311121268,0.9963704311121268,0.0,0.0,0.0,0.0,0.0,0.0,0.0,0.0,0.0,0.0,GPAB3262_jpg.rf.77bd56029fdd05e1a937a6123d894b5b.jpg,train
yellowfin_segment.v18i.coco-segmentation/train\GPAB3263_jpg.rf.d701924d1f6c7c918723e49532d90267.jpg,GPAB3263,0.9764327675174708,0.0,0.0,0.0,0.0,0.0,0.0,0.0,0.9764327675174708,0.9764327675174708,0.0,0.0,0.0,0.0,0.0,0.0,0.0,0.0,GPAB3263_jpg.rf.d701924d1f6c7c918723e49532d90267.jpg,train
yellowfin_segment.v18i.coco-segmentation/train\GPAB3264_jpg.rf.7edd339bc280e2edab14e6c55b7b5448.jpg,GPAB3264,0.9991963097462566,0.0,0.0037966442811245,0.0037966442811245,0.0,0.0,0.995399665465132,0.995399665465132,0.0,0.0,0.0,0.0,0.0,0.0,0.0,0.0,0.0,0.0,GPAB3264_jpg.rf.7edd339bc280e2edab14e6c55b7b5448.jpg,train
yellowfin_segment.v18i.coco-segmentation/train\GPAB3265_jpg.rf.8995466d2b3f0f2c217c0f02097fd53f.jpg,GPAB3265,0.999253921950826,0.0,0.0,0.0,0.0,0.0,0.9779412470737802,0.9779412470737802,0.0213126748770459,0.0213126748770459,0.0,0.0,0.0,0.0,0.0,0.0,0.0,0.0,GPAB3265_jpg.rf.8995466d2b3f0f2c217c0f02097fd53f.jpg,train
yellowfin_segment.v18i.coco-segmentation/train\GPAB3267_jpg.rf.e3a20dea0057ae4369291cfe9aaf4c33.jpg,GPAB3267,0.9972547784522672,0.0,0.0,0.0,0.0,0.0,0.0,0.0,0.9972547784522672,0.9972547784522672,0.0,0.0,0.0,0.0,0.0,0.0,0.0,0.0,GPAB3267_jpg.rf.e3a20dea0057ae4369291cfe9aaf4c33.jpg,train
yellowfin_segment.v18i.coco-segmentation/train\GPAB3268_jpg.rf.29fefe45e6a87e115961b6cbdb159bec.jpg,GPAB3268,0.0060079927331805,0.0009755666640421,0.0,0.0,0.0017850181382424,0.0017850181382424,0.0016208233552195,0.0016208233552195,0.0,0.0,0.0016265845756765,0.0016265845756765,0.0009755666640421,0.0,0.0,0.0,0.0,0.0,GPAB3268_jpg.rf.29fefe45e6a87e115961b6cbdb159bec.jpg,train
yellowfin_segment.v18i.coco-segmentation/train\GPAB3269_jpg.rf.c2d884cd6974e828bacc14f4aaf2636f.jpg,GPAB3269,0.9992174342212654,0.0,0.0,0.0,0.0,0.0,0.9992174342212654,0.9992174342212654,0.0,0.0,0.0,0.0,0.0,0.0,0.0,0.0,0.0,0.0,GPAB3269_jpg.rf.c2d884cd6974e828bacc14f4aaf2636f.jpg,train
yellowfin_segment.v18i.coco-segmentation/train\GPAB3271_jpg.rf.21bf1e78667a608bb741f6939825a79c.jpg,GPAB3271,0.998240907353814,0.0,0.0,0.0,0.0,0.0,0.0,0.0,0.998240907353814,0.998240907353814,0.0,0.0,0.0,0.0,0.0,0.0,0.0,0.0,GPAB3271_jpg.rf.21bf1e78667a608bb741f6939825a79c.jpg,train
yellowfin_segment.v18i.coco-segmentation/train\GPAB3272_jpg.rf.2b8771d36365460b06cf19eab013370a.jpg,GPAB3272,0.5326085077862894,0.0092121915106496,0.0,0.0,0.0,0.0,0.2863230546759025,0.2863230546759025,0.2370732615997373,0.2370732615997373,0.0,0.0,0.0,0.0,0.0092121915106496,0.0,0.0,0.0,GPAB3272_jpg.rf.2b8771d36365460b06cf19eab013370a.jpg,train
yellowfin_segment.v18i.coco-segmentation/train\GPAB3273_jpg.rf.7792a8041112c3f484a16677ed8557f4.jpg,GPAB3273,0.7724951653758332,0.0,0.0,0.0,0.0086888806524774,0.0086888806524774,0.0756985959905746,0.0756985959905746,0.6881076887327812,0.6881076887327812,0.0,0.0,0.0,0.0,0.0,0.0,0.0,0.0,GPAB3273_jpg.rf.7792a8041112c3f484a16677ed8557f4.jpg,train
yellowfin_segment.v18i.coco-segmentation/train\GPAB3274_jpg.rf.6f8cbaf27e8d238f2d942b271ee4af69.jpg,GPAB3274,0.8292508685039839,0.0,0.0,0.0,0.0,0.0,0.3276108410805745,0.3276108410805745,0.5016400274234094,0.5016400274234094,0.0,0.0,0.0,0.0,0.0,0.0,0.0,0.0,GPAB3274_jpg.rf.6f8cbaf27e8d238f2d942b271ee4af69.jpg,train
yellowfin_segment.v18i.coco-segmentation/train\GPAB3275_jpg.rf.1d25169dab7666cefd953b8af141cd76.jpg,GPAB3275,0.7367362302030062,0.0,0.0,0.0,0.0,0.0,0.7046606353089838,0.7046606353089838,0.0320755948940223,0.0320755948940223,0.0,0.0,0.0,0.0,0.0,0.0,0.0,0.0,GPAB3275_jpg.rf.1d25169dab7666cefd953b8af141cd76.jpg,train
yellowfin_segment.v18i.coco-segmentation/train\GPAB3277_jpg.rf.723ca0b955fa1ca90899447e24f64111.jpg,GPAB3277,0.9844879139196848,0.0,0.0,0.0,0.0,0.0,0.9844879139196848,0.9844879139196848,0.0,0.0,0.0,0.0,0.0,0.0,0.0,0.0,0.0,0.0,GPAB3277_jpg.rf.723ca0b955fa1ca90899447e24f64111.jpg,train
yellowfin_segment.v18i.coco-segmentation/train\GPAB3278_jpg.rf.67e2d52633a3ffb9fbefaa6b690632d9.jpg,GPAB3278,0.9214985702571232,0.0,0.0,0.0,0.0,0.0,0.9200044937519564,0.9200044937519564,0.0,0.0,0.0,0.0,0.0014940765051668,0.0014940765051668,0.0,0.0,0.0,0.0,GPAB3278_jpg.rf.67e2d52633a3ffb9fbefaa6b690632d9.jpg,train
yellowfin_segment.v18i.coco-segmentation/train\GPAB3280_jpg.rf.9dcf0019e869d86acfed8f793c0121c8.jpg,GPAB3280,0.3085632860465161,0.0078496628725829,0.002068278144042,0.0,0.0,0.0,0.2697921927781181,0.2640108080495772,0.0367028151243559,0.0367028151243559,0.0,0.0,0.0,0.0,0.0,0.0,0.0,0.0,GPAB3280_jpg.rf.9dcf0019e869d86acfed8f793c0121c8.jpg,train
yellowfin_segment.v18i.coco-segmentation/train\GPAB3281_jpg.rf.55f02dc1fe6c46a6329e2a014ae50f24.jpg,GPAB3281,0.4003184034505869,0.1306327932509222,0.0019453721076272,0.0,0.0,0.0,0.2543540423603336,0.1256666212170386,0.1261323198706413,0.1261323198706413,0.0,0.0,0.0178866691119846,0.0178866691119846,0.0,0.0,0.0,0.0,GPAB3281_jpg.rf.55f02dc1fe6c46a6329e2a014ae50f24.jpg,train
yellowfin_segment.v18i.coco-segmentation/train\GPAB3288_jpg.rf.7a58e4d38c7055a146449a1c5f7d18bb.jpg,GPAB3288,0.0479496776597154,0.0,0.0,0.0,0.0,0.0,0.0070863011620381,0.0070863011620381,0.0408633764976772,0.0408633764976772,0.0,0.0,0.0,0.0,0.0,0.0,0.0,0.0,GPAB3288_jpg.rf.7a58e4d38c7055a146449a1c5f7d18bb.jpg,train
yellowfin_segment.v18i.coco-segmentation/train\GPAB3405_jpg.rf.0a744a0303d7a1212bd37f5aef217427.jpg,GPAB3405,0.2967374208552339,0.0,0.0,0.0,0.0,0.0,0.2967374208552339,0.2967374208552339,0.0,0.0,0.0,0.0,0.0,0.0,0.0,0.0,0.0,0.0,GPAB3405_jpg.rf.0a744a0303d7a1212bd37f5aef217427.jpg,train
yellowfin_segment.v18i.coco-segmentation/train\GPAB3412_jpg.rf.aabe456f2f3adad085609422103a52ae.jpg,GPAB3412,0.9426710554363836,0.0,0.0,0.0,0.0,0.0,0.9426710554363836,0.9426710554363836,0.0,0.0,0.0,0.0,0.0,0.0,0.0,0.0,0.0,0.0,GPAB3412_jpg.rf.aabe456f2f3adad085609422103a52ae.jpg,train
yellowfin_segment.v18i.coco-segmentation/train\GPAB3413_jpg.rf.d71936d8b4efe613f0112d09b364d35d.jpg,GPAB3413,0.9956080296049916,0.0,0.0,0.0,0.0,0.0,0.0,0.0,0.9956080296049916,0.9956080296049916,0.0,0.0,0.0,0.0,0.0,0.0,0.0,0.0,GPAB3413_jpg.rf.d71936d8b4efe613f0112d09b364d35d.jpg,train
yellowfin_segment.v18i.coco-segmentation/train\GPAB3414_jpg.rf.79f5f83a7d2e3362e7ffb0a7840a4535.jpg,GPAB3414,0.996695940067944,0.0,0.0063805516560628,0.0063805516560628,0.0,0.0,0.983824413363727,0.983824413363727,0.0,0.0,0.0064909750481542,0.0064909750481542,0.0,0.0,0.0,0.0,0.0,0.0,GPAB3414_jpg.rf.79f5f83a7d2e3362e7ffb0a7840a4535.jpg,train
yellowfin_segment.v18i.coco-segmentation/train\GPAB3415_jpg.rf.90f875249c32b02ae81d4b3bce2a27ef.jpg,GPAB3415,0.2173401213313028,0.0,0.0571321028646708,0.0571321028646708,0.0,0.0,0.1496889901156661,0.1496889901156661,0.0,0.0,0.0043622040893142,0.0043622040893142,0.0061568242616515,0.0061568242616515,0.0,0.0,0.0,0.0,GPAB3415_jpg.rf.90f875249c32b02ae81d4b3bce2a27ef.jpg,train
yellowfin_segment.v18i.coco-segmentation/train\GPAB3481_jpg.rf.e4fc253b7043c340198c9e586f1f566a.jpg,GPAB3481,0.6529219949954198,0.0,0.0,0.0,0.0,0.0,0.5036593351935674,0.5036593351935674,0.1470743562316241,0.1470743562316241,0.0021883035702283,0.0021883035702283,0.0,0.0,0.0,0.0,0.0,0.0,GPAB3481_jpg.rf.e4fc253b7043c340198c9e586f1f566a.jpg,train
yellowfin_segment.v18i.coco-segmentation/train\GPAB3586_jpg.rf.c59c039c860f1f9b98ea9f314e7dca24.jpg,GPAB3586,0.2274865907593864,0.1914002262239232,0.0041307950676271,0.0041307950676271,0.2148291894154858,0.031955569467836,0.0,0.0,0.0,0.0,0.0085266062762735,0.0,0.0,0.0,0.0,0.0,0.0,0.0,GPAB3586_jpg.rf.c59c039c860f1f9b98ea9f314e7dca24.jpg,train
yellowfin_segment.v18i.coco-segmentation/train\GPAB3587_jpg.rf.25c7a80ed8216118dd3cb579f5aa563d.jpg,GPAB3587,0.4204308240657701,0.3384515375737196,0.0,0.0,0.3817941592747007,0.0674562099235102,0.0,0.0,0.0,0.0,0.0063863128765197,0.0063863128765197,0.0048125394883652,0.0048125394883652,0.0274378124261843,0.0033242242036553,0.0,0.0,GPAB3587_jpg.rf.25c7a80ed8216118dd3cb579f5aa563d.jpg,train
yellowfin_segment.v18i.coco-segmentation/train\GPAB3590_jpg.rf.a50fd703628d75dc3f8bdc270e10fd2a.jpg,GPAB3590,0.2223322188572427,0.1648774876469831,0.0091929874424598,0.0091929874424598,0.2076449475056796,0.0482617437677997,0.0,0.0,0.0,0.0,0.0,0.0,0.0054942839091033,0.0,0.0,0.0,0.0,0.0,GPAB3590_jpg.rf.a50fd703628d75dc3f8bdc270e10fd2a.jpg,train
yellowfin_segment.v18i.coco-segmentation/train\GPAB3591_jpg.rf.9e62f22fe7bdeccd173ff1e1d01228c6.jpg,GPAB3591,0.21766563028712,0.1113298241099394,0.0484048140758138,0.0484048140758138,0.1579227343520451,0.0579309921013667,0.0,0.0,0.0,0.0,0.0,0.0,0.0,0.0,0.011338081859261,0.0,0.0,0.0,GPAB3591_jpg.rf.9e62f22fe7bdeccd173ff1e1d01228c6.jpg,train
yellowfin_segment.v18i.coco-segmentation/train\GPAB3596_jpg.rf.622852fcf571639a210332332c8070c8.jpg,GPAB3596,0.4800364109132878,0.4010577600758945,0.0409939641613679,0.0,0.4324036003787042,0.0777937598300824,0.0,0.0,0.0,0.0,0.0,0.0,0.0066388463732157,0.0011848910073109,0.0,0.0,0.0,0.0,GPAB3596_jpg.rf.622852fcf571639a210332332c8070c8.jpg,train
yellowfin_segment.v18i.coco-segmentation/train\GPAB3605_jpg.rf.5ac2aa8438d68ded3aa8d984a7d541ea.jpg,GPAB3605,0.5510405724348646,0.2112773970037813,0.0126468391063963,0.0022612790293495,0.4024971049867203,0.2016052680599858,0.0,0.0,0.0,0.0,0.0,0.0,0.0,0.0,0.0,0.0,0.1358966283417479,0.1358966283417479,GPAB3605_jpg.rf.5ac2aa8438d68ded3aa8d984a7d541ea.jpg,train
yellowfin_segment.v18i.coco-segmentation/train\GPAB3605_jpg.rf.f4da4dd3d31a95d97b751dc27409bdec.jpg,GPAB3605,0.5482319774621056,0.1996378112739402,0.0124884055438304,0.0022401545543407,0.3997893313719578,0.2103997710875071,0.0,0.0,0.0,0.0,0.0,0.0,0.0,0.0,0.0,0.0,0.1359542405463173,0.1359542405463173,GPAB3605_jpg.rf.f4da4dd3d31a95d97b751dc27409bdec.jpg,train
yellowfin_segment.v18i.coco-segmentation/train\GPAB3663_jpg.rf.e62d33ea7902a680b354db04cec4a201.jpg,GPAB3663,0.4437580056959266,0.3207636305674994,0.0,0.0,0.4408140220424295,0.12005039147493,0.0,0.0,0.0,0.0,0.0,0.0,0.0,0.0,0.0029439836534971,0.0029439836534971,0.0,0.0,GPAB3663_jpg.rf.e62d33ea7902a680b354db04cec4a201.jpg,train
yellowfin_segment.v18i.coco-segmentation/train\GPAB3676_jpg.rf.cf29c1b5e8ed14be8d55b94129a9427f.jpg,GPAB3676,0.5729188071201003,0.2725258918849369,0.0,0.0,0.5692297056208387,0.2967038137359018,0.0,0.0,0.0,0.0,0.0,0.0,0.0036891014992616,0.0036891014992616,0.0,0.0,0.0,0.0,GPAB3676_jpg.rf.cf29c1b5e8ed14be8d55b94129a9427f.jpg,train
yellowfin_segment.v18i.coco-segmentation/train\GPAB3709_jpg.rf.a45e2057dad709053cf0cfe214794ee1.jpg,GPAB3709,0.5771648265968663,0.2186008684079635,0.0,0.0,0.360166537679342,0.1415656692713784,0.2144479886619181,0.2144479886619181,0.0,0.0,0.0,0.0,0.0025503002556061,0.0025503002556061,0.0,0.0,0.0,0.0,GPAB3709_jpg.rf.a45e2057dad709053cf0cfe214794ee1.jpg,train
yellowfin_segment.v18i.coco-segmentation/train\GPAB3732_jpg.rf.17cb4bb5e9fdf6d4fc4f7156adfc86f8.jpg,GPAB3732,0.2285965859007572,0.0,0.0,0.0,0.0,0.0,0.0506315257824217,0.0506315257824217,0.1595886872675107,0.1595886872675107,0.008827149943444,0.008827149943444,0.0095492229073807,0.0095492229073807,0.0,0.0,0.0,0.0,GPAB3732_jpg.rf.17cb4bb5e9fdf6d4fc4f7156adfc86f8.jpg,train
yellowfin_segment.v18i.coco-segmentation/train\GPAB4073_jpg.rf.6886e5e5c27978f16dcfe556ec6fc71c.jpg,GPAB4073,0.2647011943010007,0.0432782880725452,0.1522921015587942,0.1400014979173188,0.0818486988283598,0.0744676152196081,0.0,0.0,0.0051390086475919,0.0051390086475919,0.0076038507997534,0.0018147844439366,0.0018973619371527,0.0,0.0,0.0,0.0159201725293486,0.0,GPAB4073_jpg.rf.6886e5e5c27978f16dcfe556ec6fc71c.jpg,train
yellowfin_segment.v18i.coco-segmentation/train\GPAB4076_jpg.rf.c94e7dec6537b171e7a7ec59e4ff64dd.jpg,GPAB4076,0.266104051482266,0.0242989074805606,0.1803511655909188,0.1667277996170708,0.0126996502939182,0.0126996502939182,0.0,0.0,0.0537166593371139,0.0537166593371139,0.0,0.0,0.0039349135720911,0.0039349135720911,0.0,0.0,0.0154016626882238,0.004726121181511,GPAB4076_jpg.rf.c94e7dec6537b171e7a7ec59e4ff64dd.jpg,train
yellowfin_segment.v18i.coco-segmentation/train\GPAB4077_jpg.rf.c9ad90251943ebe0b020904f23bbbbbd.jpg,GPAB4077,0.1969223560319018,0.0587462047960239,0.0290989643246025,0.0101272653598938,0.0111806085001046,0.0098804930836548,0.0327899862306831,0.0075145518826708,0.0909130190139479,0.0909130190139479,0.0024235534055534,0.0009746064606326,0.0049085598293142,0.0049085598293142,0.0,0.0,0.0256076647276959,0.0138576556057635,GPAB4077_jpg.rf.c9ad90251943ebe0b020904f23bbbbbd.jpg,train
yellowfin_segment.v18i.coco-segmentation/train\GPAB4093_jpg.rf.24dd5cf3a470f49ab60fa436ea11fdfa.jpg,GPAB4093,0.4047420605581086,0.2658582394094365,0.1971124763069808,0.0336522488924053,0.0022728014702634,0.0022728014702634,0.0,0.0,0.033487093905973,0.033487093905973,0.0,0.0,0.0,0.0,0.0,0.0,0.1718696888748912,0.0694716768800302,GPAB4093_jpg.rf.24dd5cf3a470f49ab60fa436ea11fdfa.jpg,train
yellowfin_segment.v18i.coco-segmentation/train\GPAB4096_jpg.rf.39c6815800f20b8678d0f61c3e1d2ad6.jpg,GPAB4096,0.3111318301669025,0.0961259633240705,0.2248383497560123,0.138991363930535,0.0098814532870643,0.0085352481069589,0.0,0.0,0.0015507285063267,0.0015507285063267,0.0012204185334621,0.0012204185334621,0.0,0.0,0.0,0.0,0.073640880084037,0.064708107765549,GPAB4096_jpg.rf.39c6815800f20b8678d0f61c3e1d2ad6.jpg,train
yellowfin_segment.v18i.coco-segmentation/train\GPAB4102_jpg.rf.f6eb7ddcb156cec380829d721e732203.jpg,GPAB4102,0.3573320172145267,0.040639649103266,0.1992047595362601,0.1992047595362601,0.0873084154147214,0.0607808758207338,0.0,0.0,0.0,0.0,0.0056488766580312,0.0030419244012651,0.0011003931072758,0.0011003931072758,0.0,0.0,0.064069572498238,0.0525644152457256,GPAB4102_jpg.rf.f6eb7ddcb156cec380829d721e732203.jpg,train
yellowfin_segment.v18i.coco-segmentation/train\GPAB4356_jpg.rf.a4c2fab051c83d8f922555d153eea266.jpg,GPAB4356,0.6046035992264601,0.0360162696865704,0.0536119971654795,0.0536119971654795,0.2964099914925978,0.2603937218060274,0.0,0.0,0.0119554926515633,0.0119554926515633,0.0,0.0,0.0066234831186638,0.0066234831186638,0.0,0.0,0.2360026347981556,0.2360026347981556,GPAB4356_jpg.rf.a4c2fab051c83d8f922555d153eea266.jpg,train
yellowfin_segment.v18i.coco-segmentation/train\GPAB4410_jpg.rf.9548ace7ba62af809617e4b4a701449f.jpg,GPAB4410,0.4317957916204968,0.0025435788317397,0.0,0.0,0.0165615884068881,0.0165615884068881,0.0625553317214718,0.0625553317214718,0.0,0.0,0.008425784918277,0.0058822060865373,0.0,0.0,0.0,0.0,0.3442530865738598,0.3442530865738598,GPAB4410_jpg.rf.9548ace7ba62af809617e4b4a701449f.jpg,train
yellowfin_segment.v18i.coco-segmentation/train\GPAB4414_jpg.rf.41fc0520b81a5365ed2cebcb322ec768.jpg,GPAB4414,0.4928061560560989,0.3344839770857058,0.0,0.0,0.170110596228705,0.109889518995704,0.0055711001818625,0.0055711001818625,0.0,0.0,0.0478680603699087,0.0428615597928265,0.0,0.0,0.0,0.0,0.2692563992756225,0.0,GPAB4414_jpg.rf.41fc0520b81a5365ed2cebcb322ec768.jpg,train
yellowfin_segment.v18i.coco-segmentation/train\GPAB4429_jpg.rf.9c5778f2144405c14429452fd5c16a8c.jpg,GPAB4429,0.267827616602301,0.0887026307653013,0.0973146951450195,0.0973146951450195,0.1619248621628005,0.0732222313974992,0.0,0.0,0.0,0.0,0.0085880592944809,0.0085880592944809,0.0,0.0,0.0,0.0,0.0,0.0,GPAB4429_jpg.rf.9c5778f2144405c14429452fd5c16a8c.jpg,train
yellowfin_segment.v18i.coco-segmentation/train\GPAB4446_jpg.rf.d76aab185399ee99678d32ea3165905d.jpg,GPAB4446,0.1652231608743996,0.144618155910148,0.0,0.0,0.144618155910148,0.0,0.0,0.0,0.0,0.0,0.0184445472928985,0.0184445472928985,0.0,0.0,0.002160457671353,0.002160457671353,0.0,0.0,GPAB4446_jpg.rf.d76aab185399ee99678d32ea3165905d.jpg,train
yellowfin_segment.v18i.coco-segmentation/train\GPAB4448_jpg.rf.ee36154d05bad5ec4095003019f0d7da.jpg,GPAB4448,0.5529292925413319,0.454374014591251,0.0,0.0,0.5487130393702602,0.0943390247790091,0.0,0.0,0.0,0.0,0.0,0.0,0.0,0.0,0.0042162531710717,0.0042162531710717,0.0,0.0,GPAB4448_jpg.rf.ee36154d05bad5ec4095003019f0d7da.jpg,train
yellowfin_segment.v18i.coco-segmentation/train\GPAB4451_jpg.rf.411bce69ce7f9a897fa647a01fb3860d.jpg,GPAB4451,0.2612338997893313,0.0859737326755299,0.0,0.0,0.2366709363711608,0.1666020129704276,0.0,0.0,0.0,0.0,0.0,0.0,0.0,0.0,0.0245629634181705,0.0086581541433737,0.0,0.0,GPAB4451_jpg.rf.411bce69ce7f9a897fa647a01fb3860d.jpg,train
yellowfin_segment.v18i.coco-segmentation/train\GPAB4454_jpg.rf.5c968bee42f968821b240683bc03bef8.jpg,GPAB4454,0.2622641980477144,0.0037515147208784,0.0104364508577497,0.0104364508577497,0.1676774407890567,0.1639259260681783,0.0,0.0,0.0,0.0,0.0209458771746206,0.0209458771746206,0.0,0.0,0.0,0.0,0.0632044292262873,0.0632044292262873,GPAB4454_jpg.rf.5c968bee42f968821b240683bc03bef8.jpg,train
yellowfin_segment.v18i.coco-segmentation/train\GPAB4456_jpg.rf.4095bf134e113d9e917e6244502d5524.jpg,GPAB4456,0.1450617698853325,0.0185501696679424,0.0,0.0,0.07077179229648,0.07077179229648,0.0,0.0,0.0,0.0,0.0742899775888524,0.0557398079209099,0.0,0.0,0.0,0.0,0.0,0.0,GPAB4456_jpg.rf.4095bf134e113d9e917e6244502d5524.jpg,train
yellowfin_segment.v18i.coco-segmentation/train\GPAB4457_jpg.rf.1312e0f6c664f6ad040e3d483a8fbc3f.jpg,GPAB4457,0.2291419814373476,0.0072524163518799,0.0,0.0,0.0980761364487453,0.0921247957167246,0.0052091034964846,0.0052091034964846,0.049267076737536,0.049267076737536,0.0591667738893807,0.0578656982695214,0.0012540256527942,0.0012540256527942,0.0053627360420031,0.0053627360420031,0.0108061291704034,0.0108061291704034,GPAB4457_jpg.rf.1312e0f6c664f6ad040e3d483a8fbc3f.jpg,train
yellowfin_segment.v18i.coco-segmentation/train\GPAB4462_jpg.rf.01068273795b1b0956583030599c0dee.jpg,GPAB4462,0.5029036551102986,0.0118969202435844,0.0,0.0,0.0172615766924065,0.0172615766924065,0.0,0.0,0.0,0.0,0.0870789267998532,0.0751820065562688,0.0,0.0,0.0,0.0,0.3985631516180388,0.3985631516180388,GPAB4462_jpg.rf.01068273795b1b0956583030599c0dee.jpg,train
yellowfin_segment.v18i.coco-segmentation/train\GPAB4479_jpg.rf.e9535a9e7200ff32640d39823eb08211.jpg,GPAB4479,0.3267466580120333,0.0021748607224954,0.3118356592660589,0.3096607985435635,0.0020922832292792,0.0020922832292792,0.0,0.0,0.0,0.0,0.0089078070298412,0.0089078070298412,0.0,0.0,0.0039109084868538,0.0039109084868538,0.0,0.0,GPAB4479_jpg.rf.e9535a9e7200ff32640d39823eb08211.jpg,train
yellowfin_segment.v18i.coco-segmentation/train\GPAB4488_jpg.rf.94af4e778abfecc91782b790f52d8f89.jpg,GPAB4488,0.2864056321691187,0.1822686917996708,0.0,0.0,0.1968983509466645,0.0146296591469937,0.0,0.0,0.0,0.0,0.074224683757007,0.074224683757007,0.0,0.0,0.015282597465447,0.015282597465447,0.0,0.0,GPAB4488_jpg.rf.94af4e778abfecc91782b790f52d8f89.jpg,train
yellowfin_segment.v18i.coco-segmentation/train\GPAB4491_jpg.rf.12a0aec71fbb0323e170546f88ad9e24.jpg,GPAB4491,0.1578939282497604,0.0017888589518803,0.0491893002613673,0.0491893002613673,0.0464143124079405,0.0464143124079405,0.0,0.0,0.0,0.0,0.0049469679656938,0.0031581090138134,0.0,0.0,0.0,0.0,0.0573433476147587,0.0573433476147587,GPAB4491_jpg.rf.12a0aec71fbb0323e170546f88ad9e24.jpg,train
yellowfin_segment.v18i.coco-segmentation/train\GPAB4494_jpg.rf.c523c5a95299bacfd030f227431c02c8.jpg,GPAB4494,0.26615302185615,0.0051870188180664,0.0,0.0,0.2172316183460304,0.2172316183460304,0.0029833519932862,0.0029833519932862,0.0,0.0,0.0085093226149027,0.0033223037968363,0.0134198028510359,0.0134198028510359,0.0240089260508946,0.0240089260508946,0.0,0.0,GPAB4494_jpg.rf.c523c5a95299bacfd030f227431c02c8.jpg,train
yellowfin_segment.v18i.coco-segmentation/train\GPAB4498_jpg.rf.b6877a7fc44b00cec0c46af5dbae2b1a.jpg,GPAB4498,0.062833790710224,0.0,0.0,0.0,0.0,0.0,0.0,0.0,0.0,0.0,0.0127015707007372,0.0127015707007372,0.0,0.0,0.0501322200094868,0.0501322200094868,0.0,0.0,GPAB4498_jpg.rf.b6877a7fc44b00cec0c46af5dbae2b1a.jpg,train
yellowfin_segment.v18i.coco-segmentation/train\GPAB4507_jpg.rf.8e55a9561d7c6ba559c55fd404f96b5c.jpg,GPAB4507,0.1442321541395329,0.0061078538877675,0.0,0.0,0.0338135630651997,0.0277057091774321,0.0,0.0,0.0,0.0,0.1104185910743331,0.1104185910743331,0.0,0.0,0.0,0.0,0.0,0.0,GPAB4507_jpg.rf.8e55a9561d7c6ba559c55fd404f96b5c.jpg,train
yellowfin_segment.v18i.coco-segmentation/train\GPAB4525_jpg.rf.6ac0c98a728c8be78057fee83f71b76c.jpg,GPAB4525,0.3456876304676383,0.1734847510096538,0.0,0.0,0.2787902589284514,0.1053055079187975,0.0,0.0,0.0,0.0,0.031166282265235,0.031166282265235,0.0044294183279785,0.0044294183279785,0.0313016709459731,0.0313016709459731,0.0,0.0,GPAB4525_jpg.rf.6ac0c98a728c8be78057fee83f71b76c.jpg,train
yellowfin_segment.v18i.coco-segmentation/train\GPAB4526_jpg.rf.acbd0ab7d910680595cd55a037d26f3e.jpg,GPAB4526,0.1670350647081077,0.0,0.0,0.0,0.0821607649364441,0.0821607649364441,0.0147708090481887,0.0147708090481887,0.0,0.0,0.0070949429927235,0.0070949429927235,0.0067723146471348,0.0067723146471348,0.0562362330836164,0.0562362330836164,0.0,0.0,GPAB4526_jpg.rf.acbd0ab7d910680595cd55a037d26f3e.jpg,train
yellowfin_segment.v18i.coco-segmentation/train\GPAB4528_jpg.rf.5de0daa0ed0222a80389722c2d9b9b6d.jpg,GPAB4528,0.23068214770617,0.0332124757308588,0.0,0.0,0.0420425062845313,0.0420425062845313,0.0600155937033701,0.0600155937033701,0.0,0.0,0.0938272363617508,0.0814895827532104,0.0043660449029522,0.0043660449029522,0.0304307664535655,0.0095559443312471,0.0,0.0,GPAB4528_jpg.rf.5de0daa0ed0222a80389722c2d9b9b6d.jpg,train
yellowfin_segment.v18i.coco-segmentation/train\GPAB4529_jpg.rf.d3f81e072c8902d00583b47350aa6ec8.jpg,GPAB4529,0.0642913794858302,0.011187329923971,0.0,0.0,0.0,0.0,0.0023265728611949,0.0023265728611949,0.0,0.0,0.0508398899222811,0.03965255999831,0.0111249167023542,0.0111249167023542,0.0,0.0,0.0,0.0,GPAB4529_jpg.rf.d3f81e072c8902d00583b47350aa6ec8.jpg,train
yellowfin_segment.v18i.coco-segmentation/train\GPAB4531_jpg.rf.822f10de5d5f23d8920ae0c54a335239.jpg,GPAB4531,0.9768533366108276,0.0,0.9768533366108276,0.9768533366108276,0.0,0.0,0.0,0.0,0.0,0.0,0.0,0.0,0.0,0.0,0.0,0.0,0.0,0.0,GPAB4531_jpg.rf.822f10de5d5f23d8920ae0c54a335239.jpg,train
yellowfin_segment.v18i.coco-segmentation/train\GPAB4534_jpg.rf.c9971bd4981c506c5892842e85189683.jpg,GPAB4534,0.2040240204484918,0.1907645715668407,0.0,0.0,0.179194120482483,0.0,0.0,0.0,0.0,0.0,0.013259448881651,0.013259448881651,0.0,0.0,0.0115704510843577,0.0,0.0,0.0,GPAB4534_jpg.rf.c9971bd4981c506c5892842e85189683.jpg,train
yellowfin_segment.v18i.coco-segmentation/train\GPAB4535_jpg.rf.d00094f083e5ab28a3b18bd3a5f5e579.jpg,GPAB4535,0.1586188818239255,0.05775527487743,0.1142603649157037,0.0565050900382737,0.0378934673521238,0.0378934673521238,0.0,0.0,0.0,0.0,0.0,0.0,0.0,0.0,0.0,0.0,0.0064650495560979,0.0064650495560979,GPAB4535_jpg.rf.d00094f083e5ab28a3b18bd3a5f5e579.jpg,train
yellowfin_segment.v18i.coco-segmentation/train\GPAB4536_jpg.rf.626fb5f38e0392a40c4fd81e1b51fa7a.jpg,GPAB4536,0.2289240152633934,0.1323544379641383,0.0,0.0,0.1019716816810473,0.0515994108191879,0.0,0.0,0.0,0.0,0.0016352264063619,0.0016352264063619,0.0,0.0,0.1253171071759841,0.0433349400737052,0.0,0.0,GPAB4536_jpg.rf.626fb5f38e0392a40c4fd81e1b51fa7a.jpg,train
yellowfin_segment.v18i.coco-segmentation/train\GPAB4546_jpg.rf.8b2ed08293556ec68404056ddae731eb.jpg,GPAB4546,0.2866783299374139,0.0097114972835845,0.0,0.0,0.1668228597546104,0.1571113624710258,0.0,0.0,0.0,0.0,0.0,0.0,0.0,0.0,0.1198554701828035,0.1198554701828035,0.0,0.0,GPAB4546_jpg.rf.8b2ed08293556ec68404056ddae731eb.jpg,train
yellowfin_segment.v18i.coco-segmentation/train\GPAB4553_jpg.rf.943f4941aea2cefec255237b0d6361d3.jpg,GPAB4553,0.1218930218177418,0.0475339095834061,0.0,0.0,0.0,0.0,0.0142254135115982,0.0142254135115982,0.0,0.0,0.0929352073943344,0.0454012978109282,0.0,0.0,0.0147324009118091,0.0147324009118091,0.0,0.0,GPAB4553_jpg.rf.943f4941aea2cefec255237b0d6361d3.jpg,train
yellowfin_segment.v18i.coco-segmentation/train\GPAB4554_jpg.rf.6b291c5aaa77f010267e5d2c4688d0c7.jpg,GPAB4554,0.203064777242411,0.141065403295034,0.0,0.0,0.054498264912439,0.054498264912439,0.0098747318631979,0.0,0.0,0.0,0.138691780466774,0.0075011090349379,0.0,0.0,0.0,0.0,0.0,0.0,GPAB4554_jpg.rf.6b291c5aaa77f010267e5d2c4688d0c7.jpg,train
yellowfin_segment.v18i.coco-segmentation/train\GPAB4555_jpg.rf.e9611418c52e38b5feea68c1d6d92b5d.jpg,GPAB4555,0.1437539728416067,0.1208684847798157,0.0,0.0,0.1208684847798157,0.0,0.0,0.0,0.0,0.0,0.0,0.0,0.0,0.0,0.022885488061791,0.022885488061791,0.0,0.0,GPAB4555_jpg.rf.e9611418c52e38b5feea68c1d6d92b5d.jpg,train
yellowfin_segment.v18i.coco-segmentation/train\GPAB4561_jpg.rf.36a5e769967fb55febee4557b2741043.jpg,GPAB4561,0.1449359832386892,0.0609671552821749,0.0,0.0,0.080345020289098,0.0238552935053761,0.0253090414673444,0.0208316129688913,0.0,0.0,0.0191032468318088,0.0191032468318088,0.0,0.0,0.0201786746504379,0.0201786746504379,0.0,0.0,GPAB4561_jpg.rf.36a5e769967fb55febee4557b2741043.jpg,train
yellowfin_segment.v18i.coco-segmentation/train\GPAB4579_jpg.rf.a48ec6435f51ef0c7d07347a796e51af.jpg,GPAB4579,0.9944385018522324,0.0,0.0,0.0,0.0,0.0,0.0,0.0,0.0,0.0,0.0,0.0,0.0,0.0,0.0,0.0,0.9944385018522324,0.9944385018522324,GPAB4579_jpg.rf.a48ec6435f51ef0c7d07347a796e51af.jpg,train
yellowfin_segment.v18i.coco-segmentation/train\GPAB4580_jpg.rf.0496ca1e8738a9c36fad566623244f47.jpg,GPAB4580,0.3457519640960741,0.2329223022605108,0.0,0.0,0.2942024838541797,0.0612801815936688,0.0,0.0,0.0,0.0,0.0350752703452699,0.0350752703452699,0.0,0.0,0.0164742098966245,0.0164742098966245,0.0,0.0,GPAB4580_jpg.rf.0496ca1e8738a9c36fad566623244f47.jpg,train
yellowfin_segment.v18i.coco-segmentation/train\GPAB4582_jpg.rf.00e1bc8aa55f6785af673809468f4781.jpg,GPAB4582,0.1662611407600586,0.0688629079184134,0.0034519312571175,0.0034519312571175,0.0900219502499409,0.0211590423315275,0.0125709830370465,0.0125709830370465,0.0,0.0,0.0450258582778175,0.0450258582778175,0.0,0.0,0.015190417938136,0.015190417938136,0.0,0.0,GPAB4582_jpg.rf.00e1bc8aa55f6785af673809468f4781.jpg,train
yellowfin_segment.v18i.coco-segmentation/train\GPAB4583_jpg.rf.d0f6ee6e27b8aac8b47085b723d6e97c.jpg,GPAB4583,0.1335258861237164,0.0660447109115595,0.0,0.0,0.0615183120392223,0.0305450306592948,0.0,0.0,0.0,0.0,0.0486890342850229,0.0247233173875553,0.0,0.0,0.0233185397994711,0.0122128271653066,0.0,0.0,GPAB4583_jpg.rf.d0f6ee6e27b8aac8b47085b723d6e97c.jpg,train
yellowfin_segment.v18i.coco-segmentation/train\GPAB4584_jpg.rf.5e0c84dd7c16e04e3c9c949fcb14098e.jpg,GPAB4584,0.4251463830097768,0.4209042043466487,0.0,0.0,0.1557277093579503,0.0,0.0,0.0,0.0,0.0,0.0042421786631279,0.0042421786631279,0.0,0.0,0.0,0.0,0.2651764949886984,0.0,GPAB4584_jpg.rf.5e0c84dd7c16e04e3c9c949fcb14098e.jpg,train
yellowfin_segment.v18i.coco-segmentation/train\GPAB4585_jpg.rf.db7c05489c86feb0202db4c7dd4a8d2f.jpg,GPAB4585,0.2207152363156611,0.2168532982026912,0.1966995888409,0.0,0.0158337542224944,0.0,0.0,0.0,0.0,0.0,0.0081818932522665,0.0038619381129698,0.0,0.0,0.0,0.0,0.0,0.0,GPAB4585_jpg.rf.db7c05489c86feb0202db4c7dd4a8d2f.jpg,train
yellowfin_segment.v18i.coco-segmentation/train\GPAB4591_jpg.rf.5ac7ba27479417886e5a0d0c916ff54a.jpg,GPAB4591,0.547892065455146,0.0,0.547892065455146,0.547892065455146,0.0,0.0,0.0,0.0,0.0,0.0,0.0,0.0,0.0,0.0,0.0,0.0,0.0,0.0,GPAB4591_jpg.rf.5ac7ba27479417886e5a0d0c916ff54a.jpg,train
yellowfin_segment.v18i.coco-segmentation/train\GPAB4600_jpg.rf.7e83c163f416736020b735d0bfeee1b3.jpg,GPAB4600,0.2650180614261325,0.0,0.0,0.0,0.0104940630623191,0.0104940630623191,0.0,0.0,0.0,0.0,0.0,0.0,0.0,0.0,0.0075500794088219,0.0075500794088219,0.2469739189549914,0.2469739189549914,GPAB4600_jpg.rf.7e83c163f416736020b735d0bfeee1b3.jpg,train
yellowfin_segment.v18i.coco-segmentation/train\GPAB4602_jpg.rf.7bef0784627890ce0bfb4278c99e4f5f.jpg,GPAB4602,0.2989238040186433,0.0130942938952187,0.0,0.0,0.0204340887573623,0.0073397948621435,0.0,0.0,0.0,0.0,0.0,0.0,0.0,0.0,0.0,0.0,0.2784897152612809,0.2784897152612809,GPAB4602_jpg.rf.7bef0784627890ce0bfb4278c99e4f5f.jpg,train
yellowfin_segment.v18i.coco-segmentation/train\GPAB4619_jpg.rf.e6b9dac7f6f65d310b5114459475f4be.jpg,GPAB4619,0.0911617116970058,0.017846340568786,0.0039377941823195,0.0039377941823195,0.0554680703560242,0.0554680703560242,0.0,0.0,0.0,0.0,0.0078842301953245,0.0078842301953245,0.0,0.0,0.0079504842305794,0.0060252763945514,0.0159211327327581,0.0,GPAB4619_jpg.rf.e6b9dac7f6f65d310b5114459475f4be.jpg,train
yellowfin_segment.v18i.coco-segmentation/train\GPAB4627_jpg.rf.2fb7bd47296ae69f79ff5f44a291d51e.jpg,GPAB4627,0.0540901784634056,0.0010331788686115,0.0,0.0,0.0,0.0,0.0,0.0,0.0,0.0,0.0010331788686115,0.0,0.0,0.0,0.0530569995947941,0.0530569995947941,0.0,0.0,GPAB4627_jpg.rf.2fb7bd47296ae69f79ff5f44a291d51e.jpg,train
yellowfin_segment.v18i.coco-segmentation/train\GPAB4628_jpg.rf.8640cf52804df4fb7657188b9a2a88b1.jpg,GPAB4628,0.1342479590876531,0.0710944206420688,0.0950428538781655,0.0336896968253754,0.0,0.0,0.0,0.0,0.0,0.0,0.0377551980611572,0.0280139344718785,0.0,0.0,0.0014499071483303,0.0014499071483303,0.0,0.0,GPAB4628_jpg.rf.8640cf52804df4fb7657188b9a2a88b1.jpg,train
yellowfin_segment.v18i.coco-segmentation/train\GPAB4630_jpg.rf.fca28b4034a377b0c3e818f7d4f5dc9a.jpg,GPAB4630,0.1001386533723304,0.0221682161149017,0.0,0.0,0.0098459257609131,0.0,0.0,0.0,0.0,0.0,0.0902927276114172,0.0779704372574286,0.0,0.0,0.0,0.0,0.0,0.0,GPAB4630_jpg.rf.fca28b4034a377b0c3e818f7d4f5dc9a.jpg,train
yellowfin_segment.v18i.coco-segmentation/train\GPAB4642_jpg.rf.1bba5d5da6ee6019ae8e15d12fe59034.jpg,GPAB4642,0.2334110457959414,0.2014429936837819,0.0,0.0,0.1926312069948898,0.0206760600165539,0.0148956354914225,0.0,0.0,0.0,0.0258842033096291,0.0112919920956055,0.0,0.0,0.0,0.0,0.0,0.0,GPAB4642_jpg.rf.1bba5d5da6ee6019ae8e15d12fe59034.jpg,train
yellowfin_segment.v18i.coco-segmentation/train\GPAB4645_jpg.rf.762770d4b7be019fe6b898a15242bf8d.jpg,GPAB4645,0.3734932007996574,0.1995696368318664,0.0,0.0,0.2620164655680659,0.0806638078210488,0.0266408435963074,0.0266408435963074,0.0,0.0,0.0610055634185545,0.0610055634185545,0.0,0.0,0.0182169790848493,0.0,0.00561334913188,0.00561334913188,GPAB4645_jpg.rf.762770d4b7be019fe6b898a15242bf8d.jpg,train
yellowfin_segment.v18i.coco-segmentation/train\GPAB4651_jpg.rf.7dd43fb9145f7d8fe7e26714948f9c92.jpg,GPAB4651,0.1615551838501468,0.0457287271735644,0.0,0.0,0.0690568690071304,0.0666198727538441,0.0336484080787674,0.0,0.0,0.0,0.0224687597820722,0.0128254369405614,0.0,0.0,0.0363811469821767,0.0363811469821767,0.0,0.0,GPAB4651_jpg.rf.7dd43fb9145f7d8fe7e26714948f9c92.jpg,train
yellowfin_segment.v18i.coco-segmentation/train\GPAB4652_jpg.rf.c570831734f216ba9352a3381cbcaa47.jpg,GPAB4652,0.2083497368082454,0.1476860058034694,0.0,0.0,0.1376000291901836,0.0,0.0,0.0,0.0,0.0,0.0111527626012294,0.0010667859879436,0.0,0.0,0.0595969450168323,0.0595969450168323,0.0,0.0,GPAB4652_jpg.rf.c570831734f216ba9352a3381cbcaa47.jpg,train
yellowfin_segment.v18i.coco-segmentation/train\GPAB4656_jpg.rf.b71458af3c7814bcf5bbb13b2e7898b2.jpg,GPAB4656,0.1492415353268436,0.1031719359429101,0.0,0.0,0.1031719359429101,0.0,0.0,0.0,0.0,0.0,0.0333795511241101,0.0333795511241101,0.0,0.0,0.0126900482598233,0.0126900482598233,0.0,0.0,GPAB4656_jpg.rf.b71458af3c7814bcf5bbb13b2e7898b2.jpg,train
yellowfin_segment.v18i.coco-segmentation/train\GPAB4658_jpg.rf.ded39fa01a4d8cd6a33f7b760137487d.jpg,GPAB4658,0.1875450095348198,0.0315350003744793,0.0079476036203509,0.0,0.088488505404985,0.0734584414362338,0.0221806987592251,0.0221806987592251,0.0,0.0,0.0615912874983436,0.0603708689648815,0.0,0.0,0.0073369142519151,0.0,0.0,0.0,GPAB4658_jpg.rf.ded39fa01a4d8cd6a33f7b760137487d.jpg,train
yellowfin_segment.v18i.coco-segmentation/train\GPAB4697_jpg.rf.292fd9e107fea3d55c9bfd096212d60c.jpg,GPAB4697,0.394051155796844,0.018492557463373,0.0,0.0,0.2445436441255715,0.2260510866621985,0.0031849947092792,0.0031849947092792,0.0133016978316686,0.0133016978316686,0.0027769082602458,0.0027769082602458,0.0049959383395778,0.0049959383395778,0.0,0.0,0.1252479725305008,0.1252479725305008,GPAB4697_jpg.rf.292fd9e107fea3d55c9bfd096212d60c.jpg,train
yellowfin_segment.v18i.coco-segmentation/train\GPAB4698_jpg.rf.25243bc4c2c864ddaa33e789c26e180e.jpg,GPAB4698,0.5787779683248099,0.4605654061756442,0.0,0.0,0.5787779683248099,0.1182125621491656,0.0,0.0,0.0,0.0,0.0,0.0,0.0,0.0,0.0,0.0,0.0,0.0,GPAB4698_jpg.rf.25243bc4c2c864ddaa33e789c26e180e.jpg,train
yellowfin_segment.v18i.coco-segmentation/train\GPAB4699_jpg.rf.0d6e76c517269db09ec4782f5dacd29b.jpg,GPAB4699,0.3048146519358661,0.1585122992454721,0.0291008847314215,0.0205358703187683,0.1935145941316208,0.0978572100713815,0.0045580855848502,0.0,0.0,0.0,0.0516723862783091,0.0265592263065007,0.0013500459937433,0.0013500459937433,0.0,0.0,0.0246186552159209,0.0,GPAB4699_jpg.rf.0d6e76c517269db09ec4782f5dacd29b.jpg,train
yellowfin_segment.v18i.coco-segmentation/train\GPAB4700_jpg.rf.d8e12fbb64685ee6cd74a619a0073d75.jpg,GPAB4700,0.0157876644588389,0.0,0.0,0.0,0.0140727411694893,0.0140727411694893,0.0,0.0,0.0,0.0,0.0017149232893496,0.0017149232893496,0.0,0.0,0.0,0.0,0.0,0.0,GPAB4700_jpg.rf.d8e12fbb64685ee6cd74a619a0073d75.jpg,train
yellowfin_segment.v18i.coco-segmentation/train\GPAB4702_jpg.rf.3378d632b7a7c15b5ace4e81185da950.jpg,GPAB4702,0.3827610841080574,0.1409223329870199,0.0,0.0,0.2338268138722507,0.0929044808852307,0.0,0.0,0.0409958845681869,0.0409958845681869,0.0031245018944813,0.0031245018944813,0.0009890095117749,0.0009890095117749,0.0025522206624251,0.0025522206624251,0.1012726535989384,0.1012726535989384,GPAB4702_jpg.rf.3378d632b7a7c15b5ace4e81185da950.jpg,train
yellowfin_segment.v18i.coco-segmentation/train\GPAB4703_jpg.rf.56c9b72e12b4eb872342433fc2f49833.jpg,GPAB4703,0.5007009484889279,0.068705434559257,0.0314937116278712,0.0205435519460442,0.4692072368610566,0.4114519619836266,0.0,0.0,0.0,0.0,0.0,0.0,0.0,0.0,0.0,0.0,0.0,0.0,GPAB4703_jpg.rf.56c9b72e12b4eb872342433fc2f49833.jpg,train
yellowfin_segment.v18i.coco-segmentation/train\GPAB4704_jpg.rf.11f2a8e934d7dd311afb0f66af02c859.jpg,GPAB4704,0.4581264895155389,0.2031800016515498,0.0,0.0,0.4515702206355394,0.2483902189839895,0.0,0.0,0.0,0.0,0.0,0.0,0.0,0.0,0.0065562688799995,0.0065562688799995,0.0,0.0,GPAB4704_jpg.rf.11f2a8e934d7dd311afb0f66af02c859.jpg,train
yellowfin_segment.v18i.coco-segmentation/train\GPAB4705_jpg.rf.b5c44f0c2c4fd0f3946874519ffa0715.jpg,GPAB4705,0.2944338928758668,0.2843114285330204,0.0,0.0,0.2843114285330204,0.0,0.0,0.0,0.0,0.0,0.0,0.0,0.0,0.0,0.0101224643428463,0.0101224643428463,0.0,0.0,GPAB4705_jpg.rf.b5c44f0c2c4fd0f3946874519ffa0715.jpg,train
yellowfin_segment.v18i.coco-segmentation/train\GPAB4706_jpg.rf.db3d09671ba54781fdfb79212c4a7024.jpg,GPAB4706,0.0364675652890308,0.0204868999448843,0.0,0.0,0.0188852806578545,0.0,0.0,0.0,0.0,0.0,0.0,0.0,0.0,0.0,0.0175822846311762,0.0159806653441465,0.0,0.0,GPAB4706_jpg.rf.db3d09671ba54781fdfb79212c4a7024.jpg,train
yellowfin_segment.v18i.coco-segmentation/train\GPAB4707_jpg.rf.4f386fdf457538f6c9b6d6e80216f6bf.jpg,GPAB4707,0.091835774490468,0.0671748703245295,0.0,0.0,0.0623652114463928,0.0,0.003644932142425,0.003644932142425,0.0,0.0,0.0,0.0,0.0,0.0,0.0258256309016502,0.0210159720235134,0.0,0.0,GPAB4707_jpg.rf.4f386fdf457538f6c9b6d6e80216f6bf.jpg,train
yellowfin_segment.v18i.coco-segmentation/train\GPAB4708_jpg.rf.f81a35c268be55c24fc983549b70edb4.jpg,GPAB4708,0.6261860912615729,0.5776113211822792,0.0378733030805245,0.0378733030805245,0.5871413400214701,0.0095300188391908,0.0,0.0,0.0,0.0,0.0011714481595781,0.0011714481595781,0.0,0.0,0.0,0.0,0.0,0.0,GPAB4708_jpg.rf.f81a35c268be55c24fc983549b70edb4.jpg,train
yellowfin_segment.v18i.coco-segmentation/train\GPAB4709_jpg.rf.55c440d6a547649c3349d6a494e9b1d9.jpg,GPAB4709,0.4069812549090399,0.0,0.0,0.0,0.379303391630483,0.379303391630483,0.0,0.0,0.0,0.0,0.0,0.0,0.0,0.0,0.0276778632785569,0.0276778632785569,0.0,0.0,GPAB4709_jpg.rf.55c440d6a547649c3349d6a494e9b1d9.jpg,train
yellowfin_segment.v18i.coco-segmentation/train\GPAB4710_jpg.rf.890e10b24cc2fb0897115284e8c07d37.jpg,GPAB4710,0.0847312294636495,0.0447954094595399,0.0,0.0,0.0447954094595399,0.0,0.0,0.0,0.0,0.0,0.0,0.0,0.0,0.0,0.0399358200041096,0.0399358200041096,0.0,0.0,GPAB4710_jpg.rf.890e10b24cc2fb0897115284e8c07d37.jpg,train
yellowfin_segment.v18i.coco-segmentation/train\GPAB4711_jpg.rf.b6e1309af2162be1be770f3a1a6067f3.jpg,GPAB4711,0.7726641611759035,0.6944584740831498,0.0,0.0,0.7318180683395971,0.0394864448084682,0.0,0.0,0.0,0.0,0.004487030532548,0.004487030532548,0.0,0.0,0.0363590623037584,0.0342322117517374,0.0,0.0,GPAB4711_jpg.rf.b6e1309af2162be1be770f3a1a6067f3.jpg,train
yellowfin_segment.v18i.coco-segmentation/train\GPAB4712_jpg.rf.d172da199d968dc3df9ea841e06c5823.jpg,GPAB4712,0.1750729274489507,0.0935622202207315,0.0,0.0,0.1047485899412931,0.0388843972707178,0.0,0.0,0.0282280598321948,0.0282280598321948,0.0265486640689963,0.0143982501253065,0.0,0.0,0.001079268632267,0.0,0.0144683449741993,0.0,GPAB4712_jpg.rf.d172da199d968dc3df9ea841e06c5823.jpg,train
yellowfin_segment.v18i.coco-segmentation/train\GPAB4713_jpg.rf.81b91a34b07ea0531234410f109193ef.jpg,GPAB4713,0.3139193006646528,0.00862742763427,0.0,0.0,0.2072387814634652,0.2072387814634652,0.0472535301878349,0.0472535301878349,0.0334294817014036,0.0334294817014036,0.0259975073119489,0.0173700796776789,0.0,0.0,0.0,0.0,0.0,0.0,GPAB4713_jpg.rf.81b91a34b07ea0531234410f109193ef.jpg,train
yellowfin_segment.v18i.coco-segmentation/train\GPAB4726_jpg.rf.ec6edd51400a4877a682ec239940f715.jpg,GPAB4726,0.231573216470177,0.0041163920164847,0.0088597968593666,0.0074963080178905,0.0,0.0,0.0252197425502618,0.0252197425502618,0.1947407738855399,0.1947407738855399,0.001083109445905,0.0,0.0016697937291035,0.0,0.0,0.0,0.0,0.0,GPAB4726_jpg.rf.ec6edd51400a4877a682ec239940f715.jpg,train
yellowfin_segment.v18i.coco-segmentation/train\GPAB4735_jpg.rf.7389747fa8cc09c069ff4b2f3556899a.jpg,GPAB4735,0.0266062762735657,0.005967664189982,0.0,0.0,0.0,0.0,0.0,0.0,0.013999765710368,0.013999765710368,0.0,0.0,0.0044515030063968,0.0044515030063968,0.0,0.0,0.0081550075568008,0.0021873433668188,GPAB4735_jpg.rf.7389747fa8cc09c069ff4b2f3556899a.jpg,train
yellowfin_segment.v18i.coco-segmentation/train\GPAB4737_jpg.rf.e31e343fd9087743fd45c0fb8c7956fd.jpg,GPAB4737,0.2054921714616024,0.0235269039393305,0.0011522440913883,0.0,0.0619475229632645,0.0495599387774306,0.0106736210998938,0.0067070208152895,0.1207081308104308,0.1207081308104308,0.0110106524966248,0.0049901771191209,0.0,0.0,0.0,0.0,0.0,0.0,GPAB4737_jpg.rf.e31e343fd9087743fd45c0fb8c7956fd.jpg,train
yellowfin_segment.v18i.coco-segmentation/train\GPAB4739_jpg.rf.6729ce5fbf63cfc65c3544bc6d0e4e4a.jpg,GPAB4739,0.4538555047501262,0.014197567612723,0.0026463205965551,0.0,0.0431477004088546,0.0431477004088546,0.0012453838221088,0.0012453838221088,0.3579110198704494,0.3579110198704494,0.0489050800521582,0.0373538330359903,0.0,0.0,0.0,0.0,0.0,0.0,GPAB4739_jpg.rf.6729ce5fbf63cfc65c3544bc6d0e4e4a.jpg,train
yellowfin_segment.v18i.coco-segmentation/train\GPAB4740_jpg.rf.391db90ac7705a61bc4d0c6e12c34bbc.jpg,GPAB4740,0.4702845850865047,0.0279572824707185,0.0047664497247096,0.001521922404042,0.1292433789173898,0.1107066520971802,0.0042037705267483,0.0042037705267483,0.3013848053571669,0.3013848053571669,0.025549092319717,0.0193730639898756,0.0030659294865024,0.0030659294865024,0.0,0.0,0.0020711587542705,0.0020711587542705,GPAB4740_jpg.rf.391db90ac7705a61bc4d0c6e12c34bbc.jpg,train
yellowfin_segment.v18i.coco-segmentation/train\GPAB4742_jpg.rf.3add0941dddb3e0ab5f1644d703bdc8a.jpg,GPAB4742,0.858488102119553,0.0043756469370471,0.0,0.0,0.006753110578945,0.0023774636418978,0.8504175924627874,0.8504175924627874,0.0,0.0,0.0013173990778206,0.0013173990778206,0.0,0.0,0.0,0.0,0.0,0.0,GPAB4742_jpg.rf.3add0941dddb3e0ab5f1644d703bdc8a.jpg,train
yellowfin_segment.v18i.coco-segmentation/train\GPAB4743_jpg.rf.37867df2f8150edd78237e955061905e.jpg,GPAB4743,0.3514776570268645,0.0298690474590137,0.0,0.0,0.0716494182127542,0.0525000816172898,0.2430005972465207,0.2430005972465207,0.0190850029670285,0.0190850029670285,0.0097393431824597,0.0070229277370118,0.0,0.0,0.0,0.0,0.0080032954181013,0.0,GPAB4743_jpg.rf.37867df2f8150edd78237e955061905e.jpg,train
yellowfin_segment.v18i.coco-segmentation/train\GPAB4746_jpg.rf.2180e682eaa484a3fc02b94c156f25b8.jpg,GPAB4746,0.284208686768205,0.0795643749171824,0.0103298682792962,0.0030390437910366,0.2168216114901781,0.1607822201055071,0.0,0.0,0.0,0.0,0.0551694470956727,0.0389352880514208,0.0,0.0,0.0018877599030578,0.0018877599030578,0.0,0.0,GPAB4746_jpg.rf.2180e682eaa484a3fc02b94c156f25b8.jpg,train
yellowfin_segment.v18i.coco-segmentation/train\GPAB4747_jpg.rf.1f22312dc4183f0bcb9100eab300fb07.jpg,GPAB4747,0.187135962882377,0.0076096120202103,0.0,0.0,0.0927201218306086,0.0851105098103982,0.0851037883865318,0.0851037883865318,0.0,0.0,0.0093120526652366,0.0093120526652366,0.0,0.0,0.0,0.0,0.0,0.0,GPAB4747_jpg.rf.1f22312dc4183f0bcb9100eab300fb07.jpg,train
yellowfin_segment.v18i.coco-segmentation/train\GPAB4753_jpg.rf.e2d94acde6ee937917909a1591d0d659.jpg,GPAB4753,0.1913378130023064,0.0062970139594371,0.0011733685663971,0.0,0.1661353541134153,0.1661353541134153,0.0,0.0,0.0,0.0,0.0240290903224939,0.0189054449294538,0.0,0.0,0.0,0.0,0.0,0.0,GPAB4753_jpg.rf.e2d94acde6ee937917909a1591d0d659.jpg,train
yellowfin_segment.v18i.coco-segmentation/train\GPAB4754_jpg.rf.537af39d94461458299a14cfc3bba350.jpg,GPAB4754,0.2922705545942852,0.0672824131063924,0.0113448032831274,0.0,0.2155493419726034,0.1596117321493385,0.0,0.0,0.0,0.0,0.041330995558099,0.041330995558099,0.0,0.0,0.0013212398914586,0.0013212398914586,0.0227241738889966,0.0227241738889966,GPAB4754_jpg.rf.537af39d94461458299a14cfc3bba350.jpg,train
yellowfin_segment.v18i.coco-segmentation/train\GPAB4756_jpg.rf.eabc4ca97f0f629b22f925f8a786d528.jpg,GPAB4756,0.1184593344254046,0.0336551295026338,0.0,0.0,0.0772224388014357,0.0679881626123678,0.0,0.0,0.0039550778436904,0.0039550778436904,0.0128945715860447,0.0104114855691029,0.0012415430084709,0.0012415430084709,0.0012079358891387,0.0012079358891387,0.0219377672966241,0.0,GPAB4756_jpg.rf.eabc4ca97f0f629b22f925f8a786d528.jpg,train
yellowfin_segment.v18i.coco-segmentation/train\GPAB4758_jpg.rf.dc9f9d53832bbaffadad72867f306fbe.jpg,GPAB4758,0.2944329326724573,0.0345913278268868,0.0043967714120559,0.0,0.234728444873762,0.2159449457773134,0.0,0.0,0.0,0.0,0.0352000967885036,0.0262826877245675,0.0,0.0,0.0,0.0,0.0201076195981356,0.0176139713436894,GPAB4758_jpg.rf.dc9f9d53832bbaffadad72867f306fbe.jpg,train
yellowfin_segment.v18i.coco-segmentation/train\GPAB4761_jpg.rf.abcedb2548500e30fd19e3a419c01bc6.jpg,GPAB4761,0.1378928912300781,0.0087656969252366,0.0,0.0,0.0134073202067125,0.0046416232814759,0.1195270806167578,0.1195270806167578,0.0,0.0,0.0029823917898767,0.0029823917898767,0.0,0.0,0.0019760986167309,0.0019760986167309,0.0,0.0,GPAB4761_jpg.rf.abcedb2548500e30fd19e3a419c01bc6.jpg,train
yellowfin_segment.v18i.coco-segmentation/train\GPAB4767_jpg.rf.7f3e0c78cd1015f30bb0eb3479b01bf2.jpg,GPAB4767,0.1824031202769994,0.0208239313416154,0.0,0.0,0.0861321662380958,0.0761345283384832,0.0,0.0,0.0449701664800671,0.0449701664800671,0.0198435636605258,0.0145201959583118,0.0,0.0,0.0,0.0,0.0314572238983106,0.0259542981585219,GPAB4767_jpg.rf.7f3e0c78cd1015f30bb0eb3479b01bf2.jpg,train
yellowfin_segment.v18i.coco-segmentation/train\GPAB4771_jpg.rf.6badf0b6546595b33a14eb844b771aa4.jpg,GPAB4771,0.1526099288873355,0.0362716837934948,0.0228931696890669,0.0,0.0272361697101914,0.0256057443208769,0.0135110221749375,0.0135110221749375,0.0668724062505401,0.0629394130852679,0.0220971610625995,0.0142820655127582,0.0,0.0,0.0,0.0,0.0,0.0,GPAB4771_jpg.rf.6badf0b6546595b33a14eb844b771aa4.jpg,train
yellowfin_segment.v18i.coco-segmentation/train\GPAB4777_jpg.rf.6f578feb4e1dbdd7b5b447d584fb8f86.jpg,GPAB4777,0.3743506624443322,0.0596996867816478,0.0,0.0,0.2805887199144267,0.2208890331327788,0.0,0.0,0.0,0.0,0.0,0.0,0.0,0.0,0.0212176147395064,0.0212176147395064,0.0725443277903991,0.0725443277903991,GPAB4777_jpg.rf.6f578feb4e1dbdd7b5b447d584fb8f86.jpg,train
yellowfin_segment.v18i.coco-segmentation/train\GPAB4778_jpg.rf.bfed75b62b8d65486555d766d64a397f.jpg,GPAB4778,0.519185824325025,0.4434488201980707,0.0,0.0,0.5097844727427058,0.066335652544635,0.0,0.0,0.0,0.0,0.0094013515823191,0.0094013515823191,0.0,0.0,0.0,0.0,0.0,0.0,GPAB4778_jpg.rf.bfed75b62b8d65486555d766d64a397f.jpg,train
yellowfin_segment.v18i.coco-segmentation/train\GPAB4779_jpg.rf.18bd369271c26a99d825e5e4fecce011.jpg,GPAB4779,0.04769618395961,0.04187543089128,0.0,0.0,0.04187543089128,0.0,0.0,0.0,0.0,0.0,0.0,0.0,0.0,0.0,0.0058207530683299,0.0058207530683299,0.0,0.0,GPAB4779_jpg.rf.18bd369271c26a99d825e5e4fecce011.jpg,train
yellowfin_segment.v18i.coco-segmentation/train\GPAB4780_jpg.rf.8a201d1beedd40edffaaf46e84e7a05b.jpg,GPAB4780,0.0249883335285746,0.0010139748004217,0.0,0.0,0.0,0.0,0.0,0.0,0.0,0.0,0.0010139748004217,0.0,0.0029372622296307,0.0029372622296307,0.0210370964985222,0.0210370964985222,0.0,0.0,GPAB4780_jpg.rf.8a201d1beedd40edffaaf46e84e7a05b.jpg,train
yellowfin_segment.v18i.coco-segmentation/train\GPAB4781_jpg.rf.b25d5c2493b85a3a5baf2eb1d7facd5d.jpg,GPAB4781,0.0319661317053404,0.0,0.0,0.0,0.0044274979211596,0.0044274979211596,0.0,0.0,0.0,0.0,0.0204542530289616,0.0204542530289616,0.0,0.0,0.0070843807552191,0.0070843807552191,0.0,0.0,GPAB4781_jpg.rf.b25d5c2493b85a3a5baf2eb1d7facd5d.jpg,train
yellowfin_segment.v18i.coco-segmentation/train\GPAB4782_jpg.rf.4a1cdf2976fdae35a057fbebf48d41ec.jpg,GPAB4782,0.1821937959337306,0.109203933761328,0.0551204767217887,0.0079725689089976,0.0983411525897646,0.0541410692441086,0.0,0.0,0.0,0.0,0.001228100160738,0.001228100160738,0.0084507502069238,0.0,0.0190533162545153,0.0096481238585581,0.0,0.0,GPAB4782_jpg.rf.4a1cdf2976fdae35a057fbebf48d41ec.jpg,train
yellowfin_segment.v18i.coco-segmentation/train\GPAB4787_jpg.rf.3b5cb17b0e6e2db09e9f7e90b335be9a.jpg,GPAB4787,0.0701150131643887,0.0,0.0,0.0,0.0491902604647768,0.0491902604647768,0.0,0.0,0.0,0.0,0.0209247526996118,0.0209247526996118,0.0,0.0,0.0,0.0,0.0,0.0,GPAB4787_jpg.rf.3b5cb17b0e6e2db09e9f7e90b335be9a.jpg,train
yellowfin_segment.v18i.coco-segmentation/train\GPAB4789_jpg.rf.5c044e3717b48118b45c9ad51a6650a2.jpg,GPAB4789,0.0967683394050195,0.0392473541595051,0.0,0.0,0.0765877443477626,0.0373403901882574,0.0,0.0,0.0,0.0,0.006257645619648,0.006257645619648,0.0,0.0,0.0139229494376088,0.0139229494376088,0.0,0.0,GPAB4789_jpg.rf.5c044e3717b48118b45c9ad51a6650a2.jpg,train
yellowfin_segment.v18i.coco-segmentation/train\GPAB4790_jpg.rf.feb20779db5e09d98fc2914cc0ca14fa.jpg,GPAB4790,0.1356469754552804,0.0040078890312123,0.0,0.0,0.0741545889081143,0.0741545889081143,0.0,0.0,0.0,0.0,0.0564714829189415,0.0524635938877291,0.0,0.0,0.0050209036282246,0.0050209036282246,0.0,0.0,GPAB4790_jpg.rf.feb20779db5e09d98fc2914cc0ca14fa.jpg,train
yellowfin_segment.v18i.coco-segmentation/train\GPAB4793_jpg.rf.c69e00462f231a9a204e3bc0538813db.jpg,GPAB4793,0.326381780716427,0.02450727162042,0.0,0.0,0.0943102186767244,0.0698029470563044,0.0123136485233031,0.0123136485233031,0.0,0.0,0.020123943056097,0.020123943056097,0.0,0.0,0.0,0.0,0.1996339704603023,0.1996339704603023,GPAB4793_jpg.rf.c69e00462f231a9a204e3bc0538813db.jpg,train
yellowfin_segment.v18i.coco-segmentation/train\GPAB4795_jpg.rf.c70fcc188f6d8ec7e06f3b2c8984d0f7.jpg,GPAB4795,0.0269721137725815,0.0,0.0,0.0,0.0165836730853063,0.0165836730853063,0.0,0.0,0.0,0.0,0.0103884406872751,0.0103884406872751,0.0,0.0,0.0,0.0,0.0,0.0,GPAB4795_jpg.rf.c70fcc188f6d8ec7e06f3b2c8984d0f7.jpg,train
yellowfin_segment.v18i.coco-segmentation/train\GPAB4797_jpg.rf.e4b9f8bdcb32587cb5017cdd72df915d.jpg,GPAB4797,0.4516787236208118,0.1758631748549612,0.0337962794038289,0.0337962794038289,0.3289964146004689,0.1531332397455077,0.0,0.0,0.0,0.0,0.0,0.0,0.0,0.0,0.0076701048350082,0.0076701048350082,0.0812159247815057,0.0812159247815057,GPAB4797_jpg.rf.e4b9f8bdcb32587cb5017cdd72df915d.jpg,train
yellowfin_segment.v18i.coco-segmentation/train\GPAB4801_jpg.rf.9739c11121861706595f5b3390fbd58c.jpg,GPAB4801,0.1400456672741553,0.0374556145973963,0.0,0.0,0.101262091361434,0.0638064767640377,0.0,0.0,0.0013077970437257,0.0013077970437257,0.0331500625092419,0.0331500625092419,0.0,0.0,0.0043257163597536,0.0043257163597536,0.0,0.0,GPAB4801_jpg.rf.9739c11121861706595f5b3390fbd58c.jpg,train
yellowfin_segment.v18i.coco-segmentation/train\GPAB4803_jpg.rf.dc872b5dd3a719c76a02e05e55e48979.jpg,GPAB4803,0.3371735068356881,0.1495574422485659,0.1495574422485659,0.0,0.13105144193746,0.13105144193746,0.0,0.0,0.0,0.0,0.0565646226496621,0.0565646226496621,0.0,0.0,0.0,0.0,0.0,0.0,GPAB4803_jpg.rf.dc872b5dd3a719c76a02e05e55e48979.jpg,train
yellowfin_segment.v18i.coco-segmentation/train\GPAB4838_jpg.rf.577d2dba6fa6db597e730cd8e9cc4d40.jpg,GPAB4838,0.6049415908266007,0.0,0.0,0.0,0.0418331819412624,0.0418331819412624,0.0,0.0,0.0,0.0,0.0,0.0,0.0,0.0,0.0,0.0,0.5631084088853383,0.5631084088853383,GPAB4838_jpg.rf.577d2dba6fa6db597e730cd8e9cc4d40.jpg,train
yellowfin_segment.v18i.coco-segmentation/train\GPAB4862_jpg.rf.11a13aa47c9a9c8fb61cd72b53131a3d.jpg,GPAB4862,0.1271837426040332,0.024850064237608,0.0031725120649558,0.0031725120649558,0.0395728631153223,0.0212281769770108,0.004036695133497,0.004036695133497,0.0,0.0,0.0184282238349371,0.0119228457356406,0.0,0.0,0.0188075041816858,0.0188075041816858,0.0431659442736349,0.0431659442736349,GPAB4862_jpg.rf.11a13aa47c9a9c8fb61cd72b53131a3d.jpg,train
yellowfin_segment.v18i.coco-segmentation/train\GPAB4875_jpg.rf.420ee51b2763bb6abc8d4e698fed5e40.jpg,GPAB4875,0.2050850452159785,0.0882551759764788,0.0,0.0,0.1120317328022768,0.0526998039264637,0.0099832348484703,0.0099832348484703,0.0,0.0,0.0312344567073088,0.002311209606643,0.0,0.0,0.0518356208579225,0.0518356208579225,0.0,0.0,GPAB4875_jpg.rf.420ee51b2763bb6abc8d4e698fed5e40.jpg,train
yellowfin_segment.v18i.coco-segmentation/train\GPAB4881_jpg.rf.8b2a14c2b37d92d63755a939f2eb6281.jpg,GPAB4881,0.4633845633859076,0.0,0.0,0.0,0.4516518379253461,0.4516518379253461,0.0,0.0,0.0,0.0,0.0,0.0,0.0,0.0,0.0117327254605615,0.0117327254605615,0.0,0.0,GPAB4881_jpg.rf.8b2a14c2b37d92d63755a939f2eb6281.jpg,train
yellowfin_segment.v18i.coco-segmentation/train\GPAB4888_jpg.rf.7f6403933175008ae00c4b79b70dbb31.jpg,GPAB4888,0.9509566506568752,0.0,0.9509566506568752,0.9509566506568752,0.0,0.0,0.0,0.0,0.0,0.0,0.0,0.0,0.0,0.0,0.0,0.0,0.0,0.0,GPAB4888_jpg.rf.7f6403933175008ae00c4b79b70dbb31.jpg,train
yellowfin_segment.v18i.coco-segmentation/train\GPAB4891_jpg.rf.b904748dfaec0495e1cf5166ada62dc2.jpg,GPAB4891,0.1141777874224875,0.0100974990541996,0.0,0.0,0.0030217601296658,0.0,0.0,0.0,0.0,0.0,0.0472266444923692,0.0401509055678354,0.0,0.0,0.0074809447633386,0.0074809447633386,0.0564484380371137,0.0564484380371137,GPAB4891_jpg.rf.b904748dfaec0495e1cf5166ada62dc2.jpg,train
yellowfin_segment.v18i.coco-segmentation/train\GPAB4901_jpg.rf.47fdedb2f1b1ad1872ea1d068c561138.jpg,GPAB4901,0.102441221148288,0.0097662288779255,0.0,0.0,0.0436287623170092,0.0338625334390837,0.0047645293178907,0.0047645293178907,0.0,0.0,0.0084286655285055,0.0084286655285055,0.0,0.0,0.0456192639848825,0.0456192639848825,0.0,0.0,GPAB4901_jpg.rf.47fdedb2f1b1ad1872ea1d068c561138.jpg,train
yellowfin_segment.v18i.coco-segmentation/train\GPAB5033_jpg.rf.a42128c7f23b888e301bb1cfac56c0ea.jpg,GPAB5033,0.4048236778479153,0.085425456528711,0.0039925257766605,0.0,0.2120580423756968,0.1599410819187936,0.0,0.0,0.0,0.0,0.0380067713544437,0.0086908010592964,0.0,0.0,0.0,0.0,0.1507663383411142,0.1507663383411142,GPAB5033_jpg.rf.a42128c7f23b888e301bb1cfac56c0ea.jpg,train
yellowfin_segment.v18i.coco-segmentation/train\GPAB5096_jpg.rf.e6b7fbc62c0b41cc3946e299a644d3f2.jpg,GPAB5096,0.45827532104401,0.3494429860021547,0.0325931445317376,0.0259600593789788,0.0987367563944746,0.0467945529580986,0.0,0.0,0.0131999162702626,0.0131999162702626,0.0055864634364143,0.0055864634364143,0.0,0.0,0.0,0.0,0.3081590404111207,0.0172913429981007,GPAB5096_jpg.rf.e6b7fbc62c0b41cc3946e299a644d3f2.jpg,train
yellowfin_segment.v18i.coco-segmentation/train\GPAB5121_jpg.rf.fcbf5ec6808aa3c85aca6b2855ea846b.jpg,GPAB5121,0.6485933980254377,0.2530337626722845,0.0,0.0,0.6256080488090597,0.3725742861367752,0.0,0.0,0.0,0.0,0.0,0.0,0.0,0.0,0.0229853492163779,0.0229853492163779,0.0,0.0,GPAB5121_jpg.rf.fcbf5ec6808aa3c85aca6b2855ea846b.jpg,train
yellowfin_segment.v18i.coco-segmentation/train\GPAB5140_jpg.rf.79c16d5485a87227cb76d2c41e7b4043.jpg,GPAB5140,0.4292925413319557,0.2324940515398782,0.0,0.0,0.2118352751846951,0.0137510730273101,0.0,0.0,0.0,0.0,0.1904659483064892,0.156056098923996,0.0,0.0,0.0269913178407713,0.0269913178407713,0.0,0.0,GPAB5140_jpg.rf.79c16d5485a87227cb76d2c41e7b4043.jpg,train
yellowfin_segment.v18i.coco-segmentation/train\GPAB5142_jpg.rf.9cbf6dc4ce3a554c05d16f34fb84dbb1.jpg,GPAB5142,0.1878407521849428,0.056121968877887,0.0,0.0,0.1485847561947523,0.0954259750385521,0.0,0.0,0.0,0.0,0.0029631877216869,0.0,0.0,0.0,0.0362928082685036,0.0362928082685036,0.0,0.0,GPAB5142_jpg.rf.9cbf6dc4ce3a554c05d16f34fb84dbb1.jpg,train
yellowfin_segment.v18i.coco-segmentation/train\GPAB5150_jpg.rf.78a0f068bd61364295bdd1c46e50b387.jpg,GPAB5150,0.1404499129095507,0.0125805850711414,0.03846574858418,0.0258851635130386,0.0982758587579192,0.0982758587579192,0.0037083055674514,0.0037083055674514,0.0,0.0,0.0,0.0,0.0,0.0,0.0,0.0,0.0,0.0,GPAB5150_jpg.rf.78a0f068bd61364295bdd1c46e50b387.jpg,train
yellowfin_segment.v18i.coco-segmentation/train\GPAB5152_jpg.rf.dea64a52d7766208624c9075ac8e744b.jpg,GPAB5152,0.239370068155238,0.1422694983705348,0.0,0.0,0.1312482836364055,0.0575190648386954,0.0,0.0,0.0,0.0,0.1081217845188324,0.0395815049460077,0.0,0.0,0.0,0.0,0.0,0.0,GPAB5152_jpg.rf.dea64a52d7766208624c9075ac8e744b.jpg,train
yellowfin_segment.v18i.coco-segmentation/train\GPAB5174_jpg.rf.46ca733d089fc887a9dc084787d33982.jpg,GPAB5174,0.3651096648313979,0.0803421396788695,0.2096882603610748,0.2096882603610748,0.0827176829139484,0.0374114452405597,0.0,0.0,0.0,0.0,0.0159854663611939,0.0159854663611939,0.0236987803496292,0.0161631039919496,0.0022027066213706,0.0022027066213706,0.0308167682241806,0.0033165425763793,GPAB5174_jpg.rf.46ca733d089fc887a9dc084787d33982.jpg,train
yellowfin_segment.v18i.coco-segmentation/train\GPAB5179_jpg.rf.f9eed0cac19d9f9bceeb29baf5d810fb.jpg,GPAB5179,0.5498124722741266,0.1479855892672303,0.0,0.0,0.1646672031003047,0.0402152391962713,0.1800563831442052,0.1800563831442052,0.1622138833890571,0.1622138833890571,0.0151184026824242,0.0101243847496653,0.0,0.0,0.018539607430438,0.0,0.009216992527697,0.009216992527697,GPAB5179_jpg.rf.f9eed0cac19d9f9bceeb29baf5d810fb.jpg,train
yellowfin_segment.v18i.coco-segmentation/train\GPAB5236_jpg.rf.c1137ff7d5cba4f3f3f0a4a9cce4bce8.jpg,GPAB5236,0.2151095688110569,0.1313683090625918,0.0,0.0,0.1558765408864214,0.0245082318238295,0.0,0.0,0.0,0.0,0.0391830205310693,0.0391830205310693,0.0,0.0,0.0109127117488568,0.0109127117488568,0.0091372956447093,0.0091372956447093,GPAB5236_jpg.rf.c1137ff7d5cba4f3f3f0a4a9cce4bce8.jpg,train
yellowfin_segment.v18i.coco-segmentation/train\GPAB5241_jpg.rf.3652b87908eefc756b80da270e2a609f.jpg,GPAB5241,0.0480514592211214,0.0,0.0,0.0,0.0135772762101923,0.0135772762101923,0.0,0.0,0.0,0.0,0.0,0.0,0.0,0.0,0.034474183010929,0.034474183010929,0.0,0.0,GPAB5241_jpg.rf.3652b87908eefc756b80da270e2a609f.jpg,train
yellowfin_segment.v18i.coco-segmentation/train\GPAB5285_jpg.rf.917b9bc4a3094f60d6dd54576e66897b.jpg,GPAB5285,0.2253731830550984,0.0012530654493847,0.0,0.0,0.1973630893968578,0.1973630893968578,0.006453527115184,0.006453527115184,0.0,0.0,0.0069125043449204,0.0056594388955356,0.0,0.0,0.014644062198136,0.014644062198136,0.0,0.0,GPAB5285_jpg.rf.917b9bc4a3094f60d6dd54576e66897b.jpg,train
yellowfin_segment.v18i.coco-segmentation/train\GPAB5286_jpg.rf.7e8781dd4975ce7fca1bc1950bfe023e.jpg,GPAB5286,0.4076485962786356,0.1282658918465287,0.0,0.0,0.3377150615586405,0.230294225528736,0.0250190600376783,0.0250190600376783,0.0,0.0,0.0150655914949022,0.0073589989303334,0.0131384632520553,0.0,0.0167104199353591,0.0167104199353591,0.0,0.0,GPAB5286_jpg.rf.7e8781dd4975ce7fca1bc1950bfe023e.jpg,train
yellowfin_segment.v18i.coco-segmentation/train\GPAB5287_jpg.rf.f316e103bf2987c11731ee8f25b032d8.jpg,GPAB5287,0.1393235943102186,0.0639072981220341,0.0,0.0,0.0838526433439659,0.0199453452219318,0.0,0.0,0.0,0.0,0.0041807256449206,0.0041807256449206,0.0,0.0,0.051290225321332,0.051290225321332,0.0,0.0,GPAB5287_jpg.rf.f316e103bf2987c11731ee8f25b032d8.jpg,train
yellowfin_segment.v18i.coco-segmentation/train\GPAB5297_jpg.rf.0296081ab463a9d1ecf239538718dd87.jpg,GPAB5297,0.3299028466190278,0.04611376874077,0.1851329785701803,0.1851329785701803,0.0974164767064254,0.0974164767064254,0.0012396226016519,0.0012396226016519,0.0,0.0,0.0395248529448478,0.0,0.0,0.0,0.0065889157959222,0.0,0.0,0.0,GPAB5297_jpg.rf.0296081ab463a9d1ecf239538718dd87.jpg,train
yellowfin_segment.v18i.coco-segmentation/train\GPAB5299_jpg.rf.982209f62d95c666316b67c67161afb2.jpg,GPAB5299,0.125183638902065,0.052281155239926,0.0,0.0,0.1021272346333847,0.0649260739395033,0.0,0.0,0.0,0.0,0.0177205539221428,0.004778932369033,0.0,0.0,0.0053358503465374,0.0031974773536025,0.0,0.0,GPAB5299_jpg.rf.982209f62d95c666316b67c67161afb2.jpg,train
yellowfin_segment.v18i.coco-segmentation/train\GPAB5302_jpg.rf.3c212643573c9f4bb59e48652eb6d846.jpg,GPAB5302,0.3089934571739677,0.006410317961757,0.3003554673021933,0.3003554673021933,0.0022276719100174,0.0022276719100174,0.0,0.0,0.0,0.0,0.006410317961757,0.0,0.0,0.0,0.0,0.0,0.0,0.0,GPAB5302_jpg.rf.3c212643573c9f4bb59e48652eb6d846.jpg,train
yellowfin_segment.v18i.coco-segmentation/train\GPAB5309_jpg.rf.d19f7d3fbbd76e45123f9b77fbf6c288.jpg,GPAB5309,0.3152021324197318,0.2292620068635339,0.0,0.0,0.2336741415301417,0.0308369324957799,0.0267627894293127,0.0267627894293127,0.0,0.0,0.0399819097677652,0.013557111938593,0.0,0.0,0.0147832916925121,0.0147832916925121,0.0,0.0,GPAB5309_jpg.rf.d19f7d3fbbd76e45123f9b77fbf6c288.jpg,train
yellowfin_segment.v18i.coco-segmentation/train\GPAB5311_jpg.rf.411f63a94d59592bc074a6196bacf1d0.jpg,GPAB5311,0.1834651052478957,0.0656471867000305,0.0615365559040027,0.0264295988462195,0.0172442930310356,0.0172442930310356,0.0099160206098059,0.0099160206098059,0.0,0.0,0.0398839690199972,0.0213251575213693,0.0110327371750431,0.0110327371750431,0.0318701113643914,0.0318701113643914,0.0119814181436195,0.0,GPAB5311_jpg.rf.411f63a94d59592bc074a6196bacf1d0.jpg,train
yellowfin_segment.v18i.coco-segmentation/train\GPAB5334_jpg.rf.e95df04308622776ed1b1ed4b88ef51f.jpg,GPAB5334,0.3282464957376571,0.2133447149444138,0.0,0.0,0.1810818803855408,0.0234884958029509,0.0664969667174294,0.0664969667174294,0.0,0.0,0.031706876784778,0.0249163182728629,0.0,0.0,0.0489607718499086,0.0,0.0,0.0,GPAB5334_jpg.rf.e95df04308622776ed1b1ed4b88ef51f.jpg,train
yellowfin_segment.v18i.coco-segmentation/train\GPAB5336_jpg.rf.6cbd3774005119fe947d59c92202676a.jpg,GPAB5336,0.0854437003934913,0.0130482041315632,0.0,0.0,0.0130482041315632,0.0,0.0,0.0,0.0,0.0,0.0,0.0,0.0,0.0,0.0723954962619281,0.0723954962619281,0.0,0.0,GPAB5336_jpg.rf.6cbd3774005119fe947d59c92202676a.jpg,train
yellowfin_segment.v18i.coco-segmentation/train\GPAB5348_jpg.rf.8ba371da13fb1ea879c422e3e3ba2cce.jpg,GPAB5348,0.3818930602258782,0.0460571167396101,0.0,0.0,0.2176243415405119,0.2176243415405119,0.1058345799974266,0.1058345799974266,0.0,0.0,0.0524002204627028,0.0063431037230926,0.0,0.0,0.0060339182252368,0.0060339182252368,0.0,0.0,GPAB5348_jpg.rf.8ba371da13fb1ea879c422e3e3ba2cce.jpg,train
yellowfin_segment.v18i.coco-segmentation/train\GPAB5349_jpg.rf.1ee7632cec92426ad67645eedadd0f50.jpg,GPAB5349,0.3942796842083026,0.06540329503402,0.0,0.0,0.2708618593762902,0.2708618593762902,0.0410112478227387,0.0109943290386635,0.0,0.0,0.0719345986253728,0.036548222375428,0.0032666119990858,0.0032666119990858,0.0072053663848149,0.0072053663848149,0.0,0.0,GPAB5349_jpg.rf.1ee7632cec92426ad67645eedadd0f50.jpg,train
yellowfin_segment.v18i.coco-segmentation/train\GPAB5420_jpg.rf.1a7945f6c17694f7cf560b2e8231a128.jpg,GPAB5420,0.3854967036216952,0.1560004071262456,0.0289347695415796,0.0289347695415796,0.2534255256633565,0.0974251185371109,0.0,0.0,0.0,0.0,0.103136408416759,0.103136408416759,0.0,0.0,0.0,0.0,0.0,0.0,GPAB5420_jpg.rf.1a7945f6c17694f7cf560b2e8231a128.jpg,train
yellowfin_segment.v18i.coco-segmentation/train\GPAB5443_jpg.rf.32c02690be0eb7a25e3c884163f2a83f.jpg,GPAB5443,0.2353016863092277,0.2179239250042729,0.0,0.0,0.1831578401568588,0.0041663225937782,0.0,0.0,0.0,0.0,0.0,0.0,0.0052811187521964,0.0052811187521964,0.0468627274001724,0.0079303199589801,0.0,0.0,GPAB5443_jpg.rf.32c02690be0eb7a25e3c884163f2a83f.jpg,train
yellowfin_segment.v18i.coco-segmentation/train\GPAB5501_jpg.rf.b589a7631d40c0e686a0a60ee8a45f5f.jpg,GPAB5501,0.1559418347182667,0.0757043572110315,0.0,0.0,0.1053275925972157,0.0296232353861842,0.0,0.0,0.0,0.0,0.0,0.0,0.0,0.0,0.0506142421210509,0.0506142421210509,0.0,0.0,GPAB5501_jpg.rf.b589a7631d40c0e686a0a60ee8a45f5f.jpg,train
yellowfin_segment.v18i.coco-segmentation/train\GPAB5545_jpg.rf.8c6a419671b63b24065f36515b5b7271.jpg,GPAB5545,0.3122773528344244,0.0281233976605604,0.0,0.0,0.2384597953230412,0.2384597953230412,0.0,0.0,0.0,0.0,0.0497788651547943,0.0216554674942339,0.0,0.0,0.0240386923565888,0.0240386923565888,0.0,0.0,GPAB5545_jpg.rf.8c6a419671b63b24065f36515b5b7271.jpg,train
yellowfin_segment.v18i.coco-segmentation/train\GPAB5552_jpg.rf.0aa5c6e322bdc54366f9d200985db4aa.jpg,GPAB5552,0.5214038942009476,0.0023188912339189,0.0,0.0,0.1839346447151364,0.1839346447151364,0.0,0.0,0.0,0.0,0.0035748372935322,0.0012559460596132,0.0,0.0,0.0067761554607728,0.0067761554607728,0.327118256731506,0.327118256731506,GPAB5552_jpg.rf.0aa5c6e322bdc54366f9d200985db4aa.jpg,train
yellowfin_segment.v18i.coco-segmentation/train\GPAB5569_jpg.rf.8e265edd8d3471a629aa34b39cc85f3b.jpg,GPAB5569,0.6115132229611521,0.0230093543016152,0.0,0.0,0.5639764327675175,0.5460820820282569,0.0,0.0,0.0,0.0,0.0069211461756058,0.0018061426132511,0.0,0.0,0.0406156440180287,0.0406156440180287,0.0,0.0,GPAB5569_jpg.rf.8e265edd8d3471a629aa34b39cc85f3b.jpg,train
yellowfin_segment.v18i.coco-segmentation/train\GPAB5573_jpg.rf.52eca794ae531745404865e3c713eb5e.jpg,GPAB5573,0.2671429915713345,0.044635055490155,0.1219055044620652,0.1219055044620652,0.1252652561918716,0.0806302007017166,0.0,0.0,0.0,0.0,0.0,0.0,0.0,0.0,0.0199722309173975,0.0199722309173975,0.0,0.0,GPAB5573_jpg.rf.52eca794ae531745404865e3c713eb5e.jpg,train
yellowfin_segment.v18i.coco-segmentation/train\GPAB5585_jpg.rf.05d053942efba9dcd4f589dfea18c2e5.jpg,GPAB5585,0.310547066290523,0.0899278503158109,0.0,0.0,0.1756932188514815,0.0857653685356706,0.1230692709943674,0.1230692709943674,0.0,0.0,0.0,0.0,0.0,0.0,0.011784576444674,0.011784576444674,0.0,0.0,GPAB5585_jpg.rf.05d053942efba9dcd4f589dfea18c2e5.jpg,train
yellowfin_segment.v18i.coco-segmentation/train\GPAB5646_jpg.rf.89c32cce97796de1fa893918a8ad607b.jpg,GPAB5646,0.2586951219746391,0.0152941199063609,0.0718568221492041,0.0718568221492041,0.0903820265284998,0.0795643749171824,0.0174065674072395,0.0174065674072395,0.0562064667779222,0.0562064667779222,0.0174574581879425,0.0145278775855877,0.0,0.0,0.0053857809238309,0.003838893231142,0.0,0.0,GPAB5646_jpg.rf.89c32cce97796de1fa893918a8ad607b.jpg,train
yellowfin_segment.v18i.coco-segmentation/train\GPAB5669_jpg.rf.c3ae775301186fb9b1b6950c2f4bc406.jpg,GPAB5669,0.1235685767673023,0.0,0.0747998455992917,0.0747998455992917,0.0412416966410164,0.0412416966410164,0.0,0.0,0.0,0.0,0.0054635573999996,0.0054635573999996,0.0,0.0,0.0,0.0,0.0020634771269945,0.0020634771269945,GPAB5669_jpg.rf.c3ae775301186fb9b1b6950c2f4bc406.jpg,train
yellowfin_segment.v18i.coco-segmentation/train\GPAB5743_jpg.rf.e977816285ab91f398c9cf38144e91de.jpg,GPAB5743,0.1400139805616422,0.0114725103365897,0.0766933667228065,0.0766933667228065,0.0336733733674141,0.0247934122364481,0.0,0.0,0.0,0.0,0.0222853609308595,0.0222853609308595,0.0,0.0,0.0073618795405618,0.0047693303349381,0.0,0.0,GPAB5743_jpg.rf.e977816285ab91f398c9cf38144e91de.jpg,train
yellowfin_segment.v18i.coco-segmentation/train\GPAB5767_jpg.rf.5e9dcd3a001722ecbb252bc7810e23dd.jpg,GPAB5767,0.3452046481526646,0.1475314130545414,0.0266408435963074,0.0,0.0061433814139187,0.0061433814139187,0.0,0.0,0.0,0.0,0.0045590457882597,0.0045590457882597,0.0,0.0,0.0,0.0,0.3078613773541787,0.1869708078959446,GPAB5767_jpg.rf.5e9dcd3a001722ecbb252bc7810e23dd.jpg,train
yellowfin_segment.v18i.coco-segmentation/train\GPAB5916_jpg.rf.d72c77ea11466eba34b333085f39bc94.jpg,GPAB5916,0.4014754485590227,0.1352004808698674,0.0,0.0,0.4014754485590227,0.2662749676891552,0.0,0.0,0.0,0.0,0.0,0.0,0.0,0.0,0.0,0.0,0.0,0.0,GPAB5916_jpg.rf.d72c77ea11466eba34b333085f39bc94.jpg,train
yellowfin_segment.v18i.coco-segmentation/train\GPAB6017_jpg.rf.2a7ce631b79425a164d63b2137dcb999.jpg,GPAB6017,0.217027095019809,0.0383582058023171,0.0,0.0,0.1492741822427663,0.1288842628422405,0.0,0.0,0.0113678481649552,0.0113678481649552,0.0193538599216858,0.0170493717389091,0.0033837568150436,0.0011253583959225,0.0013682898585236,0.0013682898585236,0.0322791580168342,0.0188737582169406,GPAB6017_jpg.rf.2a7ce631b79425a164d63b2137dcb999.jpg,train
yellowfin_segment.v18i.coco-segmentation/train\GPAB6031_jpg.rf.c8c7491ba0185bc1872720abe9f324f0.jpg,GPAB6031,0.3382230091622609,0.1841698945504615,0.1314748916410452,0.0,0.1457492755265275,0.0930542726171112,0.0,0.0,0.0336426468583104,0.0336426468583104,0.0018906405132863,0.0018906405132863,0.0,0.0,0.0,0.0,0.0254655546230913,0.0254655546230913,GPAB6031_jpg.rf.c8c7491ba0185bc1872720abe9f324f0.jpg,train
yellowfin_segment.v18i.coco-segmentation/train\GPAB6033_jpg.rf.e583d1e7ca6b0479db2a6ff5d7a2ef5e.jpg,GPAB6033,0.2647856922010358,0.1161702094971798,0.0635088137070957,0.0,0.0895735352577089,0.0681744420738089,0.0045158366348327,0.0,0.0014547081653777,0.0014547081653777,0.017754161041475,0.017754161041475,0.0,0.0,0.0,0.0,0.0879786373945456,0.0612321714231942,GPAB6033_jpg.rf.e583d1e7ca6b0479db2a6ff5d7a2ef5e.jpg,train
yellowfin_segment.v18i.coco-segmentation/train\GPAB6112_jpg.rf.275e9e45ae9d2003a909da0c5f0de468.jpg,GPAB6112,0.3780071170276711,0.0045408019234794,0.2303614397674003,0.2303614397674003,0.0048490272179258,0.0048490272179258,0.0,0.0,0.0,0.0,0.0734085108589403,0.0688677089354608,0.0,0.0,0.0,0.0,0.0693881391834046,0.0693881391834046,GPAB6112_jpg.rf.275e9e45ae9d2003a909da0c5f0de468.jpg,train
yellowfin_segment.v18i.coco-segmentation/train\GPAB6151_jpg.rf.c36cadd2306d5b5385f070e07094abae.jpg,GPAB6151,0.1474334723067734,0.0863040426483946,0.0155015238428108,0.0,0.0076758660554651,0.004091426727838,0.0,0.0,0.0019732180065024,0.0019732180065024,0.0190321917795065,0.0190321917795065,0.0,0.0,0.0,0.0,0.1032506726224883,0.0360325931445317,GPAB6151_jpg.rf.c36cadd2306d5b5385f070e07094abae.jpg,train
yellowfin_segment.v18i.coco-segmentation/train\GPAB6199_jpg.rf.bfde89e764df96e5529e9f0eaca7fc63.jpg,GPAB6199,0.1751651069762618,0.0214365411168701,0.0037351912629171,0.0037351912629171,0.0570888937112437,0.0475627156856908,0.0,0.0,0.0025253349669594,0.0025253349669594,0.0738204381216116,0.0738204381216116,0.0,0.0,0.0,0.0,0.0379952489135298,0.0260848858222125,GPAB6199_jpg.rf.bfde89e764df96e5529e9f0eaca7fc63.jpg,train
yellowfin_segment.v18i.coco-segmentation/train\GPAB6203_jpg.rf.51578668f786e422636d911cb62b28bf.jpg,GPAB6203,0.2177693322553449,0.0629538161364103,0.0230429614209474,0.0230429614209474,0.0779886811222089,0.0522504287308223,0.002407229947592,0.002407229947592,0.0024965288646746,0.0024965288646746,0.0267416649543039,0.0255394902856221,0.0,0.0,0.0,0.0,0.0850922659456179,0.0490788768692759,GPAB6203_jpg.rf.51578668f786e422636d911cb62b28bf.jpg,train
yellowfin_segment.v18i.coco-segmentation/train\GPAB6208_jpg.rf.c473a27a0a8d6f6587dc146ae5eb3014.jpg,GPAB6208,0.0381527222726862,0.0079735291124071,0.0,0.0,0.0217841347511056,0.0190696397124766,0.0,0.0,0.0,0.0,0.0058313153058343,0.0058313153058343,0.0,0.0,0.0,0.0,0.0105372722157461,0.0052782381419679,GPAB6208_jpg.rf.c473a27a0a8d6f6587dc146ae5eb3014.jpg,train
yellowfin_segment.v18i.coco-segmentation/train\GPAB6213_jpg.rf.a18255c26a2019ef53cab4aad446882f.jpg,GPAB6213,0.057857056438836,0.0,0.0205598754040055,0.0205598754040055,0.0064141587753949,0.0064141587753949,0.0,0.0,0.0193855466341989,0.0193855466341989,0.0114974756252364,0.0114974756252364,0.0,0.0,0.0,0.0,0.0,0.0,GPAB6213_jpg.rf.a18255c26a2019ef53cab4aad446882f.jpg,train
yellowfin_segment.v18i.coco-segmentation/train\GPAB6220_jpg.rf.3bc13f3d7e06c9294ec7edc12332c5da.jpg,GPAB6220,0.1302506322939451,0.0,0.0,0.0,0.0068933002767306,0.0068933002767306,0.0,0.0,0.0,0.0,0.1223856061668103,0.1223856061668103,0.0,0.0,0.0,0.0,0.0009717258504041,0.0009717258504041,GPAB6220_jpg.rf.3bc13f3d7e06c9294ec7edc12332c5da.jpg,train
yellowfin_segment.v18i.coco-segmentation/train\GPAB6236_jpg.rf.46b13879c47d4fdd782cf071312ef0fe.jpg,GPAB6236,0.020464815266466,0.0059177336126885,0.0,0.0,0.0034788169525832,0.0034788169525832,0.0,0.0,0.0,0.0,0.0010821492424955,0.0,0.0,0.0,0.0,0.0,0.0159038490713872,0.0110682647011943,GPAB6236_jpg.rf.46b13879c47d4fdd782cf071312ef0fe.jpg,train
yellowfin_segment.v18i.coco-segmentation/train\GPAB6245_jpg.rf.47051ee1d535ca875a821dca928db358.jpg,GPAB6245,0.0921728058871991,0.0066234831186638,0.0,0.0,0.0440935007672025,0.0418197390935295,0.0,0.0,0.0073628397439713,0.0073628397439713,0.0,0.0,0.0,0.0,0.0,0.0,0.0407164653760252,0.0363667439310343,GPAB6245_jpg.rf.47051ee1d535ca875a821dca928db358.jpg,train
yellowfin_segment.v18i.coco-segmentation/train\GPAB6251_jpg.rf.d7a423a98ef5280e1fa58def52ffcf9b.jpg,GPAB6251,0.0741699521626661,0.0252927180093831,0.0104700579770818,0.0104700579770818,0.029638598640736,0.0240070056440756,0.0039810033357466,0.0039810033357466,0.0,0.0,0.0069067431244634,0.0069067431244634,0.0009630840197187,0.0,0.0,0.0,0.0222104650649193,0.0035124240719153,GPAB6251_jpg.rf.d7a423a98ef5280e1fa58def52ffcf9b.jpg,train
yellowfin_segment.v18i.coco-segmentation/train\GPAB6286_jpg.rf.b9de6c3dd697e300894bf557002032ac.jpg,GPAB6286,0.1533627283603758,0.0165135782364136,0.0061894711775742,0.0,0.03605467782295,0.0343013463972207,0.0613579580698375,0.0613579580698375,0.0323127651361664,0.0323127651361664,0.0013356429426009,0.0013356429426009,0.0,0.0,0.0,0.0,0.0161122132112466,0.0075414375781365,GPAB6286_jpg.rf.b9de6c3dd697e300894bf557002032ac.jpg,train
yellowfin_segment.v18i.coco-segmentation/train\GPAB6318_jpg.rf.d15aea90cad5a842336ad5d3bce3c7bf.jpg,GPAB6318,0.3374039556539657,0.2120532413586494,0.0299727494272386,0.0157194900167651,0.2385058850866967,0.0473025005617189,0.0,0.0,0.0,0.0,0.0,0.0,0.0,0.0,0.037782083756623,0.0311854863334248,0.0311432373834073,0.0311432373834073,GPAB6318_jpg.rf.d15aea90cad5a842336ad5d3bce3c7bf.jpg,train
yellowfin_segment.v18i.coco-segmentation/train\GPAB6343_jpg.rf.0d5a7465def88e0de6cf8a58d5eb8cfa.jpg,GPAB6343,0.3301524995054952,0.1301517313427676,0.0,0.0,0.2963206925755152,0.1798096108679662,0.0,0.0,0.0096202779596829,0.0096202779596829,0.0042719449688221,0.0042719449688221,0.0,0.0,0.0136406496352187,0.0,0.0062989343662561,0.0062989343662561,GPAB6343_jpg.rf.0d5a7465def88e0de6cf8a58d5eb8cfa.jpg,train
yellowfin_segment.v18i.coco-segmentation/train\GPAB6357_jpg.rf.f77decaa064ed06ac4ae7dc5f14b7c03.jpg,GPAB6357,0.1658857012269479,0.0009986115458698,0.0,0.0,0.0017158834927591,0.0017158834927591,0.0425514140915611,0.0425514140915611,0.1135306103244911,0.1135306103244911,0.0080877933181365,0.0070891817722666,0.0,0.0,0.0,0.0,0.0,0.0,GPAB6357_jpg.rf.f77decaa064ed06ac4ae7dc5f14b7c03.jpg,train
yellowfin_segment.v18i.coco-segmentation/train\GPAB6362_jpg.rf.409a2850d857b0bd69c899eb31575f58.jpg,GPAB6362,0.0357253280534948,0.0057929071694547,0.0057929071694547,0.0,0.0026079124601755,0.0026079124601755,0.0,0.0,0.0234376050222479,0.0234376050222479,0.0020932434326887,0.0020932434326887,0.0,0.0,0.0,0.0,0.0017936599689278,0.0017936599689278,GPAB6362_jpg.rf.409a2850d857b0bd69c899eb31575f58.jpg,train
yellowfin_segment.v18i.coco-segmentation/train\GPAB6368_jpg.rf.4ccdaea8dd51721346f6943ef0c1a15f.jpg,GPAB6368,0.0533364187869558,0.0050103413907202,0.0050103413907202,0.0,0.0048192609122316,0.0048192609122316,0.0,0.0,0.0360930859593296,0.0360930859593296,0.0042306562222141,0.0042306562222141,0.0031830743024602,0.0031830743024602,0.0,0.0,0.0,0.0,GPAB6368_jpg.rf.4ccdaea8dd51721346f6943ef0c1a15f.jpg,train
yellowfin_segment.v18i.coco-segmentation/train\GPAB6415_jpg.rf.6edab159b05aadee5406742ad5b6bae4.jpg,GPAB6415,0.3304424809351613,0.1877591348951361,0.0484509038394693,0.0,0.2532469278291913,0.1246007954325044,0.0,0.0,0.0,0.0,0.0,0.0,0.0191906253420724,0.0085285266830925,0.0,0.0,0.0095540239244281,0.0095540239244281,GPAB6415_jpg.rf.6edab159b05aadee5406742ad5b6bae4.jpg,train
yellowfin_segment.v18i.coco-segmentation/train\GPAB6420_jpg.rf.b77275a4c2d4ceebbfe562a217560760.jpg,GPAB6420,0.2973865183600493,0.221708086641074,0.1317341465616076,0.0553278806582386,0.1443003285816067,0.0,0.0,0.0,0.0,0.0,0.0020116261428821,0.0010101339867837,0.0,0.0,0.0193404170739529,0.0193404170739529,0.0,0.0,GPAB6420_jpg.rf.b77275a4c2d4ceebbfe562a217560760.jpg,train
yellowfin_segment.v18i.coco-segmentation/train\GPAB6428_jpg.rf.b16d2b18243733f492c9084c55db4346.jpg,GPAB6428,0.353360615912875,0.0831776203470943,0.0057852255421788,0.0028988540932511,0.2042266233678942,0.1255485161976713,0.0,0.0,0.0058754846626709,0.0058754846626709,0.0016131417279436,0.0,0.0,0.0,0.0012521052459753,0.0012521052459753,0.134608035366212,0.134608035366212,GPAB6428_jpg.rf.b16d2b18243733f492c9084c55db4346.jpg,train
yellowfin_segment.v18i.coco-segmentation/train\GPAB6469_jpg.rf.804de9a3f3b0bcff6cafd0268423db33.jpg,GPAB6469,0.1573446918995319,0.0043295571733916,0.0,0.0,0.0066791749164142,0.0066791749164142,0.1233381279490247,0.1233381279490247,0.0,0.0,0.0034096823070999,0.0034096823070999,0.0,0.0,0.0,0.0,0.023917706726993,0.0195881495536014,GPAB6469_jpg.rf.804de9a3f3b0bcff6cafd0268423db33.jpg,train
yellowfin_segment.v18i.coco-segmentation/train\GPAB6581_jpg.rf.0e33f8c4bc7b403d776dbb15f4bb9251.jpg,GPAB6581,0.3558657866082351,0.235174939459175,0.0,0.0,0.3215068280064448,0.0876185611159868,0.0,0.0,0.0,0.0,0.0,0.0,0.0012866725687169,0.0,0.0330722860330732,0.0330722860330732,0.0,0.0,GPAB6581_jpg.rf.0e33f8c4bc7b403d776dbb15f4bb9251.jpg,train
yellowfin_segment.v18i.coco-segmentation/train\GPAB6582_jpg.rf.a166616a1043774d17060f56687c0471.jpg,GPAB6582,0.2639858427609304,0.0564782043428079,0.1792766979756991,0.1792766979756991,0.0689560476491339,0.012477843306326,0.0,0.0,0.0,0.0,0.0,0.0,0.0,0.0,0.0157530971360973,0.0157530971360973,0.0,0.0,GPAB6582_jpg.rf.a166616a1043774d17060f56687c0471.jpg,train
yellowfin_segment.v18i.coco-segmentation/train\GPAB6583_jpg.rf.226622e1572d169e84459d33d4b242e9.jpg,GPAB6583,0.1368865980569323,0.0270316463839699,0.0217697316999633,0.0217697316999633,0.0115656500673102,0.0,0.0133045784418971,0.0,0.0,0.0,0.0,0.0,0.0,0.0,0.0195535822308597,0.0173921643560971,0.0706930556169018,0.0706930556169018,GPAB6583_jpg.rf.226622e1572d169e84459d33d4b242e9.jpg,train
yellowfin_segment.v18i.coco-segmentation/train\GPAB6584_jpg.rf.bf60090261c1ac131e8b94b020257a0e.jpg,GPAB6584,0.3227118832853551,0.2360631276129535,0.0,0.0,0.3029672205760068,0.0684260153670953,0.0,0.0,0.0,0.0,0.0154256677734611,0.013903745369419,0.0,0.0,0.0043189949358872,0.0043189949358872,0.0,0.0,GPAB6584_jpg.rf.bf60090261c1ac131e8b94b020257a0e.jpg,train
yellowfin_segment.v18i.coco-segmentation/train\GPAB6596_jpg.rf.2ff0ce0a9390ffcde484219f10b26580.jpg,GPAB6596,0.1759601553993197,0.0501984740447416,0.0649577606520165,0.0376207695838286,0.0381239161704015,0.0221211661478367,0.0134745344453769,0.0134745344453769,0.0053752186863265,0.0053752186863265,0.0048471068111068,0.0048471068111068,0.0,0.0,0.0,0.0,0.0491816186340914,0.0423228856801024,GPAB6596_jpg.rf.2ff0ce0a9390ffcde484219f10b26580.jpg,train
yellowfin_segment.v18i.coco-segmentation/train\GPAB6643_jpg.rf.d790114b6394a3a5aa132aa793ce2dbc.jpg,GPAB6643,0.3185215556063396,0.2011098031006888,0.0,0.0,0.2354418760070133,0.1030480697030859,0.0,0.0,0.0,0.0,0.0707007372441778,0.0019847404474163,0.0,0.0,0.0123789423551485,0.0123789423551485,0.0,0.0,GPAB6643_jpg.rf.d790114b6394a3a5aa132aa793ce2dbc.jpg,train
yellowfin_segment.v18i.coco-segmentation/train\GPAB6646_jpg.rf.49fc6a67b97d38d25bea008e6f33d9f7.jpg,GPAB6646,0.3028769614555147,0.1910795182851535,0.0207394334415802,0.0207394334415802,0.2376647468999833,0.0465852286148297,0.0,0.0,0.0,0.0,0.0078323792112121,0.0078323792112121,0.0033866374252721,0.0033866374252721,0.0272812992704374,0.0272812992704374,0.0059724652070294,0.0059724652070294,GPAB6646_jpg.rf.49fc6a67b97d38d25bea008e6f33d9f7.jpg,train
yellowfin_segment.v18i.coco-segmentation/train\GPAB6647_jpg.rf.ed1c984301bcc115058546f7d8048b07.jpg,GPAB6647,0.1602349041620977,0.0954490199203799,0.0263595039973267,0.0212512218588385,0.1167271274746842,0.0325057660214739,0.0,0.0,0.0,0.0,0.0014835142676624,0.0,0.0,0.0,0.0156647584224242,0.0110288963614052,0.0,0.0,GPAB6647_jpg.rf.ed1c984301bcc115058546f7d8048b07.jpg,train
yellowfin_segment.v18i.coco-segmentation/train\GPAB6648_jpg.rf.c56ce6da35aa5d7bf1816fcefeee13f5.jpg,GPAB6648,0.5458074638531426,0.0706200801577806,0.0,0.0,0.1609089669555598,0.1053093487324354,0.0,0.0,0.0,0.0,0.0010984727004568,0.0,0.0077498017179959,0.0,0.0143636828025648,0.0081914952863614,0.3616865396765651,0.3616865396765651,GPAB6648_jpg.rf.c56ce6da35aa5d7bf1816fcefeee13f5.jpg,train
yellowfin_segment.v18i.coco-segmentation/train\GPAB6649_jpg.rf.47c706dd93e009a16e5bedc5215042d9.jpg,GPAB6649,0.3912809689604646,0.2599040180671873,0.0130376418940588,0.0085515715649203,0.3549007821816973,0.1014262861444568,0.0,0.0,0.0,0.0,0.0019434517008082,0.0,0.0,0.0,0.0213990931839,0.0213990931839,0.0,0.0,GPAB6649_jpg.rf.47c706dd93e009a16e5bedc5215042d9.jpg,train
yellowfin_segment.v18i.coco-segmentation/train\GPAB6650_jpg.rf.d42500ecead8b3cfa4dd6cdbd03046bd.jpg,GPAB6650,0.397498286036914,0.2117824639971731,0.0,0.0,0.3658096531169162,0.1569174013823088,0.0,0.0,0.0,0.0,0.0183005167814749,0.0183005167814749,0.0,0.0,0.0133881161385227,0.010497903875957,0.0,0.0,GPAB6650_jpg.rf.d42500ecead8b3cfa4dd6cdbd03046bd.jpg,train
yellowfin_segment.v18i.coco-segmentation/train\GPAB6651_jpg.rf.b6a9a159f89e82d53644c3a73ebaa154.jpg,GPAB6651,0.3534508750333671,0.2201323928461005,0.0036660566174338,0.0,0.3076069234506638,0.0911405872219971,0.0,0.0,0.0,0.0,0.0,0.0,0.0,0.0,0.0,0.0,0.0421778949652694,0.0421778949652694,GPAB6651_jpg.rf.b6a9a159f89e82d53644c3a73ebaa154.jpg,train
yellowfin_segment.v18i.coco-segmentation/train\GPAB6652_jpg.rf.3746e0c1af503c85d382a9d829f4713a.jpg,GPAB6652,0.4145006078087582,0.2919661701134768,0.0,0.0,0.3877483806169499,0.095782210503473,0.0025551012726535,0.0025551012726535,0.0141946870024946,0.0141946870024946,0.0100024389166601,0.0100024389166601,0.0,0.0,0.0,0.0,0.0,0.0,GPAB6652_jpg.rf.3746e0c1af503c85d382a9d829f4713a.jpg,train
yellowfin_segment.v18i.coco-segmentation/train\GPAB6653_jpg.rf.6462868b079303442dc200bdaa83cf5b.jpg,GPAB6653,0.2571981648592438,0.2342128156428657,0.0,0.0,0.238482840204869,0.0216420246465011,0.0,0.0,0.0,0.0,0.0,0.0,0.0,0.0,0.0187153246543747,0.0013433245698768,0.0,0.0,GPAB6653_jpg.rf.6462868b079303442dc200bdaa83cf5b.jpg,train
yellowfin_segment.v18i.coco-segmentation/train\GPAB6654_jpg.rf.c041357eb333cbca4f87f2517eb356e9.jpg,GPAB6654,0.5426320711779583,0.1235311288343322,0.3317454769618396,0.3317454769618396,0.1844531545562612,0.0716686222809439,0.0,0.0,0.0,0.0,0.0,0.0,0.0,0.0,0.0130347612838303,0.0022881647248153,0.0133986783760271,0.0133986783760271,GPAB6654_jpg.rf.c041357eb333cbca4f87f2517eb356e9.jpg,train
yellowfin_segment.v18i.coco-segmentation/train\GPAB6655_jpg.rf.fb96f38ea0bf68f9bcb15a2ea4533c20.jpg,GPAB6655,0.0691720934162693,0.00271257463181,0.0,0.0,0.0600607232636161,0.0600607232636161,0.0,0.0,0.0,0.0,0.0,0.0,0.0,0.0,0.0063987955208431,0.0063987955208431,0.00271257463181,0.0,GPAB6655_jpg.rf.fb96f38ea0bf68f9bcb15a2ea4533c20.jpg,train
yellowfin_segment.v18i.coco-segmentation/train\GPAB6656_jpg.rf.5d4becc71a2154b3949645d8d64ed72e.jpg,GPAB6656,0.4270543071844339,0.1862708196104262,0.0,0.0,0.3901412075133996,0.2038703879029733,0.0,0.0,0.0,0.0,0.0,0.0,0.0,0.0,0.0369130996710343,0.0369130996710343,0.0,0.0,GPAB6656_jpg.rf.5d4becc71a2154b3949645d8d64ed72e.jpg,train
yellowfin_segment.v18i.coco-segmentation/train\GPAB6657_jpg.rf.8e09ed048fbf8afdda873ac2b2f11aff.jpg,GPAB6657,0.4299416388367711,0.0791034772806271,0.0197494637263958,0.0197494637263958,0.1454717767411848,0.0713680786137735,0.0,0.0,0.0,0.0,0.0116703122389446,0.0066705330857288,0.0,0.0,0.007542397781546,0.007542397781546,0.2455076883486998,0.2455076883486998,GPAB6657_jpg.rf.8e09ed048fbf8afdda873ac2b2f11aff.jpg,train
yellowfin_segment.v18i.coco-segmentation/train\GPAB6658_jpg.rf.f6047019a05b50a74f0bc478b9487e2e.jpg,GPAB6658,0.1139310151462485,0.0843989990839659,0.0,0.0,0.10234328040052,0.026434399863267,0.0,0.0,0.0,0.0,0.0,0.0,0.0,0.0,0.0115877347457285,0.0030976161990155,0.0,0.0,GPAB6658_jpg.rf.f6047019a05b50a74f0bc478b9487e2e.jpg,train
yellowfin_segment.v18i.coco-segmentation/train\GPAB6659_jpg.rf.709b4d7ed4800dd29cbf1c81b90dd9e0.jpg,GPAB6659,0.04976830291729,0.0114878735911415,0.0052398300055883,0.0052398300055883,0.020813369104111,0.0104815804179957,0.0,0.0,0.0,0.0,0.0011560849050262,0.0,0.0,0.0,0.0225590189025643,0.0225590189025643,0.0,0.0,GPAB6659_jpg.rf.709b4d7ed4800dd29cbf1c81b90dd9e0.jpg,train
yellowfin_segment.v18i.coco-segmentation/train\GPAB6660_jpg.rf.31b6a04bb3b33417f99359b150249ea1.jpg,GPAB6660,0.118419005882206,0.0281541241696641,0.0,0.0,0.1065451305204494,0.0783910063507853,0.0,0.0,0.0,0.0,0.00472804158833,0.00472804158833,0.0,0.0,0.0,0.0,0.0071458337734265,0.0071458337734265,GPAB6660_jpg.rf.31b6a04bb3b33417f99359b150249ea1.jpg,train
yellowfin_segment.v18i.coco-segmentation/train\GPAB6661_jpg.rf.3c4167a579d558a7483fe8be14f117da.jpg,GPAB6661,0.1194003337667051,0.0841714308759167,0.0320429479780996,0.0,0.07921102006249,0.0282587863412985,0.0018618344110016,0.0018618344110016,0.0,0.0,0.0,0.0,0.0,0.0,0.0062845313151137,0.0051082821384882,0.0,0.0,GPAB6661_jpg.rf.3c4167a579d558a7483fe8be14f117da.jpg,train
yellowfin_segment.v18i.coco-segmentation/train\GPAB6662_jpg.rf.2108d9d531e28867ea4da578a80bbdb8.jpg,GPAB6662,0.1146021973294822,0.0068798574289977,0.0061731477196129,0.0061731477196129,0.0965494130276557,0.089669555598658,0.0,0.0,0.0,0.0,0.0,0.0,0.0,0.0,0.0118796365822135,0.0118796365822135,0.0,0.0,GPAB6662_jpg.rf.2108d9d531e28867ea4da578a80bbdb8.jpg,train
yellowfin_segment.v18i.coco-segmentation/train\GPAB6663_jpg.rf.86f74cdd128bbd44c7c2229648721c5d.jpg,GPAB6663,0.201045469472253,0.0097153380972225,0.0,0.0,0.18017928918062,0.18017928918062,0.0,0.0,0.0,0.0,0.0057804245251314,0.0057804245251314,0.0097153380972225,0.0,0.005370417669279,0.005370417669279,0.0,0.0,GPAB6663_jpg.rf.86f74cdd128bbd44c7c2229648721c5d.jpg,train
yellowfin_segment.v18i.coco-segmentation/train\GPAB6664_jpg.rf.c6ef7a66d43f9061b3dfc2c5107657e0.jpg,GPAB6664,0.2483258853555537,0.0552885123184495,0.0,0.0,0.2298381289092281,0.1872627097324297,0.0,0.0,0.0,0.0,0.0184877564463255,0.0057746633046744,0.0,0.0,0.0,0.0,0.0,0.0,GPAB6664_jpg.rf.c6ef7a66d43f9061b3dfc2c5107657e0.jpg,train
yellowfin_segment.v18i.coco-segmentation/train\GPAB6665_jpg.rf.1b65939da5c873cbe5254fc52cc442d4.jpg,GPAB6665,0.208983471058509,0.0,0.0,0.0,0.1830109290352068,0.1830109290352068,0.0,0.0,0.0,0.0,0.0229037319265713,0.0229037319265713,0.0,0.0,0.0,0.0,0.0030688100967308,0.0030688100967308,GPAB6665_jpg.rf.1b65939da5c873cbe5254fc52cc442d4.jpg,train
yellowfin_segment.v18i.coco-segmentation/train\GPAB6666_jpg.rf.4c4e1b29088fb6b155dc41c398781370.jpg,GPAB6666,0.1451472279887771,0.0543091048407694,0.0071563960109309,0.0071563960109309,0.0891107172143346,0.0348016123735652,0.0303558705876252,0.0303558705876252,0.0,0.0,0.0,0.0,0.0,0.0,0.0185242441758862,0.0185242441758862,0.0,0.0,GPAB6666_jpg.rf.4c4e1b29088fb6b155dc41c398781370.jpg,train
yellowfin_segment.v18i.coco-segmentation/train\GPAB6668_jpg.rf.8a52d79d063cb9a4eb650e20d0cde86a.jpg,GPAB6668,0.0984083668284289,0.0741997184683603,0.0,0.0,0.0957591656216452,0.0215594471532849,0.0,0.0,0.0,0.0,0.0,0.0,0.0,0.0,0.0026492012067836,0.0026492012067836,0.0,0.0,GPAB6668_jpg.rf.8a52d79d063cb9a4eb650e20d0cde86a.jpg,train
yellowfin_segment.v18i.coco-segmentation/train\GPAB6669_jpg.rf.321fecc390e5ecce908b5f9958f266ec.jpg,GPAB6669,0.173866911966631,0.0351194397021064,0.0,0.0,0.051239334540629,0.0161198948385225,0.0,0.0,0.0,0.0,0.0535611063847765,0.0535611063847765,0.0,0.0,0.0,0.0,0.0690664710412253,0.0690664710412253,GPAB6669_jpg.rf.321fecc390e5ecce908b5f9958f266ec.jpg,train
yellowfin_segment.v18i.coco-segmentation/train\GPAB6670_jpg.rf.5e7d6bc2eaca9c5c6f30031c970d577c.jpg,GPAB6670,0.0340353700527919,0.0,0.0,0.0,0.024957607019471,0.024957607019471,0.0,0.0,0.0,0.0,0.001617942744991,0.001617942744991,0.0,0.0,0.0074598202883298,0.0074598202883298,0.0,0.0,GPAB6670_jpg.rf.5e7d6bc2eaca9c5c6f30031c970d577c.jpg,train
yellowfin_segment.v18i.coco-segmentation/train\GPAB6671_jpg.rf.8823d517f81d5155714d6730facb6945.jpg,GPAB6671,0.1231576097080405,0.0662818811537036,0.0,0.0,0.0813330695974635,0.0150511884437599,0.0,0.0,0.0,0.0,0.0210121312098755,0.0210121312098755,0.0,0.0,0.0208124089007015,0.0208124089007015,0.0,0.0,GPAB6671_jpg.rf.8823d517f81d5155714d6730facb6945.jpg,train
yellowfin_segment.v18i.coco-segmentation/train\GPAB6672_jpg.rf.cfd673b99f828cebf1bf4d7528ea8aff.jpg,GPAB6672,0.1194992347178826,0.0059138927990505,0.0,0.0,0.1058883513883581,0.1058883513883581,0.0,0.0,0.0,0.0,0.0136108833295245,0.0076969905304739,0.0,0.0,0.0,0.0,0.0,0.0,GPAB6672_jpg.rf.cfd673b99f828cebf1bf4d7528ea8aff.jpg,train
yellowfin_segment.v18i.coco-segmentation/train\GPAB6673_jpg.rf.cd25a2f71375986cca89454d261f329d.jpg,GPAB6673,0.1002567583916977,0.0,0.044934638953916,0.044934638953916,0.0553221194377817,0.0553221194377817,0.0,0.0,0.0,0.0,0.0,0.0,0.0,0.0,0.0,0.0,0.0,0.0,GPAB6673_jpg.rf.cd25a2f71375986cca89454d261f329d.jpg,train
yellowfin_segment.v18i.coco-segmentation/train\GPAB6674_jpg.rf.20c047131d1c05472033eea3285c7c80.jpg,GPAB6674,0.0764878831931756,0.0,0.0,0.0,0.0586357814039326,0.0586357814039326,0.0083652921034792,0.0083652921034792,0.0,0.0,0.0,0.0,0.0,0.0,0.0094868096857638,0.0094868096857638,0.0,0.0,GPAB6674_jpg.rf.20c047131d1c05472033eea3285c7c80.jpg,train
yellowfin_segment.v18i.coco-segmentation/train\GPAB6675_jpg.rf.4f04c89d08e730b52a36b57e46d13726.jpg,GPAB6675,0.1344812885161592,0.0141418758149726,0.0,0.0,0.093760982326496,0.093760982326496,0.0,0.0,0.0,0.0,0.0391186869026334,0.0249768110876608,0.0,0.0,0.0016016192870297,0.0016016192870297,0.0,0.0,GPAB6675_jpg.rf.4f04c89d08e730b52a36b57e46d13726.jpg,train
yellowfin_segment.v18i.coco-segmentation/train\GPAB6676_jpg.rf.62dd073dcce1a1a6cf857a62a9f0e112.jpg,GPAB6676,0.2475894093404747,0.1069580179865302,0.0,0.0,0.1223279939622409,0.1223279939622409,0.0,0.0,0.0,0.0,0.0038120075356763,0.0038120075356763,0.1069580179865302,0.0,0.0144913898560271,0.0144913898560271,0.0,0.0,GPAB6676_jpg.rf.62dd073dcce1a1a6cf857a62a9f0e112.jpg,train
yellowfin_segment.v18i.coco-segmentation/train\GPAB6677_jpg.rf.fe0934180b433aa2bdd28762cc4c938e.jpg,GPAB6677,0.4456534472262604,0.0878269252558461,0.028206935357186,0.0207557568995415,0.3891521980016246,0.324950117432877,0.0111882901273805,0.0,0.0,0.0,0.003255089558172,0.003255089558172,0.0,0.0,0.013850934181897,0.0088655580798236,0.0,0.0,GPAB6677_jpg.rf.fe0934180b433aa2bdd28762cc4c938e.jpg,train
yellowfin_segment.v18i.coco-segmentation/train\GPAB6679_jpg.rf.56d98813e84f509e5216b1ab208b9c4d.jpg,GPAB6679,0.1714875279179141,0.0188161460123712,0.0,0.0,0.1607102048497953,0.1449321424250513,0.0,0.0,0.0,0.0,0.0047405242326534,0.0017024406450262,0.0,0.0,0.0060367988354653,0.0060367988354653,0.0,0.0,GPAB6679_jpg.rf.56d98813e84f509e5216b1ab208b9c4d.jpg,train
yellowfin_segment.v18i.coco-segmentation/train\GPAB6680_jpg.rf.8ffe46388f899aa283fc4a3f321cec09.jpg,GPAB6680,0.0831833815675512,0.0369409455699095,0.0,0.0,0.0784678226235445,0.041526877053635,0.0,0.0,0.0,0.0,0.0025503002556061,0.0025503002556061,0.0,0.0,0.0021652586884005,0.0021652586884005,0.0,0.0,GPAB6680_jpg.rf.8ffe46388f899aa283fc4a3f321cec09.jpg,train
yellowfin_segment.v18i.coco-segmentation/train\GPAB6681_jpg.rf.0f833ea68a8c1dffcb4c3f6adea2c72d.jpg,GPAB6681,0.274978251392775,0.2021881115295464,0.0,0.0,0.2489298533001231,0.0467417417705766,0.0,0.0,0.0,0.0,0.0,0.0,0.0,0.0,0.0260483980926519,0.0260483980926519,0.0,0.0,GPAB6681_jpg.rf.0f833ea68a8c1dffcb4c3f6adea2c72d.jpg,train
yellowfin_segment.v18i.coco-segmentation/train\GPAB6682_jpg.rf.eb22232a2c018cc5851106de08352de7.jpg,GPAB6682,0.0379789254555685,0.0093014904277322,0.0,0.0,0.0249057560353585,0.0156042656076263,0.0,0.0,0.0,0.0,0.0,0.0,0.0,0.0,0.0130731694202099,0.0130731694202099,0.0,0.0,GPAB6682_jpg.rf.eb22232a2c018cc5851106de08352de7.jpg,train
yellowfin_segment.v18i.coco-segmentation/train\GPAB6683_jpg.rf.a8e659241e83b43452b24e4ddccbe5bd.jpg,GPAB6683,0.0440790977160601,0.0154592748927932,0.0,0.0,0.0154592748927932,0.0,0.0,0.0,0.0,0.0,0.0,0.0,0.0,0.0,0.0286198228232668,0.0286198228232668,0.0,0.0,GPAB6683_jpg.rf.a8e659241e83b43452b24e4ddccbe5bd.jpg,train
yellowfin_segment.v18i.coco-segmentation/train\GPAB6685_jpg.rf.42cdbc2507e32fe09d31984fc16f69b6.jpg,GPAB6685,0.1945036036433958,0.1146866952295174,0.0103845998736372,0.0103845998736372,0.1463071537074413,0.0398138741711044,0.0,0.0,0.0,0.0,0.0081934156931804,0.0,0.0,0.0,0.0296184343691367,0.0296184343691367,0.0,0.0,GPAB6685_jpg.rf.42cdbc2507e32fe09d31984fc16f69b6.jpg,train
yellowfin_segment.v18i.coco-segmentation/train\GPAB6686_jpg.rf.0541fbfe096aff1703cafa9538cc4c97.jpg,GPAB6686,0.0800406358082896,0.0538136398814724,0.0,0.0,0.059386660470154,0.0055730205886815,0.0020548352963091,0.0020548352963091,0.0,0.0,0.0063498251469591,0.0063498251469591,0.0,0.0,0.0122493148948673,0.0122493148948673,0.0,0.0,GPAB6686_jpg.rf.0541fbfe096aff1703cafa9538cc4c97.jpg,train
yellowfin_segment.v18i.coco-segmentation/train\GPAB6687_jpg.rf.f4a6a527a7155e2ece923d872127b126.jpg,GPAB6687,0.2904183222173785,0.1284953804613969,0.0,0.0,0.2560680054462737,0.1335902197521523,0.0,0.0,0.0,0.0,0.0060175947672754,0.0,0.0035335485469241,0.0035335485469241,0.0247991734569051,0.0247991734569051,0.0,0.0,GPAB6687_jpg.rf.f4a6a527a7155e2ece923d872127b126.jpg,train
yellowfin_segment.v18i.coco-segmentation/train\GPAB6688_jpg.rf.57296e4a40af7ca9cfdf1f0f28a97d2c.jpg,GPAB6688,0.1126817905105017,0.0579876441025266,0.0253820169264657,0.0,0.0758378254849507,0.0507649940563409,0.0,0.0,0.0,0.0,0.0010514227333918,0.0010514227333918,0.0,0.0,0.0028777296182423,0.0028777296182423,0.0075327957474511,0.0,GPAB6688_jpg.rf.57296e4a40af7ca9cfdf1f0f28a97d2c.jpg,train
yellowfin_segment.v18i.coco-segmentation/train\GPAB6689_jpg.rf.be92867710229776bc9c7cdaf8ee7bb8.jpg,GPAB6689,0.2107828922478938,0.0462914063715257,0.0,0.0,0.1220428135496223,0.0848032447193613,0.0,0.0,0.0,0.0,0.0402277218405947,0.0402277218405947,0.015533210555324,0.015533210555324,0.0130280398599639,0.0130280398599639,0.0199511064423887,0.010899268901124,GPAB6689_jpg.rf.be92867710229776bc9c7cdaf8ee7bb8.jpg,train
yellowfin_segment.v18i.coco-segmentation/train\GPAB6690_jpg.rf.58efacb471360e1d9e71b80ee71f6572.jpg,GPAB6690,0.2290353988588942,0.0856885522629113,0.0159547398520902,0.0,0.1744459146225536,0.1124820682013277,0.0,0.0,0.0031456263694901,0.0031456263694901,0.0027586643954655,0.0,0.0036305290912826,0.0036305290912826,0.0010936716834094,0.0010936716834094,0.0280062528446026,0.0229949512504729,GPAB6690_jpg.rf.58efacb471360e1d9e71b80ee71f6572.jpg,train
yellowfin_segment.v18i.coco-segmentation/train\GPAB6692_jpg.rf.6ad73c56d9ae12964e6c6e531ac3da38.jpg,GPAB6692,0.1027283219677256,0.0,0.0,0.0,0.0,0.0,0.0,0.0,0.0402133187894523,0.0402133187894523,0.0014998377256237,0.0014998377256237,0.0,0.0,0.0,0.0,0.0610151654526494,0.0610151654526494,GPAB6692_jpg.rf.6ad73c56d9ae12964e6c6e531ac3da38.jpg,train
yellowfin_segment.v18i.coco-segmentation/train\GPAB6694_jpg.rf.23021e03dc2ebb10427984d31a572e3d.jpg,GPAB6694,0.2913285950495753,0.0,0.083940982057639,0.083940982057639,0.0019453721076272,0.0019453721076272,0.0236325263143744,0.0236325263143744,0.0,0.0,0.0010072533765552,0.0010072533765552,0.026626440545165,0.026626440545165,0.0,0.0,0.1541760206482141,0.1541760206482141,GPAB6694_jpg.rf.23021e03dc2ebb10427984d31a572e3d.jpg,train
yellowfin_segment.v18i.coco-segmentation/train\GPAB6695_jpg.rf.b95d2c9058d219316957c2f1e02a8d4e.jpg,GPAB6695,0.3077077448086602,0.0,0.0,0.0,0.0068952206835496,0.0068952206835496,0.1544016684494443,0.1544016684494443,0.1452019595831181,0.1452019595831181,0.0012088960925482,0.0012088960925482,0.0,0.0,0.0,0.0,0.0,0.0,GPAB6695_jpg.rf.b95d2c9058d219316957c2f1e02a8d4e.jpg,train
yellowfin_segment.v18i.coco-segmentation/train\GPAB6699_jpg.rf.1f86c763a14196b5d571d2540d89638c.jpg,GPAB6699,0.0769507012365499,0.0,0.0,0.0,0.0029833519932862,0.0029833519932862,0.0,0.0,0.0303107410273792,0.0303107410273792,0.0,0.0,0.0,0.0,0.0,0.0,0.0436566082158844,0.0436566082158844,GPAB6699_jpg.rf.1f86c763a14196b5d571d2540d89638c.jpg,train
yellowfin_segment.v18i.coco-segmentation/train\GPAB6701_jpg.rf.149875ae1fe458dc6e8531c3f26d32f6.jpg,GPAB6701,0.0294648018236183,0.0,0.0,0.0,0.0019780190235499,0.0019780190235499,0.0,0.0,0.0274867828000683,0.0274867828000683,0.0,0.0,0.0,0.0,0.0,0.0,0.0,0.0,GPAB6701_jpg.rf.149875ae1fe458dc6e8531c3f26d32f6.jpg,train
yellowfin_segment.v18i.coco-segmentation/train\GPAB6704_jpg.rf.9790ef8bf24b48dda270de4b435b6865.jpg,GPAB6704,0.064608246610962,0.0075596814429168,0.0,0.0,0.00774212009072,0.00774212009072,0.0080839525044985,0.0080839525044985,0.0255337290651651,0.0255337290651651,0.0035844393276271,0.0035844393276271,0.0,0.0,0.0,0.0,0.0196640056229511,0.0121043241800342,GPAB6704_jpg.rf.9790ef8bf24b48dda270de4b435b6865.jpg,train
yellowfin_segment.v18i.coco-segmentation/train\GPAB6705_jpg.rf.01585a7db7bb160584e50946bb0e8993.jpg,GPAB6705,0.3076280479256725,0.0293303733462896,0.0022036668247801,0.0,0.0152854780756755,0.0152854780756755,0.1679760640494082,0.1679760640494082,0.0558089425663932,0.0558089425663932,0.0009621238163092,0.0009621238163092,0.0,0.0,0.0,0.0,0.0653917725931061,0.0382650660715966,GPAB6705_jpg.rf.01585a7db7bb160584e50946bb0e8993.jpg,train
yellowfin_segment.v18i.coco-segmentation/train\GPAB6710_jpg.rf.9e215ac6bc82835890363fb4d212536b.jpg,GPAB6710,0.2684296641400514,0.0404082400815788,0.0510799407746537,0.0510799407746537,0.0242768228021424,0.0192626405977842,0.0,0.0,0.09706888307219,0.09706888307219,0.001866635428049,0.0,0.0013414041630579,0.0,0.0,0.0,0.0927959778999583,0.0606099596138446,GPAB6710_jpg.rf.9e215ac6bc82835890363fb4d212536b.jpg,train
yellowfin_segment.v18i.coco-segmentation/train\GPAB6711_jpg.rf.0304d9a3dd979cd916641d89cb49b8f0.jpg,GPAB6711,0.2223677463833938,0.0059215744263264,0.0,0.0,0.0312776658607359,0.0287235247914918,0.0774711314844936,0.0774711314844936,0.0872853705328936,0.0872853705328936,0.0,0.0,0.0,0.0,0.0,0.0,0.0263335785052705,0.0229661451481881,GPAB6711_jpg.rf.0304d9a3dd979cd916641d89cb49b8f0.jpg,train
yellowfin_segment.v18i.coco-segmentation/train\GPAB6712_jpg.rf.822cd24c51032f70db27a6d6f422a8c4.jpg,GPAB6712,0.1864849449707426,0.0268348046850244,0.0127006104973277,0.0,0.0203255857720899,0.0203255857720899,0.0862752365461099,0.0862752365461099,0.033679134587871,0.033679134587871,0.0018608742075921,0.0018608742075921,0.0,0.0,0.0,0.0,0.0316435033597517,0.017509309172055,GPAB6712_jpg.rf.822cd24c51032f70db27a6d6f422a8c4.jpg,train
yellowfin_segment.v18i.coco-segmentation/train\GPAB6713_jpg.rf.27d0d3fc4947952724f70345fd4f81b9.jpg,GPAB6713,0.2820693535718606,0.0689147589025259,0.0254079424185219,0.0,0.0538626102553565,0.0332412818331435,0.0540930590736341,0.0540930590736341,0.0508379695154621,0.0508379695154621,0.0011954532448153,0.0,0.0,0.0,0.0,0.0,0.0966723190640705,0.0749822842470949,GPAB6713_jpg.rf.27d0d3fc4947952724f70345fd4f81b9.jpg,train
yellowfin_segment.v18i.coco-segmentation/train\GPAB6714_jpg.rf.d664e0d22c48cb5ba50f7da1a60f33a3.jpg,GPAB6714,0.3654111687019778,0.1751526243319384,0.0017072416620736,0.0,0.0332028736967639,0.0196841698945504,0.0329023300295934,0.0329023300295934,0.0747595170560931,0.0747595170560931,0.0084113818671347,0.0062403619582772,0.0,0.0,0.0,0.0,0.2144278243903188,0.056672165431525,GPAB6714_jpg.rf.d664e0d22c48cb5ba50f7da1a60f33a3.jpg,train
yellowfin_segment.v18i.coco-segmentation/train\GPAB6718_jpg.rf.0f4f6dd3bde84d2d235fde632ef8b650.jpg,GPAB6718,0.1195193989894819,0.0,0.0,0.0,0.0067387075278026,0.0067387075278026,0.0106064068612294,0.0106064068612294,0.0874351622647741,0.0874351622647741,0.0076076916133913,0.0076076916133913,0.0,0.0,0.0,0.0,0.0071314307222842,0.0071314307222842,GPAB6718_jpg.rf.0f4f6dd3bde84d2d235fde632ef8b650.jpg,train
yellowfin_segment.v18i.coco-segmentation/train\GPAB6720_jpg.rf.470f598882af8d62b6eb1b2dd1b45516.jpg,GPAB6720,0.1521317475894093,0.0363081715230554,0.0,0.0,0.0083470482386988,0.0083470482386988,0.0161909498908248,0.0161909498908248,0.0757418051440017,0.0757418051440017,0.0422335867630198,0.0077200354123017,0.0,0.0,0.0,0.0,0.0096183575528639,0.0078237373805266,GPAB6720_jpg.rf.470f598882af8d62b6eb1b2dd1b45516.jpg,train
yellowfin_segment.v18i.coco-segmentation/train\GPAB6721_jpg.rf.6d79cc0bee61efd5fc70bf8565773f07.jpg,GPAB6721,0.2141474449947477,0.0244506196192601,0.018296675967837,0.0,0.0023822646589453,0.0023822646589453,0.0346729451166935,0.0331231768137762,0.1147673523159146,0.1147673523159146,0.0049095200327237,0.0049095200327237,0.0,0.0,0.0,0.0,0.0391186869026334,0.0345145115541276,GPAB6721_jpg.rf.6d79cc0bee61efd5fc70bf8565773f07.jpg,train
yellowfin_segment.v18i.coco-segmentation/train\GPAB6722_jpg.rf.3905acae98248caaa1018f868607f294.jpg,GPAB6722,0.144514453941923,0.0017034008484357,0.0,0.0,0.0077046721577498,0.0077046721577498,0.0479554388801723,0.0462520380317366,0.063282205702456,0.063282205702456,0.0146373407742696,0.0146373407742696,0.0109347964272751,0.0109347964272751,0.0,0.0,0.0,0.0,GPAB6722_jpg.rf.3905acae98248caaa1018f868607f294.jpg,train
yellowfin_segment.v18i.coco-segmentation/train\GPAB6723_jpg.rf.a9391a805eef75647fdc4a53714dddc1.jpg,GPAB6723,0.1663341162191798,0.0200423257662903,0.0,0.0,0.0016083407108961,0.0016083407108961,0.0,0.0,0.1377728658038919,0.1348288821503947,0.0084430685796479,0.0084430685796479,0.0,0.0,0.0,0.0,0.0185098411247438,0.0014114990119506,GPAB6723_jpg.rf.a9391a805eef75647fdc4a53714dddc1.jpg,train
yellowfin_segment.v18i.coco-segmentation/train\GPAB6724_jpg.rf.abb977d8b1d48600b80c49827e043ca3.jpg,GPAB6724,0.147375860102204,0.0131442244725122,0.0,0.0,0.0058370765262913,0.0048355843701929,0.0,0.0,0.0921670446667422,0.0890175774836141,0.0221672559114922,0.0191618192397877,0.0,0.0,0.0,0.0,0.0272044829976782,0.0212166545360969,GPAB6724_jpg.rf.abb977d8b1d48600b80c49827e043ca3.jpg,train
yellowfin_segment.v18i.coco-segmentation/train\GPAB6725_jpg.rf.990d5f2625903257e8bc17df9fa2bf20.jpg,GPAB6725,0.1821611490178079,0.0121917026902979,0.0,0.0,0.0048989577952193,0.0048989577952193,0.0,0.0,0.1326655438688131,0.1326655438688131,0.0139709596080833,0.0139709596080833,0.0,0.0,0.0,0.0,0.030625687745692,0.0184339850553941,GPAB6725_jpg.rf.990d5f2625903257e8bc17df9fa2bf20.jpg,train
yellowfin_segment.v18i.coco-segmentation/train\GPAB6726_jpg.rf.6e8b4f32f5c8ad2068d284eea6b3ba73.jpg,GPAB6726,0.1815946290062086,0.0134985395306141,0.0,0.0,0.0182304219325822,0.0168006790558511,0.0440070824603484,0.0440070824603484,0.0924128567395717,0.0924128567395717,0.0038244901799997,0.0,0.0,0.0,0.0,0.0,0.0231197776937066,0.0148754712198232,GPAB6726_jpg.rf.6e8b4f32f5c8ad2068d284eea6b3ba73.jpg,train
yellowfin_segment.v18i.coco-segmentation/train\GPAB6727_jpg.rf.2b47a87edd848492b696c791dce918bb.jpg,GPAB6727,0.1871186792210061,0.0477038655868859,0.0159364959873099,0.0,0.0066743738993668,0.0066743738993668,0.0,0.0,0.1032862001486394,0.1032862001486394,0.0037534351276974,0.0037534351276974,0.0013759714857995,0.0013759714857995,0.0,0.0,0.0560922025721928,0.0243248329726169,GPAB6727_jpg.rf.2b47a87edd848492b696c791dce918bb.jpg,train
yellowfin_segment.v18i.coco-segmentation/train\GPAB6728_jpg.rf.c94a7a80fbc13b2ef9bf80be068ef9ee.jpg,GPAB6728,0.1396855909955965,0.0260637613472037,0.021158082128118,0.0,0.0070210073301928,0.0046166579928292,0.0,0.0,0.0784188522496605,0.0784188522496605,0.0064381638606322,0.0064381638606322,0.0,0.0,0.0,0.0,0.0266494854269928,0.0241481555452707,GPAB6728_jpg.rf.c94a7a80fbc13b2ef9bf80be068ef9ee.jpg,train
yellowfin_segment.v18i.coco-segmentation/train\GPAB6729_jpg.rf.252f5cc0c0084ddbc28a453a606bd948.jpg,GPAB6729,0.079406901558026,0.0124653606620026,0.0052110239033036,0.0,0.006901942107416,0.006901942107416,0.0,0.0,0.04586891687135,0.04586891687135,0.0019127251917046,0.0019127251917046,0.0,0.0,0.0,0.0,0.0195122934842517,0.0122579567255527,GPAB6729_jpg.rf.252f5cc0c0084ddbc28a453a606bd948.jpg,train
yellowfin_segment.v18i.coco-segmentation/train\GPAB6730_jpg.rf.faeabf355c420e2ba8d4915690db7746.jpg,GPAB6730,0.0728563938984834,0.007689308903198,0.0035671556662563,0.0,0.0081521269465723,0.0081521269465723,0.0040923869312475,0.0040923869312475,0.0529225711174655,0.0529225711174655,0.0,0.0,0.0,0.0,0.0,0.0,0.0041221532369417,0.0,GPAB6730_jpg.rf.faeabf355c420e2ba8d4915690db7746.jpg,train
yellowfin_segment.v18i.coco-segmentation/train\GPAB6731_jpg.rf.9aff60cc937711da4f513b555afdcc79.jpg,GPAB6731,0.1058316993871981,0.0309752017867465,0.0288128237085744,0.0,0.010999130055711,0.010999130055711,0.0309800028037939,0.0309800028037939,0.0273293094409119,0.0273293094409119,0.0,0.0,0.0,0.0,0.0,0.0,0.0077104333782068,0.0055480553000347,GPAB6731_jpg.rf.9aff60cc937711da4f513b555afdcc79.jpg,train
yellowfin_segment.v18i.coco-segmentation/train\GPAB6733_jpg.rf.acb5d981beab731e09c53f2eedd2e502.jpg,GPAB6733,0.1287575159921878,0.0356878801205247,0.003985804352794,0.0,0.0413578812535647,0.0369371047562715,0.001868555834868,0.001868555834868,0.0021210893315639,0.0021210893315639,0.0026031114431281,0.001230020567557,0.0,0.0,0.0,0.0,0.0768210737762687,0.0509128653814024,GPAB6733_jpg.rf.acb5d981beab731e09c53f2eedd2e502.jpg,train
yellowfin_segment.v18i.coco-segmentation/train\GPAB6734_jpg.rf.46683f64576f9a3cfb6bbe554cb86593.jpg,GPAB6734,0.1172494781294469,0.093909813854967,0.0284460260061491,0.0,0.056227591252931,0.0233396642744799,0.0,0.0,0.0,0.0,0.003104337622882,0.0,0.0,0.0,0.0,0.0,0.0294715232474847,0.0,GPAB6734_jpg.rf.46683f64576f9a3cfb6bbe554cb86593.jpg,train
yellowfin_segment.v18i.coco-segmentation/train\GPAB6736_jpg.rf.2a447b81d9e09d99d2aa4e6de92083cb.jpg,GPAB6736,0.369686954484438,0.1939207601738352,0.0,0.0,0.3432045444506964,0.1615158155103577,0.0,0.0,0.0,0.0,0.0012665082971176,0.0,0.0,0.0,0.014250378800245,0.014250378800245,0.0109655229363788,0.0,GPAB6736_jpg.rf.2a447b81d9e09d99d2aa4e6de92083cb.jpg,train
yellowfin_segment.v18i.coco-segmentation/train\GPAB6737_jpg.rf.b1b33630159b660adb00a54e0dd9619a.jpg,GPAB6737,0.3433841024882711,0.2694340369063782,0.0,0.0,0.3325049978587464,0.0630709609523681,0.0,0.0,0.0,0.0,0.0,0.0,0.0022036668247801,0.0022036668247801,0.0086754378047445,0.0086754378047445,0.0,0.0,GPAB6737_jpg.rf.b1b33630159b660adb00a54e0dd9619a.jpg,train
yellowfin_segment.v18i.coco-segmentation/train\GPAB6738_jpg.rf.fb0e439af4ed6e91340673e23d74129f.jpg,GPAB6738,0.1713262137451197,0.0713940041058297,0.009708616673356,0.0086860000422489,0.1430712682174592,0.0726998807427365,0.0,0.0,0.0025752655442528,0.0025752655442528,0.0,0.0,0.0,0.0,0.0159710633100516,0.0159710633100516,0.0,0.0,GPAB6738_jpg.rf.fb0e439af4ed6e91340673e23d74129f.jpg,train
yellowfin_segment.v18i.coco-segmentation/train\GPAB6740_jpg.rf.43588fe8737c9d3ec2b756b24d86e2c0.jpg,GPAB6740,0.357896616819307,0.2336808629540081,0.0833696610289923,0.0514793853930016,0.251452307656854,0.0507976409722635,0.0,0.0,0.0,0.0,0.0,0.0,0.0011359206334269,0.0,0.0219387275000336,0.0219387275000336,0.0,0.0,GPAB6740_jpg.rf.43588fe8737c9d3ec2b756b24d86e2c0.jpg,train
yellowfin_segment.v18i.coco-segmentation/train\GPAB6741_jpg.rf.4813cc555ec276c90547ec3f17feecce.jpg,GPAB6741,0.40238476118781,0.3635454934773382,0.0,0.0,0.4004413094870017,0.0368958160096634,0.0,0.0,0.0,0.0,0.0,0.0,0.0,0.0,0.0019434517008082,0.0019434517008082,0.0,0.0,GPAB6741_jpg.rf.4813cc555ec276c90547ec3f17feecce.jpg,train
yellowfin_segment.v18i.coco-segmentation/train\GPAB6742_jpg.rf.19f506fad94038a2fdef528bee2aa3ad.jpg,GPAB6742,0.658531503313662,0.3751649149355799,0.274978251392775,0.274978251392775,0.3808013089492878,0.0083883369853069,0.0,0.0,0.0,0.0,0.0027519429715991,0.0,0.0,0.0,0.0,0.0,0.0,0.0,GPAB6742_jpg.rf.19f506fad94038a2fdef528bee2aa3ad.jpg,train
yellowfin_segment.v18i.coco-segmentation/train\GPAB6743_jpg.rf.0ee30ee003eb99a660a748a583191988.jpg,GPAB6743,0.5176312550050602,0.4426057616045383,0.0,0.0,0.5106304119464667,0.0715543580752146,0.0,0.0,0.0,0.0,0.0,0.0,0.0070008430585935,0.0034711353253073,0.0,0.0,0.0,0.0,GPAB6743_jpg.rf.0ee30ee003eb99a660a748a583191988.jpg,train
yellowfin_segment.v18i.coco-segmentation/train\GPAB6743_jpg.rf.effa400c62434f49e21656a7fe755769.jpg,GPAB6743,0.5199511064423887,0.4288767732556465,0.0,0.0,0.5146546244356405,0.0876127998955298,0.0,0.0,0.0,0.0,0.0,0.0,0.0052964820067483,0.0034615332912124,0.0,0.0,0.0,0.0,GPAB6743_jpg.rf.effa400c62434f49e21656a7fe755769.jpg,train
yellowfin_segment.v18i.coco-segmentation/train\GPAB6744_jpg.rf.a8dbeb68f8cee29da713eb411b6cabde.jpg,GPAB6744,0.2824745594106655,0.2445407635153431,0.0,0.0,0.2764684870843039,0.0319277235689608,0.0,0.0,0.0,0.0,0.0,0.0,0.0,0.0,0.0060060723263616,0.0060060723263616,0.0,0.0,GPAB6744_jpg.rf.a8dbeb68f8cee29da713eb411b6cabde.jpg,train
yellowfin_segment.v18i.coco-segmentation/train\GPAB6745_jpg.rf.2153b608d7e2146d34b9d9fc3febb368.jpg,GPAB6745,0.3561490466140347,0.1175721064750356,0.0683232736022799,0.0,0.1095572886160204,0.0632620414308567,0.0,0.0,0.0,0.0,0.0,0.0,0.0,0.0,0.0140007259137775,0.0110471402261855,0.1642677584819568,0.1642677584819568,GPAB6745_jpg.rf.2153b608d7e2146d34b9d9fc3febb368.jpg,train
yellowfin_segment.v18i.coco-segmentation/train\GPAB6798_jpg.rf.8586409eb79e92bd79db8bd31825a216.jpg,GPAB6798,0.0935843048991498,0.0027692266329699,0.0024984492714936,0.0024984492714936,0.0292497162598924,0.0264804896269225,0.0,0.0,0.0481647632234412,0.0481647632234412,0.0019060037678381,0.0019060037678381,0.0,0.0,0.0,0.0,0.0117653723764842,0.0117653723764842,GPAB6798_jpg.rf.8586409eb79e92bd79db8bd31825a216.jpg,train
yellowfin_segment.v18i.coco-segmentation/train\GPAB6811_jpg.rf.5d27bc2691a61663881664b2487e0d80.jpg,GPAB6811,0.0312027699947957,0.0093014904277322,0.0018627946144111,0.0018627946144111,0.0116463071537074,0.0093082118515986,0.0,0.0,0.0,0.0,0.0010543033436203,0.0010543033436203,0.0,0.0,0.0166393648830568,0.0096759697574334,0.0,0.0,GPAB6811_jpg.rf.5d27bc2691a61663881664b2487e0d80.jpg,train
yellowfin_segment.v18i.coco-segmentation/train\GPAB6851_jpg.rf.d59056d1d0d3c9d325f4a76cc1ba4c8b.jpg,GPAB6851,0.3854698179262295,0.2038041338677185,0.2155157348532713,0.0234001570892777,0.0455213232371145,0.0358828014126512,0.0,0.0,0.0298978535612984,0.0298978535612984,0.0010206962242881,0.0010206962242881,0.0010696665981721,0.0010696665981721,0.0,0.0,0.0924445434520848,0.0903945091728231,GPAB6851_jpg.rf.d59056d1d0d3c9d325f4a76cc1ba4c8b.jpg,train
yellowfin_segment.v18i.coco-segmentation/train\GPAB6884_jpg.rf.1295437527df283efdef3e5a9c3b06b7.jpg,GPAB6884,0.1753196997251898,0.0528111875219646,0.0607875972446003,0.0397658640006299,0.0892921956587283,0.0712355705432638,0.0,0.0,0.0,0.0,0.0,0.0,0.0,0.0,0.0025166931362739,0.0,0.0227232136855871,0.0115070776593313,GPAB6884_jpg.rf.1295437527df283efdef3e5a9c3b06b7.jpg,train
yellowfin_segment.v18i.coco-segmentation/train\GPAB6906_jpg.rf.73105f6b446d8109bac51ef296914ed4.jpg,GPAB6906,0.3552522166295708,0.0952761833066716,0.1238844836890246,0.0852516597115933,0.1715489809361215,0.1149056216068812,0.0,0.0,0.0107283526942347,0.0107283526942347,0.0354459088613331,0.0354459088613331,0.0,0.0,0.0136444904488566,0.0136444904488566,0.0,0.0,GPAB6906_jpg.rf.73105f6b446d8109bac51ef296914ed4.jpg,train
yellowfin_segment.v18i.coco-segmentation/train\GPAB6910_jpg.rf.1d5376253b5d5d1d7e6717476f5b5ed4.jpg,GPAB6910,0.0767740238092037,0.0336676121469572,0.0,0.0,0.0336676121469572,0.0,0.0,0.0,0.0,0.0,0.0,0.0,0.0,0.0,0.0431064116622465,0.0431064116622465,0.0,0.0,GPAB6910_jpg.rf.1d5376253b5d5d1d7e6717476f5b5ed4.jpg,train
yellowfin_segment.v18i.coco-segmentation/train\GPAB6911_jpg.rf.6054641356b5c6b94a2f979a7675620d.jpg,GPAB6911,0.0864672772280079,0.0638007155435807,0.0031398651490331,0.0031398651490331,0.0465160939693464,0.0046665885701226,0.002213268858875,0.002213268858875,0.0,0.0,0.0236939793325818,0.0017427691882248,0.0,0.0,0.0109040699181714,0.0109040699181714,0.0,0.0,GPAB6911_jpg.rf.6054641356b5c6b94a2f979a7675620d.jpg,train
yellowfin_segment.v18i.coco-segmentation/train\GPAB6915_jpg.rf.7e7b783f170b910f9398380099ea6085.jpg,GPAB6915,0.1631241562212539,0.1348989769992875,0.0,0.0,0.1045229421400629,0.0221634150978543,0.0,0.0,0.0,0.0,0.0525394499570789,0.0,0.0,0.0,0.006061764124112,0.006061764124112,0.0,0.0,GPAB6915_jpg.rf.7e7b783f170b910f9398380099ea6085.jpg,train
yellowfin_segment.v18i.coco-segmentation/train\GPAB6916_jpg.rf.2ea16833db5bc53744b52042ad162eea.jpg,GPAB6916,0.1529623235386184,0.0018848792928293,0.0,0.0,0.1317418281888835,0.1317418281888835,0.0,0.0,0.0,0.0,0.0193356160569054,0.0193356160569054,0.0,0.0,0.0018848792928293,0.0,0.0,0.0,GPAB6916_jpg.rf.2ea16833db5bc53744b52042ad162eea.jpg,train
yellowfin_segment.v18i.coco-segmentation/train\GPAB6917_jpg.rf.3654181da791af09652ebca09656faa3.jpg,GPAB6917,0.1653527883346808,0.0111863697205616,0.0,0.0,0.0661714577616122,0.0661714577616122,0.039895491460911,0.039895491460911,0.0,0.0,0.05168966993968,0.0405033002191184,0.0,0.0,0.0075961691724774,0.0075961691724774,0.0,0.0,GPAB6917_jpg.rf.3654181da791af09652ebca09656faa3.jpg,train
yellowfin_segment.v18i.coco-segmentation/train\GPAB6929_jpg.rf.da2115ed575dc3b6a07ef26d6f83377a.jpg,GPAB6929,0.2050120697568573,0.1233611728308524,0.1144101566475842,0.0020116261428821,0.0469193794013323,0.0469193794013323,0.0,0.0,0.0,0.0,0.0085515715649203,0.0,0.00241107076123,0.0,0.0327198913817903,0.0327198913817903,0.0,0.0,GPAB6929_jpg.rf.da2115ed575dc3b6a07ef26d6f83377a.jpg,train
yellowfin_segment.v18i.coco-segmentation/train\GPAB6942_jpg.rf.ad7a548a4c1e9f9e656996478eed1274.jpg,GPAB6942,0.4489680693958208,0.0137597148579955,0.0096990146392611,0.0096990146392611,0.4181753062568774,0.4181753062568774,0.0,0.0,0.0,0.0,0.0084517104103333,0.0073340336416866,0.0,0.0,0.0126420380893488,0.0,0.0,0.0,GPAB6942_jpg.rf.ad7a548a4c1e9f9e656996478eed1274.jpg,train
yellowfin_segment.v18i.coco-segmentation/train\GPAB6943_jpg.rf.6c8af24769bb96f9b4497d80a41f4c3d.jpg,GPAB6943,0.2511325599214937,0.0770035124240719,0.0,0.0,0.2347697336203701,0.1577662211962982,0.0,0.0,0.0,0.0,0.0061933119912122,0.0061933119912122,0.0,0.0,0.0101695143099114,0.0101695143099114,0.0,0.0,GPAB6943_jpg.rf.6c8af24769bb96f9b4497d80a41f4c3d.jpg,train
yellowfin_segment.v18i.coco-segmentation/train\GPAB6944_jpg.rf.29853f1d5567546dbca6ebf05b96d79a.jpg,GPAB6944,0.41609838628215,0.3090020990046531,0.0806570863971823,0.0040126900482598,0.3144589349807863,0.0821012323250557,0.0,0.0,0.0,0.0,0.0145249969753592,0.0145249969753592,0.0,0.0,0.006457367928822,0.006457367928822,0.0,0.0,GPAB6944_jpg.rf.29853f1d5567546dbca6ebf05b96d79a.jpg,train
yellowfin_segment.v18i.coco-segmentation/train\GPAB6946_jpg.rf.69a736a184165b6b0dbcc98f8e658fd4.jpg,GPAB6946,0.1928318895074732,0.0437996785238985,0.0,0.0,0.1111387436314508,0.0789200784294144,0.0114811521672751,0.0114811521672751,0.0,0.0,0.0067799962744107,0.0067799962744107,0.0,0.0,0.0634319974343364,0.0518509841124743,0.0,0.0,GPAB6946_jpg.rf.69a736a184165b6b0dbcc98f8e658fd4.jpg,train
yellowfin_segment.v18i.coco-segmentation/train\GPAB6953_jpg.rf.cafe2c5508e2ff7b8f76d42a30658cbb.jpg,GPAB6953,0.3925772435632764,0.1621668334219921,0.0,0.0,0.3642618052208179,0.2020949717988258,0.0,0.0,0.0,0.0,0.0,0.0,0.0,0.0,0.0283154383424584,0.0283154383424584,0.0,0.0,GPAB6953_jpg.rf.cafe2c5508e2ff7b8f76d42a30658cbb.jpg,train
yellowfin_segment.v18i.coco-segmentation/train\GPAB6997_jpg.rf.c826182a13a0d7947e84cecc52a9bd70.jpg,GPAB6997,0.3025802586019822,0.1902489423359444,0.0,0.0,0.285195775873161,0.1041695872853705,0.0,0.0,0.0,0.0,0.0143780858537072,0.0068193646141998,0.0,0.0,0.0016640325086466,0.0,0.0013423643664673,0.0013423643664673,GPAB6997_jpg.rf.c826182a13a0d7947e84cecc52a9bd70.jpg,train
yellowfin_segment.v18i.coco-segmentation/train\GPAB7009_jpg.rf.28247ed465ee7cd05cd23f3380511de3.jpg,GPAB7009,0.17006354626164,0.0565569410223861,0.0018599140041826,0.0018599140041826,0.0872325593453717,0.0484499436360598,0.0106544170317039,0.0106544170317039,0.0,0.0,0.0156637982190147,0.0156637982190147,0.0067358269175742,0.0067358269175742,0.0041490389324074,0.0041490389324074,0.0437679918113853,0.025993666498311,GPAB7009_jpg.rf.28247ed465ee7cd05cd23f3380511de3.jpg,train
yellowfin_segment.v18i.coco-segmentation/train\GPAB7021_jpg.rf.7c0a3f03fd6f538b6a5b3e820de08068.jpg,GPAB7021,0.3547644332975497,0.0780002035631228,0.0,0.0,0.285387816555059,0.2073876129919362,0.0,0.0,0.0,0.0,0.0,0.0,0.013952715743303,0.013952715743303,0.0221278875717031,0.0221278875717031,0.0332960134274844,0.0332960134274844,GPAB7021_jpg.rf.7c0a3f03fd6f538b6a5b3e820de08068.jpg,train
yellowfin_segment.v18i.coco-segmentation/train\GPAB7023_jpg.rf.3d860cb9b2b20806f8f8e342858c372c.jpg,GPAB7023,0.34225586348212,0.0409094662613328,0.0559692965357781,0.0559692965357781,0.2616343046110888,0.223537274136153,0.0,0.0,0.0,0.0,0.0028124357863969,0.0,0.0,0.0,0.0218398265488561,0.0218398265488561,0.0,0.0,GPAB7023_jpg.rf.3d860cb9b2b20806f8f8e342858c372c.jpg,train
yellowfin_segment.v18i.coco-segmentation/train\GPAB7024_jpg.rf.a1ef511de11f5c302d455d82c0d37bd8.jpg,GPAB7024,0.183775250949161,0.09429965643922,0.0,0.0,0.1589482315933807,0.0658133018898723,0.0,0.0,0.0,0.0,0.0,0.0,0.0,0.0,0.0248270193557803,0.0236622926200686,0.0,0.0,GPAB7024_jpg.rf.a1ef511de11f5c302d455d82c0d37bd8.jpg,train
yellowfin_segment.v18i.coco-segmentation/train\GPAB7026_jpg.rf.074569e48485ec38a4cb5c629f52f56c.jpg,GPAB7026,0.1534040171069839,0.1117023830328216,0.0,0.0,0.1387340294167916,0.0270316463839699,0.0,0.0,0.0,0.0,0.0044159754802457,0.0044159754802457,0.0,0.0,0.0029257397887168,0.0029257397887168,0.0073282724212297,0.0073282724212297,GPAB7026_jpg.rf.074569e48485ec38a4cb5c629f52f56c.jpg,train
yellowfin_segment.v18i.coco-segmentation/train\GPAB7061_jpg.rf.017d56e7556882c1de865eb499bdbf21.jpg,GPAB7061,0.2158085968931658,0.0765378137704691,0.0,0.0,0.1752937742331335,0.1021685233799928,0.0,0.0,0.0,0.0,0.0043718061234091,0.0043718061234091,0.0034125629173284,0.0,0.0064324026401752,0.0064324026401752,0.0262980509791194,0.0262980509791194,GPAB7061_jpg.rf.017d56e7556882c1de865eb499bdbf21.jpg,train
yellowfin_segment.v18i.coco-segmentation/train\GPAB7062_jpg.rf.2c7208719da7236acf8888944147a4c5.jpg,GPAB7062,0.3752465322253866,0.2751549288201212,0.083752782189379,0.0,0.2539065875715111,0.0654858725272361,0.0,0.0,0.0,0.0,0.0,0.0,0.0053128054647096,0.0053128054647096,0.0322743569997868,0.0292929254133195,0.0,0.0,GPAB7062_jpg.rf.2c7208719da7236acf8888944147a4c5.jpg,train
yellowfin_segment.v18i.coco-segmentation/train\GPAB7065_jpg.rf.4039f0083a44753ef687177038eeddbf.jpg,GPAB7065,0.2449411683371005,0.0921132732758107,0.0,0.0,0.2280377475164338,0.1385083816155614,0.0,0.0,0.0,0.0,0.0048989577952193,0.0048989577952193,0.0,0.0,0.0120044630254473,0.009420555650509,0.0,0.0,GPAB7065_jpg.rf.4039f0083a44753ef687177038eeddbf.jpg,train
yellowfin_segment.v18i.coco-segmentation/train\GPAB7067_jpg.rf.a302de79c7c7c7514de83ec1b06bfd44.jpg,GPAB7067,0.2749964952575554,0.0465890694284677,0.0121628965880132,0.0121628965880132,0.2481837752509491,0.2015947058224814,0.0,0.0,0.0,0.0,0.0037083055674514,0.0037083055674514,0.0,0.0,0.0109415178511415,0.0109415178511415,0.0,0.0,GPAB7067_jpg.rf.a302de79c7c7c7514de83ec1b06bfd44.jpg,train
yellowfin_segment.v18i.coco-segmentation/train\GPAB7080_jpg.rf.534c4e4511da2cce23e581aeb17807ff.jpg,GPAB7080,0.3262435114254604,0.0398225160017898,0.0369975975710694,0.0369975975710694,0.2388861256368549,0.1990636096350651,0.0,0.0,0.0,0.0,0.0222719180831267,0.0222719180831267,0.0019559343451316,0.0019559343451316,0.0,0.0,0.0261319357892776,0.0261319357892776,GPAB7080_jpg.rf.534c4e4511da2cce23e581aeb17807ff.jpg,train
yellowfin_segment.v18i.coco-segmentation/train\GPAB7095_jpg.rf.da1a17f02f4eb3d1397d87151efeb1a6.jpg,GPAB7095,0.4209646971614467,0.2800778917005778,0.0,0.0,0.3874689614247882,0.1073910697242103,0.0,0.0,0.0,0.0,0.0260042287358153,0.0260042287358153,0.0,0.0,0.007491507000843,0.007491507000843,0.0,0.0,GPAB7095_jpg.rf.da1a17f02f4eb3d1397d87151efeb1a6.jpg,train
yellowfin_segment.v18i.coco-segmentation/train\GPAB7183_jpg.rf.4ec008fb929778140b3f448a821803ac.jpg,GPAB7183,0.0983776403193252,0.0945272246472692,0.0,0.0,0.0126766054120904,0.0026424797829172,0.0,0.0,0.0,0.0,0.0012079358891387,0.0012079358891387,0.0,0.0,0.0,0.0,0.084493099018096,0.0,GPAB7183_jpg.rf.4ec008fb929778140b3f448a821803ac.jpg,train
yellowfin_segment.v18i.coco-segmentation/train\GPAB7185_jpg.rf.bbdd85b10b2ce4494aa5e4f51cb88e08.jpg,GPAB7185,0.0670366010335629,0.0607472687014017,0.0,0.0,0.0607472687014017,0.0,0.0,0.0,0.0,0.0,0.0062893323321612,0.0062893323321612,0.0,0.0,0.0,0.0,0.0,0.0,GPAB7185_jpg.rf.bbdd85b10b2ce4494aa5e4f51cb88e08.jpg,train
